train_loss_step,epoch,step
6545.6650390625,0,49
5913.81201171875,0,99
