actual_mw_step_1,predicted_mw_step_1,actual_mw_step_672,predicted_mw_step_672
50299.66,51720.21,51575.65,52730.297
49367.23,51007.082,50706.2,51915.875
48738.19000000001,50336.684,49650.38,51165.14
47301.69,49716.363,49144.40000000001,50476.145
46817.35,49043.754,48207.88,49734.89
46452.56,48351.727,47768.58,48995.176
45987.85,47773.305,47481.21,48365.29
45508.45,47303.59,46973.06,47827.758
45151.51,46852.06,46589.62,47290.957
44998.54,46462.65,46115.19,46787.59
44638.85,46164.137,45784.01,46360.227
44031.32,45987.31,45776.24,46027.035
43755.49,45815.832,45119.95,45574.008
43319.34,45793.145,44842.3,45352.152
43319.77,45793.31,44629.74,45179.01
43485.49,45788.1,44549.13,45034.434
43665.11,45959.316,44951.14,45012.816
43378.51,46162.555,44952.77,45025.016
43668.76,46429.89,44840.39,45129.402
44342.17,46694.445,44964.62,45279.28
44812.22,47208.203,45357.49,45628.113
44912.76,47800.97,45705.48,46068.688
45395.98,48461.25,46071.33,46622.47
46530.16,49102.8,46420.35,47227.906
46884.01,49976.992,47571.84,48044.746
47525.06,50897.555,47978.01,48931.05
48727.23999999999,51754.46,48814.420000000006,49834.094
51833.46,52585.344,49564.37,50766.152
53743.92999999999,53666.83,51827.18,51919.633
55099.48,54979.36,53821.27999999999,53226.105
56395.55000000001,56257.258,55167.829999999994,54531.117
57841.81999999999,57407.613,56583.71000000001,55748.703
58733.24,58670.754,58363.53,57051.91
60028.939999999995,59831.926,59603.33,58260.05
60619.99,60835.707,60616.28999999999,59349.113
61799.96,61750.98,61599.509999999995,60350.223
62493.579999999994,62108.992,62401.66000000001,61029.74
63146.37,62889.715,63193.58,61895.754
63566.86000000001,63571.73,63610.94,62707.812
63298.04000000001,64134.754,64041.89,63399.6
63597.96,64885.91,63907.23,64243.34
64353.590000000004,65366.54,64325.729999999996,64863.324
64878.53,65732.74,64959.54,65372.44
64960.76999999999,66058.52,65622.58,65817.96
65210.11,66687.766,65957.79,66520.59
65573.99,67082.32,66313.59,67008.97
65887.12,67342.055,66724.81,67362.91
65954.31,67496.56,67295.13,67601.19
66365.53,67924.48,67442.71,68083.016
66425.18,68083.75,67877.07,68307.62
66072.7,68132.83,68142.79,68399.74
65668.0,68056.94,68279.08,68354.64
65659.7,68162.8,67295.31,68488.8
65690.66,67980.56,67135.44,68346.195
65581.24,67684.086,67216.18,68071.266
65876.32,67321.516,67244.51,67711.51
65642.28,67131.04,66974.9,67529.35
65237.23999999999,66808.85,66629.82,67187.76
64657.329999999994,66426.945,66313.41,66786.234
64548.45,65987.42,65979.35,66330.75
64370.22,65642.77,65964.98,66001.73
64015.23999999999,65220.57,65947.63,65569.26
63638.65,64835.53,65710.69,65162.73
64072.67,64465.914,65417.76,64772.5
63973.09,64178.785,65348.030000000006,64494.668
63321.079999999994,63965.445,64775.240000000005,64242.12
62592.67,63803.914,64428.78,64037.305
62355.619999999995,63634.566,64010.869999999995,63843.543
61874.11,63414.31,63906.55,63644.37
61645.16,63235.008,63368.85,63478.02
61570.98999999999,63081.457,63147.149999999994,63338.85
61844.67,62986.28,62920.21,63252.26
61524.51,62855.203,62914.89000000001,63138.75
61298.47,62786.867,62655.17,63081.805
61417.67999999999,62704.695,62603.81999999999,63021.883
61408.12,62615.0,62692.36000000001,62959.246
61199.86,62434.156,62590.049999999996,62807.293
60824.65,62257.12,62227.48,62675.496
60846.87,62064.945,62407.079999999994,62531.758
60411.83,61840.715,62405.04,62365.05
59818.64,61465.6,62292.49999999999,62051.453
59638.73,61049.58,61863.98,61717.42
59351.53999999999,60587.242,61405.01,61340.48
58942.479999999996,60139.297,61289.31,60961.875
58113.369999999995,59492.992,60572.39000000001,60384.26
57388.420000000006,58825.45,59941.98999999999,59780.805
56594.84999999999,58101.203,59212.38,59114.16
56075.20999999999,57358.49,58366.0,58416.605
55899.89000000001,56400.703,57986.16000000001,57501.46
55795.13,55528.49,57629.56,56646.1
55662.939999999995,54795.348,57369.95,55892.38
55073.9,54191.684,57215.740000000005,55246.676
54398.45,53499.31,56668.6,54495.38
53328.09,52877.555,55993.27999999999,53814.855
52051.25,52294.4,54781.46000000001,53178.266
50972.80999999999,51702.273,53838.94,52553.04
49849.24,50899.293,52743.95,51705.06
49149.86,50170.32,52019.45,50875.61
48398.18,49427.98,51128.05,50065.957
47470.47,48762.16,50874.11000000001,49333.938
47060.99,48029.83,49720.71,48558.133
46432.64,47323.31,49235.33,47817.918
45868.42,46697.156,48863.84,47174.15
45333.24,46103.715,48460.00000000001,46578.66
45045.2,45539.47,47992.82,46018.61
45080.15,45018.64,47715.18,45489.92
44640.91,44594.066,47383.46,45048.824
44081.52,44318.42,47108.95,44719.793
44193.96,43826.297,46839.93,44103.25
44047.04,43800.207,46616.31,43973.746
43969.7,43906.387,46449.61,43931.707
44242.64,44065.434,46279.43,43972.887
44135.58,44382.727,46348.37,44138.215
44170.83,44763.324,46223.19,44382.23
44583.39,45104.53,46046.01,44639.414
44707.41,45493.71,45972.71,44982.664
44765.36,46131.15,46336.38,45515.7
45174.6,46741.613,46549.77,46088.33
45601.34,47297.418,46864.91,46675.777
46819.05,47884.99,47379.81,47326.7
47211.12,48697.832,48571.61000000001,48170.625
47827.32,49579.152,49099.05999999999,49083.355
49241.08,50368.867,49239.83000000001,49973.395
51966.01,51129.82,50132.73,50883.22
53577.2,52236.01,52247.36,52059.098
55136.19000000001,53537.23,53914.55999999999,53356.125
56673.47,54788.85,55291.63,54637.33
58203.06,55981.473,56637.51,55883.92
59350.14,57342.188,58229.03,57252.05
60383.62,58582.96,59436.99,58525.465
61352.57000000001,59693.926,60849.17,59699.426
62187.31999999999,60651.965,61887.670000000006,60751.375
62826.4,61243.043,62636.52,61591.992
63377.63,61966.57,63134.74,62431.984
63634.45,62614.812,63740.219999999994,63224.047
63329.93,63143.363,64390.54,63889.86
63647.5,63817.117,64217.57000000001,64664.46
64142.74999999999,64226.86,64605.13,65218.17
64538.01,64539.43,65202.91,65663.13
64386.59999999999,64793.727,65920.8,66024.164
64843.27,65347.01,66404.97,66629.4
65177.25,65644.15,66687.23,66992.21
65975.47,65864.51,67269.31,67253.46
66397.72,66009.3,67565.32,67409.945
66997.01,66514.984,67833.37,67868.016
67534.52,66793.88,67998.35,68076.16
67798.84,66989.8,68609.14,68170.92
67081.91,67112.06,68907.02,68171.99
66488.06,67442.03,67763.85,68376.42
66421.55,67390.55,67367.89,68226.27
66280.57,67143.0,67626.85,67903.51
66426.05,66833.65,67794.32,67512.5
66413.64,66686.07,67560.85,67295.734
66134.74,66408.07,67255.86,66924.34
65634.91,66087.914,67071.27,66510.85
65477.23,65727.82,66545.41,66070.305
65789.75,65428.53,66183.09,65738.516
65517.09,65068.26,66174.49,65327.188
65009.8,64791.645,65960.22,64974.93
65143.49,64530.336,65709.67,64646.297
64535.15,64275.105,65761.55,64368.066
64308.74,64073.203,65358.67,64110.695
63768.02,63856.902,64752.07,63862.016
63508.20999999999,63683.004,64339.76,63659.766
62892.99,63454.723,64211.82,63437.58
62501.79,63261.188,63851.3,63244.71
62484.530000000006,63070.42,63358.18,63069.96
62859.549999999996,62910.41,63414.29,62926.656
63007.46,62697.273,63661.89,62732.984
62864.12000000001,62590.914,63021.43,62630.44
62719.47,62531.883,63366.2,62573.098
62480.44,62470.055,63246.95999999999,62521.336
61997.94,62250.543,63339.03,62324.113
62310.71000000001,62047.363,62964.08,62168.082
62553.71,61800.68,63037.19,61984.97
62298.340000000004,61625.84,63063.28999999999,61853.93
61631.73,61307.7,62620.94,61575.742
61303.7,61003.676,62339.42,61326.973
61011.19,60631.062,62167.28,61018.96
60116.23000000001,60264.36,61938.2,60705.684
59194.01,59703.547,61475.93,60192.793
58375.26,59101.13,60795.51,59648.145
57942.27,58442.0,60282.37000000001,59037.883
57411.91999999999,57759.457,59782.32,58390.266
56724.48,56889.53,59070.98,57545.727
56832.18,56100.387,58884.8,56760.914
56409.02,55349.85,58715.45,55997.87
55507.53,54756.93,58267.4,55352.023
54596.84,54007.844,57450.06999999999,54561.01
53508.39,53279.977,56457.899999999994,53800.723
52387.21,52567.348,55406.45,53065.375
51234.58000000001,51858.97,54969.55,52349.375
50327.78,51070.06,53993.71000000001,51612.332
49462.68,50315.613,53174.42,50782.9
48647.55,49584.55,52162.479999999996,50017.812
47945.22,48898.445,51332.06,49307.625
47336.45,48182.844,50281.26000000001,48602.195
47008.64,47511.848,49598.27999999999,47935.16
46496.74,46908.84,49259.21000000001,47353.285
45878.63,46416.703,48639.78,46868.344
45508.96,45992.66,48046.18,46452.12
45114.43,45571.258,47705.26,46026.44
45097.08,45270.312,47396.33,45704.2
44574.41,45045.24,47114.65,45447.83
44468.47,44664.746,46981.32,44913.1
44402.54,44660.13,46712.43,44744.77
44307.47,44755.637,46545.56,44641.17
44688.22,44950.664,46391.04,44644.5
44478.06,45330.023,46659.69,44789.566
44493.75,45725.41,46497.36,44971.516
44492.46,46092.49,46446.74,45181.363
44849.71,46490.97,46634.49,45467.42
45180.88,47019.676,47016.38,45864.94
45613.87,47530.18,47282.12,46309.44
45996.78,48047.99,47450.94,46805.61
46961.83,48574.35,48073.26,47358.887
47451.97,49277.562,48954.16,48064.516
48271.06,49996.723,49611.69999999999,48822.85
49435.87,50653.945,49885.34,49578.38
52247.66,51316.81,50974.29,50369.63
53915.44000000001,52202.504,53291.09,51336.38
55546.6,53280.746,55035.01000000001,52429.945
56864.26,54361.098,56322.94999999999,53536.496
58509.17,55436.562,57545.04000000001,54647.746
59443.03,56629.457,59465.05,55855.02
59940.62,57784.93,60507.79,57023.406
61425.15,58811.812,61566.69,58096.25
62606.16,59682.188,62545.7,59048.617
63031.99,60512.582,63432.83,60091.113
63180.51999999999,61250.63,63976.42,60922.61
63367.12000000001,61903.69,64194.03,61682.824
63149.87,62389.344,64708.03,62292.32
63642.49999999999,63030.812,64685.56,63038.945
64611.6,63420.434,65198.27999999999,63545.188
64967.32,63739.812,65876.18,63959.17
65194.29,64068.168,66463.37,64336.875
65467.58,64662.074,66628.86,64968.57
65949.53,65031.26,66712.86,65365.363
66471.92,65297.38,67094.06,65649.88
66259.33,65494.25,67646.12,65844.71
66659.12,65995.4,67565.04,66336.734
67027.79,66169.664,67805.35,66517.54
67286.65,66262.55,67972.67,66597.79
66732.86,66297.19,67986.53,66606.42
66442.52,66577.45,67343.01,66883.57
66073.7,66482.09,66855.89,66824.63
65859.23,66234.0,66824.26,66619.65
65612.88,65894.29,66657.95,66329.49
65261.89,65743.29,65917.68,66252.234
64752.46,65388.81,65644.08,65965.07
64232.76,64980.016,65436.259999999995,65613.99
64187.41000000001,64557.227,64841.229999999996,65243.785
63890.71,64246.164,64467.98,65018.086
63481.75,63845.26,64440.42,64660.434
62770.21,63467.0,64212.649999999994,64295.344
62384.13,63121.258,63973.28999999999,63938.434
62141.37999999999,62794.875,63528.48999999999,63637.258
61883.07,62405.855,63199.72,63242.215
61468.079999999994,62082.56,63010.01,62871.195
61670.05,61836.91,62266.58000000001,62552.67
61258.850000000006,61564.324,62349.29,62237.465
60556.92999999999,61358.22,62580.31,61951.242
60026.64000000001,61182.355,62302.74,61704.996
59757.87,61007.74,62177.909999999996,61484.85
59793.75,60729.02,62631.880000000005,61188.715
60066.27,60510.28,62649.18000000001,60950.426
60045.82,60367.44,62579.159999999996,60783.27
60101.810000000005,60313.906,62315.9,60691.652
59623.659999999996,60112.29,62707.33,60462.754
59612.09999999999,60003.516,62043.24,60322.406
59393.1,59855.715,61898.26,60163.953
58923.67,59736.49,61432.89000000001,60029.402
58262.58,59432.06,61185.41999999999,59712.49
57599.07,59181.016,60868.13999999999,59450.52
57114.71,58876.504,60762.16,59142.76
56352.02,58541.953,60338.200000000004,58806.18
55305.329999999994,58022.395,59437.229999999996,58280.355
54547.57,57522.844,58600.73,57764.156
54062.97,56957.734,57636.80000000001,57177.418
53500.74,56352.8,56938.27,56550.082
53131.03999999999,55550.16,56206.22,55743.297
52809.67,54828.676,55976.09999999999,54984.63
52692.51000000001,54148.508,56061.54,54249.797
52312.18,53511.594,55269.59999999999,53553.793
51740.23000000001,52728.16,54951.98,52761.79
50750.60999999999,52052.742,54572.02999999999,52034.848
49971.689999999995,51388.87,53241.97,51335.02
49299.01,50695.02,52043.82,50635.047
48422.81,49588.8,51096.25,49683.53
47442.91,48852.633,50218.53,48919.47
46841.19,48135.29,49051.270000000004,48198.95
46241.89,47408.34,48346.55000000001,47498.23
45780.39,46598.89,47686.0,46806.36
45024.38,45860.91,46669.28,46120.87
44645.99,45200.027,46113.6,45519.52
44117.76,44576.934,45664.18,44956.656
43299.93,43988.773,44479.92,44468.746
43009.38,43465.836,43964.69,43965.438
42480.21,42998.484,43475.67,43519.57
41639.38,42685.33,42797.31,43182.957
41006.39,42134.3,42688.91,43068.11
40739.37,41408.035,42194.85,42331.715
40688.16,40983.043,42206.52,41868.86
40028.53,40720.39,42083.33,41524.617
39881.32,40664.113,41677.29,41326.47
39752.85,40553.4,41482.39,41079.9
39757.94,40527.43,41102.58,40914.39
39359.5,40574.402,41171.48,40829.098
39341.62,40795.492,40934.84,40870.406
39407.5,40980.58,40695.3,40928.086
39402.27,41206.58,40486.08,41060.57
39804.18,41500.633,40674.65,41278.805
39420.76,41969.805,40976.35,41635.96
39120.46,42478.434,40903.53,42070.484
39356.96,42904.457,40601.5,42507.098
40516.73,43284.125,40745.05,42957.82
41113.86,43892.824,41679.81,43578.24
42010.27,44558.812,42144.37,44253.844
42773.2,45222.74,43077.9,44958.0
43590.3,45918.926,43704.74,45699.016
44387.82,46813.066,44789.03,46571.727
45689.74,47620.29,45865.81,47404.043
46633.13,48363.996,46299.26,48203.47
47830.87,49152.15,47233.22,49020.867
48921.13,50152.066,47963.72,50099.066
49820.97,50741.28,48742.76,50732.113
50739.65,51337.984,49512.99,51391.33
51260.14000000001,51887.3,50419.33000000001,51992.16
51854.76,52524.535,51342.02,52623.02
52736.770000000004,53036.55,51883.45,53174.332
53087.829999999994,53480.016,52452.69000000001,53666.97
53653.990000000005,53893.957,52953.97,54118.37
54059.16,54424.46,52963.35,54659.19
54283.840000000004,54844.14,53149.62,55129.812
54872.21000000001,55161.69,53851.46,55505.19
54781.63,55378.777,54223.34999999999,55785.367
55117.19999999999,55774.63,54885.61000000001,56203.56
55461.850000000006,55974.62,55269.63,56477.902
55849.99,56117.605,55468.86,56671.848
55562.82,56209.984,55415.58,56794.305
55469.32,56454.086,54981.280000000006,57047.78
55619.509999999995,56492.977,54635.18,57139.258
55208.07,56441.21,54538.61,57125.285
54584.75,56360.74,54139.5,57060.176
53801.32000000001,56334.566,53340.22,57052.258
52894.079999999994,56146.07,52965.29,56909.945
52473.34999999999,55850.066,52755.37,56664.035
51763.71,55486.59,52444.07,56353.816
51178.61,55179.35,52150.780000000006,56083.953
50882.25000000001,54815.105,52001.51999999999,55757.703
50727.24999999999,54425.645,51846.96,55373.848
51010.80000000001,54070.65,51733.01000000001,54993.36
51028.57000000001,53733.75,51437.65,54614.04
50964.880000000005,53448.74,51443.78,54240.69
50824.30999999999,53221.49,51011.46,53903.59
51045.4,53029.785,50755.23,53603.062
50824.76,52807.555,50623.46,53291.902
50416.66,52675.395,50728.32,53052.117
50142.990000000005,52586.543,50540.94999999999,52871.41
49845.18000000001,52489.477,50480.49,52716.004
49871.71,52323.023,50750.88,52519.848
50144.33,52196.613,50834.25000000001,52384.426
50491.66,52135.66,51167.45,52313.492
51822.32,52118.617,50829.100000000006,52286.184
52020.56,52034.35,51309.11,52204.52
51560.46000000001,52106.37,51015.81,52243.46
51237.16,52172.62,51287.409999999996,52283.016
51236.83,52158.74,51272.24,52271.434
50739.62999999999,52008.36,51273.34999999999,52150.457
50493.51,51883.477,50938.67,52040.125
50569.68000000001,51694.395,50863.53,51870.2
49894.18,51484.875,50469.81,51676.707
48573.08,51205.164,49626.91999999999,51409.805
47739.64,50875.684,48903.86,51080.984
47991.950000000004,50401.87,48629.26999999999,50628.055
47487.26,49878.375,47837.21,50131.91
47352.49,49341.477,47099.66,49625.566
47991.65,48797.656,47243.24,49073.152
48039.9,48262.426,46869.39,48523.14
47657.78,47838.88,47090.24,48056.81
46789.64,47384.01,46850.59,47607.67
46387.24,46915.055,46341.34,47115.652
45920.04,46382.9,45435.51,46579.613
44504.37,45869.055,45016.72,46080.38
43849.58,44905.266,43963.1,45346.133
43279.2,44166.848,43126.38,44650.938
42721.17,43469.355,42477.4,44004.734
41512.2,42803.71,41873.46,43392.023
40937.97,42114.688,41160.08,42828.33
40320.04,41332.15,40295.18,42149.68
39519.77,40560.82,40067.43,41500.082
39027.44,39816.16,39651.09,40879.234
38505.45,39053.52,39080.45,40299.836
37797.68,38265.816,38904.52,39643.64
37484.89,37524.105,38726.19,39025.4
37091.86,36809.082,38272.15,38427.625
37210.64,36505.406,37856.79,38441.598
36747.66,36085.61,37833.2,38071.406
36897.15,35709.24,37773.58,37716.984
36551.82,35363.625,37708.92,37371.43
36600.23,35190.89,37673.7,37146.62
36319.65,35003.957,37614.82,36886.074
36408.57,34908.71,37307.23,36701.47
36119.42,34877.152,37263.48,36586.062
36057.08,35063.12,37339.21,36627.33
36332.38,35226.99,37464.86,36688.203
36215.93,35452.574,37509.93,36839.184
36444.27,35788.49,36232.22,37092.63
36176.8,36339.863,37170.67,37524.84
36159.65,36856.008,37149.03,37973.445
36034.32,37322.117,37040.04,38439.516
36382.78,37800.363,37150.47,38957.5
36415.4,38507.473,37047.54,39666.84
36939.56,39157.383,37020.94,40360.105
37312.22,39780.83,37225.85,41066.11
38011.76,40433.055,37969.92,41797.85
38497.48,41288.465,38954.69,42653.664
38777.04,42086.844,39139.37,43484.9
39537.02,42863.367,39636.49,44309.04
40235.27,43553.008,40174.31,45062.13
41442.98,44613.71,41170.51,46094.906
42189.78,45075.645,41402.6,46539.16
43041.76,45658.395,42095.74,47109.19
43579.14,46194.04,42843.4,47623.86
44042.05,46844.09,43755.75,48193.008
44540.35,47385.97,44275.16,48700.145
45035.15,47825.383,44946.35,49124.945
45620.17,48161.79,45793.38,49455.363
46511.83,48564.246,46373.16,49796.49
47180.03,48919.617,46403.77,50126.598
47823.92,49244.24,46890.9,50408.613
48393.78999999999,49491.953,47445.91,50613.574
49000.05,49807.312,47944.48,50845.523
49742.979999999996,50090.035,48177.55000000001,51056.938
49809.87000000001,50302.54,48437.72,51190.31
50104.79,50478.434,49054.16,51271.445
49550.950000000004,50627.344,49105.78,51342.87
49260.47000000001,50781.082,48930.719999999994,51415.453
49032.54,50767.082,48444.18,51351.73
48514.96,50676.67,48163.41,51229.234
48080.39,50562.91,47989.54000000001,51091.21
47533.83,50477.156,47529.64,50985.363
47369.36,50335.86,47151.12,50830.445
46750.95,50160.637,46638.42,50650.06
46709.59,49950.434,46321.03,50438.887
46407.83,49821.293,46413.51,50291.53
45807.49,49707.41,46070.85,50129.062
45595.28,49568.527,46140.35,49929.656
45633.19,49303.207,46408.34,49616.086
45262.44,49175.51,46083.4,49408.953
45016.48,49086.53,45787.13,49235.723
45115.86,48998.61,45636.93,49086.39
44962.2,48826.12,45828.28,48871.773
45206.81,48825.812,45755.14,48815.062
45369.58,48844.14,45607.66,48799.77
45705.17,48923.14,45950.11,48848.21
45842.04,48924.47,46538.89,48838.75
45750.13,49056.684,46952.64,48952.016
45831.91,49201.574,47192.48,49087.14
46615.61,49323.645,47495.41,49223.383
47125.93,49380.215,48451.36,49310.035
47026.41,49546.72,48490.7,49487.246
46934.66,49702.76,48546.39,49650.402
47719.27,49797.855,48637.7,49777.926
47700.24,49790.535,49293.26999999999,49827.492
47697.85,49837.383,49231.36000000001,49909.74
47459.55,49826.285,49044.3,49938.676
47697.06,49789.133,48738.03,49939.21
47498.83,49641.855,48722.43,49850.656
47258.72,49449.926,48416.96,49706.72
46623.3,49199.098,48048.780000000006,49496.64
46519.17,48938.62,47597.04,49263.055
46551.25,48575.625,47898.38,48949.18
47190.19,48158.902,48049.28,48560.816
47643.16,47792.863,48383.590000000004,48200.895
47826.3,47534.83,48370.68,47925.188
47325.68,47317.305,48097.68,47693.99
46624.92,46982.96,47541.8,47329.76
45609.2,46602.383,46705.83,46929.754
44997.77,46188.113,46172.5,46508.652
44477.54,45578.355,45013.55,45988.914
43597.07,44983.348,44331.19,45388.87
42950.47,44441.566,43776.91,44835.527
42244.1,43879.27,43373.75,44273.52
41891.96,43354.027,41866.89,43779.605
41664.76,42689.65,41406.58,43132.13
41107.26,42100.42,40888.75,42561.133
40520.22,41571.336,40680.98,42037.035
40176.68,41122.312,40415.51,41607.953
39786.61,40523.156,40228.85,41019.305
39157.3,39978.125,40104.92,40474.723
38711.19,39497.375,39938.16,39978.11
38793.28,40289.758,39774.1,40574.797
38652.81,40672.04,39743.49,40753.977
38508.72,40933.016,39611.02,40829.574
38968.59,41152.67,39741.08,40886.85
39013.73,41459.355,39527.43,41008.758
39039.26,41773.715,39513.43,41125.348
38910.25,42092.52,39667.14,41280.99
39870.51,42442.168,39873.85,41501.652
40200.01,42941.094,40424.3,41852.035
40710.66,43536.062,40555.26,42291.24
41214.79,44157.367,40894.51,42810.32
42657.33,44798.87,41379.96,43393.133
43540.95,45689.492,42752.18,44193.723
44255.84,46637.793,43714.86,45059.875
45617.8,47587.875,44164.43,45992.465
48794.64,48479.266,45674.92,46948.64
51216.7,49676.38,49634.76,48172.38
52912.44,51093.938,51733.78,49538.297
54305.79,52568.492,53458.03,50964.477
56234.57000000001,53930.164,55105.35,52331.984
57470.43,55407.664,57197.11,53809.785
58630.00000000001,56795.62,58403.02,55197.63
59729.23,58000.316,59484.549999999996,56455.863
60714.02999999999,59048.816,60564.92,57582.004
61477.17,59507.863,61513.84,58506.258
62047.61,60309.97,62178.80000000001,59460.598
62202.55,61057.266,62623.11,60371.824
61817.32000000001,61673.02,62941.51,61172.08
62247.3,62406.02,62801.469999999994,62098.156
62960.84,62907.28,62907.450000000004,62834.14
63830.280000000006,63340.9,63595.87999999999,63504.734
64277.42,63750.793,64752.82,64130.188
64218.88,64504.8,64979.84,65070.02
64327.61,65063.87,65040.05,65779.0
64696.73000000001,65403.504,65115.17,66275.65
64939.549999999996,65593.29,65384.79000000001,66607.63
65504.4,66058.766,65177.34,67209.07
65946.9,66286.41,65632.94,67513.24
65766.76,66427.41,65662.53,67681.27
65511.310000000005,66486.58,65822.92,67741.44
65312.55,66661.77,65803.1,67954.97
65412.07000000001,66573.54,65537.41,67869.4
65907.14,66375.164,65401.44,67652.57
65914.07,66137.84,65558.5,67372.55
65517.88,66121.8,65376.91999999999,67342.44
64919.73,65949.13,65237.62,67104.81
64493.79,65683.59,64837.36,66781.45
64488.100000000006,65343.21,64360.6,66393.664
63838.979999999996,65080.184,63944.7,66150.52
63649.58000000001,64792.527,63927.78,65810.02
63290.54,64459.645,63601.350000000006,65427.812
63407.08,64172.84,63279.78,65074.297
63091.57000000001,63878.414,63247.36,64754.246
62999.89,63614.71,62979.74999999999,64384.42
62746.75,63365.55,62272.47,64026.12
62806.619999999995,63160.402,61844.39,63709.145
62565.16000000001,62912.594,61624.17,63389.49
62261.13,62734.91,61401.6,63116.125
62009.29,62603.234,61033.75,62910.457
61887.07,62497.37,60988.07,62765.004
62128.38,62305.72,60923.61,62569.832
62098.02,62185.48,60831.16,62456.754
62280.09,62144.18,60969.35,62426.895
62135.6,62118.71,61212.52,62431.836
62161.39,61976.074,60869.0,62313.668
61889.41,61847.105,60539.19999999999,62237.63
61753.22,61739.707,60695.810000000005,62185.73
61446.93,61605.387,60465.08,62114.656
60876.27999999999,61303.316,59933.73,61854.926
60734.81,60993.195,59531.530000000006,61607.6
60384.7,60632.094,59291.53,61316.61
59679.06,60277.695,59251.50000000001,61027.074
58674.42,59741.367,58481.82,60529.215
57907.70999999999,59160.79,57707.87999999999,60010.293
57381.26,58521.508,56829.46,59435.766
56644.47,57870.99,56277.04,58844.234
56639.04000000001,57079.805,56059.15000000001,58076.973
56386.32,56307.594,55809.87,57340.797
55828.740000000005,55671.54,55692.32,56701.555
55500.09,55118.055,55334.26,56128.65
54831.409999999996,54419.992,54602.73999999999,55390.656
53531.479999999996,53772.094,53746.85,54721.97
52753.51,53137.164,52696.13,54071.867
51388.53,52452.223,51719.50000000001,53396.52
50596.149999999994,51827.316,50335.25000000001,52744.035
49607.95,51004.547,49241.229999999996,51916.73
48729.2,50301.375,48606.18,51211.047
47882.56,49638.06,47924.27,50543.324
47080.27,48940.176,46736.64,49816.836
46596.69,48272.207,46253.35,49141.21
46151.51,47664.426,45716.46,48534.9
45519.59,47144.71,45320.16,48009.992
45350.13,46670.87,44893.21,47494.844
45046.66,46192.06,44513.63,46975.77
44825.48,45855.723,44464.35,46561.39
44415.66,45617.227,44211.4,46216.26
43955.44,45608.902,43926.15,46063.895
43699.04,45556.582,43735.92,45871.742
43581.02,45479.23,43655.08,45681.88
43943.18,45444.21,43710.19,45536.85
43732.84,45568.504,43627.01,45489.156
43555.83,45746.21,43589.19,45489.09
43848.21,45934.03,43778.43,45540.234
44147.39,46134.723,43905.66,45641.758
44092.71,46585.312,44451.28,45920.41
44403.84,47045.062,44933.0,46250.445
45037.56,47492.363,45244.73,46632.805
46055.77,47975.934,45841.05,47086.97
46489.77,48723.73,46745.4,47748.383
47304.03,49527.105,47086.3,48494.465
48569.8,50278.418,47831.37,49272.168
51065.56,51044.746,49080.81999999999,50101.965
52661.29,52095.336,51439.37,51170.76
54291.84,53309.66,53005.89,52367.2
55935.47,54497.133,54522.9,53583.69
57524.189999999995,55656.277,55826.27,54796.242
58616.59,56990.926,57438.54,56146.043
59556.69,58265.71,58686.69,57455.06
60576.15,59394.594,59903.76,58669.637
61428.93,60384.49,60651.17,59768.19
62112.75,60893.445,61332.46,60675.188
62608.79,61733.824,61945.38,61678.516
63176.87,62476.324,62409.28,62613.684
62990.92,63093.3,62741.27,63439.453
63582.54000000001,63920.293,63074.48000000001,64445.363
64312.52,64506.51,63433.0,65257.633
64969.340000000004,65002.957,64128.81,65966.086
65217.38,65429.39,64678.81,66572.67
65494.34,66186.22,65019.71,67462.84
65877.28,66667.26,65715.51,68097.11
66215.79,66981.65,66377.67,68554.875
66631.28,67169.81,66735.17,68859.055
67134.59,67669.625,67285.86,69439.445
67379.59,67881.695,67641.48,69712.586
67554.96,67993.195,67644.83,69849.04
67004.49,68007.61,67903.19,69871.305
66537.04,68302.39,67253.4,70160.12
66485.59,68195.5,66844.79,70064.26
66466.43,67918.22,66960.33,69792.6
66372.12,67563.97,66996.31,69411.09
66207.18,67463.84,66723.36,69278.42
65809.15,67137.89,66643.47,68909.34
65456.77999999999,66771.49,66717.87,68492.836
65382.78,66355.02,66485.46,68027.34
65117.92,66093.2,65766.18,67742.5
64830.29,65707.51,65970.85,67312.43
64758.47,65326.418,65280.74,66875.25
64736.17999999999,64967.75,65323.399999999994,66450.89
64348.530000000006,64739.453,65304.25000000001,66169.09
63584.94000000001,64445.832,64995.79000000001,65785.07
63313.990000000005,64162.4,64365.36000000001,65406.22
62948.579999999994,63875.31,64006.27,65037.332
62662.43,63636.668,64313.119999999995,64735.402
62560.48000000001,63394.207,63795.69999999999,64422.12
62246.200000000004,63212.363,63647.32,64176.957
62281.44,63119.617,63164.44000000001,64027.465
62065.84,62993.797,62896.69999999999,63874.836
62193.11,62920.46,62654.51,63777.03
62135.27,62875.195,62967.68,63720.875
61696.52,62877.57,62939.52,63714.527
61419.29,62777.008,62935.16000000001,63618.0
61298.58,62644.836,62698.78,63519.2
61471.7,62490.215,62503.7,63406.906
61611.72,62325.543,62440.84,63286.965
61207.9,62029.742,61924.2,63030.242
60861.71000000001,61747.074,61377.94,62793.48
60711.24,61394.926,60768.28,62491.85
59917.71,61008.35,60256.09,62155.96
59067.719999999994,60467.355,59698.95999999999,61653.336
58295.38,59829.156,58772.659999999996,61070.77
57780.159999999996,59129.934,58062.02,60422.547
57419.62,58407.746,57652.409999999996,59740.395
57239.55000000001,57501.4,57442.8,58852.934
56957.350000000006,56673.41,57370.71,58023.668
56731.03,55945.355,57112.630000000005,57267.27
55879.19,55299.17,56696.46000000001,56579.91
55000.189999999995,54525.625,55981.2,55746.473
53673.81999999999,53803.203,54841.45,54972.89
52786.380000000005,53115.74,53736.55,54248.746
51575.65,52431.223,52698.93000000001,53541.91
50706.2,51629.203,51818.6,52648.707
49650.38,50857.84,50862.53,51779.67
49144.40000000001,50175.926,49890.06,51013.6
48207.88,49535.863,48882.69000000001,50304.51
47768.58,48883.43,48068.91,49569.816
47481.21,48270.43,47561.73,48886.402
46973.06,47750.605,46932.46,48300.55
46589.62,47326.65,46425.27,47799.35
46115.19,46915.793,46103.13,47294.207
45784.01,46579.855,45900.34,46829.31
45776.24,46314.645,45773.85,46428.473
45119.95,46141.953,45355.25,46098.67
44842.3,46044.945,44790.21,45673.71
44629.74,46060.836,44582.01,45459.008
44549.13,46093.9,44476.64,45287.535
44951.14,46146.887,44264.7,45159.105
44952.77,46354.07,44037.0,45138.55
44840.39,46619.844,43970.92,45164.293
44964.62,46910.81,44126.8,45253.684
45357.49,47226.95,44318.61,45410.008
45705.48,47737.96,44483.41,45720.848
46071.33,48285.457,44819.05,46099.84
46420.35,48878.074,45197.44,46575.37
47571.84,49503.543,45858.67,47133.613
47978.01,50317.484,46955.85,47870.707
48814.420000000006,51200.418,47484.89,48695.793
49564.37,52024.695,48300.61,49543.246
51827.18,52856.44,49495.31,50443.09
53821.27999999999,53853.62,52346.13,51516.766
55167.829999999994,54973.574,54176.85,52675.848
56583.71000000001,56130.594,55607.36000000001,53881.453
58363.53,57194.484,56955.64000000001,55028.06
59603.33,58388.383,58528.57,56269.016
60616.28999999999,59555.223,59395.14,57477.918
61599.509999999995,60599.25,60632.69999999999,58600.824
62401.66000000001,61508.75,61629.83,59609.1
63193.58,61850.0,62473.94,60295.32
63610.94,62607.99,62844.66999999999,61159.25
64041.89,63284.363,63315.04,61986.35
63907.23,63816.582,63641.33000000001,62682.81
64325.729999999996,64491.742,63390.14,63481.906
64959.54,64967.242,63837.36,64117.17
65622.58,65353.527,64178.51,64664.61
65957.79,65673.05,64456.79,65129.76
66313.59,66275.586,64966.31,65821.51
66724.81,66710.22,65335.55999999999,66358.6
67295.13,67028.08,65624.42,66780.1
67442.71,67252.59,66090.4,67099.3
67877.07,67775.78,66977.48,67678.08
68142.79,68022.66,67890.89,67992.79
68279.08,68156.1,67962.66,68177.49
67295.31,68176.99,68023.84,68236.06
67135.44,68423.18,66861.5,68514.1
67216.18,68259.8,66290.65,68423.65
67244.51,67968.06,65906.23,68189.984
66974.9,67619.83,65841.37,67871.81
66629.82,67452.81,65657.58,67731.94
66313.41,67070.64,64981.25000000001,67364.48
65979.35,66618.15,64197.23,66924.05
65964.98,66144.72,63993.98,66453.47
65947.63,65788.08,63230.09,66121.23
65710.69,65370.06,63192.18000000001,65694.695
65417.76,65001.465,63488.600000000006,65299.367
65348.030000000006,64660.28,63481.67,64925.156
64775.240000000005,64382.02,63589.14,64649.17
64428.78,64112.562,63614.7,64353.68
64010.869999999995,63857.824,63003.98,64082.465
63906.55,63655.977,62752.05000000001,63858.086
63368.85,63455.176,62780.53,63663.754
63147.149999999994,63301.93,62791.93,63497.777
62920.21,63170.887,62405.73,63363.23
62914.89000000001,63094.24,61904.0,63279.81
62655.17,62944.17,61520.17,63143.13
62603.81999999999,62853.086,61478.50000000001,63063.94
62692.36000000001,62769.875,61354.83,62994.637
62590.049999999996,62708.273,61494.04,62945.785
62227.48,62532.684,60922.659999999996,62793.176
62407.079999999994,62362.66,60887.51999999999,62664.38
62405.04,62154.58,61014.86,62502.93
62292.49999999999,61972.652,61045.399999999994,62358.69
61863.98,61637.734,60770.31,62070.926
61405.01,61288.09,60008.87000000001,61781.023
61289.31,60885.94,59303.06999999999,61440.984
60572.39000000001,60452.277,59034.75,61067.176
59941.98999999999,59859.78,58327.87999999999,60535.562
59212.38,59168.688,57468.50000000001,59914.516
58366.0,58446.555,56901.27,59244.23
57986.16000000001,57702.992,56348.22,58536.49
57629.56,56741.527,55597.84,57614.7
57369.95,55872.105,55487.170000000006,56755.0
57215.740000000005,55099.88,55208.12,55962.34
56668.6,54447.06,54705.91,55267.227
55993.27999999999,53703.82,53810.13,54467.574
54781.46000000001,53044.777,52774.920000000006,53748.273
53838.94,52422.668,51439.119999999995,53071.695
52743.95,51796.46,50577.83999999999,52408.297
52019.45,51059.105,49855.95,51594.11
51128.05,50355.055,48821.24,50767.277
50874.11000000001,49696.344,47975.37,50007.746
49720.71,49076.88,46939.5,49299.82
49235.33,48481.12,45976.18,48612.113
48863.84,47846.254,45573.8,47915.414
48460.00000000001,47277.37,44960.83,47302.938
47992.82,46778.586,44668.44,46763.457
47715.18,46327.516,44122.03,46265.723
47383.46,45913.47,43827.77,45796.08
47108.95,45580.164,43805.58,45404.71
46839.93,45339.715,43668.27,45091.023
46616.31,44913.953,42873.14,44494.68
46449.61,44987.75,42690.41,44402.223
46279.43,45122.61,42701.69,44355.52
46348.37,45305.72,42878.15,44393.312
46223.19,45630.176,42812.87,44541.816
46046.01,45973.58,42766.25,44739.38
45972.71,46287.527,42759.48,44961.793
46336.38,46600.125,42921.77,45237.44
46549.77,47067.992,43450.06,45635.273
46864.91,47598.6,43719.57,46127.066
47379.81,48118.82,43966.48,46663.543
48571.61000000001,48640.03,44425.7,47242.688
49099.05999999999,49400.46,45331.02,48025.87
49239.83000000001,50237.13,45906.35,48886.9
50132.73,51014.336,46659.16,49751.6
52247.36,51660.332,47822.86,50570.9
53914.55999999999,52572.086,50720.119999999995,51610.633
55291.63,53646.8,52317.67,52755.082
56637.51,54743.668,53527.77,53928.293
58229.03,55804.266,55023.83,55087.85
59436.99,57042.56,56279.1,56374.984
60849.17,58234.6,57461.39000000001,57622.676
61887.670000000006,59322.81,58523.41,58793.43
62636.52,60343.074,59415.28,59902.16
63134.74,60987.65,59844.020000000004,60817.44
63740.219999999994,61732.168,60389.979999999996,61697.18
64390.54,62383.785,61080.05,62520.504
64217.57000000001,62929.09,61514.67,63230.957
64605.13,63650.832,61142.17,64056.79
65202.91,64142.258,61478.26000000001,64691.074
65920.8,64527.625,62119.78,65216.15
66404.97,64857.027,62694.09,65658.72
66687.23,65463.992,62714.57,66315.555
67269.31,65919.97,63042.28,66810.49
67565.32,66245.914,63624.2,67170.57
67833.37,66509.56,63913.810000000005,67441.586
67998.35,67017.23,64231.53,67933.7
68609.14,67293.2,64676.240000000005,68178.266
68907.02,67431.84,65437.89,68273.52
67763.85,67527.555,65850.42,68290.97
67367.89,67838.34,65471.58,68519.63
67626.85,67725.09,65347.14,68361.11
67794.32,67456.44,65358.07,68052.42
67560.85,67168.016,65495.38999999999,67695.69
67255.86,67063.086,64831.270000000004,67530.74
67071.27,66761.484,64691.26,67160.22
66545.41,66379.11,64278.1,66714.57
66183.09,65976.95,63587.11,66247.87
66174.49,65637.79,63174.409999999996,65889.08
65960.22,65210.195,63066.62,65431.285
65709.67,64841.973,62808.77,65013.45
65761.55,64519.973,62847.21,64636.504
65358.67,64241.117,62371.07,64337.11
64752.07,64003.434,61519.58,64048.81
64339.76,63781.434,61025.2,63786.316
64211.82,63564.273,61010.03,63543.527
63851.3,63316.67,60950.41999999999,63295.797
63358.18,63126.98,60543.05000000001,63092.82
63414.29,62968.855,60081.94,62926.99
63661.89,62824.883,59703.770000000004,62786.887
63021.43,62626.41,59849.520000000004,62595.01
63366.2,62527.76,59845.76,62493.113
63246.95999999999,62395.914,59621.73,62378.793
63339.03,62337.977,60210.39,62320.637
62964.08,62148.805,60045.06,62141.777
63037.19,62010.15,59900.840000000004,62025.383
63063.28999999999,61832.133,59514.02999999999,61888.44
62620.94,61679.28,59474.16,61771.168
62339.42,61398.105,59190.07,61528.094
62167.28,61095.164,58410.74,61281.773
61938.2,60773.39,58094.92999999999,61011.08
61475.93,60461.79,57773.5,60737.395
60795.51,59979.402,56931.98,60296.56
60282.37000000001,59466.047,55932.99,59820.664
59782.32,58893.977,55407.40000000001,59274.613
59070.98,58305.008,55132.55999999999,58694.594
58884.8,57503.598,54807.16,57902.61
58715.45,56715.523,54724.66,57112.01
58267.4,56018.984,54554.32,56377.438
57450.06999999999,55418.613,54217.97,55709.793
56457.899999999994,54660.72,53472.62999999999,54895.28
55406.45,53934.195,52443.06,54119.617
54969.55,53209.605,51432.01000000001,53359.81
53993.71000000001,52510.348,50615.06999999999,52634.59
53174.42,51917.332,49570.22,52012.332
52162.479999999996,51284.67,48762.81,51249.13
51332.06,50657.523,47934.27,50537.16
50281.26000000001,50054.58,47099.75,49865.637
49598.27999999999,49401.1,46737.36,49185.914
49259.21000000001,48738.99,46139.36,48509.754
48639.78,48165.066,45631.67,47934.51
48046.18,47709.977,45009.92,47459.266
47705.26,47308.062,44190.32,47038.76
47396.33,46932.53,43617.23,46628.027
47114.65,46668.06,43378.98,46310.8
46981.32,46512.043,43131.62,46083.902
46712.43,46184.35,42596.38,45582.46
46545.56,46270.09,42804.27,45447.61
46391.04,46419.56,42657.59,45357.082
46659.69,46643.008,42868.17,45356.285
46497.36,47016.9,42991.99,45471.14
46446.74,47404.98,43132.37,45619.62
46634.49,47762.387,43160.12,45793.305
47016.38,48113.543,43193.38,46013.035
47282.12,48630.348,43907.47,46358.023
47450.94,49151.605,44120.96,46765.492
48073.26,49660.617,44375.58,47218.48
48954.16,50131.6,44792.54,47703.316
49611.69999999999,50785.86,45924.0,48336.426
49885.34,51471.33,46698.24,49042.676
50974.29,52099.145,47170.5,49752.39
53291.09,52611.73,48208.15000000001,50437.145
55035.01000000001,53350.516,50484.87000000001,51298.43
56322.94999999999,54286.9,51955.83,52308.78
57545.04000000001,55298.793,53483.1,53379.867
59465.05,56267.496,54849.24,54439.28
60507.79,57358.004,56600.13,55588.12
61566.69,58504.88,57543.37,56768.336
62545.7,59595.133,58586.24999999999,57904.992
63432.83,60593.242,59478.16999999999,58966.074
63976.42,61246.547,60351.51,59874.25
64194.03,61971.816,60896.439999999995,60721.53
64708.03,62625.605,61242.92999999999,61506.21
64685.56,63111.293,61548.520000000004,62139.324
65198.27999999999,63743.184,61490.58,62876.99
65876.18,64178.207,61879.98000000001,63429.734
66463.37,64543.387,62251.61,63899.836
66628.86,64869.03,62948.99,64302.805
66712.86,65459.727,63125.64,64937.508
67094.06,65835.61,63346.93,65363.875
67646.12,66064.38,63658.79,65653.41
67565.04,66221.71,63881.83000000001,65861.91
67805.35,66705.89,63944.979999999996,66375.64
67972.67,66866.89,64432.73000000001,66585.66
67986.53,66917.75,65046.42,66672.95
67343.01,66891.79,65602.39,66677.375
66855.89,67113.06,65096.1,66959.44
66824.26,66929.93,64793.26,66872.984
66657.95,66584.984,64925.96,66628.75
65917.68,66219.08,64536.89,66340.66
65644.08,66067.1,63850.15,66288.445
65436.259999999995,65628.516,63430.91,65969.96
64841.229999999996,65164.0,62572.79,65600.16
64467.98,64730.508,61939.61,65239.297
64440.42,64400.48,61425.57000000001,65026.906
64212.649999999994,63936.195,60962.22,64651.855
63973.28999999999,63544.93,60383.6,64295.03
63528.48999999999,63223.49,59826.469999999994,63972.258
63199.72,62975.05,60100.77,63740.266
63010.01,62622.965,59623.329999999994,63384.35
62266.58000000001,62317.72,59506.76,63043.016
62349.29,62096.44,59475.50000000001,62746.617
62580.31,61799.785,59460.35,62417.785
62302.74,61555.02,59513.73,62090.06
62177.909999999996,61451.477,59260.560000000005,61861.055
62631.880000000005,61381.508,58893.21000000001,61676.367
62649.18000000001,61238.062,59441.62,61444.266
62579.159999999996,61189.44,59138.51000000001,61287.977
62315.9,61178.195,59204.84,61183.906
62707.33,61178.586,58892.19999999999,61110.38
62043.24,61012.652,58293.64,60903.57
61898.26,60958.098,57795.8,60792.2
61432.89000000001,60825.06,57655.71,60640.625
61185.41999999999,60697.562,57916.56,60497.703
60868.13999999999,60365.44,57514.33000000001,60177.12
60762.16,60096.254,56844.97,59914.027
60338.200000000004,59817.406,56405.04,59632.348
59437.229999999996,59557.055,55985.719999999994,59351.31
58600.73,59091.965,55102.14,58878.26
57636.80000000001,58609.934,54225.32,58383.168
56938.27,58069.117,53600.48999999999,57819.504
56206.22,57467.61,52976.61,57200.02
55976.09999999999,56640.188,52703.68,56388.375
56061.54,55885.242,52749.96,55616.81
55269.59999999999,55202.02,52409.63999999999,54885.758
54951.98,54622.96,51801.30000000001,54234.594
54572.02999999999,53805.96,50965.6,53419.344
53241.97,53121.97,50077.34999999999,52694.52
52043.82,52486.566,48857.69,52013.074
51096.25,51775.504,48040.15,51300.26
50218.53,50732.645,46927.46,50391.7
49051.270000000004,49942.355,46173.21,49586.465
48346.55000000001,49187.566,45525.57,48835.863
47686.0,48416.773,44837.24,48101.652
46669.28,47553.016,43043.84,47358.215
46113.6,46787.05,42395.9,46653.754
45664.18,46050.773,41827.02,45994.37
44479.92,45405.59,41443.36,45411.824
43964.69,44792.863,41006.61,44889.684
43475.67,44179.895,40856.56,44319.793
42797.31,43707.246,40614.26,43863.676
42688.91,43352.17,40177.4,43491.133
42194.85,42597.883,39815.79,43279.133
42206.52,41862.176,39474.12,42552.793
42083.33,41470.082,39072.02,42106.38
41677.29,41269.742,38926.09,41790.246
41482.39,41250.48,38865.72,41594.48
41102.58,41226.65,39127.84,41393.305
41171.48,41254.195,38918.38,41248.707
40934.84,41301.234,38859.03,41155.457
40695.3,41528.28,38861.84,41173.773
40486.08,41738.562,38769.08,41229.12
40674.65,41935.098,38767.1,41323.332
40976.35,42152.61,38713.35,41486.71
40903.53,42570.023,38869.91,41782.938
40601.5,43036.75,39079.81,42180.234
40745.05,43453.105,39132.4,42592.71
41679.81,43817.875,39142.85,43031.176
42144.37,44395.24,39820.73,43616.73
43077.9,45054.055,40117.42,44300.316
43704.74,45676.3,40676.0,44987.836
44789.03,46347.59,41274.01,45721.727
45865.81,47217.207,42423.42,46582.953
46299.26,48067.586,43288.54,47450.504
47233.22,48909.395,44148.12,48322.33
47963.72,49661.05,45149.38,49138.5
48742.76,50575.176,46307.2,50166.363
49512.99,51094.207,46868.98,50773.69
50419.33000000001,51609.51,47512.57,51392.24
51342.02,52102.758,48353.25,51966.395
51883.45,52750.836,49081.280000000006,52614.27
52452.69000000001,53327.414,49578.329999999994,53217.31
52953.97,53803.5,50275.42,53736.426
52963.35,54208.344,51079.22000000001,54189.137
53149.62,54745.566,51415.12,54733.703
53851.46,55096.746,51956.18,55166.152
54223.34999999999,55340.77,52241.14,55498.184
54885.61000000001,55566.164,52562.22,55785.902
55269.63,55958.707,52617.25000000001,56209.285
55468.86,56239.72,52896.950000000004,56546.35
55415.58,56424.918,53371.27,56777.633
54981.280000000006,56513.473,53438.79000000001,56909.04
54635.18,56704.066,53197.51,57138.797
54538.61,56681.375,53227.63999999999,57195.58
54139.5,56552.855,52808.80000000001,57132.12
53340.22,56380.832,52656.80999999999,57002.344
52965.29,56298.676,52131.07000000001,56971.168
52755.37,56065.547,51645.16,56813.55
52444.07,55792.19,50703.87,56588.312
52150.780000000006,55524.88,50337.75,56347.066
52001.51999999999,55311.297,49714.38,56153.71
51846.96,55039.55,49151.87999999999,55885.668
51733.01000000001,54760.027,48864.03999999999,55575.055
51437.65,54490.117,48765.07,55248.63
51443.78,54217.06,48974.86,54915.55
51011.46,53921.51,48826.80999999999,54548.945
50755.23,53684.457,48571.850000000006,54217.992
50623.46,53461.094,47957.21,53908.22
50728.32,53195.613,47813.37,53571.62
50540.94999999999,52996.688,47648.7,53298.844
50480.49,52902.684,47841.07,53123.164
50750.88,52841.438,47815.45,52993.688
50834.25000000001,52719.023,47895.77,52824.02
51167.45,52687.824,48139.35,52740.516
50829.100000000006,52697.543,48387.73999999999,52711.297
51309.11,52734.7,48486.57,52713.52
51015.81,52618.777,48502.0,52616.14
51287.409999999996,52588.926,48314.16999999999,52587.266
51272.24,52540.98,47930.64000000001,52552.094
51273.34999999999,52509.69,48287.71,52526.36
50938.67,52354.125,48491.97000000001,52401.207
50863.53,52232.426,47830.56,52296.832
50469.81,52058.125,47553.33,52142.75
49626.91999999999,51866.184,47167.85,51963.027
48903.86,51538.945,46685.07,51669.418
48629.26999999999,51153.555,45694.85,51304.027
47837.21,50692.266,45245.48,50861.81
47099.66,50226.465,45038.66,50405.168
47243.24,49621.84,45215.26,49855.664
46869.39,49003.3,45581.89,49259.19
47090.24,48446.906,45436.3,48704.285
46850.59,47900.504,44991.44,48159.953
46341.34,47364.29,44453.53,47662.98
45435.51,46859.195,43735.56,47138.56
45016.72,46313.055,43345.82,46589.85
43963.1,45718.875,42821.07,46031.11
43126.38,44728.082,42030.13,45302.027
42477.4,43997.312,41137.79,44620.88
41873.46,43281.32,40388.45,43973.66
41160.08,42595.137,39773.96,43357.668
40295.18,41879.758,38577.85,42781.65
40067.43,41130.426,37885.18,42129.824
39651.09,40347.547,37597.76,41472.31
39080.45,39643.84,37276.73,40878.227
38904.52,38944.83,36965.41,40338.86
38726.19,38217.832,36665.28,39716.605
38272.15,37559.176,36455.34,39144.73
37856.79,36974.438,36235.91,38625.535
37833.2,36772.01,35833.57,38694.688
37773.58,36431.777,35494.74,38372.594
37708.92,36115.24,35539.63,38049.984
37673.7,35872.21,35529.42,37766.77
37614.82,35762.062,35536.74,37582.47
37307.23,35667.617,35349.01,37385.223
37263.48,35621.41,35315.37,37230.3
37339.21,35615.96,35213.99,37129.215
37464.86,35799.598,35220.97,37167.746
37509.93,36007.832,35232.11,37248.98
36232.22,36287.29,35303.73,37423.867
37170.67,36638.08,35295.97,37680.26
37149.03,37022.176,35465.87,38015.15
37040.04,37534.27,35188.88,38468.336
37150.47,38026.07,35415.03,38947.773
37047.54,38510.355,35142.44,39470.203
37020.94,39247.562,35477.9,40191.082
37225.85,39861.6,35482.64,40863.547
37969.92,40440.004,35650.15,41540.71
38954.69,40991.496,35969.49,42200.13
39139.37,41828.48,36688.28,43035.723
39636.49,42667.438,37339.28,43888.453
40174.31,43392.785,37987.58,44670.492
41170.51,44064.35,38658.54,45395.887
41402.6,44988.02,39749.82,46322.16
42095.74,45447.895,40588.82,46768.7
42843.4,45887.785,40907.54,47245.473
43755.75,46315.816,41744.01,47694.88
44275.16,46883.992,42519.8,48189.48
44946.35,47429.297,42983.46,48687.434
45793.38,47890.137,43483.95,49123.27
46373.16,48275.656,44229.38,49485.41
46403.77,48765.137,44420.5,49887.35
46890.9,49188.81,44972.85,50260.203
47445.91,49447.125,45723.98,50487.918
47944.48,49628.17,46308.24,50637.42
48177.55000000001,49895.34,46814.58,50825.13
48437.72,50130.875,47454.44,50998.58
49054.16,50269.33,47770.59999999999,51086.37
49105.78,50326.07,47804.41,51097.754
48930.719999999994,50459.973,47243.91,51153.754
48444.18,50573.93,47080.8,51209.625
48163.41,50585.992,46390.67,51170.42
47989.54000000001,50489.87,46226.64,51045.22
47529.64,50380.438,45967.38,50914.53
47151.12,50346.383,45233.07,50842.55
46638.42,50252.93,45162.55,50717.94
46321.03,50136.332,44945.04,50571.355
46413.51,49938.516,44772.6,50353.33
46070.85,49844.668,44434.49,50208.04
46140.35,49775.2,44225.8,50061.18
46408.34,49682.8,44137.56,49891.98
46083.4,49527.105,44178.41,49651.023
45787.13,49540.73,43896.91,49540.035
45636.93,49519.42,43435.37,49418.832
45828.28,49492.29,43712.25,49311.574
45755.14,49375.1,43718.03,49130.32
45607.66,49424.945,43899.83,49109.473
45950.11,49495.176,43872.51,49137.81
46538.89,49560.79,44016.32,49186.145
46952.64,49585.418,44352.25,49200.566
47192.48,49737.4,44437.45,49334.195
47495.41,49900.918,44143.84,49487.73
48451.36,50041.24,44342.99,49640.297
48490.7,50116.7,44651.7,49750.89
48546.39,50274.875,44634.28,49931.312
48637.7,50373.37,44854.4,50068.375
49293.26999999999,50425.15,45088.26,50171.496
49231.36000000001,50399.723,45365.06,50211.98
49044.3,50408.445,44757.5,50267.78
48738.03,50359.668,44806.3,50266.82
48722.43,50264.41,44706.32,50223.22
48416.96,50070.39,45020.11,50098.758
48048.780000000006,49821.28,44667.75,49906.016
47597.04,49531.164,44653.19,49659.67
47898.38,49200.688,44408.77,49365.395
48049.28,48814.37,44469.31,49034.473
48383.590000000004,48433.555,44926.07,48669.875
48370.68,48080.23,45075.11,48321.32
48097.68,47809.598,44826.6,48041.656
47541.8,47528.676,44944.1,47765.613
46705.83,47107.977,44483.37,47340.105
46172.5,46655.746,43704.56,46896.277
45013.55,46182.184,42989.58,46438.707
44331.19,45613.496,42076.88,45956.523
43776.91,44946.805,41360.74,45305.566
43373.75,44331.938,40651.65,44699.72
41866.89,43756.76,40025.48,44124.047
41406.58,43267.707,39393.71,43649.992
40888.75,42502.523,39164.47,42929.13
40680.98,41847.617,39212.77,42307.797
40415.51,41238.62,38716.4,41718.4
40228.85,40789.516,38131.66,41280.797
40104.92,40245.605,37930.9,40715.89
39938.16,39786.082,37360.06,40215.816
39774.1,39400.43,37147.28,39767.297
39743.49,40419.527,36825.92,40495.18
39611.02,41006.344,36639.24,40793.688
39741.08,41421.574,36682.95,40966.543
39527.43,41743.758,36501.3,41088.68
39513.43,42192.957,36658.38,41308.062
39667.14,42477.82,36511.64,41418.727
39873.85,42763.15,36591.04,41566.336
40424.3,43088.78,36709.65,41779.31
40555.26,43630.453,37400.56,42170.508
40894.51,44170.344,37782.21,42587.1
41379.96,44692.27,38053.0,43052.637
42752.18,45174.047,38626.38,43543.586
43714.86,45957.64,40431.98,44280.46
44164.43,46801.598,40972.91,45081.734
45674.92,47654.695,41917.2,45936.926
49634.76,48424.527,43405.12,46796.277
51733.78,49545.426,46763.34,47949.69
53458.03,51045.887,48587.44999999999,49349.402
55105.35,52525.992,50130.77,50767.58
57197.11,53924.355,51440.23,52147.17
58403.02,55494.105,53002.350000000006,53674.965
59484.549999999996,56979.637,54046.88999999999,55128.73
60564.92,58270.6,55395.850000000006,56444.984
61513.84,59373.52,56558.37000000001,57610.895
62178.80000000001,59896.754,57698.689999999995,58607.32
62623.11,60704.312,58123.85,59568.598
62941.51,61452.676,58786.189999999995,60474.902
62801.469999999994,62043.406,59590.329999999994,61244.285
62907.450000000004,62773.246,59789.98,62152.516
63595.87999999999,63315.574,60372.18,62889.992
64752.82,63735.043,60872.07,63520.285
64979.84,64124.156,61306.060000000005,64099.484
65040.05,64856.305,61724.22,65001.098
65115.17,65380.785,62053.53,65685.79
65384.79000000001,65712.96,62652.15000000001,66177.414
65177.34,65896.04,62513.92,66508.7
65632.94,66300.19,63263.14,67072.016
65662.53,66432.02,64279.89000000001,67326.71
65822.92,66483.66,64103.450000000004,67455.84
65803.1,66404.414,64243.009999999995,67425.21
65537.41,66534.76,63684.55999999999,67623.69
65401.44,66455.21,63034.03,67556.62
65558.5,66247.63,62562.45999999999,67351.73
65376.91999999999,65975.16,62260.91,67066.37
65237.62,65887.17,62593.86,66993.7
64837.36,65661.11,62688.270000000004,66735.305
64360.6,65399.445,62458.43,66424.1
63944.7,65094.8,62301.91,66073.33
63927.78,64858.77,61889.27,65848.09
63601.350000000006,64539.816,62213.62,65479.508
63279.78,64272.91,62044.82,65132.387
63247.36,63988.36,61767.43,64754.3
62979.74999999999,63726.73,61818.48,64440.81
62272.47,63478.42,61247.850000000006,64090.168
61844.39,63251.883,60907.54000000001,63762.043
61624.17,63004.496,60342.12,63439.965
61401.6,62739.1,59798.95,63142.832
61033.75,62521.42,59490.049999999996,62885.3
60988.07,62363.32,58815.48,62706.68
60923.61,62234.68,58885.47,62583.094
60831.16,62075.47,58948.19000000001,62445.133
60969.35,61966.195,59027.2,62369.33
61212.52,61887.023,59253.42,62332.824
60869.0,61850.742,59121.25,62342.793
60539.19999999999,61723.56,59040.100000000006,62246.508
60695.810000000005,61572.945,58824.08,62157.047
60465.08,61394.277,58780.34,62048.68
59933.73,61235.438,58448.52999999999,61952.54
59531.530000000006,60902.406,58306.15,61663.05
59291.53,60530.66,57763.78999999999,61364.582
59251.50000000001,60133.04,57686.09,61040.36
58481.82,59737.05,57326.37,60711.957
57707.87999999999,59201.273,56124.94,60201.566
56829.46,58602.1,55331.90000000001,59652.19
56277.04,57974.863,54845.049999999996,59071.875
56059.15000000001,57327.21,54574.63,58467.58
55809.87,56546.598,54316.490000000005,57685.242
55692.32,55844.207,54092.950000000004,56982.805
55334.26,55221.977,53702.21000000001,56344.332
54602.73999999999,54688.01,52842.32,55781.85
53746.85,54031.22,51994.58,55067.797
52696.13,53353.973,51041.420000000006,54367.47
51719.50000000001,52679.05,49768.59,53680.406
50335.25000000001,52017.047,48802.09,53013.49
49241.229999999996,51314.652,47617.72,52293.08
48606.18,50485.824,46818.72,51460.3
47924.27,49743.246,46157.33,50724.047
46736.64,49102.105,45481.75,50071.49
46253.35,48433.582,44818.25,49376.867
45716.46,47726.758,44357.19,48674.75
45320.16,47134.54,44022.06,48085.652
44893.21,46622.44,43736.84,47567.688
44513.63,46179.027,42762.9,47075.63
44464.35,45747.215,42452.08,46585.906
44211.4,45425.367,42214.59,46180.133
43926.15,45249.926,41935.95,45875.46
43735.92,45323.82,41350.95,45790.914
43655.08,45314.69,41462.74,45630.984
43710.19,45310.508,41293.2,45495.11
43627.01,45358.805,41452.27,45410.33
43589.19,45552.297,41475.25,45423.723
43778.43,45708.445,41551.59,45425.95
43905.66,45916.707,41391.99,45499.39
44451.28,46201.875,41488.62,45664.555
44933.0,46669.805,42184.41,45972.39
45244.73,47171.832,42522.41,46339.965
45841.05,47729.336,42802.59,46803.535
46745.4,48291.152,43136.32,47323.97
47086.3,49084.99,44359.3,48041.332
47831.37,49897.53,45192.85,48810.152
49080.81999999999,50635.18,45897.6,49589.105
51439.37,51385.336,47002.86,50414.453
53005.89,52445.11,50203.55,51491.43
54522.9,53639.11,51947.71,52674.504
55826.27,54814.453,53199.98000000001,53876.79
57438.54,55952.402,54367.07,55066.15
58686.69,57234.195,56179.56,56379.34
59903.76,58470.016,57301.56999999999,57652.457
60651.17,59595.84,58122.04,58849.7
61332.46,60617.71,59455.52,59953.477
61945.38,61103.152,60410.01000000001,60838.055
62409.28,61897.086,60864.68000000001,61789.523
62741.27,62590.145,61433.7,62666.508
63074.48000000001,63159.54,62026.14,63428.48
63433.0,63923.605,61435.68,64362.81
64128.81,64523.88,61468.03,65156.92
64678.81,64989.85,61779.49,65817.195
65019.71,65378.5,62304.170000000006,66370.77
65715.51,66098.85,61831.84,67218.79
66377.67,66579.57,62359.08999999999,67839.875
66735.17,66957.93,63113.62,68333.07
67285.86,67236.72,64090.729999999996,68694.484
67641.48,67816.914,64359.72,69338.54
67644.83,68113.34,64561.81,69680.07
67903.19,68268.67,65580.64,69857.67
67253.4,68258.39,65852.83,69857.91
66844.79,68540.56,65150.66,70132.08
66960.33,68440.73,64862.96,70044.63
66996.31,68178.55,64695.369999999995,69787.24
66723.36,67859.07,64885.37,69437.734
66643.47,67804.72,64652.85,69351.18
66717.87,67488.12,64051.88,68994.76
66485.46,67148.766,63702.9,68602.766
65766.18,66811.28,63337.57,68195.59
65970.85,66642.56,63051.9,67987.984
65280.74,66229.914,62501.42,67534.54
65323.399999999994,65895.42,62246.4,67127.58
65304.25000000001,65510.246,61458.340000000004,66677.18
64995.79000000001,65291.45,61163.04,66401.39
64365.36000000001,65005.836,60838.10999999999,66019.19
64006.27,64749.695,60609.91,65665.016
64313.119999999995,64485.496,60223.45,65317.26
63795.69999999999,64272.805,59849.37000000001,65048.56
63647.32,64116.7,59608.61,64811.258
63164.44000000001,63970.195,59758.05000000001,64613.996
62896.69999999999,63889.34,60126.98,64497.426
62654.51,63754.99,60601.36,64362.465
62967.68,63632.18,60794.810000000005,64258.53
62939.52,63526.98,60541.17,64182.113
62935.16000000001,63484.37,60505.29,64157.867
62698.78,63352.777,59945.39,64052.098
62503.7,63202.5,59367.77,63943.11
62440.84,63014.492,59445.840000000004,63801.887
61924.2,62807.43,59223.86,63647.69
61377.94,62441.125,58786.91,63335.63
60768.28,62026.746,57885.26999999999,62993.79
60256.09,61570.035,57602.10999999999,62607.0
59698.95999999999,61078.87,57018.899999999994,62181.562
58772.659999999996,60388.965,56337.39,61548.28
58062.02,59681.926,55596.34,60899.418
57652.409999999996,58924.34,55253.71,60193.105
57442.8,58179.98,55031.1,59486.74
57370.71,57262.727,54919.20999999999,58579.25
57112.630000000005,56462.934,55107.58,57768.25
56696.46000000001,55781.926,54633.77999999999,57053.7
55981.2,55187.965,53503.63,56414.566
54841.45,54424.363,52286.920000000006,55595.4
53736.55,53734.13,51155.20999999999,54855.855
52698.93000000001,53047.01,50142.869999999995,54138.96
51818.6,52394.938,49303.76,53469.145
50862.53,51617.434,47864.86000000001,52608.375
49890.06,50889.58,46919.02,51786.848
48882.69000000001,50226.63,46508.75,51042.918
48068.91,49615.645,46041.57,50364.527
47561.73,48913.113,44911.41,49600.598
46932.46,48290.31,44288.87,48915.69
46425.27,47753.867,43643.14,48323.59
46103.13,47274.484,43467.18,47784.773
45900.34,46833.184,42815.18,47261.69
45773.85,46472.39,42275.97,46776.98
45355.25,46231.812,41997.02,46392.707
44790.21,46096.07,41838.94,46087.84
44582.01,45970.004,41569.44,45647.434
44476.64,45986.34,41443.56,45435.008
44264.7,46032.742,41918.6,45274.504
44037.0,46114.574,42000.2,45167.195
43970.92,46306.418,41846.3,45145.094
44126.8,46466.98,41645.75,45118.68
44318.61,46680.22,41853.25,45170.234
44483.41,46971.92,42072.23,45320.92
44819.05,47491.15,42684.15,45655.14
45197.44,48024.65,42803.1,46044.71
45858.67,48609.152,43173.95,46529.49
46955.85,49238.926,43924.13,47104.426
47484.89,50112.64,45043.05,47897.277
48300.61,51028.746,45451.94,48758.207
49495.31,51894.887,45895.27,49648.324
52346.13,52741.566,47207.08,50563.156
54176.85,53838.746,50281.049999999996,51704.26
55607.36000000001,55128.93,52061.59,52981.402
56955.64000000001,56387.668,53339.58999999999,54259.184
58528.57,57529.992,54391.49,55461.18
59395.14,58808.29,56012.73000000001,56771.773
60632.69999999999,60009.914,57608.38,58007.664
61629.83,61026.71,58583.76,59111.73
62473.94,61937.01,59085.81,60111.656
62844.66999999999,62284.504,59839.55,60800.81
63315.04,63042.547,60326.3,61654.375
63641.33000000001,63654.438,60567.09,62419.33
63390.14,64128.156,60794.6,63051.664
63837.36,64809.895,60925.20999999999,63848.56
64178.51,65240.77,61037.71000000001,64434.33
64456.79,65588.46,61685.80999999999,64933.914
64966.31,65852.0,62843.17999999999,65342.43
65335.55999999999,66403.695,63326.48,66003.586
65624.42,66784.945,63944.17999999999,66491.29
66090.4,67054.74,64529.59999999999,66861.305
66977.48,67231.18,65021.18,67130.17
67890.89,67723.24,65387.39,67678.27
67962.66,68033.44,66045.0,68026.336
68023.84,68269.66,66061.24,68272.17
66861.5,68354.01,65623.17,68363.555
66290.65,68655.34,64690.23999999999,68669.3
65906.23,68503.8,63788.67,68567.57
65841.37,68184.04,63277.13,68296.76
65657.58,67764.34,63189.74,67912.28
64981.25000000001,67567.54,63131.58999999999,67743.63
64197.23,67177.24,63373.10999999999,67363.266
63993.98,66700.234,63130.16000000001,66899.17
63230.09,66168.46,62733.54,66386.4
63192.18000000001,65808.42,62917.66999999999,66058.29
63488.600000000006,65288.47,63101.09,65568.09
63481.67,64862.55,62793.52,65148.88
63589.14,64547.27,62331.45999999999,64803.48
63614.7,64348.12,62116.030000000006,64591.047
63003.98,64135.51,61901.99,64342.855
62752.05000000001,63988.645,62040.96,64156.484
62780.53,63841.984,61472.13,63986.867
62791.93,63710.582,60970.09,63854.88
62405.73,63617.895,60737.170000000006,63747.215
61904.0,63564.703,60578.11000000001,63678.637
61520.17,63501.887,60491.43,63623.562
61478.50000000001,63335.953,60577.0,63500.355
61354.83,63165.266,60437.880000000005,63387.188
61494.04,63035.8,60254.63,63303.52
60922.659999999996,62916.105,60049.07,63227.21
60887.51999999999,62701.46,59785.31,63055.73
61014.86,62441.586,59307.82,62871.89
61045.399999999994,62191.684,59315.4,62686.457
60770.31,61972.992,59663.99,62521.984
60008.87000000001,61589.375,59734.32,62195.832
59303.06999999999,61182.004,59085.61,61859.387
59034.75,60692.46,58511.31999999999,61447.152
58327.87999999999,60156.97,57962.42,60990.2
57468.50000000001,59436.883,57045.09,60339.71
56901.27,58673.777,57317.79,59649.043
56348.22,57878.418,56647.090000000004,58914.094
55597.84,57118.57,56628.969999999994,58187.117
55487.170000000006,56182.86,56503.11,57272.332
55208.12,55314.953,56192.01,56413.758
54705.91,54594.89,55425.02,55672.17
53810.13,53983.574,54599.83000000001,55023.418
52774.920000000006,53232.39,53184.42999999999,54235.277
51439.119999999995,52524.56,52080.19000000001,53497.832
50577.83999999999,51827.55,51124.939999999995,52783.344
49855.95,51126.97,50077.12,52081.043
48821.24,50293.51,48192.37,51229.945
47975.37,49585.543,47259.19,50421.63
46939.5,48861.61,46704.62,49633.22
45976.18,48181.71,45849.43,48904.594
45573.8,47414.035,45218.02,48118.63
44960.83,46676.027,44719.51,47373.926
44668.44,46015.332,43973.37,46717.477
44122.03,45405.477,43688.64,46120.39
43827.77,44884.95,43142.26,45600.867
43805.58,44403.516,42927.74,45107.508
43668.27,44016.16,42486.33,44702.867
42873.14,43757.6,42119.41,44394.42
42690.41,43205.96,41733.74,43767.47
42701.69,43130.53,41854.05,43630.734
42878.15,43163.96,41928.18,43561.87
42812.87,43290.734,42128.87,43597.953
42766.25,43620.75,41788.97,43783.598
42759.48,43943.82,41540.67,44001.094
42921.77,44291.805,41919.54,44281.344
43450.06,44671.996,42090.89,44634.28
43719.57,45249.492,42191.41,45134.348
43966.48,45890.094,42379.17,45724.55
44425.7,46516.035,42820.44,46358.95
45331.02,47118.47,43350.47,47025.64
45906.35,47943.098,44706.0,47877.707
46659.16,48777.55,45465.2,48761.43
47822.86,49570.227,45896.25,49648.11
50720.119999999995,50339.57,46821.94,50549.25
52317.67,51416.598,49543.05999999999,51689.92
53527.77,52722.035,51118.35,52973.855
55023.83,53980.055,52381.18,54244.613
56279.1,55127.547,53473.9,55452.01
57461.39000000001,56464.8,55675.28,56794.863
58523.41,57645.688,57059.909999999996,58020.6
59415.28,58722.72,58157.02,59168.2
59844.020000000004,59672.21,59380.28,60208.28
60389.979999999996,60360.55,59861.39,61117.645
61080.05,60998.035,60507.27,61900.934
61514.67,61566.945,60695.48,62640.793
61142.17,62056.555,61174.65,63279.62
61478.26000000001,62755.996,61096.1,64070.047
62119.78,63165.688,61508.92,64621.48
62694.09,63482.688,62305.93,65067.53
62714.57,63759.754,62692.38999999999,65443.05
63042.28,64366.156,62797.18,66084.43
63624.2,64715.72,63097.44,66481.12
63913.810000000005,64964.902,63863.02,66754.99
64231.53,65164.32,64400.94,66946.016
64676.240000000005,65653.89,64775.19,67386.49
65437.89,65901.86,65151.3,67563.984
65850.42,66055.02,65901.56,67625.15
65471.58,66174.69,66001.6,67616.945
65347.14,66531.055,65301.44,67833.195
65358.07,66542.44,65274.26999999999,67723.94
65495.38999999999,66396.945,65191.47,67468.875
64831.270000000004,66160.305,65484.95,67123.945
64691.26,66093.85,64977.15,66967.04
64278.1,65780.664,64313.77,66584.18
63587.11,65413.305,64059.21000000001,66150.33
63174.409999999996,65002.43,64048.78,65679.195
63066.62,64652.344,63335.91,65324.113
62808.77,64222.91,62831.75,64878.445
62847.21,63863.453,62562.97,64478.92
62371.07,63556.066,62591.4,64126.08
61519.58,63342.926,62527.73999999999,63885.582
61025.2,63112.203,61839.340000000004,63622.46
61010.03,62862.11,61544.37000000001,63367.445
60950.41999999999,62650.34,61372.33,63152.203
60543.05000000001,62457.25,61612.28,62960.98
60081.94,62352.293,61186.6,62837.617
59703.770000000004,62256.465,60638.38,62734.56
59849.520000000004,62154.504,60842.65,62645.15
59845.76,61923.227,61324.31,62450.47
59621.73,61784.664,60790.21000000001,62337.49
60210.39,61682.19,60006.81,62261.996
60045.06,61585.285,59777.76000000001,62196.63
59900.840000000004,61412.426,60088.86000000001,62039.906
59514.02999999999,61271.555,60136.02,61931.82
59474.16,61112.934,59835.49,61817.36
59190.07,60925.977,59655.6,61686.047
58410.74,60573.145,60147.1,61387.57
58094.92999999999,60251.68,59673.060000000005,61130.19
57773.5,59857.0,59192.86,60811.31
56931.98,59473.098,58573.12,60487.83
55932.99,58890.754,57874.83999999999,59963.082
55407.40000000001,58274.707,56930.7,59406.934
55132.55999999999,57592.72,56177.25,58777.723
54807.16,56922.97,55727.61,58138.74
54724.66,56060.547,55706.99,57299.664
54554.32,55298.426,55845.24999999999,56534.97
54217.97,54630.086,55104.37,55837.676
53472.62999999999,54042.207,54201.15,55202.23
52443.06,53285.723,53446.35,54407.594
51432.01000000001,52559.516,52553.54000000001,53645.805
50615.06999999999,51820.254,51585.86,52888.883
49570.22,51107.66,50583.89000000001,52169.117
48762.81,50238.957,49192.530000000006,51381.418
47934.27,49481.44,48262.69000000001,50551.355
47099.75,48742.633,47235.88,49786.86
46737.36,48039.38,46528.79,49072.76
46139.36,47288.02,45216.83,48352.727
45631.67,46627.53,44614.4,47696.918
45009.92,46033.344,44007.89,47125.52
44190.32,45531.35,43731.12,46635.6
43617.23,45084.254,42922.78,46203.652
43378.98,44617.715,42761.93,45751.625
43131.62,44244.13,42310.2,45384.957
42596.38,43999.59,41983.61,45120.137
42804.27,43544.492,41545.38,44541.06
42657.59,43483.523,41354.84,44344.945
42868.17,43592.867,41427.34,44258.973
42991.99,43779.008,41427.47,44267.516
43132.37,44191.23,41388.27,44442.562
43160.12,44561.555,41477.59,44621.48
43193.38,44967.92,41562.59,44871.4
43907.47,45373.723,41605.21,45174.14
44120.96,45945.938,41906.95,45611.293
44375.58,46544.66,42083.08,46117.87
44792.54,47103.746,42390.72,46650.086
45924.0,47633.31,42807.35,47216.55
46698.24,48349.33,44343.97,47934.453
47170.5,49099.88,45182.97,48713.367
48208.15000000001,49829.992,46079.81,49508.77
50484.87000000001,50478.31,47001.2,50283.87
51955.83,51359.484,49652.73,51237.418
53483.1,52354.21,51680.549999999996,52260.098
54849.24,53336.67,52982.18000000001,53284.44
56600.13,54320.867,54188.87,54314.117
57543.37,55464.527,55550.48,55460.18
58586.24999999999,56581.363,56853.51,56571.848
59478.16999999999,57594.707,57977.41,57609.46
60351.51,58505.51,58967.86,58566.52
60896.439999999995,59432.676,59925.689999999995,59658.016
61242.92999999999,60111.168,60487.47000000001,60441.77
61548.520000000004,60728.95,61066.87,61171.84
61490.58,61215.895,61784.87000000001,61773.582
61879.98000000001,61880.125,61411.75,62520.85
62251.61,62302.395,61854.23999999999,63043.68
62948.99,62622.93,62524.1,63453.727
63125.64,62874.34,62949.3,63777.254
63346.93,63472.164,63371.22,64402.004
63658.79,63833.543,63570.85,64791.152
63881.83000000001,64062.508,64024.05,65042.523
63944.979999999996,64201.19,64261.98,65196.754
64432.73000000001,64645.188,64585.51,65647.74
65046.42,64794.04,65022.850000000006,65810.25
65602.39,64876.336,65637.1,65873.25
65096.1,64936.527,65632.76,65889.29
64793.26,65309.734,64732.68,66220.164
64925.96,65280.434,64842.55,66190.7
64536.89,65092.1,64786.15,66015.055
63850.15,64862.14,64870.65,65783.94
63430.91,64803.54,64262.950000000004,65774.46
62572.79,64441.293,63901.780000000006,65486.723
61939.61,64030.125,63911.990000000005,65137.11
61425.57000000001,63553.58,62974.66,64737.242
60962.22,63206.84,62616.6,64500.92
60383.6,62732.438,62370.66,64108.73
59826.469999999994,62295.766,61817.52,63711.055
60100.77,61900.086,61796.59999999999,63321.13
59623.329999999994,61588.44,61631.04,63037.105
59506.76,61309.293,61384.39,62714.523
59475.50000000001,61045.56,60568.59,62391.797
59460.35,60873.44,60316.04,62128.75
59513.73,60723.215,60422.52,61900.41
59260.560000000005,60591.215,60665.450000000004,61673.01
58893.21000000001,60549.17,60858.55,61523.926
59441.62,60525.742,61258.37000000001,61410.984
59138.51000000001,60368.94,61538.16,61202.703
59204.84,60320.332,61150.99,61083.24
58892.19999999999,60266.273,60888.84,60985.41
58293.64,60245.25,60812.38,60928.133
57795.8,60022.63,60681.73,60695.445
57655.71,59812.527,60442.38,60495.387
57916.56,59578.863,60382.69,60287.758
57514.33000000001,59384.703,59980.51,60111.453
56844.97,59059.145,59402.94,59782.676
56405.04,58780.883,58593.48,59498.715
55985.719999999994,58456.977,58176.38,59176.09
55102.14,58125.348,57815.28,58836.0
54225.32,57576.684,57312.51,58276.945
53600.48999999999,57047.074,56516.86,57727.168
52976.61,56466.02,56013.32000000001,57119.098
52703.68,55872.277,55755.36,56493.125
52749.96,55040.39,55321.2,55655.195
52409.63999999999,54341.703,54705.75,54907.812
51801.30000000001,53722.78,54310.46,54221.25
50965.6,53140.07,53376.130000000005,53568.707
50077.34999999999,52322.152,52395.5,52751.61
48857.69,51562.934,51230.350000000006,51965.953
48040.15,50801.867,50062.63,51193.316
46927.46,50008.94,49129.049999999996,50426.656
46173.21,48755.88,47395.34,49399.055
45525.57,47884.617,46582.13,48546.867
44837.24,47080.32,45862.71,47776.227
43043.84,46320.945,45084.13,47068.223
42395.9,45471.43,44861.94,46365.098
41827.02,44541.098,44538.54,45563.133
41443.36,43706.5,44117.62,44861.156
41006.61,42967.492,43631.38,44238.53
40856.56,42289.586,42822.36,43703.82
40614.26,41708.43,42402.53,43174.89
40177.4,41297.617,41663.49,42772.438
39815.79,41013.95,40541.38,42449.625
39474.12,40577.105,39628.26,42328.03
39072.02,40015.008,39765.35,41667.734
38926.09,39718.293,40080.29,41268.008
38865.72,39540.203,41110.02,40969.555
39127.84,39552.82,41118.38,40820.082
38918.38,39599.855,40997.47,40692.367
38859.03,39752.89,40107.2,40657.457
38861.84,39932.4,39650.72,40683.855
38769.08,40283.1,39451.85,40841.555
38767.1,40613.637,39431.12,41024.062
38713.35,40937.508,39484.39,41249.77
38869.91,41283.777,39934.76,41538.23
39079.81,41792.832,40917.8,41958.812
39132.4,42289.6,40749.78,42416.78
39142.85,42780.16,40261.43,42904.043
39820.73,43254.285,40402.8,43417.258
40117.42,43892.004,40705.56,44057.367
40676.0,44523.785,40919.2,44714.02
41274.01,45109.97,41565.58,45364.47
42423.42,45705.348,42513.87,46023.93
43288.54,46505.883,43968.87,46814.2
44148.12,47279.496,44953.79,47590.527
45149.38,48035.41,45753.53,48361.15
46307.2,48761.33,46608.71,49100.914
46868.98,49922.438,47288.82,50273.76
47512.57,50504.99,48345.0,50865.234
48353.25,51043.65,49097.85,51456.65
49081.280000000006,51513.504,50237.56,51969.496
49578.329999999994,52118.805,51236.36,52546.89
50275.42,52632.875,52302.98,53070.49
51079.22000000001,53051.305,53878.450000000004,53511.6
51415.12,53429.875,54642.07,53906.34
51956.18,53970.98,54808.71,54418.773
52241.14,54389.94,54684.9,54869.766
52562.22,54721.93,54844.41,55230.18
52617.25000000001,54951.863,54394.98999999999,55502.86
52896.950000000004,55302.66,54639.51,55874.39
53371.27,55510.066,55032.049999999996,56143.285
53438.79000000001,55636.145,55429.97000000001,56307.184
53197.51,55720.668,55831.22,56412.36
53227.63999999999,55905.05,55987.6,56617.312
52808.80000000001,55929.633,55755.94,56699.875
52656.80999999999,55866.918,55393.72,56669.92
52131.07000000001,55712.97,55151.95,56555.227
51645.16,55644.887,54502.63,56522.176
50703.87,55466.945,53934.44,56401.117
50337.75,55215.992,53810.46,56187.348
49714.38,54863.125,53541.46000000001,55878.574
49151.87999999999,54563.992,52256.17,55612.766
48864.03999999999,54216.777,52092.469999999994,55292.508
48765.07,53837.164,51959.52,54915.996
48974.86,53470.637,51950.93,54531.13
48826.80999999999,53126.266,51812.39,54165.855
48571.850000000006,52868.598,51186.3,53848.688
47957.21,52660.043,50984.67,53569.02
47813.37,52477.305,50792.89000000001,53321.625
47648.7,52210.03,50709.46,53024.555
47841.07,52020.17,50551.00000000001,52795.88
47815.45,51906.516,50456.52,52643.05
47895.77,51862.49,50354.75,52556.176
48139.35,51746.21,50551.81999999999,52412.67
48387.73999999999,51698.22,50714.01,52338.51
48486.57,51705.07,50962.35999999999,52324.99
48502.0,51740.72,51002.86,52342.57
48314.16999999999,51638.51,51125.17999999999,52251.297
47930.64000000001,51580.92,50698.1,52209.15
48287.71,51516.59,50754.3,52166.47
48491.97000000001,51424.426,50412.73,52108.082
47830.56,51260.707,50946.09999999999,51972.78
47553.33,51153.99,49851.78,51873.043
47167.85,50965.59,49389.11,51708.57
46685.07,50745.758,49229.14,51512.113
45694.85,50410.43,48419.42,51203.168
45245.48,50062.902,47953.42,50853.496
45038.66,49612.652,47198.27,50411.164
45215.26,49135.24,47114.59,49943.19
45581.89,48591.633,47192.59,49419.742
45436.3,48106.688,47433.4,48907.562
44991.44,47670.57,47039.98,48428.453
44453.53,47233.98,46237.1,47951.332
43735.56,46707.457,46130.39,47441.78
43345.82,46153.53,45232.0,46862.152
42821.07,45554.344,44378.61,46262.094
42030.13,44985.523,44013.22,45709.49
41137.79,43842.434,42983.77,44834.824
40388.45,43082.465,42254.97,44114.812
39773.96,42354.348,41357.33,43438.4
38577.85,41629.215,40586.3,42782.73
37885.18,40864.676,39807.2,42169.918
37597.76,39998.723,39681.14,41430.44
37276.73,39130.52,39364.53,40709.574
36965.41,38333.89,38669.53,40045.383
36665.28,37606.16,37964.32,39497.664
36455.34,36873.477,37915.09,38875.426
36235.91,36196.254,37792.67,38291.82
35833.57,35599.9,37289.05,37768.81
35494.74,35406.508,37216.99,37833.812
35539.63,35056.58,37020.62,37500.113
35529.42,34671.97,36560.45,37138.082
35536.74,34396.844,36485.1,36856.35
35349.01,34312.316,36450.5,36720.406
35315.37,34244.293,36174.19,36572.668
35213.99,34215.32,35962.42,36460.69
35220.97,34275.504,36108.44,36444.008
35232.11,34550.363,36080.48,36599.18
35303.73,34807.785,36130.21,36762.12
35295.97,35115.28,36202.16,37001.484
35465.87,35487.145,36269.16,37313.645
35188.88,36083.953,36280.34,37822.344
35415.03,36629.836,36300.37,38320.867
35142.44,37131.81,36155.52,38829.824
35477.9,37665.04,35937.03,39383.492
35482.64,38386.074,36295.19,40098.63
35650.15,39016.543,36580.96,40758.83
35969.49,39606.453,36703.85,41419.35
36688.28,40163.684,37062.9,42061.05
37339.28,40938.664,38053.02,42867.63
37987.58,41645.656,38798.0,43612.57
38658.54,42345.2,39705.88,44347.38
39749.82,43018.73,40337.35,45050.85
40588.82,44181.324,41169.63,46146.1
40907.54,44657.453,41891.15,46571.516
41744.01,45189.242,42467.21,47088.156
42519.8,45626.31,42786.17,47519.703
42983.46,46182.965,43358.03,47993.266
43483.95,46694.36,44064.01,48452.574
44229.38,47116.258,45122.1,48840.11
44420.5,47447.277,46189.62,49142.227
44972.85,47870.777,46523.65,49471.24
45723.98,48203.94,47107.14,49756.1
46308.24,48462.83,47417.75,49961.664
46814.58,48674.902,47716.69,50107.355
47454.44,48954.11,49163.65000000001,50279.164
47770.59999999999,49216.453,50115.21,50451.758
47804.41,49432.633,51037.44,50570.695
47243.91,49562.43,50899.91,50618.426
47080.8,49673.406,50954.73,50653.473
46390.67,49718.19,50664.02,50651.055
46226.64,49689.438,49771.21,50581.805
45967.38,49561.98,49097.6,50438.39
45233.07,49423.023,47916.91999999999,50294.715
45162.55,49382.145,47710.95,50238.457
44945.04,49252.984,47998.71000000001,50117.508
44772.6,49143.844,47341.19,50002.945
44434.49,48964.953,45982.9,49829.39
44225.8,48910.402,46052.23,49750.9
44137.56,48810.9,46659.62,49620.793
44178.41,48703.418,46395.85,49464.047
43896.91,48507.855,45852.14,49216.043
43435.37,48468.9,45983.2,49088.312
43712.25,48421.598,45973.36,48959.89
43718.03,48351.285,45796.39,48831.09
43899.83,48243.055,45591.53,48665.457
43872.51,48293.55,44973.2,48650.22
44016.32,48399.652,44808.57,48699.445
44352.25,48514.4,44785.81,48779.594
44437.45,48546.56,45273.83,48796.344
44143.84,48711.516,45610.44,48942.91
44342.99,48880.562,46014.57,49103.137
44651.7,49002.39,46181.03,49241.582
44634.28,49052.344,47196.75,49326.895
44854.4,49154.027,47749.75,49466.766
45088.26,49213.824,47902.62,49575.68
45365.06,49274.79,48097.51,49686.418
44757.5,49262.633,48096.04,49739.742
44806.3,49240.29,47343.15,49780.3
44706.32,49112.223,47224.82,49733.645
45020.11,48986.242,46804.74,49678.41
44667.75,48781.94,47207.31,49551.21
44653.19,48565.598,47251.69,49391.797
44408.77,48289.883,47309.8,49168.18
44469.31,48023.953,47283.93,48934.438
44926.07,47705.918,47437.43,48653.688
45075.11,47349.14,47479.44,48311.234
44826.6,47052.555,47206.21,48011.164
44944.1,46771.76,46831.12,47720.363
44483.37,46452.164,46565.27,47408.9
43704.56,46052.09,45953.06,46994.97
42989.58,45632.523,44891.55,46565.28
42076.88,45179.06,44283.01,46111.664
41360.74,44456.383,43850.55,45499.906
40651.65,43784.668,43183.82,44844.88
40025.48,43144.586,42457.24,44218.75
39393.71,42517.65,41853.79,43606.492
39164.47,41927.477,41209.61,43054.37
39212.77,41214.445,40511.5,42372.312
38716.4,40593.867,40312.34,41771.613
38131.66,40080.883,39983.74,41247.31
37930.9,39654.492,39138.55,40825.07
37360.06,39060.75,38746.3,40227.51
37147.28,38556.156,38692.87,39700.66
36825.92,38068.94,38607.27,39187.24
36639.24,38932.758,38407.73,39838.273
36682.95,39306.086,38381.16,40020.77
36501.3,39534.984,38280.33,40091.95
36658.38,39749.527,38331.88,40165.375
36511.64,40066.832,37700.48,40324.47
36591.04,40295.12,38047.66,40413.723
36709.65,40525.793,38028.99,40545.152
37400.56,40796.227,38054.92,40739.13
37782.21,41305.312,38746.34,41130.707
38053.0,41825.39,38892.74,41545.535
38626.38,42380.383,39489.93,42038.26
40431.98,42931.836,40142.05,42581.605
40972.91,43766.2,41748.65,43356.57
41917.2,44722.266,42574.83,44237.33
43405.12,45600.49,43553.7,45119.195
46763.34,46462.41,45378.78,46037.555
48587.44999999999,47668.883,48538.49,47243.047
50130.77,49110.207,50445.600000000006,48599.273
51440.23,50499.49,51962.52,49949.176
53002.350000000006,51784.09,53178.119999999995,51237.67
54046.88999999999,53220.082,54963.97000000001,52657.59
55395.850000000006,54521.133,56300.05,53959.93
56558.37000000001,55655.49,57381.01,55145.062
57698.689999999995,56693.098,58253.66,56240.387
58123.85,57347.875,59396.49,57269.914
58786.189999999995,58159.41,60166.87000000001,58190.742
59590.329999999994,58867.79,60404.29000000001,59047.586
59789.98,59468.65,60750.77,59801.656
60372.18,60302.54,60620.21,60751.64
60872.07,60967.47,61203.82,61558.113
61306.060000000005,61560.242,61638.22000000001,62300.848
61724.22,62054.35,61886.11,62950.668
62053.53,62762.64,61906.96,63824.234
62652.15000000001,63319.355,61879.96,64518.188
62513.92,63734.617,62439.91,65054.09
63263.14,64063.418,63558.0,65474.12
64279.89000000001,64525.707,64530.34,66055.57
64103.450000000004,64855.535,65343.439999999995,66430.766
64243.009999999995,65141.03,65560.44,66709.12
63684.55999999999,65211.117,64971.82,66778.32
63034.03,65464.19,64360.83,67061.6
62562.45999999999,65390.14,64261.72,66982.34
62260.91,65146.62,64393.16,66736.45
62593.86,64804.562,64166.24999999999,66382.96
62688.270000000004,64622.395,64451.57,66229.54
62458.43,64414.58,64287.229999999996,65981.695
62301.91,64193.254,63265.36,65691.375
61889.27,63948.945,62702.689999999995,65379.805
62213.62,63806.484,61815.79,65221.973
62044.82,63574.918,61274.83,64932.23
61767.43,63396.094,60908.87,64655.51
61818.48,63210.465,60483.67,64366.094
61247.850000000006,63026.88,60804.69,64126.93
60907.54000000001,62854.0,60467.58,63842.832
60342.12,62639.92,60359.87999999999,63533.594
59798.95,62447.234,60188.72,63254.887
59490.049999999996,62210.816,61050.85,62987.434
58815.48,61990.453,60904.219999999994,62732.75
58885.47,61833.18,60686.5,62555.895
58948.19000000001,61676.8,60618.22000000001,62413.656
59027.2,61502.64,60440.61000000001,62263.914
59253.42,61399.08,60124.71,62191.56
59121.25,61341.08,59974.26000000001,62174.477
59040.100000000006,61320.473,59971.55999999999,62196.383
58824.08,61150.754,59518.13,62068.285
58780.34,60998.945,59030.99,61974.17
58448.52999999999,60822.99,58699.97,61860.742
58306.15,60646.547,58626.08,61742.098
57763.78999999999,60265.67,58428.37999999999,61412.35
57686.09,59885.656,58253.630000000005,61108.617
57326.37,59454.727,57874.240000000005,60753.953
56124.94,59060.25,57609.98,60422.375
55331.90000000001,58474.586,56967.64,59872.203
54845.049999999996,57793.85,55992.66,59264.133
54574.63,57111.414,55846.9,58641.453
54316.490000000005,56475.723,55986.91,58047.72
54092.950000000004,55715.473,55930.17,57285.89
53702.21000000001,55037.38,55162.88,56608.566
52842.32,54440.05,54212.8,56001.11
51994.58,53884.574,53452.78999999999,55432.723
51041.420000000006,53150.215,52458.63,54663.73
49768.59,52416.87,51541.17,53926.14
48802.09,51692.336,50811.329999999994,53206.535
47617.72,50961.63,49776.14,52493.918
46818.72,50153.48,48070.41000000001,51718.496
46157.33,49303.363,47174.95,50884.355
45481.75,48574.13,46511.62,50172.145
44818.25,47926.93,46295.41,49529.773
44357.19,47256.594,45394.73,48840.047
44022.06,46610.574,44552.97,48190.656
43736.84,46054.08,44060.24,47625.555
42762.9,45583.23,43708.07,47134.336
42452.08,45184.746,42799.12,46667.92
42214.59,44725.47,42240.98,46159.68
41935.95,44390.97,42033.81,45745.695
41350.95,44173.617,42099.2,45412.02
41462.74,44200.926,41832.29,45301.395
41293.2,44087.027,41620.75,45074.82
41452.27,44054.285,41600.05,44920.81
41475.25,44042.87,41613.52,44805.023
41551.59,44215.547,41542.41,44809.14
41391.99,44363.773,41854.29,44813.574
41488.62,44587.363,41826.92,44908.895
42184.41,44823.977,41799.08,45062.613
42522.41,45263.91,42087.7,45368.625
42802.59,45768.06,42384.98,45745.902
43136.32,46299.516,42315.28,46199.746
44359.3,46841.406,42715.92,46712.332
45192.85,47603.875,44700.37,47408.805
45897.6,48423.094,45989.61,48178.11
47002.86,49253.55,46685.49,49008.883
50203.55,50059.316,47837.97,49863.875
51947.71,51146.01,50962.02999999999,50948.08
53199.98000000001,52484.14,52897.3,52210.117
54367.07,53792.562,53972.61,53493.45
56179.56,54982.246,55276.75,54714.414
57301.56999999999,56314.78,56889.08999999999,56061.17
58122.04,57602.06,58019.11,57368.652
59455.52,58748.152,58858.270000000004,58575.62
60410.01000000001,59729.117,59560.84,59648.97
60864.68000000001,60385.062,60391.80000000001,60637.824
61433.7,61259.945,61021.88,61647.59
62026.14,61985.016,61549.090000000004,62548.77
61435.68,62592.895,62102.850000000006,63334.61
61468.03,63465.746,61808.73999999999,64345.492
61779.49,63995.45,62206.94,65087.855
62304.170000000006,64364.805,62833.09999999999,65680.53
61831.84,64622.707,63389.259999999995,66146.414
62359.08999999999,65249.777,63670.67999999999,66925.836
63113.62,65516.79,63838.880000000005,67388.31
64090.729999999996,65707.05,64325.66,67728.75
64359.72,65870.58,64668.71,67991.36
64561.81,66456.46,65363.45,68600.53
65580.64,66701.42,65554.11,68862.6
65852.83,66825.18,66026.68,68989.195
65150.66,66931.91,65961.22,69044.64
64862.96,67333.055,64506.20999999999,69384.85
64695.369999999995,67299.13,64533.74,69331.15
64885.37,67111.0,64710.2,69119.984
64652.85,66822.07,64689.59,68791.11
64051.88,66788.42,63723.58,68699.586
63702.9,66506.07,62804.03,68355.82
63337.57,66132.18,62991.72,67934.27
63051.9,65743.93,61779.43,67491.48
62501.42,65548.67,61646.16,67266.875
62246.4,65160.457,61334.37999999999,66825.36
61458.340000000004,64788.812,61267.8,66400.86
61163.04,64442.61,60428.17,65985.82
60838.10999999999,64159.746,60904.01,65675.16
60609.91,63822.88,60514.11,65280.35
60223.45,63536.26,59276.82000000001,64923.695
59849.37000000001,63306.92,59026.9,64621.87
59608.61,63128.688,59443.99,64410.2
59758.05000000001,62915.184,59058.09999999999,64167.273
60126.98,62772.098,58393.19999999999,64008.19
60601.36,62728.676,58643.31999999999,63940.14
60794.810000000005,62714.05,58669.11,63904.457
60541.17,62760.773,58386.25,63927.32
60505.29,62817.977,58686.87999999999,63971.652
59945.39,62823.914,58512.42,63987.914
59367.77,62690.184,58598.3,63880.445
59445.840000000004,62490.58,58269.189999999995,63738.227
59223.86,62229.312,58868.01999999999,63549.26
58786.91,61985.168,59428.530000000006,63366.71
57885.26999999999,61538.383,59116.12,62977.69
57602.10999999999,61092.504,58149.87,62608.418
57018.899999999994,60576.48,57781.03,62173.445
56337.39,60086.25,57288.45,61750.082
55596.34,59354.07,56582.08000000001,61078.156
55253.71,58614.3,56006.55000000001,60396.48
55031.1,57860.996,55423.01999999999,59686.688
54919.20999999999,57160.93,55374.35,59004.85
55107.58,56273.156,55079.73,58109.9
54633.77999999999,55527.246,54780.44,57337.477
53503.63,54918.973,54038.68,56678.105
52286.920000000006,54349.055,53155.34999999999,56059.008
51155.20999999999,53503.29,52298.25000000001,55177.516
50142.869999999995,52703.926,51226.39,54355.938
49303.76,51945.47,50075.380000000005,53589.37
47864.86000000001,51260.45,48715.409999999996,52897.785
46919.02,50388.92,47538.85,51984.44
46508.75,49582.457,46594.03,51113.504
46041.57,48859.082,46231.75,50337.08
44911.41,48263.414,45665.07,49677.824
44288.87,47627.31,44784.94,48974.812
43643.14,46991.348,44329.51,48284.875
43467.18,46427.39,44007.12,47675.387
42815.18,45927.51,43448.91,47122.848
42275.97,45498.047,42512.33,46610.223
41997.02,45099.094,42126.57,46100.59
41838.94,44773.953,42002.76,45662.062
41569.44,44545.586,41715.16,45298.8
41443.56,44369.652,41366.76,44842.43
41918.6,44380.31,40962.89,44627.11
42000.2,44426.945,41153.41,44471.246
41846.3,44599.023,41367.13,44424.465
41645.75,44906.184,41279.48,44482.992
41853.25,45161.74,40970.14,44528.164
42072.23,45424.035,41245.11,44632.41
42684.15,45766.375,41599.08,44835.848
42803.1,46324.996,41875.2,45213.94
43173.95,46937.324,42033.7,45669.406
43924.13,47530.305,42479.51,46181.312
45043.05,48142.02,42956.96,46760.25
45451.94,49035.15,44516.3,47575.883
45895.27,49968.934,45272.42,48451.324
47207.08,50816.863,46158.68,49328.72
50281.049999999996,51597.992,47127.23,50191.668
52061.59,52705.53,50084.69,51322.805
53339.58999999999,54013.613,51902.62999999999,52595.277
54391.49,55261.04,53397.93,53849.492
56012.73000000001,56381.902,54575.97,55020.707
57608.38,57628.95,56162.43,56300.836
58583.76,58793.65,57151.12999999999,57502.816
59085.81,59884.79,58137.52,58644.555
59839.55,60818.098,59012.0,59654.152
60326.3,61248.793,59910.700000000004,60392.21
60567.09,61950.098,60690.91,61204.39
60794.6,62547.574,60747.68,61952.137
60925.20999999999,62980.0,60701.26,62547.21
61037.71000000001,63638.63,60089.58,63328.35
61685.80999999999,64085.633,60142.99,63927.723
62843.17999999999,64395.375,60614.65,64401.27
63326.48,64666.3,61467.43,64811.88
63944.17999999999,65348.152,61620.21,65564.86
64529.59999999999,65805.61,61949.39,66107.03
65021.18,66165.32,62420.13,66537.88
65387.39,66442.26,62670.08,66868.92
66045.0,67021.03,62901.38999999999,67475.88
66061.24,67314.266,63811.380000000005,67803.83
65623.17,67511.87,64129.33000000001,68000.73
64690.23999999999,67554.02,63922.38,68041.63
63788.67,67758.734,63559.11,68252.61
63277.13,67582.96,63445.52999999999,68111.24
63189.74,67215.84,63121.05,67789.36
63131.58999999999,66745.26,62177.329999999994,67351.516
63373.10999999999,66520.9,62401.23999999999,67150.13
63130.16000000001,66146.42,62394.3,66774.87
62733.54,65792.26,62204.75,66391.086
62917.66999999999,65408.84,61441.88,65978.766
63101.09,65150.105,61207.76,65718.875
62793.52,64832.688,61065.100000000006,65375.035
62331.45999999999,64556.797,60890.57,65057.08
62116.030000000006,64279.93,60230.38999999999,64747.63
61901.99,64059.074,60431.27,64534.492
62040.96,63836.465,59839.27,64301.867
61472.13,63648.242,59438.92,64095.414
60970.09,63550.117,59403.76000000001,63966.984
60737.170000000006,63415.17,58478.409999999996,63845.742
60578.11000000001,63269.01,57959.18,63723.67
60491.43,63153.965,57587.62,63628.707
60577.0,63085.848,57445.16,63580.49
60437.880000000005,62955.37,57705.03,63483.73
60254.63,62866.902,57965.47,63433.07
60049.07,62765.89,58089.55,63375.61
59785.31,62641.04,57616.58,63304.527
59307.82,62357.598,57691.92,63091.027
59315.4,62069.535,57822.93,62891.566
59663.99,61748.0,58076.5,62662.76
59734.32,61461.02,58009.45999999999,62455.535
59085.61,61043.91,57562.020000000004,62103.81
58511.31999999999,60657.523,57161.44999999999,61781.977
57962.42,60216.395,57095.44999999999,61406.594
57045.09,59728.215,56724.530000000006,60983.81
57317.79,58986.703,56063.72000000001,60308.78
56647.090000000004,58191.227,55329.88,59587.496
56628.969999999994,57524.49,54880.84,58942.84
56503.11,56849.336,54679.66,58276.617
56192.01,56023.51,54915.89,57433.273
55425.02,55338.336,54352.31,56712.395
54599.83000000001,54724.34,53355.72000000001,56056.496
53184.42999999999,54115.734,52384.48,55415.55
52080.19000000001,53293.434,51558.28999999999,54568.63
51124.939999999995,52474.43,50525.04,53748.855
50077.12,51692.645,49459.74999999999,52969.11
48192.37,50985.99,48326.06,52264.156
47259.19,50036.098,47239.8,51328.727
46704.62,49115.207,46714.23,50374.945
45849.43,48265.086,45771.7,49501.44
45218.02,47529.715,45081.78,48731.883
44719.51,46711.586,43875.75,47901.49
43973.37,45975.734,43477.32,47152.273
43688.64,45295.168,42823.49,46472.242
43142.26,44658.805,42087.73,45848.324
42927.74,44095.67,41672.1,45281.824
42486.33,43578.71,41310.06,44751.37
42119.41,43177.38,40898.51,44321.65
41733.74,42851.668,40996.71,43963.22
41854.05,42347.9,40737.34,43349.19
41928.18,42329.965,40457.34,43217.477
42128.87,42476.0,40368.21,43201.688
41788.97,42694.69,40731.56,43280.03
41540.67,43090.85,40801.01,43488.48
41919.54,43394.06,40794.62,43684.066
42090.89,43673.816,40781.96,43912.953
42191.41,44057.484,41168.21,44251.555
42379.17,44644.586,41368.52,44747.758
42820.44,45180.406,41728.17,45261.78
43350.47,45710.344,42177.5,45819.555
44706.0,46283.656,42796.77,46449.082
45465.2,47104.133,43833.59,47272.293
45896.25,48009.76,44473.27,48174.8
46821.94,48876.664,45406.43,49081.76
49543.05999999999,49663.996,46739.6,49976.62
51118.35,50743.484,48904.02999999999,51103.453
52381.18,52025.44,50263.81,52358.535
53473.9,53280.598,51317.340000000004,53619.83
55675.28,54434.598,52428.01,54830.266
57059.909999999996,55737.47,53555.47,56153.895
58157.02,57061.773,54552.880000000005,57474.81
59380.28,58240.91,55786.23,58693.113
59861.39,59258.23,56669.9,59784.71
60507.27,60044.508,57745.71,60769.617
60695.48,60766.93,58471.13,61619.836
61174.65,61397.695,59495.69,62412.55
61096.1,61844.805,59939.78,63034.28
61508.92,62526.387,60237.59999999999,63817.52
62305.93,62954.824,60457.63,64389.79
62692.38999999999,63292.67,60879.86,64855.645
62797.18,63606.44,61103.25000000001,65255.016
63097.44,64214.105,61614.740000000005,65896.45
63863.02,64577.14,61949.69,66302.42
64400.94,64841.285,62444.09999999999,66592.36
64775.19,65090.484,63073.55,66817.89
65151.3,65650.58,63625.530000000006,67312.22
65901.56,65984.81,64265.44000000001,67559.234
66001.6,66190.76,65052.19,67666.195
65301.44,66342.3,65491.41,67688.95
65274.26999999999,66682.836,64689.95,67900.35
65191.47,66638.1,64427.66,67762.11
65484.95,66444.266,64425.14,67478.31
64977.15,66163.586,64067.94,67106.484
64313.77,66090.35,63172.43,66940.95
64059.21000000001,65786.4,62647.37999999999,66553.1
64048.78,65365.184,62810.71,66074.08
63335.91,64946.016,62893.81999999999,65594.805
62831.75,64643.375,62315.73000000001,65254.605
62562.97,64215.645,61952.079999999994,64800.246
62591.4,63804.43,62327.03,64368.52
62527.73999999999,63456.45,61792.810000000005,63996.383
61839.340000000004,63210.41,61749.719999999994,63733.914
61544.37000000001,63022.902,61837.68,63492.88
61372.33,62812.906,61640.99999999999,63251.305
61612.28,62639.977,61383.23,63058.676
61186.6,62447.098,61328.13,62870.336
60638.38,62372.56,61164.80999999999,62765.383
60842.65,62302.066,60827.47,62679.73
61324.31,62213.453,60717.86,62600.008
60790.21000000001,62054.7,60271.34,62455.445
60006.81,62035.02,60087.82000000001,62422.86
59777.76000000001,61956.168,59830.490000000005,62362.97
60088.86000000001,61801.914,60057.810000000005,62264.176
60136.02,61478.203,59825.03,62009.645
59835.49,61293.312,59169.24999999999,61879.28
59655.6,61129.082,58995.770000000004,61759.45
60147.1,60955.13,59646.62,61636.047
59673.060000000005,60582.156,59516.37,61323.8
59192.86,60330.516,58755.36000000001,61115.023
58573.12,60014.082,58325.68000000001,60852.883
57874.83999999999,59658.445,58087.48,60550.33
56930.7,59032.074,57706.829999999994,59994.902
56177.25,58429.96,56610.26,59453.703
55727.61,57763.984,56189.53,58842.195
55706.99,57097.94,55877.79,58212.45
55845.24999999999,56220.63,55034.76,57366.125
55104.37,55490.168,54036.25,56632.17
54201.15,54871.387,53327.44,55973.844
53446.35,54241.156,52356.44000000001,55311.887
52553.54000000001,53361.016,51318.67,54433.496
51585.86,52554.13,50360.2,53619.168
50583.89000000001,51789.477,49394.03,52848.18
49192.530000000006,51060.617,48304.7,52124.504
48262.69000000001,50146.625,46340.92,51310.164
47235.88,49307.27,45861.47,50431.2
46528.79,48505.19,45436.99,49625.746
45216.83,47731.625,45125.89,48865.164
44614.4,46951.68,44215.76,48128.387
44007.89,46125.83,43686.8,47368.664
43731.12,45412.29,42923.37,46724.664
42922.78,44807.824,42688.94,46173.38
42761.93,44329.094,42125.71,45721.57
42310.2,43841.22,41845.25,45260.297
41983.61,43501.586,41681.16,44918.797
41545.38,43236.223,41645.22,44642.94
41354.84,42787.527,41177.73,44073.98
41427.34,42756.76,40868.06,43908.37
41427.47,42815.277,40688.14,43802.098
41388.27,43009.883,41020.57,43827.3
41477.59,43380.99,40932.95,43983.195
41562.59,43695.29,40986.11,44141.113
41605.21,44066.887,40753.31,44380.25
41906.95,44455.16,40994.4,44679.02
42083.08,45006.27,41499.12,45104.97
42390.72,45517.754,41646.37,45557.566
42807.35,46015.72,41927.11,46046.598
44343.97,46505.434,42629.64,46578.38
45182.97,47207.438,43848.04,47269.25
46079.81,48005.242,44434.08,48054.1
47001.2,48778.312,45140.45,48852.04
49652.73,49527.93,46139.01,49669.14
51680.549999999996,50479.72,48840.530000000006,50640.895
52982.18000000001,51580.45,50672.54,51707.582
54188.87,52732.13,51845.52,52824.23
55550.48,53795.875,53260.56,53898.918
56853.51,54996.38,55136.52,55082.5
57977.41,56099.414,56224.12,56193.336
58967.86,57139.08,56658.72,57257.016
59925.689999999995,58098.34,57750.19,58254.49
60487.47000000001,59095.883,58607.87,59406.312
61066.87,59829.348,59188.82000000001,60241.504
61784.87000000001,60481.17,59675.79000000001,61011.0
61411.75,61017.742,60117.68,61659.5
61854.23999999999,61788.0,60248.82000000001,62484.137
62524.1,62234.953,60613.409999999996,63032.043
62949.3,62585.477,61347.77999999999,63466.336
63371.22,62887.453,61561.94999999999,63825.09
63570.85,63462.094,61611.299999999996,64419.387
64024.05,63853.445,61990.56,64823.555
64261.98,64108.44,61831.37,65087.32
64585.51,64294.547,62183.25,65267.742
65022.850000000006,64744.258,62238.21,65703.85
65637.1,64960.14,62435.46,65907.43
65632.76,65085.43,62806.740000000005,65997.6
64732.68,65177.598,62809.380000000005,66039.29
64842.55,65474.613,62260.67,66318.336
64786.15,65342.035,62187.99999999999,66228.33
64870.65,65128.453,61738.68,66037.91
64262.950000000004,64860.4,61503.719999999994,65781.41
63901.780000000006,64822.473,61060.33,65771.63
63911.990000000005,64504.133,60646.35,65514.445
62974.66,64130.023,60445.670000000006,65187.574
62616.6,63800.797,59555.270000000004,64872.312
62370.66,63519.09,59382.72,64674.418
61817.52,63113.703,58854.4,64331.57
61796.59999999999,62758.176,58296.41,63988.883
61631.04,62412.895,57822.29,63635.977
61384.39,62194.75,57620.5,63406.93
60568.59,61937.652,57158.27,63098.047
60316.04,61716.867,56641.48,62798.473
60422.52,61481.203,56219.67,62495.777
60665.450000000004,61255.66,56644.43000000001,62215.613
60858.55,61067.65,56327.50000000001,61942.7
61258.37000000001,61001.57,55934.31,61771.055
61538.16,61014.05,55838.45,61675.473
61150.99,60981.04,56398.38,61546.047
60888.84,60998.164,56306.96,61466.246
60812.38,60969.52,56117.19,61379.684
60681.73,60926.016,55975.36,61298.418
60442.38,60719.824,55712.29,61074.105
60382.69,60574.8,55717.67,60915.277
59980.51,60406.93,55696.03,60744.6
59402.94,60249.516,55705.85,60581.594
58593.48,59886.137,55334.079999999994,60231.25
58176.38,59552.312,54684.08,59916.375
57815.28,59159.48,54541.24,59550.21
57312.51,58771.133,54265.08,59172.24
56516.86,58184.434,53710.55,58594.24
56013.32000000001,57665.12,52862.21,58060.035
55755.36,57101.848,52507.75,57474.21
55321.2,56536.46,52399.05,56870.117
54705.75,55762.15,52523.409999999996,56078.723
54310.46,55099.41,52139.80999999999,55368.01
53376.130000000005,54433.715,51477.57,54655.598
52395.5,53811.992,50316.55000000001,53981.047
51230.350000000006,52916.707,49394.93,53116.87
50062.63,52095.676,48540.43,52305.52
49129.049999999996,51268.277,47604.52,51503.586
47395.34,50436.895,46600.87,50721.95
46582.13,49188.73,45429.95,49700.76
45862.71,48199.004,44713.81,48773.324
45084.13,47296.344,44114.92,47948.79
44861.94,46468.586,43667.11,47197.848
44538.54,45535.707,42849.54,46427.95
44117.62,44764.64,42127.75,45731.29
43631.38,44101.707,41749.68,45129.566
42822.36,43527.652,41210.0,44594.297
42402.53,42951.652,40690.45,44091.734
41663.49,42416.793,40469.09,43575.22
40541.38,42015.406,40393.85,43159.27
39628.26,41674.074,40098.93,42785.48
39765.35,40966.16,39734.52,42533.184
40080.29,40132.797,39521.04,41719.348
41110.02,39756.19,39276.02,41272.332
41118.38,39595.188,39497.4,40960.766
40997.47,39764.875,39100.0,40875.33
40107.2,39926.09,38957.18,40790.18
39650.72,40120.156,38989.7,40760.76
39451.85,40237.082,38685.01,40740.6
39431.12,40472.81,38542.86,40810.906
39484.39,40709.254,38547.98,40919.63
39934.76,40988.156,38679.76,41100.8
40917.8,41299.793,39002.04,41348.33
40749.78,41850.14,39782.92,41759.215
40261.43,42484.58,39834.33,42275.543
40402.8,43036.91,40033.55,42794.555
40705.56,43475.742,40356.5,43284.7
40919.2,44121.516,40874.77,43916.543
41565.58,44747.305,40747.47,44579.31
42513.87,45314.117,41264.71,45228.273
43968.87,45910.17,41837.87,45899.766
44953.79,46750.016,43250.98,46715.367
45753.53,47627.63,43847.73,47575.67
46608.71,48494.508,44599.55,48431.773
47288.82,49301.043,45225.59,49248.453
48345.0,50357.383,46299.97,50351.223
49097.85,50903.05,47071.46,50948.707
50237.56,51468.566,47927.02,51566.715
51236.36,51981.156,48771.83,52117.387
52302.98,52666.547,49320.24,52756.273
53878.450000000004,53282.477,49894.78,53355.812
54642.07,53846.445,50351.81,53900.387
54808.71,54423.918,50790.32,54431.445
54684.9,55137.195,51135.05,55069.848
54844.41,55628.508,51728.03,55575.344
54394.98999999999,55919.777,51860.95,55922.28
54639.51,56096.168,52538.24,56165.168
55032.049999999996,56335.516,52622.7,56474.035
55429.97000000001,56465.668,53174.75,56694.89
55831.22,56550.16,53465.16,56836.35
55987.6,56602.645,53075.18,56930.812
55755.94,56767.137,52363.95,57113.906
55393.72,56830.082,52251.63999999999,57218.42
55151.95,56794.168,52338.44,57217.465
54502.63,56642.867,52163.58,57097.145
53934.44,56570.684,51352.729999999996,57062.637
53810.46,56365.383,51079.95,56916.02
53541.46000000001,56091.06,50487.17,56678.402
52256.17,55810.902,50390.2,56413.89
52092.469999999994,55566.82,50568.36,56191.08
51959.52,55181.15,50690.25,55852.508
51950.93,54831.137,50701.94,55501.52
51812.39,54509.1,50578.9,55147.098
51186.3,54215.9,50563.83000000001,54825.34
50984.67,53946.957,50627.77,54504.113
50792.89000000001,53674.93,49863.049999999996,54191.22
50709.46,53463.504,49714.67,53932.465
50551.00000000001,53219.176,49745.05999999999,53649.984
50456.52,53050.996,49518.41,53441.992
50354.75,52933.086,49415.71,53296.63
50551.81999999999,52871.37,49515.55,53216.51
50714.01,52719.164,50225.56,53058.258
50962.35999999999,52667.06,50163.82,52996.34
51002.86,52659.918,49224.59,52986.402
51125.17999999999,52706.387,49234.99,53025.625
50698.1,52677.797,48807.99999999999,53004.5
50754.3,52677.87,48769.68,52994.4
50412.73,52623.742,48839.71,52956.48
50946.09999999999,52571.984,48882.93000000001,52924.234
49851.78,52356.39,49028.51,52752.47
49389.11,52251.91,48754.51,52659.555
49229.14,52010.168,48678.89,52455.938
48419.42,51736.574,48373.87999999999,52219.664
47953.42,51369.992,47894.71,51890.566
47198.27,50973.566,47180.0,51520.695
47114.59,50535.668,47159.27,51101.305
47192.59,50052.86,47295.12,50634.074
47433.4,49490.445,47062.4,50102.637
47039.98,48986.984,46555.66,49585.395
46237.1,48528.703,45976.29,49085.75
46130.39,48043.8,45463.04,48574.586
45232.0,47416.848,45358.76,47994.598
44378.61,46845.293,44544.59,47417.727
44013.22,46209.53,43616.98,46801.508
42983.77,45557.387,43141.03,46197.883
42254.97,44439.258,42557.23,45371.54
41357.33,43634.65,41655.14,44634.562
40586.3,42883.785,40929.84,43961.133
39807.2,42130.254,40662.13,43303.582
39681.14,41336.727,39679.26,42677.156
39364.53,40524.875,38958.28,41977.855
38669.53,39778.35,38311.88,41346.945
37964.32,39076.57,37390.34,40751.14
37915.09,38340.812,36713.26,40183.953
37792.67,37575.34,36487.17,39537.805
37289.05,36897.133,36238.07,38949.727
37216.99,36291.016,36137.67,38403.844
37020.62,36015.71,35889.0,38389.82
36560.45,35704.89,35160.85,38073.66
36485.1,35412.29,35057.48,37763.992
36450.5,35177.395,35258.94,37490.83
36174.19,35089.434,35153.88,37322.18
35962.42,35029.02,34850.19,37156.535
36108.44,34965.816,34793.83,37002.344
36080.48,34956.9,34624.08,36917.305
36130.21,35182.785,34683.47,37007.617
36202.16,35428.465,34474.51,37146.6
36269.16,35736.414,34701.55,37364.902
36280.34,36120.094,35061.7,37658.33
36300.37,36763.88,35259.63,38183.344
36155.52,37321.26,35340.38,38680.742
35937.03,37856.875,35416.04,39208.527
36295.19,38368.113,35810.31,39756.965
36580.96,39046.832,35899.59,40431.95
36703.85,39671.375,36048.87,41096.92
37062.9,40302.066,36115.62,41794.36
38053.02,40892.793,36364.33,42480.94
38798.0,41699.58,36691.84,43320.21
39705.88,42474.723,37448.96,44122.31
40337.35,43228.758,38016.72,44915.477
41169.63,43961.85,38781.92,45677.83
41891.15,44921.266,39589.5,46622.85
42467.21,45366.426,40598.7,47047.74
42786.17,45835.227,41288.94,47533.625
43358.03,46243.863,41997.72,47953.105
44064.01,46718.613,42546.66,48383.77
45122.1,47132.65,43119.13,48781.336
46189.62,47523.375,43744.49,49148.727
46523.65,47901.973,44524.74,49486.96
47107.14,48437.516,45394.63,49900.074
47417.75,48831.75,45897.64,50230.508
47716.69,49134.246,46516.61,50474.027
49163.65000000001,49299.656,46631.03,50603.902
50115.21,49562.168,47556.06,50775.816
51037.44,49930.375,48190.280000000006,51018.117
50899.91,50273.37,48709.75,51222.11
50954.73,50574.62,48737.34,51390.184
50664.02,50805.82,48587.31999999999,51512.22
49771.21,50990.723,48701.01,51606.902
49097.6,51030.105,48465.69,51587.887
47916.91999999999,50910.76,48301.84,51454.16
47710.95,50741.867,47874.11,51297.29
47998.71000000001,50555.89,47773.45999999999,51141.38
47341.19,50407.22,47654.99,50997.633
45982.9,50330.746,46886.61,50894.84
46052.23,50141.12,46611.68,50719.082
46659.62,49947.133,46612.73,50537.58
46395.85,49820.734,46465.09,50369.895
45852.14,49796.973,46455.49,50248.543
45983.2,49653.996,46479.72,50029.234
45973.36,49584.6,46092.17,49867.043
45796.39,49568.824,46199.25,49737.004
45591.53,49591.184,45893.82,49653.79
44973.2,49505.312,46076.28,49489.062
44808.57,49541.72,45745.82,49454.043
44785.81,49546.406,45791.16,49429.766
45273.83,49586.793,45901.1,49458.406
45610.44,49562.47,46391.57,49436.734
46014.57,49693.1,46351.12,49555.312
46181.03,49843.215,45446.89,49698.98
47196.75,50011.234,45079.47,49869.48
47749.75,50080.902,46170.77,49967.934
47902.62,50266.3,47004.44,50159.895
48097.51,50431.73,47157.93,50333.473
48096.04,50534.754,47557.02,50462.098
47343.15,50548.7,46706.33,50521.21
47224.82,50492.918,45967.35,50521.58
46804.74,50312.86,46147.74,50422.895
47207.31,50132.24,45968.87,50313.08
47251.69,49839.16,45959.67,50110.7
47309.8,49576.973,45883.48,49905.895
47283.93,49297.41,45943.58,49665.863
47437.43,49037.516,45729.94,49424.56
47479.44,48745.098,46574.51,49160.703
47206.21,48429.734,46633.06,48852.01
46831.12,48117.84,46148.2,48541.105
46565.27,47776.305,45853.54,48204.2
45953.06,47408.598,46443.33,47863.55
44891.55,46933.266,45747.1,47403.09
44283.01,46434.58,44995.11,46927.926
43850.55,45903.652,44141.89,46437.305
43183.82,45265.84,42621.74,45928.03
42457.24,44644.613,41827.29,45326.332
41853.79,44056.91,41276.21,44757.805
41209.61,43475.61,40905.99,44196.957
40511.5,42924.168,40308.92,43682.605
40312.34,42280.582,40026.18,43060.066
39983.74,41648.188,39753.32,42457.312
39138.55,41095.34,39501.49,41911.47
38746.3,40635.195,39042.72,41464.633
38692.87,40015.996,38949.03,40856.168
38607.27,39471.8,38656.94,40305.56
38407.73,39029.617,38341.46,39824.45
38381.16,39941.62,38262.01,40461.797
38280.33,40439.88,38315.8,40702.64
38331.88,40769.03,38475.53,40814.977
37700.48,41047.586,38542.11,40917.492
38047.66,41434.875,38777.02,41093.06
38028.99,41593.77,38780.23,41133.04
38054.92,41863.887,38864.79,41283.613
38746.34,42163.926,39168.16,41500.348
38892.74,42656.836,39217.63,41870.49
39489.93,43196.387,39402.06,42296.86
40142.05,43720.55,39817.07,42772.23
41748.65,44305.754,40314.07,43339.67
42574.83,45175.062,42103.21,44139.266
43553.7,46152.453,43274.37,45042.645
45378.78,47088.98,44238.27,45968.715
48538.49,48007.336,45958.36,46937.69
50445.600000000006,49335.79,49052.66,48240.117
51962.52,50847.207,51265.63,49656.97
53178.119999999995,52298.773,52918.38999999999,51063.863
54963.97000000001,53620.883,54377.41,52395.07
56300.05,55063.23,56209.71000000001,53835.08
57381.01,56408.504,57454.04,55179.27
58253.66,57612.17,58410.28,56418.97
59396.49,58646.52,59458.29,57522.01
60166.87000000001,59116.67,60988.56999999999,58432.777
60404.29000000001,59888.32,61783.35,59345.324
60750.77,60617.055,62234.44,60227.484
60620.21,61155.133,62578.32,60958.926
61203.82,61865.04,62372.87,61850.633
61638.22000000001,62388.625,62736.34,62579.16
61886.11,62872.402,63311.45,63255.785
61906.96,63263.266,63606.93,63837.62
61879.96,63888.527,63671.80000000001,64656.926
62439.91,64288.082,64214.28,65231.066
63558.0,64517.242,64791.66,65627.07
64530.34,64700.156,65220.56,65926.13
65343.439999999995,65247.926,65047.18,66531.375
65560.44,65646.414,65618.32,66917.4
64971.82,65950.44,66041.63,67162.12
64360.83,66099.27,66126.03,67258.04
64261.72,66256.27,65925.92,67429.37
64393.16,66111.28,65593.51,67276.21
64166.24999999999,65895.13,65979.4,67037.67
64451.57,65654.984,66340.99,66756.625
64287.229999999996,65562.42,65597.02,66685.11
63265.36,65385.5,65622.19,66449.44
62702.689999999995,65158.38,65247.48,66146.82
61815.79,64823.035,64309.810000000005,65773.07
61274.83,64574.074,63891.70999999999,65549.81
60908.87,64174.38,63547.13,65122.137
60483.67,63786.074,63576.73999999999,64673.977
60804.69,63433.945,63181.82,64253.543
60467.58,63115.62,62941.89,63917.855
60359.87999999999,62875.555,62489.04,63577.64
60188.72,62656.01,62358.479999999996,63264.598
61050.85,62489.023,61647.46,63015.2
60904.219999999994,62304.12,61054.32000000001,62798.61
60686.5,62282.363,60342.44,62706.395
60618.22000000001,62259.797,59907.939999999995,62645.656
60440.61000000001,62235.387,59818.08,62614.84
60124.71,62146.746,59633.95,62546.824
59974.26000000001,62086.664,59500.36000000001,62517.23
59971.55999999999,62018.727,59249.659999999996,62493.703
59518.13,61958.84,59301.55000000001,62491.523
59030.99,61771.008,59426.689999999995,62352.043
58699.97,61569.363,59511.62999999999,62224.64
58626.08,61324.85,59086.22,62066.56
58428.37999999999,61056.34,59465.420000000006,61888.027
58253.630000000005,60647.418,59281.409999999996,61550.914
57874.240000000005,60241.965,58772.42,61236.895
57609.98,59836.367,58412.88999999999,60910.324
56967.64,59403.305,57709.590000000004,60554.92
55992.66,58800.53,57280.0,59991.934
55846.9,58184.195,56691.36,59432.027
55986.91,57525.895,56331.21,58830.14
55930.17,56950.94,56573.27,58285.6
55162.88,56285.086,56232.17999999999,57598.41
54212.8,55693.637,55470.76000000001,56994.555
53452.78999999999,55083.305,54572.05,56382.25
52458.63,54458.215,53769.95999999999,55760.57
51541.17,53681.45,52508.98,54956.184
50811.329999999994,52888.695,51157.47000000001,54167.7
49776.14,52121.203,50076.88999999999,53411.92
48070.41000000001,51430.176,49080.16,52723.457
47174.95,50679.285,47784.36,51980.234
46511.62,49778.816,47038.49,51101.43
46295.41,49007.85,46167.05,50355.938
45394.73,48330.617,45414.77,49687.65
44552.97,47698.25,45117.56,49018.586
44060.24,47036.61,44654.81,48356.77
43708.07,46420.38,44279.12,47747.71
42799.12,45895.2,43771.67,47211.49
42240.98,45441.49,43379.72,46698.598
42033.81,44952.848,43105.6,46160.477
42099.2,44572.31,43069.42,45705.797
41832.29,44324.914,42814.2,45344.566
41620.75,44406.75,42216.64,45274.91
41600.05,44378.336,42036.58,45108.918
41613.52,44339.074,42202.19,44965.64
41542.41,44346.785,42280.43,44872.363
41854.29,44483.113,42305.64,44862.78
41826.92,44624.164,42185.74,44876.195
41799.08,44872.04,42249.96,45001.215
42087.7,45148.97,42431.09,45189.71
42384.98,45611.004,42899.49,45528.477
42315.28,46059.734,43220.86,45897.57
42715.92,46559.406,43649.51,46349.496
44700.37,47029.867,44041.44,46834.54
45989.61,47759.746,45395.49,47521.51
46685.49,48699.73,46192.48,48373.47
47837.97,49683.15,46644.22,49314.176
50962.02999999999,50602.473,48173.340000000004,50259.28
52897.3,51794.023,50746.95999999999,51431.47
53972.61,53211.273,52477.04,52764.973
55276.75,54601.17,53751.9,54117.727
56889.08999999999,55820.09,55120.52999999999,55372.395
58019.11,57198.645,56518.98,56765.363
58858.270000000004,58489.316,57140.119999999995,58088.188
59560.84,59631.043,58118.08,59306.1
60391.80000000001,60598.953,58923.579999999994,60383.867
61021.88,61125.31,60032.1,61296.418
61549.090000000004,61938.43,60316.36,62271.043
62102.850000000006,62636.816,61032.71,63160.035
61808.73999999999,63209.406,61236.52999999999,63926.99
62206.94,64072.74,61046.74,64946.254
62833.09999999999,64629.062,61745.09,65712.79
63389.259999999995,65064.59,62398.74,66351.57
63670.67999999999,65420.31,62970.57000000001,66884.57
63838.880000000005,66134.75,63516.48,67721.66
64325.66,66547.99,63973.09,68273.93
64668.71,66759.06,64002.46,68600.2
65363.45,66871.086,64513.84,68782.66
65554.11,67326.56,64597.25,69252.95
66026.68,67531.55,64906.33999999999,69446.09
65961.22,67615.336,65471.51,69504.45
64506.20999999999,67611.41,65246.48000000001,69452.625
64533.74,67848.09,64546.94,69642.27
64710.2,67584.01,64302.29,69388.23
64689.59,67271.26,64264.67999999999,69047.12
63723.58,66926.2,64191.93,68640.766
62804.03,66848.91,64094.14,68503.77
62991.72,66451.9,63965.78,68078.56
61779.43,65969.57,63668.25,67595.02
61646.16,65561.875,63445.37,67151.32
61334.37999999999,65246.12,63015.6,66862.92
61267.8,64787.625,62899.420000000006,66390.69
60428.17,64376.17,62755.78,65945.68
60904.01,64031.63,62601.0,65533.934
60514.11,63751.582,62535.76999999999,65225.72
59276.82000000001,63496.332,61885.89,64880.812
59026.9,63257.598,61371.02,64561.98
59443.99,62973.445,61148.6,64246.3
59058.09999999999,62783.465,60825.27,64039.914
58393.19999999999,62692.15,60397.76000000001,63898.1
58643.31999999999,62628.64,60267.84,63807.566
58669.11,62549.438,60230.62,63734.97
58386.25,62480.39,60365.59999999999,63678.8
58686.87999999999,62415.47,59977.54,63634.516
58512.42,62335.305,60157.05999999999,63591.6
58598.3,62297.53,60059.42999999999,63578.72
58269.189999999995,62110.953,59800.24999999999,63435.8
58868.01999999999,61943.418,59575.14,63318.68
59428.530000000006,61728.223,59612.16,63165.18
59116.12,61581.52,59669.08,63053.29
58149.87,61307.51,59486.69,62794.84
57781.03,60992.316,58899.22,62509.566
57288.45,60569.438,58800.6,62136.344
56582.08000000001,60134.188,58305.34,61742.14
56006.55000000001,59443.23,57650.70999999999,61084.74
55423.01999999999,58736.535,56987.31,60423.58
55374.35,58033.082,56885.87,59743.42
55079.73,57359.082,56846.94,59074.9
54780.44,56528.527,56308.77,58220.75
54038.68,55803.164,55326.5,57469.695
53155.34999999999,55144.57,54608.87,56778.008
52298.25000000001,54506.91,53527.16,56109.047
51226.39,53646.406,52274.97,55219.24
50075.380000000005,52888.81,51158.89,54433.316
48715.409999999996,52178.684,50005.41,53704.855
47538.85,51506.785,49367.05999999999,53027.977
46594.03,50597.61,47853.09999999999,52094.566
46231.75,49780.484,47142.71,51221.895
45665.07,49052.22,46469.75,50449.21
44784.94,48466.836,45986.96,49799.77
44329.51,47813.7,45000.43,49077.934
44007.12,47195.17,44567.98,48397.01
43448.91,46666.293,44295.48,47802.07
42512.33,46239.742,43603.12,47290.78
42126.57,45801.97,43354.92,46754.37
42002.76,45359.008,42914.52,46206.484
41715.16,45026.598,42716.72,45755.902
41366.76,44816.77,42223.51,45396.664
40962.89,44655.29,41707.28,44954.047
41153.41,44639.973,41916.9,44732.156
41367.13,44630.16,41950.24,44560.53
41279.48,44711.31,41898.08,44475.61
40970.14,44977.477,41741.54,44521.39
41245.11,45228.81,42107.42,44582.55
41599.08,45472.64,42247.53,44701.395
41875.2,45813.71,42343.04,44931.203
42033.7,46400.953,42529.13,45355.285
42479.51,46994.465,42810.69,45829.39
42956.96,47575.19,43357.55,46362.16
44516.3,48199.895,43689.68,46979.793
45272.42,49085.438,44873.45,47820.215
46158.68,50082.633,45746.14,48765.387
47127.23,51025.24,46843.6,49727.75
50084.69,51940.438,47934.28,50706.953
51902.62999999999,53087.984,50581.2,51897.65
53397.93,54427.395,52180.07,53209.42
54575.97,55737.984,53744.64,54520.598
56162.43,56932.688,54869.15,55751.527
57151.12999999999,58197.453,56542.90000000001,57035.75
58137.52,59358.7,57633.1,58225.61
59012.0,60329.523,58760.08999999999,59278.473
59910.700000000004,61157.82,59713.78,60206.953
60690.91,61515.22,58869.66,60855.098
60747.68,62226.49,60860.90000000001,61662.184
60701.26,62879.22,60891.67,62447.332
60089.58,63334.49,61042.41999999999,63062.91
60142.99,63938.996,60950.74999999999,63799.35
60614.65,64271.516,61323.75,64319.88
61467.43,64481.48,61577.53,64718.168
61620.21,64660.18,62032.84,65056.566
61949.39,65250.094,62204.490000000005,65733.06
62420.13,65599.74,62333.48000000001,66196.445
62670.08,65840.72,62987.14,66530.0
62901.38999999999,65996.195,63108.079999999994,66758.35
63811.380000000005,66434.11,63552.28,67235.61
64129.33000000001,66602.0,64276.09,67451.336
63922.38,66740.08,64512.82,67584.89
63559.11,66776.516,64883.61,67604.59
63445.52999999999,66979.19,64412.99,67793.74
63121.05,66844.71,64351.43,67655.125
62177.329999999994,66595.78,64100.119999999995,67395.45
62401.23999999999,66225.08,64166.24999999999,67017.06
62394.3,65946.555,63944.48,66777.48
62204.75,65566.96,63687.46,66403.89
61441.88,65151.46,63391.51,65967.36
61207.76,64739.742,62222.04,65539.9
61065.100000000006,64362.426,62203.810000000005,65191.965
60890.57,63928.168,62291.18,64767.598
60230.38999999999,63536.945,61589.200000000004,64370.5
60431.27,63206.305,60994.74999999999,64027.734
59839.27,62899.344,60905.79,63746.277
59438.92,62662.207,60734.74,63494.31
59403.76000000001,62447.547,60194.399999999994,63278.5
58478.409999999996,62273.99,59804.87,63099.723
57959.18,62137.37,59773.68,62965.062
57587.62,61961.03,59355.73,62814.996
57445.16,61826.582,59199.81,62710.527
57705.03,61731.746,58966.20999999999,62640.633
57965.47,61589.754,59035.66,62530.316
58089.55,61536.457,58911.65000000001,62495.54
57616.58,61525.516,58757.97,62487.344
57691.92,61518.14,58814.19,62482.06
57822.93,61313.91,58459.96,62316.03
58076.5,61134.887,58448.71,62186.145
58009.45999999999,60959.52,58328.15,62052.58
57562.020000000004,60817.33,58018.18,61945.754
57161.44999999999,60476.766,58001.09999999999,61656.312
57095.44999999999,60074.875,57367.82,61328.08
56724.530000000006,59631.914,57036.15,60953.645
56063.72000000001,59190.426,56765.06,60567.54
55329.88,58515.016,56262.7,59950.566
54880.84,57802.895,56073.78,59303.414
54679.66,57059.33,55979.57,58608.117
54915.89,56364.938,56049.079999999994,57934.367
54352.31,55495.336,56053.83,57067.566
53355.72000000001,54806.754,55245.61000000001,56342.83
52384.48,54133.586,54168.16,55631.027
51558.28999999999,53450.07,53034.94,54922.69
50525.04,52565.48,51590.73999999999,54017.91
49459.74999999999,51776.04,50607.45,53204.652
48326.06,51020.145,49307.29,52440.184
47239.8,50307.98,48532.33,51724.965
46714.23,49329.133,47416.02,50762.59
45771.7,48507.72,46501.86,49874.04
45081.78,47783.48,45770.82,49084.363
43875.75,47067.492,45294.32,48317.617
43477.32,46299.895,44438.26,47525.254
42823.49,45509.63,43767.21,46736.668
42087.73,44814.008,43745.23,46040.797
41672.1,44169.797,43607.67,45412.824
41310.06,43528.188,43002.78,44796.51
40898.51,42989.125,42712.88,44254.832
40996.71,42553.92,42245.4,43808.043
40737.34,42206.22,42094.83,43439.35
40457.34,41771.61,41502.04,42869.59
40368.21,41830.918,41384.24,42794.332
40731.56,41953.375,41507.62,42776.934
40801.01,42140.305,41539.5,42856.676
40794.62,42541.27,41725.47,43078.3
40781.96,42932.383,41593.74,43335.38
41168.21,43333.527,41539.96,43652.45
41368.52,43736.24,41833.37,44021.336
41728.17,44356.664,42231.82,44548.234
42177.5,44940.832,42549.4,45102.08
42796.77,45532.402,42937.62,45703.324
43833.59,46138.227,43370.87,46354.59
44473.27,47020.17,44850.44,47217.027
45406.43,47928.816,45781.15,48128.2
46739.6,48789.227,46670.73,49041.777
48904.02999999999,49641.434,48047.59,49979.668
50263.81,50835.562,50759.44999999999,51185.715
51317.340000000004,52097.7,52286.67,52426.26
52428.01,53257.59,53459.200000000004,53613.11
53555.47,54295.574,54574.37,54733.85
54552.880000000005,55533.36,56093.84,56005.445
55786.23,56602.715,57246.549999999996,57150.242
56669.9,57549.4,58102.34,58204.074
57745.71,58430.266,58891.65,59194.02
58471.13,59162.47,59784.8,60134.1
59495.69,59882.0,60177.11,60973.047
59939.78,60530.027,60715.46,61766.34
60237.59999999999,61130.676,60884.69,62483.49
60457.63,61948.17,60930.04,63365.562
60879.86,62522.668,61483.35,64036.926
61103.25000000001,62937.293,62085.8,64555.953
61614.740000000005,63254.68,62624.2,64957.75
61949.69,63847.99,62742.43,65590.72
62444.09999999999,64258.484,62680.48999999999,66033.805
63073.55,64546.85,63031.13,66342.19
63625.530000000006,64774.375,63619.96,66563.234
64265.44000000001,65317.01,64201.28,67061.42
65052.19,65671.266,64347.7,67349.99
65491.41,65915.875,64445.94,67503.92
64689.95,66102.586,64676.62,67571.66
64427.66,66523.99,64056.17,67865.64
64425.14,66545.18,64032.049999999996,67797.7
64067.94,66390.01,63694.94000000001,67558.42
63172.43,66167.945,63690.03999999999,67256.06
62647.37999999999,66052.77,63478.67,67076.0
62810.71,65672.98,63344.79000000001,66646.69
62893.81999999999,65226.59,63235.14000000001,66153.89
62315.73000000001,64845.742,62767.77,65706.016
61952.079999999994,64598.016,62572.420000000006,65401.062
62327.03,64238.887,62191.99,64991.734
61792.810000000005,63903.46,61916.88,64606.426
61749.719999999994,63667.824,61681.5,64298.477
61837.68,63435.855,61925.45,64037.402
61640.99999999999,63234.633,61543.63,63782.906
61383.23,63114.215,60940.29,63598.26
61328.13,63012.35,60589.240000000005,63447.3
61164.80999999999,62866.21,60447.740000000005,63292.516
60827.47,62763.504,60053.42,63170.41
60717.86,62704.992,59748.69,63097.188
60271.34,62642.15,59738.87,63035.668
60087.82000000001,62456.043,59879.63,62874.293
59830.490000000005,62294.79,59599.73999999999,62750.758
60057.810000000005,62160.555,59468.81,62647.29
59825.03,62018.97,59494.94,62554.336
59169.24999999999,61757.223,59440.65,62337.492
58995.770000000004,61540.273,59063.72,62178.453
59646.62,61279.69,58920.369999999995,61991.527
59516.37,61027.97,58877.22,61808.465
58755.36000000001,60670.855,58872.29,61501.035
58325.68000000001,60367.305,58125.41,61244.957
58087.48,59992.277,57787.51999999999,60926.375
57706.829999999994,59605.273,57433.51,60586.094
56610.26,58997.363,56671.31,60023.78
56189.53,58430.477,56357.869999999995,59489.406
55877.79,57770.05,56647.05000000001,58864.254
55034.76,57136.266,56891.98,58240.113
54036.25,56291.816,56380.64,57402.145
53327.44,55469.79,55623.44,56592.09
52356.44000000001,54628.51,54799.8,55766.84
51318.67,53843.523,53599.19000000001,54986.047
50360.2,52849.77,52429.43,54021.805
49394.03,51922.285,51458.01000000001,53117.777
48304.7,51057.96,50251.54,52276.082
46340.92,50253.723,49274.62,51497.562
45861.47,49268.656,48125.41000000001,50647.74
45436.99,48314.44,47516.9,49695.004
45125.89,47482.57,46702.79,48874.008
44215.76,46780.06,46014.73,48170.348
43686.8,46085.492,45116.44,47492.094
42923.37,45391.04,44320.08,46819.535
42688.94,44782.324,44000.59,46245.59
42125.71,44222.22,43936.13,45733.223
41845.25,43816.3,43538.46,45329.047
41681.16,43435.855,43018.43,44935.438
41645.22,43167.2,42771.05,44635.035
41177.73,43011.195,42520.37,44423.062
40868.06,42685.504,41899.31,43928.11
40688.14,42744.082,41711.52,43826.72
41020.57,42849.406,41645.62,43756.875
40932.95,43039.02,41884.76,43790.254
40986.11,43475.89,41807.88,43992.17
40753.31,43848.293,41689.71,44197.348
40994.4,44236.547,41811.78,44454.406
41499.12,44575.555,42035.61,44733.297
41646.37,45103.91,42450.9,45148.016
41927.11,45640.703,42790.91,45617.52
42629.64,46151.832,42929.32,46118.93
43848.04,46643.188,43680.49,46651.492
44434.08,47379.137,44858.56,47363.008
45140.45,48147.797,45205.19,48133.9
46139.01,48858.445,46308.51,48902.676
48840.530000000006,49540.984,48047.6,49686.203
50672.54,50447.17,50491.6,50639.4
51845.52,51525.93,52103.350000000006,51697.504
53260.56,52627.062,53537.67,52786.797
55136.52,53639.81,54671.24999999999,53839.164
56224.12,54821.98,56196.53999999999,55016.223
56658.72,55974.336,57224.450000000004,56159.734
57750.19,57020.1,58407.6,57231.652
58607.87,57855.46,59257.08,58157.023
59188.82000000001,58775.26,60020.57000000001,59251.336
59675.79000000001,59426.82,60358.17,60030.824
60117.68,60015.742,60739.58999999999,60755.246
60248.82000000001,60492.855,61217.42,61359.242
60613.409999999996,61207.61,61471.520000000004,62147.305
61347.77999999999,61682.81,61843.47,62713.137
61561.94999999999,62052.375,62431.68,63164.625
61611.299999999996,62379.418,62877.53999999999,63545.367
61990.56,62953.996,63267.64,64148.453
61831.37,63289.336,63632.33,64523.117
62183.25,63524.55,63989.23,64778.707
62238.21,63607.445,64492.99,64891.453
62435.46,64010.094,64711.82,65301.91
62806.740000000005,64136.023,64916.22,65439.027
62809.380000000005,64159.09,65138.51,65457.723
62260.67,64141.55,64865.91,65418.285
62187.99999999999,64382.93,63940.19,65663.516
61738.68,64251.785,63545.69,65578.39
61503.719999999994,64017.92,63495.45,65377.566
61060.33,63680.49,63150.06,65089.465
60646.35,63547.047,62983.200000000004,65031.2
60445.670000000006,63168.348,62615.73,64737.363
59555.270000000004,62737.62,62296.9,64370.85
59382.72,62342.97,61753.29,64012.27
58854.4,62021.547,61329.82,63791.566
58296.41,61622.953,61119.76999999999,63453.64
57822.29,61225.434,60769.37999999999,63080.082
57620.5,60851.566,60374.32,62714.58
57158.27,60529.168,60387.94999999999,62419.75
56641.48,60219.36,60007.3,62082.137
56219.67,59956.03,59580.85,61765.77
56644.43000000001,59722.555,59357.13,61475.277
56327.50000000001,59473.547,59583.25,61190.53
55934.31,59334.99,59213.57000000001,60958.95
55838.45,59248.7,58625.83,60785.086
56398.38,59188.586,58598.95,60651.934
56306.96,59031.66,58874.51000000001,60441.105
56117.19,59032.605,58720.93,60345.01
55975.36,59054.027,58571.11000000001,60285.793
55712.29,59075.887,58338.26,60246.305
55717.67,58912.703,58146.80000000001,60038.96
55696.03,58786.496,57891.77999999999,59881.043
55705.85,58676.156,57777.68,59743.69
55334.079999999994,58576.004,57751.54,59619.17
54684.08,58303.23,57119.030000000006,59323.145
54541.24,58077.727,56421.83999999999,59074.47
54265.08,57783.312,56349.37000000001,58769.0
53710.55,57498.33,56077.73,58461.758
52862.21,56997.44,55373.88,57944.59
52507.75,56541.95,54767.05,57451.582
52399.05,56002.836,54751.659999999996,56878.715
52523.409999999996,55458.94,54757.89,56288.383
52139.80999999999,54693.7,54339.17999999999,55502.715
51477.57,54082.613,53420.46000000001,54825.188
50316.55000000001,53472.066,52398.59,54145.793
49394.93,52841.445,51147.67,53455.863
48540.43,51909.008,49919.16,52552.426
47604.52,51053.9,49333.83,51693.227
46600.87,50218.54,48414.27,50867.188
45429.95,49395.895,47497.16,50078.54
44713.81,48075.3,46745.32,49018.168
44114.92,47145.51,46033.04,48141.34
43667.11,46304.977,45350.12,47364.348
42849.54,45543.19,44753.8,46664.355
42127.75,44716.05,43597.03,45975.777
41749.68,43928.133,43362.99,45278.43
41210.0,43188.08,42966.91,44640.707
40690.45,42566.37,42506.61,44098.688
40469.09,41962.477,41654.27,43613.33
40393.85,41436.805,40982.85,43121.52
40098.93,41058.746,40706.99,42730.613
39734.52,40834.348,40285.95,42438.273
39521.04,40412.223,39618.57,42323.645
39276.02,39846.67,39465.14,41670.285
39497.4,39596.324,39423.11,41302.164
39100.0,39479.473,39158.47,41044.72
38957.18,39578.18,39053.63,40948.348
38989.7,39645.61,38938.17,40831.254
38685.01,39766.82,38842.08,40773.027
38542.86,39971.18,38938.52,40809.8
38547.98,40285.566,38780.64,40939.53
38679.76,40568.68,38796.21,41083.055
39002.04,40872.434,38769.53,41284.87
39782.92,41225.08,38750.52,41565.492
39834.33,41779.242,39227.76,41991.81
40033.55,42379.492,39400.14,42492.523
40356.5,42923.0,39498.04,43001.34
40874.77,43451.832,39829.48,43536.28
40747.47,44198.76,40651.84,44223.188
41264.71,44913.17,40597.64,44926.32
41837.87,45495.85,41035.53,45569.97
43250.98,46083.242,41539.94,46223.293
43847.73,46875.15,42755.14,47000.473
44599.55,47698.156,43690.31,47807.18
45225.59,48444.703,44536.4,48574.5
46299.97,49155.168,45619.09,49311.965
47071.46,50129.746,46753.79,50341.89
47927.02,50655.2,47664.52,50909.047
48771.83,51178.77,48445.38,51488.156
49320.24,51663.453,49200.78999999999,52008.973
49894.78,52283.66,50015.78,52598.35
50351.81,52777.984,50588.17,53107.453
50790.32,53184.293,50944.600000000006,53537.36
51135.05,53507.164,51513.62999999999,53893.92
51728.03,53961.363,51789.98,54349.355
51860.95,54320.117,51915.780000000006,54755.62
52538.24,54627.99,52405.61000000001,55106.19
52622.7,54840.863,52709.51999999999,55370.29
53174.75,55227.64,52949.33999999999,55769.152
53465.16,55467.207,53271.72000000001,56068.863
53075.18,55652.246,53764.56999999999,56289.816
52363.95,55765.81,53699.19,56436.176
52251.63999999999,55929.28,53462.98,56643.863
52338.44,55891.67,53566.30000000001,56689.684
52163.58,55792.805,53143.41999999999,56643.95
51352.729999999996,55663.76,52607.41,56542.082
51079.95,55636.03,52090.3,56534.684
50487.17,55456.69,51948.39,56411.113
50390.2,55227.74,51755.32,56205.168
50568.36,54929.324,51227.11,55927.227
50690.25,54718.996,50538.7,55716.65
50701.94,54517.87,50441.020000000004,55483.08
50578.9,54328.168,50089.79,55219.574
50563.83000000001,54160.586,49572.67,54959.57
50627.77,53979.055,49770.22,54691.855
49863.049999999996,53809.074,49660.369999999995,54422.312
49714.67,53674.234,49455.21,54184.3
49745.05999999999,53498.09,49005.869999999995,53938.324
49518.41,53284.79,49110.41,53674.008
49415.71,53146.484,48962.63,53486.113
49515.55,53038.117,48848.2,53347.098
50225.56,52963.094,48545.27999999999,53256.57
50163.82,52836.25,49113.34,53119.984
49224.59,52814.375,49046.85,53076.3
49234.99,52792.582,49139.52,53055.71
48807.99999999999,52670.47,49260.34,52979.312
48769.68,52456.57,49479.49,52818.88
48839.71,52257.785,49420.49,52681.49
48882.93000000001,52083.46,49382.729999999996,52562.33
49028.51,51931.914,49315.9,52460.445
48754.51,51680.887,49760.98999999999,52262.33
48678.89,51510.902,49745.02,52112.15
48373.87999999999,51302.883,49404.96000000001,51919.617
47894.71,51087.453,48622.55,51707.973
47180.0,50751.707,48073.47,51382.035
47159.27,50398.41,47722.39,51013.215
47295.12,49974.855,48053.77,50576.68
47062.4,49569.66,47993.58,50148.125
46555.66,49113.113,47887.55000000001,49688.535
45976.29,48658.707,47202.05,49194.758
45463.04,48162.46,46887.42,48665.758
45358.76,47642.832,46115.69,48122.363
44544.59,47044.152,45658.58,47566.527
43616.98,46497.54,45005.48,47001.53
43141.03,45908.555,44271.54,46423.34
42557.23,45299.176,43405.1,45853.523
41655.14,44132.574,42129.92,44977.348
40929.84,43374.086,41598.01,44265.836
40662.13,42643.32,41193.39,43588.926
39679.26,41917.29,40389.24,42932.082
38958.28,41207.15,39448.8,42360.547
38311.88,40399.766,38953.6,41661.664
37390.34,39581.582,38456.37,40977.637
36713.26,38778.406,38105.69,40309.527
36487.17,37970.117,37597.26,39712.02
36238.07,37134.887,36983.91,39021.45
36137.67,36392.34,36789.91,38397.105
35889.0,35737.336,36699.31,37838.668
35160.85,35510.254,36377.57,37890.07
35057.48,35168.523,36010.98,37559.477
35258.94,34756.676,35712.48,37182.73
35153.88,34444.473,35732.18,36869.203
34850.19,34338.184,35670.98,36718.06
34793.83,34220.03,35536.83,36528.58
34624.08,34146.38,35625.52,36393.086
34683.47,34156.062,35557.3,36339.055
34474.51,34378.695,35415.21,36464.61
34701.55,34597.34,35480.73,36602.43
35061.7,34850.12,35362.15,36806.07
35259.63,35210.453,35188.04,37117.047
35340.38,35869.973,35497.1,37662.684
35416.04,36459.203,35475.37,38186.4
35810.31,37047.66,35582.44,38751.727
35899.59,37632.812,35366.3,39338.23
36048.87,38475.305,36091.51,40120.246
36115.62,39165.492,35718.31,40815.473
36364.33,39830.297,35945.88,41515.867
36691.84,40444.656,36263.76,42189.695
37448.96,41269.406,37142.24,43005.266
38016.72,41969.594,37855.97,43743.676
38781.92,42689.168,38632.18,44496.11
39589.5,43358.8,39353.24,45196.105
40598.7,44520.19,40214.08,46284.36
41288.94,44973.633,41013.26,46696.62
41997.72,45515.82,41762.91,47223.113
42546.66,46008.383,42235.79,47691.09
43119.13,46592.355,42880.3,48181.473
43744.49,47085.863,43681.14,48622.273
44524.74,47498.008,44295.94,48996.992
45394.63,47831.207,45019.96,49299.363
45897.64,48258.617,45439.07,49638.777
46516.61,48689.777,45923.5,49998.094
46631.03,49006.344,46231.71,50265.37
47556.06,49239.527,46759.06,50436.17
48190.280000000006,49459.508,47302.55,50582.613
48709.75,49743.01,47696.75,50782.434
48737.34,49963.52,48152.600000000006,50920.547
48587.31999999999,50099.293,48445.34,50982.527
48701.01,50206.586,48496.96,51025.285
48465.69,50295.46,48350.88,51063.445
48301.84,50326.332,48172.02,51033.35
47874.11,50284.23,47935.45,50945.797
47773.45999999999,50209.188,47486.07,50844.508
47654.99,50194.04,47193.5,50797.723
46886.61,50137.895,46794.3,50711.656
46611.68,50048.055,46452.13,50581.348
46612.73,49837.465,46226.92,50359.668
46465.09,49777.777,46102.85,50253.01
46455.49,49720.82,45942.88,50131.164
46479.72,49642.04,45543.27,49978.96
46092.17,49481.96,45660.55,49747.06
46199.25,49481.453,45389.71,49644.465
45893.82,49448.793,45227.17,49530.965
46076.28,49475.207,45162.42,49473.91
45745.82,49389.5,45194.5,49335.53
45791.16,49466.65,44834.5,49347.934
45901.1,49536.4,44737.54,49381.645
46391.57,49647.766,44912.99,49471.21
46351.12,49694.258,45732.2,49512.938
45446.89,49874.72,45880.7,49680.953
45079.47,50013.62,46093.37,49830.004
46170.77,50029.78,46444.35,49905.15
47004.44,49940.6,47256.3,49901.92
47157.93,50023.684,47580.5,50036.996
47557.02,50144.4,47390.94,50195.484
46706.33,50211.223,47660.07,50310.08
45967.35,50217.168,47744.98,50361.945
46147.74,50089.36,47617.32,50310.69
45968.87,49873.24,47515.38,50187.19
45959.67,49692.062,47637.34,50073.465
45883.48,49427.14,47543.46,49886.844
45943.58,49136.03,47780.18,49658.516
45729.94,48852.387,48215.0,49419.242
46574.51,48583.312,48387.73,49170.535
46633.06,48250.293,48300.22,48877.137
46148.2,47976.742,47677.04,48601.746
45853.54,47691.484,47279.34,48304.867
46443.33,47345.996,47055.79,47955.703
45747.1,46982.727,46914.89,47609.246
44995.11,46617.94,46512.98,47222.188
44141.89,46173.29,45920.18,46774.535
42621.74,45719.76,45313.15,46330.297
41827.29,45083.9,44479.93,45808.547
41276.21,44320.996,43888.92,45096.094
40905.99,43629.41,43456.53,44448.445
40308.92,43012.06,42968.82,43855.13
40026.18,42465.625,42413.73,43349.016
39753.32,41792.277,41928.03,42703.355
39501.49,41192.215,41282.05,42128.438
39042.72,40633.223,41002.17,41576.953
38949.03,40189.152,40651.76,41138.074
38656.94,39635.13,40397.42,40570.1
38341.46,39177.004,40144.75,40070.11
38262.01,38778.22,40025.39,39615.875
38315.8,39674.133,39721.22,40243.035
38475.53,40170.39,39622.53,40484.32
38542.11,40551.867,39763.7,40639.246
38777.02,40919.754,39569.52,40798.734
38780.23,41383.16,39131.68,41029.94
38864.79,41766.223,39256.7,41215.156
39168.16,42132.395,39238.07,41433.008
39217.63,42507.902,39370.25,41702.652
39402.06,43143.992,39995.47,42179.926
39817.07,43657.75,40321.6,42613.676
40314.07,44181.766,40957.27,43110.12
42103.21,44729.02,41588.68,43671.316
43274.37,45546.418,43382.93,44456.64
44238.27,46501.97,44319.95,45346.734
45958.36,47477.12,45573.43,46302.42
49052.66,48431.84,47398.24,47295.234
51265.63,49724.242,50560.159999999996,48563.777
52918.38999999999,51189.36,52404.78,49938.684
54377.41,52659.848,53784.31,51339.38
56209.71000000001,54040.848,55127.72000000001,52689.406
57454.04,55591.78,56810.22000000001,54184.207
58410.28,57021.57,57903.01,55574.188
59458.29,58256.574,59126.94000000001,56828.293
60988.56999999999,59300.277,60388.46,57929.906
61783.35,59805.54,61283.490000000005,58864.76
62234.44,60701.938,62129.02,59857.88
62578.32,61506.31,62685.46,60787.855
62372.87,62139.125,63091.33000000001,61578.47
62736.34,62933.496,63182.96,62531.37
63311.45,63501.758,63561.13,63295.94
63606.93,63969.125,64257.21000000001,63968.59
63671.80000000001,64357.766,64455.75,64550.977
64214.28,64964.047,64892.94,65352.81
64791.66,65360.766,65368.52,65928.48
65220.56,65669.766,65882.6,66383.47
65047.18,65892.55,66376.84,66724.26
65618.32,66330.95,66612.66,67274.125
66041.63,66486.47,67220.21,67507.42
66126.03,66568.71,67592.11,67614.68
65925.92,66567.164,67621.43,67607.9
65593.51,66728.99,67051.8,67795.85
65979.4,66637.04,66837.77,67684.61
66340.99,66415.33,66837.28,67439.26
65597.02,66199.26,67132.89,67167.03
65622.19,66180.914,67068.14,67131.79
65247.48,65923.14,67044.29,66836.734
64309.810000000005,65673.51,67093.95,66523.805
63891.70999999999,65388.312,66321.09,66190.766
63547.13,65097.203,66005.56,65931.55
63576.73999999999,64751.58,66041.76,65552.49
63181.82,64420.64,65620.19,65165.19
62941.89,64123.996,65293.369999999995,64788.844
62489.04,63850.14,65137.47,64483.914
62358.479999999996,63568.645,64986.64000000001,64120.098
61647.46,63298.785,64740.82,63765.895
61054.32000000001,63096.28,64193.39000000001,63480.793
60342.44,62815.36,63959.68,63179.184
59907.939999999995,62551.03,63765.05,62894.395
59818.08,62329.887,63238.58000000001,62676.547
59633.95,62159.473,63121.45,62526.848
59500.36000000001,61963.22,63155.27,62364.26
59249.659999999996,61835.094,63233.659999999996,62282.527
59301.55000000001,61742.492,63351.4,62249.98
59426.689999999995,61642.83,63329.560000000005,62218.277
59511.62999999999,61437.742,62603.34,62067.445
59086.22,61293.504,62066.16000000001,61982.22
59465.420000000006,61155.254,62217.10999999999,61904.293
59281.409999999996,60972.848,61857.0,61793.957
58772.42,60664.69,61361.84,61536.773
58412.88999999999,60314.523,60655.51,61261.492
57709.590000000004,59905.95,60505.33,60926.473
57280.0,59477.543,60099.1,60567.848
56691.36,58840.965,60071.19,59983.023
56331.21,58209.74,59759.78999999999,59413.098
56573.27,57587.703,60087.950000000004,58838.367
56232.17999999999,57011.953,60178.2,58294.883
55470.76000000001,56369.492,59433.42,57622.652
54572.05,55760.703,58484.81,57003.805
53769.95999999999,55128.047,56957.76,56374.004
52508.98,54500.953,56084.0,55747.645
51157.47000000001,53725.355,55097.33,54933.57
50076.88999999999,52903.516,54141.13,54119.887
49080.16,52074.906,52957.42,53316.28
47784.36,51286.418,52087.33999999999,52555.914
47038.49,50450.367,51045.310000000005,51763.785
46167.05,49545.434,50386.62,50887.016
45414.77,48798.727,49525.66,50162.098
45117.56,48118.375,48809.19,49497.547
44654.81,47410.418,47932.87,48783.484
44279.12,46777.77,47521.41,48141.973
43771.67,46232.723,47045.44,47585.99
43379.72,45780.04,46322.68,47103.2
43105.6,45364.8,45253.93,46614.81
43069.42,44989.688,45298.26,46147.26
42814.2,44735.902,44771.82,45773.887
42216.64,44618.49,44681.06,45499.684
42036.58,44735.797,44206.84,45446.58
42202.19,44697.98,44203.92,45276.887
42280.43,44680.332,44252.7,45144.08
42305.64,44752.816,44380.19,45091.582
42185.74,44979.4,44454.16,45139.816
42249.96,45194.152,44410.85,45206.04
42431.09,45431.605,44224.16,45331.41
42899.49,45729.82,44201.03,45539.203
43220.86,46208.785,44733.42,45895.203
43649.51,46698.777,44773.81,46299.09
44041.44,47214.9,45078.31,46770.047
45395.49,47770.91,45780.04,47313.266
46192.48,48543.13,47484.48,48047.61
46644.22,49396.316,48375.89,48869.406
48173.340000000004,50232.258,49714.75,49728.145
50746.95999999999,51018.703,51010.16,50590.004
52477.04,52160.27,54096.32,51736.426
53751.9,53453.516,55376.84999999999,52991.9
55120.52999999999,54729.695,56424.69,54263.227
56518.98,55907.31,57509.9,55481.504
57140.119999999995,57244.156,58945.14,56828.707
58118.08,58476.227,60261.14,58096.406
58923.579999999994,59506.18,61418.64,59223.008
60032.1,60406.336,62171.4,60237.996
60316.36,60883.664,63199.71,61088.785
61032.71,61689.453,63737.43,62035.777
61236.52999999999,62327.56,64259.34,62865.145
61046.74,62889.793,64715.74,63609.285
61745.09,63653.88,64260.58,64529.215
62398.74,64175.16,64753.21,65253.254
62970.57000000001,64632.777,65684.33,65888.664
63516.48,65006.72,66220.52,66414.09
63973.09,65737.38,66470.88,67248.21
64002.46,66203.94,66756.75,67817.83
64513.84,66517.336,67139.27,68209.7
64597.25,66642.71,67537.8,68403.9
64906.33999999999,67150.0,67847.57,68942.375
65471.51,67306.79,68504.44,69121.875
65246.48000000001,67319.45,68900.99,69127.164
64546.94,67300.2,69080.64,69063.13
64302.29,67530.945,68020.58,69245.664
64264.67999999999,67364.46,67885.82,69064.984
64191.93,67092.695,68077.01,68761.59
64094.14,66776.47,68153.76,68388.26
63965.78,66764.53,67957.48,68330.516
63668.25,66531.44,67718.61,68039.11
63445.37,66261.44,67417.3,67706.305
63015.6,65951.234,66948.12,67332.664
62899.420000000006,65834.42,66633.17,67179.11
62755.78,65514.83,66575.6,66810.41
62601.0,65209.836,66226.68,66431.695
62535.76999999999,64947.72,65980.95,66075.34
61885.89,64812.4,66433.6,65869.805
61371.02,64601.145,65811.61,65565.914
61148.6,64363.953,65875.01,65252.195
60825.27,64169.13,65834.74,65001.254
60397.76000000001,64053.0,65493.72,64855.51
60267.84,63907.277,64726.16,64689.105
60230.62,63775.3,64892.920000000006,64556.48
60365.59999999999,63682.863,64568.75000000001,64475.035
59977.54,63572.285,64573.01999999999,64391.25
60157.05999999999,63474.91,64419.22000000001,64331.785
60059.42999999999,63331.637,64624.18,64247.375
59800.24999999999,63206.203,64568.200000000004,64173.953
59575.14,62960.12,63987.9,63985.742
59612.16,62688.676,63722.4,63786.387
59669.08,62391.438,63522.67,63567.37
59486.69,62112.445,63582.47,63353.734
58899.22,61688.72,63315.240000000005,62980.832
58800.6,61271.85,62512.51999999999,62618.598
58305.34,60795.395,62257.0,62195.734
57650.70999999999,60336.082,62225.06,61770.1
56987.31,59636.438,62070.69,61095.527
56885.87,58929.684,61363.2,60416.227
56846.94,58217.0,61394.19999999999,59719.07
56308.77,57597.207,61532.590000000004,59086.293
55326.5,56801.207,60812.30000000001,58253.95
54608.87,56072.668,59823.27999999999,57495.273
53527.16,55338.67,58631.52999999999,56743.344
52274.97,54664.746,57378.09,56049.887
51158.89,53758.527,56395.83,55128.45
50005.41,52914.797,55436.86000000001,54282.023
49367.05999999999,52139.445,53932.82,53512.516
47853.09999999999,51427.26,52991.55,52812.867
47142.71,50611.906,51680.74,51954.72
46469.75,49808.06,50856.97,51092.42
45986.96,49126.793,50015.88,50363.047
45000.43,48523.73,49321.27,49709.375
44567.98,47881.55,48338.32000000001,49003.137
44295.48,47263.58,47942.26,48323.65
43603.12,46744.79,47293.72,47738.668
43354.92,46327.414,46743.82,47232.91
42914.52,45890.125,46333.45,46692.22
42716.72,45553.086,46000.34,46206.34
42223.51,45288.375,45618.69,45794.71
41707.28,45111.66,45292.09,45454.836
41916.9,44943.17,44611.98,45003.754
41950.24,44910.656,44473.08,44772.41
41898.08,44988.39,44366.88,44663.008
41741.54,45099.754,44358.64,44607.484
42107.42,45345.1,44217.64,44653.293
42247.53,45560.598,44348.89,44700.65
42343.04,45894.11,44415.68,44887.77
42529.13,46264.27,44456.4,45150.426
42810.69,46829.773,45317.04,45583.453
43357.55,47385.945,45611.86,46049.58
43689.68,47976.02,45858.61,46606.418
44873.45,48619.137,46289.44,47249.918
45746.14,49485.203,48015.329999999994,48095.98
46843.6,50421.504,49082.420000000006,49014.246
47934.28,51338.645,50221.07,49964.85
50581.2,52275.234,51742.02,50960.22
52180.07,53434.16,54548.740000000005,52163.53
53744.64,54718.324,55955.56,53443.113
54869.15,55937.03,57200.76,54690.22
56542.90000000001,57088.824,58434.98000000001,55884.832
57633.1,58325.54,60053.89,57150.61
58760.08999999999,59478.734,61007.689999999995,58339.27
59713.78,60488.793,62030.69999999999,59417.54
58869.66,61387.07,62895.91,60392.984
60860.90000000001,61844.586,63766.05,61122.086
60891.67,62359.8,64195.01,61799.637
61042.41999999999,63043.38,64434.48,62603.242
60950.74999999999,63515.48,64769.76999999999,63226.125
61323.75,64135.65,64254.97,63964.46
61577.53,64570.156,65122.16000000001,64548.76
62032.84,64916.42,65635.95,65045.824
62204.490000000005,65153.484,66172.02,65436.637
62333.48000000001,65705.57,66380.63,66085.27
62987.14,66039.66,66741.83,66536.305
63108.079999999994,66240.02,67199.92,66851.34
63552.28,66394.92,67757.72,67084.6
64276.09,66813.33,68058.08,67553.41
64512.82,66973.086,68237.29,67760.695
64883.61,67067.664,68602.71,67857.48
64412.99,67057.94,68570.45,67837.71
64351.43,67297.03,68367.87,68047.38
64100.119999999995,67177.875,68425.4,67921.08
64166.24999999999,66929.99,68302.49,67655.36
63944.48,66577.07,68597.88,67281.74
63687.46,66404.97,68085.35,67096.664
63391.51,66031.15,67825.58,66708.164
62222.04,65601.164,67786.64,66262.65
62203.810000000005,65159.11,67510.79,65798.945
62291.18,64741.445,67778.99,65422.26
61589.200000000004,64303.855,67731.26,64987.746
60994.74999999999,63945.41,67195.66,64604.28
60905.79,63583.54,67279.55,64228.688
60734.74,63287.906,67073.14,63954.07
60194.399999999994,63033.812,66629.93,63689.49
59804.87,62847.254,65534.67,63485.34
59773.68,62679.625,65178.58999999999,63310.64
59355.73,62531.51,65301.98999999999,63173.227
59199.81,62452.773,64601.14,63087.63
58966.20999999999,62382.35,63845.56,63017.832
59035.66,62343.81,63568.06,62980.758
58911.65000000001,62232.984,63764.23,62893.29
58757.97,62165.008,63609.81,62849.035
58814.19,62099.625,63282.21,62808.598
58459.96,62019.496,63164.01999999999,62756.605
58448.71,61817.176,63184.8,62595.723
58328.15,61576.215,62858.04,62423.17
58018.18,61339.742,62548.689999999995,62251.29
58001.09999999999,61087.027,62381.94,62064.918
57367.82,60651.13,62323.98000000001,61711.746
57036.15,60217.703,61868.48,61361.508
56765.06,59727.637,61590.48,60952.766
56262.7,59227.133,61331.46,60520.406
56073.78,58532.062,61176.77,59885.76
55979.57,57800.156,60871.31,59213.996
56049.079999999994,57125.55,60679.869999999995,58561.246
56053.83,56523.16,60350.47,57953.062
55245.61000000001,55762.832,59743.95,57172.605
54168.16,55108.094,59028.77999999999,56479.633
53034.94,54444.715,58061.06,55780.375
51590.73999999999,53765.29,57073.659999999996,55077.547
50607.45,52869.953,55843.3,54171.098
49307.29,51998.68,54882.14,53302.38
48532.33,51198.043,53461.030000000006,52506.98
47416.02,50434.414,52411.15,51754.355
46501.86,49444.55,51354.69999999999,50778.656
45770.82,48631.742,50067.00000000001,49897.234
45294.32,47838.086,49278.240000000005,49060.33
44438.26,47111.547,48885.79000000001,48294.26
43767.21,46359.84,48253.5,47516.258
43745.23,45628.293,48183.72,46770.805
43607.67,44926.906,47716.41,46076.125
43002.78,44365.984,47194.38,45500.125
42712.88,43901.312,47030.14,44997.574
42245.4,43443.96,46720.46,44506.61
42094.83,43072.79,46523.33,44095.582
41502.04,42761.957,45954.0,43752.855
41384.24,42315.81,45297.92,43185.5
41507.62,42330.586,45164.54,43098.043
41539.5,42437.26,44893.44,43081.855
41725.47,42632.492,44636.19,43178.156
41593.74,42971.074,44797.74,43377.59
41539.96,43362.508,45054.08,43654.992
41833.37,43728.855,44982.83,43971.87
42231.82,44094.055,45101.68,44337.8
42549.4,44675.516,45496.17,44860.113
42937.62,45282.22,45989.87,45449.297
43370.87,45895.81,46158.86,46089.805
44850.44,46505.957,46265.83,46769.242
45781.15,47346.74,47891.99,47637.473
46670.73,48304.88,48848.72,48603.664
48047.59,49256.41,49658.869999999995,49592.625
50759.44999999999,50174.62,51281.53,50588.74
52286.67,51427.734,54321.090000000004,51851.78
53459.200000000004,52835.188,55946.61,53203.066
54574.37,54170.465,57103.53,54517.92
56093.84,55368.344,57952.81,55752.78
57246.549999999996,56673.176,59536.37999999999,57072.152
58102.34,57870.1,60445.85,58298.91
58891.65,58937.633,61551.88,59428.152
59784.8,59833.17,62373.66,60424.44
60177.11,60420.418,63295.62000000001,61254.043
60715.46,61083.074,63794.5,62047.746
60884.69,61619.25,63893.69,62758.113
60930.04,62044.863,63877.97,63352.305
61483.35,62608.51,63820.65000000001,64035.074
62085.8,62984.81,64385.26,64553.152
62624.2,63299.14,64904.25000000001,64990.66
62742.43,63573.984,65167.07,65353.727
62680.48999999999,64137.418,65626.39,65943.99
63031.13,64490.684,66430.59,66334.05
63619.96,64680.984,66863.48,66558.86
64201.28,64803.47,67372.89,66688.12
64347.7,65262.387,67422.18,67094.7
64445.94,65533.91,67481.07,67283.23
64676.62,65661.64,67585.66,67321.08
64056.17,65671.625,67707.79,67229.55
64032.049999999996,65917.45,66973.91,67355.586
63694.94000000001,65820.81,66809.99,67166.484
63690.03999999999,65618.97,67088.14,66870.04
63478.67,65297.855,67487.75,66466.555
63344.79000000001,65156.92,67506.23,66251.016
63235.14000000001,64860.09,66767.96,65871.48
62767.77,64513.64,65982.22,65448.094
62572.420000000006,64154.71,65182.57000000001,65025.64
62191.99,63855.51,64849.64,64698.812
61916.88,63525.605,65127.34,64316.855
61681.5,63204.83,64996.1,63956.07
61925.45,62920.484,64700.26,63630.504
61543.63,62683.316,64411.780000000006,63380.36
60940.29,62535.566,64070.96,63175.242
60589.240000000005,62406.727,64029.81,63000.95
60447.740000000005,62266.34,63675.64,62837.613
60053.42,62076.734,63536.61000000001,62654.02
59748.69,61971.297,63150.41,62533.91
59738.87,61891.723,63045.98,62442.367
59879.63,61827.55,62712.69,62373.855
59599.73999999999,61670.996,62779.74,62222.047
59468.81,61616.848,62703.67,62161.36
59494.94,61558.688,62872.969999999994,62105.316
59440.65,61499.664,62672.69,62055.973
59063.72,61275.64,62206.43000000001,61858.69
58920.369999999995,61096.113,61604.18,61719.254
58877.22,60881.652,61539.5,61560.402
58872.29,60658.777,61556.24,61398.355
58125.41,60271.8,61220.46000000001,61086.78
57787.51999999999,59932.875,60777.84,60815.375
57433.51,59522.91,60458.78,60479.95
56671.31,59118.22,60280.26,60133.33
56357.869999999995,58508.676,60293.850000000006,59588.215
56647.05000000001,57886.03,60143.57,59017.836
56891.98,57288.36,60434.65000000001,58440.28
56380.64,56797.977,60222.19,57920.645
55623.44,56140.363,59116.27,57220.777
54799.8,55489.055,58345.54,56531.184
53599.19000000001,54806.89,57352.07,55814.547
52429.43,54116.69,56052.52999999999,55091.492
51458.01000000001,53160.527,55034.810000000005,54144.535
50251.54,52240.863,53898.93,53238.297
49274.62,51374.21,52817.25,52387.523
48125.41000000001,50546.336,51993.240000000005,51582.35
47516.9,49589.617,50551.07,50730.406
46702.79,48761.145,49538.77,49854.395
46014.73,48006.066,48750.37,49083.01
45116.44,47310.594,48383.13999999999,48383.152
44320.08,46581.48,47281.75,47680.5
44000.59,45861.22,46836.39,46994.066
43936.13,45221.2,46507.0,46395.996
43538.46,44732.82,46074.22,45927.15
43018.43,44375.09,45629.14,45554.332
42771.05,44058.367,45148.68,45205.543
42520.37,43789.863,44997.01,44911.05
41899.31,43632.402,44668.56,44709.36
41711.52,43279.965,44219.77,44205.3
41645.62,43292.99,43821.6,44075.598
41884.76,43399.492,44037.4,44012.14
41807.88,43593.938,44022.84,44051.94
41689.71,44021.26,43722.6,44248.312
41811.78,44377.477,43702.49,44444.84
42035.61,44722.668,43638.25,44679.43
42450.9,45110.055,43742.0,44991.457
42790.91,45694.742,43813.34,45447.418
42929.32,46260.387,44174.0,45945.457
43680.49,46818.562,44388.83,46486.19
44858.56,47322.53,45131.52,47043.555
45205.19,48095.54,46786.43,47799.793
46308.51,48900.812,47605.97,48612.016
48047.6,49592.324,48675.51,49387.645
50491.6,50321.34,49944.51000000001,50206.668
52103.350000000006,51383.38,52797.19,51263.55
53537.67,52546.832,54690.67,52390.527
54671.24999999999,53679.37,56198.67,53507.297
56196.53999999999,54750.69,57386.590000000004,54599.32
57224.450000000004,55932.863,58551.88999999999,55772.71
58407.6,57028.984,59661.82000000001,56879.26
59257.08,58020.094,60583.81,57910.504
60020.57000000001,58927.395,61410.26,58871.15
60358.17,59770.695,62436.38,59890.926
60739.58999999999,60403.21,63040.55,60647.16
61217.42,60933.555,63491.94999999999,61325.453
61471.520000000004,61335.477,63820.16,61876.805
61843.47,61938.402,63429.3,62565.242
62431.68,62360.062,63748.1,63079.945
62877.53999999999,62674.844,64317.77,63481.832
63267.64,62947.184,64809.27999999999,63814.195
63632.33,63478.617,65053.64,64367.83
63989.23,63831.684,65060.71,64747.42
64492.99,64085.824,65585.88,65015.902
64711.82,64244.477,65907.54,65180.05
64916.22,64725.96,66094.61,65643.18
65138.51,64930.76,66322.83,65841.7
64865.91,65002.7,66514.69,65907.91
63940.19,64988.38,66633.45,65884.56
63545.69,65172.668,65772.31,66099.01
63495.45,64914.19,65272.38,65930.13
63150.06,64544.18,65276.07000000001,65648.74
62983.200000000004,64146.234,65359.09,65321.234
62615.73,63953.82,64975.52,65224.59
62296.9,63576.484,64288.4,64931.473
61753.29,63155.164,64168.57,64579.113
61329.82,62761.656,63404.61000000001,64238.45
61119.76999999999,62473.32,63506.63,64039.47
60769.37999999999,62069.707,63589.37,63701.363
60374.32,61724.05,63441.969999999994,63369.695
60387.94999999999,61412.215,63261.729999999996,63043.05
60007.3,61174.676,63229.990000000005,62804.125
59580.85,60942.25,62834.2,62513.355
59357.13,60751.426,62326.06999999999,62240.934
59583.25,60580.57,61872.549999999996,61980.805
59213.57000000001,60399.516,62166.69999999999,61728.773
58625.83,60287.312,61909.27,61503.72
58598.95,60204.152,61515.08999999999,61321.03
58874.51000000001,60108.62,61225.33,61156.188
58720.93,59945.586,61517.35999999999,60938.44
58571.11000000001,59897.168,61363.4,60809.754
58338.26,59876.68,61037.479999999996,60719.69
58146.80000000001,59865.895,60915.33000000001,60653.906
57891.77999999999,59689.426,60541.46000000001,60441.37
57777.68,59548.605,60173.51,60276.348
57751.54,59401.85,59908.94,60116.555
57119.030000000006,59273.367,59763.87,59973.68
56421.83999999999,59010.56,59483.91,59691.816
56349.37000000001,58744.793,58954.09,59415.832
56077.73,58409.914,58602.96,59082.375
55373.88,58101.0,58440.1,58755.72
54767.05,57605.54,57816.51,58242.055
54751.659999999996,57124.664,57864.22,57729.31
54757.89,56603.41,57719.77,57165.086
54339.17999999999,56124.145,57547.01,56618.047
53420.46000000001,55446.375,56583.15,55886.363
52398.59,54847.523,55701.53,55200.79
51147.67,54180.73,54465.91999999999,54464.96
49919.16,53469.6,53355.16,53701.41
49333.83,52469.69,52143.909999999996,52735.09
48414.27,51523.664,51304.16999999999,51800.52
47497.16,50650.523,50358.52999999999,50943.074
46745.32,49809.586,49472.64,50136.4
46033.04,48466.586,48399.66,49012.887
45350.12,47588.71,47833.43,48147.4
44753.8,46775.68,46966.45,47367.21
43597.03,46007.434,46315.28,46646.414
43362.99,45149.434,44687.71,45935.23
42966.91,44278.426,44333.01,45174.176
42506.61,43547.81,44246.38,44540.324
41654.27,42935.27,43759.71,43992.41
40982.85,42365.797,42542.21,43517.664
40706.99,41807.773,42127.49,42996.082
40285.95,41344.406,41500.78,42552.797
39618.57,41025.17,41172.8,42203.855
39465.14,40538.19,40632.22,42057.03
39423.11,39872.562,40047.46,41342.71
39158.47,39540.65,39891.11,40930.84
39053.63,39370.984,39801.06,40653.7
38938.17,39369.742,39893.23,40509.14
38842.08,39394.523,39658.74,40379.61
38938.52,39494.72,39420.98,40324.03
38780.64,39670.223,39260.43,40358.883
38796.21,40030.97,39356.09,40537.617
38769.53,40350.035,39452.05,40730.207
38750.52,40674.633,39325.47,40970.3
39227.76,41023.875,39526.86,41281.15
39400.14,41531.168,40026.12,41720.336
39498.04,42054.35,40022.56,42205.523
39829.48,42578.945,40044.31,42728.508
40651.84,43106.125,40709.83,43288.2
40597.64,43859.0,41597.09,43997.81
41035.53,44618.72,41876.18,44741.71
41539.94,45266.02,41916.26,45437.402
42755.14,45885.414,42307.99,46121.938
43690.31,46665.258,43601.01,46918.09
44536.4,47427.316,44287.96,47691.83
45619.09,48180.984,45229.46,48462.54
46753.79,48903.41,46370.06,49204.7
47664.52,50066.137,47434.81,50389.68
48445.38,50620.168,48535.67,50963.31
49200.78999999999,51170.062,49162.38,51562.22
50015.78,51662.08,49984.6,52096.47
50588.17,52252.348,50740.71,52685.17
50944.600000000006,52751.95,51474.03,53207.824
51513.62999999999,53159.87,52407.2,53658.47
51789.98,53472.05,52885.030000000006,54027.3
51915.780000000006,53915.516,52940.13,54494.99
52405.61000000001,54256.582,53167.42,54900.164
52709.51999999999,54490.836,53697.0,55205.42
52949.33999999999,54677.19,53644.24999999999,55447.098
53271.72000000001,54995.75,53709.84,55796.91
53764.56999999999,55191.258,54231.08,56056.047
53699.19,55306.855,54497.649999999994,56215.97
53462.98,55382.85,54491.19,56322.164
53566.30000000001,55538.938,54378.06,56514.188
53143.41999999999,55537.73,54330.55,56579.97
52607.41,55469.043,54096.600000000006,56547.953
52090.3,55300.742,53564.149999999994,56424.625
51948.39,55180.35,53380.59999999999,56359.582
51755.32,54967.184,53077.990000000005,56216.1
51227.11,54730.652,53279.39,56016.293
50538.7,54475.023,52796.74,55784.117
50441.020000000004,54234.684,53007.32,55577.457
50089.79,53920.17,52940.829999999994,55292.336
49572.67,53620.746,52372.76,54975.72
49770.22,53318.72,52384.55999999999,54636.76
49660.369999999995,52992.574,52130.21,54281.203
49455.21,52749.125,51969.55,53957.234
49005.869999999995,52553.973,51821.11,53662.055
49110.41,52392.473,51209.02,53403.04
48962.63,52168.17,51375.27,53107.863
48848.2,52043.56,51309.6,52895.305
48545.27999999999,51973.195,50477.23999999999,52749.086
49113.34,51944.637,50525.12999999999,52656.91
49046.85,51817.6,50633.35,52494.555
49139.52,51824.47,51152.80999999999,52447.312
49260.34,51869.105,50951.130000000005,52447.56
49479.49,51921.51,50969.09,52468.586
49420.49,51879.72,51758.96,52407.203
49382.729999999996,51889.254,51464.99,52396.4
49315.9,51884.223,51228.81,52385.344
49760.98999999999,51862.34,51055.98999999999,52363.965
49745.02,51711.28,51037.91,52234.727
49404.96000000001,51629.355,50515.14000000001,52149.38
48622.55,51516.125,50178.2,52031.176
48073.47,51340.023,49812.979999999996,51856.566
47722.39,50984.117,49585.079999999994,51530.223
48053.77,50590.83,49650.14,51155.098
47993.58,50166.332,49158.89,50735.12
47887.55000000001,49797.27,49007.33,50347.48
47202.05,49336.035,48311.52999999999,49892.066
46887.42,48878.684,47425.07,49401.06
46115.69,48341.65,46985.79,48842.418
45658.58,47804.57,46562.66,48289.246
45005.48,47140.49,46389.87,47693.4
44271.54,46511.45,45917.68,47079.633
43405.1,45874.977,45387.63,46473.465
42129.92,45245.688,45045.18,45898.656
41598.01,44091.66,44268.5,45062.953
41193.39,43238.562,43695.9,44300.902
40389.24,42478.402,43478.97,43623.363
39448.8,41773.67,43012.59,42997.383
38953.6,40989.53,41888.72,42376.074
38456.37,40155.3,41377.27,41673.05
38105.69,39349.27,40864.08,41005.555
37597.26,38583.004,40653.68,40364.164
36983.91,37846.414,39792.17,39795.887
36789.91,37084.92,39373.07,39146.887
36699.31,36342.055,39062.23,38512.887
36377.57,35691.79,38570.55,37936.188
36010.98,35459.63,37877.26,37958.098
35712.48,35106.477,37442.3,37600.152
35732.18,34728.86,37124.58,37224.324
35670.98,34408.098,37301.01,36889.93
35536.83,34282.64,36858.93,36705.266
35625.52,34168.617,36835.13,36503.33
35557.3,34115.586,36547.38,36363.105
35415.21,34178.227,36389.5,36333.492
35480.73,34446.453,36727.61,36470.086
35362.15,34686.88,36831.06,36613.816
35188.04,34985.625,37039.61,36836.938
35497.1,35320.54,36875.38,37128.727
35475.37,35877.246,36932.09,37600.242
35582.44,36413.54,36917.9,38094.32
35366.3,36942.895,37176.18,38617.492
36091.51,37490.957,37230.55,39181.062
35718.31,38233.227,37772.43,39895.117
35945.88,38948.12,37638.7,40615.164
36263.76,39557.594,37737.84,41284.46
37142.24,40147.914,37424.53,41948.895
37855.97,40960.754,37832.29,42779.87
38632.18,41720.504,38341.89,43566.98
39353.24,42470.066,39140.1,44351.688
40214.08,43198.426,39481.94,45104.344
41013.26,44411.93,40578.76,46250.605
41762.91,44885.547,41458.63,46690.37
42235.79,45408.406,42489.59,47216.656
42880.3,45887.43,43024.38,47684.598
43681.14,46424.562,43573.8,48167.453
44295.94,46899.75,43955.67,48612.395
45019.96,47322.76,44828.93,49014.785
45439.07,47665.5,45296.41,49339.324
45923.5,48070.035,45665.14,49681.293
46231.71,48415.266,46307.68,49989.42
46759.06,48680.19,46965.58,50214.285
47302.55,48839.297,47787.09999999999,50335.223
47696.75,49070.777,48096.23999999999,50495.582
48152.600000000006,49317.152,48730.63,50674.06
48445.34,49489.09,49102.51,50782.12
48496.96,49607.75,49424.47,50832.586
48350.88,49744.496,49072.25,50893.06
48172.02,49882.52,48809.490000000005,50961.766
47935.45,49916.63,48655.75,50940.203
47486.07,49882.227,47999.48000000001,50865.457
47193.5,49808.18,47865.920000000006,50761.957
46794.3,49793.35,47839.72,50717.17
46452.13,49740.312,47989.64,50644.086
46226.92,49647.09,47923.38,50540.363
46102.85,49480.043,47604.86,50370.32
45942.88,49437.723,47342.65,50286.516
45543.27,49378.9,47222.31,50177.25
45660.55,49308.703,46473.85,50044.7
45389.71,49109.742,45980.62,49787.766
45227.17,49084.9,45392.26,49655.156
45162.42,49051.83,44772.41,49525.426
45194.5,49035.26,44289.67,49420.95
44834.5,48946.79,45180.89,49257.53
44737.54,49010.09,45150.3,49237.04
44912.99,49069.473,44784.48,49244.953
45732.2,49153.03,44836.03,49297.242
45880.7,49192.258,45077.22,49318.73
46093.37,49399.773,45348.07,49493.195
46444.35,49587.336,45106.29,49665.77
47256.3,49770.15,45966.95,49847.246
47580.5,49878.51,46364.38,49976.93
47390.94,50058.133,46746.38,50177.98
47660.07,50196.234,47155.35,50345.082
47744.98,50255.066,46810.78,50455.855
47617.32,50262.184,46776.05,50509.535
47515.38,50242.684,46281.81,50534.758
47637.34,50163.688,46166.31,50504.113
47543.46,50043.293,46261.29,50432.94
47780.18,49874.9,47330.6,50315.445
48215.0,49638.207,47843.86,50125.89
48387.73,49424.844,48108.01000000001,49934.496
48300.22,49248.043,47893.96,49752.79
47677.04,49026.953,47025.72,49533.9
47279.34,48685.355,46260.61,49188.746
47055.79,48271.97,45795.94,48780.316
46914.89,47848.73,45306.0,48362.637
46512.98,47437.047,45517.63,47970.633
45920.18,46940.637,44956.51,47475.266
45313.15,46451.426,44289.56,46988.03
44479.93,45966.777,43627.69,46513.4
43888.92,45287.6,42966.31,45935.03
43456.53,44632.88,42499.84,45287.668
42968.82,44037.492,41774.87,44693.13
42413.73,43475.324,41050.5,44125.594
41928.03,42957.414,40109.85,43620.363
41282.05,42317.062,39565.1,42980.918
41002.17,41719.484,39429.97,42389.703
40651.76,41141.3,39072.27,41815.227
40397.42,40693.74,38714.81,41361.055
40144.75,40127.133,38259.79,40768.02
40025.39,39644.855,37863.79,40243.33
39721.22,39234.15,37766.91,39769.895
39622.53,40216.3,37680.21,40454.86
39763.7,40731.414,37520.1,40701.164
39569.52,41076.797,37546.86,40828.92
39131.68,41405.074,37624.04,40962.684
39256.7,41782.8,37749.21,41131.305
39238.07,41992.91,37735.53,41212.94
39370.25,42263.227,37697.99,41367.742
39995.47,42551.043,38014.64,41579.23
40321.6,43052.387,38897.61,41960.01
40957.27,43577.402,39402.41,42383.11
41588.68,44118.06,40028.17,42875.902
43382.93,44712.695,40563.64,43454.293
44319.95,45577.695,41580.34,44259.02
45573.43,46558.92,42579.4,45166.18
47398.24,47518.105,43987.59,46112.89
50560.159999999996,48492.945,45831.8,47121.305
52404.78,49840.75,49431.04,48426.953
53784.31,51349.688,51349.97000000001,49843.85
55127.72000000001,52794.89,52316.32,51243.727
56810.22000000001,54089.566,53589.64,52550.438
57903.01,55519.12,55742.55000000001,53979.85
59126.94000000001,56840.004,56668.64,55310.07
60388.46,57993.074,57697.91,56519.37
61283.490000000005,59021.47,58635.049999999996,57620.15
62129.02,59556.867,59317.39000000001,58611.16
62685.46,60341.477,59868.35,59549.414
63091.33000000001,61103.004,60301.84,60466.1
63182.96,61727.652,60272.18000000001,61271.535
63561.13,62480.535,59796.95,62210.402
64257.21000000001,63091.504,60159.329999999994,63020.457
64455.75,63605.06,60734.52,63747.3
64892.94,64070.28,61143.55,64410.04
65368.52,64697.656,61382.60999999999,65254.24
65882.6,65200.465,61727.86,65933.95
66376.84,65577.164,62248.79,66469.83
66612.66,65841.984,62949.99,66865.125
67220.21,66331.42,63545.47,67485.24
67592.11,66581.52,64046.18,67814.69
67621.43,66727.74,64252.67,67991.53
67051.8,66762.02,65444.36,68026.37
66837.77,66941.59,64560.76999999999,68240.055
66837.28,66802.65,64199.700000000004,68102.984
67132.89,66555.53,64809.64,67841.01
67068.14,66266.85,64292.21,67520.1
67044.29,66188.484,64088.83,67442.91
67093.95,65971.125,63691.19999999999,67175.26
66321.09,65735.266,63462.0,66874.4
66005.56,65504.473,63230.82,66568.03
66041.76,65298.79,62881.14,66370.84
65620.19,65011.062,62709.87,66030.97
65293.369999999995,64769.92,62383.65,65709.17
65137.47,64509.79,62033.0,65366.75
64986.64000000001,64265.1,61908.52,65078.543
64740.82,64008.75,61455.009999999995,64723.543
64193.39000000001,63786.547,61134.979999999996,64392.15
63959.68,63596.18,60678.76,64101.676
63765.05,63359.508,60601.79,63819.297
63238.58000000001,63163.598,60443.1,63572.168
63121.45,63028.363,60232.560000000005,63400.938
63155.27,62903.74,59189.65,63273.207
63233.659999999996,62750.066,59278.09999999999,63129.87
63351.4,62666.246,59410.77,63067.35
63329.560000000005,62626.113,59633.17999999999,63051.836
62603.34,62620.254,59529.01000000001,63079.094
62066.16000000001,62501.426,59184.22,62987.22
62217.10999999999,62305.08,59162.05,62857.156
61857.0,62063.477,59384.530000000006,62693.742
61361.84,61854.19,59205.100000000006,62551.457
60655.51,61486.96,59157.84,62238.957
60505.33,61053.266,59176.14,61884.785
60099.1,60560.992,59218.82,61474.93
60071.19,60104.043,58998.48000000001,61083.883
59759.78999999999,59487.72,58858.9,60503.977
60087.950000000004,58916.492,58756.14,59965.31
60178.2,58369.82,58901.22000000001,59433.453
59433.42,57938.133,58132.41,58991.887
58484.81,57365.07,57167.51999999999,58364.867
56957.76,56741.06,56140.71,57724.98
56084.0,56087.24,55182.05,57062.047
55097.33,55358.742,53937.47,56340.285
54141.13,54496.89,52663.97,55445.023
52957.42,53652.29,51685.4,54595.99
52087.33999999999,52859.58,50680.67,53806.61
51045.310000000005,52088.945,49919.62,53050.285
50386.62,51311.07,48143.02,52264.625
49525.66,50479.566,46989.42,51426.164
48809.19,49795.605,46534.14,50734.426
47932.87,49167.227,45738.65,50100.67
47521.41,48524.61,44282.06,49427.918
47045.44,47867.445,43642.42,48767.92
46322.68,47318.516,43224.83,48207.875
45253.93,46860.25,42996.92,47715.71
45298.26,46428.64,42561.55,47210.062
44771.82,45949.8,42487.77,46668.805
44681.06,45682.207,42163.27,46276.375
44206.84,45486.895,42154.86,45943.348
44203.92,45555.777,42045.39,45837.2
44252.7,45501.61,41897.19,45641.35
44380.19,45498.387,41967.48,45505.113
44454.16,45542.04,42181.13,45420.727
44410.85,45732.582,41784.13,45430.67
44224.16,45929.887,42034.42,45470.836
44201.03,46157.242,42119.68,45575.227
44733.42,46397.785,42187.11,45734.234
44773.81,46821.78,42529.53,46037.51
45078.31,47301.164,42671.78,46415.562
45780.04,47779.746,43304.66,46846.29
47484.48,48292.184,43835.75,47349.633
48375.89,49079.33,45164.56,48083.684
49714.75,49997.11,45961.29,48939.703
51010.16,50902.066,46883.48,49837.94
54096.32,51863.62,48426.51,50813.105
55376.84999999999,53083.703,52016.61000000001,52019.734
56424.69,54502.22,54186.80999999999,53371.78
57509.9,55797.844,55302.88,54670.98
58945.14,56949.23,56610.84,55885.082
60261.14,58213.465,58396.55,57198.105
61418.64,59415.65,59581.270000000004,58454.938
62171.4,60528.83,60441.22,59642.812
63199.71,61532.605,60915.54,60733.05
63737.43,62008.156,61213.490000000005,61620.508
64259.34,62870.348,61878.58,62627.242
64715.74,63601.613,62499.28,63542.594
64260.58,64210.82,62707.16999999999,64345.285
64753.21,65005.918,61810.71,65307.03
65684.33,65535.016,61946.19,66064.46
66220.52,65965.93,62417.82,66713.01
66470.88,66362.66,62854.59,67291.64
66756.75,66998.32,62687.799999999996,68066.305
67139.27,67419.77,63042.91,68632.18
67537.8,67681.125,63693.78,69019.734
67847.57,67821.58,64281.76999999999,69260.35
68504.44,68271.57,64340.38,69773.19
68900.99,68437.07,64903.85,69986.62
69080.64,68519.28,65125.65,70075.52
68020.58,68514.83,65394.2,70050.43
67885.82,68820.43,64620.06,70331.67
68077.01,68642.03,64351.159999999996,70169.83
68153.76,68345.21,64850.280000000006,69869.016
67957.48,68017.46,65017.020000000004,69497.36
67718.61,67983.6,65073.600000000006,69419.42
67417.3,67691.08,64651.490000000005,69072.875
66948.12,67335.305,64265.81999999999,68655.22
66633.17,66981.27,63760.59,68245.59
66575.6,66785.77,63869.15,68029.086
66226.68,66411.08,63612.31,67610.37
65980.95,66079.04,63200.26,67213.75
66433.6,65764.2,62932.37,66825.1
65811.61,65566.055,62970.64,66574.57
65875.01,65359.836,62646.46,66258.945
65834.74,65140.45,62034.38,65944.09
65493.72,64996.703,61555.399999999994,65697.734
64726.16,64914.668,61090.91,65538.61
64892.920000000006,64788.957,61008.490000000005,65348.465
64568.75000000001,64652.54,60362.829999999994,65185.51
64573.01999999999,64597.574,60082.76,65100.6
64419.22000000001,64513.09,60488.04,65014.168
64624.18,64441.316,60776.590000000004,64953.64
64568.200000000004,64375.23,60546.77,64911.266
63987.9,64346.094,60559.560000000005,64902.16
63722.4,64202.67,60474.07,64783.215
63522.67,63982.383,60101.009999999995,64629.207
63582.47,63720.727,59714.48,64437.227
63315.240000000005,63439.203,59675.4,64224.242
62512.51999999999,63056.293,59383.159999999996,63896.82
62257.0,62626.203,59417.0,63533.395
62225.06,62107.543,59269.29,63084.984
62070.69,61600.277,59065.73,62632.344
61363.2,60931.574,58932.84,61994.1
61394.19999999999,60281.875,59071.73,61357.79
61532.590000000004,59610.9,58908.48,60686.047
60812.30000000001,59027.566,58224.04000000001,60081.332
59823.27999999999,58270.438,57213.08000000001,59278.316
58631.52999999999,57520.62,56263.23,58495.73
57378.09,56750.043,55117.6,57708.496
56395.83,55973.13,54080.99,56924.02
55436.86000000001,54978.816,52917.44000000001,55923.7
53932.82,54103.594,51874.38,55045.234
52991.55,53317.227,50708.77,54261.07
51680.74,52558.11,49571.2,53518.836
50856.97,51728.945,48108.61,52631.043
50015.88,50918.008,47307.74,51756.85
49321.27,50221.832,46532.93,51009.35
48338.32000000001,49601.914,45908.91,50339.867
47942.26,48930.492,44528.84,49609.926
47293.72,48306.633,44008.28,48929.273
46743.82,47792.945,43439.77,48353.723
46333.45,47331.85,43140.9,47820.11
46000.34,46895.805,42689.96,47286.695
45618.69,46560.508,42479.07,46803.754
45292.09,46315.5,42479.53,46403.168
44611.98,46142.207,42670.95,46058.945
44473.08,45989.94,41928.18,45583.586
44366.88,45960.863,41540.1,45332.863
44358.64,45980.344,41605.68,45155.63
44217.64,46025.777,41876.87,45025.145
44348.89,46218.668,42007.02,44997.56
44415.68,46393.918,41952.32,44978.664
44456.4,46634.13,42003.43,45058.08
45317.04,46920.035,42240.44,45216.41
45611.86,47408.258,42740.6,45539.65
45858.61,48008.383,42880.06,45977.69
46289.44,48630.8,43371.49,46504.71
48015.329999999994,49261.24,44029.16,47096.52
49082.420000000006,50119.918,45666.88,47903.723
50221.07,51118.594,46604.31,48841.727
51742.02,52126.977,47467.96,49846.812
54548.740000000005,53125.89,48889.43,50881.3
55955.56,54404.023,52429.18,52168.902
57200.76,55803.016,54447.94,53540.754
58434.98000000001,57071.695,55368.46000000001,54842.96
60053.89,58207.145,56601.98,56047.035
61007.689999999995,59454.957,57940.06,57345.086
62030.69999999999,60637.145,58753.85,58571.055
62895.91,61659.125,59749.32,59675.72
63766.05,62554.277,60702.41,60667.062
64195.01,62941.688,61381.34,61391.7
64434.48,63713.383,62063.61,62265.32
64769.76999999999,64360.82,62248.68,63052.953
64254.97,64851.48,62488.55,63698.434
65122.16000000001,65524.68,62257.77,64492.727
65635.95,65942.67,62668.33,65077.37
66172.02,66338.516,63374.43,65615.02
66380.63,66655.71,63509.43,66067.67
66741.83,67221.79,63519.83,66729.055
67199.92,67606.766,64098.69,67224.2
67757.72,67868.76,64726.68,67593.04
68058.08,68045.52,64991.93,67855.55
68237.29,68473.66,65135.53,68337.1
68602.71,68649.23,65372.43000000001,68569.37
68570.45,68684.53,65755.29,68647.94
68367.87,68634.89,65902.06,68620.055
68425.4,68765.16,65275.7,68774.52
68302.49,68599.29,64849.369999999995,68635.664
68597.88,68336.35,65206.63,68380.02
68085.35,67993.75,65233.82,68033.734
67825.58,67851.41,64608.060000000005,67885.42
67786.64,67467.09,64231.31,67502.11
67510.79,67030.336,63802.98,67063.32
67778.99,66613.19,63010.92999999999,66624.23
67731.26,66332.54,62683.16,66350.125
67195.66,66007.6,62582.88,65990.69
67279.55,65720.37,62630.850000000006,65657.12
67073.14,65424.23,62484.56,65323.953
66629.93,65263.008,62608.98999999999,65138.42
65534.67,65076.758,62143.8,64915.98
65178.58999999999,64909.406,61848.29,64719.43
65301.98999999999,64695.062,61361.520000000004,64512.695
64601.14,64547.05,61353.96000000001,64385.75
63845.56,64470.3,60922.12999999999,64307.812
63568.06,64366.37,60520.36000000001,64221.914
63764.23,64239.63,60679.310000000005,64135.773
63609.81,64079.27,61043.69,64027.65
63282.21,63952.785,60722.270000000004,63948.91
63164.01999999999,63830.023,60893.08,63872.133
63184.8,63688.965,60906.93,63783.766
62858.04,63451.945,60879.17,63608.938
62548.689999999995,63193.082,60768.25,63425.543
62381.94,62897.895,60967.65,63207.785
62323.98000000001,62593.367,61342.88,62983.598
61868.48,62167.254,61528.39,62637.145
61590.48,61699.07,61319.75,62250.637
61331.46,61192.777,60799.99,61813.33
61176.77,60698.406,60825.49,61371.023
60871.31,60015.992,60585.11000000001,60725.336
60679.869999999995,59337.3,60381.12,60071.77
60350.47,58689.902,59910.72,59422.03
59743.95,58103.492,59098.64000000001,58808.938
59028.77999999999,57304.633,58163.64,57982.188
58061.06,56532.316,57203.82000000001,57185.297
57073.659999999996,55787.96,55876.23,56413.715
55843.3,55066.83,54684.17,55669.984
54882.14,54182.8,52907.53,54764.34
53461.030000000006,53352.22,51826.649999999994,53925.746
52411.15,52575.527,50513.770000000004,53148.734
51354.69999999999,51818.67,49891.33,52407.688
50067.00000000001,50909.71,49266.42,51488.324
49278.240000000005,50113.97,47837.19,50620.785
48885.79000000001,49297.69,46574.77,49766.65
48253.5,48566.91,46079.87,49000.074
48183.72,47848.477,45807.95,48239.637
47716.41,47190.805,45498.01,47537.293
47194.38,46644.008,45604.94,46945.473
47030.14,46143.95,44896.68,46402.188
46720.46,45677.996,44510.6,45890.242
46523.33,45310.367,43668.67,45441.926
45954.0,45006.746,43056.47,45056.08
45297.92,44811.82,42940.19,44769.617
45164.54,44367.37,42585.12,44155.457
44893.44,44368.152,42273.25,44018.4
44636.19,44465.434,42413.19,43956.895
44797.74,44591.887,42534.93,43971.7
45054.08,44829.31,42378.57,44073.016
44982.83,45129.375,42627.25,44251.906
45101.68,45485.816,42825.88,44511.535
45496.17,45841.453,42881.5,44832.33
45989.87,46395.074,43425.28,45307.695
46158.86,46969.277,43794.66,45853.434
46265.83,47566.168,44158.7,46466.715
47891.99,48124.02,44637.61,47106.36
48848.72,48867.03,46016.33,47913.887
49658.869999999995,49782.08,46807.26,48860.56
51281.53,50693.277,47652.61,49838.5
54321.090000000004,51578.367,49516.920000000006,50833.58
55946.61,52843.293,52661.4,52123.195
57103.53,54337.582,54706.47,53561.844
57952.81,55754.035,55699.92,54960.977
59536.37999999999,57014.688,57104.78,56262.656
60445.85,58353.664,58938.63,57636.5
61551.88,59616.355,60109.92,58935.926
62373.66,60705.05,61007.38,60103.215
63295.62000000001,61668.58,61891.53,61157.973
63794.5,62251.723,63092.72000000001,62034.56
63893.69,62958.69,63698.01,62868.605
63877.97,63561.85,63676.509999999995,63633.895
63820.65000000001,63984.664,63951.83,64227.12
64385.26,64555.13,63222.91,64944.797
64904.25000000001,64915.6,63483.01,65462.434
65167.07,65220.58,63970.9,65898.28
65626.39,65474.594,64183.94,66253.625
66430.59,65980.11,63616.83999999999,66824.08
66863.48,66330.82,64025.079999999994,67221.48
67372.89,66625.53,64790.51,67527.7
67422.18,66836.45,65348.03999999999,67732.27
67481.07,67322.3,65772.76,68186.85
67585.66,67545.67,66485.14,68373.69
67707.79,67613.77,67164.14,68394.64
66973.91,67571.555,67414.61,68294.29
66809.99,67760.016,66781.99,68407.0
67088.14,67603.984,66888.76,68193.28
67487.75,67335.34,66888.46,67859.15
67506.23,67049.26,66706.92,67480.766
66767.96,66989.12,66403.34,67326.91
65982.22,66756.46,66062.34,66990.48
65182.57000000001,66366.72,66269.41,66534.17
64849.64,65898.055,65220.61000000001,66028.8
65127.34,65491.914,64821.08,65631.54
64996.1,65054.68,64935.06,65177.7
64700.26,64728.027,64460.35,64806.156
64411.780000000006,64459.953,63946.45,64484.426
64070.96,64244.15,63886.33,64252.71
64029.81,64016.55,63825.350000000006,64002.277
63675.64,63824.312,63336.62,63794.797
63536.61000000001,63699.62,62800.83,63647.832
63150.41,63548.875,63043.81999999999,63499.895
63045.98,63444.17,62100.48,63392.2
62712.69,63341.043,62121.28,63299.33
62779.74,63264.656,62322.38,63236.527
62703.67,63092.97,62248.53,63092.793
62872.969999999994,62975.01,62481.61,63001.926
62672.69,62876.816,61498.02,62934.824
62206.43000000001,62800.81,61906.130000000005,62888.047
61604.18,62575.395,62924.26,62701.645
61539.5,62342.453,62530.72,62534.426
61556.24,62054.6,61992.08,62327.984
61220.46000000001,61787.668,62141.93000000001,62136.477
60777.84,61399.99,62157.17999999999,61815.312
60458.78,61027.016,61688.090000000004,61510.996
60280.26,60627.242,61267.8,61171.02
60293.850000000006,60230.066,61496.13,60817.52
60143.57,59654.855,61452.3,60272.977
60434.65000000001,59145.676,61131.84,59768.387
60222.19,58646.496,60671.37000000001,59251.027
59116.27,58223.805,59654.88,58775.867
58345.54,57562.152,58882.6,58059.285
57352.07,56841.69,57773.170000000006,57304.754
56052.52999999999,56116.08,56629.76000000001,56544.74
55034.810000000005,55383.547,55438.13999999999,55781.965
53898.93,54411.08,53813.62,54813.3
52817.25,53503.582,52575.37,53909.113
51993.240000000005,52622.0,51507.13,53042.523
50551.07,51798.195,50434.68,52237.18
49538.77,50941.543,48734.84,51445.223
48750.37,50093.906,47955.36,50549.438
48383.13999999999,49275.51,47229.28,49731.59
47281.75,48550.016,46507.61,49006.566
46836.39,47869.836,45196.94,48334.2
46507.0,47165.23,44747.57,47646.844
46074.22,46579.93,44541.41,47076.402
45629.14,46121.484,44314.54,46615.55
45148.68,45759.062,44112.55,46234.746
44997.01,45421.26,43890.46,45855.375
44668.56,45166.066,43410.76,45557.242
44219.77,45019.344,42990.77,45345.973
43821.6,44661.348,42485.96,44815.984
44037.4,44696.84,42104.58,44668.18
44022.84,44766.54,42113.88,44550.07
43722.6,44979.773,42469.8,44572.855
43702.49,45365.637,42215.44,44716.266
43638.25,45670.977,42330.06,44855.113
43742.0,45993.19,42195.88,45050.582
43813.34,46323.145,42575.91,45308.29
44174.0,46832.344,43158.09,45703.406
44388.83,47290.75,43296.92,46127.383
45131.52,47767.28,43632.01,46609.824
46786.43,48211.98,44287.66,47128.83
47605.97,48933.9,45632.4,47855.03
48675.51,49787.54,46477.67,48700.434
49944.51000000001,50595.883,47369.9,49557.08
52797.19,51410.88,48979.759999999995,50452.656
54690.67,52451.605,52088.06,51528.84
56198.67,53676.945,53942.01,52726.207
57386.590000000004,54903.297,55362.55,53933.344
58551.88999999999,56066.66,56932.270000000004,55109.824
59661.82000000001,57323.676,58875.450000000004,56370.438
60583.81,58460.703,59693.91,57536.598
61410.26,59509.254,60444.69,58630.04
62436.38,60433.793,61521.97,59622.19
63040.55,61183.137,62635.7,60604.96
63491.94999999999,61871.26,63146.92999999999,61405.246
63820.16,62485.83,63259.8,62141.477
63429.3,62969.69,63601.54,62748.07
63748.1,63589.074,63414.26,63457.082
64317.77,63948.016,63415.88,63936.066
64809.27999999999,64204.562,63795.77,64304.19
65053.64,64425.49,64128.17,64607.543
65060.71,64938.504,64089.92999999999,65163.984
65585.88,65241.97,64126.02999999999,65503.953
65907.54,65409.25,64617.6,65712.48
66094.61,65523.176,65001.530000000006,65845.086
66322.83,65940.21,64538.11,66274.01
66514.69,66086.73,64584.01,66435.68
66633.45,66112.445,64843.73000000001,66469.414
65772.31,66056.02,65044.36,66414.18
65272.38,66255.27,64517.83,66635.2
65276.07000000001,66023.79,64497.16999999999,66481.875
65359.09,65654.164,64285.67,66194.26
64975.52,65274.727,63689.96,65869.34
64288.4,65149.57,63230.33000000001,65807.516
64168.57,64799.027,62981.57000000001,65534.37
63404.61000000001,64349.574,62595.549999999996,65176.25
63506.63,63943.21,61823.76,64831.77
63589.37,63608.863,61464.79,64608.926
63441.969999999994,63236.203,61250.29,64282.527
63261.729999999996,62961.04,60725.18,63988.71
63229.990000000005,62739.977,60295.94,63716.77
62834.2,62588.08,60264.81,63534.18
62326.06999999999,62398.34,60101.3,63268.625
61872.549999999996,62226.227,59715.30000000001,63001.21
62166.69999999999,62060.703,59679.51,62742.027
61909.27,61852.77,59544.32,62475.652
61515.08999999999,61729.332,58963.37,62246.63
61225.33,61659.348,58617.1,62072.67
61517.35999999999,61596.36,58502.36000000001,61927.19
61363.4,61426.51,59171.84,61704.605
61037.479999999996,61352.54,59079.39000000001,61560.824
60915.33000000001,61311.516,59063.55,61459.504
60541.46000000001,61263.957,59192.16999999999,61369.832
60173.51,61071.027,59428.25,61144.734
59908.94,60870.402,58963.26,60939.74
59763.87,60655.645,58957.2,60732.97
59483.91,60438.566,59067.22,60527.79
58954.09,60097.582,59057.14,60190.582
58602.96,59794.9,58496.84,59885.938
58440.1,59440.082,58471.51,59532.457
57816.51,59083.594,58698.97,59165.35
57864.22,58565.184,58669.4,58627.5
57719.77,58074.84,58200.44000000001,58097.703
57547.01,57618.902,57317.369999999995,57571.17
56583.15,57176.324,56487.24999999999,57041.93
55701.53,56507.586,55375.71,56317.734
54465.91999999999,55851.14,54133.29,55595.32
53355.16,55153.23,53145.16,54839.453
52143.909999999996,54391.805,52040.52,54041.74
51304.16999999999,53379.38,51311.31,53076.707
50358.52999999999,52423.266,50223.85,52150.715
49472.64,51521.156,49113.130000000005,51288.76
48399.66,50666.84,48552.59,50484.793
47833.43,49417.45,47463.88,49456.664
46966.45,48509.258,46569.54,48585.273
46315.28,47702.906,45573.45,47826.938
44687.71,46934.637,44945.03,47120.785
44333.01,46084.312,43699.12,46417.082
44246.38,45174.58,42635.76,45635.79
43759.71,44404.965,42295.41,44979.887
42542.21,43800.902,42111.41,44436.348
42127.49,43225.258,41544.59,43956.633
41500.78,42619.19,41068.52,43403.258
41172.8,42161.203,40947.83,42968.55
40632.22,41786.78,40855.76,42590.227
40047.46,41263.66,40271.48,42481.258
39891.11,40573.81,40217.45,41759.902
39801.06,40191.453,39968.12,41315.883
39893.23,39975.67,39810.43,40995.332
39658.74,39947.926,40094.0,40817.965
39420.98,39988.04,39689.94,40678.426
39260.43,40064.977,39657.78,40597.0
39356.09,40190.56,39692.26,40586.74
39452.05,40461.445,39725.42,40693.41
39325.47,40757.48,39760.22,40858.0
39526.86,41082.664,39653.38,41087.387
40026.12,41424.25,39732.45,41384.805
40022.56,41965.402,39934.8,41836.184
40044.31,42524.406,39898.12,42343.633
40709.83,43035.85,39925.6,42865.94
41597.09,43527.875,40199.95,43410.45
41876.18,44301.47,41021.29,44138.82
41916.26,45113.234,41586.15,44923.246
42307.99,45847.81,41648.41,45682.918
43601.01,46491.535,42490.85,46394.035
44287.96,47271.062,43884.14,47196.266
45229.46,48067.29,44648.09,48004.234
46370.06,48814.14,45340.88,48785.242
47434.81,49545.984,46025.91,49545.574
48535.67,50633.87,47048.41,50684.973
49162.38,51190.668,47935.909999999996,51268.246
49984.6,51759.96,48576.82,51885.33
50740.71,52245.543,49243.13,52422.707
51474.03,52818.832,49997.29,53002.086
52407.2,53301.98,50437.79000000001,53518.754
52885.030000000006,53726.887,50982.98999999999,53978.906
52940.13,54119.168,51255.82,54397.305
53167.42,54594.766,51841.11,54887.848
53697.0,54917.023,52172.43000000001,55285.688
53644.24999999999,55135.758,52311.91,55583.246
53709.84,55298.914,52599.380000000005,55815.05
54231.08,55546.8,53155.49,56124.426
54497.649999999994,55666.09,53552.909999999996,56333.973
54491.19,55745.5,53245.78,56466.88
54378.06,55775.36,53198.79,56535.652
54330.55,55900.758,53095.96000000001,56697.79
54096.600000000006,55882.39,53077.41999999999,56744.617
53564.149999999994,55784.43,53135.49,56687.625
53380.59999999999,55619.625,52463.270000000004,56559.664
53077.990000000005,55494.617,51659.34,56487.457
53279.39,55304.477,50843.95,56355.016
52796.74,55061.55,50744.079999999994,56144.008
53007.32,54838.215,50215.35,55923.668
52940.829999999994,54610.02,49686.0,55716.414
52372.76,54399.105,49061.55000000001,55489.91
52384.55999999999,54181.37,48437.450000000004,55222.16
52130.21,53918.03,48094.88,54905.59
51969.55,53658.98,48065.41,54587.414
51821.11,53413.613,48077.189999999995,54262.7
51209.02,53209.633,47834.87999999999,53960.992
51375.27,53047.613,47816.40000000001,53699.24
51309.6,52816.06,48046.53,53400.668
50477.23999999999,52692.426,47643.91,53186.562
50525.12999999999,52638.723,47813.74,53050.723
50633.35,52553.035,47917.45,52923.56
51152.80999999999,52427.547,48820.64,52766.414
50951.130000000005,52393.75,48894.08,52696.297
50969.09,52465.23,49333.33000000001,52714.61
51758.96,52509.56,49705.8,52727.96
51464.99,52466.574,49849.88999999999,52664.523
51228.81,52515.25,49797.9,52682.934
51055.98999999999,52512.703,49943.16999999999,52674.152
51037.91,52461.68,50093.73,52634.652
50515.14000000001,52304.35,50304.26,52502.86
50178.2,52152.727,49918.14,52372.18
49812.979999999996,51940.45,49884.840000000004,52186.547
49585.079999999994,51703.258,50077.96,51970.18
49650.14,51350.54,50441.37999999999,51644.31
49158.89,50996.75,50103.16,51287.223
49007.33,50640.348,49486.04,50909.883
48311.52999999999,50239.33,48746.469999999994,50485.523
47425.07,49748.527,47899.51,49995.01
46985.79,49212.824,46993.26,49433.99
46562.66,48596.523,46341.91,48809.008
46389.87,47993.938,45750.62,48205.027
45917.68,47343.336,45353.72,47614.812
45387.63,46743.71,44587.25,47016.758
45045.18,46150.652,43910.76,46438.04
44268.5,45583.188,43222.13,45902.42
43695.9,44518.707,42331.62,45119.57
43478.97,43826.523,41438.12,44451.555
43012.59,43164.223,40841.39,43829.742
41888.72,42553.418,40142.2,43271.93
41377.27,41885.8,39328.56,42713.137
40864.08,41093.035,38763.72,42017.812
40653.68,40316.617,38289.98,41346.92
39792.17,39563.95,37916.34,40692.086
39373.07,38844.723,37302.61,40114.223
39062.23,38067.12,36912.59,39439.277
38570.55,37341.72,36895.82,38807.42
37877.26,36709.605,36661.02,38244.21
37442.3,36180.34,36187.33,38060.215
37124.58,35728.26,36042.93,37682.227
37301.01,35289.1,35876.64,37303.992
36858.93,34952.54,35659.83,36998.285
36835.13,34860.246,35563.51,36859.316
36547.38,34739.45,35645.23,36684.242
36389.5,34709.508,35467.23,36590.332
36727.61,34744.605,35622.94,36568.83
36831.06,35004.41,35493.84,36720.793
37039.61,35330.902,35390.0,36943.58
36875.38,35728.695,35437.23,37262.836
36932.09,36218.754,35807.51,37689.598
36917.9,36902.13,35625.67,38274.54
37176.18,37502.316,35365.94,38839.86
37230.55,38080.96,35589.83,39432.027
37772.43,38719.13,35609.54,40104.17
37638.7,39564.402,36447.62,40914.01
37737.84,40349.83,36660.79,41706.203
37424.53,41019.113,36926.8,42433.434
37832.29,41622.38,37073.53,43114.973
38341.89,42343.22,37273.59,43871.926
39140.1,42962.207,37598.32,44561.5
39481.94,43566.01,38492.62,45231.16
40578.76,44197.008,39524.56,45909.62
41458.63,45190.227,40636.2,46877.02
42489.59,45624.8,41171.73,47271.227
43024.38,46109.723,42066.01,47745.86
43573.8,46593.324,42735.69,48187.0
43955.67,47149.492,43745.47,48635.004
44828.93,47627.508,44374.43,49050.504
45296.41,48008.24,45134.7,49384.082
45665.14,48341.95,45839.65,49664.574
46307.68,48717.18,46479.76,49940.39
46965.58,49023.93,47059.2,50196.22
47787.09999999999,49261.156,46972.45,50369.977
48096.23999999999,49433.48,47827.91,50479.082
48730.63,49723.055,48794.61,50662.613
49102.51,49969.652,49082.91,50831.43
49424.47,50173.51,49389.51999999999,50956.914
49072.25,50300.14,49912.73,51016.332
48809.490000000005,50458.12,49694.02,51096.34
48655.75,50558.816,48979.869999999995,51151.516
47999.48000000001,50558.516,48345.659999999996,51123.816
47865.920000000006,50504.58,48046.69,51050.47
47839.72,50389.77,47540.51,50933.746
47989.64,50381.047,47043.19,50904.758
47923.38,50365.43,46881.24,50855.3
47604.86,50365.695,46322.45,50805.984
47342.65,50329.5,46148.0,50720.625
47222.31,50361.363,45668.95,50686.254
46473.85,50337.54,45835.43,50595.805
45980.62,50319.6,45592.56,50495.406
45392.26,50151.754,45832.75,50276.387
44772.41,50086.7,45498.95,50140.184
44289.67,50015.688,45462.28,50018.414
45180.89,49932.656,45503.91,49904.387
45150.3,49777.77,45397.9,49736.73
44784.48,49902.42,45105.38,49799.51
44836.03,50028.62,45440.58,49890.65
45077.22,50119.797,45750.17,49982.742
45348.07,50129.51,46123.96,50014.582
45106.29,50269.395,46250.48,50175.316
45966.95,50443.566,46636.3,50367.66
46364.38,50522.574,47102.4,50494.617
46746.38,50596.254,47945.57,50614.75
47155.35,50691.375,47749.62,50766.246
46810.78,50780.22,47768.02,50913.566
46776.05,50856.363,48046.45,51047.254
46281.81,50775.27,48160.98,51041.1
46166.31,50687.22,47748.65,51022.24
46261.29,50538.2,48008.39,50947.258
47330.6,50371.887,48364.56,50852.74
47843.86,50122.492,49074.43,50668.895
48108.01000000001,49977.676,48694.31,50538.734
47893.96,49843.56,48372.73,50401.652
47025.72,49708.273,47841.48000000001,50247.58
46260.61,49466.83,47239.11,50013.77
45795.94,49028.23,46654.84,49596.63
45306.0,48532.176,46276.56,49126.84
45517.63,48050.465,45931.97,48668.88
44956.51,47558.23,46052.38,48224.58
44289.56,47074.1,45218.9,47754.055
43627.69,46567.414,44695.24,47263.31
42966.31,46061.645,43888.44,46777.043
42499.84,45381.336,43284.44,46227.95
41774.87,44714.37,42665.36,45585.14
41050.5,44145.52,41960.52,45032.293
40109.85,43567.746,41399.33,44471.793
39565.1,42974.008,40435.15,43925.95
39429.97,42215.176,39908.22,43210.734
39072.27,41512.46,39643.43,42552.926
38714.81,40952.086,39188.67,42000.96
38259.79,40473.914,38855.1,41531.1
37863.79,39892.426,38537.82,40933.11
37766.91,39349.438,38312.41,40367.48
37680.21,38842.32,37920.89,39825.355
37520.1,39682.03,37616.77,40435.613
37546.86,40092.715,37619.32,40625.375
37624.04,40359.434,37610.26,40714.105
37749.21,40635.28,37631.34,40826.777
37735.53,40980.0,37749.61,40987.38
37697.99,41211.46,38052.48,41081.234
38014.64,41455.414,37796.04,41231.82
38897.61,41752.56,37941.47,41474.184
39402.41,42322.824,38602.3,41913.727
40028.17,42943.613,39052.86,42416.41
40563.64,43596.96,39602.56,43002.098
41580.34,44295.88,40141.07,43672.586
42579.4,45255.887,42233.58,44574.05
43987.59,46201.152,43516.95,45503.195
45831.8,47170.27,44922.82,46492.79
49431.04,48199.2,46629.14,47563.383
51349.97000000001,49608.477,50398.65,48926.996
52316.32,51255.586,53212.49,50441.633
53589.64,52769.934,55116.9,51885.492
55742.55000000001,54013.406,56269.67,53153.348
56668.64,55408.64,57844.09,54542.516
57697.91,56766.11,58996.78999999999,55874.527
58635.049999999996,57900.906,59837.85,57047.156
59317.39000000001,58860.51,60638.6,58082.688
59868.35,59316.312,61598.81999999999,58959.25
60301.84,60025.887,62234.619999999995,59821.7
60272.18000000001,60669.305,62553.87,60638.387
59796.95,61141.457,62775.329999999994,61313.406
60159.329999999994,61742.383,62688.55,62115.402
60734.52,62136.812,63274.61,62749.668
61143.55,62444.24,64052.920000000006,63290.22
61382.60999999999,62722.52,64272.38,63774.723
61727.86,63294.375,64569.75,64529.055
62248.79,63673.0,65039.22000000001,65063.316
62949.99,63941.766,65471.43000000001,65457.324
63545.47,64144.098,65774.88,65739.125
64046.18,64656.027,66105.79,66306.92
64252.67,64956.605,66413.64,66604.086
65444.36,65128.047,66304.74,66744.42
64560.76999999999,65186.758,66382.15,66755.85
64199.700000000004,65579.805,65489.420000000006,67095.65
64809.64,65560.66,65230.76,67032.95
64292.21,65388.234,65183.22,66815.31
64088.83,65278.816,65399.56,66637.24
63691.19999999999,65231.33,65285.59999999999,66588.7
63462.0,65043.074,64984.34,66353.63
63230.82,64792.496,64974.369999999995,66054.97
62881.14,64541.445,64186.94,65752.59
62709.87,64410.297,63985.310000000005,65626.64
62383.65,64199.023,63992.13,65367.926
62033.0,63983.934,63785.66,65080.242
61908.52,63764.508,63299.6,64789.855
61455.009999999995,63547.883,63104.04,64551.07
61134.979999999996,63344.555,62617.07,64268.69
60678.76,63136.86,62304.03,63983.242
60601.79,62971.89,61632.32,63745.15
60443.1,62761.53,61187.130000000005,63503.734
60232.560000000005,62638.316,60697.92,63335.406
59189.65,62580.715,60097.41,63246.066
59278.09999999999,62559.145,59977.12000000001,63210.91
59410.77,62359.535,60262.6,63049.465
59633.17999999999,62243.15,60143.44,62979.906
59529.01000000001,62199.38,60445.04,62984.41
59184.22,62193.625,60628.97,63012.086
59162.05,62035.605,60338.95,62890.676
59384.530000000006,61860.98,60087.05,62779.785
59205.100000000006,61695.734,60391.96,62674.016
59157.84,61533.055,60463.94,62562.598
59176.14,61193.367,60401.89000000001,62267.406
59218.82,60832.47,60050.1,61974.594
58998.48000000001,60462.133,60299.73,61664.54
58858.9,60099.484,60541.38,61351.73
58756.14,59568.855,60691.98,60838.688
58901.22000000001,59068.027,60329.88,60361.387
58132.41,58613.61,59302.380000000005,59916.816
57167.51999999999,58231.605,58341.56,59530.324
56140.71,57564.56,57349.09,58849.75
55182.05,56859.895,56192.649999999994,58168.59
53937.47,56133.203,54900.72000000001,57464.113
52663.97,55425.64,53824.37999999999,56776.45
51685.4,54508.586,52987.73,55852.996
50680.67,53593.5,52313.35,54967.953
49919.62,52735.152,51130.12999999999,54140.918
48143.02,51933.977,50128.12,53372.812
46989.42,51171.496,48737.979999999996,52670.035
46534.14,50209.98,47797.65,51768.832
45738.65,49368.457,47061.74,50999.01
44282.06,48676.195,46485.9,50346.25
43642.42,47934.58,44773.47,49627.383
43224.83,47137.258,44377.16,48891.953
42996.92,46469.44,43885.07,48259.73
42561.55,45930.72,43494.16,47715.53
42487.77,45488.355,42981.79,47196.266
42163.27,45089.168,42377.78,46706.637
42154.86,44839.547,42251.36,46322.297
42045.39,44681.445,41997.17,46007.508
41897.19,44715.66,41463.85,45854.805
41967.48,44715.652,41168.26,45677.645
42181.13,44716.54,41555.99,45538.188
41784.13,44771.824,41854.31,45460.117
42034.42,44993.43,41814.25,45488.547
42119.68,45136.363,41856.39,45503.297
42187.11,45374.684,42121.47,45623.465
42529.53,45675.414,42277.5,45832.51
42671.78,46172.285,42824.38,46195.062
43304.66,46684.684,42918.42,46611.074
43835.75,47211.562,43577.85,47092.08
45164.56,47809.594,44337.52,47666.918
45961.29,48622.914,45717.05,48429.227
46883.48,49518.043,46693.68,49276.582
48426.51,50415.805,47757.12,50173.53
52016.61000000001,51314.23,49686.380000000005,51107.67
54186.80999999999,52570.43,53236.66000000001,52317.2
55302.88,54104.34,55398.19,53720.637
56610.84,55599.234,57042.71000000001,55130.133
58396.55,56887.586,58121.98,56417.49
59581.270000000004,58318.285,59424.0,57819.234
60441.22,59663.14,60208.19,59158.633
60915.54,60841.492,61403.810000000005,60383.11
61213.490000000005,61834.273,62046.82000000001,61461.45
61878.58,62191.703,62820.09,62213.816
62499.28,62882.05,63314.77,63097.844
62707.16999999999,63468.887,63493.31999999999,63898.156
61810.71,63969.27,63312.29,64603.5
61946.19,64628.543,62884.39,65435.938
62417.82,64945.086,63105.75,66015.14
62854.59,65153.348,63421.84,66471.17
62687.799999999996,65307.484,63589.6,66832.2
63042.91,65791.39,63383.07000000001,67456.02
63693.78,65988.96,63675.12000000001,67816.5
64281.76999999999,66104.05,64215.61000000001,68051.516
64340.38,66170.33,64718.08,68183.34
64903.85,66631.25,64965.63,68643.414
65125.65,66771.04,65712.17,68792.414
65394.2,66840.63,65979.22,68833.02
64620.06,66808.49,66163.14,68736.09
64351.159999999996,67118.44,65688.68,68974.086
64850.280000000006,66998.63,65706.65,68833.24
65017.020000000004,66751.375,65821.43,68551.1
65073.600000000006,66539.71,65683.74,68271.94
64651.490000000005,66571.82,65597.16,68242.234
64265.81999999999,66409.93,65255.86,68016.39
63760.59,66150.38,64775.920000000006,67703.445
63869.15,65842.17,63996.93,67346.36
63612.31,65671.52,64096.229999999996,67169.695
63200.26,65378.36,63788.33000000001,66830.586
62932.37,65100.98,63067.01,66495.76
62970.64,64816.414,62577.57000000001,66149.484
62646.46,64628.73,62418.8,65930.555
62034.38,64405.527,62062.86000000001,65634.49
61555.399999999994,64224.875,61173.1,65384.742
61090.91,64043.08,60559.97,65149.516
61008.490000000005,63883.754,60760.63,64975.848
60362.829999999994,63734.758,60254.09999999999,64814.305
60082.76,63671.844,59761.87,64744.297
60488.04,63598.293,59697.14,64689.156
60776.590000000004,63485.637,60395.14000000001,64615.977
60546.77,63467.81,60311.1,64622.62
60559.560000000005,63482.0,60428.19,64654.793
60474.07,63468.457,60513.54,64677.44
60101.009999999995,63330.184,60682.96000000001,64582.918
59714.48,63177.566,60548.93,64489.38
59675.4,62965.47,60530.48,64346.84
59383.159999999996,62711.582,60694.55,64173.92
59417.0,62314.117,60685.93000000001,63849.48
59269.29,61892.906,60330.03,63507.72
59065.73,61480.41,60616.63999999999,63153.207
58932.84,61065.656,60981.29,62780.26
59071.73,60432.914,61257.829999999994,62168.242
58908.48,59835.72,61039.30000000001,61577.35
58224.04000000001,59304.473,60333.1,61025.523
57213.08000000001,58786.035,59459.44,60476.613
56263.23,57948.746,58426.979999999996,59605.387
55117.6,57114.523,57310.43,58752.85
54080.99,56289.445,55980.12,57913.844
52917.44000000001,55473.043,54951.44,57091.523
51874.38,54451.746,53895.34,56063.75
50708.77,53535.22,53016.91999999999,55146.844
49571.2,52708.453,51651.19000000001,54321.848
48108.61,51962.492,50453.49,53588.293
47307.74,51057.31,48812.89,52683.184
46532.93,50183.07,47812.6,51786.11
45908.91,49447.11,46861.45,51025.74
44528.84,48797.06,46011.17,50345.22
44008.28,48072.473,44850.54,49586.055
43439.77,47357.516,44363.6,48844.363
43140.9,46764.35,43977.38,48208.945
42689.96,46270.777,43335.94,47643.68
42479.07,45835.35,43147.61,47096.348
42479.53,45479.617,42982.3,46589.344
42670.95,45222.234,42702.61,46168.42
41928.18,45074.688,42629.24,45828.004
41540.1,45005.91,42654.53,45400.465
41605.68,45015.45,42841.66,45169.54
41876.87,45020.707,42953.03,44983.43
42007.02,45098.285,43001.14,44882.223
41952.32,45341.332,42781.27,44897.902
42003.43,45617.8,43001.36,44975.504
42240.44,45916.89,43035.37,45128.7
42740.6,46259.023,43083.17,45363.64
42880.06,46826.645,43326.0,45784.297
43371.49,47441.207,43839.34,46280.727
44029.16,48068.145,44317.46,46856.605
45666.88,48737.98,44995.04,47509.867
46604.31,49671.29,46021.79,48394.48
47467.96,50721.45,47192.55,49390.875
48889.43,51742.17,48517.29000000001,50421.543
52429.18,52707.035,50500.78,51443.81
54447.94,53941.17,54236.39000000001,52699.97
55368.46000000001,55442.258,56878.37,54127.55
56601.98,56853.516,58544.42999999999,55512.27
57940.06,58021.688,59599.06,56722.953
58753.85,59292.625,60592.91999999999,58015.332
59749.32,60428.465,61553.63,59188.395
60702.41,61371.723,62391.99,60216.766
61381.34,62179.957,63090.659999999996,61124.44
62063.61,62521.24,63849.29000000001,61745.54
62248.68,63185.367,64186.23,62522.145
62488.55,63770.586,64598.76000000001,63240.324
62257.77,64192.953,64574.1,63814.992
62668.33,64776.242,63321.48,64513.16
63374.43,65146.117,63495.63,65046.36
63509.43,65442.79,63944.13,65493.34
63519.83,65709.08,64367.64,65884.805
64098.69,66203.26,64086.59,66472.41
64726.68,66485.9,64588.34,66869.4
64991.93,66696.414,65152.25,67165.79
65135.53,66847.44,65078.11,67370.28
65372.43000000001,67244.89,64521.37,67792.516
65755.29,67364.25,64597.3,67944.57
65902.06,67352.97,64896.229999999996,67949.34
65275.7,67269.42,65069.46,67860.195
64849.369999999995,67407.5,64907.99,67989.03
65206.63,67209.35,64874.26,67809.586
65233.82,66855.01,64947.450000000004,67470.19
64608.060000000005,66497.07,65396.86,67100.74
64231.31,66341.25,65408.02,66939.0
63802.98,65971.484,64808.3,66578.45
63010.92999999999,65542.28,64758.76999999999,66159.11
62683.16,65095.67,64238.6,65718.64
62582.88,64708.965,64055.549999999996,65383.34
62630.850000000006,64281.86,63715.86,64981.21
62484.56,63934.973,63388.920000000006,64628.566
62608.98999999999,63679.758,63436.91000000001,64344.285
62143.8,63505.22,63748.31,64165.68
61848.29,63397.566,63467.79,64020.023
61361.520000000004,63303.76,62744.84,63894.504
61353.96000000001,63253.86,62165.69,63818.56
60922.12999999999,63170.176,61858.32,63753.867
60520.36000000001,63147.227,61582.66999999999,63726.086
60679.310000000005,63133.824,60951.29,63720.004
61043.69,63111.234,60937.45,63721.02
60722.270000000004,63059.168,61424.73,63700.293
60893.08,63066.242,61459.84999999999,63732.02
60906.93,63030.22,61631.24999999999,63736.97
60879.17,63004.734,61624.57,63752.76
60768.25,62868.594,62387.97,63671.69
60967.65,62692.938,62594.64000000001,63571.22
61342.88,62485.816,62508.07,63441.758
61528.39,62295.375,62803.82,63318.316
61319.75,62010.707,62542.58,63090.68
60799.99,61704.867,62213.66999999999,62838.957
60825.49,61344.61,62455.38,62518.297
60585.11000000001,60940.52,62494.16999999999,62155.965
60381.12,60351.816,62687.15,61583.03
59910.72,59737.508,61692.92,60977.605
59098.64000000001,59136.773,60665.439999999995,60367.582
58163.64,58542.746,59711.15,59762.223
57203.82000000001,57645.035,58422.399999999994,58854.38
55876.23,56775.867,57466.14,57988.383
54684.17,55922.92,56270.8,57136.055
52907.53,55066.62,55245.6,56290.56
51826.649999999994,54013.055,54335.82,55249.742
50513.770000000004,52990.066,53286.56,54268.37
49891.33,52061.7,51865.09,53370.633
49266.42,51198.75,50870.78,52554.48
47837.19,50190.97,49538.26,51584.652
46574.77,49398.88,48545.41,50726.266
46079.87,48557.93,47726.88,49869.117
45807.95,47728.816,47554.28,49042.086
45498.01,46877.125,46846.94,48191.242
45604.94,46164.76,46333.19,47445.92
44896.68,45526.586,45969.85,46780.574
44510.6,45059.242,45798.06,46253.04
43668.67,44581.34,45069.89,45718.13
43056.47,44193.48,44476.25,45253.234
42940.19,43811.926,44180.5,44824.0
42585.12,43500.98,44294.52,44461.42
42273.25,43069.95,43995.22,43880.473
42413.19,43097.47,43762.42,43772.793
42534.93,43161.89,43729.11,43707.926
42378.57,43341.08,43827.3,43765.242
42627.25,43706.12,43677.33,43960.605
42825.88,44022.863,43420.65,44173.234
42881.5,44385.277,43207.8,44464.3
43425.28,44791.547,43291.37,44837.184
43794.66,45369.75,43657.93,45343.906
44158.7,46017.094,44099.86,45948.445
44637.61,46674.87,44359.62,46607.707
46016.33,47318.78,45175.17,47304.2
46807.26,48191.836,47346.9,48197.17
47652.61,49147.043,47916.96,49168.145
49516.920000000006,50053.766,49301.91,50140.508
52661.4,50922.223,51052.73000000001,51119.848
54706.47,52214.336,54135.47,52412.004
55699.92,53704.105,56704.89,53819.477
57104.78,55158.85,58449.8,55213.953
58938.63,56424.91,59645.63,56489.695
60109.92,57861.36,60896.37,57911.406
61007.38,59203.72,61731.44,59247.055
61891.53,60383.47,62491.59,60463.277
63092.72000000001,61376.06,63095.48,61529.035
63698.01,62040.65,63878.91,62446.91
63676.509999999995,62819.65,64545.729999999996,63327.637
63951.83,63482.69,64968.46,64120.97
63222.91,63919.92,65021.05,64709.812
63483.01,64547.14,64482.36000000001,65444.758
63970.9,64830.64,64799.409999999996,65893.445
64183.94,65035.445,64986.91,66237.58
63616.83999999999,65196.754,65228.61,66502.24
64025.079999999994,65645.34,65583.12,67006.94
64790.51,65793.03,65897.65,67235.03
65348.03999999999,65896.79,66251.47,67373.164
65772.76,66013.83,66631.98,67470.65
66485.14,66427.98,66797.34,67824.15
67164.14,66688.61,67016.11,67997.78
67414.61,66884.51,67676.33,68066.15
66781.99,67015.45,67661.24,68048.03
66888.76,67353.28,66844.94,68237.6
66888.46,67323.81,66599.14,68092.14
66706.92,67176.54,66466.88,67824.04
66403.34,66962.86,66349.14,67494.76
66062.34,66869.805,66333.48,67326.01
66269.41,66580.25,66342.42,66956.22
65220.61000000001,66215.87,66044.82,66520.58
64821.08,65906.805,65585.39,66124.37
64935.06,65578.914,65297.08,65790.734
64460.35,65193.62,65377.65,65385.4
63946.45,64902.51,64922.009999999995,65040.86
63886.33,64623.805,64816.51999999999,64718.85
63825.350000000006,64377.703,64892.43,64476.938
63336.62,64180.363,64341.18,64258.59
62800.83,64062.22,63957.94,64110.566
63043.81999999999,63952.52,63498.57000000001,63991.062
62100.48,63778.848,62933.6,63852.277
62121.28,63724.863,62525.77,63804.953
62322.38,63601.56,61847.89,63727.855
62248.53,63543.496,61934.62,63701.527
62481.61,63427.0,61637.06,63618.88
61498.02,63350.168,61608.23,63585.8
61906.130000000005,63314.473,61401.0,63585.145
62924.26,63166.297,61439.07,63513.37
62530.72,62941.76,61623.66000000001,63351.86
61992.08,62881.17,61291.280000000006,63323.176
62141.93000000001,62746.62,61446.75000000001,63241.766
62157.17999999999,62549.598,61765.16000000001,63112.67
61688.090000000004,62206.188,61898.23999999999,62827.445
61267.8,61916.473,61568.37,62589.92
61496.13,61573.914,61738.58000000001,62299.734
61452.3,61216.566,62287.12999999999,61982.734
61131.84,60689.07,62821.78,61466.547
60671.37000000001,60211.074,62294.340000000004,60988.78
59654.88,59710.562,61484.45,60478.98
58882.6,59187.043,60597.19,59942.3
57773.170000000006,58317.598,59575.62,59077.598
56629.76000000001,57496.758,58572.13,58264.652
55438.13999999999,56646.316,57470.68000000001,57429.863
53813.62,55796.297,56439.87,56593.465
52575.37,54703.227,55681.05,55542.76
51507.13,53626.773,54342.36,54536.2
50434.68,52614.348,53264.89,53597.125
48734.84,51710.848,52412.95999999999,52749.4
47955.36,50726.652,51833.08999999999,51897.387
47229.28,49715.484,50700.200000000004,50909.36
46507.61,48796.953,49734.1,50039.234
45196.94,48000.855,48987.77,49277.25
44747.57,47198.953,47483.7,48516.348
44541.41,46380.28,46560.17,47750.984
44314.54,45739.402,46245.34,47136.04
44112.55,45238.05,45942.77,46643.48
43890.46,44870.348,45430.18,46240.87
43410.76,44569.41,44980.49,45869.254
42990.77,44365.414,45052.13,45589.652
42485.96,44199.414,45155.91,45356.684
42104.58,43823.125,45008.48,44811.7
42113.88,43849.285,44770.38,44665.883
42469.8,43933.527,44939.25,44570.406
42215.44,44129.24,45199.54,44597.902
42330.06,44570.13,45477.09,44787.223
42195.88,44930.168,45340.72,44977.727
42575.91,45314.91,46055.6,45233.746
43158.09,45650.17,46118.91,45513.03
43296.92,46222.99,45877.61,45952.25
43632.01,46800.973,45902.17,46454.492
44287.66,47337.36,45970.45,46983.383
45632.4,47849.203,46792.22,47550.21
46477.67,48591.906,47936.7,48288.08
47369.9,49402.945,48634.83,49104.84
48979.759999999995,50200.36,49909.74,49953.297
52088.06,50977.76,51445.87000000001,50821.242
53942.01,52072.508,54800.15,51912.953
55362.55,53391.375,57524.530000000006,53154.11
56932.270000000004,54640.75,59400.32,54364.06
58875.450000000004,55833.93,60412.82,55549.438
59693.91,57208.71,61714.66,56878.18
60444.69,58544.133,62506.14,58173.48
61521.97,59668.715,63196.77999999999,59323.684
62635.7,60624.19,63628.729999999996,60344.625
63146.92999999999,61438.99,64542.8,61371.098
63259.8,62176.5,65018.490000000005,62206.586
63601.54,62829.21,65333.4,62970.3
63414.26,63290.953,65731.61,63554.402
63415.88,63890.562,65714.03,64232.1
63795.77,64229.64,65798.76,64665.594
64128.17,64407.586,66184.95,64937.496
64089.92999999999,64523.266,66574.38,65118.652
64126.02999999999,64941.586,66372.83,65567.37
64617.6,65123.89,66272.04,65779.25
65001.530000000006,65177.562,66613.61,65854.68
64538.11,65210.582,67228.1,65880.02
64584.01,65583.734,67641.4,66226.555
64843.73000000001,65608.54,68167.23,66261.58
65044.36,65536.984,68512.21,66191.01
64517.83,65437.22,68527.95,66078.98
64497.16999999999,65637.99,67612.04,66274.26
64285.67,65481.45,67255.54,66152.63
63689.96,65246.457,66842.18,65947.266
63230.33000000001,64953.457,66408.52,65691.97
62981.57000000001,64792.566,66108.28,65621.25
62595.549999999996,64423.945,65544.41,65348.074
61823.76,64040.4,65444.56,65029.645
61464.79,63679.082,64611.22,64725.074
61250.29,63385.46,64395.25,64540.57
60725.18,62988.285,64126.75,64215.48
60295.94,62661.605,63097.53999999999,63909.16
60264.81,62356.67,62711.17999999999,63605.367
60101.3,62114.684,62981.920000000006,63383.41
59715.30000000001,61897.816,62310.22,63122.54
59679.51,61754.09,61985.420000000006,62901.016
59544.32,61637.934,61484.66000000001,62706.156
58963.37,61529.402,61512.990000000005,62534.418
58617.1,61442.87,61195.44,62369.164
58502.36000000001,61355.047,60380.13999999999,62224.984
59171.84,61289.324,60333.83000000001,62117.57
59079.39000000001,61132.54,60656.969999999994,61940.883
59063.55,61119.56,60392.740000000005,61872.64
59192.16999999999,61107.05,60608.93,61821.57
59428.25,61095.215,60545.41,61787.465
58963.26,60937.348,60337.81,61612.535
58957.2,60849.344,60116.62,61501.39
59067.22,60695.72,59791.51000000001,61353.67
59057.14,60548.25,59795.11,61212.074
58496.84,60250.656,59836.439999999995,60908.2
58471.51,60016.066,59551.98,60654.58
58698.97,59704.777,59867.22,60334.87
58669.4,59414.81,60316.15,60016.07
58200.44000000001,58949.285,60361.69,59497.65
57317.369999999995,58578.58,59523.54,59052.062
56487.24999999999,58156.504,58596.97,58553.46
55375.71,57645.54,57248.74999999999,57986.094
54133.29,56818.53,55504.79,57143.43
53145.16,56038.867,54460.95,56334.88
52040.52,55201.24,53312.17,55483.082
51311.31,54365.48,52283.73,54646.75
50223.85,53269.3,51544.01,53620.38
49113.130000000005,52317.727,50550.43000000001,52710.76
48552.59,51388.367,49476.75,51845.375
47463.88,50490.516,48791.34,51030.066
46569.54,49221.105,47718.45,50030.566
45573.45,48284.67,46521.8,49162.973
44945.03,47400.004,45718.96,48369.63
43699.12,46529.227,45210.82,47604.367
42635.76,45571.164,44140.29,46820.723
42295.41,44629.387,43723.57,46027.51
42111.41,43750.324,43336.56,45297.64
41544.59,43035.59,42534.92,44672.61
41068.52,42417.81,42033.01,44141.867
40947.83,41891.31,41265.94,43618.37
40855.76,41466.96,40908.44,43178.875
40271.48,41190.24,40728.14,42846.4
40217.45,40729.06,40196.39,42645.926
39968.12,40145.945,40158.51,41948.484
39810.43,39901.75,40067.02,41565.49
40094.0,39796.785,39859.89,41298.04
39689.94,39852.383,40024.56,41177.12
39657.78,40001.754,39967.38,41113.99
39692.26,40150.523,39602.15,41088.566
39725.42,40364.65,39560.01,41155.418
39760.22,40751.977,39742.1,41358.223
39653.38,41113.277,39673.12,41580.68
39732.45,41482.586,39670.24,41856.07
39934.8,41858.13,39969.5,42186.258
39898.12,42416.027,40418.69,42662.746
39925.6,42943.0,40446.22,43159.426
40199.95,43428.16,40504.69,43665.457
41021.29,43905.53,40985.68,44197.49
41586.15,44626.65,42315.65,44897.04
41648.41,45381.176,43365.68,45637.48
42490.85,46123.63,43460.06,46384.555
43884.14,46788.867,43612.06,47085.11
44648.09,47674.355,44928.51,47917.668
45340.88,48559.258,45694.73,48754.465
46025.91,49381.21,46777.84,49549.574
47048.41,50132.65,47520.38,50285.457
47935.909999999996,51269.82,48620.30000000001,51425.258
48576.82,51805.37,49430.520000000004,51946.516
49243.13,52335.566,50197.32,52483.1
49997.29,52788.773,50559.73999999999,52935.902
50437.79000000001,53328.547,50734.98,53424.95
50982.98999999999,53775.492,51100.14,53863.26
51255.82,54127.117,51938.240000000005,54220.9
51841.11,54406.406,52552.060000000005,54510.926
52172.43000000001,54778.613,52505.310000000005,54872.234
52311.91,55094.22,52925.46,55222.387
52599.380000000005,55320.1,53399.68,55487.27
53155.49,55463.81,53728.12999999999,55680.543
53552.909999999996,55736.082,54341.52,55989.09
53245.78,55942.832,54563.05000000001,56257.207
53198.79,56076.85,54622.409999999996,56431.957
53095.96000000001,56086.02,54597.47,56494.66
53077.41999999999,56194.938,53985.2,56649.637
53135.49,56192.25,53420.81999999999,56716.996
52463.270000000004,56127.816,53060.48,56696.33
51659.34,56031.324,52312.57000000001,56627.676
50843.95,55946.7,52010.99,56591.22
50744.079999999994,55736.965,51426.51000000001,56452.445
50215.35,55434.32,50799.83,56207.27
49686.0,55162.22,50096.77,55954.76
49061.55000000001,54914.21,49769.07,55731.047
48437.450000000004,54624.55,49257.01,55455.273
48094.88,54315.824,48774.53999999999,55140.023
48065.41,54002.17,48677.66,54807.934
48077.189999999995,53699.53,48458.69,54488.844
47834.87999999999,53478.582,48605.79,54226.164
47816.40000000001,53328.133,48346.52,54020.223
48046.53,53214.324,48181.26,53851.92
47643.91,53066.473,48469.19,53665.316
47813.74,53015.477,48582.72000000001,53566.023
47917.45,52965.734,48440.53999999999,53491.723
48820.64,52960.598,48354.88,53464.312
48894.08,52875.5,49248.83,53372.934
49333.33000000001,52924.74,49677.80999999999,53395.676
49705.8,52976.297,49869.43,53435.85
49849.88999999999,53050.1,49981.48,53501.316
49797.9,53009.07,50297.72,53461.28
49943.16999999999,52998.18,50092.29,53455.17
50093.73,52963.535,49943.9,53436.51
50304.26,52925.23,49678.94999999999,53413.367
49918.14,52764.125,49643.78,53274.59
49884.840000000004,52639.34,49726.57,53156.86
50077.96,52451.562,49993.37,52979.492
50441.37999999999,52259.504,50484.61,52782.777
50103.16,51963.51,51105.26999999999,52480.55
49486.04,51714.668,50508.7,52185.04
48746.469999999994,51384.66,49635.159999999996,51811.59
47899.51,50972.234,49153.31,51368.773
46993.26,50378.633,48308.12,50793.457
46341.91,49753.312,47680.11,50159.484
45750.62,49068.453,46627.46,49490.125
45353.72,48397.87,46349.17,48837.37
44587.25,47662.574,45944.15,48183.82
43910.76,46987.273,45353.52,47537.938
43222.13,46302.113,44350.16,46903.227
42331.62,45654.844,43831.18,46318.023
41438.12,44512.52,43004.37,45500.78
40841.39,43683.645,42261.96,44767.383
40142.2,42884.246,41159.33,44076.934
39328.56,42113.543,40745.6,43414.1
38763.72,41281.88,39665.03,42768.535
38289.98,40395.344,39239.89,42028.938
37916.34,39526.875,38715.05,41316.664
37302.61,38713.316,38254.69,40647.832
36912.59,37948.977,37567.03,40062.58
36895.82,37160.887,37223.62,39386.15
36661.02,36434.957,36993.5,38763.598
36187.33,35844.25,37173.02,38233.527
36042.93,35630.82,36949.28,38260.926
35876.64,35281.703,36798.64,37899.094
35659.83,34935.797,36442.45,37546.953
35563.51,34675.5,36548.58,37264.734
35645.23,34594.14,36431.88,37127.91
35467.23,34514.285,36219.49,36966.67
35622.94,34537.023,36198.61,36899.242
35493.84,34636.496,36272.74,36918.977
35390.0,34995.832,36145.81,37149.668
35437.23,35322.855,35946.46,37375.242
35807.51,35677.363,36135.67,37658.004
35625.67,36094.07,36217.12,38020.83
35365.94,36788.4,36744.62,38613.0
35589.83,37357.855,36694.15,39147.047
35609.54,37880.67,36732.51,39686.133
36447.62,38437.973,36952.97,40262.93
36660.79,39210.074,37436.18,41007.707
36926.8,39977.457,37521.61,41752.086
37073.53,40696.676,37568.68,42481.965
37273.59,41399.527,37483.4,43202.4
37598.32,42279.117,38129.73,44038.48
38492.62,43009.867,38818.8,44782.566
39524.56,43672.523,39717.3,45468.332
40636.2,44343.938,40799.11,46136.77
41171.73,45539.28,41557.64,47203.027
42066.01,46075.277,42264.69,47629.145
42735.69,46589.234,43478.97,48084.06
43745.47,47071.184,44124.37,48492.3
44374.43,47625.05,44575.82,48905.55
45134.7,48153.49,44923.45,49327.617
45839.65,48577.13,45432.43,49659.83
46479.76,48898.816,46082.54,49892.13
47059.2,49279.03,46073.45,50128.75
46972.45,49610.47,46664.73,50362.375
47827.91,49835.715,47442.62,50503.453
48794.61,49885.984,47953.45999999999,50507.0
49082.91,50074.156,48271.47,50593.742
49389.51999999999,50341.97,48326.01,50764.324
49912.73,50488.77,48588.94,50848.113
49694.02,50574.39,48873.66,50876.05
48979.869999999995,50727.297,48797.57000000001,50950.117
48345.659999999996,50843.21,48274.84,51019.22
48046.69,50804.73,48088.99,50960.035
47540.51,50673.45,47754.88,50828.98
47043.19,50550.53,47409.45,50701.992
46881.24,50483.176,47156.57,50634.88
46322.45,50369.6,46448.49,50516.19
46148.0,50265.69,45566.21,50394.977
45668.95,50086.324,45318.08,50206.184
45835.43,50042.297,45158.59,50120.88
45592.56,49949.82,45255.59,49989.96
45832.75,49921.31,44664.03,49893.535
45498.95,49813.14,44366.3,49728.207
45462.28,49895.02,44055.61,49724.625
45503.91,49957.19,44236.53,49723.246
45397.9,50043.555,44042.63,49755.72
45105.38,50068.91,44497.02,49744.504
45440.58,50194.45,44680.88,49840.67
45750.17,50302.29,45013.41,49942.133
46123.96,50459.523,45222.22,50095.793
46250.48,50559.59,46041.48,50203.883
46636.3,50752.14,46396.23,50410.582
47102.4,50914.066,46690.9,50600.977
47945.57,51077.64,46905.2,50803.582
47749.62,51165.086,48290.49,50939.32
47768.02,51328.652,48537.61,51147.836
48046.45,51392.387,48815.43000000001,51276.727
48160.98,51418.617,49034.66,51373.277
47748.65,51390.734,49117.06,51409.484
48008.39,51335.508,48916.15000000001,51418.625
48364.56,51203.047,49405.68,51354.85
49074.43,51108.805,50104.51,51310.227
48694.31,50984.156,50767.78,51222.18
48372.73,50870.13,50557.75,51118.332
47841.48000000001,50653.67,49758.84,50921.836
47239.11,50388.812,48722.30999999999,50678.105
46654.84,50003.61,48052.74,50325.258
46276.56,49495.69,47511.77,49843.984
45931.97,48972.594,47419.35,49349.3
46052.38,48478.348,47210.52,48878.504
45218.9,47986.11,46785.98,48424.8
44695.24,47459.98,45986.98,47910.562
43888.44,46886.207,45088.19,47368.402
43284.44,46349.23,44436.96,46864.387
42665.36,45604.016,43425.53,46257.797
41960.52,44895.17,42448.69,45585.484
41399.33,44243.15,42027.23,44963.867
40435.15,43592.65,41478.53,44341.59
39908.22,42988.746,40495.14,43784.816
39643.43,42207.516,40057.0,43046.46
39188.67,41493.016,39693.1,42369.367
38855.1,40874.22,39333.99,41760.066
38537.82,40353.918,38841.18,41259.523
38312.41,39727.355,38404.3,40618.297
37920.89,39188.457,38544.2,40049.445
37616.77,38726.81,38559.1,39541.086
37619.32,39575.19,38360.09,40190.83
37610.26,39919.59,38090.67,40351.707
37631.34,40155.133,38062.03,40435.61
37749.61,40348.96,38126.08,40506.715
38052.48,40671.92,38165.2,40671.914
37796.04,40932.05,38116.11,40802.15
37941.47,41268.113,38191.04,41022.105
38602.3,41583.9,38442.99,41286.07
39052.86,42126.863,39372.92,41738.035
39602.56,42683.594,39559.71,42223.746
40141.07,43282.95,40260.53,42796.215
42233.58,43927.21,41252.44,43447.562
43516.95,44808.527,42747.7,44305.773
44922.82,45856.98,43554.21,45292.37
46629.14,46935.773,45285.22,46350.73
50398.65,48026.77,47412.47,47458.84
53212.49,49459.445,51392.67,48843.99
55116.9,51158.01,53827.53,50394.074
56269.67,52920.176,55781.58,52001.31
57844.09,54548.504,57033.4,53526.492
58996.78999999999,56214.418,58905.24999999999,55105.594
59837.85,57694.1,59763.04,56530.38
60638.6,58987.742,60459.92,57814.58
61598.81999999999,60065.37,61534.299999999996,58922.99
62234.619999999995,60585.336,62422.85,59849.645
62553.87,61383.516,62312.59,60751.51
62775.329999999994,62114.65,62755.280000000006,61595.516
62688.55,62671.8,62967.82000000001,62289.15
63274.61,63364.26,62518.89000000001,63115.81
64052.920000000006,63846.457,62756.57,63757.105
64272.38,64269.047,62976.25,64330.938
64569.75,64641.145,63307.67,64835.586
65039.22000000001,65194.094,63443.83,65537.18
65471.43000000001,65572.984,63666.95,66043.47
65774.88,65837.01,64177.83999999999,66424.63
66105.79,65991.95,64614.16,66663.8
66413.64,66366.29,64762.63999999999,67127.32
66304.74,66547.56,65217.76,67354.98
66382.15,66605.9,65468.340000000004,67430.12
65489.420000000006,66527.484,65599.48,67356.56
65230.76,66647.445,65521.170000000006,67508.516
65183.22,66458.39,65180.1,67342.96
65399.56,66199.5,65211.16,67091.71
65285.59999999999,65918.39,65236.37,66795.44
64984.34,65881.2,65196.73,66774.94
64974.369999999995,65702.875,64833.91,66569.85
64186.94,65472.004,64671.420000000006,66301.42
63985.310000000005,65269.734,64183.02,66049.7
63992.13,65091.047,63943.56,65886.01
63785.66,64861.652,64225.12000000001,65612.42
63299.6,64666.14,63867.19999999999,65335.117
63104.04,64491.004,63500.54,65072.355
62617.07,64325.406,63465.73,64867.33
62304.03,64148.613,63175.3,64616.21
61632.32,63974.043,63129.39000000001,64382.906
61187.130000000005,63840.58,62775.61,64203.215
60697.92,63648.39,62533.53,64025.594
60097.41,63470.047,62029.0,63867.15
59977.12000000001,63315.71,61729.91,63749.87
60262.6,63171.78,61602.490000000005,63664.29
60143.44,62994.594,61711.4,63556.91
60445.04,62895.14,61595.829999999994,63522.715
60628.97,62796.72,61576.13999999999,63501.125
60338.95,62746.8,61547.380000000005,63523.97
60087.05,62572.64,61509.340000000004,63403.523
60391.96,62373.297,61338.16999999999,63288.914
60463.94,62136.445,61509.04,63143.64
60401.89000000001,61939.395,61725.23,63019.35
60050.1,61587.25,61718.74,62713.82
60299.73,61229.297,61704.73,62423.723
60541.38,60831.16,62180.8,62089.46
60691.98,60500.242,62440.24,61797.867
60329.88,60027.652,61770.19,61311.32
59302.380000000005,59612.27,60743.26,60900.09
58341.56,59177.3,59977.9,60470.523
57349.09,58661.75,59125.70999999999,59975.582
56192.649999999994,57887.562,57917.73,59190.992
54900.72000000001,57109.266,57013.55,58430.496
53824.37999999999,56317.363,55827.43,57656.016
52987.73,55516.258,54806.80999999999,56876.105
52313.35,54556.87,53355.49999999999,55899.0
51130.12999999999,53658.48,52373.66,55014.312
50128.12,52852.61,51402.64,54217.48
48737.979999999996,52059.793,50399.86000000001,53449.848
47797.65,51208.723,49198.82000000001,52644.94
47061.74,50278.777,48213.03,51753.582
46485.9,49477.18,47418.92,51001.31
44773.47,48759.902,46782.2,50316.18
44377.16,48028.93,46300.71,49584.098
43885.07,47192.668,45961.26,48799.336
43494.16,46524.875,45525.44,48146.523
42981.79,45967.098,45084.47,47570.727
42377.78,45500.582,44561.67,47019.223
42251.36,45062.17,44254.27,46488.566
41997.17,44697.688,43703.48,46018.883
41463.85,44477.85,43400.68,45662.754
41168.26,44503.93,42998.09,45559.348
41555.99,44377.496,42743.08,45329.05
41854.31,44260.82,42654.07,45136.027
41814.25,44280.418,42768.8,45051.82
41856.39,44488.457,42637.93,45089.33
42121.47,44674.92,42850.73,45139.48
42277.5,44902.9,42924.43,45264.17
42824.38,45214.76,43292.87,45486.664
42918.42,45725.758,43343.53,45869.258
43577.85,46265.887,43436.47,46304.92
44337.52,46796.1,44036.61,46794.414
45717.05,47397.523,44686.54,47376.92
46693.68,48283.242,46076.77,48191.105
47757.12,49231.766,46629.42,49080.43
49686.380000000005,50187.527,48301.33999999999,50029.81
53236.66000000001,51148.645,50064.82,51015.43
55398.19,52505.984,54041.93,52312.176
57042.71000000001,54128.14,56348.82000000001,53791.402
58121.98,55731.547,58145.69999999999,55289.344
59424.0,57208.375,59159.22,56717.957
60208.19,58753.07,61044.240000000005,58230.266
61403.810000000005,60110.133,61822.41,59603.94
62046.82000000001,61245.53,62235.55999999999,60812.805
62820.09,62262.64,62922.08,61910.867
63314.77,62735.23,63572.05,62762.992
63493.31999999999,63549.17,64256.75000000001,63720.61
63312.29,64207.445,64563.41,64557.094
62884.39,64689.19,64352.57,65231.465
63105.75,65295.637,64045.9,66013.875
63421.84,65660.87,64108.49999999999,66599.73
63589.6,65899.836,64344.08999999999,67044.734
63383.07000000001,66045.3,64589.38,67372.44
63675.12000000001,66437.51,64466.29,67895.39
64215.61000000001,66587.664,65028.48,68195.67
64718.08,66644.48,65250.76,68367.03
64965.63,66649.516,66144.12,68441.21
65712.17,67016.97,66371.42,68819.42
65979.22,67110.77,67301.65,68926.92
66163.14,67164.83,67638.45,68953.234
65688.68,67125.734,67939.43,68867.89
65706.65,67393.414,66251.56,69084.2
65821.43,67298.58,65927.33,68967.42
65683.74,67105.445,66157.46,68738.53
65597.16,66858.125,65825.75,68432.42
65255.86,66833.086,66215.23,68367.02
64775.920000000006,66598.016,65496.75000000001,68089.195
63996.93,66296.13,64907.70999999999,67745.74
64096.229999999996,65970.59,64376.94000000001,67391.484
63788.33000000001,65747.195,64316.36,67188.38
63067.01,65430.105,63867.06999999999,66840.61
62577.57000000001,65123.754,63854.33000000001,66487.97
62418.8,64786.28,63521.69000000001,66112.234
62062.86000000001,64544.824,63930.37,65863.23
61173.1,64279.418,63080.05,65548.54
60559.97,64050.35,62972.14,65260.457
60760.63,63805.004,62682.17,64984.95
60254.09999999999,63597.64,62736.05999999999,64785.703
59761.87,63483.668,62300.46,64647.152
59697.14,63385.37,61596.79,64540.51
60395.14000000001,63306.797,61604.659999999996,64471.08
60311.1,63223.715,61895.34,64414.457
60428.19,63252.773,61722.55000000001,64449.203
60513.54,63262.71,61771.8,64477.89
60682.96000000001,63287.684,61496.54,64528.7
60548.93,63201.57,61360.23000000001,64479.39
60530.48,63103.457,61403.03,64428.75
60694.55,62961.44,61702.65,64338.79
60685.93000000001,62797.75,61385.99,64227.527
60330.03,62517.613,61892.67,63990.4
60616.63999999999,62199.41,62080.55,63725.203
60981.29,61826.566,62805.04,63403.797
61257.829999999994,61494.29,63448.18,63093.562
61039.30000000001,60996.316,63790.299999999996,62583.76
60333.1,60563.418,62772.52,62128.1
59459.44,60098.707,61703.96,61637.08
58426.979999999996,59559.637,60895.57,61077.945
57310.43,58682.824,59261.58000000001,60178.113
55980.12,57826.15,58216.22,59315.68
54951.44,56964.188,57236.26999999999,58454.625
53895.34,56105.33,55805.2,57606.953
53016.91999999999,55046.207,54395.65000000001,56548.344
51651.19000000001,54133.996,53053.19,55638.16
50453.49,53328.254,52024.35,54836.473
48812.89,52561.12,51079.92999999999,54088.824
47812.6,51617.055,49425.17,53141.703
46861.45,50703.293,48368.06,52211.043
46011.17,49896.9,47473.77,51396.875
44850.54,49174.18,46903.52,50661.61
44363.6,48364.805,45569.67,49835.027
43977.38,47625.0,45016.89,49072.785
43335.94,47014.375,44535.46,48419.164
43147.61,46528.883,44335.78,47860.457
42982.3,46045.754,43679.53,47277.32
42702.61,45672.543,43274.67,46761.875
42629.24,45405.797,42855.35,46339.65
42654.53,45204.496,42664.06,45974.73
42841.66,45056.355,42463.94,45513.46
42953.03,45117.535,42176.61,45320.855
43001.14,45260.918,42007.52,45222.61
42781.27,45445.918,41970.69,45190.04
43001.36,45745.58,42293.88,45244.26
43035.37,45995.7,42448.84,45301.523
43083.17,46333.426,42307.95,45477.84
43326.0,46699.89,42484.37,45727.375
43839.34,47264.234,43121.22,46150.617
44317.46,47838.758,43326.57,46621.81
44995.04,48513.438,43652.48,47226.45
46021.79,49227.305,44060.18,47911.49
47192.55,50186.27,45820.12,48821.344
48517.29000000001,51149.46,46679.46,49767.707
50500.78,52145.29,48085.83,50782.734
54236.39000000001,53173.938,49989.4,51850.207
56878.37,54581.207,54264.45,53227.37
58544.42999999999,56239.375,56927.74,54768.473
59599.06,57874.66,58747.14,56308.797
60592.91999999999,59291.914,60218.34999999999,57698.555
61553.63,60712.812,61444.31,59105.14
62391.99,61884.902,62184.49,60309.758
63090.659999999996,62874.41,62544.03,61368.09
63849.29000000001,63683.688,63448.8,62269.613
64186.23,63863.45,63722.66000000001,62772.5
64598.76000000001,64539.1,64308.65000000001,63535.215
64574.1,65065.266,64410.03,64200.082
63321.48,65461.676,64387.49999999999,64743.61
63495.63,65979.5,63376.88,65378.445
63944.13,66153.61,63601.86,65760.25
64367.64,66266.305,63932.32,66066.805
64086.59,66363.57,64627.37,66326.16
64588.34,66708.86,64096.95,66774.1
65152.25,66871.99,64201.99999999999,67068.96
65078.11,66981.67,64258.48999999999,67279.79
64521.37,67049.93,64867.130000000005,67415.82
64597.3,67339.74,65067.81,67751.38
64896.229999999996,67305.64,64978.42,67787.94
65069.46,67178.43,65478.0,67711.82
64907.99,67007.25,65409.38,67559.695
64874.26,67087.42,64609.65000000001,67639.34
64947.450000000004,66913.766,64575.55,67468.78
65396.86,66649.836,64149.93,67200.49
65408.02,66334.0,63891.43,66870.21
64808.3,66261.8,64147.01,66768.695
64758.76999999999,66039.016,63951.76999999999,66510.69
64238.6,65700.195,64151.63,66160.23
64055.549999999996,65361.94,63731.060000000005,65801.516
63715.86,65110.367,63417.42,65571.16
63388.920000000006,64785.746,63174.39,65245.83
63436.91000000001,64485.867,62515.28,64941.883
63748.31,64209.887,62095.08,64659.234
63467.79,64071.926,61881.35,64527.227
62744.84,63997.754,61625.54,64412.92
62165.69,63956.0,61147.74,64334.695
61858.32,63878.68,60445.58999999999,64248.742
61582.66999999999,63771.332,60850.0,64175.45
60951.29,63680.33,60631.57,64109.25
60937.45,63626.996,60105.29,64077.33
61424.73,63541.61,59955.91,64035.445
61459.84999999999,63424.734,60767.200000000004,63975.42
61631.24999999999,63379.574,61160.04,63969.066
61624.57,63344.754,60962.82,63975.48
62387.97,63309.855,60958.39,63979.934
62594.64000000001,63144.8,60883.49999999999,63874.234
62508.07,63048.18,60537.19,63829.027
62803.82,62945.785,60620.12,63772.52
62542.58,62808.113,60776.21,63686.047
62213.66999999999,62533.945,60515.34999999999,63457.473
62455.38,62183.418,60583.59,63166.457
62494.16999999999,61799.62,61727.66,62824.887
62687.15,61474.82,62364.100000000006,62511.13
61692.92,60923.586,61875.14,61952.31
60665.439999999995,60429.375,60961.98,61441.254
59711.15,59812.867,59978.81,60824.22
58422.399999999994,59134.945,58805.36,60158.703
57466.14,58146.137,57612.40000000001,59183.82
56270.8,57170.137,56094.93,58242.54
55245.6,56247.355,55055.35,57348.4
54335.82,55367.562,54205.73,56495.918
53286.56,54308.73,53180.23,55453.01
51865.09,53411.652,52073.26,54571.117
50870.78,52570.133,50857.619999999995,53752.715
49538.26,51754.863,49932.44,52980.082
48545.41,50745.258,49442.73,52021.973
47726.88,49830.31,48834.94,51080.04
47554.28,48958.363,47960.74,50197.316
46846.94,48171.582,47119.14,49400.344
46333.19,47407.977,45801.76,48607.2
45969.85,46702.844,45556.34,47870.664
45798.06,46064.18,45096.56,47208.215
45069.89,45505.617,44511.35,46610.977
44476.25,45045.797,43445.37,46084.367
44180.5,44597.78,42954.87,45569.85
44294.52,44200.996,42755.61,45122.63
43995.22,43914.062,42510.93,44768.598
43762.42,43570.945,42286.04,44233.223
43729.11,43681.418,42064.39,44166.04
43827.3,43823.03,42391.8,44140.316
43677.33,44009.938,42215.19,44198.203
43420.65,44338.605,42882.56,44365.613
43207.8,44636.348,42961.09,44570.645
43291.37,44893.547,42981.88,44800.965
43657.93,45142.254,43028.36,45076.664
44099.86,45587.81,43332.59,45499.84
44359.62,46083.508,43507.45,46004.79
45175.17,46630.473,43848.12,46584.973
47346.9,47181.984,44918.92,47208.887
47916.96,48030.895,46409.42,48069.64
49301.91,49127.906,47678.76,49118.027
51052.73000000001,50119.754,48591.12,50141.004
54135.47,51174.453,50159.34,51244.773
56704.89,52590.684,54329.56999999999,52631.145
58449.8,54194.527,56947.159999999996,54132.19
59645.63,55846.715,58745.76999999999,55672.598
60896.37,57375.285,59908.94,57139.234
61731.44,58941.562,60224.36,58659.227
62491.59,60286.598,60729.86,60006.363
63095.48,61410.61,61293.62,61185.387
63878.91,62329.918,62032.8,62197.406
64545.729999999996,62813.613,63091.76,62980.234
64968.46,63447.08,63484.47000000001,63742.867
65021.05,64012.133,63574.44999999999,64446.316
64482.36000000001,64437.28,63675.1,65006.133
64799.409999999996,65002.336,62700.30999999999,65677.84
64986.91,65282.156,63413.96,66112.24
65228.61,65490.652,63939.09,66454.2
65583.12,65617.41,63922.75000000001,66693.15
65897.65,66004.79,63542.18,67149.305
66251.47,66256.8,63812.49,67459.61
66631.98,66417.29,64149.69,67650.57
66797.34,66509.195,64788.39,67746.52
67016.11,66891.84,65798.87,68101.44
67676.33,67061.61,66308.96,68228.44
67661.24,67121.63,66715.11,68219.72
66844.94,67165.18,67095.55,68156.09
66599.14,67390.02,65888.33,68274.234
66466.88,67263.69,65891.56,68073.445
66349.14,67003.47,65529.72,67741.555
66333.48,66679.445,65359.149999999994,67341.43
66342.42,66520.57,64700.18000000001,67128.516
66044.82,66238.98,64565.64,66773.47
65585.39,65931.97,64096.48,66384.57
65297.08,65611.01,63331.56,65983.336
65377.65,65357.88,63159.24,65702.26
64922.009999999995,65029.37,63264.719999999994,65339.56
64816.51999999999,64776.98,62995.41,65029.586
64892.43,64535.05,62648.59,64737.6
64341.18,64366.52,62885.36,64544.418
63957.94,64247.895,62364.5,64374.406
63498.57000000001,64120.438,61741.08,64218.93
62933.6,64013.44,61134.35,64094.734
62525.77,63846.477,60914.17,63950.773
61847.89,63694.895,60677.07,63820.438
61934.62,63575.438,60306.78,63730.85
61637.06,63433.92,60124.62,63638.625
61608.23,63247.01,60149.9,63495.125
61401.0,63108.273,59623.2,63409.082
61439.07,63004.664,59597.31999999999,63346.668
61623.66000000001,62902.297,59813.48,63296.89
61291.280000000006,62671.59,59718.7,63125.64
61446.75000000001,62523.184,59533.64,63029.527
61765.16000000001,62328.94,59708.34,62901.91
61898.23999999999,62164.05,60177.69,62795.33
61568.37,61891.312,60791.11,62578.99
61738.58000000001,61641.27,60975.59,62380.97
62287.12999999999,61349.664,61768.01,62135.223
62821.78,61090.336,62593.25000000001,61896.523
62294.340000000004,60684.223,62487.11,61485.58
61484.45,60363.934,61652.41000000001,61139.082
60597.19,59936.555,60390.69,60689.81
59575.62,59419.363,59320.22,60155.734
58572.13,58557.9,57856.479999999996,59294.867
57470.68000000001,57703.64,56821.3,58451.02
56439.87,56840.465,55843.21,57593.746
55681.05,55988.668,54810.08,56746.38
54342.36,54926.34,54280.509999999995,55704.61
53264.89,54001.66,53366.43,54789.574
52412.95999999999,53077.504,52252.20999999999,53898.67
51833.08999999999,52223.793,51295.63,53079.445
50700.200000000004,51341.19,50100.18,52287.023
49734.1,50583.65,49233.62,51460.07
48987.77,49808.65,48558.04,50670.387
47483.7,49096.934,47828.04,49949.273
46560.17,48333.453,46520.54,49191.684
46245.34,47526.746,45950.47,48420.047
45942.77,46807.62,45424.82,47747.598
45430.18,46275.848,45149.29,47213.52
44980.49,45845.934,45131.84,46749.5
45052.13,45465.31,44964.38,46312.457
45155.91,45190.062,44712.21,45969.383
45008.48,45097.95,44404.25,45755.55
44770.38,44895.344,43991.93,45293.633
44939.25,45068.43,44192.91,45193.426
45199.54,45277.977,44190.46,45138.395
45477.09,45599.01,44280.41,45207.11
45340.72,46097.957,44402.64,45389.38
46055.6,46583.477,44512.22,45616.086
46118.91,47006.277,44652.07,45856.523
45877.61,47545.31,44857.64,46224.652
45902.17,48173.184,45347.95,46669.332
45970.45,48672.465,45778.38,47106.703
46792.22,49127.08,46112.29,47569.395
47936.7,49562.836,46661.49,48078.297
48634.83,50294.234,47940.85999999999,48801.785
49909.74,51029.742,48824.24,49566.383
51445.87000000001,51744.52,50049.1,50357.918
54800.15,52524.223,51670.62,51220.46
57524.530000000006,53566.742,54541.96,52276.06
59400.32,54912.152,56612.79,53537.156
60412.82,56343.445,58531.55,54870.477
61714.66,57712.633,59601.670000000006,56183.547
62506.14,59060.113,59748.329999999994,57512.605
63196.77999999999,60275.742,60546.05,58741.46
63628.729999999996,61320.6,61144.95,59847.06
64542.8,62236.098,61845.91,60851.082
65018.490000000005,62759.17,62757.130000000005,61696.637
65333.4,63383.168,63245.24999999999,62469.582
65731.61,63928.457,63504.16000000001,63165.875
65714.03,64345.16,63506.26,63726.223
65798.76,64947.074,62819.23999999999,64430.94
66184.95,65321.855,63074.76999999999,64906.88
66574.38,65551.76,63424.64,65238.973
66372.83,65720.31,63843.29,65485.69
66272.04,66175.59,63875.58,65986.18
66613.61,66369.9,64189.54,66231.42
67228.1,66412.04,64138.1,66333.3
67641.4,66423.67,64805.08,66378.39
68167.23,66820.55,65700.57,66773.7
68512.21,66988.33,66068.01,66924.516
68527.95,67075.234,65887.45,66974.12
67612.04,67095.11,66025.16,66959.84
67255.54,67348.79,64786.5,67218.91
66842.18,67159.64,64100.17,67092.92
66408.52,66851.414,63759.590000000004,66853.83
66108.28,66470.44,63352.78,66547.01
65544.41,66277.71,62968.049999999996,66466.47
65444.56,65886.83,62072.76,66175.61
64611.22,65432.195,61358.649999999994,65817.164
64395.25,65037.773,60945.240000000005,65487.098
64126.75,64722.98,60366.97,65298.273
63097.53999999999,64305.78,60081.649999999994,64965.168
62711.17999999999,63941.496,59605.100000000006,64640.96
62981.920000000006,63523.133,59251.67,64272.76
62310.22,63217.98,58620.59,64027.863
61985.420000000006,62966.414,58612.07,63756.55
61484.66000000001,62715.27,57657.95,63477.715
61512.990000000005,62523.098,57045.94999999999,63242.266
61195.44,62308.414,57344.420000000006,63017.504
60380.13999999999,62152.305,57285.74999999999,62814.35
60333.83000000001,62044.46,57167.51999999999,62661.02
60656.969999999994,61904.99,57484.8,62508.02
60392.740000000005,61698.797,58265.86000000001,62298.34
60608.93,61599.8,58187.399999999994,62172.645
60545.41,61516.676,58267.0,62076.836
60337.81,61482.883,58186.83999999999,62027.82
60116.62,61295.93,58211.23999999999,61835.117
59791.51000000001,61145.03,57967.740000000005,61686.84
59795.11,60981.816,57933.29,61531.05
59836.439999999995,60795.734,58038.26,61361.6
59551.98,60469.49,58413.75,61043.594
59867.22,60221.49,58419.68,60785.18
60316.15,59943.453,59230.02,60492.668
60361.69,59721.96,59776.76,60225.527
59523.54,59355.31,59270.11,59784.28
58596.97,59067.562,58210.52,59401.016
57248.74999999999,58672.4,57088.72,58919.344
55504.79,58175.973,56438.16000000001,58353.47
54460.95,57305.426,55301.63,57465.492
53312.17,56406.727,54461.71,56563.98
52283.73,55512.24,53345.79,55668.23
51544.01,54615.504,52390.95,54780.25
50550.43000000001,53501.05,51707.240000000005,53742.18
49476.75,52549.195,51060.95,52828.867
48791.34,51634.37,50045.11,51969.36
47718.45,50748.82,48956.93,51163.46
46521.8,49500.14,47948.83,50168.703
45718.96,48590.598,46979.84,49315.746
45210.82,47683.438,46469.28,48501.17
44140.29,46818.047,46082.06,47737.688
43723.57,45879.65,44711.94,46962.445
43336.56,44966.355,43999.1,46171.645
42534.92,44179.938,43258.22,45496.043
42033.01,43524.812,42705.56,44909.008
41265.94,42863.285,42402.71,44344.582
40908.44,42304.594,41798.01,43801.086
40728.14,41830.273,41242.55,43329.34
40196.39,41493.2,41158.96,42960.508
40158.51,40987.223,40930.46,42743.81
40067.02,40382.445,40690.57,42032.63
39859.89,40124.29,40472.01,41635.652
40024.56,40019.695,40555.28,41362.984
39967.38,40071.023,40678.98,41234.0
39602.15,40183.957,40537.31,41139.42
39560.01,40376.195,40716.97,41141.105
39742.1,40571.465,40652.28,41189.87
39673.12,40911.793,40827.8,41362.754
39670.24,41266.266,40837.51,41585.285
39969.5,41618.027,41032.05,41851.973
40418.69,41999.01,41217.94,42192.555
40446.22,42584.617,41776.99,42684.83
40504.69,43170.27,41672.2,43221.71
40985.68,43721.86,41817.22,43777.496
42315.65,44251.79,42090.91,44352.637
43365.68,45048.645,43255.98,45108.13
43460.06,45943.76,43807.24,45951.33
43612.06,46884.8,44222.01,46834.645
44928.51,47686.88,44509.28,47637.684
45694.73,48567.445,45705.91,48485.3
46777.84,49446.523,46234.91,49334.668
47520.38,50258.49,47352.24,50139.09
48620.30000000001,51038.4,48481.659999999996,50906.277
49430.520000000004,52120.504,49493.71,52022.723
50197.32,52637.08,50110.86,52539.64
50559.73999999999,53136.527,50476.64000000001,53066.383
50734.98,53570.29,51396.67,53517.934
51100.14,54033.76,51111.98000000001,53975.773
51938.240000000005,54347.01,51560.88,54336.637
52552.060000000005,54562.754,52206.21,54608.066
52505.310000000005,54772.742,52869.329999999994,54856.516
52925.46,55114.633,53133.39,55209.95
53399.68,55307.17,53593.14000000001,55478.812
53728.12999999999,55432.72,53571.81,55668.582
54341.52,55520.316,54114.36000000001,55809.77
54563.05000000001,55754.152,54059.87,56073.723
54622.409999999996,55930.316,54315.77,56295.676
54597.47,56028.527,54467.520000000004,56424.965
53985.2,56035.605,54636.15000000001,56467.785
53420.81999999999,56136.926,53771.61,56611.855
53060.48,56057.33,53468.61,56620.773
52312.57000000001,55866.082,53227.170000000006,56513.97
52010.99,55640.75,52734.920000000006,56361.676
51426.51000000001,55465.324,52584.71000000001,56272.746
50799.83,55254.2,52291.13,56150.625
50096.77,54966.75,51924.05,55935.22
49769.07,54645.305,51431.48,55677.91
49257.01,54339.24,50667.079999999994,55440.863
48774.53999999999,54039.906,50513.81,55179.242
48677.66,53726.285,50333.28,54869.508
48458.69,53402.156,49739.94,54531.316
48605.79,53126.6,49837.27,54227.297
48346.52,52893.953,49606.71,53941.348
48181.26,52748.55,49235.65,53714.914
48469.19,52645.99,49028.71,53534.24
48582.72000000001,52499.88,48666.950000000004,53329.094
48440.53999999999,52471.27,48558.51,53220.32
48354.88,52513.926,48594.22,53181.977
49248.83,52557.84,48575.38,53165.92
49677.80999999999,52509.16,49272.41,53080.668
49869.43,52608.477,49751.83,53116.543
49981.48,52764.598,49933.64000000001,53211.066
50297.72,52908.344,50256.189999999995,53306.39
50092.29,52915.223,50603.86,53289.38
49943.9,52957.023,50651.56,53313.676
49678.94999999999,52939.96,50732.27,53301.73
49643.78,52870.957,50903.42,53255.977
49726.57,52680.645,50997.77999999999,53105.98
49993.37,52493.008,51177.57,52953.305
50484.61,52302.387,51911.33,52785.836
51105.26999999999,52132.723,52192.86,52617.06
50508.7,51895.04,52283.99,52370.535
49635.159999999996,51710.496,51404.92,52131.594
49153.31,51405.055,50476.409999999996,51773.7
48308.12,50975.93,49824.69999999999,51316.113
47680.11,50395.066,48856.16,50745.992
46627.46,49774.516,48247.74,50115.04
46349.17,49122.973,47548.53,49468.465
45944.15,48427.91,46938.3,48806.977
45353.52,47709.38,46321.38,48180.754
44350.16,47051.26,45671.37,47561.152
43831.18,46394.152,44766.41,46956.57
43004.37,45718.953,44278.63,46364.88
42261.96,44617.953,42914.09,45609.49
41159.33,43817.688,42279.35,44922.164
40745.6,43067.703,41691.81,44303.227
39665.03,42286.52,41265.22,43665.875
39239.89,41479.773,40223.32,43062.14
38715.05,40609.312,39625.69,42357.227
38254.69,39777.543,39075.05,41690.902
37567.03,38972.94,38870.75,41046.47
37223.62,38187.848,38168.73,40453.383
36993.5,37381.195,37736.24,39777.56
37173.02,36643.84,37308.38,39152.758
36949.28,36010.016,37086.02,38590.16
36798.64,35816.316,36528.28,38619.145
36442.45,35540.438,36283.43,38306.055
36548.58,35267.67,36126.5,37993.09
36431.88,35030.992,36021.08,37707.266
36219.49,34975.54,36104.76,37553.777
36198.61,34939.492,36093.64,37393.957
36272.74,34935.266,36146.56,37273.426
36145.81,35038.996,35963.81,37267.72
35946.46,35376.133,36477.82,37450.41
36135.67,35694.723,36587.0,37644.547
36217.12,36025.562,36575.08,37893.266
36744.62,36449.332,36748.23,38248.25
36694.15,37108.168,36926.92,38789.508
36732.51,37772.285,36913.67,39371.004
36952.97,38395.438,37007.96,39970.812
37436.18,39005.93,37043.72,40589.055
37521.61,39863.66,37558.15,41390.59
37568.68,40667.133,37837.39,42173.645
37483.4,41359.023,37902.05,42878.355
38129.73,41962.746,38230.89,43520.266
38818.8,42735.125,38824.11,44277.426
39717.3,43455.71,39632.5,45013.855
40799.11,44169.008,40534.33,45753.703
41557.64,44859.844,41470.55,46455.363
42264.69,45908.395,41956.07,47443.137
43478.97,46350.055,42772.54,47842.03
44124.37,46793.36,43484.1,48285.727
44575.82,47231.895,44179.98,48693.48
44923.45,47718.03,45116.27,49104.508
45432.43,48094.145,45438.76,49448.582
46082.54,48370.293,46359.07,49701.5
46073.45,48558.414,46883.06,49860.715
46664.73,48810.363,47281.03,50045.645
47442.62,48976.62,47680.15,50178.39
47953.45999999999,49108.59,48422.8,50265.465
48271.47,49244.754,48803.1,50341.543
48326.01,49468.598,48648.24,50477.63
48588.94,49677.855,49233.42,50622.816
48873.66,49788.45,49482.649999999994,50687.344
48797.57000000001,49863.883,49442.93,50717.652
48274.84,49987.97,48978.149999999994,50791.77
48088.99,50103.82,48566.62,50871.74
47754.88,50095.793,48516.03,50850.043
47409.45,50049.926,47826.93,50800.043
47156.57,49980.527,47678.16,50735.695
46448.49,49981.195,47402.42,50739.9
45566.21,49953.28,46932.23,50716.113
45318.08,49845.84,46089.52,50630.43
45158.59,49625.246,45658.88,50448.566
45255.59,49539.117,45584.62,50349.844
44664.03,49450.164,45670.39,50224.39
44366.3,49399.6,44953.36,50100.51
44055.61,49207.207,44756.99,49856.64
44236.53,49164.35,44564.64,49724.0
44042.63,49140.61,44402.23,49616.01
44497.02,49187.004,44019.54,49568.81
44680.88,49153.67,44211.77,49474.15
45013.41,49361.297,44208.03,49596.066
45222.22,49583.914,44233.85,49754.113
46041.48,49827.125,44376.42,49944.434
46396.23,49970.996,45970.77,50055.5
46690.9,50278.047,46377.82,50317.82
46905.2,50559.688,46865.29,50570.562
48290.49,50788.652,47519.63,50796.13
48537.61,50893.582,47986.08,50925.137
48815.43000000001,51134.84,48480.6,51165.188
49034.66,51297.37,48875.99,51345.67
49117.06,51419.363,49158.27999999999,51494.805
48916.15000000001,51440.016,48983.51000000001,51547.78
49405.68,51412.793,49561.51,51561.812
50104.51,51309.43,50467.42,51505.965
50767.78,51252.39,50906.96,51476.387
50557.75,51195.348,51255.77,51435.22
49758.84,51129.895,50391.21,51364.02
48722.30999999999,50962.17,49649.25000000001,51193.582
48052.74,50683.73,48923.53,50925.984
47511.77,50221.824,48163.64,50503.465
47419.35,49678.926,47354.97,49991.902
47210.52,49129.3,47293.75,49472.492
46785.98,48668.355,47351.87,49019.957
45986.98,48207.91,47248.49,48589.21
45088.19,47645.387,46323.27,48046.348
44436.96,47050.324,45810.88,47491.824
43425.53,46453.535,44909.11,46943.26
42448.69,45754.113,44057.05,46397.207
42027.23,44995.44,42938.4,45698.754
41478.53,44260.49,42249.12,45031.94
40495.14,43617.29,41736.83,44427.316
40057.0,42993.594,40952.13,43858.09
39693.1,42227.52,40460.25,43141.68
39333.99,41544.227,40300.66,42498.63
38841.18,40931.535,40064.6,41898.89
38404.3,40416.938,39910.92,41400.664
38544.2,39790.996,39565.29,40764.117
38559.1,39230.34,39527.61,40182.074
38360.09,38833.24,39450.18,39711.977
38090.67,39805.043,39322.21,40391.363
38062.03,40308.375,39233.31,40633.215
38126.08,40604.92,39401.91,40736.45
38165.2,40862.7,39470.6,40839.906
38116.11,41226.977,39724.14,41026.414
38191.04,41498.84,40011.89,41161.31
38442.99,41792.3,40192.65,41355.99
39372.92,42137.0,40340.89,41640.03
39559.71,42708.305,40719.79,42109.727
40260.53,43337.555,41138.65,42641.59
41252.44,43944.41,41765.12,43221.785
42747.7,44610.56,42208.4,43887.582
43554.21,45607.387,43657.04,44809.258
45285.22,46639.645,44523.53,45788.664
47412.47,47605.973,45922.97,46782.02
51392.67,48669.934,48035.259999999995,47872.78
53827.53,50136.49,52149.66999999999,49280.2
55781.58,51890.293,54878.52999999999,50866.87
57033.4,53602.96,56939.14000000001,52437.723
58905.24999999999,55185.125,58656.02,53927.215
59763.04,56846.746,60793.91,55502.438
60459.92,58376.152,61371.270000000004,56957.656
61534.299999999996,59637.234,62199.3,58223.78
62422.85,60661.93,62704.33,59303.863
62312.59,61122.598,63980.95,60192.72
62755.280000000006,61913.766,64383.78,61110.082
62967.82000000001,62517.965,64774.899999999994,61889.855
62518.89000000001,62999.76,64981.88,62556.57
62756.57,63646.21,64469.57,63384.543
62976.25,64045.79,64684.79,64004.918
63307.67,64341.58,65470.78,64524.906
63443.83,64522.324,65617.95,64920.45
63666.95,64962.74,66249.49,65568.836
64177.83999999999,65236.62,66924.66,66013.2
64614.16,65389.53,67246.14,66305.59
64762.63999999999,65483.723,67511.54,66499.71
65217.76,65829.49,67551.29,66943.16
65468.340000000004,65961.0,67728.32,67128.82
65599.48,66005.97,67680.85,67182.77
65521.170000000006,65959.58,67605.47,67124.055
65180.1,66112.34,67270.31,67288.484
65211.16,66064.02,66826.64,67213.836
65236.37,65870.95,66877.21,66988.945
65196.73,65673.555,66701.67,66745.82
64833.91,65643.75,66935.61,66713.45
64671.420000000006,65485.605,66786.85,66505.04
64183.02,65278.484,66608.09,66251.4
63943.56,65059.69,66013.54,65980.73
64225.12000000001,64911.953,65695.32,65836.914
63867.19999999999,64697.414,65584.09,65562.445
63500.54,64552.543,65414.57,65309.574
63465.73,64388.117,65302.06,65040.43
63175.3,64228.15,65181.200000000004,64826.285
63129.39000000001,64074.64,64635.219999999994,64568.305
62775.61,63938.543,64498.29000000001,64333.883
62533.53,63860.59,64287.57000000001,64172.125
62029.0,63755.65,63751.53,64037.305
61729.91,63664.566,63264.259999999995,63922.25
61602.490000000005,63581.23,62954.02,63844.664
61711.4,63536.996,62920.30999999999,63824.793
61595.829999999994,63425.965,63554.97,63752.99
61576.13999999999,63352.79,63173.67,63729.69
61547.380000000005,63279.75,63354.780000000006,63719.133
61509.340000000004,63214.953,63453.76000000001,63721.332
61338.16999999999,63021.98,63105.61,63580.934
61509.04,62827.49,62943.62,63456.152
61725.23,62592.645,63079.14,63299.777
61718.74,62368.805,63448.21,63148.402
61704.73,62028.727,63547.94000000001,62854.504
62180.8,61672.246,63776.43000000001,62561.684
62440.24,61319.508,64787.25,62260.03
61770.19,61058.152,64906.25,62018.96
60743.26,60653.055,63917.840000000004,61589.668
59977.9,60189.66,62263.22,61141.66
59125.70999999999,59631.812,61323.82000000001,60617.77
57917.73,59057.88,60348.18,60077.875
57013.55,58253.07,59075.28999999999,59275.953
55827.43,57419.8,58033.98999999999,58474.5
54806.80999999999,56619.98,56771.32,57697.293
53355.49999999999,55829.938,55662.07,56930.734
52373.66,54879.625,54615.44999999999,55979.797
51402.64,53912.293,53640.19,55056.676
50399.86000000001,53016.023,52303.530000000006,54205.867
49198.82000000001,52195.54,51304.76,53429.184
48213.03,51391.516,50236.42,52692.977
47418.92,50469.715,49443.67,51823.746
46782.2,49693.98,48355.71,51103.19
46300.71,49006.06,47992.66,50455.15
45961.26,48278.902,46932.73,49733.445
45525.44,47642.105,46457.83,49097.152
45084.47,47124.1,46497.95,48553.74
44561.67,46719.227,45631.08,48088.824
44254.27,46361.543,45287.7,47615.63
43703.48,46029.8,45020.83,47157.082
43400.68,45836.56,44660.94,46803.023
42998.09,45678.086,44195.28,46486.234
42743.08,45649.387,43769.6,46287.816
42654.07,45575.69,43969.26,46066.125
42768.8,45517.91,44035.33,45894.742
42637.93,45502.113,44063.02,45778.637
42850.73,45638.24,44228.46,45752.58
42924.43,45778.473,44338.81,45765.285
43292.87,46028.1,44375.03,45895.137
43343.53,46330.227,44513.56,46110.6
43436.47,46870.523,44825.34,46503.473
44036.61,47361.094,45326.13,46911.043
44686.54,47852.44,45643.83,47383.082
46076.77,48425.89,46288.41,47950.367
46629.42,49260.25,47673.94,48727.08
48301.33999999999,50183.97,48823.39,49599.477
50064.82,51044.2,50229.21,50485.676
54041.93,52025.406,51596.07,51482.285
56348.82000000001,53340.902,54772.63,52750.94
58145.69999999999,54972.64,57114.67999999999,54236.65
59159.22,56588.016,59102.5,55741.375
61044.240000000005,58082.14,60452.12,57180.594
61822.41,59650.234,61691.37000000001,58705.754
62235.55999999999,61109.7,62113.01,60145.02
62922.08,62292.066,62620.5,61387.375
63572.05,63217.625,63293.17,62423.098
64256.75000000001,63532.26,63896.76,63151.5
64563.41,64291.746,64042.89,64074.03
64352.57,64930.973,64499.69999999999,64890.742
64045.9,65393.273,64758.509999999995,65542.54
64108.49999999999,66036.87,64726.18000000001,66361.18
64344.08999999999,66427.62,65324.759999999995,66968.99
64589.38,66655.92,65708.63,67413.86
64466.29,66775.914,65668.47,67726.125
65028.48,67247.125,65979.73,68333.32
65250.76,67452.92,65853.57,68689.53
66144.12,67564.35,66238.92,68903.555
66371.42,67565.5,66357.42,68973.4
67301.65,68000.8,66444.86,69409.055
67638.45,68118.805,66754.68,69529.15
67939.43,68231.984,67014.1,69593.766
66251.56,68240.875,66968.72,69537.49
65927.33,68546.234,66485.37,69767.67
66157.46,68312.234,66527.08,69544.91
65825.75,67971.21,66505.45,69204.43
66215.23,67639.17,66716.75,68834.54
65496.75000000001,67537.02,66548.58,68712.75
64907.70999999999,67302.18,66572.03,68428.83
64376.94000000001,66943.12,66464.61,68039.5
64316.36,66556.81,65876.23,67632.89
63867.06999999999,66330.61,65661.67,67421.125
63854.33000000001,65970.15,65401.91,67030.0
63521.69000000001,65627.195,65434.55,66648.9
63930.37,65359.043,65352.54,66316.484
63080.05,65184.816,65104.31999999999,66111.98
62972.14,65018.758,64614.52,65871.63
62682.17,64801.438,64225.71000000001,65611.06
62736.05999999999,64666.875,63655.97,65433.65
62300.46,64591.285,63511.23,65357.17
61596.79,64526.266,63244.74,65283.1
61604.659999999996,64461.43,63038.1,65232.934
61895.34,64371.375,62853.02,65189.7
61722.55000000001,64269.816,62959.81999999999,65148.81
61771.8,64200.457,63015.62999999999,65131.152
61496.54,64138.6,63301.9,65133.055
61360.23000000001,64078.94,63328.96,65131.836
61403.03,63879.477,62590.85999999999,65004.953
61702.65,63664.312,62466.759999999995,64876.78
61385.99,63452.992,63108.93,64740.71
61892.67,63270.54,63294.25,64612.87
62080.55,62906.164,63887.63,64303.098
62805.04,62589.15,64326.82,64029.453
63448.18,62279.402,65074.13,63738.555
63790.299999999996,62057.92,65047.3,63499.496
62772.52,61662.504,64230.11,63052.188
61703.96,61289.31,62788.15000000001,62626.934
60895.57,60769.83,62096.06,62072.6
59261.58000000001,60158.383,61002.9,61440.418
58216.22,59243.047,60164.43,60491.324
57236.26999999999,58276.953,59053.23,59525.785
55805.2,57354.367,57772.87,58607.22
54395.65000000001,56497.793,56418.12000000001,57752.49
53053.19,55395.668,55400.63,56656.36
52024.35,54406.22,54457.39,55693.508
51079.92999999999,53490.402,53364.17,54812.152
49425.17,52693.55,52147.26999999999,54048.008
48368.06,51827.957,50719.18,53170.03
47473.77,50945.613,49896.159999999996,52267.18
46903.52,50169.72,49011.84999999999,51480.457
45569.67,49486.016,48166.85,50774.7
45016.89,48775.5,47304.42,50004.973
44535.46,48103.918,46484.05,49283.254
44335.78,47575.305,46015.38,48683.625
43679.53,47153.746,45934.37,48157.336
43274.67,46785.34,45195.45,47639.434
42855.35,46443.008,44810.14,47136.812
42664.06,46157.004,44299.11,46699.652
42463.94,45920.85,44069.08,46315.273
42176.61,45755.9,43924.35,45849.695
42007.52,45753.152,43572.93,45622.2
41970.69,45748.023,43789.35,45439.277
42293.88,45770.33,43779.47,45315.375
42448.84,45936.746,43949.89,45292.055
42307.95,46199.098,44002.33,45361.89
42484.37,46522.09,43967.57,45532.02
43121.22,46856.69,44223.69,45768.723
43326.57,47396.06,44637.82,46173.95
43652.48,48013.977,44966.05,46676.934
44060.18,48649.24,45563.32,47263.535
45820.12,49299.734,46349.21,47916.41
46679.46,50173.723,48175.52999999999,48770.08
48085.83,51199.977,49246.2,49755.316
49989.4,52202.605,50262.3,50777.83
54264.45,53238.84,52308.14,51856.754
56927.74,54628.35,55960.850000000006,53235.62
58747.14,56335.645,58381.14000000001,54825.105
60218.34999999999,58003.832,60196.23,56402.258
61444.31,59474.203,61719.37,57843.035
62184.49,61021.85,63423.12,59357.336
62544.03,62310.33,63881.94000000001,60660.28
63448.8,63327.53,64420.2,61755.99
63722.66000000001,64079.164,64920.27,62631.766
64308.65000000001,64259.664,65184.89,63151.277
64410.03,64858.867,65035.07,63869.87
64387.49999999999,65354.82,65139.84999999999,64519.445
63376.88,65705.83,65138.57000000001,65034.934
63601.86,66217.02,65177.55999999999,65671.99
63932.32,66426.4,65093.99,66074.64
64627.37,66567.164,65527.74,66394.31
64096.95,66671.29,65866.12,66648.016
64201.99999999999,67130.98,66462.61,67182.13
64258.48999999999,67297.32,66717.2,67463.46
64867.130000000005,67339.62,66887.64,67610.3
65067.81,67271.586,66934.79,67617.96
64978.42,67579.695,67679.01,67941.31
65478.0,67632.836,67851.05,68009.02
65409.38,67552.86,68249.68,67940.52
64609.65000000001,67426.234,68005.46,67797.15
64575.55,67518.87,67733.48,67883.3
64149.93,67253.55,67274.67,67641.69
63891.43,66904.805,67434.68,67301.375
64147.01,66476.24,67404.0,66891.01
63951.76999999999,66228.19,66863.83,66664.336
64151.63,65909.695,66490.65,66339.55
63731.060000000005,65576.03,66090.43,65997.9
63417.42,65270.684,65315.19,65658.97
63174.39,65057.766,65009.23999999999,65451.203
62515.28,64750.95,64850.84,65137.38
62095.08,64458.883,65039.70999999999,64830.066
61881.35,64163.33,64546.200000000004,64537.25
61625.54,63929.484,64475.18,64337.06
61147.74,63736.05,64185.36000000001,64150.977
60445.58999999999,63619.47,64451.49,64026.63
60850.0,63527.957,63688.439999999995,63931.46
60631.57,63401.574,63174.73,63845.637
60105.29,63385.73,62621.56,63829.883
59955.91,63399.867,62165.13,63846.168
60767.200000000004,63388.87,61658.72000000001,63862.22
61160.04,63297.426,61473.15,63823.13
60962.82,63346.492,61595.030000000006,63893.605
60958.39,63410.727,62103.549999999996,63969.195
60883.49999999999,63409.734,62096.47,64001.3
60537.19,63255.09,62252.64,63908.117
60620.12,63057.137,62113.8,63789.582
60776.21,62804.074,62456.74,63622.527
60515.34999999999,62559.043,62754.26999999999,63460.203
60583.59,62214.336,63447.72,63191.48
61727.66,61816.875,63880.80000000001,62878.906
62364.100000000006,61464.566,64638.649999999994,62578.285
61875.14,61277.418,64437.18,62377.81
60961.98,60925.8,63207.77999999999,61986.62
59978.81,60474.996,61940.0,61520.98
58805.36,59900.93,60814.28999999999,60942.574
57612.40000000001,59245.684,59656.41000000001,60286.96
56094.93,58239.766,59156.08999999999,59301.098
55055.35,57268.688,58077.85999999999,58361.082
54205.73,56272.773,56886.42,57402.168
53180.23,55350.656,56018.52,56513.242
52073.26,54283.008,55417.729999999996,55467.242
50857.619999999995,53341.484,54317.71,54550.35
49932.44,52466.684,53128.36,53700.832
49442.73,51653.977,52082.67,52924.64
48834.94,50683.438,50713.0,52004.617
47960.74,49874.47,49649.73999999999,51145.21
47119.14,49127.59,48890.19,50351.82
45801.76,48422.223,48296.34,49612.58
45556.34,47598.387,47382.46,48782.023
45096.56,46762.082,46980.08,47959.645
44511.35,46075.715,46540.93,47273.973
43445.37,45489.07,46255.98,46666.74
42954.87,44912.137,45639.38,46058.887
42755.61,44315.547,45414.53,45449.31
42510.93,43812.43,45093.59,44933.086
42286.04,43450.29,44680.84,44540.04
42064.39,42974.84,43659.36,43942.96
42391.8,42986.7,43635.73,43832.137
42215.19,43053.836,43710.91,43778.59
42882.56,43257.785,44055.32,43868.914
42961.09,43574.375,44262.6,44048.13
42981.88,44024.457,44226.25,44362.332
43028.36,44447.105,44099.01,44711.363
43332.59,44870.145,44433.1,45118.41
43507.45,45458.242,44807.74,45663.492
43848.12,46040.383,45176.74,46258.477
44918.92,46604.613,45646.37,46886.15
46409.42,47174.78,46035.17,47558.605
47678.76,48116.117,47503.34,48514.984
48591.12,49135.383,48633.18,49537.56
50159.34,50208.098,49875.47,50633.227
54329.56999999999,51235.844,51761.91999999999,51738.074
56947.159999999996,52638.81,55209.20999999999,53137.086
58745.76999999999,54407.7,57788.46,54761.605
59908.94,56181.926,59860.42,56388.613
60224.36,57812.164,60910.64000000001,57931.49
60729.86,59451.492,61613.73999999999,59508.832
61293.62,60677.727,61937.5,60778.465
62032.8,61642.215,62657.44999999999,61848.984
63091.76,62404.6,63399.09,62749.902
63484.47000000001,62816.59,63883.61,63459.918
63574.44999999999,63406.535,64438.16,64190.168
63675.1,63892.19,64870.78,64838.62
62700.30999999999,64218.723,65074.37,65335.188
63413.96,64698.637,65318.41,65935.19
63939.09,64874.74,65729.0,66290.36
63922.75000000001,65067.03,66079.56,66609.02
63542.18,65237.83,66243.18,66862.914
63812.49,65632.664,66054.38,67302.41
64149.69,65779.27,66373.75,67510.91
64788.39,65847.47,66713.96,67608.22
65798.87,65863.27,67184.55,67611.555
66308.96,66229.914,67510.4,67907.04
66715.11,66479.805,68172.56,68042.16
67095.55,66628.13,68570.45,68050.37
65888.33,66688.19,68715.07,67957.34
65891.56,66973.055,68219.15,68084.4
65529.72,66813.36,67835.93,67829.43
65359.149999999994,66567.89,67465.86,67489.484
64700.18000000001,66216.49,67159.29,67059.89
64565.64,66032.42,67259.9,66820.02
64096.48,65646.695,67024.1,66391.86
63331.56,65247.992,66517.77,65941.81
63159.24,64842.254,66172.28,65491.65
63264.719999999994,64496.13,65919.99,65154.734
62995.41,64138.973,66026.34,64781.832
62648.59,63878.65,65731.28,64476.926
62885.36,63665.934,65483.920000000006,64220.08
62364.5,63495.004,66111.63,64041.98
61741.08,63415.277,65522.23,63912.754
61134.35,63336.344,65415.399999999994,63800.484
60914.17,63245.73,65019.85,63698.195
60677.07,63087.72,64739.1,63563.277
60306.78,63007.93,64566.08,63486.523
60124.62,62955.98,64374.44999999999,63439.54
60149.9,62893.074,63894.01999999999,63398.73
59623.2,62745.387,63305.9,63281.727
59597.31999999999,62658.387,63376.66999999999,63224.43
59813.48,62549.273,63451.719999999994,63159.465
59718.7,62438.49,63599.45,63099.785
59533.64,62209.293,63294.05999999999,62932.81
59708.34,62011.86,63306.29000000001,62808.574
60177.69,61798.207,63579.130000000005,62672.32
60791.11,61612.19,63887.44000000001,62556.293
60975.59,61367.99,64489.2,62376.145
61768.01,61193.977,64914.69999999999,62239.8
62593.25000000001,61042.938,65170.37,62103.246
62487.11,60979.504,64774.09,62019.26
61652.41000000001,60748.582,64167.68,61743.21
60390.69,60489.23,62862.07000000001,61447.62
59320.22,60089.598,61717.19999999999,61022.297
57856.479999999996,59543.152,60923.52,60467.15
56821.3,58645.297,60439.44,59573.758
55843.21,57699.973,59045.69000000001,58662.594
54810.08,56775.258,58068.72,57761.938
54280.509999999995,55899.836,57195.44000000001,56902.13
53366.43,54825.04,55977.009999999995,55854.97
52252.20999999999,53911.074,54909.31,54948.973
51295.63,53056.73,53894.09,54109.492
50100.18,52239.57,52651.98,53319.324
49233.62,51290.137,51022.34,52483.875
48558.04,50430.74,50073.92,51589.34
47828.04,49597.176,49106.59,50768.836
46520.54,48849.004,48368.29,50028.84
45950.47,48046.676,47482.63,49254.09
45424.82,47238.402,46891.42,48486.727
45149.29,46564.63,46465.68,47848.906
45131.84,46002.598,46101.22,47306.133
44964.38,45543.426,45188.27,46841.266
44712.21,45203.074,44862.24,46445.617
44404.25,44980.152,44524.98,46151.93
43991.93,44831.617,44174.99,45927.23
44192.91,44469.293,44024.77,45378.734
44190.46,44487.37,43908.63,45215.71
44280.41,44664.863,43931.58,45171.03
44402.64,44896.145,43975.44,45216.758
44512.22,45337.605,44075.9,45416.023
44652.07,45737.43,44237.14,45635.125
44857.64,46148.965,44273.9,45916.473
45347.95,46567.523,44278.54,46258.95
45778.38,47168.754,44641.47,46743.254
46112.29,47753.285,45027.85,47272.406
46661.49,48342.535,45304.09,47854.496
47940.85999999999,48916.508,46016.32,48483.727
48824.24,49692.4,47200.45,49274.35
50049.1,50520.062,47747.13,50132.88
51670.62,51309.938,48597.76,50995.117
54541.96,52118.63,50629.9,51894.04
56612.79,53217.4,54602.030000000006,53014.254
58531.55,54481.992,57037.44000000001,54235.117
59601.670000000006,55771.887,58888.37000000001,55478.215
59748.329999999994,57044.625,60582.3,56715.29
60546.05,58343.438,62296.93,57998.273
61144.95,59348.414,62769.56,59062.19
61845.91,60232.16,63399.909999999996,60025.81
62757.130000000005,60986.12,64036.04,60878.215
63245.24999999999,61687.105,65064.76000000001,61819.266
63504.16000000001,62269.977,65608.39,62525.39
63506.26,62792.773,65877.75,63166.86
62819.23999999999,63181.66,66149.93,63668.816
63074.76999999999,63700.035,66492.9,64276.01
63424.64,63935.082,66759.03,64624.26
63843.29,64087.125,67238.94,64863.93
63875.58,64191.348,67392.44,65030.086
64189.54,64563.016,67520.49,65417.242
64138.1,64746.496,67724.76,65616.24
64805.08,64853.383,68020.48,65720.836
65700.57,64842.883,68106.48,65713.75
66068.01,65209.91,68360.07,66039.69
65887.45,65449.72,68671.54,66208.125
66025.16,65590.56,69139.76,66274.086
64786.5,65562.445,68854.05,66202.28
64100.17,65785.805,68706.76,66417.45
63759.590000000004,65528.516,68604.22,66234.055
63352.78,65124.7,68605.09,65926.195
62968.049999999996,64677.4,68559.06,65568.97
62072.76,64429.35,67952.51,65445.656
61358.649999999994,63999.453,67247.63,65133.95
60945.240000000005,63486.547,66495.85,64746.46
60366.97,62971.152,65697.35,64343.17
60081.649999999994,62618.05,65284.95,64112.992
59605.100000000006,62166.098,64922.16,63753.008
59251.67,61812.582,64262.12000000001,63426.426
58620.59,61497.562,63927.03,63112.24
58612.07,61257.824,66067.44,62882.938
57657.95,60970.906,63366.24999999999,62579.17
57045.94999999999,60802.613,62898.69,62344.85
57344.420000000006,60606.562,62550.990000000005,62100.938
57285.74999999999,60378.52,62718.56,61853.28
57167.51999999999,60279.086,62304.51000000001,61675.258
57484.8,60274.133,62148.48999999999,61578.35
58265.86000000001,60298.805,61968.79000000001,61523.312
58187.399999999994,60248.734,61644.71,61409.34
58267.0,60342.027,61620.4,61408.36
58186.83999999999,60410.68,61459.56,61411.406
58211.23999999999,60475.297,61588.729999999996,61426.773
57967.740000000005,60359.934,61370.23999999999,61284.723
57933.29,60280.855,61129.97,61186.43
58038.26,60163.25,61395.32000000001,61066.066
58413.75,60039.68,61272.35,60944.12
58419.68,59784.727,62156.44,60686.2
59230.02,59629.41,62274.67,60500.113
59776.76,59454.14,62703.41,60287.04
59270.11,59370.918,62498.96000000001,60128.38
58210.52,59100.82,61321.40000000001,59761.0
57088.72,58834.418,60207.34,59391.176
56438.16000000001,58426.62,59260.36,58894.332
55301.63,57899.69,58073.57,58294.973
54461.71,57080.43,56938.57000000001,57426.402
53345.79,56284.656,55997.48000000001,56579.12
52390.95,55480.78,54917.26999999999,55731.863
51707.240000000005,54652.707,53686.78,54880.42
51060.95,53584.953,53142.60999999999,53864.223
50045.11,52683.047,52405.74999999999,52969.555
48956.93,51847.188,51637.39,52151.93
47948.83,51018.98,50264.97,51377.742
46979.84,49723.75,48762.729999999996,50332.5
46469.28,48806.76,47955.03,49464.44
46082.06,47924.688,47114.38,48659.043
44711.94,47116.094,46291.35,47928.883
43999.1,46237.66,45197.07,47187.17
43258.22,45337.547,44622.87,46387.527
42705.56,44517.477,43924.17,45671.58
42402.71,43788.02,43738.9,45024.91
41798.01,43119.094,43574.22,44458.93
41242.55,42595.664,43070.03,43929.5
41158.96,42163.52,42469.35,43481.81
40930.46,41811.91,42143.7,43101.72
40690.57,41277.297,41162.02,42853.637
40472.01,40701.777,40791.23,42158.832
40555.28,40428.55,40771.4,41745.34
40678.98,40293.684,40850.34,41451.75
40537.31,40361.824,41687.02,41333.746
40716.97,40489.906,41577.25,41249.477
40652.28,40662.35,41562.8,41239.24
40827.8,40925.066,41604.26,41335.53
40837.51,41328.21,41782.0,41553.34
41032.05,41736.613,41655.17,41814.242
41217.94,42139.195,41736.84,42118.957
41776.99,42580.773,41955.79,42501.746
41672.2,43207.965,41789.7,43028.45
41817.22,43844.06,41855.53,43604.062
42090.91,44415.65,42246.06,44179.113
43255.98,44985.76,42598.59,44784.746
43807.24,45767.26,43241.1,45533.75
44222.01,46603.805,44191.12,46342.387
44509.28,47446.047,44577.01,47166.113
45705.91,48220.465,44943.04,47947.664
46234.91,49068.88,45908.96,48760.082
47352.24,49909.355,46276.2,49574.973
48481.659999999996,50651.93,47273.25,50320.67
49493.71,51392.168,48266.24,51049.4
50110.86,52462.85,50030.54,52152.867
50476.64000000001,52965.906,50868.740000000005,52650.203
51396.67,53417.523,51855.36,53139.26
51111.98000000001,53761.445,52020.36,53527.938
51560.88,54211.52,51468.83,53975.223
52206.21,54464.594,51654.63,54299.586
52869.329999999994,54643.285,52261.31,54548.504
53133.39,54797.457,53025.92,54758.934
53593.14000000001,55075.734,54214.850000000006,55073.414
53571.81,55277.824,54775.50000000001,55345.41
54114.36000000001,55417.555,55419.63,55548.082
54059.87,55454.59,55727.53,55657.605
54315.77,55649.008,55893.02999999999,55893.54
54467.520000000004,55739.84,55921.33,56063.72
54636.15000000001,55772.24,56416.530000000006,56153.16
53771.61,55745.168,56311.5,56174.32
53468.61,55834.44,55920.52999999999,56316.03
53227.170000000006,55727.39,55811.27,56319.496
52734.920000000006,55537.984,56079.2,56221.29
52584.71000000001,55320.3,55298.17,56080.395
52291.13,55150.9,54458.26,55999.598
51924.05,54966.445,54053.85,55897.97
51431.48,54733.45,53669.26,55719.977
50667.079999999994,54473.223,52700.59,55496.152
50513.81,54213.47,52550.29,55283.633
50333.28,53909.688,52026.32,55011.227
49739.94,53631.176,51121.71,54710.555
49837.27,53380.1,51654.759999999995,54405.66
49606.71,53086.887,51834.49,54081.81
49235.65,52888.414,51849.07,53810.152
49028.71,52742.266,51464.23,53582.12
48666.950000000004,52626.555,50793.83,53392.613
48558.51,52481.914,50973.17,53191.066
48594.22,52407.266,50576.8,53057.516
48575.38,52402.832,50318.04,52995.84
49272.41,52453.53,50479.72000000001,52993.316
49751.83,52421.555,51147.55,52931.45
49933.64000000001,52523.113,51090.09,52982.047
50256.189999999995,52671.81,51230.05,53083.004
50603.86,52803.34,52034.149999999994,53183.38
50651.56,52860.62,52338.17,53214.87
50732.27,52931.332,52314.66,53269.895
50903.42,52959.848,52326.48,53301.184
50997.77999999999,52954.61,52414.2,53311.934
51177.57,52875.176,53267.270000000004,53251.9
51911.33,52780.24,53557.93,53176.0
52192.86,52676.184,53892.6,53078.75
52283.99,52621.562,53116.24,52999.902
51404.92,52429.16,52504.619999999995,52787.305
50476.409999999996,52224.28,51691.76000000001,52528.363
49824.69999999999,51871.883,50943.73,52131.688
48856.16,51413.65,49689.57000000001,51645.75
48247.74,50801.11,48497.4,51038.24
47548.53,50144.973,47686.61,50369.86
46938.3,49476.01,46835.84,49693.61
46321.38,48809.055,46379.2,49036.887
45671.37,48075.688,46378.87,48375.59
44766.41,47384.547,45622.19,47714.285
44278.63,46706.31,44593.26,47079.156
42914.09,46027.605,43665.7,46469.016
42279.35,44882.824,42461.05,45641.73
41691.81,43997.93,42115.59,44861.992
41265.22,43197.434,41169.59,44166.65
40223.32,42431.96,40856.87,43505.375
39625.69,41627.4,40729.24,42870.766
39075.05,40738.27,39977.02,42119.008
38870.75,39854.375,39513.3,41381.91
38168.73,39009.836,39150.16,40674.258
37736.24,38249.664,38614.53,40070.863
37308.38,37452.72,38238.85,39373.37
37086.02,36710.93,38053.94,38724.66
36528.28,36056.145,37501.78,38140.188
36283.43,35790.453,36857.8,38124.387
36126.5,35405.93,36499.07,37734.938
36021.08,35033.465,36582.54,37361.855
36104.76,34766.2,36419.4,37066.793
36093.64,34690.8,36521.56,36923.55
36146.56,34655.92,36432.29,36792.4
35963.81,34710.57,36374.38,36746.09
36477.82,34865.336,36282.02,36805.062
36587.0,35222.13,36399.15,37033.36
36575.08,35638.78,36554.77,37321.992
36748.23,36103.12,36349.63,37688.496
36926.92,36598.42,36199.88,38125.97
36913.67,37341.242,36309.9,38758.406
37007.96,38001.15,36034.36,39362.91
37043.72,38635.543,36007.97,39991.77
37558.15,39259.395,36451.76,40633.242
37837.39,40098.902,37445.28,41438.12
37902.05,40874.656,37340.9,42211.684
38230.89,41616.2,37430.2,42970.113
38824.11,42276.94,37626.51,43664.395
39632.5,43149.293,38643.86,44481.566
40534.33,43928.63,38767.12,45245.125
41470.55,44711.72,39397.55,46020.49
41956.07,45468.992,40078.12,46768.938
42772.54,46594.824,41234.89,47821.434
43484.1,46998.24,42198.18,48173.324
44179.98,47416.996,42998.23,48582.965
45116.27,47786.63,44206.47,48931.535
45438.76,48193.426,45371.22,49276.81
46359.07,48588.67,46061.54,49628.29
46883.06,48855.027,46497.37,49869.055
47281.03,49087.293,47887.61,50050.668
47680.15,49334.73,48545.78,50221.277
48422.8,49551.047,49091.52,50377.836
48803.1,49665.344,49768.16000000001,50442.414
48648.24,49772.797,49969.33,50484.863
49233.42,49910.2,50271.58,50559.523
49482.649999999994,50010.957,51336.83,50624.484
49442.93,50107.387,51914.35,50674.07
48978.149999999994,50161.83,52199.57,50690.57
48566.62,50203.71,51286.50000000001,50713.137
48516.03,50235.586,51132.01,50735.87
47826.93,50184.29,51187.59,50681.9
47678.16,50128.91,51174.45999999999,50621.07
47402.42,50003.246,50771.42,50518.36
46932.23,50008.492,50644.6,50525.895
46089.52,49973.05,50337.99,50488.547
45658.88,49895.35,50319.69999999999,50409.098
45584.62,49690.36,49248.03,50229.38
45670.39,49613.273,49240.299999999996,50130.977
44953.36,49553.52,48948.16,50023.637
44756.99,49522.68,48778.14,49921.223
44564.64,49347.758,49163.25,49701.625
44402.23,49340.527,48386.86,49613.35
44019.54,49350.64,47576.49,49549.8
44211.77,49393.465,47463.37,49528.723
44208.03,49334.445,47723.82,49433.63
44233.85,49457.066,47370.19,49503.582
44376.42,49605.355,47646.63,49619.027
45970.77,49765.47,48287.04,49764.125
46377.82,49857.42,49448.50000000001,49855.38
46865.29,50194.27,49494.01999999999,50151.473
47519.63,50485.477,49558.50000000001,50424.99
47986.08,50755.363,49575.29,50694.926
48480.6,50957.555,50504.09,50907.684
48875.99,51154.137,51143.55,51130.9
49158.27999999999,51314.37,51313.23,51322.16
48983.51000000001,51442.65,51270.67,51489.766
49561.51,51484.96,51739.95,51577.094
50467.42,51449.145,52233.08,51597.918
50906.96,51463.914,52042.11,51644.773
51255.77,51546.21,51810.32,51731.93
50391.21,51541.234,51675.87,51735.14
49649.25000000001,51462.645,50662.33,51648.207
48923.53,51208.996,49499.54,51403.656
48163.64,50877.797,49320.84,51084.746
47354.97,50419.2,49060.66999999999,50656.938
47293.75,49854.574,48454.76999999999,50121.77
47351.87,49261.7,48196.08,49568.324
47248.49,48760.27,48209.71,49088.348
46323.27,48300.598,48566.70999999999,48654.992
45810.88,47783.52,48114.59,48144.98
44909.11,47205.484,47060.24,47602.438
44057.05,46679.727,46091.65,47109.36
42938.4,45982.414,45386.93,46557.785
42249.12,45257.01,44573.15,45880.695
41736.83,44547.12,43907.56,45231.75
40952.13,43880.83,43471.28,44612.05
40460.25,43249.73,44129.84,44038.105
40300.66,42508.35,43525.82,43343.38
40064.6,41836.395,43488.95,42709.926
39910.92,41279.75,42865.89,42150.496
39565.29,40809.84,42526.61,41673.08
39527.61,40269.004,42237.41,41087.71
39450.18,39779.465,42230.61,40551.7
39322.21,39385.043,41778.94,40077.258
39233.31,40333.008,41552.14,40720.438
39401.91,40842.92,41506.57,40953.082
39470.6,41181.273,41702.99,41066.145
39724.14,41507.973,41705.4,41195.836
40011.89,41957.957,42102.93,41419.91
40192.65,42362.97,41992.44,41631.58
40340.89,42825.7,42467.96,41922.668
40719.79,43313.652,42828.05,42289.203
41138.65,44009.68,43465.51,42834.406
41765.12,44657.566,43878.71,43385.363
42208.4,45328.914,44722.34,44014.332
43657.04,46041.566,45578.3,44721.836
44523.53,46955.1,46069.71,45614.98
45922.97,47899.72,47242.12,46552.26
48035.259999999995,48787.11,48565.99,47500.297
52149.66999999999,49713.75,50828.060000000005,48503.723
54878.52999999999,51067.17,55499.65000000001,49837.926
56939.14000000001,52744.445,57432.97000000001,51377.51
58656.02,54425.69,59097.87999999999,52932.617
60793.91,56000.645,60504.01999999999,54412.902
61371.270000000004,57725.484,62204.53,56022.465
62199.3,59335.926,63017.05,57531.117
62704.33,60610.535,63946.35999999999,58803.395
63980.95,61673.445,64540.90000000001,59908.797
64383.78,62033.28,64882.270000000004,60746.062
64774.899999999994,62852.297,65785.87,61687.406
64981.88,63550.863,65900.6,62532.156
64469.57,64089.742,66118.77,63236.48
64684.79,64773.984,65363.76,64090.75
65470.78,65173.773,65474.7,64704.098
65617.95,65468.71,65632.77,65208.137
66249.49,65740.24,66310.19,65659.44
66924.66,66210.414,66252.98,66320.4
67246.14,66563.29,66237.36,66815.3
67511.54,66824.33,66407.55,67182.055
67551.29,66954.96,67307.02,67400.31
67728.32,67284.19,67805.23,67839.4
67680.85,67380.586,68008.05,67992.54
67605.47,67357.13,68003.53,67997.766
67270.31,67210.73,68175.56,67869.26
66826.64,67262.94,67603.37,67972.625
66877.21,67097.09,67755.75,67815.97
66701.67,66816.0,67629.29,67532.83
66935.61,66544.33,67715.53,67248.39
66786.85,66428.33,67770.07,67163.19
66608.09,66265.99,68027.39,66965.8
66013.54,66073.625,66989.39,66727.73
65695.32,65862.74,66249.47,66470.27
65584.09,65691.82,65916.08,66313.08
65414.57,65442.38,65727.44,66016.95
65302.06,65212.31,64953.32,65709.6
65181.200000000004,65020.27,64651.42,65434.42
64635.219999999994,64876.71,64946.33,65244.695
64498.29000000001,64716.004,64263.1,65000.207
64287.57000000001,64546.195,63321.22,64767.3
63751.53,64438.816,62856.41,64610.453
63264.259999999995,64330.9,63666.54000000001,64492.09
62954.02,64201.58,62741.13,64362.676
62920.30999999999,64095.367,62375.100000000006,64278.3
63554.97,64013.742,61719.96,64238.96
63173.67,63893.98,62506.26,64169.004
63354.780000000006,63888.465,62429.66,64208.297
63453.76000000001,63819.336,62195.25,64204.824
63105.61,63771.707,62259.34,64222.96
62943.62,63618.02,63041.78,64121.965
63079.14,63407.246,62649.55,63988.92
63448.21,63169.098,62564.7,63828.94
63547.94000000001,62950.977,63068.89000000001,63682.99
63776.43000000001,62630.977,63594.02999999999,63403.6
64787.25,62305.027,64469.63,63127.344
64906.25,62012.914,64847.26,62867.35
63917.840000000004,61857.15,64505.520000000004,62712.117
62263.22,61502.0,63292.13,62315.305
61323.82000000001,61039.574,62134.53,61864.586
60348.18,60418.156,60950.94,61279.906
59075.28999999999,59779.312,59775.05,60673.906
58033.98999999999,58903.703,58698.13,59794.676
56771.32,58007.133,57616.54000000001,58930.676
55662.07,57142.207,56656.11000000001,58088.746
54615.44999999999,56294.617,55382.560000000005,57263.836
53640.19,55292.797,54555.38,56254.99
52303.530000000006,54336.914,53594.37000000001,55330.727
51304.76,53453.88,52193.1,54480.227
50236.42,52587.9,51175.08,53662.816
49443.67,51733.227,49720.69,52866.57
48355.71,50812.8,48839.060000000005,51991.695
47992.66,50050.7,48047.76999999999,51275.51
46932.73,49327.71,47204.23,50596.754
46457.83,48635.33,46882.05,49901.01
46497.95,47921.22,46368.53,49208.465
45631.08,47332.0,45805.43,48613.492
45287.7,46922.668,45806.84,48140.055
45020.83,46503.805,45801.98,47624.957
44660.94,46142.426,45504.95,47142.52
44195.28,45912.97,44967.36,46761.977
43769.6,45762.77,44878.41,46448.324
43969.26,45765.805,44607.12,46304.055
44035.33,45666.184,44045.08,46081.43
44063.02,45650.68,44221.21,45944.945
44228.46,45685.184,44195.84,45867.082
44338.81,45859.52,44362.99,45880.887
44375.03,46062.367,44391.35,45939.395
44513.56,46327.242,44533.68,46090.26
44825.34,46629.203,44919.49,46314.44
45326.13,47115.977,45881.64,46687.438
45643.83,47618.332,46236.12,47108.44
46288.41,48192.51,46617.41,47635.55
47673.94,48764.715,47631.63,48211.816
48823.39,49582.56,49441.12,48992.44
50229.21,50479.867,50526.05,49858.277
51596.07,51421.023,51532.14,50802.76
54772.63,52422.23,53201.96000000001,51823.17
57114.67999999999,53704.164,55566.88,53086.293
59102.5,55200.03,57908.07,54498.383
60452.12,56722.38,59910.35999999999,55951.63
61691.37000000001,58195.965,61429.76,57375.47
62113.01,59798.586,63067.47,58926.758
62620.5,61198.953,63710.24,60325.645
63293.17,62314.18,64462.24,61515.848
63896.76,63210.305,65019.880000000005,62524.527
64042.89,63548.316,65700.24,63274.223
64499.69999999999,64295.418,66324.49,64170.97
64758.509999999995,64859.25,66930.6,64922.344
64726.18000000001,65317.598,67193.68,65559.375
65324.759999999995,66001.14,66544.94,66398.21
65708.63,66451.52,67107.06,67035.805
65668.47,66812.74,66920.63,67557.58
65979.73,67064.37,67285.91,67953.75
65853.57,67511.59,67976.22,68518.71
66238.92,67769.29,68289.38,68893.84
66357.42,67831.1,68516.72,69065.54
66444.86,67818.055,69024.71,69131.38
66754.68,68088.945,69238.04,69447.27
67014.1,68103.64,69957.19,69509.4
66968.72,68050.82,70228.63,69468.62
66485.37,67920.54,70157.17,69325.54
66527.08,68075.35,69429.95,69453.24
66505.45,67912.8,69543.88,69290.664
66716.75,67691.21,69373.53,69044.82
66548.58,67429.31,69409.96,68740.51
66572.03,67454.36,69475.25,68719.266
66464.61,67260.2,69236.26,68474.35
65876.23,67056.03,68532.72,68206.305
65661.67,66855.055,68052.54,67937.34
65401.91,66772.945,67828.13,67831.625
65434.55,66524.52,67627.66,67532.15
65352.54,66286.055,67089.79,67224.62
65104.31999999999,66099.55,66588.07,66937.484
64614.52,66060.766,66511.81,66819.25
64225.71000000001,65912.73,65956.74,66575.016
63655.97,65771.89,65319.87,66352.63
63511.23,65656.94,64681.9,66167.42
63244.74,65570.43,64719.05,66061.66
63038.1,65482.812,64438.95999999999,65958.41
62853.02,65425.547,64139.31999999999,65900.41
62959.81999999999,65381.4,64280.18,65874.81
63015.62999999999,65298.316,64649.04,65834.375
63301.9,65213.977,64856.59999999999,65808.72
63328.96,65128.344,64913.36,65786.0
62590.85999999999,65064.867,65204.46000000001,65782.17
62466.759999999995,64909.965,64385.670000000006,65691.09
63108.93,64625.906,64291.91000000001,65503.047
63294.25,64329.285,64770.22,65293.676
63887.63,64110.44,64756.96,65130.28
64326.82,63756.742,65577.42,64819.113
65074.13,63459.395,65577.44,64551.62
65047.3,63200.746,65605.28,64294.11
64230.11,63017.434,65187.84,64083.52
62788.15000000001,62541.215,64130.950000000004,63573.504
62096.06,61979.22,63100.1,63007.797
61002.9,61268.22,61884.31,62310.844
60164.43,60554.484,60986.08,61603.508
59053.23,59504.254,60325.41,60554.836
57772.87,58551.15,59647.53,59608.848
56418.12000000001,57623.457,58343.85,58694.64
55400.63,56722.12,57033.77,57814.496
54457.39,55594.51,56097.11,56710.305
53364.17,54641.047,54520.58,55781.434
52147.26999999999,53803.33,53587.409999999996,54972.52
50719.18,53052.113,52508.729999999996,54251.6
49896.159999999996,52184.38,51139.05,53371.355
49011.84999999999,51313.984,49907.0,52477.703
48166.85,50568.723,49104.83,51715.78
47304.42,49910.973,48084.66999999999,51031.766
46484.05,49153.914,47051.81,50239.65
46015.38,48505.438,46667.72,49538.465
45934.37,47941.78,46289.24,48915.113
45195.45,47485.434,46106.72,48374.41
44810.14,47107.734,46362.71,47859.344
44299.11,46755.227,46058.77,47352.613
44069.08,46482.64,45810.35,46924.383
43924.35,46245.93,45455.69,46534.59
43572.93,46035.844,45593.18,46029.2
43789.35,46027.79,45725.21,45791.832
43779.47,46007.65,45883.32,45588.35
43949.89,46071.2,45778.76,45473.258
44002.33,46263.176,45735.14,45453.62
43967.57,46488.25,45900.7,45483.87
44223.69,46756.49,45895.52,45599.734
44637.82,47059.03,46149.05,45792.87
44966.05,47587.03,46079.1,46170.95
45563.32,48158.01,46547.89,46625.895
46349.21,48763.78,47126.35,47172.832
48175.52999999999,49438.59,47534.49,47823.164
49246.2,50377.004,48906.57,48704.78
50262.3,51467.258,49901.83,49730.062
52308.14,52542.92,50876.99999999999,50806.035
55960.850000000006,53558.293,52719.14,51881.164
58381.14000000001,54915.375,55561.51000000001,53249.094
60196.23,56500.234,57825.88999999999,54771.617
61719.37,58053.09,59525.32,56281.27
63423.12,59468.707,61151.47000000001,57685.332
63881.94000000001,60993.37,62270.65,59183.082
64420.2,62363.39,62629.51,60542.887
64920.27,63431.14,63415.49,61666.164
65184.89,64270.95,63605.41,62595.965
65035.07,64531.566,64537.86,63201.33
65139.84999999999,65154.16,65022.21,63929.066
65138.57000000001,65588.6,65295.93,64519.56
65177.55999999999,65892.02,64741.91,64975.773
65093.99,66440.41,64456.64,65628.89
65527.74,66802.77,64631.12,66117.76
65866.12,67017.914,65126.68,66470.79
66462.61,67180.02,65712.64,66758.79
66717.2,67651.13,65722.54,67307.83
66887.64,67971.51,66034.08,67712.836
66934.79,68151.625,65644.84,67971.8
67679.01,68224.88,66067.42,68115.945
67851.05,68541.31,66180.25,68479.12
68249.68,68705.1,66741.51,68668.44
68005.46,68720.16,66933.45,68703.46
67733.48,68666.695,67713.36,68649.76
67274.67,68782.45,67818.37,68770.92
67434.68,68623.6,67292.75,68628.445
67404.0,68318.02,67173.5,68341.266
66863.83,67985.1,67110.77,68006.83
66490.65,67867.25,67426.48,67896.81
66090.43,67516.91,66867.76,67552.91
65315.19,67109.69,66125.08,67151.73
65009.23999999999,66691.945,65950.67,66735.88
64850.84,66373.26,65398.47,66455.71
65039.70999999999,65982.61,65151.52999999999,66081.39
64546.200000000004,65651.945,65050.53,65744.04
64475.18,65424.74,64893.27999999999,65487.508
64185.36000000001,65271.555,64190.07000000001,65346.426
64451.49,65125.605,63260.66,65192.96
63688.439999999995,65021.113,62757.28,65077.355
63174.73,65031.266,62135.25,65058.152
62621.56,64988.645,61626.29,65037.91
62165.13,64897.824,61787.01,64979.445
61658.72000000001,64807.32,61323.28,64929.73
61473.15,64707.074,61028.53,64882.035
61595.030000000006,64515.363,61039.13,64771.742
62103.549999999996,64323.957,61696.80999999999,64671.13
62096.47,64160.87,61580.91000000001,64582.453
62252.64,64069.87,61566.56,64547.387
62113.8,63853.684,61847.17,64403.035
62456.74,63637.69,61150.83,64272.71
62754.26999999999,63405.02,61433.590000000004,64119.586
63447.72,63214.746,61757.15000000001,63992.082
63880.80000000001,62929.13,62675.71,63748.63
64638.649999999994,62709.566,63143.71000000001,63553.46
64437.18,62530.73,63492.50000000001,63375.406
63207.77999999999,62419.574,62835.950000000004,63234.81
61940.0,61985.516,62080.43,62770.414
60814.28999999999,61389.184,60834.56999999999,62188.273
59656.41000000001,60674.207,59829.10999999999,61496.555
59156.08999999999,59892.65,58970.67999999999,60742.11
58077.85999999999,58807.53,57542.05000000001,59684.336
56886.42,57860.883,56578.450000000004,58754.684
56018.52,56939.02,55735.53,57853.473
55417.729999999996,56052.82,55280.590000000004,56996.484
54317.71,55016.484,54615.04,55979.484
53128.36,54161.47,53414.74999999999,55130.35
52082.67,53343.074,52005.87,54327.934
50713.0,52565.363,50938.34,53579.598
49649.73999999999,51598.758,49376.84,52645.746
48890.19,50702.566,48622.11,51723.65
48296.34,49826.805,47871.39,50840.027
47382.46,49038.508,47493.45,50040.402
46980.08,48211.496,46850.06,49196.61
46540.93,47436.42,46259.4,48412.22
46255.98,46767.36,45303.97,47725.758
45639.38,46205.57,45123.5,47127.832
45414.53,45696.28,44407.51,46553.125
45093.59,45247.777,44074.7,46026.41
44680.84,44899.97,43548.99,45595.555
43659.36,44633.094,43495.21,45244.938
43635.73,44207.49,43671.18,44646.164
43710.91,44099.906,43298.59,44433.594
44055.32,44128.902,42836.0,44329.605
44262.6,44238.027,42850.78,44324.05
44226.25,44565.645,43138.17,44474.17
44099.01,44919.01,42897.28,44682.484
44433.1,45262.867,42876.74,44940.246
44807.74,45605.883,42545.95,45257.21
45176.74,46172.836,42355.7,45744.934
45646.37,46756.453,42018.27,46302.18
46035.17,47360.957,41800.42,46924.957
47503.34,47997.203,41816.04,47627.246
48633.18,48837.062,41419.69,48511.87
49875.47,49797.37,40695.94,49495.312
51761.91999999999,50775.54,40266.1,50530.715
55209.20999999999,51788.66,40057.49,51625.227
57788.46,53189.863,40171.51,53025.426
59860.42,54842.945,40044.88,54585.67
60910.64000000001,56526.195,40083.45,56169.016
61613.73999999999,58129.54,40314.98,57698.582
61937.5,59754.816,41222.02,59264.62
62657.44999999999,61047.703,41352.85,60579.29
63399.09,62041.992,42121.98,61668.76
63883.61,62860.76,42575.09,62607.04
64438.16,63279.09,43614.08,63339.83
64870.78,63828.24,44405.13,64042.816
65074.37,64301.25,45170.34,64680.547
65318.41,64659.457,45804.35,65186.855
65729.0,65232.77,46541.89,65852.29
66079.56,65625.15,46817.48,66356.766
66243.18,65928.86,47506.25,66753.33
66054.38,66149.805,48181.32,67046.664
66373.75,66604.7,48844.7,67540.18
66713.96,66830.53,49543.62,67820.16
67184.55,66975.0,50224.10999999999,67992.63
67510.4,67045.19,50737.79,68064.336
68172.56,67408.31,51256.54,68389.586
68570.45,67601.95,52052.85,68525.11
68715.07,67735.15,52243.75,68565.62
68219.15,67795.03,52461.29000000001,68515.42
67835.93,68056.766,52908.83,68657.97
67465.86,68006.75,52538.71,68515.16
67159.29,67799.95,51588.72,68219.875
67259.9,67484.72,51694.770000000004,67828.46
67024.1,67337.914,50874.41,67632.38
66517.77,67068.0,50194.36,67294.734
66172.28,66756.586,49657.01,66911.79
65919.99,66403.87,49113.68,66500.52
66026.34,66166.6,48766.19999999999,66240.61
65731.28,65855.94,48267.280000000006,65893.7
65483.920000000006,65620.24,48084.55,65595.55
66111.63,65413.535,47714.22,65334.168
65522.23,65273.707,47720.76,65176.977
65415.399999999994,65247.027,47047.14,65076.527
65019.85,65174.13,47354.84,64954.535
64739.1,65126.734,47133.15,64873.51
64566.08,65046.48,47226.98,64795.816
64374.44999999999,64960.074,47021.66,64722.074
63894.01999999999,64901.008,46894.46,64679.51
63305.9,64835.914,46783.54,64647.508
63376.66999999999,64635.434,47159.32,64508.56
63451.719999999994,64412.523,47663.05,64371.98
63599.45,64242.87,48310.78,64278.15
63294.05999999999,64100.293,48817.35,64207.95
63306.29000000001,63842.645,49553.5,64022.52
63579.130000000005,63588.09,49737.99,63860.016
63887.44000000001,63353.75,50305.63,63709.887
64489.2,63170.96,50706.14000000001,63593.01
64914.69999999999,62854.137,51585.3,63327.156
65170.37,62663.29,51930.340000000004,63163.324
64774.09,62522.457,52111.479999999996,63023.73
64167.68,62387.027,51760.36,62875.883
62862.07000000001,61898.35,51387.16,62386.07
61717.19999999999,61392.47,50622.84,61894.74
60923.52,60744.637,49819.27,61270.45
60439.44,60025.91,49434.36,60576.055
59045.69000000001,59038.234,48497.28,59600.72
58068.72,58177.336,47925.03999999999,58743.176
57195.44000000001,57263.887,47517.04,57847.21
55977.009999999995,56405.41,47301.01,57000.277
54909.31,55368.93,47438.33,55984.996
53894.09,54395.277,46754.18,55048.637
52651.98,53486.707,45824.75,54179.434
51022.34,52651.137,45276.74,53381.652
50073.92,51692.043,44289.51,52539.094
49106.59,50723.055,43539.38,51566.99
48368.29,49819.504,42681.46,50693.23
47482.63,48993.16,42028.73,49895.043
46891.42,48156.09,41258.07,49084.54
46465.68,47390.383,40514.84,48332.65
46101.22,46752.934,39831.75,47698.215
45188.27,46249.996,39250.77,47172.32
44862.24,45834.89,38852.17,46718.418
44524.98,45389.324,38333.06,46242.83
44174.99,45084.34,38309.51,45890.41
44024.77,44862.586,38425.94,45609.387
43908.63,44393.434,38086.32,44979.215
43931.58,44417.3,38001.35,44799.707
43975.44,44535.395,37957.89,44694.36
44075.9,44761.43,38014.35,44713.098
44237.14,45160.27,38339.73,44856.05
44273.9,45510.734,38351.04,45006.613
44278.54,45888.062,38545.56,45234.86
44641.47,46267.234,38534.16,45521.574
45027.85,46792.17,39248.18,45914.03
45304.09,47312.566,39708.19,46364.6
46016.32,47857.926,40117.62,46879.395
47200.45,48367.055,40428.62,47427.793
47747.13,49107.184,41770.02,48155.555
48597.76,49876.37,42233.45,48945.996
50629.9,50580.355,43126.58,49738.258
54602.030000000006,51293.047,44354.42,50565.73
57037.44000000001,52383.418,46944.07,51662.95
58888.37000000001,53820.992,48700.83,52989.957
60582.3,55271.527,50361.76,54345.035
62296.93,56677.58,51542.92,55686.137
62769.56,58218.516,53479.70999999999,57160.723
63399.909999999996,59633.613,53852.27,58531.227
64036.04,60807.63,54483.97,59730.137
65064.76000000001,61775.984,55188.51,60773.043
65608.39,62480.24,55808.99,61786.355
65877.75,63190.36,56275.65,62618.273
66149.93,63819.223,56740.31,63366.223
66492.9,64286.0,57237.65,63947.94
66759.03,64946.773,57892.39,64696.62
67238.94,65409.734,58360.95,65220.766
67392.44,65732.85,58739.6,65598.305
67520.49,65985.15,58982.009999999995,65884.3
67724.76,66480.16,58828.41,66408.43
68020.48,66747.49,58929.9,66688.945
68106.48,66910.97,59190.03,66852.234
68360.07,66997.625,59335.76,66932.69
68671.54,67342.43,59494.35,67285.445
69139.76,67466.375,60103.869999999995,67400.05
68854.05,67519.336,60486.06,67426.89
68706.76,67533.69,60827.34999999999,67403.03
68604.22,67749.87,60737.02,67623.66
68605.09,67675.875,60269.89000000001,67569.414
68559.06,67492.18,59999.34,67405.75
67952.51,67250.17,59939.69,67180.19
67247.63,67218.125,59851.58999999999,67193.3
66495.85,66916.95,59450.72,66954.6
65697.35,66515.016,58631.50000000001,66624.9
65284.95,66071.99,57961.4,66256.47
64922.16,65741.54,57992.0,66041.11
64262.12000000001,65292.777,57833.27,65670.15
63927.03,64908.43,57747.02,65314.56
66067.44,64539.07,57522.70999999999,64955.723
63366.24999999999,64276.438,57289.85,64709.047
62898.69,64318.0,56723.8,64603.574
62550.990000000005,64011.87,56537.73000000001,64279.617
62718.56,63755.137,56102.24999999999,63993.258
62304.51000000001,63494.88,55719.8,63726.98
62148.48999999999,63318.734,55173.83,63507.336
61968.79000000001,63191.1,55217.659999999996,63338.977
61644.71,63085.76,55171.4,63208.445
61620.4,62894.367,55559.97,63019.406
61459.56,62716.684,56043.44000000001,62854.703
61588.729999999996,62578.055,56125.05999999999,62731.332
61370.23999999999,62459.484,56233.33999999999,62636.652
61129.97,62242.703,56670.41,62435.836
61395.32000000001,62042.414,56655.670000000006,62264.062
61272.35,61833.39,56837.85999999999,62085.66
62156.44,61672.49,57264.35,61940.48
62274.67,61333.746,58048.7,61620.94
62703.41,61192.855,58244.89,61445.062
62498.96000000001,61037.8,58299.3,61243.703
61321.40000000001,60926.266,57716.86,61063.6
60207.34,60522.26,56985.77,60597.273
59260.36,60075.44,55477.33999999999,60102.195
58073.57,59512.402,54429.06,59496.484
56938.57000000001,58898.73,53607.33000000001,58841.77
55997.48000000001,57950.38,52351.990000000005,57887.562
54917.26999999999,57070.41,51709.66999999999,57001.574
53686.78,56203.137,51214.28,56126.33
53142.60999999999,55335.625,50064.68,55268.656
52405.74999999999,54186.14,49042.72,54213.547
51637.39,53241.727,48174.53,53311.414
50264.97,52367.33,47425.31,52486.375
48762.729999999996,51551.695,46477.73,51736.938
47955.03,50319.54,45922.84,50768.555
47114.38,49341.1,45234.19,49878.797
46291.35,48439.742,44501.18,49082.99
45197.07,47580.91,43559.1,48331.074
44622.87,46603.465,42437.23,47529.312
43924.17,45687.547,41970.54,46739.715
43738.9,44893.273,41788.3,46047.4
43574.22,44197.406,41048.86,45422.043
43070.03,43572.316,40747.69,44876.92
42469.35,43115.223,40612.4,44376.613
42143.7,42758.074,40382.59,43957.223
41162.02,42451.418,40093.2,43583.15
40791.23,41777.445,39782.16,43282.44
40771.4,41027.492,39394.5,42489.742
40850.34,40645.49,39201.85,42011.84
41687.02,40464.99,39187.74,41684.14
41577.25,40494.875,39227.4,41516.69
41562.8,40709.953,39339.53,41460.695
41604.26,40939.61,39697.63,41451.676
41782.0,41205.535,39912.05,41515.19
41655.17,41613.965,40268.12,41699.527
41736.84,42028.773,40343.17,41928.984
41955.79,42402.754,40360.0,42186.344
41789.7,42800.81,40539.96,42516.3
41855.53,43379.91,40856.35,42983.14
42246.06,43870.25,41125.18,43446.875
42598.59,44338.227,41400.41,43939.4
43241.1,44870.76,41665.66,44508.355
44191.12,45643.027,41796.07,45239.887
44577.01,46416.56,42095.14,46011.86
44943.04,47257.55,42992.82,46840.746
45908.96,48053.76,43589.6,47651.43
46276.2,48968.863,44600.01,48523.047
47273.25,49839.965,45227.81,49379.297
48266.24,50594.52,45477.66,50163.535
50030.54,51341.76,46352.34,50925.22
50868.740000000005,52328.387,47628.37,51969.047
51855.36,52981.16,48411.44,52602.83
52020.36,53584.574,49436.1,53221.043
51468.83,54115.934,49981.35,53750.637
51654.63,54679.82,50306.24,54280.98
52261.31,54948.293,50938.75000000001,54618.914
53025.92,55101.824,51579.09,54848.547
54214.850000000006,55210.58,51994.55,55019.707
54775.50000000001,55524.824,52213.08,55330.617
55419.63,55847.555,52794.32,55665.84
55727.53,56101.57,53143.17999999999,55936.96
55893.02999999999,56308.203,53060.79000000001,56168.88
55921.33,56635.18,53534.009999999995,56506.047
56416.530000000006,56817.242,54099.97,56741.777
56311.5,56874.81,54498.49,56845.137
55920.52999999999,56925.09,54476.01999999999,56930.375
55811.27,57083.01,54914.91,57115.027
56079.2,57074.004,54545.17,57174.855
55298.17,56995.977,54108.84,57138.027
54458.26,56925.008,53632.16,57076.605
54053.85,56857.72,52961.67,57056.3
53669.26,56639.633,52240.67,56915.453
52700.59,56379.863,52188.21,56701.77
52550.29,56109.145,51487.13999999999,56452.336
52026.32,55818.37,50872.72,56202.613
51121.71,55518.41,50310.87,55911.58
51654.759999999995,55219.734,49932.69,55593.24
51834.49,54874.574,49571.41,55226.805
51849.07,54676.38,49573.54,54960.64
51464.23,54535.758,49394.49,54738.406
50793.83,54442.89,49254.78,54556.883
50973.17,54348.406,48937.3,54392.695
50576.8,54176.65,49149.560000000005,54196.156
50318.04,54094.023,48901.33,54079.758
50479.72000000001,54035.168,49166.979999999996,54011.09
51147.55,53981.566,48885.45999999999,53961.324
51090.09,53865.367,49159.01,53863.02
51230.05,53862.484,49275.43,53870.633
52034.149999999994,53862.336,49808.17999999999,53896.91
52338.17,53879.816,49987.45,53947.367
52314.66,53865.74,50002.91,53951.426
52326.48,53879.523,50272.44000000001,53984.105
52414.2,53869.96,50362.84,54006.484
53267.270000000004,53835.258,50874.24999999999,54008.54
53557.93,53687.1,52139.42,53901.41
53892.6,53638.55,52610.380000000005,53853.598
53116.24,53577.105,52649.77,53780.996
52504.619999999995,53505.88,51897.12999999999,53683.312
51691.76000000001,53156.965,51562.990000000005,53357.133
50943.73,52770.668,50227.54000000001,52969.617
49689.57000000001,52299.883,49342.74,52494.46
48497.4,51772.05,48699.259999999995,51966.656
47686.61,51022.58,48293.979999999996,51270.08
46835.84,50253.15,47788.31,50541.76
46379.2,49484.594,47048.51,49811.848
46378.87,48727.207,46287.88,49110.89
45622.19,47936.88,46783.33,48426.504
44593.26,47298.72,46348.75,47822.58
43665.7,46657.824,45592.14,47225.45
42461.05,45989.312,44721.78,46634.94
42115.59,44811.375,43996.33,45797.66
41169.59,43923.48,43506.4,45035.96
40856.87,43157.133,42722.09,44376.617
40729.24,42364.13,42249.74,43708.83
39977.02,41558.1,41925.21,43079.062
39513.3,40806.99,41306.69,42433.254
39150.16,40021.01,40776.77,41768.734
38614.53,39280.195,40230.5,41137.04
38238.85,38581.914,38869.22,40573.586
38053.94,37873.152,38280.64,39935.0
37501.78,37210.49,38269.97,39328.926
36857.8,36637.93,38233.12,38785.13
36499.07,36322.562,37968.81,38702.953
36582.54,35903.89,37764.62,38280.09
36419.4,35500.625,37832.55,37875.67
36521.56,35250.246,37734.69,37580.324
36432.29,35186.746,38270.52,37429.734
36374.38,35160.684,38395.69,37279.137
36282.02,35200.055,38489.06,37203.438
36399.15,35319.055,38525.87,37215.88
36554.77,35617.82,38566.06,37373.613
36349.63,35925.496,38396.11,37563.12
36199.88,36305.594,38595.91,37849.64
36309.9,36700.86,38614.21,38193.14
36034.36,37280.285,39202.94,38696.375
36007.97,37813.887,38716.8,39201.426
36451.76,38313.523,38653.4,39726.785
37445.28,38813.277,38582.54,40277.78
37340.9,39595.273,38798.25,41023.836
37430.2,40417.55,38936.66,41818.344
37626.51,41105.027,38937.2,42523.83
38643.86,41707.41,39295.99,43164.797
38767.12,42505.848,39639.58,43921.664
39397.55,43306.5,39932.13,44700.676
40078.12,44018.547,40423.23,45427.836
41234.89,44686.7,41007.31,46105.38
42198.18,45811.203,42297.54,47151.93
42998.23,46317.723,42903.02,47590.117
44206.47,46890.773,43906.33,48143.117
45371.22,47377.957,44700.48,48607.176
46061.54,47992.383,45530.75,49108.75
46497.37,48589.793,46410.43,49628.508
47887.61,49074.15,47284.61,50050.734
48545.78,49399.86,47671.96,50329.55
49091.52,49912.562,48219.54,50690.703
49768.16000000001,50323.63,48918.95,50993.062
49969.33,50610.246,49276.83,51188.04
50271.58,50814.438,49816.66,51310.24
51336.83,51025.992,50461.74,51428.906
51914.35,51200.547,51206.83,51541.035
52199.57,51414.895,51931.7,51665.82
51286.50000000001,51570.605,52235.28,51746.266
51132.01,51758.934,51894.94,51855.848
51187.59,51776.133,51307.15,51849.887
51174.45999999999,51744.562,51172.05999999999,51789.5
50771.42,51695.543,50948.939999999995,51715.56
50644.6,51655.906,50824.50000000001,51657.773
50337.99,51656.39,50453.65,51634.36
50319.69999999999,51628.496,50466.01,51573.566
49248.03,51562.17,50050.52999999999,51472.016
49240.299999999996,51490.434,50429.61,51348.992
48948.16,51398.297,50356.61,51212.586
48778.14,51347.03,50226.12,51089.37
49163.25,51296.887,49740.21,50947.145
48386.86,51193.527,49591.53,50754.27
47576.49,51290.64,49443.45,50719.46
47463.37,51299.953,49181.880000000005,50650.41
47723.82,51255.7,48877.97,50573.73
47370.19,51138.324,49342.04000000001,50435.527
47646.63,51235.54,49228.55,50506.504
48287.04,51328.406,49377.97,50609.33
49448.50000000001,51485.152,49184.36,50776.277
49494.01999999999,51598.492,49787.99,50906.066
49558.50000000001,51877.094,50155.350000000006,51189.92
49575.29,52041.03,50576.86,51396.406
50504.09,52171.594,50853.95,51588.01
51143.55,52163.88,50885.9,51670.92
51313.23,52256.336,51206.68,51844.273
51270.67,52340.582,51885.81,52000.25
51739.95,52386.97,52744.0,52120.008
52233.08,52339.42,53688.05,52146.82
52042.11,52322.227,53541.59999999999,52190.863
51810.32,52323.816,53048.61,52235.535
51675.87,52241.35,52461.95,52207.668
50662.33,52027.76,52075.74999999999,52055.188
49499.54,51759.414,51271.259999999995,51826.906
49320.84,51372.805,50430.689999999995,51483.125
49060.66999999999,50885.406,49824.899999999994,51046.33
48454.76999999999,50375.426,49652.64,50570.535
48196.08,49814.836,49123.91,50027.32
48209.71,49234.406,48586.14,49476.938
48566.70999999999,48713.555,48643.18,48978.96
48114.59,48238.984,49228.21,48515.254
47060.24,47759.836,48857.05999999999,48020.53
46091.65,47256.9,48288.06,47518.44
45386.93,46687.445,47647.0,46976.027
44573.15,45896.89,46787.22,46301.64
43907.56,45175.363,45995.15,45591.6
43471.28,44485.195,45378.1,44924.3
44129.84,43843.496,44582.37,44291.4
43525.82,43297.117,43994.27,43748.094
43488.95,42820.035,43428.07,43207.715
42865.89,42331.207,42900.85,42668.44
42526.61,41942.312,42296.83,42194.836
42237.41,41587.633,41589.17,41777.453
42230.61,41140.86,41324.96,41241.586
41778.94,40788.895,41148.02,40794.195
41552.14,40528.617,41108.61,40412.703
41506.57,41765.387,40818.92,41217.043
41702.99,42498.895,40658.58,41584.332
41705.4,43021.914,40603.42,41815.914
42102.93,43475.242,40705.82,42026.426
41992.44,43992.043,40948.34,42289.72
42467.96,44474.367,41036.06,42544.895
42828.05,44919.51,41076.8,42834.258
43465.51,45430.285,41078.94,43213.16
43878.71,46136.402,41943.74,43752.816
44722.34,46829.12,42172.38,44320.824
45578.3,47497.23,42713.5,44930.848
46069.71,48224.41,43652.07,45632.65
47242.12,49198.67,45439.9,46535.883
48565.99,50032.305,46519.69,47382.58
50828.060000000005,50920.293,47755.35,48316.332
55499.65000000001,51832.695,49708.939999999995,49300.766
57432.97000000001,53193.484,53728.28,50622.438
59097.87999999999,54978.234,56115.759999999995,52220.395
60504.01999999999,56600.88,58022.69,53742.984
62204.53,58052.938,59863.45,55154.17
63017.05,59628.715,61371.380000000005,56680.31
63946.35999999999,61051.97,62144.44000000001,58071.344
64540.90000000001,62224.727,62584.450000000004,59279.46
64882.270000000004,63209.656,63329.26,60336.24
65785.87,63504.785,64482.16,61175.61
65900.6,64189.133,65284.93,62046.39
66118.77,64868.707,65686.16,62898.6
65363.76,65357.16,65760.72,63585.094
65474.7,66026.68,65204.229999999996,64450.86
65632.77,66386.37,65477.48000000001,65045.05
66310.19,66650.93,65844.17,65543.0
66252.98,66827.05,65924.26,65926.914
66237.36,67326.234,66267.41,66619.55
66407.55,67602.29,66541.74,67063.55
67307.02,67711.484,66879.48,67327.29
67805.23,67723.81,67012.43,67469.48
68008.05,68073.74,66545.42,67925.93
68003.53,68247.484,67009.42,68131.61
68175.56,68265.29,67317.4,68167.47
67603.37,68161.11,67114.37,68069.766
67755.75,68254.07,66250.3,68215.45
67629.29,68058.055,66235.28,68033.28
67715.53,67827.37,66321.35,67787.33
67770.07,67532.53,66429.22,67468.805
68027.39,67425.586,66591.95,67389.94
66989.39,67213.51,66388.56,67144.03
66249.47,67009.664,65610.0,66885.58
65916.08,66652.445,64705.01,66502.4
65727.44,66348.07,64121.69,66256.016
64953.32,65984.25,64044.85,65877.84
64651.42,65676.21,63366.11000000001,65526.94
64946.33,65312.016,63014.73,65128.402
64263.1,65020.215,63241.58999999999,64834.47
63321.22,64804.09,63029.44,64563.61
62856.41,64564.344,62534.99,64302.594
63666.54000000001,64283.848,62129.36,64036.566
62741.13,64019.62,62143.33999999999,63826.758
62375.100000000006,63930.0,61504.55,63743.242
61719.96,63776.625,61660.79000000001,63647.473
62506.26,63679.492,61335.619999999995,63620.97
62429.66,63479.492,61583.799999999996,63514.477
62195.25,63437.96,61576.05,63548.79
62259.34,63371.152,62078.33000000001,63573.734
63041.78,63284.934,62044.38,63587.527
62649.55,63090.562,62631.66,63470.816
62564.7,62991.176,62743.42,63433.234
63068.89000000001,62802.34,63678.94,63333.004
63594.02999999999,62588.29,64662.78,63217.965
64469.63,62300.586,65898.61,62979.55
64847.26,62058.57,65868.78,62787.82
64505.520000000004,61901.324,65676.31,62661.598
63292.13,61752.137,65131.87,62530.066
62134.53,61348.54,64441.03,62106.984
60950.94,60813.06,62995.62,61605.8
59775.05,60200.81,61814.77,61037.4
58698.13,59543.047,61089.79,60418.266
57616.54000000001,58643.312,59954.799999999996,59522.195
56656.11000000001,57763.57,59432.27,58677.973
55382.560000000005,56907.383,58359.3,57852.86
54555.38,56108.773,57313.939999999995,57073.88
53594.37000000001,55120.156,56518.11,56073.69
52193.1,54217.54,55697.16,55189.305
51175.08,53362.082,54390.36,54365.836
49720.69,52507.043,53444.32,53563.062
48839.060000000005,51677.715,51713.47,52789.855
48047.76999999999,50714.367,50725.37000000001,51883.652
47204.23,49908.88,49758.51,51136.875
46882.05,49204.535,49166.81,50472.82
46368.53,48484.953,47836.90000000001,49743.598
45805.43,47852.805,47119.8,49106.08
45806.84,47327.016,46692.77,48552.918
45801.98,46872.46,46414.91,48046.33
45504.95,46558.758,45219.78,47594.69
44967.36,46319.48,44923.16,47189.023
44878.41,46169.395,44878.72,46855.434
44607.12,46043.125,44629.14,46557.625
44045.08,45988.42,44066.71,46430.133
44221.21,45890.45,43960.28,46266.688
44195.84,45770.758,44042.53,46110.273
44362.99,45765.363,44088.22,46041.492
44391.35,45917.574,44136.94,46068.1
44533.68,46094.453,44376.25,46135.383
44919.49,46343.1,44762.98,46292.145
45881.64,46661.434,44876.72,46541.55
46236.12,47209.684,45949.93,46960.418
46617.41,47859.66,46496.07,47483.94
47631.63,48523.63,47193.32,48077.94
49441.12,49184.395,48174.67,48720.164
50526.05,50095.3,49104.84,49568.203
51532.14,51149.25,49766.64,50536.95
53201.96000000001,52190.242,50982.02,51554.71
55566.88,53203.844,52365.12,52583.492
57908.07,54529.973,55588.96,53863.887
59910.35999999999,55916.344,57863.009999999995,55194.566
61429.76,57349.227,59717.37000000001,56574.42
63067.47,58748.6,61509.54000000001,57927.918
63710.24,60287.09,63164.83,59406.05
64462.24,61706.24,64346.69000000001,60785.105
65019.880000000005,62874.066,65035.95,61976.062
65700.24,63841.516,65734.12,63003.44
66324.49,64253.145,67051.6,63808.684
66930.6,65033.09,67652.13,64712.113
67193.68,65684.26,67943.96,65508.16
66544.94,66231.49,68120.43,66189.86
67107.06,66973.76,66851.29,67053.95
66920.63,67384.375,67073.55,67643.83
67285.91,67703.78,67766.69,68118.69
67976.22,67821.86,67480.82,68385.84
68289.38,68260.75,67000.12,68932.87
68516.72,68536.11,67406.41,69300.29
69024.71,68670.1,67589.99,69504.98
69238.04,68674.43,67826.94,69551.05
69957.19,69030.55,68342.09,69905.695
70228.63,69121.73,69466.18,70005.27
70157.17,69197.12,69915.33,70055.9
69429.95,69192.14,70054.13,70009.555
69543.88,69453.93,69904.19,70240.0
69373.53,69346.76,69163.41,70135.62
69409.96,69177.83,68977.19,69953.43
69475.25,68957.06,69245.62,69711.29
69236.26,68995.445,69199.3,69731.23
68532.72,68846.39,68838.13,69548.74
68052.54,68658.51,68383.68,69338.19
67828.13,68393.07,67635.7,69063.164
67627.66,68273.016,67079.99,68962.46
67089.79,67995.4,66735.49,68675.336
66588.07,67739.78,66694.64,68393.74
66511.81,67471.06,66539.55,68094.97
65956.74,67308.45,66017.93,67929.34
65319.87,67131.875,65583.15,67722.41
64681.9,66942.26,65173.979999999996,67512.96
64719.05,66761.56,64512.92,67330.97
64438.95999999999,66622.664,64382.67,67224.73
64139.31999999999,66525.83,64320.16,67152.12
64280.18,66463.19,64089.35999999999,67123.266
64649.04,66406.64,63867.81,67114.77
64856.59999999999,66359.71,63755.41,67117.46
64913.36,66330.516,63677.37,67137.375
65204.46000000001,66311.41,64120.65,67173.26
64385.670000000006,66278.984,64284.80000000001,67199.93
64291.91000000001,66184.78,64563.829999999994,67146.32
64770.22,65935.57,64657.93,66983.75
64756.96,65674.234,65379.06,66815.68
65577.42,65473.586,65990.54,66680.82
65577.44,65100.895,66318.5,66354.75
65605.28,64833.957,65979.63,66117.17
65187.84,64543.5,65648.48,65851.28
64130.950000000004,64252.723,65196.450000000004,65575.21
63100.1,63650.293,63595.83000000001,64970.543
61884.31,62987.76,62740.83000000001,64332.043
60986.08,62257.18,61613.99,63627.8
60325.41,61461.3,60420.83999999999,62862.785
59647.53,60383.527,59693.30000000001,61796.473
58343.85,59434.816,58624.37,60860.95
57033.77,58562.477,57586.35,59990.715
56097.11,57694.973,56935.19,59137.348
54520.58,56580.89,56392.43,58036.668
53587.409999999996,55642.598,55540.15,57116.22
52508.729999999996,54719.93,54376.73000000001,56236.887
51139.05,53916.773,53399.71,55473.92
49907.0,52974.914,52549.23,54545.45
49104.83,52059.176,51676.44999999999,53632.598
48084.66999999999,51218.35,50578.45,52804.45
47051.81,50488.832,49657.66,52068.656
46667.72,49666.934,48179.159999999996,51225.973
46289.24,48966.215,47369.33,50483.363
46106.72,48433.14,47470.47,49878.4
46362.71,48039.832,47136.61,49381.023
46058.77,47689.758,46886.99,48872.36
45810.35,47519.38,46410.57,48485.47
45455.69,47364.367,45795.18,48125.727
45593.18,47235.94,45521.58,47801.285
45725.21,47074.086,44861.12,47324.117
45883.32,47132.312,44384.32,47119.01
45778.76,47269.47,44566.7,46998.793
45735.14,47429.918,44640.22,46921.504
45900.7,47663.277,45011.03,46903.805
45895.52,47890.215,45505.54,46913.16
46149.05,48188.953,45710.09,47024.043
46079.1,48531.086,45761.47,47220.395
46547.89,49094.33,46688.65,47596.28
47126.35,49624.688,47248.62,48000.637
47534.49,50234.65,47668.92,48527.17
48906.57,50901.586,48452.99,49152.023
49901.83,51786.438,49867.74,49981.598
50876.99999999999,52786.617,50619.1,50925.297
52719.14,53764.785,51464.91999999999,51913.016
55561.51000000001,54709.2,53081.26,52918.89
57825.88999999999,55985.33,56396.07,54208.766
59525.32,57377.387,58554.22,55582.87
61151.47000000001,58778.918,59972.51,56964.043
62270.65,60043.367,61589.869999999995,58240.09
62629.51,61484.375,63360.159999999996,59655.707
63415.49,62689.95,64263.049999999996,60873.363
63605.41,63611.55,65257.9,61865.31
64537.86,64351.438,65755.47,62699.76
65022.21,64455.613,65642.37,63142.113
65295.93,65089.74,65790.63,63862.562
64741.91,65591.98,65706.64,64479.402
64456.64,65957.01,66082.08,64966.844
64631.12,66486.03,65432.65,65605.195
65126.68,66778.97,65621.52,66042.414
65712.64,66984.86,65644.04,66392.95
65722.54,67133.22,65686.49,66672.016
66034.08,67668.08,65961.55,67274.016
65644.84,67945.22,65745.78,67646.52
66067.42,68123.8,65971.29,67908.08
66180.25,68127.66,66725.61,68008.73
66741.51,68484.16,67046.7,68419.67
66933.45,68590.17,67648.29,68581.68
67713.36,68633.38,68167.63,68653.586
67818.37,68597.555,68615.12,68629.64
67292.75,68924.82,68645.51,68937.99
67173.5,68934.305,68437.3,68934.734
67110.77,68781.69,68174.1,68790.44
67426.48,68552.17,68317.59,68565.38
66867.76,68514.414,68628.77,68537.9
66125.08,68333.47,68741.38,68345.39
65950.67,68028.125,68497.21,68047.71
65398.47,67660.49,67740.32,67699.77
65151.52999999999,67456.34,67951.41,67526.43
65050.53,67113.55,67341.56,67205.86
64893.27999999999,66827.92,67315.42,66925.984
64190.07000000001,66593.63,66483.94,66676.26
63260.66,66487.39,66163.9,66573.97
62757.28,66287.09,65738.59,66383.984
62135.25,66092.336,65271.82000000001,66219.5
61626.29,65930.24,64425.44999999999,66077.164
61787.01,65770.56,63627.86,65965.7
61323.28,65634.27,63071.38,65871.25
61028.53,65603.54,62823.92999999999,65855.75
61039.13,65569.65,62873.04,65854.375
61696.80999999999,65456.566,62882.97,65801.84
61580.91000000001,65371.086,63037.729999999996,65784.555
61566.56,65364.797,63455.29,65817.56
61847.17,65309.62,63852.08,65811.32
61150.83,65141.086,64533.87,65720.66
61433.590000000004,64964.566,64388.84,65625.695
61757.15000000001,64688.95,65008.12,65459.402
62675.71,64445.848,65663.89,65309.35
63143.71000000001,64105.383,66543.29,65048.844
63492.50000000001,63874.09,66174.15,64878.13
62835.950000000004,63652.723,65966.29,64697.707
62080.43,63432.67,65352.21,64495.125
60834.56999999999,62849.746,64089.05,63940.324
59829.10999999999,62215.75,62887.49,63350.188
58970.67999999999,61463.402,62179.94,62651.617
57542.05000000001,60670.633,60760.7,61904.137
56578.450000000004,59597.867,59445.42,60871.664
55735.53,58548.91,58720.97,59879.016
55280.590000000004,57550.44,58056.44999999999,58926.543
54615.04,56646.953,57253.02,58061.785
53414.74999999999,55624.37,56036.29,57059.453
52005.87,54756.28,55331.29,56208.09
50938.34,53911.15,54264.61,55385.004
49376.84,53075.94,53192.39,54596.996
48622.11,52051.51,52434.68,53645.26
47871.39,51046.87,51632.99,52660.79
47493.45,50135.445,51073.3,51760.68
46850.06,49301.8,50169.90000000001,50927.625
46259.4,48436.344,49502.06,50034.08
45303.97,47694.105,48552.7,49254.11
45123.5,47025.125,48544.009999999995,48549.723
44407.51,46379.883,47817.83,47873.965
44074.7,45841.43,47172.76,47252.45
43548.99,45337.082,46455.13,46673.406
43495.21,44919.184,46439.33,46185.6
43671.18,44533.438,46137.5,45743.312
43298.59,42198.035,45671.21,44726.375
42836.0,40855.586,45429.66,44109.176
42850.78,40101.363,45719.0,43788.07
43138.17,39670.344,45776.91,43651.19
42897.28,39586.613,45937.52,43721.906
42876.74,39676.8,45611.77,43916.918
42545.95,39852.742,46152.99,44189.363
42355.7,40135.668,46532.91,44567.555
42018.27,40552.21,47170.0,45045.83
41800.42,40973.473,47069.46,45554.332
41816.04,41413.61,47685.15,46102.707
41419.69,41884.27,48500.72,46692.81
40695.94,42593.848,49157.48999999999,47477.56
40266.1,43201.133,49927.74,48204.76
40057.49,43753.742,51073.38999999999,48897.863
40171.51,44309.242,52629.67,49601.844
40044.88,45074.445,55607.09,50483.797
40083.45,45757.062,57917.09,51293.305
40314.98,46414.75,59433.92999999999,52059.594
41222.02,47081.367,60947.090000000004,52810.01
41352.85,48003.28,62859.41000000001,53762.918
42121.98,48822.54,63694.14,54637.47
42575.09,49570.23,63962.04000000001,55433.984
43614.08,50295.42,64499.41000000001,56198.934
44405.13,52133.695,65733.84,57797.594
45170.34,52877.516,66220.98,58622.047
45804.35,53583.016,66929.46,59410.082
46541.89,54237.332,67321.5,60117.082
46817.48,55097.566,66639.09,60992.21
47506.25,55743.473,67010.69,61692.88
48181.32,56276.254,67440.17,62272.215
48844.7,56757.438,67700.5,62782.047
49543.62,57477.633,67489.56,63502.44
50224.10999999999,58006.92,67540.06,64044.01
50737.79,58455.16,67614.37,64482.04
51256.54,58813.11,68287.27,64815.742
52052.85,59373.168,68808.81,65339.492
52243.75,59717.555,69144.11,65646.44
52461.29000000001,59994.656,69361.79,65854.625
52908.83,60137.223,69196.0,65927.01
52538.71,60497.055,68845.29,66201.59
51588.72,60639.047,68866.66,66258.97
51694.770000000004,60616.277,68828.29,66146.02
50874.41,60405.55,68380.23,65865.56
50194.36,60398.86,69131.97,65780.13
49657.01,60148.22,68527.13,65470.71
49113.68,59816.55,67559.65,65077.07
48766.19999999999,59448.63,67851.46,64646.2
48267.280000000006,59200.242,66888.54,64356.758
48084.55,58885.766,66879.17,63982.164
47714.22,58566.54,66684.35,63601.223
47720.76,58300.516,66670.28,63262.28
47047.14,58107.434,65824.78,63015.973
47354.84,57993.184,65746.58,62804.88
47133.15,57861.445,65537.8,62589.297
47226.98,57826.95,64856.93000000001,62454.227
47021.66,57820.85,64133.65,62346.637
46894.46,57905.24,63479.05,62304.86
46783.54,57987.87,63494.85,62282.547
47159.32,58103.25,63178.42,62291.67
47663.05,58144.86,63992.33,62240.08
48310.78,58315.62,64299.07,62292.7
48817.35,58506.77,63974.79,62377.637
49553.5,58715.184,63849.59,62496.33
49737.99,58816.47,64082.98,62523.277
50305.63,59005.17,63635.51,62633.55
50706.14000000001,59133.19,64171.76999999999,62716.992
51585.3,59249.105,64923.11,62804.953
51930.340000000004,59172.87,65884.9,62714.68
52111.479999999996,59230.87,65909.89,62744.355
51760.36,59244.812,65349.13,62742.836
51387.16,59208.33,64867.29,62702.652
50622.84,58828.11,64163.43,62326.254
49819.27,58499.676,63037.95,62000.27
49434.36,58064.49,62184.09,61571.79
48497.28,57533.707,61371.27999999999,61053.715
47925.03999999999,56663.855,59577.03999999999,60201.84
47517.04,55840.312,59009.66,59399.598
47301.01,55014.92,58266.53,58595.348
47438.33,54237.01,57474.08,57834.46
46754.18,53230.535,57197.91,56868.875
45824.75,52435.367,56376.22,56093.61
45276.74,51643.938,55271.36,55342.598
44289.51,50850.85,54066.26999999999,54611.703
43539.38,49250.156,52812.12,53419.473
42681.46,48201.902,51925.990000000005,52442.793
42028.73,47159.36,51210.0,51537.773
41258.07,46184.973,50563.149999999994,50705.477
40514.84,45123.08,49843.67,49824.48
39831.75,44148.41,49247.05000000001,49020.31
39250.77,43236.96,49099.030000000006,48293.63
38852.17,42419.29,48261.4,47656.984
38333.06,41586.094,47131.65,47024.523
38309.51,40842.35,46773.21,46447.324
38425.94,40170.066,46640.85,45937.383
38086.32,39654.29,46470.64,45542.51
38001.35,39925.137,45850.67,45182.457
37957.89,40324.76,45824.23,44966.92
38014.35,40526.33,45828.54,44715.38
38339.73,40727.71,45971.45,44571.785
38351.04,41057.555,46161.65,44570.957
38545.56,41352.08,46230.65,44601.863
38534.16,41655.383,46316.18,44694.99
39248.18,41974.195,46477.04,44853.477
39708.19,42448.406,46649.08,45139.67
40117.62,42940.797,47000.37,45484.69
40428.62,43461.566,47736.89,45884.39
41770.02,43992.734,48391.68,46336.395
42233.45,44706.15,49650.280000000006,46927.7
43126.58,45458.703,50200.84,47577.812
44354.42,46125.188,51223.38999999999,48212.3
46944.07,46760.8,52630.66999999999,48859.89
48700.83,47625.207,56350.13,49677.14
50361.76,48599.93,58599.990000000005,50565.05
51542.92,49586.27,60638.58,51474.117
53479.70999999999,50581.832,62285.0,52398.504
53852.27,51803.938,64359.58,53498.656
54483.97,52971.285,65249.719999999994,54561.29
55188.51,53904.45,65987.27,55481.875
55808.99,54685.3,66629.51,56303.027
56275.65,55740.547,67306.65,57477.863
56740.31,56292.938,67483.31,58153.754
57237.65,56817.0,67669.63,58813.516
57892.39,57280.43,67890.51,59397.83
58360.95,58014.234,67252.74,60189.098
58739.6,58604.945,67297.17,60829.98
58982.009999999995,59103.848,67987.88,61370.914
58828.41,59521.168,68481.89,61823.562
58929.9,60188.08,67734.29,62502.76
59190.03,60595.79,67659.46,62950.402
59335.76,60909.965,67819.74,63297.45
59494.35,61156.14,68288.63,63567.004
60103.869999999995,61667.137,68350.29,64101.938
60486.06,61958.176,68472.44,64414.8
60827.34999999999,62224.004,68559.01,64665.715
60737.02,62436.613,68262.9,64850.652
60269.89000000001,62905.867,68373.37,65286.418
59999.34,63065.438,67813.1,65433.496
59939.69,63017.09,67353.86,65395.418
59851.58999999999,62856.35,67434.01,65251.96
59450.72,62896.21,67769.58,65325.375
58631.50000000001,62762.22,67059.61,65225.57
57961.4,62538.94,66415.21,65023.59
57992.0,62206.336,65666.67,64731.27
57833.27,61959.24,65527.130000000005,64557.97
57747.02,61668.395,65292.64,64297.082
57522.70999999999,61415.152,65212.55,64021.367
57289.85,61216.88,64959.02,63769.793
56723.8,61046.41,64872.79,63573.777
56537.73000000001,60898.46,64366.88999999999,63349.215
56102.24999999999,60751.09,63532.73999999999,63115.59
55719.8,60665.027,62964.049999999996,62923.484
55173.83,60509.633,62665.48,62704.47
55217.659999999996,60383.16,62309.450000000004,62505.832
55171.4,60270.543,62307.95,62335.5
55559.97,60222.926,62324.48,62233.742
56043.44000000001,60066.098,62933.45,62053.082
56125.05999999999,60034.492,62875.05,61981.78
56233.33999999999,60078.71,63211.08000000001,61987.336
56670.41,60130.7,63261.24,62020.742
56655.670000000006,59989.85,64150.99,61881.49
56837.85999999999,59971.16,64135.13,61852.15
57264.35,59936.035,64856.67,61824.55
58048.7,59918.617,65538.34,61812.16
58244.89,59666.363,66540.11,61568.438
58299.3,59615.734,65782.24,61487.348
57716.86,59543.13,65194.36000000001,61385.43
56985.77,59454.51,64776.64,61265.01
55477.33999999999,59004.6,63017.670000000006,60801.85
54429.06,58626.75,61551.3,60398.805
53607.33000000001,58101.625,60328.49,59870.18
52351.990000000005,57512.91,59314.99999999999,59276.07
51709.66999999999,56586.824,57977.83999999999,58366.242
51214.28,55737.25,57215.170000000006,57522.035
50064.68,54939.168,56267.06,56710.055
49042.72,54196.91,55546.46,55943.04
48174.53,53127.2,55059.89000000001,54920.9
47425.31,52201.3,54455.37999999999,54014.92
46477.73,51316.94,53379.37,53161.55
45922.84,50495.844,52055.52,52372.117
45234.19,49124.598,50862.26,51268.25
44501.18,48215.04,50263.26,50389.43
43559.1,47330.785,49537.82,49566.855
42437.23,46454.094,48495.9,48785.54
41970.54,45428.47,47453.99,47929.664
41788.3,44442.363,46833.62,47064.215
41048.86,43566.297,46751.84,46298.574
40747.69,42839.246,46027.86,45644.56
40612.4,42088.19,45381.27,45001.008
40382.59,41455.49,44919.88,44373.547
40093.2,40977.113,44479.92,43863.97
39782.16,40622.875,44123.81,43455.316
39394.5,40111.426,43635.45,43066.9
39201.85,39584.074,43319.55,42358.668
39187.74,39294.938,43127.07,41915.043
39227.4,39141.75,43098.19,41604.004
39339.53,39193.258,42991.86,41474.53
39697.63,39283.996,42832.16,41364.7
39912.05,39471.53,43028.46,41363.156
40268.12,39758.78,42735.72,41460.49
40343.17,40227.402,42777.7,41704.953
40360.0,40697.555,43005.88,41972.324
40539.96,41151.117,43009.1,42275.473
40856.35,41587.594,43370.82,42611.168
41125.18,42208.176,44064.05,43088.977
41400.41,42780.71,44221.81,43569.63
41665.66,43336.562,44138.69,44081.84
41796.07,43893.402,44504.43,44623.387
42095.14,44651.562,44886.42,45312.953
42992.82,45308.312,45476.76,45968.13
43589.6,45942.918,45653.67,46618.152
44600.01,46631.336,46539.65,47302.973
45227.81,47518.332,47469.01,48110.28
45477.66,48353.617,47974.15,48892.1
46352.34,49097.215,48250.25,49610.805
47628.37,49721.59,49060.58,50239.363
48411.44,50782.973,50452.19,51289.414
49436.1,51315.02,51536.47,51801.004
49981.35,51841.676,52041.57,52328.49
50306.24,52354.86,52629.969999999994,52821.094
50938.75000000001,53008.895,53071.94,53385.188
51579.09,53494.047,53755.619999999995,53852.406
51994.55,53891.754,54355.54,54237.63
52213.08,54219.15,54964.39,54563.168
52794.32,54649.086,55520.1,54965.617
53143.17999999999,54959.035,55586.159999999996,55311.08
53060.79000000001,55228.46,55950.55999999999,55606.555
53534.009999999995,55428.81,55968.54,55843.22
54099.97,55735.254,56412.06999999999,56179.41
54498.49,55980.84,56986.700000000004,56476.273
54476.01999999999,56186.75,57254.009999999995,56709.03
54914.91,56352.8,57199.86,56888.137
54545.17,56626.477,56497.81,57173.05
54108.84,56817.715,56603.420000000006,57391.418
53632.16,56845.34,56306.66,57451.82
52961.67,56789.375,55731.17,57432.176
52240.67,56791.28,55258.48999999999,57478.992
52188.21,56662.09,54633.04,57422.895
51487.13999999999,56443.3,54203.13,57261.285
50872.72,56248.957,53446.80000000001,57087.77
50310.87,56080.086,53228.93,56944.555
49932.69,55848.156,52810.659999999996,56726.727
49571.41,55607.496,52703.770000000004,56469.14
49573.54,55375.816,52039.34,56204.766
49394.49,55164.9,51512.89,55962.895
49254.78,55013.3,50929.39,55754.15
48937.3,54900.277,50392.079999999994,55576.004
49149.560000000005,54830.445,50310.16,55438.375
48901.33,54714.773,50651.82,55278.36
49166.979999999996,54691.848,50457.509999999995,55198.027
48885.45999999999,54681.973,50621.11,55148.91
49159.01,54710.67,50937.2,55141.52
49275.43,54608.574,51595.25,55036.918
49808.17999999999,54573.137,51892.06,55002.973
49987.45,54553.24,52284.32,54994.85
50002.91,54560.53,52508.34,55016.844
50272.44000000001,54476.332,53402.19,54955.1
50362.84,54395.81,53691.98,54913.004
50874.24999999999,54320.426,54069.920000000006,54879.684
52139.42,54230.152,55126.81999999999,54840.27
52610.380000000005,54068.37,55640.15,54722.617
52649.77,54056.81,55329.98999999999,54714.543
51897.12999999999,54030.707,54728.57,54681.16
51562.990000000005,53958.566,53730.01,54593.914
50227.54000000001,53607.727,52804.89,54262.387
49342.74,53264.508,51642.85999999999,53911.062
48699.259999999995,52769.094,50604.28999999999,53424.555
48293.979999999996,52220.96,49761.0,52889.07
47788.31,51527.3,48654.810000000005,52235.39
47048.51,50900.727,47889.85999999999,51610.547
46287.88,50282.24,47201.96,50988.895
46783.33,49652.7,46882.22,50371.418
46348.75,48900.81,46536.92,49699.03
45592.14,48337.72,45921.06,49142.293
44721.78,47787.13,45108.28,48600.227
43996.33,47219.47,44441.7,48063.867
43506.4,46153.32,44074.18,47292.18
42722.09,45378.29,43177.02,46597.67
42249.74,44664.043,42375.47,45961.895
41925.21,43913.984,41770.75,45312.9
41306.69,43092.418,41440.63,44665.74
40776.77,42305.15,40964.01,43982.438
40230.5,41508.516,40610.28,43302.254
38869.22,40728.906,40050.9,42638.613
38280.64,39948.547,39579.44,42019.266
38269.97,39083.99,39092.73,41275.01
38233.12,38274.113,38582.25,40578.74
37968.81,37615.723,38187.59,39986.05
37764.62,37299.684,38197.97,39915.473
37832.55,36944.402,37786.87,39526.27
37734.69,36588.637,37600.1,39153.816
38270.52,36361.57,37752.9,38873.504
38395.69,36279.84,37623.29,38716.344
38489.06,36330.363,37386.85,38623.992
38525.87,36476.754,37507.06,38621.094
38566.06,36722.45,37323.46,38716.46
38396.11,37165.42,37594.62,38989.027
38595.91,37601.434,37653.24,39271.223
38614.21,38039.895,37817.88,39595.96
39202.94,38552.28,38178.04,40014.336
38716.8,39252.17,38055.95,40591.83
38653.4,39970.086,38153.85,41207.062
38582.54,40572.76,38468.65,41783.973
38798.25,41146.5,38678.34,42365.05
38936.66,41871.223,39100.07,43057.543
38937.2,42518.3,39455.55,43715.605
39295.99,43154.64,40053.42,44373.906
39639.58,43725.816,40297.03,44983.312
39932.13,44522.242,40955.05,45725.582
40423.23,45223.477,41301.12,46421.152
41007.31,45843.613,41505.84,47053.355
42297.54,46421.08,41929.71,47638.996
42903.02,47305.56,43335.59,48442.426
43906.33,47753.035,44349.15,48811.316
44700.48,48189.15,44976.95,49207.22
45530.75,48605.332,45815.58,49565.887
46410.43,49112.945,46414.86,49947.246
47284.61,49555.973,47049.56,50312.633
47671.96,49934.78,47924.799999999996,50615.387
48219.54,50227.332,48669.810000000005,50837.51
48918.95,50527.902,48946.66,51032.207
49276.83,50773.79,49565.31,51218.746
49816.66,50968.242,50074.65,51357.406
50461.74,51060.184,50629.030000000006,51410.715
51206.83,51274.03,50846.509999999995,51543.375
51931.7,51518.9,51763.50000000001,51736.695
52235.28,51758.355,52222.45,51915.95
51894.94,51983.918,52234.97,52083.516
51307.15,52254.13,52014.91,52279.758
51172.05999999999,52429.246,52146.18,52432.598
50948.939999999995,52469.445,52040.08000000001,52479.72
50824.50000000001,52490.867,51078.0,52504.73
50453.65,52522.715,50273.56,52540.086
50466.01,52610.395,49979.97,52626.797
50050.52999999999,52639.984,49446.10999999999,52649.223
50429.61,52687.09,49151.71,52668.9
50356.61,52669.875,48856.590000000004,52619.92
50226.12,52814.08,48713.24999999999,52682.66
49740.21,52921.94,48164.49,52702.496
49591.53,53011.582,47859.81,52698.426
49443.45,53013.434,48157.95,52619.426
49181.880000000005,53125.277,47467.96,52634.74
48877.97,53262.316,47091.41,52683.07
49342.04000000001,53394.742,46984.24,52744.695
49228.55,53448.797,47414.7,52749.473
49377.97,53671.66,47239.02,52904.305
49184.36,53889.965,47175.41,53079.75
49787.99,54103.383,47282.27,53265.54
50155.350000000006,54200.836,47645.01,53368.89
50576.86,54421.562,47921.53,53584.0
50853.95,54634.16,48871.35999999999,53799.95
50885.9,54824.64,49428.62,54004.54
51206.68,54922.168,50246.52,54132.266
51885.81,54990.75,50942.11,54253.26
52744.0,55030.746,52070.78,54350.227
53688.05,55101.445,53183.36,54466.21
53541.59999999999,55158.402,54082.93,54556.707
53048.61,55268.188,54081.64,54686.11
52461.95,55249.445,53683.30000000001,54705.945
52075.74999999999,55109.47,52671.09,54624.02
51271.259999999995,54788.29,52427.18,54387.86
50430.689999999995,54405.85,51627.38999999999,54075.547
49824.899999999994,53940.348,51218.32000000001,53679.31
49652.64,53441.9,50383.98,53251.074
49123.91,52854.1,49694.48000000001,52746.227
48586.14,52290.91,49158.850000000006,52230.08
48643.18,51724.316,49084.2,51712.613
49228.21,51169.504,48684.31,51210.31
48857.05999999999,50671.625,48625.97,50763.613
48288.06,50229.504,48296.6,50321.152
47647.0,49749.38,47621.19,49851.242
46787.22,49248.242,46758.77,49368.5
45995.15,48738.117,46123.61,48975.258
45378.1,48058.64,45232.02,48329.07
44582.37,47422.57,44207.48,47729.09
43994.27,46810.066,43880.53,47141.62
43428.07,46176.613,43108.37,46566.94
42900.85,45447.934,42390.34,45870.83
42296.83,44771.86,41976.38,45229.05
41589.17,44135.566,41448.31,44609.617
41324.96,43515.945,41038.59,44036.11
41148.02,42797.367,40619.46,43338.305
41108.61,42203.81,40263.86,42738.773
40818.92,41704.906,40134.02,42199.535
40658.58,42473.12,40114.77,42767.047
40603.42,42776.59,39546.7,42872.824
40705.82,42962.9,39360.62,42885.848
40948.34,43112.242,39208.58,42888.54
41036.06,43420.223,39172.01,43005.285
41076.8,43701.86,39321.39,43109.312
41078.94,44036.29,39330.96,43300.914
41943.74,44405.137,39577.03,43565.926
42172.38,44957.1,40282.11,43983.84
42713.5,45609.0,40529.72,44505.17
43652.07,46263.9,41306.59,45094.492
45439.9,46949.016,42275.38,45755.188
46519.69,47943.01,44169.06,46655.785
47755.35,49025.883,45036.09,47649.176
49708.939999999995,50069.03,46220.47,48671.832
53728.28,51088.625,48467.1,49725.406
56115.759999999995,52471.01,52375.0,51070.15
58022.69,54185.74,54832.5,52632.78
59863.45,55858.332,56352.86,54185.164
61371.380000000005,57412.19,58732.329999999994,55660.344
62144.44000000001,59144.89,61649.46000000001,57274.156
62584.450000000004,60664.79,62531.3,58716.387
63329.26,61919.906,63150.02999999999,59967.938
64482.16,62895.83,63787.0,61001.574
65284.93,63199.516,64651.02,61763.695
65686.16,63991.008,64974.94000000001,62682.52
65760.72,64702.89,65272.159999999996,63539.383
65204.229999999996,65246.547,65202.37000000001,64256.156
65477.48000000001,65884.99,64449.55,65074.574
65844.17,66243.5,64456.15,65660.1
65924.26,66505.21,64965.93,66148.68
66267.41,66679.13,64909.15,66539.79
66541.74,67006.16,64962.229999999996,67082.516
66879.48,67227.11,64808.78,67478.78
67012.43,67336.1,65055.88,67741.12
66545.42,67364.04,65560.43,67892.734
67009.42,67574.4,65826.63,68224.42
67317.4,67535.555,66233.6,68280.73
67114.37,67486.78,66232.39,68275.92
66250.3,67404.625,66387.71,68214.664
66235.28,67481.234,66424.14,68351.28
66321.35,67281.62,66280.29,68208.625
66429.22,67052.24,66270.36,68003.64
66591.95,66844.7,66151.4,67802.44
66388.56,66845.66,66593.22,67838.77
65610.0,66769.16,66279.72,67751.07
64705.01,66628.49,66172.63,67585.06
64121.69,66403.195,65620.75,67354.78
64044.85,66210.43,65370.02,67209.33
63366.11000000001,65949.65,64897.4,66942.086
63014.73,65745.99,64504.05,66689.37
63241.58999999999,65506.824,64317.73999999999,66402.47
63029.44,65325.402,64323.23999999999,66203.14
62534.99,65209.09,63828.69,65991.32
62129.36,65119.32,63537.12,65799.24
62143.33999999999,65033.332,62891.84,65631.71
61504.55,64948.008,62669.22000000001,65503.617
61660.79000000001,64922.184,62470.31,65415.496
61335.619999999995,64884.32,62241.68,65344.195
61583.799999999996,64928.375,62174.45,65365.473
61576.05,64882.73,62602.38,65330.547
62078.33000000001,64899.152,63035.12,65361.04
62044.38,64900.996,63370.62,65389.523
62631.66,64948.89,63595.33,65463.945
62743.42,64863.73,63874.78,65413.902
63678.94,64792.03,64064.78,65383.844
64662.78,64672.797,65206.54,65313.953
65898.61,64622.41,66724.71,65299.07
65868.78,64476.434,67574.25,65152.504
65676.31,64431.926,67299.13,65114.68
65131.87,64284.168,67187.06,64990.77
64441.03,64079.43,66641.64,64817.08
62995.62,63580.5,65112.64,64326.41
61814.77,63068.617,63861.99,63851.73
61089.79,62423.97,62735.66000000001,63262.22
59954.799999999996,61738.76,61825.23999999999,62633.316
59432.27,60856.105,60677.74,61767.992
58359.3,59990.18,59772.12,60948.957
57313.939999999995,59211.62,58877.37000000001,60199.625
56518.11,58434.004,57867.15,59446.113
55697.16,57468.637,56802.15,58477.89
54390.36,56589.723,55930.04,57623.098
53444.32,55758.22,54645.36,56817.137
51713.47,54917.95,53568.520000000004,56018.74
50725.37000000001,54154.312,51904.2,55321.367
49758.51,53115.79,51018.07,54363.312
49166.81,52243.164,50076.93,53569.016
47836.90000000001,51439.03,49332.27,52833.125
47119.8,50621.062,48164.12,52041.977
46692.77,49807.07,47804.51999999999,51280.06
46414.91,49118.54,47523.39,50622.08
45219.78,48583.83,46867.59,50068.98
44923.16,48114.375,46199.7,49514.914
44878.72,47614.95,45839.86,48947.35
44629.14,47288.71,45790.85,48505.164
44066.71,47131.785,45735.8,48182.758
43960.28,47009.92,45252.51,47911.438
44042.53,46874.63,45198.61,47646.562
44088.22,46770.562,45104.4,47427.277
44136.94,46736.832,45026.69,47268.395
44376.25,46828.902,45372.29,47179.457
44762.98,46954.117,45581.45,47139.758
44876.72,47169.094,46052.43,47206.246
45949.93,47471.77,46159.51,47377.586
46496.07,47937.414,46729.96,47673.3
47193.32,48545.86,47228.26,48105.074
48174.67,49189.906,47735.13,48621.008
49104.84,49898.816,48628.42,49235.043
49766.64,50871.066,49703.52,50060.246
50982.02,51804.39,50400.17,50915.11
52365.12,52668.312,51764.15,51777.355
55588.96,53582.137,53485.84,52707.28
57863.009999999995,54801.344,56841.049999999996,53872.668
59717.37000000001,56287.797,58666.87,55243.61
61509.54000000001,57778.684,60335.74,56649.715
63164.83,59205.516,61802.420000000006,58019.9
64346.69000000001,60817.605,63801.05000000001,59541.562
65035.95,62288.332,64685.27,60962.418
65734.12,63563.16,65250.15,62239.76
67051.6,64585.473,65622.54,63319.406
67652.13,64933.2,65943.24,64052.742
67943.96,65856.37,66338.35,65069.984
68120.43,66596.51,66579.98,65937.62
66851.29,67150.41,66962.22,66635.51
67073.55,67902.07,66466.55,67513.18
67766.69,68207.67,66664.98,68033.57
67480.82,68406.83,67047.64,68425.52
67000.12,68580.05,67155.85,68751.05
67406.41,68963.52,67017.23,69268.36
67589.99,69037.06,67247.79,69506.12
67826.94,69054.17,67435.94,69646.086
68342.09,68981.22,67786.82,69668.79
69466.18,69247.375,68116.19,69995.34
69915.33,69311.81,68784.3,70107.5
70054.13,69418.32,69146.41,70199.95
69904.19,69467.445,69479.11,70219.24
69163.41,69782.83,69105.19,70507.59
68977.19,69782.734,68824.59,70503.945
69245.62,69589.9,68573.1,70321.67
69199.3,69351.39,68175.25,70081.4
68838.13,69412.73,67964.31,70122.72
68383.68,69254.945,67552.39,69940.63
67635.7,69031.54,66899.06,69698.21
67079.99,68758.2,66261.51,69412.89
66735.49,68608.05,65848.16,69285.055
66694.64,68250.51,65852.65,68930.05
66539.55,67924.07,65974.71,68584.11
66017.93,67655.97,65532.37000000001,68264.18
65583.15,67533.94,65857.74,68103.85
65173.979999999996,67307.305,65508.38,67831.016
64512.92,67114.87,65102.59,67594.76
64382.67,66958.73,64611.740000000005,67403.11
64320.16,66828.62,64649.24,67283.305
64089.35999999999,66726.32,64533.39,67186.34
63867.81,66672.195,64521.45999999999,67140.266
63755.41,66639.52,64386.31,67135.89
63677.37,66562.16,64748.66,67115.2
64120.65,66469.77,65038.38,67091.805
64284.80000000001,66364.63,65523.6,67059.28
64563.829999999994,66327.414,66081.23,67088.98
64657.93,66192.83,66078.45,67016.11
65379.06,66069.086,66793.35,66966.43
65990.54,65902.68,67909.67,66873.766
66318.5,65802.6,68961.85,66818.93
65979.63,65566.47,69208.71,66609.625
65648.48,65369.19,68667.74,66446.14
65196.450000000004,65082.67,68216.95,66195.75
63595.83000000001,64755.94,67533.18,65904.09
62740.83000000001,64118.18,66159.28,65290.355
61613.99,63373.37,64764.99,64605.723
60420.83999999999,62588.28,63731.45,63869.82
59693.30000000001,61766.477,62653.530000000006,63089.82
58624.37,60601.883,61388.28,61965.21
57586.35,59596.08,60233.119999999995,60990.73
56935.19,58622.324,58936.48,60045.07
56392.43,57711.703,58120.46,59161.992
55540.15,56629.023,57663.409999999996,58086.8
54376.73000000001,55767.09,56719.21,57220.26
53399.71,54989.973,55230.55,56451.688
52549.23,54251.53,54219.01,55730.25
51676.44999999999,53418.02,52561.31,54894.58
50578.45,52598.27,51211.79000000001,54048.715
49657.66,51882.51,50445.0,53313.7
48179.159999999996,51212.24,49642.030000000006,52619.562
47369.33,50430.61,48694.03,51808.44
47470.47,49703.36,48079.51,51053.94
47136.61,49101.062,47801.78,50410.703
46886.99,48739.71,47263.08,49942.598
46410.57,48356.035,46474.12,49416.344
45795.18,48093.22,46208.55,48974.95
45521.58,47862.652,46041.58,48570.332
44861.12,47637.48,45715.03,48189.258
44384.32,47426.45,45173.93,47680.047
44566.7,47328.6,45316.24,47374.34
44640.22,47220.777,45566.96,47101.96
45011.03,47213.035,45560.38,46918.57
45505.54,47340.074,45500.43,46820.46
45710.09,47565.29,45946.47,46818.21
45761.47,47928.8,46368.62,46958.723
46688.65,48333.293,46794.82,47181.375
47248.62,48922.004,47030.43,47553.863
47668.92,49633.004,47235.43,48063.367
48452.99,50367.547,47994.55,48664.188
49867.74,51103.977,48516.87,49329.727
50619.1,52057.926,50082.76,50195.09
51464.91999999999,53087.426,50409.41,51154.914
53081.26,54066.37,51448.89,52132.59
56396.07,54983.035,53058.85999999999,53112.53
58554.22,56214.508,56806.42,54352.58
59972.51,57678.78,59150.99,55759.836
61589.869999999995,59083.258,60647.80999999999,57135.625
63360.159999999996,60310.89,62004.97,58382.207
64263.049999999996,61705.94,64439.83,59756.1
65257.9,63000.812,65611.42,61026.605
65755.47,64050.91,66382.76,62107.293
65642.37,64930.83,67215.15,63035.86
65790.63,65074.51,67903.42,63503.7
65706.64,65655.01,68525.65,64188.652
66082.08,66087.125,68693.7,64765.68
65432.65,66356.75,68830.59,65187.92
65621.52,66921.11,68772.58,65856.625
65644.04,67199.9,69032.53,66287.49
65686.49,67398.3,69341.52,66630.87
65961.55,67491.05,69354.9,66871.9
65745.78,67864.84,69372.38,67360.914
65971.29,68072.85,69752.66,67685.41
66725.61,68116.73,69949.71,67842.875
67046.7,68121.99,70299.06,67944.7
67648.29,68488.06,70380.41,68351.21
68167.63,68641.19,70632.46,68543.4
68615.12,68724.97,70715.03,68640.49
68645.51,68775.16,70477.28,68684.75
68437.3,69076.49,69920.13,68962.914
68174.1,69117.945,69273.21,68993.81
68317.59,69012.07,69695.83,68887.914
68628.77,68810.38,69801.69,68686.78
68741.38,68831.96,69390.03,68706.9
68497.21,68690.75,69490.59,68540.05
67740.32,68516.99,69369.64,68329.92
67951.41,68321.62,68856.33,68104.36
67341.56,68182.59,68545.73,67979.14
67315.42,67966.79,68224.89,67746.49
66483.94,67698.67,67176.77,67473.38
66163.9,67512.086,67277.27,67265.18
65738.59,67371.414,67048.26,67150.016
65271.82000000001,67194.03,66612.16,66984.34
64425.44999999999,67048.95,66013.6,66851.42
63627.86,66919.42,65461.590000000004,66737.81
63071.38,66792.664,65598.93,66666.24
62823.92999999999,66610.3,65647.82,66553.52
62873.04,66443.01,65248.28,66460.24
62882.97,66325.65,65410.53,66415.23
63037.729999999996,66233.78,65490.44000000001,66398.01
63455.29,66134.2,65220.36,66384.42
63852.08,66033.41,65345.25,66360.35
64533.87,65981.51,65768.84,66369.73
64388.84,65855.41,65574.21,66304.55
65008.12,65772.055,66238.49,66273.71
65663.89,65629.73,67413.49,66196.08
66543.29,65535.89,68190.01,66147.07
66174.15,65306.51,68185.8,65954.766
65966.29,65165.133,67786.28,65839.46
65352.21,64915.926,67527.92,65625.14
64089.05,64635.86,67147.66,65370.633
62887.49,63999.59,65903.03,64764.21
62179.94,63253.37,64910.31,64074.43
60760.7,62431.344,64142.6,63315.55
59445.42,61624.465,62814.93,62555.04
58720.97,60454.793,61326.58999999999,61444.703
58056.44999999999,59355.504,60700.71,60417.793
57253.02,58363.434,59702.19,59473.816
56036.29,57497.727,58357.17,58639.78
55331.29,56438.434,57327.18,57605.098
54264.61,55485.22,56709.82,56686.316
53192.39,54647.316,55772.52,55883.62
52434.68,53869.273,54468.95,55139.93
51632.99,52928.926,53065.03999999999,54231.434
51073.3,52115.086,52077.26,53381.457
50169.90000000001,51323.26,51155.33999999999,52551.01
49502.06,50624.996,49809.56999999999,51812.0
48552.7,49773.64,48960.04000000001,50926.83
48544.009999999995,49043.51,48338.219999999994,50151.832
47817.83,48356.137,47982.10999999999,49429.137
47172.76,47877.074,47367.33,48866.934
46455.13,47354.54,46769.77,48250.297
46439.33,46906.89,46307.34,47710.58
46137.5,46467.316,46533.12,47202.934
45671.21,46193.19,46108.11,46824.734
45429.66,45793.492,45903.94,46215.22
45719.0,45766.633,45993.25,46023.57
45776.91,45801.953,45801.19,45888.06
45937.52,45966.246,45648.52,45892.555
45611.77,46266.363,45735.44,45988.246
46152.99,46614.383,45873.43,46162.59
46532.91,46900.934,45950.97,46353.656
47170.0,47314.152,46039.66,46676.535
47069.46,47949.23,47003.4,47158.65
47685.15,48656.746,47276.67,47751.402
48500.72,49227.465,47568.75,48315.266
49157.48999999999,49856.41,48177.909999999996,48967.047
49927.74,50744.3,49674.59999999999,49814.6
51073.38999999999,51614.36,50439.12,50692.496
52629.67,52469.504,51109.29,51602.137
55607.09,53381.742,52717.26000000001,52587.25
57917.09,54643.176,55821.47,53832.062
59433.92999999999,56142.496,57977.52,55243.598
60947.090000000004,57659.547,59695.19,56677.434
62859.41000000001,59049.816,61485.44,58024.773
63694.14,60628.65,63873.939999999995,59520.273
63962.04000000001,62109.957,65115.57,60927.47
64499.41000000001,63315.65,65921.46,62134.973
65733.84,64196.215,66132.9,63095.43
66220.98,64498.543,66579.07,63715.984
66929.46,65175.324,67313.27,64504.203
67321.5,65697.555,67564.15,65171.152
66639.09,66142.0,67630.85,65738.41
67010.69,66832.09,67233.19,66510.18
67440.17,67132.72,67713.56,66958.09
67700.5,67366.33,68098.06,67318.85
67489.56,67542.73,67948.4,67594.76
67540.06,68015.59,68254.04,68120.586
67614.37,68210.68,68395.31,68394.2
68287.27,68291.914,68647.06,68535.44
68808.81,68287.484,68938.11,68570.38
69144.11,68657.24,68691.33,68919.61
69361.79,68865.61,69094.09,69086.17
69196.0,68984.96,69516.89,69137.69
68845.29,69024.03,69451.52,69097.24
68866.66,69228.96,68984.48,69236.61
68828.29,69170.77,68853.24,69121.5
68380.23,69024.87,68870.18,68907.414
69131.97,68819.914,68640.16,68635.09
68527.13,68724.01,68559.73,68502.98
67559.65,68600.72,68237.26,68292.8
67851.46,68350.51,68135.73,67981.37
66888.54,67966.34,67990.86,67581.69
66879.17,67780.93,67512.3,67380.13
66684.35,67425.484,67234.39,67032.22
66670.28,67148.82,66640.01,66737.234
65824.78,66933.7,66565.05,66499.6
65746.58,66792.75,66417.9,66362.836
65537.8,66586.0,66237.88,66163.94
64856.93000000001,66457.79,65515.18,66037.44
64133.65,66382.48,64633.33,65960.71
63479.05,66217.82,64512.19,65844.96
63494.85,66025.87,64104.04,65717.16
63178.42,65856.086,64154.28,65615.42
63992.33,65765.734,63978.96,65566.14
64299.07,65575.71,64293.81,65439.73
63974.79,65539.89,64184.68000000001,65437.44
63849.59,65519.84,64688.03999999999,65446.176
64082.98,65431.24,64988.42,65412.79
63635.51,65229.824,65156.27,65288.637
64171.76999999999,65060.1,65793.57,65199.43
64923.11,64825.273,67055.89,65060.46
65884.9,64688.258,67552.53,64985.64
65909.89,64465.094,67798.39,64805.66
65349.13,64368.81,67096.18,64729.96
64867.29,64229.332,66633.46,64603.85
64163.43,64007.844,66070.38,64399.45
63037.95,63446.855,65045.38,63862.566
62184.09,62899.03,63835.65000000001,63347.19
61371.27999999999,62254.61,63093.61,62730.36
59577.03999999999,61570.645,62133.49,62069.844
59009.66,60566.566,60794.41,61101.457
58266.53,59544.05,60127.82000000001,60152.992
57474.08,58644.34,58972.850000000006,59291.45
57197.91,57825.168,58118.06999999999,58498.098
56376.22,56782.71,57244.55,57502.78
55271.36,55972.49,56277.67999999999,56710.824
54066.26999999999,55201.707,55278.98999999999,55955.984
52812.12,54442.016,54082.74999999999,55229.613
51925.990000000005,53637.785,52612.08000000001,54514.04
51210.0,52782.664,51546.829999999994,53639.453
50563.149999999994,51973.03,51012.16,52829.08
49843.67,51249.4,50330.52,52091.492
49247.05000000001,50470.695,48927.41,51298.336
49099.030000000006,49777.758,48215.36,50573.92
48261.4,49212.387,47918.23,49964.617
47131.65,48808.16,47531.53,49480.11
46773.21,48355.016,46840.29,48950.98
46640.85,47865.465,46299.91,48416.844
46470.64,47534.934,46107.33,48017.414
45850.67,47330.54,45633.23,47715.793
45824.23,47025.973,45208.2,47161.793
45828.54,46987.113,45101.15,46902.63
45971.45,47091.797,45152.68,46753.14
46161.65,47293.24,45028.62,46719.973
46230.65,47661.723,44991.98,46797.44
46316.18,48017.984,45134.4,46916.582
46477.04,48408.1,45173.24,47114.426
46649.08,48798.504,45534.14,47363.62
47000.37,49335.863,46130.67,47715.96
47736.89,49808.953,46475.23,48092.242
48391.68,50306.684,46914.25,48538.633
49650.280000000006,50872.473,47381.92,49079.598
50200.84,51603.723,48703.49,49746.02
51223.38999999999,52401.742,49679.98,50505.145
52630.66999999999,53129.7,50801.56,51268.227
56350.13,53865.805,52391.7,52080.88
58599.990000000005,54847.16,55948.02999999999,53068.836
60638.58,56254.605,58052.86000000001,54357.47
62285.0,57677.08,59922.35,55682.36
64359.58,59076.203,61732.530000000006,57010.64
65249.719999999994,60566.92,63939.13,58428.316
65987.27,62046.52,65211.41,59821.1
66629.51,63300.664,65542.65,61054.375
67306.65,64356.543,65850.87,62131.355
67483.31,64892.15,66629.03,62971.11
67669.63,65569.17,67218.05,63766.23
67890.51,66119.38,67390.74,64447.96
67252.74,66520.49,67891.66,64979.01
67297.17,67063.336,67978.47,65634.13
67987.88,67314.05,68252.03,66015.016
68481.89,67447.81,68940.02,66271.47
67734.29,67585.89,69027.29,66488.7
67659.46,68018.12,68759.29,66966.72
67819.74,68109.26,68717.3,67141.8
68288.63,68085.28,69008.84,67202.39
68350.29,68036.55,69347.04,67210.12
68472.44,68343.91,68935.97,67542.99
68559.01,68414.25,69929.47,67642.91
68262.9,68398.664,70409.47,67654.35
68373.37,68330.01,70572.96,67615.14
67813.1,68455.62,70477.2,67807.055
67353.86,68370.11,70327.73,67780.79
67434.01,68122.2,70051.09,67617.33
67769.58,67786.54,69427.48,67385.77
67059.61,67708.17,69101.48,67407.195
66415.21,67534.45,68480.75,67303.47
65666.67,67228.82,67581.24,67091.18
65527.130000000005,66849.74,66754.82,66808.06
65292.64,66568.14,65772.62,66676.79
65212.55,66201.836,65606.99,66408.15
64959.02,65888.836,65447.57,66142.61
64872.79,65650.984,64821.38,65904.695
64366.88999999999,65449.59,64783.19,65740.28
63532.73999999999,65300.69,64272.72,65561.65
62964.049999999996,65119.11,63932.93,65337.43
62665.48,64906.227,63754.75,65099.54
62309.450000000004,64662.332,63919.0,64865.73
62307.95,64436.773,63203.869999999995,64630.344
62324.48,64262.95,62675.86000000001,64444.477
62933.45,64180.375,62905.0,64339.86
62875.05,64052.82,62892.23,64205.305
63211.08000000001,64027.047,63053.85,64151.906
63261.24,64004.62,63359.48,64120.723
64150.99,64006.656,63765.32000000001,64117.215
64135.13,63865.145,64757.91000000001,63991.617
64856.67,63845.97,65564.82,63964.586
65538.34,63769.473,66527.72,63897.51
66540.11,63780.668,67277.93,63888.957
65782.24,63616.527,67296.2,63698.543
65194.36000000001,63636.004,66386.5,63650.297
64776.64,63483.37,66091.83,63459.797
63017.670000000006,63264.082,65609.01,63209.082
61551.3,62743.113,63331.71,62655.523
60328.49,62127.53,62040.74,62039.75
59314.99999999999,61392.434,60691.62,61318.88
57977.83999999999,60617.695,59716.97,60559.35
57215.170000000006,59534.21,58599.14,59529.03
56267.06,58540.07,57097.82000000001,58587.688
55546.46,57618.44,55681.31,57701.49
55059.89000000001,56743.043,54851.88,56860.688
54455.37999999999,55640.05,53996.75,55852.125
53379.37,54783.547,53274.03999999999,55042.76
52055.52,53990.836,52190.36,54302.363
50862.26,53199.543,51334.87999999999,53582.63
50263.26,52043.395,50575.97000000001,52674.215
49537.82,51116.047,49675.49999999999,51832.17
48495.9,50279.14,48994.079999999994,51081.83
47453.99,49494.773,47992.990000000005,50371.543
46833.62,48516.26,45906.94,49546.824
46751.84,47634.195,45324.74,48768.97
46027.86,46880.64,45073.83,48089.83
45381.27,46304.465,44504.65,47527.363
44919.88,45644.0,43795.75,46925.965
44479.92,45101.434,43339.65,46362.33
44123.81,44689.273,43041.66,45894.19
43635.45,44382.758,42715.37,45505.094
43319.55,43576.285,42319.83,45061.48
43127.07,42921.184,42076.64,44305.664
43098.19,42608.24,41702.87,43848.348
42991.86,42459.86,41745.6,43520.99
42832.16,42465.45,41754.47,43313.54
43028.46,42534.5,41573.12,43149.516
42735.72,42649.312,41627.4,43053.76
42777.7,42870.56,41676.75,43067.895
43005.88,43160.1,42152.92,43138.406
43009.1,43483.89,42624.11,43272.945
43370.82,43869.062,42696.31,43496.867
44064.05,44271.47,42879.05,43787.4
44221.81,44890.277,43101.71,44220.793
44138.69,45544.7,43272.03,44739.734
44504.43,46124.1,43252.68,45260.816
44886.42,46629.336,43831.27,45775.027
45476.76,47397.023,44908.33,46456.63
45653.67,48135.43,45593.13,47174.145
46539.65,48903.855,46225.99,47934.14
47469.01,49610.35,46795.95,48667.863
47974.15,50576.273,48152.91000000001,49545.934
48250.25,51510.258,48879.79,50432.754
49060.58,52337.844,49800.13,51254.06
50452.19,53021.81,50176.670000000006,51973.387
51536.47,53765.13,50347.060000000005,52828.625
52041.57,54272.285,50832.649999999994,53371.504
52629.969999999994,54777.17,51620.71,53934.75
53071.94,55201.17,52230.649999999994,54418.438
53755.619999999995,55717.88,53091.02,54936.652
54355.54,56074.598,53625.48,55350.12
54964.39,56365.05,54298.23,55693.52
55520.1,56579.57,54851.76,55962.61
55586.159999999996,56908.207,55423.1,56319.785
55950.55999999999,57141.87,56032.83,56628.363
55968.54,57238.13,56227.77,56816.254
56412.06999999999,57294.75,56231.97,56957.125
56986.700000000004,57477.707,56047.37,57209.95
57254.009999999995,57588.125,55981.55,57410.215
57199.86,57685.09,56554.31,57571.33
56497.81,57740.89,56395.41,57690.133
56603.420000000006,57917.023,56446.75,57922.594
56306.66,57877.062,55873.14,57999.58
55731.17,57817.203,55294.2,58027.41
55258.48999999999,57710.605,55094.259999999995,57995.266
54633.04,57689.45,54984.91,58046.695
54203.13,57554.5,54694.03999999999,58003.87
53446.80000000001,57339.96,54439.32000000001,57867.23
53228.93,57112.66,53938.030000000006,57690.508
52810.659999999996,56922.547,53723.68,57552.195
52703.770000000004,56710.312,53585.229999999996,57350.266
52039.34,56491.16,53044.99999999999,57099.387
51512.89,56294.32,52686.17,56839.383
50929.39,56090.73,52612.64,56589.215
50392.079999999994,55868.77,52308.23,56305.605
50310.16,55651.24,52333.59,56022.59
50651.82,55469.543,52023.13,55776.957
50457.509999999995,55323.41,52098.770000000004,55566.574
50621.11,55298.152,52045.60999999999,55454.04
50937.2,55284.168,52376.08,55377.016
51595.25,55304.973,52527.04,55347.363
51892.06,55298.93,53160.44,55304.297
52284.32,55370.33,53448.23,55339.53
52508.34,55433.938,53891.8,55384.953
53402.19,55483.688,54466.479999999996,55432.754
53691.98,55471.477,55793.75,55429.05
54069.920000000006,55520.11,56086.63,55480.69
55126.81999999999,55535.715,57197.44,55507.71
55640.15,55538.8,57458.48,55527.61
55329.98999999999,55501.23,56628.1,55500.797
54728.57,55481.61,56313.68,55470.492
53730.01,55350.598,55871.00000000001,55338.74
52804.89,55137.85,55121.87000000001,55122.797
51642.85999999999,54636.535,53920.88,54658.145
50604.28999999999,54098.14,52697.44000000001,54143.45
49761.0,53459.04,51749.61,53535.492
48654.810000000005,52780.8,51034.200000000004,52886.47
47889.85999999999,51954.367,50039.280000000006,52129.914
47201.96,51144.91,49531.79000000001,51364.67
46882.22,50351.836,48730.4,50615.77
46536.92,49604.14,48283.52,49915.613
45921.06,48824.16,48201.63999999999,49247.168
45108.28,48150.758,47587.81,48614.414
44441.7,47485.35,46860.72,47997.53
44074.18,46821.06,46225.79,47402.555
43177.02,45691.992,45370.94,46609.883
42375.47,44927.25,44453.49,45938.312
41770.75,44173.44,43703.18,45281.957
41440.63,43386.273,42707.08,44617.39
40964.01,42522.83,41011.26,43959.582
40610.28,41693.242,40495.82,43255.45
40050.9,40888.2,40166.94,42574.273
39579.44,40130.297,39395.56,41921.85
39092.73,39375.53,39242.94,41311.64
38582.25,38638.97,38830.0,40648.68
38187.59,37943.25,38360.2,40023.03
38197.97,37313.33,37968.61,39438.066
37786.87,37007.26,37961.36,39385.902
37600.1,36691.57,37588.02,39029.996
37752.9,36352.473,37396.17,38672.312
37623.29,36112.312,37534.05,38381.297
37386.85,36062.562,37537.04,38244.895
37507.06,36026.58,37589.32,38100.45
37323.46,36053.95,37528.89,38029.43
37594.62,36187.875,37190.86,38060.117
37653.24,36501.137,37959.77,38241.496
37817.88,36857.273,38437.17,38471.438
38178.04,37251.527,38164.55,38765.234
38055.95,37726.74,37895.44,39157.57
38153.85,38468.58,38576.12,39761.77
38468.65,39097.38,38630.94,40314.332
38678.34,39713.188,38516.52,40897.97
39100.07,40357.465,38423.78,41532.605
39455.55,41193.52,38550.73,42309.812
40053.42,41964.996,38880.43,43059.754
40297.03,42705.848,39182.81,43797.08
40955.05,43466.965,39281.15,44548.207
41301.12,44383.023,40058.04,45383.625
41505.84,45228.516,40568.45,46181.8
41929.71,45980.93,41010.12,46907.844
43335.59,46621.203,41405.83,47540.594
44349.15,47624.867,41976.07,48483.684
44976.95,48073.668,43120.38,48851.69
45815.58,48561.523,43989.27,49301.09
46414.86,48962.914,44674.86,49673.855
47049.56,49442.9,44810.0,50067.04
47924.799999999996,49846.062,45319.09,50429.816
48669.810000000005,50158.37,45826.26,50715.523
48946.66,50409.844,46647.16,50945.082
49565.31,50731.062,47635.52,51189.375
50074.65,50955.812,48524.1,51397.164
50629.030000000006,51107.52,48971.1,51523.168
50846.509999999995,51165.688,49442.77,51559.848
51763.50000000001,51300.26,50612.44999999999,51635.516
52222.45,51428.74,51387.89,51738.402
52234.97,51603.535,51879.65,51872.195
52014.91,51735.59,51671.11,51977.04
52146.18,51842.824,51389.08999999999,52064.906
52040.08000000001,51934.17,51251.37,52143.496
51078.0,51989.926,50644.94000000001,52189.117
50273.56,51998.137,50150.07,52201.19
49979.97,51902.883,49434.62000000001,52151.195
49446.10999999999,51828.367,48455.76000000001,52129.03
49151.71,51752.605,48326.73000000001,52086.867
48856.590000000004,51663.42,47777.94,52033.64
48713.24999999999,51558.09,47358.51,51952.85
48164.49,51537.84,47254.32,51914.355
47859.81,51534.52,47324.65,51866.23
48157.95,51494.68,47057.49,51779.18
47467.96,51370.38,47643.56,51608.543
47091.41,51456.188,47271.67,51589.676
46984.24,51480.895,47064.44,51532.625
47414.7,51524.086,46974.63,51500.6
47239.02,51544.18,47633.61,51460.027
47175.41,51758.46,47449.2,51586.656
47282.27,51983.53,47765.1,51754.492
47645.01,52194.832,48423.130000000005,51932.01
47921.53,52338.953,49030.6,52067.023
48871.35999999999,52567.355,49161.88,52293.71
49428.62,52802.816,49693.79,52541.992
50246.52,53091.406,50674.28,52832.555
50942.11,53291.195,51571.55,53049.562
52070.78,53540.8,52186.33999999999,53325.297
53183.36,53735.473,53390.37,53554.703
54082.93,53986.57,53579.619999999995,53824.234
54081.64,54195.88,54080.28,54043.836
53683.30000000001,54344.168,53580.200000000004,54204.46
52671.09,54347.56,53233.98,54230.492
52427.18,54272.02,52776.280000000006,54188.93
51627.38999999999,53953.887,52319.1,53938.62
51218.32000000001,53607.43,51287.200000000004,53640.035
50383.98,53175.13,50437.01,53253.18
49694.48000000001,52751.633,49592.869999999995,52863.594
49158.850000000006,52176.754,49431.6,52353.63
49084.2,51539.246,49104.84,51772.176
48684.31,50921.25,48648.619999999995,51202.176
48625.97,50408.19,48610.57000000001,50720.227
48296.6,49845.9,48878.51,50215.23
47621.19,49274.69,48244.71000000001,49680.906
46758.77,48718.36,47420.5,49157.758
46123.61,48158.035,46713.4,48636.707
45232.02,47491.688,45246.93,48117.188
44207.48,46789.453,44020.27,47459.59
43880.53,46119.71,43181.65,46844.188
43108.37,45416.74,42564.74,46197.93
42390.34,44805.016,42162.98,45649.89
41976.38,44076.78,41557.45,44969.016
41448.31,43392.953,41342.61,44333.17
41038.59,42790.74,41021.71,43746.113
40619.46,42255.76,40758.61,43226.062
40263.86,41669.793,40482.95,42626.97
40134.02,41140.594,40220.05,42077.055
40114.77,40675.305,40211.82,41569.38
39546.7,41602.484,39901.87,42195.86
39360.62,42081.484,39684.17,42401.48
39208.58,42304.586,39406.8,42428.785
39172.01,42474.78,39672.36,42438.145
39321.39,42716.973,40083.01,42497.766
39330.96,42898.87,40201.42,42528.57
39577.03,43168.13,40228.53,42669.49
40282.11,43443.305,40247.92,42861.832
40529.72,43980.48,41029.33,43254.11
41306.59,44561.887,41713.16,43709.977
42275.38,45134.31,42104.42,44229.562
44169.06,45795.688,42815.6,44863.523
45036.09,46729.816,44789.32,45694.06
46220.47,47808.574,46353.14,46668.824
48467.1,48806.22,47913.46000000001,47648.14
52375.0,49777.86,50013.85999999999,48663.926
54832.5,51184.89,53691.12,50020.375
56352.86,52887.406,56096.26000000001,51558.63
58732.329999999994,54562.26,58289.66,53102.87
61649.46000000001,56012.58,60312.67,54505.91
62531.3,57773.266,62472.78,56129.996
63150.02999999999,59547.12,63491.08,57743.926
63787.0,60983.27,64396.04,59126.895
64651.02,62124.81,65013.77,60287.36
64974.94000000001,62600.215,65700.49,61195.008
65272.159999999996,63415.016,65787.41,62144.867
65202.37000000001,64086.39,66140.3,62990.07
64449.55,64606.93,66768.11,63707.973
64456.15,65190.348,66631.87,64503.65
64965.93,65509.254,66736.65,65082.09
64909.15,65718.47,67155.48,65552.65
64962.229999999996,65890.22,67456.77,65960.51
64808.78,66237.664,67266.42,66551.5
65055.88,66422.54,67654.8,66941.02
65560.43,66435.81,67753.76,67145.05
65826.63,66374.516,68089.8,67237.55
66233.6,66592.74,68034.17,67590.01
66232.39,66662.42,68332.77,67729.88
66387.71,66667.99,68121.07,67767.44
66424.14,66561.92,67895.43,67683.78
66280.29,66655.12,67547.6,67818.49
66270.36,66593.04,67539.07,67748.81
66151.4,66438.82,68161.39,67579.87
66593.22,66254.42,68470.75,67386.55
66279.72,66207.9,68777.19,67383.57
66172.63,66116.0,68458.03,67263.59
65620.75,65960.19,67430.19,67082.03
65370.02,65796.625,67110.34,66882.16
64897.4,65683.62,66671.72,66801.78
64504.05,65508.355,66082.53,66600.23
64317.73999999999,65302.816,65639.63,66357.7
64323.23999999999,65088.332,65251.80999999999,66091.41
63828.69,64934.625,65190.829999999994,65913.49
63537.12,64802.52,65167.4,65698.35
62891.84,64649.992,64890.05999999999,65456.027
62669.22000000001,64548.918,64375.19,65264.176
62470.31,64403.746,64663.78,65077.645
62241.68,64318.016,63867.34,64936.715
62174.45,64298.18,63638.48,64874.242
62602.38,64312.848,63269.0,64866.52
63035.12,64325.55,63481.31,64878.047
63370.62,64403.176,63499.19,64951.99
63595.33,64517.855,63671.42,65066.383
63874.78,64639.875,64101.23,65193.94
64064.78,64675.582,65384.35999999999,65246.12
65206.54,64640.65,66127.51,65246.953
66724.71,64560.6,67056.6,65202.863
67574.25,64581.637,67752.99,65235.473
67299.13,64549.195,66992.55,65176.29
67187.06,64520.08,66255.46,65136.766
66641.64,64349.105,65643.79,64987.31
65112.64,64132.125,65440.35,64800.617
63861.99,63634.914,65070.72000000001,64296.625
62735.66000000001,63001.027,63969.08,63712.566
61825.23999999999,62303.273,62727.75,63066.97
60677.74,61581.688,61675.64,62401.848
59772.12,60642.43,59784.97,61486.332
58877.37000000001,59732.707,59250.59999999999,60631.4
57867.15,58868.184,58125.28999999999,59805.316
56802.15,58055.02,57256.48,59025.258
55930.04,57054.39,57131.85,58029.027
54645.36,56112.246,56308.270000000004,57124.977
53568.520000000004,55228.688,55026.91,56278.39
51904.2,54354.805,54267.42,55457.04
51018.07,53543.86,53205.969999999994,54711.75
50076.93,52500.426,52358.06,53748.473
49332.27,51631.12,51628.770000000004,52960.633
48164.12,50852.63,50491.63,52240.004
47804.51999999999,50042.785,49296.28,51456.152
47523.39,49258.445,48743.76,50719.47
46867.59,48657.684,48395.79,50119.63
46199.7,48210.36,47809.869999999995,49623.816
45839.86,47764.215,46771.4,49080.258
45790.85,47366.918,46404.47,48580.92
45735.8,47095.52,46148.25,48174.69
45252.51,46974.184,45774.01,47874.17
45198.61,46969.668,45473.13,47667.574
45104.4,46904.37,45243.76,47441.44
45026.69,46870.22,45224.99,47262.113
45372.29,46860.01,45103.37,47118.15
45581.45,46962.703,45287.15,47038.13
46052.43,47156.055,45606.02,47044.57
46159.51,47422.637,45680.59,47149.73
46729.96,47794.594,45835.91,47373.25
47228.26,48318.1,46585.03,47725.855
47735.13,48884.49,47167.95,48151.113
48628.42,49496.64,47863.79,48668.48
49703.52,50125.066,48346.73,49254.812
50400.17,51008.367,49629.05,50044.426
51764.15,51891.29,50533.41,50877.78
53485.84,52719.098,51710.29,51727.027
56841.049999999996,53633.066,53288.53,52664.55
58666.87,54919.082,56497.54000000001,53886.88
60335.74,56467.26,58854.78,55307.656
61802.420000000006,57925.332,60596.09,56701.664
63801.05000000001,59284.145,62304.04,58036.95
64685.27,60812.527,64233.41,59519.73
65250.15,62251.582,65417.020000000004,60930.184
65622.54,63451.09,65898.56,62165.742
65943.24,64415.86,66044.51,63213.445
66338.35,64690.51,66549.19,63914.766
66579.98,65399.08,66843.79,64799.742
66962.22,65966.57,67073.89,65567.086
66466.55,66393.516,67001.0,66201.84
66664.98,67046.12,66272.11,67024.51
67047.64,67431.766,66824.69,67638.36
67155.85,67699.055,67268.57,68121.52
67017.23,67873.93,67192.76,68488.45
67247.79,68299.58,66894.52,69071.77
67435.94,68461.02,67061.29,69417.91
67786.82,68509.54,67402.14,69617.46
68116.19,68451.02,67553.86,69676.16
68784.3,68719.55,67839.96,70009.234
69146.41,68764.016,68537.65,70111.625
69479.11,68782.15,68864.18,70140.87
69105.19,68747.04,68862.5,70089.76
68824.59,69004.8,68182.66,70307.17
68573.1,68938.52,67851.64,70227.125
68175.25,68782.445,67829.7,70056.84
67964.31,68551.31,68034.94,69807.27
67552.39,68492.07,68570.14,69741.445
66899.06,68254.375,68434.35,69500.28
66261.51,67982.69,67926.12,69219.62
65848.16,67665.836,67044.79,68898.91
65852.65,67524.89,66344.15,68780.7
65974.71,67194.766,66376.79,68448.234
65532.37000000001,66914.75,66294.05,68129.27
65857.74,66703.38,66113.49,67844.914
65508.38,66634.2,65999.22,67730.66
65102.59,66537.71,65747.08,67538.914
64611.740000000005,66440.32,65483.09,67348.72
64649.24,66367.52,64834.55,67198.75
64533.39,66361.94,64348.66999999999,67159.35
64521.45999999999,66354.914,63816.31999999999,67108.53
64386.31,66389.055,63782.740000000005,67110.94
64748.66,66443.47,63534.48,67149.766
65038.38,66525.37,63439.71,67241.26
65523.6,66572.16,63533.38,67302.47
66081.23,66611.4,63707.39,67367.22
66078.45,66655.61,64178.65,67440.97
66793.35,66698.02,64644.27999999999,67508.99
67909.67,66603.97,65500.57,67470.21
68961.85,66534.19,66791.15,67442.34
69208.71,66556.34,67344.65,67475.445
68667.74,66482.88,67638.7,67381.77
68216.95,66378.195,67238.83,67277.76
67533.18,66154.03,66747.66,67067.1
66159.28,65866.22,66380.1,66792.07
64764.99,65251.73,65846.34,66176.234
63731.45,64525.21,64784.45,65487.18
62653.530000000006,63690.08,63632.3,64696.92
61388.28,62830.906,62500.42,63876.6
60233.119999999995,61679.625,61324.71,62756.996
58936.48,60584.492,60337.50000000001,61707.777
58120.46,59544.96,59082.14000000001,60713.367
57663.409999999996,58554.37,58308.61000000001,59771.547
56719.21,57412.473,57547.98,58664.574
55230.55,56504.098,56511.94,57777.383
54219.01,55670.695,55079.57,56972.95
52561.31,54850.023,53961.13,56197.902
51211.79000000001,53921.094,52734.18,55278.688
50445.0,52952.91,51825.270000000004,54320.406
49642.030000000006,52051.406,50879.55,53441.758
48694.03,51283.938,50052.27,52676.93
48079.51,50444.45,49310.560000000005,51817.92
47801.78,49738.984,48918.21,51070.164
47263.08,49169.633,48216.56,50445.95
46474.12,48741.188,47642.87,49928.508
46208.55,48307.312,46667.2,49382.652
46041.58,47909.973,45994.13,48859.32
45715.03,47626.37,45861.52,48435.15
45173.93,47436.137,45540.26,48083.246
45316.24,47233.547,45066.9,47597.586
45566.96,47150.48,44837.42,47320.312
45560.38,47139.19,44851.33,47122.902
45500.43,47190.523,45059.92,46986.125
45946.47,47363.062,45359.35,46928.156
46368.62,47523.008,45587.26,46886.363
46794.82,47807.89,45500.37,46975.52
47030.43,48172.84,45861.82,47162.824
47235.43,48759.33,46567.03,47526.02
47994.55,49323.4,46758.29,47928.2
48516.87,49900.15,47284.42,48405.996
50082.76,50583.285,47924.469999999994,49011.387
50409.41,51465.867,50073.659999999996,49804.26
51448.89,52472.668,51175.72,50725.77
53058.85999999999,53378.207,52378.99,51634.28
56806.42,54299.7,54042.759999999995,52598.562
59150.99,55537.832,57283.97,53830.656
60647.80999999999,57085.375,59775.95999999999,55290.855
62004.97,58615.812,61755.04,56756.355
64439.83,59971.824,63398.44,58099.695
65611.42,61436.87,65655.91,59532.145
66382.76,62897.406,67047.11,60932.918
67215.15,64120.65,67599.03,62147.215
67903.42,65102.734,67883.03,63154.688
68525.65,65455.957,68154.4,63802.18
68693.7,66242.81,68491.88,64636.418
68830.59,66898.4,68801.52,65368.2
68772.58,67395.45,68771.34,65951.43
69032.53,68095.59,68256.31,66713.98
69341.52,68569.445,68512.4,67286.43
69354.9,68919.586,68754.89,67740.64
69372.38,69178.195,68928.91,68102.02
69752.66,69671.5,69206.62,68676.695
69949.71,69943.16,69196.15,69050.77
70299.06,70137.19,69234.24,69328.97
70380.41,70205.516,69592.73,69479.88
70632.46,70550.05,69948.93,69870.46
70715.03,70642.11,70473.33,70024.78
70477.28,70640.695,70474.9,70068.266
69920.13,70546.766,70295.17,70012.625
69273.21,70645.82,69607.48,70149.08
69695.83,70442.62,69388.12,70005.06
69801.69,70105.7,69597.98,69733.24
69390.03,69815.27,69386.1,69477.234
69490.59,69733.87,69328.79,69427.67
69369.64,69425.92,68751.62,69157.695
68856.33,69144.15,68453.48,68890.625
68545.73,68837.63,67914.04,68589.836
68224.89,68671.46,67404.83,68460.266
67176.77,68375.05,67172.49,68179.84
67277.27,68099.836,67034.21,67910.516
67048.26,67774.79,66738.31,67610.65
66612.16,67654.19,66604.34,67506.12
66013.6,67526.086,65867.7,67371.64
65461.590000000004,67416.82,65774.64,67255.57
65598.93,67312.64,65137.53,67152.836
65647.82,67232.2,65258.09999999999,67097.5
65248.28,67191.75,64803.299999999996,67063.04
65410.53,67218.65,64753.11000000001,67084.35
65490.44000000001,67213.875,64616.9,67090.99
65220.36,67204.95,64665.020000000004,67098.84
65345.25,67177.02,64840.85,67103.41
65768.84,67109.4,65278.0,67081.71
65574.21,67047.81,65683.15,67065.06
66238.49,66942.34,66031.37,67006.59
67413.49,66756.21,66906.58,66887.41
68190.01,66628.48,68218.54,66804.06
68185.8,66620.79,68692.47,66806.6
67786.28,66472.18,68939.09,66662.266
67527.92,66274.91,68318.33,66495.336
67147.66,65982.016,67931.56,66233.375
65903.03,65659.17,67534.76,65929.6
64910.31,65014.36,66369.14,65300.03
64142.6,64267.49,64976.17,64603.97
62814.93,63459.375,63650.280000000006,63843.566
61326.58999999999,62640.15,62917.23,63057.785
60700.71,61456.992,61831.77999999999,61929.707
59702.19,60316.594,60732.83,60871.973
58357.17,59301.78,59993.28,59919.14
57327.18,58361.89,59154.340000000004,59033.28
56709.82,57169.504,58272.64000000001,57904.742
55772.52,56163.9,57326.090000000004,56962.625
54468.95,55284.746,55778.92,56130.19
53065.03999999999,54485.41,54515.65,55371.348
52077.26,53567.027,52658.03,54501.086
51155.33999999999,52583.36,51522.9,53530.977
49809.56999999999,51676.62,50614.79,52635.164
48960.04000000001,50842.76,49538.799999999996,51802.758
48338.219999999994,49848.055,48430.85,50834.9
47982.10999999999,48992.824,48129.69,49981.9
47367.33,48262.13,47681.62,49240.29
46769.77,47664.496,47311.72,48600.164
46307.34,47060.203,46515.99,47937.836
46533.12,46565.754,46158.06,47362.81
46108.11,46157.305,45925.21,46875.86
45903.94,45928.07,45237.88,46523.2
45993.25,45531.65,44883.0,45920.03
45801.19,45594.84,44630.97,45786.883
45648.52,45762.94,44769.79,45738.03
45735.44,45929.973,44752.24,45745.555
45873.43,46177.434,44906.21,45817.754
45950.97,46478.45,45020.27,45967.97
46039.66,46824.26,44808.88,46208.832
47003.4,47189.258,44972.58,46512.76
47276.67,47697.83,45563.92,46928.74
47568.75,48362.19,46241.35,47497.355
48177.909999999996,49014.758,46967.09,48123.81
49674.59999999999,49643.4,47519.68,48789.496
50439.12,50527.65,49245.66,49643.223
51109.29,51547.434,50300.079999999994,50627.156
52717.26000000001,52523.91,51176.57,51631.97
55821.47,53437.54,52756.11000000001,52630.918
57977.52,54756.363,56296.08,53930.1
59695.19,56345.92,58389.84,55420.016
61485.44,57935.535,60579.19,56922.875
63873.939999999995,59433.586,62280.22000000001,58371.883
65115.57,61102.61,64340.92,59964.895
65921.46,62723.426,65558.52,61490.73
66132.9,64094.84,66324.94,62824.38
66579.07,65202.133,67012.43,63949.395
67313.27,65647.695,67431.15,64703.46
67564.15,66225.42,67528.5,65418.78
67630.85,66741.13,67849.0,66080.78
67233.19,67122.49,67858.67,66606.85
67713.56,67661.91,67832.82,67263.336
68098.06,67959.74,68129.77,67705.97
67948.4,68212.18,68749.72,68079.99
68254.04,68395.25,68786.21,68368.76
68395.31,68755.03,68275.72,68812.73
68647.06,68975.82,68543.97,69107.28
68938.11,69083.5,68952.76,69269.1
68691.33,69103.19,69275.29,69319.85
69094.09,69374.766,69244.27,69588.28
69516.89,69399.945,69399.82,69611.34
69451.52,69375.1,69737.6,69542.734
68984.48,69311.195,69835.97,69404.17
68853.24,69406.01,69547.12,69429.76
68870.18,69252.73,69325.42,69222.125
68640.16,69005.25,69275.15,68902.016
68559.73,68716.375,69642.72,68535.5
68237.26,68607.4,69593.95,68377.195
68135.73,68346.22,69397.15,68048.38
67990.86,68035.15,69031.0,67669.41
67512.3,67742.016,68378.38,67315.83
67234.39,67593.94,67742.76,67121.484
66640.01,67339.734,67080.43,66827.97
66565.05,67106.85,66937.12,66559.266
66417.9,66882.37,66458.6,66309.4
66237.88,66793.38,66118.88,66204.22
65515.18,66725.28,65461.02999999999,66106.28
64633.33,66692.23,64984.96,66048.3
64512.19,66642.98,64622.35,65994.195
64104.04,66528.69,65110.95,65915.016
64154.28,66458.53,64751.25,65870.67
63978.96,66390.2,64428.95,65841.24
64293.81,66370.61,64212.869999999995,65851.93
64184.68000000001,66293.95,64535.18000000001,65820.05
64688.03999999999,66224.33,64754.19,65804.6
64988.42,66114.875,65112.36,65766.36
65156.27,66053.2,65589.83,65768.68
65793.57,65905.21,67000.44,65686.93
67055.89,65756.625,68247.78,65617.78
67552.53,65668.37,69764.04,65591.12
67798.39,65719.516,70285.29,65661.98
67096.18,65584.766,70481.99,65533.84
66633.46,65474.16,69632.27,65439.2
66070.38,65237.883,69134.46,65222.523
65045.38,64961.965,68449.79,64951.395
63835.65000000001,64358.32,66657.08,64340.867
63093.61,63706.566,65409.29,63704.535
62133.49,62955.008,64369.399999999994,62968.434
60794.41,62199.527,63497.189999999995,62220.594
60127.82000000001,61127.75,61596.880000000005,61159.906
58972.850000000006,60089.336,60381.2,60161.652
58118.06999999999,59138.777,59553.38,59236.344
57244.55,58200.88,58374.93,58338.625
56277.67999999999,57083.957,57757.12000000001,57284.695
55278.98999999999,56096.004,56330.67,56352.734
54082.74999999999,55173.508,54920.05,55485.02
52612.08000000001,54303.383,54171.73,54675.496
51546.829999999994,53369.887,52878.9,53876.688
51012.16,52390.926,51655.689999999995,52916.207
50330.52,51453.848,50929.92999999999,52027.574
48927.41,50647.188,50171.19,51245.746
48215.36,49827.86,48340.76999999999,50456.81
47918.23,48990.93,47741.48,49656.062
47531.53,48312.47,47188.73,48995.277
46840.29,47814.387,46805.53,48465.457
46299.91,47425.773,46089.45,48012.24
46107.33,47056.31,45619.05,47573.406
45633.23,46784.383,45443.53,47233.055
45208.2,46603.848,45222.59,46973.66
45101.15,46210.46,44878.61,46381.68
45152.68,46210.633,44815.5,46181.918
45028.62,46296.688,44749.87,46049.47
44991.98,46485.73,44608.82,46036.105
45134.4,46816.31,44603.14,46130.176
45173.24,47112.715,44511.52,46244.836
45534.14,47466.918,44427.93,46445.598
46130.67,47833.27,44606.74,46706.586
46475.23,48424.812,44589.81,47138.285
46914.25,49014.695,44803.09,47630.566
47381.92,49574.887,45800.81,48160.17
48703.49,50135.27,46764.33,48742.145
49679.98,50867.062,48120.30999999999,49467.145
50801.56,51686.09,49252.15,50289.293
52391.7,52498.496,50471.32,51148.918
55948.02999999999,53329.082,52199.05,52056.312
58052.86000000001,54420.543,55707.049999999996,53162.14
59922.35,55788.812,58349.87999999999,54450.203
61732.530000000006,57126.62,60594.19,55730.96
63939.13,58462.375,62299.58000000001,57016.164
65211.41,59947.305,64371.73,58434.97
65542.65,61419.344,65930.28,59823.03
65850.87,62741.93,67063.71,61099.63
66629.03,63793.58,67683.52,62170.6
67218.05,64404.242,68451.83,63087.195
67390.74,65052.74,68846.28,63852.85
67891.66,65624.63,69050.2,64538.566
67978.47,66059.13,68846.33,65084.504
68252.03,66700.5,68200.37,65806.02
68940.02,67120.83,68052.26,66295.12
69027.29,67424.9,68375.14,66658.266
68759.29,67689.81,68440.49,66955.414
68717.3,68178.695,67877.21,67464.414
69008.84,68367.445,67826.93,67683.11
69347.04,68426.33,68348.08,67768.57
68935.97,68437.52,68429.43,67788.3
69929.47,68754.37,68452.08,68106.94
70409.47,68735.22,68399.1,68110.26
70572.96,68763.15,69140.78,68108.305
70477.2,68788.12,69335.73,68090.414
70327.73,69058.48,68470.13,68353.13
70051.09,69041.71,67804.54,68341.45
69427.48,68904.51,67626.68,68217.805
69101.48,68671.484,66897.07,68019.45
68480.75,68595.11,66398.88,68035.586
67581.24,68304.98,65727.12,67828.83
66754.82,67953.39,65240.5,67553.91
65772.62,67540.305,64416.80000000001,67223.43
65606.99,67249.875,64185.1,67063.195
65447.57,66749.02,63796.45,66683.266
64821.38,66342.92,63320.08,66333.42
64783.19,66031.77,63057.4,66021.43
64272.72,65798.69,63336.37,65816.11
63932.93,65568.53,62782.2,65553.625
63754.75,65349.758,62528.62000000001,65292.293
63919.0,65173.617,62088.12,65072.117
63203.869999999995,65070.918,62217.67999999999,64934.42
62675.86000000001,65014.656,62130.2,64812.426
62905.0,64895.36,61774.79,64669.176
62892.23,64767.86,61883.29,64549.812
63053.85,64623.83,62047.57,64417.066
63359.48,64484.734,62244.01000000001,64302.2
63765.32000000001,64391.277,62568.630000000005,64235.22
64757.91000000001,64343.54,62958.05,64208.22
65564.82,64197.38,63780.340000000004,64090.3
66527.72,64188.477,64921.34999999999,64080.957
67277.93,64234.63,66021.29,64104.164
67296.2,64351.367,66086.03,64171.16
66386.5,64281.273,66782.43,64049.137
66091.83,64224.02,66143.09,63944.793
65609.01,63992.176,65896.66,63696.08
63331.71,63754.402,64851.17,63425.906
62040.74,63231.824,63711.52,62858.414
60691.62,62546.785,62485.03,62180.605
59716.97,61790.977,61664.700000000004,61433.527
58599.14,60968.24,60174.4,60623.188
57097.82000000001,59867.383,58651.36,59568.113
55681.31,58883.77,57603.25000000001,58626.07
54851.88,57864.816,56296.810000000005,57670.97
53996.75,56851.0,55492.439999999995,56736.785
53274.03999999999,55635.734,55289.19,55659.56
52190.36,54630.61,54342.16,54752.04
51334.87999999999,53713.152,53720.25,53928.83
50575.97000000001,52824.95,53243.2,53146.906
49675.49999999999,51657.992,51451.36,52260.742
48994.079999999994,50776.9,50124.36,51468.066
47992.990000000005,49931.934,49009.44,50727.234
45906.94,49152.99,48465.39000000001,50034.996
45324.74,48178.2,47960.49,49234.676
45073.83,47128.062,47295.94,48359.066
44504.65,46247.875,46794.23,47630.152
43795.75,45569.8,46347.43,47017.996
43339.65,44877.793,45630.83,46418.152
43041.66,44282.562,45092.33,45834.383
42715.37,43813.055,45276.74,45343.375
42319.83,43481.906,44813.14,44960.41
42076.64,42819.29,44107.38,44633.598
41702.87,42241.24,44103.69,43936.184
41745.6,41990.973,43709.93,43527.71
41754.47,41845.223,43795.55,43209.36
41573.12,41874.086,43724.72,43027.867
41627.4,41979.21,43345.28,42898.902
41676.75,42108.676,43381.86,42823.152
42152.92,42325.594,43469.88,42845.95
42624.11,42681.83,43647.2,42980.35
42696.31,43119.69,43829.36,43203.918
42879.05,43614.715,43989.41,43510.473
43101.71,44088.48,44176.64,43862.426
43272.03,44707.125,44581.52,44328.56
43252.68,45300.395,44743.58,44835.152
43831.27,45861.332,44939.71,45363.41
44908.33,46384.758,45374.07,45907.4
45593.13,47200.86,46263.64,46634.977
46225.99,48066.06,46826.48,47433.29
46795.95,48905.383,47413.92,48240.242
48152.91000000001,49724.95,47993.64,49046.195
48879.79,50721.582,48972.62,49950.934
49800.13,51736.062,49583.270000000004,50885.96
50176.670000000006,52657.434,50766.86000000001,51754.156
50347.060000000005,53513.324,51280.99,52569.844
50832.649999999994,54330.48,51990.600000000006,53457.92
51620.71,54734.21,52298.71000000001,53911.105
52230.649999999994,55088.7,53559.03,54337.004
53091.02,55439.984,54346.85999999999,54726.457
53625.48,55932.715,55276.74,55183.176
54298.23,56324.69,55804.28,55583.156
54851.76,56617.617,55952.89,55890.78
55423.1,56839.043,56179.700000000004,56132.67
56032.83,57205.438,55852.76,56485.438
56227.77,57451.97,56054.19,56777.28
56231.97,57645.9,55786.3,57012.598
56047.37,57769.195,55952.45,57191.48
55981.55,58000.45,56458.2,57478.598
56554.31,58070.594,56741.73,57653.918
56395.41,58072.26,56608.99,57750.22
56446.75,58109.598,56674.63,57851.613
55873.14,58258.617,56461.51,58063.94
55294.2,58313.41,56115.46,58207.496
55094.259999999995,58246.2,55946.79,58226.527
54984.91,58095.79,55831.73,58164.254
54694.03999999999,58069.3,55928.35,58207.133
54439.32000000001,57979.95,55628.5,58183.348
53938.030000000006,57821.65,54517.810000000005,58067.297
53723.68,57649.195,54211.91,57916.945
53585.229999999996,57518.516,53899.11,57812.207
53044.99999999999,57349.34,53884.78,57642.06
52686.17,57175.734,53300.57,57429.164
52612.64,56968.445,53159.78,57180.406
52308.23,56788.117,52805.48000000001,56966.47
52333.59,56635.715,52352.16,56757.11
52023.13,56507.996,52220.18,56570.79
52098.770000000004,56448.492,51635.52999999999,56445.527
52045.60999999999,56367.1,51858.24,56316.113
52376.08,56335.035,51929.96,56226.453
52527.04,56325.77,51989.39,56173.8
53160.44,56377.0,52226.94,56181.19
53448.23,56386.984,52097.33,56155.75
53891.8,56461.047,52422.240000000005,56192.074
54466.479999999996,56531.645,52757.69,56242.38
55793.75,56614.402,53677.700000000004,56316.28
56086.63,56646.625,54915.1,56342.117
57197.44,56799.145,56289.19,56466.527
57458.48,56892.355,57297.51,56542.223
56628.1,57026.406,57261.18,56648.734
56313.68,56986.78,57020.950000000004,56601.516
55871.00000000001,56826.668,56102.68000000001,56462.027
55121.87000000001,56592.336,55586.729999999996,56247.312
53920.88,56300.266,55132.17,55964.22
52697.44000000001,55738.586,54126.55,55445.742
51749.61,55139.48,52969.37,54885.684
51034.200000000004,54447.312,52033.68000000001,54239.336
50039.280000000006,53736.145,51110.28999999999,53574.273
49531.79000000001,52896.41,50916.46,52820.26
48730.4,52086.918,50434.81,52067.375
48283.52,51300.152,49751.84,51327.25
48201.63999999999,50539.47,49207.02,50625.574
47587.81,49723.285,49580.520000000004,49941.957
46860.72,49062.594,48844.07,49336.047
46225.79,48395.984,48042.60999999999,48727.99
45370.94,47734.477,47250.06,48133.14
44453.49,46700.824,46608.65,47432.547
43703.18,45912.773,45811.67,46751.688
42707.08,45137.227,45341.61,46092.004
41011.26,44355.574,44591.64,45444.527
40495.82,43415.504,43239.71,44744.777
40166.94,42365.977,42461.9,43909.51
39395.56,41390.824,42212.97,43142.234
39242.94,40513.77,41407.64,42429.22
38830.0,39605.605,40803.51,41727.43
38360.2,38800.234,40365.85,41037.355
37968.61,38059.598,39932.22,40390.33
37961.36,37387.516,39216.08,39791.727
37588.02,37049.992,38193.14,39734.047
37396.17,36719.01,38047.08,39364.516
37534.05,36346.066,37844.7,38979.355
37537.04,36077.875,37811.07,38675.742
37589.32,36004.535,37966.99,38526.746
37528.89,35984.734,37930.85,38387.387
37190.86,36056.062,37753.57,38335.723
37959.77,36205.684,37341.6,38363.1
38437.17,36497.71,37037.8,38516.07
38164.55,36930.215,37094.65,38779.17
37895.44,37453.996,38124.61,39144.945
38576.12,37954.35,38008.1,39543.43
38630.94,38602.406,38401.34,40079.746
38516.52,39295.242,38393.57,40668.984
38423.78,39957.094,38182.29,41279.2
38550.73,40584.59,38179.62,41896.707
38880.43,41390.023,38039.88,42644.746
39182.81,42100.37,38100.55,43355.85
39281.15,42807.01,38889.71,44069.668
40058.04,43488.754,38486.64,44766.613
40568.45,44349.043,39051.39,45561.49
41010.12,45181.79,39500.17,46352.22
41405.83,45983.336,39353.58,47114.92
41976.07,46694.047,39806.74,47791.406
43120.38,47691.156,41001.36,48694.996
43989.27,48035.227,41651.49,48971.01
44674.86,48476.168,42643.53,49361.37
44810.0,48876.92,43252.53,49695.14
45319.09,49346.715,44403.88,50030.152
45826.26,49669.734,44922.59,50294.812
46647.16,49913.395,45980.68,50492.316
47635.52,50060.33,46869.0,50605.734
48524.1,50309.195,47625.13,50754.58
48971.1,50596.29,48432.71,50974.79
49442.77,50832.645,48899.64,51151.26
50612.44999999999,50961.87,48936.32000000001,51244.242
51387.89,51134.65,49852.68,51363.715
51879.65,51420.57,50120.35,51602.656
51671.11,51665.332,50425.17,51799.125
51389.08999999999,51838.32,50822.66000000001,51935.793
51251.37,51952.406,51051.81,52023.164
50644.94000000001,52029.34,51585.560000000005,52103.6
50150.07,52043.297,51982.009999999995,52122.066
49434.62000000001,51963.223,51925.15,52062.645
48455.76000000001,51860.727,52136.53,51987.3
48326.73000000001,51808.21,52073.87,51964.766
47777.94,51661.914,51505.32,51859.645
47358.51,51570.32,50946.93,51786.652
47254.32,51430.746,50396.32000000001,51667.883
47324.65,51412.758,49761.12,51637.363
47057.49,51401.504,49306.31999999999,51590.785
47643.56,51429.023,48660.12,51555.227
47271.67,51391.33,48097.369999999995,51458.14
47064.44,51564.37,47921.39,51523.73
46974.63,51693.953,48033.66999999999,51568.79
47633.61,51822.625,48144.00000000001,51627.523
47449.2,51901.22,48058.33,51652.98
47765.1,52176.082,48014.19,51853.21
48423.130000000005,52410.16,47941.310000000005,52043.582
49030.6,52673.227,47700.49,52270.668
49161.88,52938.453,47903.98,52496.78
49693.79,53279.48,48085.91,52811.43
50674.28,53550.207,48649.409999999996,53086.004
51571.55,53806.484,49552.51,53356.71
52186.33999999999,54073.93,51262.780000000006,53623.734
53390.37,54359.844,53028.840000000004,53920.387
53579.619999999995,54613.246,54653.73,54194.684
54080.28,54903.137,55408.47,54498.21
53580.200000000004,55012.15,56243.62000000001,54641.793
53233.98,55102.85,55987.65000000001,54763.383
52776.280000000006,55048.297,55646.65000000001,54750.766
52319.1,54920.195,54987.22,54662.324
51287.200000000004,54642.918,54545.96,54432.402
50437.01,54281.21,53975.95,54114.227
49592.869999999995,53813.41,53437.24,53699.316
49431.6,53304.23,52603.27,53242.094
49104.84,52687.074,52367.68000000001,52692.27
48648.619999999995,52083.78,51216.380000000005,52130.1
48610.57000000001,51503.934,50133.05,51587.203
48878.51,50947.625,49358.52,51067.38
48244.71000000001,50427.91,48967.16999999999,50590.992
47420.5,49901.75,48753.49,50079.41
46713.4,49332.297,48340.21,49540.15
45246.93,48739.355,48065.82,48988.332
44020.27,48025.047,48321.16,48408.25
43181.65,47166.047,47739.89,47618.99
42564.74,46325.28,46939.97,46856.62
42162.98,45512.305,46175.07,46114.574
41557.45,44725.94,45431.05,45421.54
41342.61,43912.09,44672.35,44655.383
41021.71,43156.062,44085.61,43939.062
40758.61,42502.492,43560.88,43291.527
40482.95,41980.496,43691.99,42765.38
40220.05,41386.58,43811.07,42129.164
40211.82,40868.668,43496.73,41559.785
39901.87,40428.527,43313.47,41055.91
39684.17,41374.996,43068.58,41721.062
39406.8,41758.96,42772.11,41862.664
39672.36,41985.223,42749.16,41899.5
40083.01,42149.34,42656.3,41919.754
40201.42,42491.883,42611.7,42066.586
40228.53,42830.754,42524.39,42216.117
40247.92,43200.01,42660.17,42433.324
41029.33,43564.168,43028.32,42701.8
41713.16,44149.98,43233.03,43159.15
42104.42,44787.152,43456.59,43672.97
42815.6,45483.17,43504.83,44287.715
44789.32,46157.633,43524.4,44950.73
46353.14,47100.94,44215.36,45835.387
47913.46000000001,48184.816,44517.11,46832.28
50013.85999999999,49330.09,45478.7,47921.875
53691.12,50493.87,46308.6,49073.973
56096.26000000001,51990.3,48187.73,50500.207
58289.66,53727.23,49193.219999999994,52083.383
60312.67,55414.28,50476.56,53650.47
62472.78,57013.418,52152.22,55165.195
63491.08,58804.11,55232.14,56820.61
64396.04,60477.152,57858.22,58370.7
65013.77,61901.58,60161.12,59736.53
65700.49,63083.65,61825.22000000001,60917.28
65787.41,63529.953,63208.57000000001,61815.734
66140.3,64351.06,64101.9,62760.242
66768.11,64985.47,64961.01,63562.97
66631.87,65459.79,65733.67,64225.348
66736.65,66122.0,66375.34,65060.074
67155.48,66562.875,66343.44,65698.375
67456.77,66865.766,66207.74,66211.54
67266.42,67101.93,66124.62,66633.84
67654.8,67568.95,65609.51,67283.96
67753.76,67774.63,65826.59,67665.48
68089.8,67850.65,66158.45,67905.805
68034.17,67829.69,66501.43,68022.0
68332.77,68068.87,66915.12,68381.3
68121.07,68090.625,67336.56,68489.39
67895.43,68056.336,67882.14,68506.19
67547.6,67888.26,68535.91,68393.0
67539.07,67886.65,69249.45,68478.98
68161.39,67696.305,69321.46,68334.99
68470.75,67475.41,69643.58,68144.97
68777.19,67322.77,69745.33,67989.78
68458.03,67376.51,69368.43,68082.99
67430.19,67339.68,69169.99,68034.59
67110.34,67209.41,69442.87,67882.14
66671.72,66933.984,69397.2,67612.16
66082.53,66802.81,69332.1,67525.266
65639.63,66564.64,69113.43,67270.11
65251.80999999999,66322.45,68406.4,66985.06
65190.829999999994,66085.62,67771.35,66690.92
65167.4,65921.96,67593.6,66497.19
64890.05999999999,65767.12,67189.41,66265.73
64375.19,65664.17,66945.74,66084.4
64663.78,65596.11,66644.99,65952.56
63867.34,65524.28,66234.93,65860.42
63638.48,65539.83,65840.05,65837.766
63269.0,65491.16,65329.46000000001,65790.85
63481.31,65487.395,64924.92,65805.99
63499.19,65450.48,63924.590000000004,65805.945
63671.42,65443.65,63798.81,65839.375
64101.23,65417.5,63805.55999999999,65860.64
65384.35999999999,65397.63,64299.86,65894.55
66127.51,65328.42,65133.52,65864.88
67056.6,65335.348,66558.29,65905.36
67752.99,65340.18,67959.91,65942.56
66992.55,65384.484,68401.45,66018.97
66255.46,65267.285,68131.66,65900.97
65643.79,65015.926,67636.11,65703.64
65440.35,64673.22,67095.9,65426.348
65070.72000000001,64284.47,66490.74,65099.516
63969.08,63704.637,66620.62,64530.348
62727.75,63164.08,66469.99,64020.242
61675.64,62543.5,65937.66,63435.613
59784.97,61861.12,65191.89,62797.13
59250.59999999999,60939.46,64663.91,61882.48
58125.28999999999,59943.38,63659.2,60946.867
57256.48,59070.664,62585.020000000004,60116.48
57131.85,58214.74,61708.68,59296.332
56308.270000000004,57217.91,60868.39,58296.08
55026.91,56392.277,60077.520000000004,57480.31
54267.42,55588.184,59011.17,56694.562
53205.969999999994,54768.438,57920.06,55910.957
52358.06,53978.766,57486.81,55178.367
51628.770000000004,53045.88,56528.82000000001,54296.836
50491.63,52248.344,55577.61,53554.066
49296.28,51534.1,54370.06,52877.387
48743.76,50716.05,52734.229999999996,52074.598
48395.79,49922.65,51353.24,51317.695
47809.869999999995,49281.27,50354.45,50678.773
46771.4,48786.152,49622.16,50137.5
46404.47,48331.766,49152.01,49578.32
46148.25,47869.918,48422.68,49022.42
45774.01,47555.0,48142.969999999994,48583.42
45473.13,47360.63,47587.64,48234.785
45243.76,47240.61,47222.2,47986.57
45224.99,47118.863,46990.23,47740.586
45103.37,46987.61,46754.06,47513.19
45287.15,46923.24,46408.09,47344.004
45606.02,46981.03,45933.56,47248.562
45680.59,47086.46,45987.27,47207.508
45835.91,47298.555,46312.88,47283.285
46585.03,47553.16,46392.27,47430.42
47167.95,48017.53,46090.13,47741.855
47863.79,48576.184,46511.93,48154.473
48346.73,49185.44,46741.08,48661.066
49629.05,49853.69,47061.72,49260.703
50533.41,50725.145,47654.15,50029.65
51710.29,51676.652,48180.16,50890.652
53288.53,52622.258,48421.38,51805.17
56497.54000000001,53592.582,49102.46000000001,52775.11
58854.78,54866.074,50415.36,53994.293
60596.09,56369.355,51191.45,55387.832
62304.04,57897.934,52228.80000000001,56827.277
64233.41,59330.71,53917.58,58211.688
65417.020000000004,60943.93,57456.77,59749.004
65898.56,62450.16,59964.24,61204.227
66044.51,63758.83,61912.55,62508.867
66549.19,64791.176,63228.74999999999,63595.543
66843.79,65091.29,64445.130000000005,64308.547
67073.89,65847.72,64885.46000000001,65211.21
67001.0,66427.45,65692.82,65963.42
66272.11,66859.48,66465.99,66570.375
66824.69,67480.07,67259.95,67341.28
67268.57,67797.61,67888.89,67871.914
67192.76,68056.14,67864.06,68315.055
66894.52,68231.836,67965.36,68648.67
67061.29,68661.32,68130.14,69211.695
67402.14,68795.445,68206.75,69508.42
67553.86,68820.8,68258.11,69670.73
67839.96,68771.37,68284.71,69724.71
68537.65,69013.26,68420.81,70035.85
68864.18,69045.34,68513.11,70136.375
68862.5,69063.56,68552.64,70179.43
68182.66,69018.016,69141.7,70137.29
67851.64,69234.86,69125.13,70348.09
67829.7,69110.35,69551.16,70251.32
68034.94,68889.22,69530.26,70039.86
68570.14,68630.37,69395.28,69770.55
68434.35,68689.98,68823.44,69807.22
67926.12,68630.27,68541.95,69703.68
67044.79,68517.21,68290.89,69551.305
66344.15,68309.77,68506.03,69312.016
66376.79,68190.66,68696.37,69207.914
66294.05,67857.766,68362.49,68885.97
66113.49,67584.57,67927.76,68582.44
65999.22,67347.71,67411.36,68286.22
65747.08,67265.33,67334.4,68162.67
65483.09,67103.11,67016.49,67924.99
64834.55,66985.64,67105.76,67724.76
64348.66999999999,66911.75,66999.27,67570.36
63816.31999999999,66850.44,66796.62,67472.75
63782.740000000005,66754.4,66476.94,67353.69
63534.48,66661.76,66184.03,67256.945
63439.71,66642.87,66010.41,67238.74
63533.38,66635.016,65778.01,67251.4
63707.39,66585.74,65466.04000000001,67238.695
64178.65,66541.72,65833.07,67240.42
64644.27999999999,66499.664,66314.85,67250.35
65500.57,66443.28,67275.24,67236.3
66791.15,66352.62,68351.31,67201.41
67344.65,66301.16,69618.52,67194.11
67638.7,66341.62,69946.34,67254.04
67238.83,66196.69,69293.35,67121.52
66747.66,66044.58,68931.09,66996.055
66380.1,65788.664,68654.2,66773.17
65846.34,65463.207,68365.28,66478.875
64784.45,64855.297,67870.25,65874.02
63632.3,64247.984,67249.68,65278.16
62500.42,63545.566,66671.49,64593.297
61324.71,62772.805,66034.28,63841.477
60337.50000000001,61655.9,65392.21,62748.96
59082.14000000001,60606.586,64136.65,61730.51
58308.61000000001,59614.777,62898.56,60768.195
57547.98,58659.918,62253.69,59850.527
56511.94,57552.664,61539.42,58764.13
55079.57,56633.93,60759.3,57863.54
53961.13,55783.09,59940.33,57040.574
52734.18,54965.926,58999.27,56266.473
51825.270000000004,54085.176,58718.26,55396.254
50879.55,53163.188,57923.3,54475.598
50052.27,52372.02,56397.52999999999,53689.65
49310.560000000005,51652.492,55645.96,52970.21
48918.21,50843.492,54054.329999999994,52147.527
48216.56,50193.03,52977.75,51450.883
47642.87,49694.582,51996.45999999999,50885.258
46667.2,49261.777,51225.28,50371.215
45994.13,48803.504,49923.93,49812.336
45861.52,48388.203,49200.97,49283.098
45540.26,48031.953,49097.37,48814.95
45066.9,47789.67,48809.030000000006,48432.36
44837.42,47516.297,48346.72,47876.688
44851.33,47425.547,48275.33,47580.188
45059.92,47354.203,48017.58,47332.812
45359.35,47326.17,48063.76,47138.383
45587.26,47465.16,47280.34,47055.93
45500.37,47675.51,47426.97,47049.59
45861.82,47946.87,47399.03,47138.34
46567.03,48230.96,47354.71,47285.582
46758.29,48758.56,47442.39,47627.375
47284.42,49380.867,47655.64,48079.55
47924.469999999994,50009.785,47754.28,48609.04
50073.659999999996,50680.29,48013.369999999995,49225.82
51175.72,51580.9,48633.51999999999,50049.89
52378.99,52705.914,48922.590000000004,51064.54
54042.759999999995,53822.65,49543.13,52133.223
57283.97,54923.305,50048.74,53236.152
59775.95999999999,56285.8,51311.369999999995,54575.55
61755.04,57842.395,52024.79,56055.82
63398.44,59387.47,53059.18000000001,57534.902
65655.91,60819.547,54545.48,58929.816
67047.11,62340.812,57491.71,60402.617
67599.03,63783.965,59887.5,61788.36
67883.03,65013.895,61256.17,62997.86
68154.4,65955.55,62540.14,63967.156
68491.88,66125.82,63932.21,64444.26
68801.52,66792.055,64522.48999999999,65176.477
68771.34,67306.945,65168.09,65789.58
68256.31,67690.805,65848.44,66278.27
68512.4,68229.555,66743.85,66892.88
68754.89,68548.125,67072.64,67328.48
68928.91,68790.24,66784.59,67681.56
69206.62,68955.375,66949.21,67952.84
69196.15,69356.73,66596.95,68432.695
69234.24,69615.23,66718.98,68784.695
69592.73,69726.22,67070.75,68991.164
69948.93,69728.83,66983.3,69091.734
70473.33,69977.9,67446.99,69399.47
70474.9,70080.36,67317.0,69565.445
70295.17,70129.5,67540.8,69655.45
69607.48,70071.63,67791.98,69638.31
69388.12,70167.83,67661.04,69775.84
69597.98,70002.1,67657.74,69679.01
69386.1,69759.086,67824.51,69498.19
69328.79,69502.69,67982.12,69277.9
68751.62,69385.68,67780.26,69197.57
68453.48,69124.04,67695.48,68969.766
67914.04,68778.336,67880.77,68662.76
67404.83,68426.35,67663.26,68340.945
67172.49,68177.16,68238.49,68147.38
67034.21,67817.59,68043.09,67825.36
66738.31,67502.37,67602.39,67522.336
66604.34,67265.28,67105.52,67280.31
65867.7,67137.24,67174.52,67164.016
65774.64,67004.11,66989.69,67020.625
65137.53,66860.82,66726.45,66876.97
65258.09999999999,66809.99,66652.93,66812.29
64803.299999999996,66776.19,66168.4,66796.375
64753.11000000001,66787.8,65775.35,66806.03
64616.9,66782.555,65545.27,66806.94
64665.020000000004,66803.87,65400.74999999999,66840.2
64840.85,66835.94,65053.71,66899.17
65278.0,66800.33,64792.189999999995,66905.03
65683.15,66752.17,65128.91,66904.14
66031.37,66711.44,65680.55,66911.47
66906.58,66673.54,67164.28,66923.45
68218.54,66575.71,68428.3,66891.46
68692.47,66543.97,69136.23,66902.664
68939.09,66615.64,69591.84,66984.06
68318.33,66500.06,68671.56,66871.59
67931.56,66369.32,68158.58,66757.914
67534.76,66111.96,67791.88,66524.56
66369.14,65806.47,67616.26,66237.64
64976.17,65187.74,67988.14,65618.22
63650.280000000006,64476.562,67624.81,64943.254
62917.23,63643.344,67067.85,64162.508
61831.77999999999,62746.254,66505.82,63323.27
60732.83,61595.19,65162.33,62219.113
59993.28,60520.45,64049.74,61208.004
59154.340000000004,59482.426,62948.17,60235.156
58272.64000000001,58558.41,62200.28,59355.47
57326.090000000004,57464.723,61667.67999999999,58298.258
55778.92,56539.215,61360.24,57415.8
54515.65,55669.598,60804.23,56591.953
52658.03,54787.26,59753.950000000004,55772.34
51522.9,53754.36,58530.36,54799.117
50614.79,52683.023,57990.0,53760.1
49538.799999999996,51668.52,56901.61,52784.156
48430.85,50751.336,55756.12,51885.766
48129.69,49755.254,54772.16000000001,50913.766
47681.62,48854.13,54009.73000000001,50028.04
47311.72,48115.16,52956.14,49289.23
46515.99,47490.668,52344.52,48636.176
46158.06,46919.49,50730.560000000005,48011.574
45925.21,46390.633,50051.58,47425.41
45237.88,45975.715,49487.33000000001,46955.13
44883.0,45649.254,49246.729999999996,46556.207
44630.97,45126.156,48124.43,45883.73
44769.79,45065.35,47858.799999999996,45687.65
44752.24,45054.97,47553.49,45537.69
44906.21,45154.58,47256.89,45507.15
45020.27,45388.438,47170.16,45571.23
44808.88,45659.266,47247.45,45698.875
44972.58,45950.855,47208.8,45897.89
45563.92,46229.72,47217.44,46141.996
46241.35,46718.137,47494.28,46545.535
46967.09,47278.367,47614.99,47038.062
47519.68,47939.55,47580.33,47654.85
49245.66,48676.742,47604.57,48379.184
50300.079999999994,49636.22,47907.33,49288.08
51176.57,50729.957,47957.42,50328.21
52756.11000000001,51803.957,48183.42999999999,51404.992
56296.08,52818.6,48708.66,52488.258
58389.84,54143.887,49484.25000000001,53817.734
60579.19,55764.266,49746.34,55341.312
62280.22000000001,57322.19,50340.84,56827.72
64340.92,58850.12,50938.37,58298.664
65558.52,60509.855,53207.94999999999,59884.04
66324.94,62044.61,54795.17,61348.68
67012.43,63354.28,56096.95,62631.29
67431.15,64402.8,57215.93,63708.742
67528.5,64916.324,58681.64,64506.69
67849.0,65562.35,59330.219999999994,65268.402
67858.67,66036.67,59936.240000000005,65895.36
67832.82,66397.07,61025.58999999999,66398.95
68129.77,66904.516,62004.26,67013.68
68749.72,67219.1,62507.45999999999,67457.0
68786.21,67446.484,62582.369999999995,67795.484
68275.72,67634.58,62623.84,68064.43
68543.97,68061.445,62371.02,68545.31
68952.76,68231.71,62908.41,68798.82
69275.29,68341.84,63490.37,68967.49
69244.27,68406.59,63761.81,69064.02
69399.82,68730.35,63203.05000000001,69384.15
69737.6,68856.83,63496.47,69504.945
69835.97,68936.12,63756.43,69557.27
69547.12,68959.984,63760.509999999995,69525.73
69325.42,69136.305,63761.71,69640.375
69275.15,69094.445,63977.979999999996,69541.48
69642.72,68961.0,64134.66,69343.04
69593.95,68717.8,64081.100000000006,69028.81
69397.15,68662.36,63144.6,68909.07
69031.0,68468.18,62738.16,68639.64
68378.38,68229.85,62489.2,68324.13
67742.76,67940.57,62272.36,67972.99
67080.43,67702.9,62505.97,67716.555
66937.12,67331.45,62262.81999999999,67328.83
66458.6,66942.57,61669.32,66926.57
66118.88,66640.85,61312.54,66601.68
65461.02999999999,66447.34,61505.780000000006,66405.86
64984.96,66244.12,61037.77,66189.19
64622.35,66072.0,60766.270000000004,66001.484
65110.95,65927.72,60382.82,65845.484
64751.25,65809.92,60334.02,65737.38
64428.95,65809.4,59802.08999999999,65712.484
64212.869999999995,65799.35,59840.16,65699.12
64535.18000000001,65788.95,59647.030000000006,65698.93
64754.19,65723.664,59433.70999999999,65669.64
65112.36,65679.89,59182.869999999995,65661.72
65589.83,65653.555,59285.03,65677.55
67000.44,65648.875,59737.38,65717.62
68247.78,65597.516,61301.43,65711.08
69764.04,65689.68,62607.79,65818.61
70285.29,65840.81,63388.56,65967.78
70481.99,66085.836,63643.72,66182.805
69632.27,66089.24,63704.3,66160.25
69134.46,66087.9,63577.57,66155.34
68449.79,65929.695,63316.01,66012.64
66657.08,65714.836,63044.4,65809.125
65409.29,65146.047,62884.990000000005,65246.285
64369.399999999994,64446.94,62336.58000000001,64607.258
63497.189999999995,63657.824,62136.22,63876.55
61596.880000000005,62854.52,61894.87000000001,63117.33
60381.2,61771.47,60404.759999999995,62068.96
59553.38,60648.637,59279.32,61030.992
58374.93,59570.465,58462.32,60025.21
57757.12000000001,58600.45,57991.63,59108.023
56330.67,57391.16,57051.77,57976.41
54920.05,56394.26,56618.22,57040.19
54171.73,55385.875,56049.61,56111.836
52878.9,54402.59,55654.25,55216.33
51655.689999999995,53449.395,55060.04,54395.4
50929.92999999999,52472.066,54354.420000000006,53425.04
50171.19,51512.97,53541.590000000004,52513.95
48340.76999999999,50669.258,52245.01,51696.883
47741.48,49772.945,50521.72,50831.22
47188.73,48828.004,49503.82,49951.59
46805.53,48072.36,48788.43,49236.387
46089.45,47466.676,48320.42,48629.844
45619.05,46959.63,47061.48,48080.18
45443.53,46510.484,46513.16,47574.195
45222.59,46168.25,45933.37,47168.85
44878.61,45929.133,45472.94,46842.875
44815.5,45570.73,44748.98,46255.5
44749.87,45574.43,44564.04,46029.758
44608.82,45676.793,44449.54,45883.44
44603.14,45857.38,43898.52,45843.016
44511.52,46191.086,43456.61,45912.17
44427.93,46505.305,43414.59,46018.81
44606.74,46805.508,43377.0,46166.64
44589.81,47110.48,43308.21,46374.95
44803.09,47624.55,43578.66,46727.47
45800.81,48069.105,43675.44,47100.793
46764.33,48511.01,43765.31,47527.184
48120.30999999999,49072.68,43339.28,48073.348
49252.15,49923.508,43992.92,48831.312
50471.32,50831.395,44232.63,49677.598
52199.05,51729.645,44369.25,50562.09
55707.049999999996,52626.3,44503.25,51483.83
58349.87999999999,53788.883,44786.57,52614.7
60594.19,55233.023,44772.02,53942.082
62299.58000000001,56741.11,45103.93,55334.02
64371.73,58222.156,45222.3,56729.375
65930.28,59780.0,45989.96,58215.586
67063.71,61276.69,46744.21,59637.12
67683.52,62659.445,47324.21,60972.996
68451.83,63861.438,47921.93000000001,62165.18
68846.28,64554.77,48847.15,63154.465
69050.2,65329.89,49562.34,64031.207
68846.33,65980.34,50391.78,64788.496
68200.37,66468.47,51278.38999999999,65388.113
68052.26,67034.88,52393.9,66063.73
68375.14,67327.81,53081.48,66476.11
68440.49,67470.375,53590.72000000001,66742.54
67877.21,67578.45,53718.46,66943.836
67826.93,67942.23,53710.08,67378.984
68348.08,68012.74,53994.87,67529.58
68429.43,67980.44,54117.61,67564.15
68452.08,67965.95,54463.030000000006,67576.305
68399.1,68237.92,54702.619999999995,67865.8
69140.78,68278.484,55056.41,67927.52
69335.73,68216.17,55463.19,67881.46
68470.13,68200.72,55920.98,67843.34
67804.54,68450.38,56288.17,68092.25
67626.68,68309.12,56785.29,68004.7
66897.07,68008.24,57154.23,67781.38
66398.88,67674.43,57187.86,67515.04
65727.12,67478.33,57628.920000000006,67448.74
65240.5,67083.875,57498.79,67183.945
64416.80000000001,66624.914,57148.17,66851.18
64185.1,66172.46,57311.97000000001,66514.63
63796.45,65830.33,57088.329999999994,66335.81
63320.08,65409.797,56793.66,66036.375
63057.4,65016.312,56527.2,65717.016
63336.37,64665.293,55886.52,65410.848
62782.2,64439.676,55629.11,65237.453
62528.62000000001,64261.08,55096.77,65032.332
62088.12,64078.67,54957.97,64811.33
62217.67999999999,63949.16,54610.91,64624.652
62130.2,63821.184,55309.49,64463.254
61774.79,63758.098,54959.85,64323.117
61883.29,63743.32,54973.969999999994,64227.555
62047.57,63717.51,54997.58999999999,64145.63
62244.01000000001,63651.71,55063.61,64039.43
62568.630000000005,63613.85,54875.84,63965.406
62958.05,63592.57,55483.65,63918.535
63780.340000000004,63605.395,56082.05000000001,63916.17
64921.34999999999,63503.89,58202.46,63822.15
66021.29,63516.414,59011.1,63824.895
66086.03,63625.86,59342.369999999995,63896.42
66782.43,63810.188,59449.96000000001,64020.305
66143.09,63683.03,59065.74,63860.58
65896.66,63718.586,58644.43,63830.13
64851.17,63602.137,58336.18,63667.043
63711.52,63443.992,57838.19,63458.742
62485.03,62901.402,57705.590000000004,62878.64
61664.700000000004,62351.81,57031.270000000004,62310.527
60174.4,61705.63,56559.979999999996,61646.797
58651.36,61043.31,56214.7,60961.582
57603.25000000001,59992.246,55002.60999999999,59950.582
56296.810000000005,58999.86,53997.84,59006.652
55492.439999999995,58042.84,53177.31,58093.55
55289.19,57073.598,52611.82,57190.105
54342.16,55889.97,51938.57,56131.85
53720.25,54999.867,51509.32,55306.863
53243.2,54131.074,50975.530000000006,54511.36
51451.36,53343.12,50668.01,53794.777
50124.36,52333.137,51000.46,52999.766
49009.44,51387.72,50080.55,52133.754
48465.39000000001,50421.867,49310.83,51301.08
47960.49,49488.395,48467.68000000001,50498.22
47295.94,48451.188,47523.21,49641.17
46794.23,47597.004,46735.54,48883.6
46347.43,46824.438,46090.6,48196.176
45630.83,46180.32,45570.26,47589.074
45092.33,45531.31,44301.78,46990.465
45276.74,44979.74,43758.5,46414.76
44813.14,44546.137,43105.55,45932.457
44107.38,44329.523,42654.37,45593.86
44103.69,43609.92,42000.26,45195.04
43709.93,42973.312,41487.98,44444.105
43795.55,42720.383,41449.22,44020.848
43724.72,42570.867,41215.9,43690.13
43345.28,42603.367,41098.08,43497.31
43381.86,42693.89,40797.06,43344.24
43469.88,42788.38,40661.79,43235.4
43647.2,42973.84,40580.45,43222.285
43829.36,43291.35,40627.64,43306.625
43989.41,43636.625,40598.13,43453.28
44176.64,44035.54,40644.55,43681.2
44581.52,44464.59,40670.45,43982.96
44743.58,45041.28,40897.14,44389.645
44939.71,45636.758,40912.82,44869.72
45374.07,46204.527,41257.65,45375.266
46263.64,46768.207,41490.54,45926.01
46826.48,47576.49,42253.09,46627.2
47413.92,48441.77,42318.11,47422.465
47993.64,49294.082,42424.89,48232.793
48972.62,50110.18,43215.16,49036.906
49583.270000000004,51091.34,43999.98,49924.953
50766.86000000001,52011.09,44518.98,50791.28
51280.99,52869.637,44903.2,51615.543
51990.600000000006,53739.24,45388.6,52433.33
52298.71000000001,54618.098,46677.79,53374.973
53559.03,55112.777,47128.64,53895.984
54346.85999999999,55534.086,47599.69,54388.88
55276.74,55975.516,48721.27999999999,54864.348
55804.28,56509.8,49995.25,55374.715
55952.89,56969.016,50564.99999999999,55853.48
56179.700000000004,57309.664,51341.49,56233.156
55852.76,57493.438,52052.33,56488.316
56054.19,57756.33,52941.41,56806.547
55786.3,57829.836,53474.31,57010.754
55952.45,57839.24,53530.27,57138.13
56458.2,57738.5,53717.97,57170.164
56741.73,57802.3,53925.49,57336.504
56608.99,57848.008,54236.14,57502.03
56674.63,57868.844,54482.87,57616.53
56461.51,57824.62,54733.04,57668.555
56115.46,57922.68,54975.99,57853.71
55946.79,57888.56,55212.83,57941.105
55831.73,57778.82,55645.8,57936.35
55928.35,57637.355,55700.82,57889.137
55628.5,57611.75,55583.57,57946.043
54517.810000000005,57542.5,55615.49,57954.43
54211.91,57407.566,55447.74,57874.543
53899.11,57138.6,55607.39,57680.254
53884.78,56944.965,55369.18,57543.97
53300.57,56721.887,55110.22,57349.727
53159.78,56538.824,55155.10999999999,57136.445
52805.48000000001,56325.543,54278.66000000001,56877.023
52352.16,56166.934,53798.51,56656.6
52220.18,56005.625,53548.53,56414.324
51635.52999999999,55860.598,52995.49999999999,56182.797
51858.24,55776.605,52647.93,56003.27
51929.96,55658.8,52709.34,55820.36
51989.39,55649.754,52581.81,55726.55
52226.94,55694.332,52012.259999999995,55694.242
52097.33,55762.94,51943.27,55700.85
52422.240000000005,55818.0,52315.77,55707.348
52757.69,55836.375,52287.69000000001,55711.34
53677.700000000004,55880.348,52669.53,55761.03
54915.1,55927.95,53599.23,55833.434
56289.19,55928.863,55836.29000000001,55859.367
57297.51,55992.023,56663.87,55943.805
57261.18,56164.71,57889.37999999999,56119.312
57020.950000000004,56352.605,58434.8,56294.305
56102.68000000001,56335.266,58110.42,56282.375
55586.729999999996,56274.117,57510.2,56231.953
55132.17,56058.855,57145.02,56039.918
54126.55,55786.93,57067.07,55783.96
52969.37,55317.453,56225.68,55340.76
52033.68000000001,54805.188,55397.73,54841.875
51110.28999999999,54193.5,54644.11,54248.93
50916.46,53543.84,54145.05000000001,53621.848
50434.81,52718.582,53174.689999999995,52860.03
49751.84,52024.04,51710.99,52182.066
49207.02,51336.934,51109.87,51499.82
49580.520000000004,50658.22,50380.36,50839.594
48844.07,49898.85,49568.590000000004,50159.367
48042.60999999999,49342.656,49066.05999999999,49607.258
47250.06,48769.75,48938.91,49068.33
46608.65,48195.668,48674.93,48541.914
45811.67,47158.805,48684.67,47801.484
45341.61,46425.086,48459.88,47149.664
44591.64,45693.03,47464.42,46512.598
43239.71,44987.867,46613.78,45894.746
42461.9,44175.277,45777.64,45252.332
42212.97,43278.47,45413.61,44499.785
41407.64,42387.1,44683.21,43770.867
40803.51,41609.17,43889.55,43113.023
40365.85,40789.125,42225.24,42465.777
39932.22,40005.32,41498.98,41777.652
39216.08,39309.11,41028.15,41147.92
38193.14,38681.25,40591.82,40558.56
38047.08,38255.086,39835.69,40410.137
37844.7,37751.605,39495.64,39919.285
37811.07,37293.277,38728.51,39464.48
37966.99,36949.773,38551.04,39090.4
37930.85,36782.527,38779.44,38842.098
37753.57,36702.418,38655.34,38636.21
37341.6,36704.793,38059.82,38514.59
37037.8,36774.22,38229.55,38466.625
37094.65,36961.746,38599.94,38520.37
38124.61,37143.73,38522.34,38601.324
38008.1,37402.383,38100.08,38772.844
38401.34,37899.047,38162.79,39149.594
38393.57,38556.33,38526.59,39653.918
38182.29,39209.33,38640.21,40200.06
38179.62,39833.285,38778.07,40777.375
38039.88,40402.195,38635.23,41357.312
38100.55,41164.605,39103.53,42061.445
38889.71,41796.355,39101.49,42722.15
38486.64,42391.94,38425.55,43379.004
39051.39,43062.266,38369.05,44083.965
39500.17,43814.97,38267.36,44816.66
39353.58,44528.12,38335.58,45546.9
39806.74,45228.777,38776.13,46262.56
41001.36,45767.707,38955.15,46838.758
41651.49,46711.547,39423.9,47741.035
42643.53,47112.3,39799.61,48091.21
43252.53,47543.613,40430.34,48520.188
44403.88,47972.82,41069.14,48932.375
44922.59,48509.72,42241.08,49363.566
45980.68,49043.312,43345.93,49830.445
46869.0,49436.74,44366.28,50184.312
47625.13,49781.52,45090.17,50479.992
48432.71,50219.42,45823.21,50803.336
48899.64,50597.918,46390.41,51116.727
48936.32000000001,50889.055,46936.47,51348.934
49852.68,51067.625,47308.95,51481.824
50120.35,51271.2,48081.549999999996,51616.93
50425.17,51523.895,48835.05999999999,51819.656
50822.66000000001,51673.63,48932.47,51938.07
51051.81,51761.617,49694.56,51999.184
51585.560000000005,51951.594,50458.05,52133.15
51982.009999999995,52134.332,51441.55999999999,52288.3
51925.15,52311.293,52019.06,52423.17
52136.53,52469.117,52050.79,52535.754
52073.87,52615.703,51822.46,52636.965
51505.32,52808.29,51532.81,52780.75
50946.93,52935.617,51319.72000000001,52876.195
50396.32000000001,52951.617,50709.94,52875.67
49761.12,52922.125,50151.44000000001,52833.73
49306.31999999999,52927.07,49574.33999999999,52807.133
48660.12,52877.816,49279.47,52722.92
48097.369999999995,52824.043,48673.45,52615.676
47921.39,52709.496,48468.79,52455.11
48033.66999999999,52683.723,48486.93000000001,52361.39
48144.00000000001,52712.582,48234.159999999996,52312.285
48058.33,52810.082,48096.439999999995,52329.543
48014.19,52897.895,48507.04,52344.594
47941.310000000005,53084.773,48346.85,52463.336
47700.49,53282.33,48347.32,52612.41
47903.98,53470.613,48114.51,52773.52
48085.91,53567.734,48280.05,52865.94
48649.409999999996,53750.29,48732.02,53047.52
49552.51,53916.305,49318.79000000001,53236.34
51262.780000000006,54108.668,50364.59999999999,53457.4
53028.840000000004,54286.816,52326.03,53653.176
54653.73,54625.1,53342.49,53986.617
55408.47,55037.023,53959.5,54378.258
56243.62000000001,55464.266,54520.84,54779.375
55987.65000000001,55718.496,54846.69,55030.008
55646.65000000001,55955.906,54455.57,55262.348
54987.22,56032.656,54400.97,55354.87
54545.96,56004.49,53914.299999999996,55346.5
53975.95,55754.684,53293.94000000001,55148.652
53437.24,55438.215,52864.060000000005,54875.926
52603.27,55060.168,52571.8,54539.06
52367.68000000001,54653.23,51884.159999999996,54166.746
51216.380000000005,54117.703,51360.13,53691.65
50133.05,53595.59,50368.22,53201.73
49358.52,52977.543,50049.12000000001,52636.78
48967.16999999999,52331.918,49308.369999999995,52055.91
48753.49,51664.176,48881.63,51476.7
48340.21,50977.266,48141.68,50852.766
48065.82,50360.13,47735.89,50285.918
48321.16,49780.96,47636.01,49751.086
47739.89,49291.41,47827.40000000001,49379.652
46939.97,48764.914,47346.59,48855.258
46175.07,48271.7,46394.48,48361.297
45431.05,47729.582,45844.85,47831.355
44672.35,47118.516,44865.32,47276.82
44085.61,46416.953,44238.11,46612.277
43560.88,45753.664,43670.12,45986.723
43691.99,45127.26,43021.98,45385.348
43811.07,44552.395,42351.11,44847.1
43496.73,44028.17,41875.33,44289.93
43313.47,43620.695,41708.09,43817.426
43068.58,43227.54,41509.18,43360.332
42772.11,44004.645,40980.35,43892.95
42749.16,44394.13,41012.58,44030.027
42656.3,44617.137,40958.69,44033.42
42611.7,44829.95,40884.66,44046.58
42524.39,45119.297,40241.71,44107.01
42660.17,45360.37,40291.53,44147.758
43028.32,45616.293,40564.96,44244.605
43233.03,45928.984,40642.22,44430.2
43456.59,46487.633,40515.8,44803.73
43504.83,47027.086,40887.67,45206.973
43524.4,47620.848,41345.34,45714.734
44215.36,48146.81,41698.89,46239.3
44517.11,48839.734,42384.26,46918.324
45478.7,49520.04,42898.8,47621.156
46308.6,50117.38,43502.83,48319.97
48187.73,50776.75,44153.98,49107.094
49193.219999999994,51665.76,45293.59,50083.754
50476.56,52645.723,46245.27,51127.93
52152.22,53566.543,47777.73,52146.574
55232.14,54437.13,49986.04,53144.66
57858.22,55668.965,53272.91,54387.426
60161.12,57093.1,56133.1,55733.836
61825.22000000001,58584.348,58351.73,57119.633
63208.57000000001,60076.945,60355.64,58492.465
64101.9,61027.35,62672.4,59685.31
64961.01,62238.63,63454.4,60896.39
65733.67,63307.1,63786.049999999996,62021.08
66375.34,64189.906,64665.42,63002.902
66343.44,65251.125,65679.67,64146.55
66207.74,66069.93,65893.81,65099.84
66124.62,66639.57,66304.87,65853.98
65609.51,66973.85,66518.18,66404.1
65826.59,67482.02,65946.44,67134.15
66158.45,67684.0,66201.11,67566.72
66501.43,67766.945,67064.35,67859.78
66915.12,67752.414,67304.23,68033.3
67336.56,67999.21,67441.01,68438.266
67882.14,68105.89,67743.51,68655.805
68535.91,68130.26,68042.6,68751.875
69249.45,68117.96,68100.33,68773.61
69321.46,68342.72,68140.18,69036.74
69643.58,68472.16,68172.35,69144.01
69745.33,68468.984,67853.41,69118.13
69368.43,68434.56,68118.56,69054.266
69169.99,68536.836,67502.66,69168.59
69442.87,68445.02,67501.87,69069.03
69397.2,68331.92,67723.19,68934.7
69332.1,68218.52,68042.58,68792.64
69113.43,68224.22,68592.79,68813.0
68406.4,68162.56,67973.75,68705.52
67771.35,68016.47,67348.29,68502.555
67593.6,67791.01,67095.0,68227.45
67189.41,67616.125,67336.98,68031.2
66945.74,67398.26,67465.15,67729.945
66644.99,67182.125,67203.86,67434.36
66234.93,67058.6,66476.83,67229.13
65840.05,66982.07,66837.1,67104.35
65329.46000000001,66874.914,66408.34,66953.56
64924.92,66828.4,66160.32,66881.3
63924.590000000004,66784.73,65726.94,66836.07
63798.81,66726.41,65529.37,66800.04
63805.55999999999,66577.14,65423.079999999994,66691.86
64299.86,66445.68,65537.99,66626.055
65133.52,66324.72,66288.21,66583.11
66558.29,66222.125,67700.83,66527.11
67959.91,66181.93,68846.53,66526.23
68401.45,66244.88,69299.5,66613.05
68131.66,66370.195,69602.33,66754.68
67636.11,66269.945,68989.28,66653.89
67095.9,66127.14,68511.76,66547.72
66490.74,65896.336,68116.55,66351.48
66620.62,65614.1,67746.33,66100.72
66469.99,65045.1,67415.89,65560.47
65937.66,64584.25,66647.96,65134.355
65191.89,64140.02,66388.6,64701.12
64663.91,63676.68,65706.07,64243.215
63659.2,62939.31,64337.7,63482.492
62585.020000000004,62270.32,63018.65,62821.934
61708.68,61553.918,62173.98,62120.74
60868.39,60809.12,61162.09,61400.312
60077.520000000004,59864.438,59526.67,60458.03
59011.17,58994.58,58408.310000000005,59608.953
57920.06,58173.25,57459.72,58809.8
57486.81,57377.836,56431.24,58041.85
56528.82000000001,56722.746,56064.37,57400.902
55577.61,55893.9,55048.32000000001,56584.67
54370.06,55154.336,53775.30000000001,55877.03
52734.229999999996,54439.34,52595.87,55191.535
51353.24,53590.367,51266.85,54362.242
50354.45,52722.15,50413.21,53550.67
49622.16,51900.188,49725.51,52790.74
49152.01,51178.41,49182.3,52103.176
48422.68,50521.906,47939.73,51416.633
48142.969999999994,50014.47,48005.45,50838.47
47587.64,49594.33,47498.89,50339.207
47222.2,49325.254,46960.15,49952.363
46990.23,49039.605,46204.11,49603.957
46754.06,48853.63,45953.89,49329.31
46408.09,48681.195,45925.62,49078.38
45933.56,48532.934,45323.21,48850.11
45987.27,48461.574,45456.73,48655.21
46312.88,48373.87,45502.62,48465.22
46392.27,48404.184,45629.16,48389.3
46090.13,48569.684,45761.46,48439.355
46511.93,48890.37,46042.29,48604.27
46741.08,49160.652,46100.22,48776.25
47061.72,49530.914,46486.69,49069.574
47654.15,49923.473,46839.01,49426.41
48180.16,50530.168,47375.04,49948.668
48421.38,51156.95,47667.84,50528.848
49102.46000000001,51794.91,48388.87999999999,51174.27
50415.36,52362.34,49017.17,51814.027
51191.45,53179.027,50421.84,52659.145
52228.80000000001,54031.45,51333.13,53554.79
53917.58,54833.605,52154.99,54444.918
57456.77,55643.418,53699.65,55348.457
59964.24,56859.773,56497.49,56543.082
61912.55,58393.79,58473.14,57957.008
63228.74999999999,59986.793,60457.75,59417.24
64445.130000000005,61506.16,62738.85,60824.965
64885.46000000001,62462.4,64412.37999999999,61973.76
65692.82,63704.25,65018.7,63226.21
66465.99,64706.51,65705.65,64300.598
67259.95,65553.44,66464.34,65235.3
67888.89,66635.234,66898.96,66370.61
67864.06,67509.516,67200.89,67347.12
67965.36,68212.445,67629.11,68170.26
68130.14,68668.49,67683.17,68776.04
68206.75,69351.08,67077.73,69596.17
68258.11,69725.016,67309.52,70138.88
68284.71,69902.78,67385.33,70473.945
68420.81,69919.98,67724.13,70631.52
68513.11,70197.66,67758.62,71010.58
68552.64,70222.88,67751.1,71145.87
69141.7,70144.48,68155.28,71143.32
69125.13,69985.23,68557.59,71032.82
69551.16,70187.76,68982.4,71228.33
69530.26,70153.3,69258.03,71208.484
69395.28,70110.29,69074.41,71148.75
68823.44,70002.01,69063.63,71018.81
68541.95,70124.65,68536.07,71132.055
68290.89,69941.48,68259.44,70963.97
68506.03,69714.28,68628.01,70735.445
68696.37,69480.32,68933.57,70487.89
68362.49,69513.79,68868.68,70504.61
67927.76,69388.69,68703.77,70343.36
67411.36,69230.586,68091.04,70146.85
67334.4,69042.93,67495.87,69916.516
67016.49,68962.02,67334.49,69812.06
67105.76,68791.23,66822.1,69583.35
66999.27,68645.914,66683.82,69366.87
66796.62,68584.625,66367.63,69218.55
66476.94,68646.88,66545.29,69216.516
66184.03,68622.42,66312.5,69131.375
66010.41,68615.414,65984.26,69085.86
65778.01,68623.445,65443.45,69074.04
65466.04000000001,68683.71,66003.52,69136.33
65833.07,68622.35,66111.05,69103.23
66314.85,68513.9,66533.94,69044.055
67275.24,68437.71,67351.99,69015.83
68351.31,68411.82,68549.34,69024.484
69618.52,68369.15,69413.31,69014.86
69946.34,68383.11,70020.32,69046.62
69293.35,68471.2,70321.58,69135.016
68931.09,68344.67,69891.07,69005.18
68654.2,68109.14,69461.18,68804.8
68365.28,67807.69,69500.94,68542.43
67870.25,67469.945,69394.49,68235.555
67249.68,66859.34,69108.65,67626.305
66671.49,66273.82,68203.41,67043.22
66034.28,65655.484,67667.82,66420.0
65392.21,65030.145,67087.0,65783.26
64136.65,64112.855,65901.0,64840.29
62898.56,63292.57,64604.98999999999,64005.152
62253.69,62430.965,63377.38,63144.984
61539.42,61573.99,62387.22,62304.94
60759.3,60531.566,61813.37,61270.637
59940.33,59660.363,60808.73,60408.203
58999.27,58866.99,59598.12,59628.242
58718.26,58149.48,58985.58,58930.504
57923.3,57478.8,57886.71,58195.72
56397.52999999999,56750.81,57097.950000000004,57414.785
55645.96,56091.992,55586.54,56708.793
54054.329999999994,55377.55,54631.93000000001,55977.555
52977.75,54563.355,53537.340000000004,55144.797
51996.45999999999,53778.953,52140.52,54353.207
51225.28,53072.777,51389.74999999999,53641.438
49923.93,52462.586,50705.29,53007.516
49200.97,51850.555,49663.68000000001,52338.914
49097.37,51291.426,48947.96,51716.117
48809.030000000006,50849.332,48110.44999999999,51206.496
48346.72,50560.15,47836.54,50810.625
48275.33,50244.305,48056.579999999994,50240.906
48017.58,50145.67,47728.05,49967.38
48063.76,50077.2,47491.68,49739.34
47280.34,49990.57,47072.32,49514.547
47426.97,50007.363,46853.16,49345.47
47399.03,49944.387,46841.89,49140.21
47354.71,50008.297,46875.86,49065.27
47442.39,50127.305,46739.4,49063.44
47655.64,50395.375,47546.24,49171.047
47754.28,50732.457,47794.55,49366.01
48013.369999999995,51138.105,47628.86,49672.81
48633.51999999999,51571.07,47956.58,50048.58
48922.590000000004,52217.11,48847.12,50614.887
49543.13,52916.44,49270.93,51259.48
50048.74,53582.727,49509.41,51940.766
51311.369999999995,54270.48,50320.26999999999,52682.062
52024.79,55127.19,51466.170000000006,53587.035
53059.18000000001,56005.973,52173.2,54527.96
54545.48,56807.434,53132.72,55427.086
57491.71,57607.17,54801.28999999999,56323.656
59887.5,58745.91,58223.86,57470.902
61256.17,60082.766,60537.41,58749.668
62540.14,61452.094,62377.85999999999,60039.82
63932.21,62649.152,64072.14,61190.54
64522.48999999999,63256.867,66087.27,61955.805
65168.09,64260.785,66531.99,62951.49
65848.44,65087.51,66822.33,63814.023
66743.85,65781.35,67552.88,64556.605
67072.64,66675.984,68153.77,65455.71
66784.59,67446.86,68867.84,66262.164
66949.21,68053.02,68743.14,66930.69
66596.95,68448.02,69141.22,67424.33
66718.98,69062.48,68870.66,68106.83
67070.75,69416.88,69042.01,68582.31
66983.3,69653.2,69027.46,68935.93
67446.99,69814.375,69075.73,69204.45
67317.0,70142.79,69243.32,69609.24
67540.8,70329.22,69363.04,69886.3
67791.98,70350.305,69579.27,69993.87
67661.04,70310.36,69533.05,70019.836
67657.74,70498.016,69788.86,70238.26
67824.51,70452.76,70305.47,70247.99
67982.12,70315.625,70420.91,70162.39
67780.26,70131.016,70624.27,70016.89
67695.48,70160.54,69879.81,70074.8
67880.77,69938.8,69865.97,69896.086
67663.26,69663.83,69852.87,69652.74
68238.49,69396.56,69761.05,69391.59
68043.09,69274.79,69972.46,69283.7
67602.39,69112.37,69556.31,69104.83
67105.52,68929.586,69262.61,68897.28
67174.52,68706.75,68745.77,68658.86
66989.69,68587.69,68810.12,68544.86
66726.45,68450.74,68604.14,68383.555
66652.93,68371.04,68431.46,68267.914
66168.4,68330.41,68242.98,68188.53
65775.35,68389.484,68692.9,68225.03
65545.27,68378.7,68169.38,68199.875
65400.74999999999,68385.3,67861.45,68198.51
65053.71,68407.305,67583.21,68218.195
64792.189999999995,68476.56,67634.77,68297.01
65128.91,68437.41,67433.82,68288.81
65680.55,68358.61,67722.6,68253.36
67164.28,68299.805,68466.28,68234.66
68428.3,68284.39,69874.8,68249.12
69136.23,68338.43,70726.29,68316.45
69591.84,68452.26,70825.25,68425.09
68671.56,68550.39,71010.15,68516.76
68158.58,68454.38,70581.09,68419.33
67791.88,68196.766,69851.92,68208.19
67616.26,67866.875,69770.38,67928.47
67988.14,67501.984,69419.85,67607.38
67624.81,66887.91,69034.29,67021.05
67067.85,66389.09,68169.76,66529.59
66505.82,65856.66,67541.41,65990.945
65162.33,65306.496,67114.37,65432.027
64049.74,64461.05,65629.03,64580.473
62948.17,63580.633,64348.23,63733.35
62200.28,62690.246,63460.49,62887.254
61667.67999999999,61821.023,62516.31,62060.777
61360.24,60767.688,61737.6,61049.12
60804.23,59911.09,60919.27,60222.707
59753.950000000004,59174.234,59906.61,59496.03
58530.36,58516.402,59199.81,58842.64
57990.0,57895.49,58821.98,58171.133
56901.61,57080.754,57700.81,57317.08
55756.12,56337.117,56686.21,56525.074
54772.16000000001,55596.598,55449.18,55740.996
54009.73000000001,54680.527,53906.22,54811.94
52956.14,53878.434,53097.09,53996.92
52344.52,53127.086,52112.6,53241.52
50730.560000000005,52394.996,51515.15,52516.656
50051.58,51647.72,50287.17,51771.176
49487.33000000001,50875.715,49594.01000000001,51031.395
49246.729999999996,50235.46,49160.94,50420.137
48124.43,49691.453,48744.280000000006,49886.24
47858.799999999996,49201.1,48028.85999999999,49222.824
47553.49,48948.246,48131.50000000001,48915.0
47256.89,48781.996,47795.37,48671.703
47170.16,48671.95,47546.58,48505.08
47247.45,48619.887,47154.11,48376.59
47208.8,48662.645,47067.38,48351.52
47217.44,48760.383,47258.64,48397.562
47494.28,48902.402,47301.37,48516.04
47614.99,49204.67,47598.61,48756.668
47580.33,49591.633,47710.84,49103.043
47604.57,49981.14,47969.719999999994,49499.016
47907.33,50356.01,48228.560000000005,49936.414
47957.42,50903.312,48360.77,50519.555
48183.42999999999,51448.734,48984.39,51145.066
48708.66,51939.242,49699.21000000001,51769.16
49484.25000000001,52401.688,50148.44,52414.96
49746.34,53113.508,51420.07,53258.465
50340.84,53782.676,52106.01999999999,54083.414
50938.37,54347.84,53358.74,54844.824
53207.94999999999,54899.83,54713.509999999995,55596.72
54795.17,55739.08,58099.54,56546.71
56096.95,56777.57,60655.06,57618.285
57215.93,57830.707,62766.3,58679.805
58681.64,58849.348,64532.439999999995,59703.973
59330.219999999994,59777.543,66548.8,60695.14
59936.240000000005,60635.062,67274.19,61603.17
61025.58999999999,61398.473,67470.41,62454.402
62004.26,62058.75,67885.3,63208.434
62507.45999999999,62965.48,68803.59,64127.723
62582.369999999995,63755.438,69190.77,64962.75
62623.84,64397.723,69604.65,65672.96
62371.02,64869.926,69835.38,66233.836
62908.41,65480.43,69248.88,66911.94
63490.37,65844.78,69429.26,67391.14
63761.81,66152.38,69598.83,67781.89
63203.05000000001,66407.555,69625.85,68088.914
63496.47,66845.695,69651.8,68527.336
63756.43,66994.88,69901.24,68717.69
63760.509999999995,67066.4,70033.94,68797.695
63761.71,67084.26,70248.86,68787.64
63977.979999999996,67249.09,70464.94,68899.875
64134.66,67247.2,71231.31,68845.42
64081.100000000006,67176.36,71391.03,68696.97
63144.6,67056.32,71164.68,68486.734
62738.16,67061.945,70670.09,68414.08
62489.2,66774.81,70568.73,68085.98
62272.36,66403.445,70594.86,67674.93
62505.97,66013.61,70697.49,67241.125
62262.81999999999,65745.72,71038.24,66938.73
61669.32,65490.566,70894.37,66615.43
61312.54,65233.355,70165.88,66288.586
61505.780000000006,64949.562,69578.45,65952.914
61037.77,64730.98,69326.16,65707.06
60766.270000000004,64611.234,69376.54,65515.402
60382.82,64518.43,69357.17,65351.277
60334.02,64485.297,69129.35,65243.09
59802.08999999999,64429.9,69179.33,65154.145
59840.16,64449.652,69076.81,65119.418
59647.030000000006,64438.78,68835.28,65078.38
59433.70999999999,64480.18,68439.46,65089.85
59182.869999999995,64483.918,68258.78,65100.547
59285.03,64435.73,68394.9,65078.32
59737.38,64330.09,69012.44,65029.496
61301.43,64226.92,69800.58,64995.98
62607.79,64119.75,70825.25,64968.39
63388.56,64165.26,71454.19,65060.86
63643.72,64279.707,71919.72,65211.4
63704.3,64419.855,72113.83,65382.27
63577.57,64311.957,71931.94,65313.95
63316.01,64235.1,71480.87,65284.402
63044.4,64098.562,71323.39,65190.633
62884.990000000005,63925.17,70840.42,65049.49
62336.58000000001,63474.76,70563.1,64603.35
62136.22,63103.07,69883.01,64230.71
61894.87000000001,62670.918,69237.35,63788.055
60404.759999999995,62257.793,68528.15,63342.105
59279.32,61551.86,66813.22,62589.586
58462.32,60778.965,65552.43,61818.082
57991.63,59970.992,64472.7,61019.82
57051.77,59196.516,63529.59,60246.582
56618.22,58231.793,62529.84,59285.402
56049.61,57373.055,61646.939999999995,58432.86
55654.25,56634.97,60431.799999999996,57682.812
55060.04,55968.605,59763.65,57004.707
54354.420000000006,55322.92,59190.11,56399.45
53541.590000000004,54670.945,58024.37,55652.8
52245.01,54015.945,56871.04,54945.0
50521.72,53378.133,55848.32000000001,54263.676
49503.82,52527.38,54730.119999999995,53411.344
48788.43,51659.7,53520.32,52578.566
48320.42,50873.688,52421.780000000006,51835.496
47061.48,50224.82,51676.880000000005,51203.484
46513.16,49596.117,50486.99,50574.58
45933.37,48966.215,49764.82,49957.844
45472.94,48468.35,49362.08,49458.965
44748.98,48055.68,49115.409999999996,49031.63
44564.04,47410.875,48636.99,48343.895
44449.54,47042.805,48471.89,47933.555
43898.52,46858.37,48357.2,47649.35
43456.61,46812.676,48328.3,47491.297
43414.59,46862.797,47240.06,47400.07
43377.0,46891.695,47083.42,47337.715
43308.21,47003.46,47236.27,47367.605
43578.66,47163.42,47757.66,47475.25
43675.44,47499.293,47545.91,47697.78
43765.31,47852.71,47582.77,47983.91
43339.28,48192.504,47843.61,48311.754
43992.92,48510.184,48006.77,48675.992
44232.63,48886.504,48989.36000000001,49093.71
44369.25,49291.707,49245.2,49574.14
44503.25,49652.977,49564.57000000001,50061.68
44786.57,49942.69,50277.19,50536.883
44772.02,50345.66,51566.48,51102.492
45103.93,50611.105,52287.76,51589.566
45222.3,50758.395,53690.13,52002.22
45989.96,50867.617,55312.57,52379.46
46744.21,51196.87,58784.37999999999,52892.047
47324.21,51507.93,61180.59,53376.664
47921.93000000001,51862.973,62807.04,53871.516
48847.15,52217.992,64336.21,54354.98
49562.34,53077.133,66540.11,55307.938
50391.78,53423.957,67079.0,55790.625
51278.38999999999,53810.04,67424.82,56310.668
52393.9,54228.523,67962.04,56831.617
53081.48,54951.953,68182.73,57577.24
53590.72000000001,55608.977,68706.6,58249.52
53718.46,56176.977,69127.2,58843.414
53710.08,56669.656,69211.38,59369.453
53994.87,57331.76,69791.35,60060.88
54117.61,57777.613,69947.6,60559.312
54463.030000000006,58136.44,70329.84,60967.11
54702.619999999995,58410.86,70323.67,61288.54
55056.41,58921.98,70220.89,61827.984
55463.19,59239.777,70308.92,62172.547
55920.98,59487.18,70434.81,62429.84
56288.17,59693.117,70493.02,62627.67
56785.29,60111.414,70887.8,63026.84
57154.23,60368.773,71345.64,63256.406
57187.86,60581.598,71620.34,63421.45
57628.920000000006,60761.402,71492.44,63546.023
57498.79,61023.39,71108.01,63797.76
57148.17,61163.57,70575.16,63920.23
57311.97000000001,61212.26,70279.92,63951.02
57088.329999999994,61178.04,70177.45,63912.082
56793.66,61235.453,70162.43,63989.156
56527.2,61157.574,69610.19,63933.52
55886.52,61042.887,69197.35,63835.43
55629.11,60919.133,68463.12,63718.47
55096.77,60727.727,68375.62,63588.188
54957.97,60533.535,67967.43,63421.535
54610.91,60334.254,67878.96,63230.098
55309.49,60200.047,67516.59,63076.84
54959.85,60002.094,66433.28,62892.5
54973.969999999994,59977.105,66078.42,62801.867
54997.58999999999,59962.895,65865.18,62724.55
55063.61,59982.715,65785.89,62678.28
54875.84,59896.98,66032.19,62556.414
55483.65,59879.3,66071.84,62489.816
56082.05000000001,59859.184,66506.35,62442.03
58202.46,59926.63,67143.4,62474.082
59011.1,59824.727,68117.32,62360.504
59342.369999999995,60037.184,68612.1,62493.99
59449.96000000001,60277.867,68993.53,62671.375
59065.74,60497.39,68880.38,62852.234
58644.43,60398.098,68821.54,62743.273
58336.18,60375.69,68340.08,62717.82
57838.19,60289.99,67913.72,62644.6
57705.590000000004,60193.383,67655.12,62561.684
57031.270000000004,59799.812,67062.27,62180.48
56559.979999999996,59569.105,66259.69,61934.47
56214.7,59298.637,65589.53,61649.344
55002.60999999999,59027.17,64657.39,61355.375
53997.84,58433.93,63371.31,60746.305
53177.31,57895.29,62187.75000000001,60189.684
52611.82,57320.8,61182.04,59597.09
51938.57,56729.125,60339.340000000004,58993.12
51509.32,55843.438,59605.84,58125.383
50975.530000000006,55129.914,59036.65000000001,57398.277
50668.01,54481.332,58084.68,56725.56
51000.46,53866.734,57368.83999999999,56087.645
50080.55,52773.98,56829.82000000001,55072.098
49310.83,52138.918,55861.03,54330.02
48467.68000000001,51421.363,54809.91,53552.445
47523.21,50664.16,53750.97,52769.566
46735.54,49678.19,52036.13,51840.434
46090.6,48747.137,51075.86,50947.76
45570.26,47866.285,50442.75,50119.855
44301.78,47083.406,49512.84,49372.176
43758.5,46282.65,48972.31999999999,48634.133
43105.55,45503.17,48296.850000000006,47880.062
42654.37,44840.227,47671.54,47226.066
42000.26,44261.625,47334.38,46633.883
41487.98,43399.34,46309.29,45953.277
41449.22,42637.457,45919.57,45046.95
41215.9,42129.92,45620.03,44405.65
41098.08,41801.03,45167.24,43924.637
40797.06,41623.78,44814.1,43579.887
40661.79,41509.37,44865.14,43272.42
40580.45,41447.043,45026.29,43039.24
40627.64,41456.453,44758.23,42890.996
40598.13,41628.188,44686.25,42867.492
40644.55,41806.312,44664.57,42870.816
40670.45,42016.258,44780.81,42935.61
40897.14,42255.594,44903.9,43064.234
40912.82,42672.74,44979.71,43325.098
41257.65,43074.668,44956.44,43621.2
41490.54,43455.906,44894.73,43946.06
42253.09,43858.426,44974.08,44331.48
42318.11,44410.9,45539.04,44817.434
42424.89,44965.605,45389.5,45348.742
43215.16,45448.094,45161.11,45864.66
43999.98,45876.996,45401.42,46361.16
44518.98,46551.34,46289.48,47001.008
44903.2,47200.098,46885.23,47647.414
45388.6,47791.887,47109.32,48261.184
46677.79,48349.016,47853.48,48844.2
47128.64,49392.184,48596.91000000001,49891.348
47599.69,49900.14,49168.98,50402.754
48721.27999999999,50372.023,49875.01,50914.383
49995.25,50801.023,50988.28,51372.832
50564.99999999999,51446.242,52869.23999999999,51944.742
51341.49,52081.863,53902.08,52530.16
52052.33,52617.473,54818.5,53036.387
52941.41,53075.766,55679.32000000001,53473.26
53474.31,53668.203,56075.09999999999,54005.758
53530.27,54203.035,56452.76999999999,54525.06
53717.97,54659.92,57105.850000000006,54980.89
53925.49,54991.83,57613.95,55349.25
54236.14,55436.523,58386.48,55821.816
54482.87,55786.418,58495.56,56245.38
54733.04,56062.92,58596.899999999994,56589.137
54975.99,56277.496,59039.1,56866.055
55212.83,56625.207,59111.65,57266.387
55645.8,56899.816,59366.15,57611.06
55700.82,57102.336,59574.65,57861.184
55583.57,57262.332,59608.189999999995,58052.645
55615.49,57493.387,59497.27,58325.785
55447.74,57608.49,59179.439999999995,58500.477
55607.39,57648.977,58764.04,58570.613
55369.18,57623.855,58240.04,58569.625
55110.22,57656.195,57599.74,58623.562
55155.10999999999,57617.0,57046.69,58606.562
54278.66000000001,57537.95,56487.45,58519.05
53798.51,57461.254,55897.82000000001,58398.93
53548.53,57328.406,55772.05,58250.906
52995.49999999999,57163.53,55527.31,58048.523
52647.93,57012.883,55061.81,57826.65
52709.34,56888.227,54937.47,57624.754
52581.81,56792.914,55082.74,57454.61
52012.259999999995,56788.63,54840.79,57348.69
51943.27,56808.914,54787.24,57271.062
52315.77,56811.918,54675.33,57209.38
52287.69000000001,56793.953,54818.55,57141.164
52669.53,56838.45,54978.4,57141.65
53599.23,56863.875,55446.07,57152.016
55836.29000000001,56889.816,56496.159999999996,57181.32
56663.87,56903.152,58355.07,57206.184
57889.37999999999,57152.1,59286.64,57413.81
58434.8,57351.07,59997.33,57590.043
58110.42,57588.707,60132.81,57797.36
57510.2,57646.54,59812.78,57835.855
57145.02,57627.176,59469.30000000001,57816.195
57067.07,57479.51,58867.96,57696.016
56225.68,57270.66,58404.979999999996,57517.1
55397.73,56902.156,58098.51,57182.93
54644.11,56524.965,57536.94,56823.477
54145.05000000001,56055.96,57064.78,56373.234
53174.689999999995,55554.64,56310.06,55890.31
51710.99,54881.6,54801.52999999999,55268.297
51109.87,54244.15,53372.37,54659.01
50380.36,53499.848,52538.189999999995,53962.195
49568.590000000004,52800.5,51949.229999999996,53309.12
49066.05999999999,51962.152,51555.73,52581.3
48938.91,51221.25,51049.35,51894.65
48674.93,50517.566,50741.07,51241.492
48684.67,49917.293,50357.52,50679.56
48459.88,49048.4,51033.6,50065.254
47464.42,48504.15,50444.14,49535.48
46613.78,47981.34,49639.15000000001,49033.273
45777.64,47357.926,48857.84999999999,48457.32
45413.61,46563.18,48212.65,47798.348
44683.21,45758.844,47504.27,47094.758
43889.55,44975.113,46614.18,46427.16
42225.24,44191.17,46317.25,45756.484
41498.98,43306.4,45811.67,45064.926
41028.15,42335.633,45629.35,44256.184
40591.82,41412.836,45408.43,43488.29
39835.69,40594.598,44983.85,42788.68
39495.64,40017.504,43976.25,42548.895
38728.51,39468.203,43749.27,42039.984
38551.04,38934.062,43610.11,41547.438
38779.44,38431.742,43413.34,41072.605
38655.34,38067.348,43021.23,40690.62
38059.82,37849.785,42578.35,40383.957
38229.55,37716.285,42584.21,40146.9
38599.94,37613.332,42508.11,39952.56
38522.34,37736.055,42090.27,39933.1
38100.08,37961.918,42086.51,39996.426
38162.79,38229.234,41996.23,40120.418
38526.59,38503.79,42000.84,40292.727
38640.21,38990.95,42075.0,40628.527
38778.07,39530.98,41937.2,41043.305
38635.23,40112.074,42062.96,41531.094
39103.53,40716.086,41728.42,42072.043
39101.49,41471.54,41950.63,42720.797
38425.55,42205.383,42026.44,43407.383
38369.05,42873.113,41970.21,44077.047
38267.36,43381.844,42032.75,44643.93
38335.58,44066.742,41701.55,45308.574
38776.13,44623.363,41649.96,45917.46
38955.15,45129.63,41999.69,46481.496
39423.9,45638.734,42407.3,47028.902
39799.61,46549.09,42914.82,47873.613
40430.34,46847.457,43107.94,48147.375
41069.14,47166.11,43620.62,48483.457
42241.08,47504.527,44558.52,48815.7
43345.93,48016.754,45643.52,49205.145
44366.28,48542.375,46482.17,49647.598
45090.17,49058.152,47284.3,50063.496
45823.21,49524.164,47981.49,50435.477
46390.41,50059.18,48957.0,50820.203
46936.47,50520.31,49701.19,51199.56
47308.95,50853.453,50156.32,51475.367
48081.549999999996,51082.047,50930.09,51663.676
48835.05999999999,51351.098,51408.0,51864.617
48932.47,51637.9,51802.57000000001,52127.637
49694.56,51884.375,52401.46,52353.445
50458.05,52011.535,52861.17,52479.93
51441.55999999999,52247.453,53635.40000000001,52668.527
52019.06,52539.293,54307.780000000006,52926.41
52050.79,52839.86,54463.44,53173.34
51822.46,53091.574,54201.91999999999,53373.324
51532.81,53300.63,53984.52,53547.25
51319.72000000001,53498.39,53673.27,53732.555
50709.94,53608.543,53303.13999999999,53837.883
50151.44000000001,53692.97,53003.59,53913.7
49574.33999999999,53698.047,52895.72,53924.984
49279.47,53742.684,52824.96,53968.656
48673.45,53749.766,52565.86,53965.44
48468.79,53764.67,51481.41,53954.867
48486.93000000001,53712.566,51411.92,53877.56
48234.159999999996,53798.387,50680.19,53903.766
48096.439999999995,53912.46,50786.67,53945.043
48507.04,54028.496,50392.73,53991.188
48346.85,54127.8,50672.64,54023.94
48347.32,54397.305,50477.96,54205.05
48114.51,54629.742,50504.88,54377.082
48280.05,54861.742,50719.5,54564.832
48732.02,55049.85,51558.19999999999,54722.27
49318.79000000001,55301.81,51988.04,54947.152
50364.59999999999,55567.59,52649.56999999999,55195.016
52326.03,55844.375,54107.55,55465.74
53342.49,56158.11,55200.43,55765.87
53959.5,56629.04,56310.78999999999,56201.758
54520.84,57043.05,56767.259999999995,56593.613
54846.69,57382.273,56880.68,56925.98
54455.57,57574.9,57372.68,57124.008
54400.97,57697.73,57414.14,57259.19
53914.299999999996,57668.434,57211.38,57261.703
53293.94000000001,57601.46,56888.86,57229.32
52864.060000000005,57344.39,56053.04,57027.043
52571.8,57000.965,55404.69,56742.938
51884.159999999996,56610.383,54809.69,56406.727
51360.13,56220.82,54434.04000000001,56059.805
50368.22,55693.867,54637.19000000001,55599.465
50049.12000000001,55113.58,54018.51,55075.56
49308.369999999995,54474.266,53284.67,54497.617
48881.63,53898.496,52607.37000000001,53971.8
48141.68,53233.707,52961.19,53387.953
47735.89,52554.965,52709.84999999999,52765.434
47636.01,51875.594,52446.28,52141.035
47827.40000000001,51264.652,52312.009999999995,51574.773
47346.59,50728.605,53117.12,51161.97
46394.48,50175.57,52582.83,50605.562
45844.85,49618.605,52012.14000000001,50045.48
44865.32,48968.523,51302.47,49410.785
44238.11,48294.664,49608.240000000005,48786.926
43670.12,47493.125,48685.82,48024.355
43021.98,46733.8,48027.70999999999,47311.223
42351.11,46022.258,47393.93,46635.215
41875.33,45305.285,46606.6,45991.973
41708.09,44530.902,46002.09,45260.332
41509.18,43841.668,46205.72,44597.9
40980.35,43276.33,45852.99,44024.766
41012.58,43815.84,45157.21,44429.7
40958.69,43888.293,44782.96,44366.41
40884.66,43910.184,44840.96,44243.785
40241.71,43942.926,44733.12,44138.71
40291.53,44091.53,44209.51,44102.938
40564.96,44089.91,44278.64,43969.684
40642.22,44174.594,44439.04,43933.01
40515.8,44403.645,44541.98,44030.39
40887.67,44848.676,44671.75,44287.37
41345.34,45226.816,44745.7,44542.184
41698.89,45677.902,44887.32,44897.883
42384.26,46208.473,45223.64,45360.355
42898.8,46967.73,46019.0,46006.92
43502.83,47709.96,46544.54,46686.11
44153.98,48423.723,47096.34,47401.98
45293.59,49092.914,47599.49,48134.37
46245.27,49986.71,49536.69,49044.07
47777.73,50830.28,50409.71,49941.812
49986.04,51600.836,51487.07,50818.75
53272.91,52434.695,53380.47000000001,51747.496
56133.1,53722.83,56455.73999999999,52970.465
58351.73,55253.562,59010.96,54356.895
60355.64,56907.453,61313.41999999999,55829.477
62672.4,58497.695,63246.31,57249.676
63454.4,59657.355,65771.76,58561.312
63786.049999999996,61067.78,67057.57,59872.035
64665.42,62260.83,67494.83,61062.734
65679.67,63160.137,68045.51,62047.1
65893.81,64263.62,68428.81,63202.13
66304.87,65215.266,68954.72,64241.637
66518.18,65940.805,69676.39,65116.45
65946.44,66508.82,70153.49,65864.88
66201.11,67226.58,69816.27,66774.47
67064.35,67585.74,70472.63,67380.54
67304.23,67838.08,70694.25,67865.87
67441.01,68059.586,71163.31,68280.41
67743.51,68480.28,70956.14,68881.42
68042.6,68654.625,70937.98,69206.33
68100.33,68724.875,71112.13,69400.484
68140.18,68705.055,70892.12,69465.74
68172.35,68878.9,70993.98,69730.055
67853.41,68837.86,71190.07,69736.7
68118.56,68732.01,71234.56,69659.63
67502.66,68539.97,71165.54,69500.055
67501.87,68590.04,71144.42,69602.38
67723.19,68401.56,71128.64,69454.9
68042.58,68235.805,71531.58,69303.31
68592.79,68104.47,71455.4,69166.95
67973.75,68162.25,71396.44,69244.61
67348.29,68175.93,71233.67,69219.69
67095.0,68074.41,70891.43,69080.2
67336.98,67911.016,70374.46,68880.5
67465.15,67821.17,70412.63,68776.67
67203.86,67741.53,70723.66,68614.1
66476.83,67718.79,70597.81,68487.73
66837.1,67699.984,70436.62,68369.31
66408.34,67637.695,70440.56,68253.555
66160.32,67666.6,70274.15,68199.766
65726.94,67683.4,70091.06,68159.79
65529.37,67727.67,69471.95,68168.96
65423.079999999994,67760.44,69325.45,68195.06
65537.99,67775.53,69380.39,68210.555
66288.21,67804.81,69801.68,68256.48
67700.83,67855.555,70881.48,68333.836
68846.53,67918.47,72055.25,68403.06
69299.5,68087.11,72487.83,68573.414
69602.33,68270.516,72642.94,68758.27
68989.28,68393.48,72298.23,68896.31
68511.76,68313.48,72470.62,68807.13
68116.55,68149.61,72105.93,68676.89
67746.33,67909.055,72084.89,68475.74
67415.89,67621.33,71893.72,68230.734
66647.96,67080.07,71583.23,67705.58
66388.6,66601.02,70527.58,67270.08
65706.07,66056.92,70235.73,66771.375
64337.7,65541.13,69747.56,66289.21
63018.65,64752.67,67760.03,65505.133
62173.98,63936.47,66369.52,64745.344
61162.09,63075.973,65623.44,63942.375
59526.67,62264.37,64462.780000000006,63180.11
58408.310000000005,61217.875,62416.75,62163.688
57459.72,60174.723,61624.33,61197.793
56431.24,59181.914,60942.78,60278.33
56064.37,58264.34,59950.909999999996,59422.64
55048.32000000001,57465.33,59106.27,58689.965
53775.30000000001,56522.49,58638.490000000005,57781.57
52595.87,55646.367,57755.62000000001,56955.96
51266.85,54763.605,56812.97000000001,56126.797
50413.21,53749.08,55625.96,55161.973
49725.51,52787.824,54434.82,54267.418
49182.3,51948.918,53694.4,53481.797
47939.73,51233.83,52816.2,52789.02
48005.45,50567.3,51175.23000000001,52091.902
47498.89,49904.242,50783.7,51404.086
46960.15,49512.742,50221.37,50916.598
46204.11,49203.477,49712.01,50491.0
45953.89,48872.082,48980.71,50103.16
45925.62,48615.008,48751.630000000005,49774.637
45323.21,48388.207,48611.69,49479.2
45456.73,48233.953,48386.75,49235.71
45502.62,48079.254,48160.270000000004,48972.52
45629.16,48040.754,47900.3,48797.742
45761.46,48093.18,48072.27999999999,48714.58
46042.29,48223.16,47961.13999999999,48714.836
46100.22,48517.543,48491.30999999999,48829.145
46486.69,48872.145,48640.829999999994,49022.24
46839.01,49237.64,48364.31,49275.984
47375.04,49666.25,48417.82,49617.293
47667.84,50293.215,49318.67,50111.848
48388.87999999999,50924.277,49807.8,50655.414
49017.17,51515.652,50262.18,51224.53
50421.84,52139.418,50952.82,51856.742
51333.13,52965.918,52681.18000000001,52654.895
52154.99,53850.5,53374.73000000001,53529.098
53699.65,54708.594,54552.71,54417.168
56497.49,55532.395,55542.57,55298.664
58473.14,56735.05,59005.62999999999,56449.97
60457.75,58135.41,61389.63,57748.305
62738.85,59540.48,63161.57,59054.082
64412.37999999999,60938.41,64658.26999999999,60348.227
65018.7,61948.184,67107.82,61476.81
65705.65,63260.4,68202.81,62755.59
66464.34,64335.316,68865.07,63870.008
66898.96,65231.77,69237.88,64834.902
67200.89,66355.43,69729.64,65989.27
67629.11,67203.03,70229.89,66941.82
67683.17,67856.7,70496.47,67725.45
67077.73,68361.94,70543.61,68373.32
67309.52,69091.55,70540.29,69235.43
67385.33,69399.12,70810.9,69749.91
67724.13,69578.88,70978.04,70110.3
67758.62,69628.32,71118.87,70325.72
67751.1,70029.94,70918.13,70842.086
68155.28,70096.56,70962.4,71050.68
68557.59,70047.06,71362.47,71116.695
68982.4,69974.99,71607.05,71126.85
69258.03,70264.04,71273.27,71447.64
69074.41,70312.34,71587.23,71540.19
69063.63,70303.18,71677.33,71552.28
68536.07,70189.29,71780.02,71453.66
68259.44,70350.39,71588.76,71627.97
68628.01,70189.53,71417.84,71512.69
68933.57,69999.46,71669.08,71349.37
68868.68,69880.71,71555.25,71220.375
68703.77,70023.77,71179.13,71337.055
68091.04,69949.58,70343.23,71241.48
67495.87,69839.59,70062.89,71101.27
67334.49,69651.84,69155.02,70885.08
66822.1,69573.75,69840.62,70796.88
66683.82,69383.23,69671.44,70561.836
66367.63,69209.516,69306.36,70332.56
66545.29,69107.5,69030.19,70160.15
66312.5,69099.68,69381.57,70096.4
65984.26,69102.99,69209.75,70020.35
65443.45,69126.734,68828.35,69974.94
66003.52,69170.93,68582.04,69968.38
66111.05,69230.89,68541.91,70011.6
66533.94,69327.09,68677.17,70077.02
67351.99,69413.46,69186.6,70146.93
68549.34,69513.7,69906.31,70235.16
69413.31,69595.93,70622.86,70298.46
70020.32,69735.18,71153.73,70416.086
70321.58,69856.516,71322.11,70522.79
69891.07,69952.375,71340.88,70610.734
69461.18,69794.67,72093.97,70448.03
69500.94,69598.29,71730.98,70284.18
69394.49,69318.97,71301.47,70048.836
69108.65,69037.59,71370.27,69802.5
68203.41,68464.82,70541.12,69250.87
67667.82,67960.664,69510.87,68775.984
67087.0,67365.22,69101.21,68212.07
65901.0,66765.3,68610.78,67636.9
64604.98999999999,65835.47,67944.28,66728.17
63377.38,64928.56,66862.08,65859.84
62387.22,63981.89,65714.93,64959.24
61813.37,63037.758,64604.170000000006,64067.848
60808.73,61816.34,63404.38,62906.035
59598.12,60826.562,62664.079999999994,61961.62
58985.58,59897.145,61640.08,61077.402
57886.71,59006.54,60720.19000000001,60238.78
57097.950000000004,58255.137,60337.25,59460.508
55586.54,57282.336,59530.1,58473.316
54631.93000000001,56419.812,58323.43,57592.95
53537.340000000004,55543.406,57802.71,56721.9
52140.52,54537.082,56553.51,55721.24
51389.74999999999,53693.63,55645.08,54868.59
50705.29,52887.664,54615.85,54064.113
49663.68000000001,52237.027,53880.79,53385.938
48947.96,51556.65,52109.59,52652.305
48110.44999999999,51013.77,51629.4,52026.07
47836.54,50571.035,51403.2,51503.023
48056.579999999994,50166.87,50857.93,51018.332
47728.05,49733.86,50565.26,50354.9
47491.68,49674.62,50333.28,50079.81
47072.32,49584.523,50165.69,49800.562
46853.16,49478.617,49978.85,49532.164
46841.89,49402.348,49003.67,49264.285
46875.86,49373.54,48848.36,49050.504
46739.4,49418.656,49137.81,48923.887
47546.24,49542.82,49283.509999999995,48886.95
47794.55,49814.0,49317.880000000005,48957.996
47628.86,50261.72,49574.07,49188.848
47956.58,50750.027,49847.77,49510.285
48847.12,51200.594,50199.69000000001,49863.566
49270.93,51861.555,51393.48,50401.74
49509.41,52606.195,51527.52,51048.773
50320.26999999999,53335.79,51951.26,51747.934
51466.170000000006,53994.957,52546.58,52443.418
52173.2,54905.676,54046.86,53351.383
53132.72,55823.297,54467.85999999999,54295.0
54801.28999999999,56646.715,55301.76000000001,55195.24
58223.86,57444.594,56288.549999999996,56083.72
60537.41,58608.6,58307.06,57239.62
62377.85999999999,60043.652,60617.06,58585.395
64072.14,61475.72,62573.16,59915.797
66087.27,62809.47,64179.28,61160.434
66531.99,63528.594,66547.1,62001.9
66822.33,64727.6,67328.1,63138.477
67552.88,65638.055,67730.32,64061.996
68153.77,66350.945,68051.84,64819.367
68867.84,67305.45,68745.94,65772.3
68743.14,68052.23,69180.07,66560.33
69141.22,68682.58,69353.25,67238.82
68870.66,69106.35,68877.53,67747.15
69042.01,69810.56,68767.35,68503.586
69027.46,70203.5,69091.0,69005.266
69075.73,70482.445,69270.61,69394.76
69243.32,70623.55,69389.59,69652.26
69363.04,71052.88,69503.38,70166.76
69579.27,71234.195,69534.31,70465.72
69533.05,71316.65,69939.47,70653.51
69788.86,71336.805,70091.59,70766.19
70305.47,71597.3,70295.17,71088.59
70420.91,71640.37,70888.0,71213.5
70624.27,71650.79,71048.78,71283.91
69879.81,71584.74,70759.91,71270.23
69865.97,71737.03,70235.38,71461.625
69852.87,71539.25,70100.15,71341.445
69761.05,71326.55,69868.81,71183.39
69972.46,71098.37,70179.82,70988.414
69556.31,71050.234,70140.14,70971.875
69262.61,70862.13,70099.66,70798.8
68745.77,70616.32,69759.64,70565.92
68810.12,70368.07,69122.06,70325.9
68604.14,70231.44,68497.9,70212.97
68431.46,70057.055,68231.28,70038.09
68242.98,69922.875,68056.32,69890.445
68692.9,69849.78,67880.19,69797.4
68169.38,69862.42,68295.08,69799.03
67861.45,69931.43,68094.74,69828.23
67583.21,69962.99,67750.81,69837.32
67634.77,70003.6,67314.11,69867.86
67433.82,70076.6,67374.33,69941.26
67722.6,70129.06,67638.96,69993.11
68466.28,70155.14,68159.46,70029.74
69874.8,70216.14,69036.67,70098.8
70726.29,70288.26,69890.47,70168.164
70825.25,70444.42,70253.83,70305.16
71010.15,70580.49,70374.02,70420.086
70581.09,70644.19,70246.72,70480.85
69851.92,70471.01,70288.87,70311.52
69770.38,70263.44,69899.48,70141.98
69419.85,69950.195,69471.16,69880.61
69034.29,69648.46,69415.39,69623.62
68169.76,69059.55,68912.75,69082.74
67541.41,68521.58,68530.29,68602.24
67114.37,67906.375,68105.19,68044.59
65629.03,67276.516,67304.74,67469.74
64348.23,66329.77,66420.51,66581.625
63460.49,65367.113,65290.83000000001,65710.15
62516.31,64364.14,64340.95,64808.277
61737.6,63413.617,63607.83,63951.062
60919.27,62211.92,62876.19,62848.523
59906.61,61213.98,62105.34,61937.73
59199.81,60283.5,61269.84,61084.277
58821.98,59411.84,60281.86,60278.605
57700.81,58613.99,59611.3,59495.395
56686.21,57771.94,58570.27,58616.44
55449.18,56874.945,57354.99,57685.504
53906.22,56019.01,56574.49,56797.34
53097.09,54979.37,55551.5,55749.438
52112.6,53980.52,54386.32,54768.125
51515.15,53072.645,53561.11,53875.023
50287.17,52225.844,52926.14,53047.598
49594.01000000001,51362.812,51682.22,52189.06
49160.94,50571.566,51017.26,51411.496
48744.280000000006,49871.82,50912.729999999996,50730.305
48028.85999999999,49322.74,50415.350000000006,50173.543
48131.50000000001,48754.766,49826.68,49419.56
47795.37,48530.72,49434.21,49092.453
47546.58,48452.863,49266.780000000006,48868.78
47154.11,48377.496,48899.659999999996,48686.285
47067.38,48387.832,48264.85,48559.535
47258.64,48399.727,48224.52,48475.207
47301.37,48452.176,48242.94,48453.465
47598.61,48599.855,48429.52,48534.305
47710.84,48938.47,48633.35,48747.434
47969.719999999994,49344.45,48696.44,49059.742
48228.560000000005,49728.27,48851.55999999999,49406.066
48360.77,50163.67,48975.8,49836.902
48984.39,50796.707,49970.91,50424.23
49699.21000000001,51379.11,50112.76,51032.418
50148.44,51996.2,50416.73999999999,51705.45
51420.07,52656.016,50952.2,52451.18
52106.01999999999,53469.875,52383.05999999999,53328.867
53358.74,54331.887,53058.98,54256.56
54713.509999999995,55110.695,53879.69000000001,55146.86
58099.54,55951.457,55241.01,56082.176
60655.06,57146.863,58415.159999999996,57266.594
62766.3,58649.715,60823.52,58650.125
64532.439999999995,60216.61,62829.46,60063.18
66548.8,61738.598,64604.969999999994,61438.605
67274.19,62853.92,66486.74,62558.44
67470.41,64077.29,67219.77,63705.336
67885.3,65093.242,67421.1,64717.0
68803.59,65865.03,67882.13,65538.59
69190.77,66777.31,68240.4,66478.17
69604.65,67550.74,68819.66,67292.75
69835.38,68159.48,69260.0,67964.63
69248.88,68648.36,69490.64,68522.81
69429.26,69335.01,68319.89,69250.18
69598.83,69678.82,67988.13,69700.71
69625.85,69923.81,68459.16,70046.36
69651.8,70075.42,68696.42,70284.414
69901.24,70460.266,69412.62,70712.0
70033.94,70615.51,69449.06,70926.34
70248.86,70695.375,69560.36,71036.67
70464.94,70702.04,69560.0,71054.31
71231.31,70942.414,69635.31,71267.73
71391.03,70992.64,69940.28,71288.7
71164.68,71066.445,69921.23,71291.766
70670.09,71051.51,70166.66,71201.92
70568.73,71152.5,70397.97,71246.49
70594.86,70990.086,70093.42,71053.89
70697.49,70781.52,70158.27,70806.99
71038.24,70574.96,70142.39,70549.516
70894.37,70540.28,69681.41,70467.94
70165.88,70428.125,68999.92,70286.37
69578.45,70286.3,68150.38,70073.93
69326.16,70072.93,67416.61,69817.52
69376.54,69932.37,68212.45,69668.89
69357.17,69753.93,68476.02,69462.22
69129.35,69676.62,68006.01,69333.516
69179.33,69659.96,67895.85,69255.37
69076.81,69679.71,67637.85,69240.16
68835.28,69716.016,67189.26,69227.49
68439.46,69775.04,66770.48,69245.6
68258.78,69830.234,66528.15,69273.305
68394.9,69829.45,66094.66,69274.13
69012.44,69809.69,66095.19,69266.27
69800.58,69810.19,66765.06,69279.71
70825.25,69885.79,67890.06,69355.21
71454.19,69903.7,69286.55,69371.195
71919.72,70024.92,69978.12,69486.6
72113.83,70110.45,70338.44,69574.21
71931.94,70197.51,70250.95,69665.516
71480.87,70035.72,70303.08,69519.414
71323.39,69902.83,70152.65,69428.92
70840.42,69680.055,70105.79,69255.36
70563.1,69463.086,69894.66,69077.0
69883.01,68953.56,70089.18,68608.79
69237.35,68542.305,69594.43,68238.12
68528.15,68079.984,69107.59,67809.91
66813.22,67604.4,68341.46,67357.52
65552.43,66789.47,66806.24,66577.61
64472.7,65944.266,65599.49,65807.53
63529.59,65064.617,64803.15,64999.316
62529.84,64203.27,64014.22,64204.598
61646.939999999995,63072.69,62982.05999999999,63159.7
60431.799999999996,62106.902,62159.020000000004,62267.81
59763.65,61189.883,61325.36,61415.176
59190.11,60294.008,60324.63,60593.25
58024.37,59685.395,59937.93,60046.14
56871.04,58850.812,59204.869999999995,59168.59
55848.32000000001,57965.7,58160.48,58263.305
54730.119999999995,57083.035,57433.49,57370.293
53520.32,56042.234,56179.77,56346.57
52421.780000000006,55123.684,55073.16000000001,55435.07
51676.880000000005,54223.836,54477.34,54568.918
50486.99,53395.043,53556.94999999999,53778.59
49764.82,52550.918,51220.8,52971.17
49362.08,51778.637,50511.130000000005,52233.133
49115.409999999996,51132.55,50698.79,51613.758
48636.99,50651.035,50218.35,51123.098
48471.89,50281.066,49463.92,50521.12
48357.2,50097.758,48955.67,50153.824
48328.3,50046.89,48860.37,49890.277
47240.06,50110.348,48940.4,49743.0
47083.42,50297.766,48347.7,49676.926
47236.27,50298.14,48255.97,49539.67
47757.66,50381.348,48079.98,49496.207
47545.91,50562.14,48034.229999999996,49552.59
47582.77,51010.484,48031.2,49769.074
47843.61,51376.902,48425.299999999996,49991.26
48006.77,51732.332,48736.13,50263.625
48989.36000000001,52100.65,48966.09,50591.613
49245.2,52598.137,49669.310000000005,51011.5
49564.57000000001,53216.477,50382.61,51572.81
50277.19,53755.367,50775.119999999995,52128.0
51566.48,54232.344,50711.8,52684.54
52287.76,54900.5,52392.58,53377.438
53690.13,55610.145,53159.66000000001,54129.758
55312.57,56272.113,54082.85999999999,54872.74
58784.37999999999,57034.258,55163.79,55687.902
61180.59,58160.883,57792.299999999996,56742.324
62807.04,59621.406,60255.68000000001,58017.11
64336.21,61121.64,62040.36,59320.32
66540.11,62544.535,63950.26999999999,60573.855
67079.0,63468.08,66124.66,61560.23
67424.82,64591.07,66689.18,62616.457
67962.04,65490.812,67426.2,63520.945
68182.73,66209.57,68235.52,64275.13
68706.6,67097.37,69236.95,65172.445
69127.2,67774.4,70139.65,65877.36
69211.38,68314.43,70411.87,66461.81
69791.35,68746.65,70443.68,66945.37
69947.6,69326.18,69942.35,67585.2
70329.84,69712.87,70229.12,68036.95
70323.67,69953.516,70218.86,68357.555
70220.89,70119.875,70128.04,68608.375
70308.92,70513.4,70125.32,69099.445
70434.81,70612.625,69904.39,69321.38
70493.02,70628.55,70167.13,69457.586
70887.8,70597.29,69586.26,69541.305
71345.64,70837.336,69169.96,69898.69
71620.34,70882.875,69040.51,70051.34
71492.44,70903.47,69616.47,70155.39
71108.01,70901.85,70004.33,70229.81
70575.16,71065.4,70754.49,70506.22
70279.92,70915.44,70529.21,70496.23
70177.45,70652.27,70121.37,70374.445
70162.43,70377.61,69560.97,70227.66
69610.19,70317.42,69448.89,70297.28
69197.35,70109.98,69127.77,70197.45
68463.12,69853.0,68273.79,70033.016
68375.62,69591.484,67142.08,69838.664
67967.43,69409.39,67111.78,69744.39
67878.96,69181.36,67057.53,69541.5
67516.59,68977.48,66756.87,69315.56
66433.28,68859.52,66608.06,69129.31
66078.42,68804.11,66743.88,69012.7
65865.18,68584.75,66420.06,68740.18
65785.89,68441.17,65973.58,68522.58
66032.19,68353.66,65698.17,68353.21
66071.84,68314.195,66045.85,68233.7
66506.35,68302.79,66221.4,68132.25
67143.4,68310.016,66665.93,68064.625
68117.32,68377.79,67594.12,68059.48
68612.1,68373.664,68451.81,67983.09
68993.53,68479.23,68463.44,68007.8
68880.38,68568.16,68474.58,68026.516
68821.54,68659.03,68669.96,68051.805
68340.08,68446.42,68408.18,67796.195
67913.72,68321.39,67819.25,67636.77
67655.12,68092.12,67588.64,67387.37
67062.27,67838.38,67338.58,67113.29
66259.69,67310.42,66573.9,66571.336
65589.53,66896.02,65623.64,66131.53
64657.39,66406.16,64842.21,65619.24
63371.31,65911.41,63917.53,65094.38
62187.75000000001,65072.086,62431.939999999995,64268.21
61182.04,64317.668,61159.12,63524.332
60339.340000000004,63515.31,60069.7,62738.63
59605.84,62699.73,59326.06,61950.395
59036.65000000001,61598.633,58876.87,60949.918
58084.68,60727.8,57809.05999999999,60125.066
57368.83999999999,59891.21,57095.0,59335.05
56829.82000000001,59048.383,56559.7,58557.54
55861.03,58091.844,56730.38999999999,57757.05
54809.91,57297.996,55923.05999999999,56961.18
53750.97,56441.074,54873.119999999995,56121.598
52036.13,55534.426,54201.28,55265.594
51075.86,54368.875,52939.16,54268.234
50442.75,53212.79,51967.90000000001,53252.48
49512.84,52092.426,51298.82,52292.293
48972.31999999999,51078.25,50926.69,51415.055
48296.850000000006,49964.34,48837.96,50494.188
47671.54,49060.7,48184.43000000001,49675.297
47334.38,48266.605,47426.02,48948.723
46309.29,47612.16,46978.5,48323.35
45919.57,46877.99,46666.66,47958.7
45620.03,46155.31,46135.93,47135.31
45167.24,45708.176,45872.92,46603.902
44814.1,45414.598,45638.88,46200.887
44865.14,45162.195,45176.02,45842.996
45026.29,45004.617,45026.64,45541.938
44758.23,44977.664,44998.22,45355.715
44686.25,45088.777,44869.57,45288.03
44664.57,45244.375,45162.04,45248.08
44780.81,45445.348,45294.86,45271.24
44903.9,45689.49,45253.55,45363.266
44979.71,45998.973,45358.2,45541.914
44956.44,46457.902,45201.48,45821.133
44894.73,46907.746,45219.53,46149.54
44974.08,47326.188,45541.62,46501.516
45539.04,47740.516,45536.95,46893.043
45389.5,48301.004,45214.1,47367.363
45161.11,48896.11,44947.88,47918.24
45401.42,49428.684,45165.49,48458.29
46289.48,49910.363,45016.07,48985.336
46885.23,50642.48,45510.42,49650.965
47109.32,51435.29,45786.28,50399.27
47853.48,52216.64,46332.04,51150.074
48596.91000000001,52944.215,46996.76,51866.656
49168.98,53950.08,48145.79,52864.113
49875.01,54510.504,49120.11000000001,53409.484
50988.28,55037.65,49796.77,53979.95
52869.23999999999,55556.656,50494.13,54526.168
53902.08,56273.543,51496.03,55170.1
54818.5,57025.92,52476.66999999999,55877.99
55679.32000000001,57713.22,53067.88,56530.316
56075.09999999999,58297.754,54095.07,57101.28
56452.76999999999,58999.254,55244.59,57736.984
57105.850000000006,59483.812,56118.41999999999,58255.992
57613.95,59847.414,57059.90000000001,58668.18
58386.48,60122.613,57272.350000000006,59004.406
58495.56,60527.42,57319.450000000004,59442.137
58596.899999999994,60810.875,57712.04,59820.43
59039.1,60974.46,57889.37,60084.72
59111.65,61042.605,57836.95,60263.848
59366.15,61304.55,58401.39,60599.36
59574.65,61401.145,58707.3,60821.16
59608.189999999995,61460.66,59157.71,60983.223
59497.27,61487.17,58470.98999999999,61105.19
59179.439999999995,61643.793,58339.62,61345.734
58764.04,61634.977,58224.48,61459.94
58240.04,61571.324,58042.93,61492.3
57599.74,61442.973,57942.11,61448.79
57046.69,61391.926,57125.51,61475.305
56487.45,61197.605,56823.81,61374.223
55897.82000000001,60988.67,56743.91,61222.625
55772.05,60759.145,56586.08,61023.766
55527.31,60587.867,56159.11,60864.617
55061.81,60402.72,55712.549999999996,60660.594
54937.47,60255.6,55984.42,60461.44
55082.74,60121.383,55074.29,60264.38
54840.79,60049.664,55474.15,60120.16
54787.24,60016.363,54978.44,59994.67
54675.33,60016.98,55486.5,59905.445
54818.55,60053.14,55751.92,59854.07
54978.4,60152.75,55729.82,59861.535
55446.07,60239.51,55788.46,59859.746
56496.159999999996,60351.285,56863.85,59897.27
58355.07,60482.363,57920.11,59963.383
59286.64,60664.266,59251.87999999999,60068.82
59997.33,60978.918,59812.950000000004,60282.73
60132.81,61261.516,59991.99,60478.137
59812.78,61486.46,60026.68,60626.492
59469.30000000001,61504.38,59927.15,60594.164
58867.96,61448.094,60047.38,60506.324
58404.979999999996,61265.645,59823.47,60316.938
58098.51,60979.484,59468.08,60048.32
57536.94,60517.77,59572.64,59632.195
57064.78,60120.242,59153.31999999999,59254.83
56310.06,59638.246,58849.18,58794.324
54801.52999999999,59131.8,58567.55000000001,58308.883
53372.37,58423.84,56942.51,57679.918
52538.189999999995,57688.188,55582.83000000001,57005.82
51949.229999999996,56856.633,54656.45999999999,56255.117
51555.73,56055.29,54186.23,55531.523
51049.35,55168.418,53378.99999999999,54785.035
50741.07,54443.707,52690.18,54117.984
50357.52,53729.49,52443.65000000001,53463.16
51033.6,53080.625,52459.17,52870.266
50444.14,52302.51,52035.26,52351.99
49639.15000000001,51808.914,51493.13,51873.516
48857.84999999999,51233.324,50708.45999999999,51315.977
48212.65,50567.242,49676.61,50699.68
47504.27,49697.395,48355.57,49988.5
46614.18,48858.535,47351.9,49264.18
46317.25,47964.074,46731.18,48512.0
45811.67,47025.938,46250.06,47730.523
45629.35,46047.004,45161.07,46963.99
45408.43,45136.98,44553.43,46194.15
44983.85,44295.316,43939.97,45478.266
43976.25,43552.406,43598.97,44828.992
43749.27,42977.453,43071.68,44630.938
43610.11,42429.19,42832.96,44144.406
43413.34,41897.94,42615.96,43680.94
43021.23,41491.598,42308.35,43303.754
42578.35,41156.293,42165.91,42969.88
42584.21,40894.066,41782.96,42653.14
42508.11,40674.984,41837.05,42372.816
42090.27,40585.07,41613.13,42197.93
42086.51,40626.227,41610.13,42106.46
41996.23,40695.71,41626.97,42047.074
42000.84,40868.426,41663.67,42097.59
42075.0,41138.96,41318.21,42239.31
41937.2,41592.695,41988.0,42511.34
42062.96,42098.23,42159.99,42861.336
41728.42,42621.777,42223.3,43265.25
41950.63,43213.887,42132.59,43759.305
42026.44,43923.383,41911.73,44325.797
41970.21,44610.95,41746.7,44934.414
42032.75,45259.75,41710.96,45551.656
41701.55,45861.996,41283.95,46145.395
41649.96,46633.527,40581.14,46831.36
41999.69,47252.375,40793.56,47462.273
42407.3,47804.72,40965.04,48042.355
42914.82,48368.312,41471.9,48627.766
43107.94,49139.297,42655.47,49333.9
43620.62,49491.996,43241.1,49639.516
44558.52,49853.953,43718.66,50022.9
45643.52,50230.656,43870.28,50401.97
46482.17,50825.4,44920.92,50890.227
47284.3,51401.945,45806.06,51425.914
47981.49,51915.96,47106.92,51913.11
48957.0,52327.99,47941.71,52305.633
49701.19,52772.832,48659.03,52664.336
50156.32,53173.605,49563.36,53050.324
50930.09,53480.527,50104.47000000001,53350.215
51408.0,53647.137,50917.63,53523.164
51802.57000000001,53914.523,51313.05,53737.773
52401.46,54100.348,52076.41000000001,53930.184
52861.17,54210.875,52756.45,54060.28
53635.40000000001,54318.566,53178.83999999999,54178.8
54307.780000000006,54484.75,54259.02,54323.66
54463.44,54716.652,54882.27,54553.49
54201.91999999999,54943.777,55320.08,54778.91
53984.52,55096.293,54855.15,54946.184
53673.27,55194.418,54616.85,55065.242
53303.13999999999,55295.44,54338.38999999999,55209.36
53003.59,55339.992,54218.83,55298.27
52895.72,55352.395,54024.47,55351.516
52824.96,55341.59,54002.5,55370.152
52565.86,55421.15,53371.44999999999,55456.316
51481.41,55509.69,53008.92,55526.477
51411.92,55574.957,52664.85,55557.676
50680.19,55497.37,52828.44999999999,55451.086
50786.67,55578.29,52430.91000000001,55454.156
50392.73,55602.09,52217.68,55409.73
50672.64,55728.094,52104.77,55445.094
50477.96,55830.188,52295.01,55459.105
50504.88,56061.188,51663.56,55580.58
50719.5,56289.156,51796.630000000005,55718.812
51558.19999999999,56531.88,51941.100000000006,55882.918
51988.04,56833.863,52266.95,56102.746
52649.56999999999,57218.598,52435.13,56401.79
54107.55,57568.133,53566.439999999995,56692.047
55200.43,57928.24,54510.78,57009.312
56310.78999999999,58409.812,55886.55,57431.44
56767.259999999995,58862.086,56286.939999999995,57836.066
56880.68,59279.305,56709.23,58216.406
57372.68,59578.81,56897.49,58504.555
57414.14,59731.566,57312.45999999999,58667.965
57211.38,59855.043,57301.32000000001,58801.49
56888.86,59870.094,57017.46,58841.215
56053.04,59789.566,56362.95,58800.38
55404.69,59582.758,55553.01,58652.54
54809.69,59255.688,55264.04,58398.418
54434.04000000001,58863.434,54719.130000000005,58084.703
54637.19000000001,58436.137,54329.98000000001,57736.49
54018.51,57942.027,54353.18,57342.61
53284.67,57483.36,53353.93,56948.09
52607.37000000001,56972.79,52502.38,56502.273
52961.19,56442.203,52167.159999999996,56037.523
52709.84999999999,55848.875,52155.950000000004,55535.496
52446.28,55358.453,51725.74,55085.1
52312.009999999995,54883.3,51569.41,54645.504
53117.12,54439.22,51700.93000000001,54232.746
52582.83,54310.965,52045.07,54172.79
52012.14000000001,53941.883,51635.39,53785.184
51302.47,53491.797,50629.44,53318.6
49608.240000000005,52978.49,49927.41,52801.055
48685.82,52345.652,48596.15,52210.125
48027.70999999999,51501.21,47877.58000000001,51427.383
47393.93,50680.008,47625.13,50682.023
46606.6,49934.17,46888.29,49995.52
46002.09,49187.617,45402.91,49338.777
46205.72,48410.69,44880.66,48619.773
45852.99,47687.746,44261.24,47951.086
45157.21,47144.047,43749.47,47413.625
44782.96,47361.395,43293.33,47615.18
44840.96,47263.746,42928.96,47445.113
44733.12,47135.43,42636.08,47226.18
44209.51,47078.43,42831.15,47054.21
44278.64,47072.37,42404.53,46890.465
44439.04,46999.523,42384.5,46686.285
44541.98,47053.27,42415.42,46597.74
44671.75,47207.543,42513.63,46603.574
44745.7,47523.656,42094.2,46705.977
44887.32,47898.65,42091.01,46889.676
45223.64,48299.48,42479.63,47138.387
46019.0,48739.918,42640.66,47463.38
46544.54,49418.94,43486.62,47957.074
47096.34,50189.773,43803.09,48562.406
47599.49,50959.086,44433.44,49232.07
49536.69,51678.594,45048.26,49914.207
50409.71,52588.85,46852.42,50740.24
51487.07,53693.914,47874.84,51738.754
53380.47000000001,54717.484,49404.17999999999,52718.977
56455.73999999999,55731.383,51547.049999999996,53723.727
59010.96,57119.58,55802.92,54996.17
61313.41999999999,58696.92,58675.45,56432.715
63246.31,60299.016,60749.17,57893.168
65771.76,61853.406,62607.88,59314.77
67057.57,62705.223,64050.30999999999,60396.168
67494.83,64098.35,65161.84999999999,61731.098
68045.51,65311.535,65862.81,62969.266
68428.81,66247.92,66365.23,64005.438
68954.72,67288.305,66926.66,65146.754
69676.39,68065.47,67470.52,66088.84
70153.49,68700.32,67671.32,66916.58
69816.27,69232.34,67684.68,67644.805
70472.63,69920.3,67610.28,68518.734
70694.25,70286.266,68425.79,69116.516
71163.31,70609.21,69085.33,69651.484
70956.14,70784.664,69403.22,70022.55
70937.98,71164.03,69548.76,70585.7
71112.13,71257.95,69848.37,70863.055
70892.12,71220.6,70040.49,70991.83
70993.98,71131.945,70291.22,71037.2
71190.07,71184.08,70339.61,71228.33
71234.56,71099.2,70490.57,71244.27
71165.54,70979.31,70504.91,71201.305
71144.42,70827.0,70357.98,71114.68
71128.64,70813.35,70093.83,71189.97
71531.58,70680.805,70028.54,71115.44
71455.4,70528.85,70466.69,71002.664
71396.44,70434.09,70619.98,70916.836
71233.67,70424.28,70595.21,70954.086
70891.43,70298.375,70472.55,70830.9
70374.46,70165.35,70564.09,70681.1
70412.63,70007.18,69855.76,70504.26
70723.66,69876.94,69494.67,70379.14
70597.81,69723.25,69402.62,70169.09
70436.62,69655.11,69081.15,69996.56
70440.56,69605.76,68959.11,69842.25
70274.15,69613.16,68330.88,69769.31
70091.06,69600.38,68342.92,69655.016
69471.95,69631.09,68347.54,69601.65
69325.45,69684.01,68467.06,69593.57
69380.39,69725.28,68352.75,69618.45
69801.68,69761.98,68619.26,69646.445
70881.48,69847.71,69070.22,69731.87
72055.25,69995.09,69604.19,69879.43
72487.83,70155.836,71008.15,70021.03
72642.94,70391.2,71758.34,70237.59
72298.23,70553.76,72038.62,70401.08
72470.62,70657.91,72027.06,70520.055
72105.93,70472.79,72067.34,70341.88
72084.89,70364.27,71907.01,70252.336
71893.72,70163.375,72273.66,70079.94
71583.23,69963.55,72027.87,69908.05
70527.58,69491.62,71277.87,69451.15
70235.73,69080.19,71062.2,69079.22
69747.56,68554.94,70875.64,68613.195
67760.03,68071.305,70448.22,68178.27
66369.52,67323.91,68454.77,67453.24
65623.44,66499.21,67096.88,66711.375
64462.780000000006,65646.85,66344.91,65949.49
62416.75,64853.066,65491.95999999999,65230.645
61624.33,63794.39,63908.42999999999,64228.9
60942.78,62737.152,63202.66,63274.55
59950.909999999996,61798.227,62434.08,62416.47
59106.27,60952.13,61677.55,61628.945
58638.490000000005,60405.59,60837.02,61090.15
57755.62000000001,59434.758,60002.99,60148.977
56812.97000000001,58622.484,59147.11000000001,59345.082
55625.96,57824.68,58234.08,58555.945
54434.82,56836.31,56955.01,57594.113
53694.4,55926.93,55721.31,56723.402
52816.2,55065.555,54598.65,55908.31
51175.23000000001,54337.957,54133.47,55205.527
50783.7,53519.3,52747.420000000006,54397.58
50221.37,52719.58,52033.92999999999,53630.19
49712.01,52156.57,51483.99,53035.043
48980.71,51718.973,51227.36,52537.883
48751.630000000005,51125.8,50869.68,51935.098
48611.69,50811.836,50483.06999999999,51566.664
48386.75,50568.246,50349.700000000004,51255.16
48160.270000000004,50389.21,50217.74,50989.145
47900.3,50272.027,49868.18,50731.723
48072.27999999999,50226.277,49439.98,50536.73
47961.13999999999,50227.344,49527.97,50403.062
48491.30999999999,50340.42,49867.29000000001,50369.38
48640.829999999994,50571.633,50405.49999999999,50399.945
48364.31,50943.883,50141.59,50558.87
48417.82,51340.594,50179.51000000001,50783.6
49318.67,51688.49,50533.18,51023.31
49807.8,52221.31,50930.84,51396.59
50262.18,52886.37,51277.09,51910.402
50952.82,53548.754,51537.91,52470.87
52681.18000000001,54192.023,52235.81999999999,53066.555
53374.73000000001,55100.215,54076.54000000001,53860.082
54552.71,56139.6,54873.009999999995,54790.47
55542.57,57069.74,56028.01999999999,55688.7
59005.62999999999,58024.08,57624.61,56635.613
61389.63,59221.812,61001.42,57773.664
63161.57,60738.88,62938.4,59158.0
64658.26999999999,62262.633,64716.42,60557.246
67107.82,63678.98,66174.87,61882.32
68202.81,64299.37,68082.23,62710.418
68865.07,65655.68,69374.29,64041.223
69237.88,66777.195,70357.23,65205.93
69729.64,67677.734,71198.79,66193.836
70229.89,68713.57,71793.38,67306.92
70496.47,69487.71,72108.67,68215.48
70543.61,70108.57,72508.39,68981.695
70540.29,70567.24,72574.91,69594.47
70810.9,71219.43,72597.17,70384.75
70978.04,71587.47,72252.13,70932.914
71118.87,71833.375,72314.24,71345.51
70918.13,71947.77,72283.25,71614.59
70962.4,72346.03,71504.67,72130.84
71362.47,72401.73,71902.26,72350.65
71607.05,72376.12,71889.74,72462.28
71273.27,72313.766,71838.79,72508.91
71587.23,72575.63,72128.71,72831.42
71677.33,72492.14,72632.88,72848.914
71780.02,72407.1,72681.71,72828.86
71588.76,72278.734,72609.71,72748.32
71417.84,72438.89,72505.24,72931.0
71669.08,72305.58,72000.56,72847.06
71555.25,72142.69,71885.01,72707.695
71179.13,71976.2,71701.92,72541.86
70343.23,72009.43,72097.81,72580.51
70062.89,71801.45,71984.41,72392.05
69155.02,71509.125,71232.32,72125.2
69840.62,71252.05,70488.51,71874.734
69671.44,71074.29,70246.49,71726.02
69306.36,70909.11,69933.81,71518.28
69030.19,70771.234,69489.78,71316.625
69381.57,70648.445,69148.62,71126.58
69209.75,70648.47,69345.63,71077.766
68828.35,70626.69,68527.28,70976.37
68582.04,70639.64,68359.37,70917.63
68541.91,70656.445,67952.41,70885.945
68677.17,70759.27,68299.52,70970.27
69186.6,70798.78,68756.9,70991.24
69906.31,70872.49,69439.91,71053.44
70622.86,71004.51,70021.05,71169.484
71153.73,71111.945,70967.75,71257.11
71322.11,71230.445,71674.35,71360.914
71340.88,71321.54,72041.86,71447.61
72093.97,71369.805,72108.92,71510.87
71730.98,71183.13,70784.89,71347.14
71301.47,71097.25,70302.05,71269.66
71370.27,70902.91,69856.27,71098.375
70541.12,70648.766,69583.77,70878.75
69510.87,70130.51,69422.13,70386.49
69101.21,69600.84,68894.83,69901.52
68610.78,68999.83,68339.12,69358.234
67944.28,68423.64,67314.18,68825.88
66862.08,67508.84,66581.98,67963.79
65714.93,66704.88,65614.19,67206.87
64604.170000000006,65860.55,64533.78,66409.31
63404.38,64995.703,63429.99,65598.31
62664.079999999994,63798.41,62693.17,64486.95
61640.08,62758.586,61703.38,63523.844
60720.19000000001,61828.992,60850.45,62656.246
60337.25,60955.523,59855.38,61845.09
59530.1,60281.05,60038.91999999999,61143.223
58323.43,59342.742,59224.909999999996,60175.863
57802.71,58493.727,58194.25000000001,59285.86
56553.51,57658.004,57273.380000000005,58426.695
55645.08,56707.188,55943.31999999999,57456.074
54615.85,55862.066,55140.86,56587.312
53880.79,55116.8,54354.66999999999,55818.37
52109.59,54428.805,53375.22,55102.477
51629.4,53659.164,52758.649999999994,54300.62
51403.2,52935.65,52278.87000000001,53541.18
50857.93,52401.504,51812.06,52941.117
50565.26,52044.004,51335.44999999999,52474.83
50333.28,51595.55,50731.86,51767.754
50165.69,51476.168,50321.03999999999,51434.24
49978.85,51374.71,49858.63,51135.207
49003.67,51287.164,49802.54,50861.457
48848.36,51244.438,49382.92,50593.277
49137.81,51132.11,49422.75,50306.074
49283.509999999995,51120.387,49416.23,50128.637
49317.880000000005,51246.22,49372.35,50070.777
49574.07,51578.15,49576.12,50154.066
49847.77,51961.97,49517.05,50314.895
50199.69000000001,52395.953,49675.8,50564.973
51393.48,52890.22,49975.06,50914.08
51527.52,53606.977,50320.83,51439.492
51951.26,54496.17,50787.02,52142.676
52546.58,55264.49,50833.12999999999,52826.855
54046.86,56014.582,51514.13,53550.965
54467.85999999999,56984.695,52473.54,54455.7
55301.76000000001,58043.258,53032.54,55461.77
56288.549999999996,58940.035,54175.08000000001,56391.906
58307.06,59761.125,55412.700000000004,57292.004
60617.06,60868.812,58248.31,58419.035
62573.16,62039.465,60243.73,59592.918
64179.28,63278.418,62239.37,60798.035
66547.1,64470.23,63913.29,61950.633
67328.1,64889.258,65851.85,62555.535
67730.32,66076.72,67182.39,63690.605
68051.84,67002.99,67776.16,64631.867
68745.94,67708.0,68440.34,65397.53
69180.07,68575.44,69022.71,66298.336
69353.25,69251.64,69329.11,67045.55
68877.53,69783.55,69781.0,67657.664
68767.35,70175.805,69801.45,68152.305
69091.0,70716.78,69583.39,68776.77
69270.61,71021.37,69741.49,69217.23
69389.59,71237.61,70313.18,69563.33
69503.38,71370.43,70496.84,69821.14
69534.31,71764.516,70605.76,70306.49
69939.47,71910.39,70663.9,70579.195
70091.59,71936.5,71016.95,70724.734
70295.17,71928.4,71291.66,70817.914
70888.0,72193.95,71703.85,71153.03
71048.78,72214.73,71718.42,71268.76
70759.91,72228.484,71815.18,71346.78
70235.38,72171.03,71690.53,71347.46
70100.15,72265.41,71597.41,71495.99
69868.81,72060.914,71306.25,71383.91
70179.82,71821.64,71110.68,71218.63
70140.14,71560.08,71059.78,71020.234
70099.66,71523.086,71189.54,71028.93
69759.64,71293.4,70836.3,70843.945
69122.06,71073.336,70564.92,70647.56
68497.9,70856.34,70040.11,70450.3
68231.28,70689.78,68947.83,70318.55
68056.32,70420.2,68749.55,70081.83
67880.19,70208.1,68858.93,69886.97
68295.08,70071.805,68956.12,69756.305
68094.74,70069.59,68756.66,69763.13
67750.81,70122.87,68600.94,69788.0
67314.11,70187.53,68445.83,69827.414
67374.33,70234.28,68190.17,69865.055
67638.96,70292.09,68877.79,69939.7
68159.46,70348.76,69253.2,70006.21
69036.67,70450.3,69888.16,70110.17
69890.47,70578.86,70567.93,70236.18
70253.83,70674.92,70834.23,70331.17
70374.02,70806.76,71194.13,70461.516
70246.72,70874.84,71120.75,70534.03
70288.87,70899.266,71006.25,70580.67
69899.48,70691.64,71142.84,70405.69
69471.16,70513.414,70907.59,70273.49
69415.39,70260.81,70782.04,70076.23
68912.75,69962.5,70587.14,69833.8
68530.29,69388.055,70140.69,69320.43
68105.19,68844.05,69499.86,68851.8
67304.74,68289.914,68736.11,68359.66
66420.51,67737.24,67909.92,67861.42
65290.83000000001,66820.34,66701.52,67012.29
64340.95,65988.17,65539.53,66256.555
63607.83,65103.95,64513.49,65450.242
62876.19,64235.504,63591.36,64662.43
62105.34,63111.195,62854.79,63634.086
61269.84,62186.49,62353.07,62789.277
60281.86,61317.664,61449.66,61987.46
59611.3,60514.57,60702.47,61246.363
58570.27,59867.336,60251.07,60605.27
57354.99,58961.664,59445.64,59681.438
56574.49,58053.945,58416.91999999999,58748.35
55551.5,57160.49,57751.55,57837.195
54386.32,56130.47,56620.24,56799.656
53561.11,55249.312,55576.14,55903.305
52926.14,54352.88,54692.74,55016.996
51682.22,53544.8,54179.05,54217.113
51017.26,52652.457,53313.14,53331.633
50912.729999999996,51856.52,52743.82,52540.156
50415.350000000006,51176.145,52256.83,51857.65
49826.68,50672.793,51767.74999999999,51319.176
49434.21,50147.29,51237.689999999995,50570.516
49266.780000000006,49949.87,50846.170000000006,50245.76
48899.659999999996,49792.527,50674.979999999996,49955.188
48264.85,49716.305,50386.45,49762.16
48224.52,49645.973,49674.75,49566.676
48242.94,49576.26,49714.48,49420.945
48429.52,49605.004,49907.89,49382.047
48633.35,49709.78,49998.030000000006,49428.465
48696.44,50005.207,50297.95,49598.25
48851.55999999999,50386.957,50519.09,49878.625
48975.8,50776.566,50598.56999999999,50212.297
49970.91,51206.35,50479.76999999999,50620.684
50112.76,51839.98,51100.24,51174.93
50416.73999999999,52624.383,51408.42999999999,51888.027
50952.2,53307.93,51752.13,52585.566
52383.05999999999,53948.613,52275.45,53296.46
53058.98,54828.438,53737.170000000006,54182.453
53879.69000000001,55802.914,54576.33,55160.273
55241.01,56688.332,55361.579999999994,56105.188
58415.159999999996,57526.504,56951.78,57027.13
60823.52,58684.49,59492.55,58184.977
62829.46,60137.387,61628.45,59541.477
64604.969999999994,61637.324,63537.420000000006,60915.25
66486.74,63083.23,65197.26,62239.875
67219.77,64010.13,67043.67,63207.35
67421.1,65144.49,67901.03,64295.332
67882.13,66073.13,68580.66,65246.32
68240.4,66758.63,69033.34,66011.52
68819.66,67638.414,70002.15,66943.39
69260.0,68285.805,70348.92,67687.36
69490.64,68833.766,70524.57,68330.53
68319.89,69256.1,70472.9,68859.22
67988.13,69878.34,70089.77,69544.85
68459.16,70097.9,70291.14,69916.305
68696.42,70194.83,70634.81,70166.87
69412.62,70281.15,70670.31,70372.37
69449.06,70634.04,70890.17,70779.67
69560.36,70868.23,70796.91,71065.48
69560.0,70970.63,70892.46,71201.63
69635.31,70996.91,71130.05,71248.49
69940.28,71194.29,71267.26,71435.42
69921.23,71212.12,71340.01,71455.9
70166.66,71201.945,71422.23,71422.95
70397.97,71124.89,71275.35,71319.3
70093.42,71208.32,71087.13,71355.46
70158.27,71144.85,70770.09,71247.88
70142.39,70972.08,70612.98,71041.484
69681.41,70803.31,70485.76,70828.164
68999.92,70745.71,70780.86,70736.7
68150.38,70523.57,70605.89,70491.836
67416.61,70241.805,70298.18,70194.21
68212.45,69916.7,69715.08,69870.06
68476.02,69644.32,69463.16,69624.984
68006.01,69533.11,69493.93,69471.81
67895.85,69526.36,69227.1,69389.734
67637.85,69520.36,68953.95,69317.69
67189.26,69614.72,68912.79,69357.21
66770.48,69663.6,68837.9,69347.234
66528.15,69700.484,68908.5,69338.34
66094.66,69731.58,68717.87,69335.54
66095.19,69842.46,68767.54,69425.73
66765.06,69831.02,69161.17,69407.875
67890.06,69827.34,69782.36,69409.81
69286.55,69919.836,70758.51,69499.23
69978.12,70016.055,71462.25,69577.305
70338.44,70211.1,71704.62,69746.57
70250.95,70368.28,71769.0,69890.55
70303.08,70473.38,71846.31,69995.78
70152.65,70289.484,71528.43,69831.66
70105.79,70167.35,71327.93,69743.95
69894.66,69979.05,71001.91,69587.664
70089.18,69784.09,70549.7,69411.51
69594.43,69279.93,69570.56,68939.24
69107.59,68932.17,68775.26,68613.72
68341.46,68515.56,68294.9,68217.0
66806.24,68081.38,67919.65,67798.12
65599.49,67294.055,66817.64,67041.3
64803.15,66502.8,65571.75,66313.86
64014.22,65671.555,64344.40000000001,65547.74
62982.05999999999,64888.27,63448.29,64815.82
62159.020000000004,63822.664,62844.20999999999,63819.617
61325.36,62904.426,62350.37,62970.562
60324.63,62035.383,61568.79000000001,62159.42
59937.93,61218.78,60614.439999999995,61402.277
59204.869999999995,60655.594,60261.24,60902.207
58160.48,59832.645,59825.74,60034.332
57433.49,59014.133,58838.17,59175.727
56179.77,58208.85,58062.29,58333.152
55073.16000000001,57270.203,57300.69,57378.777
54477.34,56384.664,56274.62,56485.082
53556.94999999999,55542.35,55277.06,55648.586
51220.8,54842.336,54640.18000000001,54932.86
50511.130000000005,54047.12,53475.86,54139.93
50698.79,53118.23,52865.16,53286.863
50218.35,52414.99,52543.61,52621.973
49463.92,51994.74,52123.45,52160.094
48955.67,51642.957,51533.86,51554.06
48860.37,51389.23,51018.969999999994,51120.26
48940.4,51258.4,50773.3,50793.22
48347.7,51288.23,50422.73,50612.953
48255.97,51455.492,50285.17,50505.355
48079.98,51581.633,50134.3,50426.332
48034.229999999996,51759.48,50106.31999999999,50422.844
48031.2,51953.953,50302.81,50475.277
48425.299999999996,52263.207,50015.21,50581.11
48736.13,52599.715,49983.93000000001,50761.832
48966.09,53023.4,50206.45,51041.934
49669.310000000005,53477.863,50513.18000000001,51388.098
50382.61,54068.855,51187.95,51830.426
50775.119999999995,54691.535,51415.13,52352.24
50711.8,55325.598,52001.9,52926.605
52392.58,55911.77,52691.71,53517.027
53159.66000000001,56551.984,53598.73000000001,54146.33
54082.85999999999,57405.215,54194.35999999999,54957.99
55163.79,58199.047,55159.66000000001,55758.984
57792.299999999996,58990.633,56614.92,56575.75
60255.68000000001,60023.387,59766.05,57551.113
62040.36,61309.574,61916.09999999999,58711.55
63950.26999999999,62716.004,63679.66,59956.043
66124.66,64068.918,65375.99999999999,61167.82
66689.18,64809.977,66955.25,61997.77
67426.2,65904.42,68108.06,63042.58
68235.52,66819.31,68788.78,63974.363
69236.95,67591.88,69190.14,64792.547
70139.65,68504.97,69499.37,65735.516
70411.87,69286.02,69939.13,66537.66
70443.68,69965.1,70041.28,67241.93
69942.35,70453.875,70196.01,67786.234
70229.12,71034.95,69989.97,68452.33
70218.86,71271.04,70378.63,68818.44
70128.04,71444.81,70499.43,69111.81
70125.32,71472.98,70751.89,69274.46
69904.39,71731.46,70885.51,69657.766
70167.13,71757.555,71109.1,69832.36
69586.26,71666.19,71120.2,69900.15
69169.96,71570.85,70890.24,69947.62
69040.51,71652.04,71205.41,70195.39
69616.47,71461.56,71322.76,70201.414
70004.33,71237.48,71423.4,70159.37
70754.49,71104.93,70934.94,70157.35
70529.21,71238.414,70800.62,70406.875
70121.37,71258.62,70713.64,70525.56
69560.97,71161.19,70610.55,70527.92
69448.89,70967.586,70411.46,70446.36
69127.77,70879.88,70595.47,70513.0
68273.79,70632.58,69914.81,70406.484
67142.08,70361.81,69499.65,70244.89
67111.78,70022.75,68890.48,70009.09
67057.53,69701.04,68114.8,69817.51
66756.87,69391.19,68087.78,69560.6
66608.06,69165.09,67887.58,69321.484
66743.88,68994.64,67417.25,69101.125
66420.06,68911.63,66892.26,68960.08
65973.58,68837.07,66470.97,68784.91
65698.17,68765.45,66432.1,68611.39
66045.85,68694.02,66287.43,68453.91
66221.4,68627.28,66803.37,68320.055
66665.93,68614.82,67743.86,68220.64
67594.12,68617.586,68510.96,68149.23
68451.81,68682.18,69678.06,68145.47
68463.44,68688.24,70386.02,68082.39
68474.58,68801.1,70157.93,68118.76
68669.96,68829.875,70141.84,68099.95
68408.18,68814.98,70133.12,68053.28
67819.25,68573.555,70512.96,67783.9
67588.64,68373.84,70023.11,67571.84
67338.58,68074.24,69898.91,67279.484
66573.9,67764.695,69619.47,66973.586
65623.64,67155.36,69072.88,66390.15
64842.21,66660.984,68252.99,65915.95
63917.53,66089.02,67565.72,65368.914
62431.939999999995,65501.094,66533.95,64801.043
61159.12,64586.793,65163.48,63948.09
60069.7,63759.055,63916.14,63172.8
59326.06,62887.215,62859.549999999996,62355.105
58876.87,62016.72,62422.55,61540.035
57809.05999999999,60891.8,61448.08,60528.504
57095.0,60028.56,61036.67999999999,59713.01
56559.7,59140.93,60544.83,58881.66
56730.38999999999,58294.09,59448.56,58099.695
55923.05999999999,57318.824,58737.73,57315.664
54873.119999999995,56647.14,57861.280000000006,56620.137
54201.28,55917.65,57113.75000000001,55881.86
52939.16,55132.79,56165.57,55115.2
51967.90000000001,54131.188,55057.19,54229.754
51298.82,53178.914,53950.98,53354.797
50926.69,52235.902,53066.81,52511.645
48837.96,51362.836,52359.36,51724.43
48184.43000000001,50425.61,51108.77,50919.758
47426.02,49408.45,50613.25,50020.22
46978.5,48585.152,49875.670000000006,49280.336
46666.66,47881.344,49334.35,48625.258
46135.93,47048.89,47947.29,48183.15
45872.92,46399.758,47544.68,47409.992
45638.88,45976.74,47007.05,46888.406
45176.02,45719.043,46961.75,46499.2
45026.64,45540.375,46640.91,46179.92
44998.22,45413.562,46603.26,45888.87
44869.57,45366.72,46384.18,45678.355
45162.04,45419.7,46273.16,45560.613
45294.86,45563.33,46416.04,45504.254
45253.55,45824.367,46335.97,45554.543
45358.2,46132.723,46346.12,45675.223
45201.48,46465.473,46470.93,45858.734
45219.53,46931.105,46567.61,46132.297
45541.62,47371.926,46561.44,46450.984
45536.95,47786.332,46300.84,46795.637
45214.1,48226.688,46042.28,47191.914
44947.88,48802.016,46240.31,47671.29
45165.49,49278.562,46110.87,48138.137
45016.07,49694.977,46156.29,48590.984
45510.42,50135.47,46755.75,49077.438
45786.28,50755.59,47200.84,49652.418
46332.04,51418.4,47722.42,50305.02
46996.76,52082.254,48251.59,50965.18
48145.79,52770.637,48963.99,51643.81
49120.11000000001,53733.133,50715.43000000001,52602.6
49796.77,54305.297,51662.439999999995,53149.03
50494.13,54898.758,52695.95,53753.176
51496.03,55450.92,53038.05,54315.55
52476.66999999999,56154.035,54231.590000000004,54948.586
53067.88,56804.355,54917.32,55589.504
54095.07,57410.676,55983.84,56189.86
55244.59,57901.086,56929.71,56698.72
56118.41999999999,58518.227,57805.42,57279.92
57059.90000000001,59053.723,58118.66,57837.707
57272.350000000006,59505.543,58435.99,58319.184
57319.450000000004,59880.95,58830.31999999999,58734.836
57712.04,60320.477,59222.45,59203.37
57889.37,60542.14,59307.49,59541.285
57836.95,60705.934,59572.15,59810.715
58401.39,60792.67,59598.15,60015.133
58707.3,60993.24,59813.59,60322.758
59157.71,61116.875,59904.58,60584.863
58470.98999999999,61198.375,60113.54,60777.527
58339.62,61283.562,59939.99,60957.625
58224.48,61401.863,59740.58,61175.36
58042.93,61375.504,59592.88,61280.79
57942.11,61311.914,59083.45,61321.58
57125.51,61212.473,58632.75000000001,61310.723
56823.81,61229.082,57749.11000000001,61395.297
56743.91,61068.195,57209.74,61326.1
56586.08,60900.016,56748.62,61206.64
56159.11,60752.707,56012.84,61070.297
55712.549999999996,60665.2,55861.66,60966.582
55984.42,60513.625,55658.76,60785.098
55074.29,60387.36,55541.95999999999,60601.586
55474.15,60349.152,55419.450000000004,60466.652
54978.44,60283.965,55619.9,60327.438
55486.5,60285.754,55582.41,60223.277
55751.92,60281.938,55617.780000000006,60128.34
55729.82,60390.098,56108.47,60127.227
55788.46,60612.035,56656.26,60227.184
56863.85,60742.582,57685.92,60256.59
57920.11,60860.9,58835.04,60300.56
59251.87999999999,61063.656,59630.64000000001,60421.96
59812.950000000004,61281.836,60255.009999999995,60562.145
59991.99,61571.574,60547.31999999999,60763.074
60026.68,61778.832,60913.49,60904.418
59927.15,61896.785,61089.24,60980.297
60047.38,61847.395,61315.6,60914.94
59823.47,61772.86,60990.48000000001,60830.008
59468.08,61636.766,60430.87000000001,60686.957
59572.64,61426.723,59981.13,60486.26
59153.31999999999,61008.34,59491.899999999994,60119.98
58849.18,60695.117,58874.7,59823.152
58567.55000000001,60292.215,58419.74,59438.76
56942.51,59857.43,57573.54,59020.414
55582.83000000001,59233.543,56089.08999999999,58459.688
54656.45999999999,58558.984,55057.02,57837.637
54186.23,57776.445,54219.77,57135.84
53378.99999999999,57000.33,53450.45,56438.906
52690.18,56136.05,52638.05,55708.156
52443.65000000001,55390.156,52325.38,55034.58
52459.17,54639.797,51791.41,54366.76
52035.26,53976.57,51578.689999999995,53773.47
51493.13,53359.04,51871.47,53391.742
50708.45999999999,52779.79,51549.590000000004,52855.16
49676.61,52158.082,50754.509999999995,52275.832
48355.57,51476.652,49954.18,51658.816
47351.9,50553.605,49108.72,50918.316
46731.18,49611.574,48520.95,50128.355
46250.06,48620.26,47919.05000000001,49316.457
45161.07,47685.527,47224.42,48557.445
44553.43,46637.844,46134.03,47750.457
43939.97,45614.023,45337.0,46916.832
43598.97,44623.4,44932.18,46112.883
43071.68,43705.062,44472.51,45359.023
42832.96,43015.9,43874.51,45078.25
42615.96,42462.508,43190.57,44598.48
42308.35,41924.164,42764.78,44128.305
42165.91,41494.734,42842.24,43725.598
41782.96,41094.453,42709.84,43332.023
41837.05,40819.746,42585.1,42998.176
41613.13,40601.145,42283.58,42705.453
41610.13,40520.176,42406.08,42527.29
41626.97,40540.92,42580.56,42403.035
41663.67,40662.98,42261.32,42360.633
41318.21,40856.61,41989.26,42388.668
41988.0,41144.46,42294.68,42517.773
42159.99,41511.914,42733.81,42691.996
42223.3,42054.484,42619.51,43038.246
42132.59,42659.305,42736.45,43472.086
41911.73,43285.113,42749.55,43959.535
41746.7,44015.6,42455.63,44521.367
41710.96,44649.5,42242.44,45078.145
41283.95,45244.97,42147.08,45636.074
40581.14,45798.37,41739.82,46190.49
40793.56,46419.562,41674.02,46752.55
40965.04,46853.47,41802.78,47239.156
41471.9,47338.496,41913.33,47774.098
42655.47,47824.12,42236.36,48300.484
43241.1,48572.793,42889.34,48986.63
43718.66,49049.965,43346.06,49379.406
43870.28,49557.35,43822.19,49861.59
44920.92,50029.93,44321.45,50304.008
45806.06,50579.56,45693.6,50744.535
47106.92,51150.484,47083.4,51263.035
47941.71,51675.562,48067.22000000001,51740.06
48659.03,52201.37,48896.85,52203.152
49563.36,52783.984,49600.48,52647.85
50104.47000000001,53245.574,50594.93,53051.426
50917.63,53638.09,50872.33,53388.414
51313.05,53873.695,51169.39000000001,53590.547
52076.41000000001,54182.914,52309.939999999995,53815.06
52756.45,54394.305,53049.8,54016.13
53178.83999999999,54581.492,53245.51999999999,54194.883
54259.02,54731.895,53621.16,54346.457
54882.27,54959.11,54420.03,54543.387
55320.08,55250.465,55366.44,54827.117
54855.15,55506.28,55444.27,55074.914
54616.85,55699.547,55435.65,55275.0
54338.38999999999,55820.14,55163.41,55407.664
54218.83,55908.992,55051.5,55532.53
54024.47,55947.246,54337.229999999996,55607.28
54002.5,55991.016,53558.33999999999,55674.414
53371.44999999999,56038.63,53079.65,55735.38
53008.92,56153.51,52489.71000000001,55847.723
52664.85,56195.01,52395.88999999999,55885.977
52828.44999999999,56238.375,51847.51,55909.254
52430.91000000001,56265.105,51630.74,55902.973
52217.68,56408.5,51448.25,55984.91
52104.77,56549.938,51253.42,56063.77
52295.01,56682.805,50835.95,56139.75
51663.56,56825.074,51298.33,56219.285
51796.630000000005,57069.39,50773.64000000001,56390.02
51941.100000000006,57253.656,50934.67,56528.086
52266.95,57493.016,50774.42,56721.19
52435.13,57709.84,51937.08000000001,56898.152
53566.439999999995,58000.21,52857.5,57144.81
54510.78,58295.28,54149.62,57411.76
55886.55,58688.72,55189.86,57767.305
56286.939999999995,59040.188,56555.13,58088.086
56709.23,59489.945,57176.49,58493.945
56897.49,59807.89,57801.93000000001,58793.164
57312.45999999999,60056.523,58045.95,59037.617
57301.32000000001,60151.785,58258.18,59146.855
57017.46,60252.477,58060.22,59256.613
56362.95,60241.92,57713.69000000001,59271.1
55553.01,60139.07,57503.219999999994,59210.184
55264.04,59846.848,56275.92,58985.32
54719.130000000005,59487.402,55559.68000000001,58699.21
54329.98000000001,59113.863,55188.64,58393.84
54353.18,58709.887,54701.28,58058.09
53353.93,58192.777,54122.96000000001,57635.266
52502.38,57706.1,53417.55,57212.43
52167.159999999996,57117.926,52599.65,56701.367
52155.950000000004,56526.953,52211.12,56185.86
51725.74,55916.707,51937.21000000001,55668.14
51569.41,55355.297,51480.51999999999,55159.32
51700.93000000001,54804.965,51212.80000000001,54657.824
52045.07,54335.105,51342.979999999996,54221.81
51635.39,54132.992,51654.97,54103.098
50629.44,53689.85,51139.69,53653.98
49927.41,53210.305,50328.53,53161.164
48596.15,52589.652,49431.91,52555.55
47877.58000000001,51857.45,48647.17,51881.496
47625.13,50992.844,48064.63,51080.117
46888.29,50189.336,47608.47,50340.96
45402.91,49505.797,46942.51,49692.203
44880.66,48757.46,46190.34,49018.164
44261.24,47854.8,45839.95,48199.84
43749.47,47076.668,45379.77,47494.28
43293.33,46357.06,44743.83,46828.8
42928.96,46518.734,44852.95,46970.164
42636.08,46408.473,44754.6,46787.805
42831.15,46254.95,44563.28,46544.68
42404.53,46111.11,44341.83,46308.31
42384.5,46140.05,44284.42,46154.418
42415.42,46113.145,44352.5,45972.69
42513.63,46180.086,44428.75,45885.094
42094.2,46314.375,44472.85,45869.223
42091.01,46647.61,44512.59,45977.395
42479.63,46912.26,44530.12,46085.94
42640.66,47236.35,44815.15,46286.523
43486.62,47658.094,45126.89,46599.54
43803.09,48314.754,45636.93,47079.1
44433.44,49063.05,46038.13,47675.027
45048.26,49755.83,46735.11,48289.895
46852.42,50460.82,47380.4,48961.27
47874.84,51388.055,48618.65,49792.035
49404.17999999999,52460.67,49277.26,50770.508
51547.049999999996,53465.832,50637.52999999999,51749.312
55802.92,54491.22,52293.01,52780.0
58675.45,55913.816,55760.26,54085.344
60749.17,57768.625,58385.31,55714.055
62607.88,59603.58,60715.969999999994,57341.434
64050.30999999999,61266.88,62671.23,58858.69
65161.84999999999,62178.504,65208.75,60002.566
65862.81,63431.562,66099.63,61258.53
66365.23,64528.52,67334.0,62427.367
66926.66,65398.082,67671.91,63430.637
67470.52,66397.43,68532.45,64552.766
67671.32,67165.81,68952.21,65493.207
67684.68,67801.84,69362.68,66321.13
67610.28,68245.98,69586.13,66985.02
68425.79,68837.484,69227.68,67794.31
69085.33,69173.07,69400.36,68374.62
69403.22,69484.88,69741.65,68904.18
69548.76,69713.055,69929.1,69324.29
69848.37,70148.53,70413.13,69947.984
70040.49,70316.58,70393.06,70287.086
70291.22,70387.75,70655.7,70500.99
70339.61,70357.52,70737.12,70590.414
70490.57,70564.664,71009.17,70907.51
70504.91,70536.25,71320.33,70964.77
70357.98,70466.7,71501.5,70952.37
70093.83,70339.35,71385.42,70878.13
70028.54,70391.94,71072.53,71012.82
70466.69,70225.38,70980.08,70906.54
70619.98,70063.36,70945.77,70777.66
70595.21,69960.94,70967.04,70678.23
70472.55,70022.77,71259.97,70771.266
70564.09,69943.08,71008.13,70691.71
69855.76,69843.8,70578.91,70568.695
69494.67,69759.6,70128.29,70434.766
69402.62,69675.76,69783.13,70341.14
69081.15,69501.06,69810.39,70111.22
68959.11,69375.85,69589.14,69901.19
68330.88,69279.766,69363.13,69709.484
68342.92,69237.31,69683.75,69591.49
68347.54,69124.984,69466.03,69401.875
68467.06,69115.71,69153.26,69312.5
68352.75,69167.42,68818.82,69298.445
68619.26,69258.12,68853.07,69344.81
69070.22,69326.19,69209.32,69383.66
69604.19,69456.055,69832.55,69493.74
71008.15,69634.164,70187.08,69662.37
71758.34,69743.4,70351.79,69760.54
72038.62,69986.68,70549.62,69987.945
72027.06,70192.07,70780.42,70182.51
72067.34,70319.53,70534.48,70310.86
71907.01,70206.03,70727.67,70185.4
72273.66,70118.03,70440.22,70109.23
72027.87,69971.93,70207.34,69985.64
71277.87,69831.695,69831.33,69861.234
71062.2,69387.555,69707.14,69424.62
70875.64,68958.23,68831.28,69043.33
70448.22,68535.97,68225.73,68664.695
68454.77,68126.414,67866.3,68289.836
67096.88,67423.18,66882.69,67593.67
66344.91,66639.336,65656.04,66882.34
65491.95999999999,65815.77,64693.079999999994,66140.42
63908.42999999999,65050.684,63758.77,65438.062
63202.66,64033.418,62875.5,64459.27
62434.08,63072.824,62150.94,63573.934
61677.55,62207.55,60990.21,62765.906
60837.02,61411.734,60146.51,62013.746
60002.99,60955.156,60077.170000000006,61546.21
59147.11000000001,60045.406,59326.72,60653.97
58234.08,59221.926,58253.1,59850.19
56955.01,58428.152,57239.44000000001,59067.79
55721.31,57457.22,56316.26000000001,58113.52
54598.65,56546.566,55332.75,57237.438
54133.47,55696.1,54104.8,56425.76
52747.420000000006,54900.7,53387.72,55669.81
52033.92999999999,54094.48,52692.16000000001,54866.31
51483.99,53347.855,51910.72,54127.28
51227.36,52742.766,51388.04,53500.64
50869.68,52284.535,50826.29,52980.64
50483.06999999999,51746.715,49829.51,52395.332
50349.700000000004,51542.14,49713.17,52091.61
50217.74,51325.266,49274.76,51791.82
49868.18,51188.863,49167.69999999999,51548.75
49439.98,51109.727,48843.35,51309.254
49527.97,51064.945,48611.19,51111.91
49867.29000000001,51038.39,48516.67,50956.37
50405.49999999999,51119.71,48638.42999999999,50893.98
50141.59,51391.652,48975.50000000001,50941.176
50179.51000000001,51788.39,49256.13999999999,51104.363
50533.18,52126.977,49443.33000000001,51276.625
50930.84,52485.906,49551.61000000001,51509.37
51277.09,53076.684,50294.72,51902.477
51537.91,53682.703,50345.8,52360.1
52235.81999999999,54276.613,50938.19999999999,52864.277
54076.54000000001,54833.418,51321.64,53388.047
54873.009999999995,55675.156,52762.0,54121.32
56028.01999999999,56688.145,53469.72000000001,55016.043
57624.61,57634.22,54353.58,55908.453
61001.42,58598.957,55841.38,56845.633
62938.4,59953.977,58454.24999999999,58080.895
64716.42,61565.24,60672.24,59526.01
66174.87,63068.63,62652.23,60915.75
68082.23,64451.62,64577.18,62230.645
69374.29,64955.758,66692.29,62995.27
70357.23,66199.94,67860.18,64268.11
71198.79,67276.305,68864.52,65413.934
71793.38,68181.734,69504.44,66416.85
72108.67,69290.91,69876.92,67600.12
72508.39,70130.05,69950.04,68566.63
72574.91,70767.49,70007.57,69360.78
72597.17,71237.85,70275.0,70002.77
72252.13,71924.65,69616.29,70839.92
72314.24,72271.18,69752.82,71388.87
72283.25,72448.68,70161.64,71763.13
71504.67,72509.7,70504.18,72007.35
71902.26,72852.875,70606.94,72497.766
71889.74,72808.56,70192.46,72650.97
71838.79,72751.945,70520.15,72749.05
72128.71,72599.16,71090.3,72728.2
72632.88,72756.69,71376.26,72979.49
72681.71,72704.19,71608.75,73029.87
72609.71,72657.13,71562.53,73042.78
72505.24,72547.62,71324.74,72981.766
72000.56,72705.664,71117.82,73177.0
71885.01,72581.6,70964.08,73110.91
71701.92,72357.336,70917.35,72933.38
72097.81,72141.44,70699.86,72742.77
71984.41,72154.78,70300.5,72777.34
71232.32,72012.86,70356.89,72634.56
70488.51,71864.47,70152.74,72465.65
70246.49,71646.51,69530.6,72239.06
69933.81,71548.06,69636.41,72153.18
69489.78,71286.29,69911.04,71871.78
69148.62,71072.664,69632.52,71615.13
69345.63,70895.49,69428.22,71390.67
68527.28,70875.24,69491.94,71340.34
68359.37,70817.73,69194.97,71217.516
67952.41,70715.12,69031.79,71072.35
68299.52,70714.22,68794.32,71037.07
68756.9,70785.03,69231.56,71101.9
69439.91,70850.33,69912.69,71156.07
70021.05,70971.24,70469.14,71262.23
70967.75,71125.09,71171.34,71391.26
71674.35,71223.48,71723.71,71464.555
72041.86,71378.96,72139.12,71598.695
72108.92,71511.46,72347.51,71716.49
70784.89,71592.375,72130.12,71793.07
70302.05,71434.36,72056.35,71636.79
69856.27,71142.97,71765.86,71394.29
69583.77,70806.55,71713.8,71112.04
69422.13,70449.62,71366.6,70813.305
68894.83,69804.32,70770.19,70220.42
68339.12,69279.63,70211.28,69741.51
67314.18,68716.28,69848.09,69217.68
66581.98,68139.65,69587.19,68676.875
65614.19,67177.664,68273.02,67774.58
64533.78,66329.33,66924.95,66984.21
63429.99,65463.67,66262.65,66171.3
62693.17,64597.203,65458.38999999999,65358.39
61703.38,63411.14,64616.88999999999,64245.31
60850.45,62448.027,63620.19,63337.887
59855.38,61531.7,62558.72,62474.277
60038.91999999999,60699.727,61521.43,61690.836
59224.909999999996,59992.484,60533.4,60954.945
58194.25000000001,59150.652,59856.11,60063.293
57273.380000000005,58361.035,58938.31,59217.047
55943.31999999999,57592.008,57677.85999999999,58406.68
55140.86,56633.73,55803.84,57426.562
54354.66999999999,55772.21,54626.23,56546.816
53375.22,55002.73,53472.75,55758.52
52758.649999999994,54341.215,53024.08,55058.15
52278.87000000001,53557.79,51921.74999999999,54240.41
51812.06,52990.47,51229.84,53592.57
51335.44999999999,52551.297,50880.01,53054.51
50731.86,52219.902,50317.950000000004,52604.297
50321.03999999999,51789.54,49221.13,51915.617
49858.63,51622.51,48607.719999999994,51561.875
49802.54,51460.32,48432.46,51234.258
49382.92,51284.324,48744.12,50909.82
49422.75,51187.05,48289.74999999999,50617.43
49416.23,51104.31,48109.85999999999,50349.516
49372.35,51127.586,48130.75,50193.473
49576.12,51226.04,48339.64,50114.02
49517.05,51477.93,48929.44000000001,50144.414
49675.8,51799.438,49085.46,50258.363
49975.06,52140.77,49085.39000000001,50438.637
50320.83,52555.223,49346.92,50722.766
50787.02,53176.33,49896.15,51175.152
50833.12999999999,53833.465,50423.43,51706.996
51514.13,54524.914,50891.64,52321.883
52473.54,55159.65,51406.07,52949.895
53032.54,56073.42,52948.54,53802.008
54175.08000000001,57010.62,53631.91,54710.164
55412.700000000004,57885.42,54592.98999999999,55611.37
58248.31,58791.26,55835.97,56557.164
60243.73,59980.152,59103.07,57724.703
62239.37,61351.613,61426.68,59032.69
63913.29,62674.992,63544.32,60297.945
65851.85,63934.547,65195.38,61500.188
67182.39,64479.223,67353.5,62216.56
67776.16,65616.18,68796.98,63312.18
68440.34,66617.41,69754.71,64298.57
69022.71,67411.36,70316.45,65114.023
69329.11,68405.484,71368.69,66095.12
69781.0,69155.07,71890.33,66881.94
69801.45,69735.92,72424.37,67518.086
69583.39,70188.6,72555.58,68040.625
69741.49,70845.21,72165.48,68739.586
70313.18,71215.66,72572.98,69219.12
70496.84,71481.94,72822.06,69594.984
70605.76,71696.25,72970.91,69911.07
70663.9,72171.89,72892.21,70456.836
71016.95,72373.13,73168.31,70769.45
71291.66,72461.65,73410.01,70968.7
71703.85,72496.734,73458.42,71102.93
71718.42,72798.45,73802.14,71465.18
71815.18,72870.18,74082.55,71625.86
71690.53,72837.23,73930.39,71674.09
71597.41,72739.086,73668.47,71650.99
71306.25,72845.93,73291.78,71816.05
71110.68,72697.34,73180.84,71757.72
71059.78,72468.79,73248.8,71610.805
71189.54,72200.7,73140.96,71417.77
70836.3,72127.62,73500.42,71401.555
70564.92,71903.516,73558.72,71229.09
70040.11,71646.945,73186.91,71017.01
68947.83,71387.68,72747.63,70792.8
68749.55,71219.08,72474.44,70668.445
68858.93,70867.61,72307.19,70379.1
68956.12,70619.984,71649.71,70168.17
68756.66,70482.87,71319.01,70038.95
68600.94,70493.09,71717.58,70051.88
68445.83,70456.695,71541.98,70012.23
68190.17,70469.19,71265.24,70015.09
68877.79,70516.87,71160.27,70054.664
69253.2,70618.234,71356.43,70160.59
69888.16,70769.4,71843.55,70290.76
70567.93,70945.62,72533.54,70442.56
70834.23,71157.72,72972.39,70629.29
71194.13,71310.14,73571.24,70759.82
71120.75,71421.38,73875.65,70866.734
71006.25,71509.24,74237.56,70950.48
71142.84,71521.445,73616.9,70972.86
70907.59,71288.59,73281.28,70770.18
70782.04,71102.04,72963.61,70624.42
70587.14,70836.62,72814.81,70405.74
70140.69,70560.305,72803.68,70177.0
69499.86,70003.445,71801.45,69675.04
68736.11,69497.35,71245.49,69235.61
67909.92,68933.49,70424.3,68737.82
66701.52,68318.35,69733.21,68195.92
65539.53,67366.27,68058.07,67336.26
64513.49,66457.31,67136.08,66532.42
63591.36,65520.63,66280.55,65705.15
62854.79,64605.387,65292.07,64897.684
62353.07,63420.242,64245.28,63833.07
61449.66,62452.617,63413.659999999996,62964.613
60702.47,61594.53,62418.299999999996,62182.414
60251.07,60779.188,61428.99,61440.258
59445.64,60151.082,61060.84,60808.906
58416.91999999999,59299.504,60358.13999999999,59927.652
57751.55,58459.58,59244.43,59041.586
56620.24,57640.766,58193.33000000001,58186.094
55576.14,56669.188,56847.46,57187.92
54692.74,55800.887,55551.94,56293.184
54179.05,54949.664,54744.19,55434.56
53313.14,54147.258,54130.92,54633.465
52743.82,53308.945,52820.71,53782.426
52256.83,52601.395,51785.98999999999,53049.63
51767.74999999999,51992.746,51017.119999999995,52418.203
51237.689999999995,51479.875,50468.520000000004,51873.168
50846.170000000006,50940.79,50133.39,51112.938
50674.979999999996,50737.523,49629.090000000004,50789.406
50386.45,50570.74,49396.54,50496.414
49674.75,50490.72,49059.619999999995,50303.152
49714.48,50437.75,48813.09,50112.91
49907.89,50380.215,48843.43,49970.05
49998.030000000006,50413.082,48829.61,49927.418
50297.95,50548.156,48924.95,49986.72
50519.09,50829.324,49095.19,50136.766
50598.56999999999,51212.03,49313.37,50404.96
50479.76999999999,51630.215,49238.11,50745.73
51100.24,52056.496,49472.95,51142.15
51408.42999999999,52582.074,50093.490000000005,51614.664
51752.13,53230.508,50617.39,52231.2
52275.45,53832.527,51377.05,52860.848
53737.170000000006,54436.14,52222.87999999999,53532.332
54576.33,55240.53,53517.8,54354.195
55361.579999999994,56183.6,54284.24,55301.69
56951.78,57088.188,55586.50000000001,56250.414
59492.55,57943.45,57274.87999999999,57182.168
61628.45,59171.934,59670.58,58392.145
63537.420000000006,60538.793,62393.659999999996,59694.555
65197.26,61916.258,64209.01,60991.348
67043.67,63231.09,65968.92,62230.844
67901.03,63971.81,67265.78,63059.016
68580.66,65050.36,68662.32,64105.44
69033.34,65965.414,69609.82,65039.168
70002.15,66726.34,70078.13,65845.02
70348.92,67648.305,70472.48,66786.22
70524.57,68408.25,70798.33,67581.945
70472.9,69004.64,70966.51,68228.92
70089.77,69434.3,70904.05,68731.51
70291.14,70033.77,70373.06,69373.07
70634.81,70338.516,70559.8,69777.14
70670.31,70554.586,70703.74,70083.69
70890.17,70711.16,70546.27,70312.98
70796.91,71133.33,70798.8,70774.36
70892.46,71341.875,70797.21,71040.91
71130.05,71430.36,71466.05,71179.8
71267.26,71467.45,72231.69,71254.96
71340.01,71774.336,72206.37,71565.94
71422.23,71843.74,72232.83,71660.68
71275.35,71852.06,72861.31,71675.44
71087.13,71803.0,72567.45,71624.58
70770.09,71905.82,71716.61,71722.34
70612.98,71794.61,71714.04,71621.01
70485.76,71607.57,71782.48,71443.484
70780.86,71384.14,72181.99,71222.195
70605.89,71291.46,72299.64,71131.03
70298.18,71123.89,72029.71,70945.055
69715.08,70923.53,71669.66,70715.305
69463.16,70704.33,70900.7,70470.77
69493.93,70528.484,70515.24,70309.63
69227.1,70307.78,71095.03,70090.05
68953.95,70180.1,70912.61,69931.914
68912.79,70087.55,70982.64,69804.83
68837.9,70041.195,70946.93,69741.32
68908.5,70011.44,70275.17,69679.1
68717.87,70027.47,70214.85,69657.24
68767.54,70090.56,70250.67,69681.195
69161.17,70124.49,70572.1,69690.99
69782.36,70167.03,70827.14,69713.58
70758.51,70254.234,71576.25,69782.33
71462.25,70395.375,72243.65,69901.69
71704.62,70458.73,72279.04,69935.414
71769.0,70592.32,72613.74,70048.63
71846.31,70661.55,72325.6,70116.29
71528.43,70675.67,72517.58,70143.38
71327.93,70440.445,72072.39,69928.81
71001.91,70253.21,71792.72,69794.05
70549.7,70016.86,71412.05,69613.875
69570.56,69763.21,71016.01,69414.266
68775.26,69186.23,70623.78,68903.63
68294.9,68659.07,70112.42,68469.484
67919.65,68085.38,69529.78,67983.88
66817.64,67537.734,68710.31,67502.94
65571.75,66698.234,67966.2,66722.65
64344.40000000001,65929.4,66807.68,66024.31
63448.29,65099.91,65848.43,65267.207
62844.20999999999,64248.418,64659.01,64487.996
62350.37,63118.535,63573.87,63444.664
61568.79000000001,62215.395,62909.98999999999,62601.242
60614.439999999995,61396.203,61628.55,61817.316
60261.24,60620.773,60661.88999999999,61070.324
59825.74,60034.594,60389.14,60528.81
58838.17,59247.406,59635.68000000001,59677.945
58062.29,58506.953,58705.19,58868.62
57300.69,57774.66,57815.06,58076.637
56274.62,56878.32,56512.29,57154.0
55277.06,56115.266,55711.04000000001,56347.895
54640.18000000001,55378.24,54984.030000000006,55587.957
53475.86,54690.79,53987.189999999995,54882.87
52865.16,53974.754,52895.23999999999,54143.156
52543.61,53331.023,52331.719999999994,53477.99
52123.45,52822.7,51124.38999999999,52941.75
51533.86,52450.26,50030.19,52513.24
51018.969999999994,52149.668,49267.799999999996,51951.766
50773.3,51955.5,48744.46,51560.652
50422.73,51847.71,48773.93,51255.01
50285.17,51844.96,48811.16,51064.875
50134.3,51887.848,48756.93,50885.855
50106.31999999999,52017.62,48825.91,50812.48
50302.81,52169.336,48776.69000000001,50789.89
50015.21,52354.637,48926.48,50830.188
49983.93000000001,52700.387,48515.590000000004,50956.227
50206.45,52988.777,48631.66,51105.72
50513.18000000001,53266.824,48730.35,51293.79
51187.95,53572.83,49095.26999999999,51544.863
51415.13,54052.133,50173.56,51914.867
52001.9,54603.113,50846.55,52392.832
52691.71,55106.438,51494.78,52884.566
53598.73000000001,55640.996,51780.75,53439.63
54194.35999999999,56377.723,53007.41,54142.844
55159.66000000001,57134.285,53749.79,54897.496
56614.92,57826.508,54938.56999999999,55636.22
59766.05,58546.19,56476.98,56412.56
61916.09999999999,59534.027,59513.24,57373.293
63679.66,60822.12,61791.29,58538.38
65375.99999999999,62168.27,63801.22,59743.008
66955.25,63470.242,65516.29,60920.504
68108.06,64244.758,67531.39,61809.137
68788.78,65230.01,68836.13,62777.57
69190.14,66149.95,70023.64,63707.633
69499.37,66929.234,70692.45,64514.586
69939.13,67840.96,70827.27,65448.164
70041.28,68547.96,70662.54,66187.61
70196.01,69124.34,70923.32,66812.9
69989.97,69530.87,70967.21,67295.555
70378.63,70126.0,70089.9,67966.04
70499.43,70441.71,69620.58,68388.87
70751.89,70636.164,69858.6,68693.35
70885.51,70723.1,70256.83,68896.305
71109.1,71118.336,70285.59,69390.69
71120.2,71267.49,70754.76,69654.695
70890.24,71335.31,70639.74,69833.06
71205.41,71318.51,70948.39,69926.57
71322.76,71510.83,71105.99,70247.2
71423.4,71535.67,71285.1,70396.125
70934.94,71494.055,71496.2,70467.2
70800.62,71397.1,71266.37,70478.375
70713.64,71432.766,70882.42,70661.64
70610.55,71241.04,70605.78,70626.98
70411.46,70995.97,70069.86,70519.22
70595.47,70742.5,69928.87,70387.67
69914.81,70664.16,69799.99,70443.836
69499.65,70463.65,69744.06,70354.875
68890.48,70164.61,69633.08,70166.07
68114.8,69901.84,69248.65,69990.73
68087.78,69713.43,68120.47,69908.62
67887.58,69368.63,67597.37,69648.22
67417.25,69128.93,67120.26,69418.41
66892.26,68964.21,66608.28,69215.84
66470.97,68907.38,66477.95,69119.63
66432.1,68737.6,66038.72,68885.22
66287.43,68603.52,65651.13,68667.69
66803.37,68555.38,65508.61,68520.68
67743.86,68576.79,65952.83,68454.11
68510.96,68628.086,66198.4,68394.9
69678.06,68793.78,66586.02,68433.945
70386.02,69016.18,67887.3,68534.07
70157.93,69204.42,68831.07,68589.84
70141.84,69420.23,68748.13,68688.56
70133.12,69492.25,68263.09,68693.09
70512.96,69509.57,68674.68,68667.03
70023.11,69260.56,68425.06,68388.28
69898.91,69160.52,67841.42,68250.12
69619.47,68944.02,67633.24,68018.41
69072.88,68709.81,67285.8,67771.125
68252.99,68171.27,66920.8,67238.4
67565.72,67758.19,66168.24,66827.62
66533.95,67270.43,65470.79,66343.09
65163.48,66781.71,65017.87,65849.25
63916.14,65933.63,63870.85999999999,65042.41
62859.549999999996,65186.94,62889.240000000005,64331.883
62422.55,64369.902,61843.25,63561.773
61448.08,63539.85,60742.0,62786.203
61036.67999999999,62481.324,59992.87,61834.52
60544.83,61628.254,59233.08999999999,61040.24
59448.56,60853.273,58304.21,60306.88
58737.73,60119.953,57622.36,59617.73
57861.280000000006,59299.855,57378.14,58935.6
57113.75000000001,58529.016,56819.08999999999,58165.473
56165.57,57722.43,55930.28,57368.016
55057.19,56920.707,54899.97,56583.516
53950.98,55860.832,53550.83,55639.07
53066.81,54913.773,52518.22,54759.27
52359.36,53941.113,51753.61,53883.113
51108.77,53022.863,50937.54,53056.992
50613.25,51981.28,50168.57,52157.656
49875.670000000006,51052.83,49434.299999999996,51309.258
49334.35,50290.688,49021.57000000001,50588.637
47947.29,49633.44,48630.33,49950.746
47544.68,48699.957,48196.99,49480.477
47007.05,47885.195,47718.77,48634.656
46961.75,47382.24,47467.88,48086.406
46640.91,47018.75,47199.78,47645.902
46603.26,46790.805,46801.63,47299.87
46384.18,46668.17,46354.38,47018.55
46273.16,46646.137,46280.85,46824.594
46416.04,46696.023,46131.22,46700.113
46335.97,46800.953,46083.34,46596.855
46346.12,47022.6,46019.51,46600.445
46470.93,47269.598,46033.84,46657.035
46567.61,47567.96,45848.89,46791.11
46561.44,47985.496,45850.13,46983.758
46300.84,48433.03,45921.58,47262.44
46042.28,48864.805,46078.15,47578.473
46240.31,49253.703,46025.93,47912.406
46110.87,49705.5,46068.54,48258.43
46156.29,50194.29,45844.21,48697.598
46755.75,50642.22,45906.79,49143.8
47200.84,51109.63,45902.47,49631.414
47722.42,51875.48,45770.94,50280.11
48251.59,52633.13,46182.07,50989.914
48963.99,53399.41,46514.35,51724.73
50715.43000000001,54153.06,47082.48,52465.746
51662.439999999995,54835.38,48536.549999999996,53188.67
52695.95,55561.32,49787.04,53882.266
53038.05,56264.613,50611.32,54608.004
54231.590000000004,56952.97,51310.12,55322.598
54917.32,57705.03,52506.78,56055.047
55983.84,58383.51,53502.44,56774.793
56929.71,58953.94,54397.84,57410.305
57805.42,59460.1,54868.38,57984.273
58118.66,60095.07,55077.31999999999,58624.34
58435.99,60563.37,55675.87000000001,59166.797
58830.31999999999,60869.25,56110.1,59572.49
59222.45,61053.973,56435.30000000001,59870.523
59307.49,61379.867,56722.64,60265.96
59572.15,61534.984,57046.159999999996,60552.98
59598.15,61596.82,57243.689999999995,60747.383
59813.59,61609.734,57127.67,60890.855
59904.58,61775.06,56953.350000000006,61155.277
60113.54,61811.824,57291.2,61332.156
59939.99,61825.61,57028.43,61463.87
59740.58,61831.164,56909.31,61574.625
59592.88,61940.383,56673.62,61779.96
59083.45,61905.586,56553.17,61870.39
58632.75000000001,61851.848,56426.049999999996,61910.613
57749.11000000001,61729.703,55766.87999999999,61876.375
57209.74,61711.71,56091.75,61927.004
56748.62,61519.25,55923.65,61827.27
56012.84,61312.066,55321.78,61669.508
55861.66,61104.957,54773.450000000004,61477.38
55658.76,60937.223,54628.75,61314.246
55541.95999999999,60738.453,54267.42,61080.586
55419.450000000004,60597.934,53931.67,60864.484
55619.9,60498.305,53671.36,60669.652
55582.41,60488.86,53332.229999999996,60560.086
55617.780000000006,60481.098,53434.75,60437.824
56108.47,60513.24,53382.25,60362.62
56656.26,60576.605,53492.530000000006,60328.504
57685.92,60765.812,54758.68,60408.79
58835.04,60950.434,55829.55,60488.625
59630.64000000001,61218.316,57113.73000000001,60652.0
60255.009999999995,61524.312,58220.55,60852.92
60547.31999999999,61764.625,58646.26000000001,61007.258
60913.49,61985.156,58754.78,61152.746
61089.24,62119.164,59053.32,61233.79
61315.6,62209.133,58957.9,61282.168
60990.48000000001,62141.914,58754.909999999996,61194.758
60430.87000000001,62105.64,58545.45,61135.027
59981.13,61952.527,58199.9,60975.137
59491.899999999994,61697.02,57798.37000000001,60733.152
58874.7,61234.52,57649.74,60329.98
58419.74,60824.176,57231.80999999999,59959.35
57573.54,60339.367,56567.06,59518.758
56089.08999999999,59852.93,56095.99,59070.504
55057.02,59137.484,55296.13,58445.92
54219.77,58410.16,54132.590000000004,57790.77
53450.45,57627.625,53183.9,57089.94
52638.05,56862.285,52764.69000000001,56403.465
52325.38,55951.48,52337.98,55639.277
51791.41,55178.36,51965.87,54948.742
51578.689999999995,54463.477,51205.78,54307.43
51871.47,53779.414,51029.71,53698.074
51549.590000000004,53057.08,51341.44,53235.656
50754.509999999995,52521.92,51048.78,52733.113
49954.18,51963.45,50192.25000000001,52197.07
49108.72,51321.676,49611.62,51601.13
48520.95,50461.23,49218.17,50898.42
47919.05000000001,49640.668,48375.55000000001,50189.062
47224.42,48795.793,47683.62,49475.773
46134.03,47956.402,47062.13,48778.234
45337.0,46971.434,46740.33,48013.73
44932.18,46007.344,46027.9,47224.78
44472.51,45041.992,45776.18,46441.152
43874.51,44181.043,45448.86,45733.543
43190.57,43480.457,44697.46,45440.414
42764.78,42915.15,44440.17,44967.703
42842.24,42296.562,43942.34,44456.53
42709.84,41791.445,43750.4,44016.09
42585.1,41414.594,43070.82,43643.69
42283.58,41163.55,43135.81,43327.26
42406.08,40994.58,42882.0,43075.766
42580.56,40885.69,42815.01,42872.562
42261.32,40940.523,42602.3,42761.574
41989.26,41108.98,42611.92,42746.887
42294.68,41278.727,42677.02,42757.8
42733.81,41487.242,42385.85,42826.88
42619.51,41911.375,42380.13,43031.77
42736.45,42443.297,42355.36,43354.64
42749.55,42953.953,42455.03,43705.72
42455.63,43509.145,42269.04,44128.457
42242.44,44220.93,41893.7,44652.688
42147.08,44833.207,41647.45,45180.137
41739.82,45395.645,41763.56,45713.12
41674.02,45941.094,46115.59,46263.008
41802.78,46565.32,46630.3,46822.84
41913.33,47139.94,46856.4,47421.98
42236.36,47710.66,47172.33,48033.27
42889.34,48253.832,47211.72,48625.973
43346.06,48940.035,43274.85,49292.18
43822.19,49378.895,48788.0,49699.668
44321.45,49853.004,48843.41,50193.82
45693.6,50287.46,48892.77,50648.72
47083.4,50893.613,49599.61,51173.918
48067.22000000001,51516.67,50125.06,51769.31
48896.85,52158.465,50709.62,52365.78
49600.48,52692.92,51142.48999999999,52856.008
50594.93,53283.72,51628.59,53330.645
50872.33,53713.812,52034.479999999996,53728.258
51169.39000000001,54070.645,52460.27,54053.777
52309.939999999995,54243.867,52864.399999999994,54227.13
53049.8,54460.133,53561.85999999999,54395.05
53245.51999999999,54685.715,53848.69,54606.562
53621.16,54874.133,53412.219999999994,54786.1
54420.03,54953.55,53655.5,54882.668
55366.44,55137.83,54545.04,55047.89
55444.27,55352.645,55043.44,55266.332
55435.65,55600.562,55418.15,55504.617
55163.41,55734.066,55632.579999999994,55652.008
55051.5,55879.145,55503.42,55804.176
54337.229999999996,55971.434,55645.44,55930.027
53558.33999999999,56035.566,55481.19000000001,56025.594
53079.65,56009.863,54905.36,56046.617
52489.71000000001,55936.824,54359.73,56025.355
52395.88999999999,55907.734,53917.52999999999,56028.336
51847.51,55864.18,53774.06999999999,55997.82
51630.74,55864.523,53255.28,55975.5
51448.25,55817.086,52862.18,55888.117
51253.42,55860.953,52604.39,55855.516
50835.95,55941.4,52658.58,55847.188
51298.33,56036.3,52240.9,55849.562
50773.64000000001,56122.273,52505.94,55849.273
50934.67,56358.73,52582.49,55970.773
50774.42,56551.07,52838.23,56081.8
51937.08000000001,56796.344,52793.2,56249.133
52857.5,57032.207,53284.42,56421.28
54149.62,57431.47,53822.33,56729.785
55189.86,57861.867,54654.9,57079.496
56555.13,58332.742,55803.02,57474.117
57176.49,58749.48,56600.340000000004,57827.88
57801.93000000001,59209.64,56999.43,58222.465
58045.95,59564.105,57142.17,58534.95
58258.18,59856.95,57304.73,58799.605
58060.22,59984.133,57759.97,58921.32
57713.69000000001,60075.26,57762.41,59016.57
57503.219999999994,60042.57,57439.11,59007.684
56275.92,59915.863,57306.47000000001,58921.715
55559.68000000001,59639.71,57522.22,58708.008
55188.64,59237.5,57289.0,58388.305
54701.28,58788.71,56754.04,58027.688
54122.96000000001,58348.266,55871.76,57671.59
53417.55,57792.562,55346.2,57232.316
52599.65,57213.426,54777.04,56747.414
52211.12,56616.684,54006.07,56240.51
51937.21000000001,56014.94,53423.100000000006,55726.96
51480.51999999999,55391.777,53481.49,55215.723
51212.80000000001,54801.383,53262.909999999996,54696.465
51342.979999999996,54230.18,52821.81,54192.98
51654.97,53727.81,53181.10999999999,53745.098
51139.69,53497.297,53343.020000000004,53621.074
50328.53,53037.883,52971.6,53169.48
49431.91,52537.402,52095.09,52672.945
48647.17,51950.066,51428.590000000004,52103.227
48064.63,51230.426,50772.14000000001,51444.58
47608.47,50469.8,50134.01,50724.395
46942.51,49753.43,49521.47,50052.465
46190.34,49081.06,48943.09999999999,49413.137
45839.95,48353.656,46653.63,48754.043
45379.77,47575.35,46151.66,48021.9
44743.83,46892.055,45999.29,47373.965
44852.95,46259.344,45538.3,46760.39
44754.6,46496.734,45320.92,46983.254
44563.28,46465.19,45122.12,46853.81
44341.83,46403.566,45107.06,46677.74
44284.42,46352.0,44736.35,46509.3
44352.5,46343.32,44214.61,46342.387
44428.75,46359.043,44139.46,46194.812
44472.85,46445.812,44261.97,46121.83
44512.59,46624.035,44016.74,46139.855
44530.12,46974.22,43781.17,46267.242
44815.15,47321.387,43795.64,46428.457
45126.89,47696.332,44194.51,46661.414
45636.93,48164.53,44404.01,47007.652
46038.13,48870.785,44476.53,47527.07
46735.11,49577.1,44477.4,48098.094
47380.4,50282.81,45181.81,48724.668
48618.65,51017.125,45865.15,49414.035
49277.26,51962.29,47175.02,50267.195
50637.52999999999,52936.234,47805.25,51178.62
52293.01,53819.484,48938.46,52068.574
55760.26,54738.598,50846.39000000001,53014.79
58385.31,56002.87,54695.22,54206.242
60715.969999999994,57570.684,57584.27,55629.6
62671.23,59168.84,59833.18,57083.375
65208.75,60726.035,62296.55,58507.99
66099.63,61661.66,64038.35,59673.35
67334.0,63047.223,65540.81,60994.953
67671.91,64212.656,66725.51,62183.234
68532.45,65232.496,67290.18,63263.76
68952.21,66309.71,67162.75,64413.074
69362.68,67212.61,67251.0,65425.086
69586.13,67924.48,66917.96,66288.016
69227.68,68470.28,66974.49,67008.58
69400.36,69178.53,66803.5,67896.42
69741.65,69566.805,67359.36,68503.25
69929.1,69830.09,67578.84,68989.39
70413.13,69989.055,67845.02,69355.95
70393.06,70373.734,68389.46,69933.84
70655.7,70556.94,68413.81,70284.11
70737.12,70586.19,68849.58,70471.914
71009.17,70549.586,68909.05,70563.11
71320.33,70730.29,68989.61,70871.1
71501.5,70713.6,69350.02,70942.81
71385.42,70667.11,69657.1,70961.96
71072.53,70568.734,69811.46,70912.69
70980.08,70638.375,69634.36,71063.414
70945.77,70484.56,69591.31,70968.09
70967.04,70322.164,69352.26,70851.28
71259.97,70153.23,69144.4,70715.414
71008.13,70150.79,69153.9,70766.48
70578.91,70065.04,69317.57,70684.65
70128.29,69942.195,69189.35,70544.47
69783.13,69779.79,68427.0,70359.27
69810.39,69688.02,68338.46,70265.93
69589.14,69504.86,68514.54,70038.79
69363.13,69400.58,68447.72,69864.98
69683.75,69318.234,68167.53,69713.33
69466.03,69279.89,67947.37,69626.164
69153.26,69291.96,67769.7,69565.484
68818.82,69311.77,67182.9,69528.28
68853.07,69344.0,66907.19,69528.71
69209.32,69350.23,66980.83,69518.77
69832.55,69394.125,67586.45,69548.12
70187.08,69512.914,67940.44,69656.94
70351.79,69694.05,69031.17,69832.79
70549.62,69763.11,69081.2,69889.32
70780.42,69845.13,69348.38,69981.55
70534.48,69899.77,69234.99,70053.57
70727.67,69941.07,69143.02,70116.52
70440.22,69722.445,68634.79,69900.95
70207.34,69582.78,68377.76,69785.47
69831.33,69368.69,68130.11,69608.14
69707.14,69123.38,67948.01,69405.78
68831.28,68593.62,67827.02,68902.04
68225.73,68165.484,67113.74,68520.34
67866.3,67639.9,66552.4,68053.414
66882.69,67107.805,65868.62,67583.01
65656.04,66330.516,64713.81,66832.82
64693.079999999994,65599.47,63508.52,66155.8
63758.77,64813.41,62898.54,65435.188
62875.5,64042.586,61889.56,64725.57
62150.94,63033.402,62023.77,63750.77
60990.21,62148.062,61438.23,62915.473
60146.51,61320.18,60147.26,62131.527
60077.170000000006,60498.504,59255.55,61355.133
59326.72,59901.82,59563.740000000005,60771.24
58253.1,59060.3,58891.1,59930.29
57239.44000000001,58285.977,57931.07000000001,59162.727
56316.26000000001,57486.2,57128.82,58380.562
55332.75,56533.945,55571.37000000001,57443.918
54104.8,55681.383,54405.15,56614.414
53387.72,54884.6,53236.34999999999,55844.348
52692.16000000001,54115.895,52493.53,55109.773
51910.72,53328.453,54783.86000000001,54324.258
51388.04,52673.617,54027.58,53642.277
50826.29,52111.74,53552.17,53038.1
49829.51,51680.6,52758.84,52533.965
49713.17,51180.324,51962.52,52003.676
49274.76,50843.04,51709.44999999999,51614.336
49167.69999999999,50592.992,51164.28,51296.992
48843.35,50358.867,51123.94,50995.027
48611.19,50239.887,50910.5,50738.406
48516.67,50150.582,50752.19000000001,50510.07
48638.42999999999,50121.844,50760.34,50351.203
48975.50000000001,50163.0,50729.13,50262.754
49256.13999999999,50384.508,50774.71,50287.777
49443.33000000001,50688.17,50654.2,50396.246
49551.61000000001,51067.92,50670.74999999999,50599.023
50294.72,51490.86,51146.34,50876.55
50345.8,52063.48,51618.58999999999,51270.367
50938.19999999999,52722.152,51955.07,51775.125
51321.64,53306.77,52438.43,52283.414
52762.0,53928.867,52862.89,52860.78
53469.72000000001,54726.312,54203.12,53579.16
54353.58,55631.637,54981.67,54413.516
55841.38,56488.066,56037.45,55255.715
58454.24999999999,57337.938,57474.66000000001,56118.18
60672.24,58543.715,59906.85,57250.45
62652.23,59921.613,61909.94,58528.812
64577.18,61341.63,63946.9,59848.72
66692.29,62728.043,65715.34,61146.035
67860.18,63463.99,66804.99,62075.184
68864.52,64775.465,67958.09,63368.117
69504.44,65922.9,68572.31,64541.094
69876.92,66907.9,69085.69,65581.96
69950.04,68052.805,70014.07,66766.836
70007.57,68906.445,70195.4,67729.484
70275.0,69542.67,70326.67,68508.56
69616.29,69994.484,70098.17,69123.75
69752.82,70708.29,69894.05,69974.5
70161.64,71015.29,70038.51,70490.32
70504.18,71208.516,70227.16,70879.68
70606.94,71318.164,70306.78,71161.83
70192.46,71750.82,70822.88,71710.05
70520.15,71882.58,70813.98,71999.305
71090.3,71826.625,70866.28,72091.875
71376.26,71740.47,71128.31,72125.02
71608.75,72023.31,71016.68,72467.85
71562.53,72042.62,71150.61,72566.21
71324.74,72013.6,71248.32,72587.25
71117.82,71901.33,71286.18,72519.97
70964.08,72012.16,71533.2,72670.83
70917.35,71858.05,71306.45,72580.305
70699.86,71677.45,71343.41,72442.21
70300.5,71494.49,71058.76,72281.695
70356.89,71511.78,71166.07,72317.336
70152.74,71309.37,70963.51,72142.98
69530.6,71135.31,70599.23,71966.38
69636.41,70974.4,69791.81,71788.625
69911.04,70888.5,69655.97,71704.06
69632.52,70710.82,69487.93,71491.234
69428.22,70632.93,69520.86,71340.67
69491.94,70561.35,69344.68,71194.89
69194.97,70601.55,69431.58,71179.57
69031.79,70577.98,69235.84,71087.45
68794.32,70590.03,69049.93,71042.69
69231.56,70632.7,68994.12,71038.125
69912.69,70731.69,69599.82,71116.24
70469.14,70827.38,70003.51,71179.664
71171.34,70991.32,70951.61,71306.73
71723.71,71185.4,71832.32,71473.92
72139.12,71298.734,72959.3,71566.92
72347.51,71416.8,73097.02,71677.16
72130.12,71503.18,73280.0,71766.68
72056.35,71543.18,73345.58,71819.84
71765.86,71268.62,72758.37,71564.484
71713.8,71062.445,72149.46,71395.23
71366.6,70781.91,71996.29,71153.27
70770.19,70489.805,71838.6,70897.49
70211.28,69888.46,71594.75,70332.69
69848.09,69346.21,71013.1,69841.08
69587.19,68757.055,70429.7,69300.68
68273.02,68174.2,69907.01,68752.64
66924.95,67288.164,68582.0,67894.75
66262.65,66432.59,67484.01,67090.29
65458.38999999999,65518.957,66605.3,66238.67
64616.88999999999,64667.785,65888.93,65436.12
63620.19,63532.406,64908.59,64352.098
62558.72,62581.637,64376.62999999999,63443.562
61521.43,61674.152,63349.18,62584.152
60533.4,60812.926,62406.62999999999,61773.074
59856.11,60127.215,62411.99,61046.53
58938.31,59119.375,61593.72,60027.59
57677.85999999999,58249.477,60610.53,59133.812
55803.84,57432.875,59566.84999999999,58296.492
54626.23,56400.43,58281.59999999999,57264.16
53472.75,55432.766,56992.06,56316.74
53024.08,54555.992,56254.24,55465.574
51921.74999999999,53767.926,55723.549999999996,54687.74
51229.84,53020.773,54400.78,53908.453
50880.01,52392.195,53810.05999999999,53223.516
50317.950000000004,51889.055,53372.22000000001,52650.535
49221.13,51531.844,52939.16,52190.45
48607.719999999994,51057.023,52499.88,51479.46
48432.46,50784.094,52142.420000000006,51053.93
48744.12,50504.33,51849.39,50647.11
48289.74999999999,50303.375,51452.12,50306.312
48109.85999999999,50266.688,50678.72,50039.8
48130.75,50225.914,50443.26,49787.016
48339.64,50223.703,50667.71,49602.195
48929.44000000001,50297.94,50673.03999999999,49497.688
49085.46,50580.207,50682.59,49525.953
49085.39000000001,51001.234,50541.16,49688.26
49346.92,51438.586,50780.33,49919.867
49896.15,51869.73,50999.85,50201.098
50423.43,52512.742,52106.48,50651.434
50891.64,53206.996,52335.97,51192.406
51406.07,53929.54,52917.79000000001,51815.91
52948.54,54635.414,53292.600000000006,52480.57
53631.91,55541.254,54696.95,53314.855
54592.98999999999,56572.12,55108.240000000005,54277.055
55835.97,57521.477,56290.93,55221.54
59103.07,58443.53,57743.11,56171.188
61426.68,59644.137,60675.21,57337.33
63544.32,61109.855,63137.99999999999,58711.336
65195.38,62550.86,64834.24999999999,60065.223
67353.5,63918.22,66801.41,61352.57
68796.98,64500.523,68840.98,62113.414
69754.71,65739.92,69882.34,63295.324
70316.45,66819.33,70831.85,64352.76
71368.69,67720.555,71145.89,65260.68
71890.33,68776.5,70683.39,66305.414
72424.37,69650.125,70835.93,67197.414
72555.58,70329.98,70903.23,67923.92
72165.48,70865.57,71089.99,68518.8
72572.98,71607.445,70995.8,69308.1
72822.06,72013.06,71083.09,69824.62
72970.91,72332.62,71152.75,70252.6
72892.21,72531.33,71175.14,70559.08
73168.31,73016.78,71128.57,71120.15
73410.01,73201.0,70949.22,71425.63
73458.42,73274.85,70780.26,71612.555
73802.14,73243.46,71091.41,71685.19
74082.55,73493.22,71310.48,72010.46
73930.39,73502.91,71576.89,72115.38
73668.47,73439.99,71455.46,72134.195
73291.78,73299.99,71494.81,72074.15
73180.84,73342.7,70681.53,72190.42
73248.8,73115.96,70507.52,72060.85
73140.96,72854.74,70553.08,71879.57
73500.42,72581.98,70617.81,71669.55
73558.72,72471.086,70764.15,71621.18
73186.91,72258.45,70150.97,71448.27
72747.63,72075.875,69465.53,71285.11
72474.44,71868.9,68876.16,71098.25
72307.19,71760.305,68971.55,71020.555
71649.71,71579.914,68845.61,70854.84
71319.01,71443.945,68747.53,70719.75
71717.58,71291.234,68635.25,70577.45
71541.98,71232.95,69195.68,70543.08
71265.24,71239.23,68899.43,70539.48
71160.27,71271.46,68850.44,70561.914
71356.43,71320.73,68801.99,70611.72
71843.55,71406.06,68703.97,70710.0
72533.54,71484.586,69102.21,70793.67
72972.39,71625.234,70125.41,70929.414
73571.24,71800.87,71465.66,71091.28
73875.65,71847.875,72267.22,71135.4
74237.56,71954.234,72759.26,71246.414
73616.9,72023.57,72885.34,71321.6
73281.28,72070.49,72942.18,71373.93
72963.61,71775.086,72623.87,71117.25
72814.81,71519.164,72518.73,70923.12
72803.68,71223.71,72376.62,70685.15
71801.45,70931.65,72354.92,70444.625
71245.49,70355.25,71949.19,69919.375
70424.3,69772.29,71112.38,69418.945
69733.21,69169.71,70310.75,68887.23
68058.07,68548.15,69770.19,68332.96
67136.08,67573.85,68661.12,67443.7
66280.55,66596.92,67597.91,66587.31
65292.07,65654.125,66526.81,65749.23
64245.28,64755.99,65697.34,64941.156
63413.659999999996,63563.8,64993.36,63856.336
62418.299999999996,62558.656,64522.70999999999,62955.15
61428.99,61624.824,63499.54,62113.51
61060.84,60750.523,62874.329999999994,61325.305
60358.13999999999,60072.566,62544.28,60666.168
59244.43,59197.062,61881.71000000001,59767.695
58193.33000000001,58371.145,60755.05999999999,58891.832
56847.46,57547.582,60188.6,58033.44
55551.94,56511.707,59461.93,56987.24
54744.19,55587.17,58317.08000000001,56055.035
54130.92,54666.53,57158.15,55147.33
52820.71,53872.574,56596.310000000005,54347.777
51785.98999999999,53026.848,55961.53999999999,53479.957
51017.119999999995,52254.758,55175.27,52692.332
50468.520000000004,51536.82,54650.2,51970.3
50133.39,50905.227,54251.79,51327.44
49629.090000000004,50260.85,54044.19,50484.668
49396.54,49997.953,53749.44999999999,50069.008
49059.619999999995,49795.527,53272.39,49710.29
48813.09,49698.34,52905.8,49464.695
48843.43,49643.27,52867.56,49225.523
48829.61,49678.184,52423.43,49101.723
48924.95,49787.426,52531.8,49068.812
49095.19,49958.97,52451.12,49118.43
49313.37,50303.598,52438.19,49272.117
49238.11,50712.105,52433.07,49526.223
49472.95,51133.863,52701.5,49837.754
50093.490000000005,51523.13,52783.87999999999,50178.902
50617.39,52090.56,53126.69999999999,50651.35
51377.05,52749.113,53172.13,51241.277
52222.87999999999,53407.586,53502.58,51879.793
53517.8,54106.71,53758.91000000001,52590.035
54284.24,55068.266,55390.28,53494.98
55586.50000000001,56099.05,56354.99,54486.234
57274.87999999999,57040.332,57683.85,55450.113
59670.58,58012.914,58908.65,56463.934
62393.659999999996,59326.727,61571.84,57721.535
64209.01,60737.082,64249.83,59054.51
65968.92,62242.117,66048.11,60450.55
67265.78,63607.81,67867.77,61741.234
68662.32,64278.465,69613.59,62556.89
69609.82,65305.11,70875.39,63595.9
70078.13,66289.52,71842.56,64616.637
70472.48,67127.01,71977.52,65512.613
70798.33,68120.945,72204.33,66547.75
70966.51,68871.16,72476.89,67373.234
70904.05,69456.14,72678.59,68053.125
70373.06,69881.52,72855.32,68591.6
70559.8,70508.336,72940.11,69305.81
70703.74,70830.63,73013.36,69765.14
70546.27,71088.375,73133.6,70151.07
70798.8,71260.15,73216.31,70441.61
70797.21,71665.42,72981.17,70946.484
71466.05,71873.586,73113.89,71251.41
72231.69,71987.37,72845.83,71445.664
72206.37,72123.055,73119.51,71625.305
72232.83,72584.45,72576.28,72079.5
72861.31,72744.66,72946.88,72249.63
72567.45,72813.164,73335.27,72317.06
71716.61,72860.3,73375.02,72338.516
71714.04,73020.54,72446.47,72485.734
71782.48,72839.84,72539.82,72327.37
72181.99,72618.25,72189.04,72112.97
72299.64,72399.12,72111.7,71878.984
72029.71,72406.26,71818.6,71849.19
71669.66,72242.62,71988.1,71638.44
70900.7,72040.59,71740.66,71387.41
70515.24,71787.41,71247.56,71094.14
71095.03,71540.4,71391.4,70856.04
70912.61,71261.14,71241.44,70574.68
70982.64,71142.086,71149.67,70404.44
70946.93,71031.22,71079.92,70243.16
70275.17,71003.73,71305.96,70175.97
70214.85,70987.72,70803.79,70114.03
70250.67,70931.03,70453.89,70039.63
70572.1,70942.734,70738.73,70030.99
70827.14,70945.0,71299.59,70017.01
71576.25,70988.35,72015.54,70045.58
72243.65,71056.56,72680.19,70109.016
72279.04,71191.83,73956.03,70234.984
72613.74,71218.06,74595.66,70253.88
72325.6,71242.26,74616.54,70301.57
72517.58,71261.234,74996.61,70347.09
72072.39,71211.234,75320.45,70349.375
71792.72,70948.89,75155.74,70136.41
71412.05,70727.27,74725.01,69992.65
71016.01,70451.52,74669.88,69792.234
70623.78,70165.3,74565.7,69576.44
70112.42,69560.22,73648.1,69051.64
69529.78,69094.95,72766.39,68669.85
68710.31,68588.734,72188.26,68233.05
67966.2,68079.16,71626.33,67779.78
66807.68,67203.23,70032.06,66983.45
65848.43,66467.836,68998.27,66320.46
64659.01,65676.59,67945.42,65598.414
63573.87,64897.42,66938.78,64882.94
62909.98999999999,63770.65,66223.97,63858.062
61628.55,62813.613,65377.4,62999.277
60661.88999999999,61926.45,64753.3,62185.348
60389.14,61029.664,63815.399999999994,61371.01
59635.68000000001,60437.438,63825.00000000001,60851.043
58705.19,59619.805,63293.93000000001,59991.133
57815.06,58804.258,62262.16,59131.95
56512.29,58010.605,60881.299999999996,58298.27
55711.04000000001,57041.016,59979.59,57322.023
54984.030000000006,56139.02,58844.3,56418.383
53987.189999999995,55345.285,58149.24999999999,55611.87
52895.23999999999,54661.887,57111.87,54899.176
52331.719999999994,53867.793,56441.82,54087.367
51124.38999999999,53170.613,56127.96,53370.902
50030.19,52598.535,55648.51999999999,52771.863
49267.799999999996,52009.83,55215.69,52183.582
48744.46,51466.883,54696.71,51465.305
48773.93,51061.91,54395.58,50912.01
48811.16,50810.83,53948.77,50490.168
48756.93,50768.39,54099.07,50244.316
48825.91,50918.668,53459.59,50111.656
48776.69000000001,51138.79,53501.74,50065.85
48926.48,51413.215,53408.14,50096.266
48515.590000000004,51695.17,53424.22,50176.55
48631.66,52123.54,53623.37000000001,50334.625
48730.35,52455.098,53520.82,50494.816
49095.26999999999,52794.31,53524.25,50707.46
50173.56,53136.66,53779.56999999999,50972.508
50846.55,53675.99,53951.99,51364.605
51494.78,54363.41,54009.13,51918.562
51780.75,55055.312,54595.14000000001,52524.523
53007.41,55737.723,55157.509999999995,53172.777
53749.79,56497.766,56024.100000000006,53891.867
54938.56999999999,57341.63,56544.27,54708.02
56476.98,58141.773,57558.69,55523.996
59513.24,58974.668,59153.33999999999,56383.074
61791.29,60068.457,62124.85999999999,57424.652
63801.22,61452.574,64290.15,58672.406
65516.29,62869.863,66326.4,59944.17
67531.39,64249.656,68101.31,61196.164
68836.13,64919.145,70651.08,62005.477
70023.64,66028.664,71832.17,63087.56
70692.45,67070.375,72857.95,64126.57
70827.27,68004.14,73232.6,65066.94
70662.54,69047.64,73281.82,66131.34
70923.32,69782.445,73626.6,66912.28
70967.21,70285.18,73832.3,67501.98
70089.9,70649.56,73628.79,67969.35
69620.58,71198.56,73087.95,68626.56
69858.6,71340.234,73187.45,68923.1
70256.83,71328.33,73683.82,69083.92
70285.59,71294.31,73629.64,69204.875
70754.76,71613.586,73215.46,69647.37
70639.74,71677.6,73535.39,69842.91
70948.39,71721.29,73599.8,69988.46
71105.99,71683.25,73877.04,70052.48
71285.1,71982.98,73961.04,70447.37
71496.2,72009.195,74006.83,70580.92
71266.37,71969.12,74035.28,70635.336
70882.42,71909.0,73803.03,70664.234
70605.78,72013.23,72777.95,70903.836
70069.86,71829.87,72086.5,70877.97
69928.87,71555.625,71929.5,70754.68
69799.99,71254.7,72000.61,70596.58
69744.06,71192.51,72440.76,70680.6
69633.08,70924.32,71779.42,70548.875
69248.65,70694.39,71639.11,70415.28
68120.47,70473.16,70844.47,70264.89
67597.37,70326.13,70709.92,70218.664
67120.26,69963.42,70476.47,69957.625
66608.28,69667.95,70477.32,69701.64
66477.95,69416.96,70173.27,69442.016
66038.72,69238.3,70554.45,69257.78
65651.13,69030.24,69968.87,69006.77
65508.61,68849.31,69960.87,68770.29
65952.83,68732.2,69924.83,68589.46
66198.4,68684.586,71010.36,68483.38
66586.02,68671.32,71577.7,68386.32
67887.3,68690.78,72382.41,68330.07
68831.07,68765.414,72903.13,68337.64
68748.13,68872.89,73154.48,68349.58
68263.09,69051.44,73087.71,68426.23
68674.68,69084.14,72819.52,68405.445
68425.06,68993.84,72609.46,68312.31
67841.42,68744.21,72004.41,68051.414
67633.24,68544.336,71564.66,67847.81
67285.8,68234.92,71404.11,67559.81
66920.8,67928.086,71452.09,67271.08
66168.24,67350.32,69994.88,66729.445
65470.79,66920.7,69368.61,66314.37
65017.87,66426.07,68592.0,65834.445
63870.85999999999,65917.68,67744.94,65335.336
62889.240000000005,65150.95,66487.68,64605.53
61843.25,64483.32,65451.490000000005,63957.64
60742.0,63741.83,64615.969999999994,63235.957
59992.87,62955.766,63705.170000000006,62492.992
59233.08999999999,61847.406,62678.35,61516.8
58304.21,60997.965,62147.89000000001,60738.812
57622.36,60157.066,61276.59,59964.19
57378.14,59305.406,60791.51,59185.797
56819.08999999999,58427.316,59703.92,58489.902
55930.28,57691.35,58902.05999999999,57755.66
54899.97,56960.504,58075.77,57023.934
53550.83,56181.152,57190.189999999995,56256.832
52518.22,55110.88,56584.63999999999,55322.125
51753.61,54125.074,55345.61,54423.527
50937.54,53145.01,54898.06,53553.168
50168.57,52223.348,54126.59,52734.344
49434.299999999996,51196.875,53468.44,51855.633
49021.57000000001,50357.52,52825.18,51083.637
48630.33,49596.11,52299.21,50366.914
48196.99,48964.668,51768.06,49752.258
47718.77,48102.93,50803.49,49289.855
47467.88,47479.77,50272.43,48548.934
47199.78,47077.36,50029.20999999999,48035.277
46801.63,46821.27,49670.25,47647.438
46354.38,46636.24,49038.79,47314.1
46280.85,46531.51,48704.03,47029.45
46131.22,46446.566,48586.44,46783.555
46083.34,46469.188,48641.91,46636.945
46019.51,46552.008,48072.38,46524.258
46033.84,46725.19,47851.240000000005,46497.84
45848.89,46930.883,47857.98000000001,46531.39
45850.13,47203.668,47882.880000000005,46653.457
45921.58,47586.37,47646.6,46839.56
46078.15,48000.34,47684.58,47108.695
46025.93,48411.297,48003.8,47420.598
46068.54,48846.617,48315.9,47787.348
45844.21,49415.562,48386.38,48222.58
45906.79,49937.47,48309.25,48693.113
45902.47,50369.61,48082.799999999996,49135.55
45770.94,50823.047,48328.34,49611.137
46182.07,51490.74,48905.509999999995,50197.83
46514.35,52096.67,49418.51999999999,50801.32
47082.48,52735.848,49578.97,51440.523
48536.549999999996,53376.688,50462.16,52085.598
49787.04,54140.445,51939.55,52874.938
50611.32,54743.79,52629.23,53457.906
51310.12,55441.324,53326.63999999999,54155.15
52506.78,56096.234,53994.19,54808.195
53502.44,56845.652,54930.88999999999,55488.75
54397.84,57510.094,55638.17,56152.26
54868.38,58124.87,56131.79000000001,56770.64
55077.31999999999,58658.812,56962.56,57328.94
55675.87000000001,59240.188,57643.35999999999,57906.008
56110.1,59606.63,58173.93,58369.082
56435.30000000001,59909.586,58822.96000000001,58766.824
56722.64,60134.695,59366.96,59093.707
57046.159999999996,60477.78,59653.3,59499.56
57243.689999999995,60641.113,59782.04,59793.46
57127.67,60726.574,60096.66999999999,60000.54
56953.350000000006,60766.27,60664.97000000001,60158.703
57291.2,60934.96,61029.73,60426.293
57028.43,60918.86,60893.68000000001,60565.387
56909.31,60895.996,61272.54,60660.098
56673.62,60828.043,61457.46,60712.05
56553.17,60909.03,60809.1,60895.934
56426.049999999996,60854.83,60514.86000000001,60979.434
55766.87999999999,60772.84,59951.74,60996.543
56091.75,60674.918,60043.259999999995,60977.48
55923.65,60647.098,59911.149999999994,61025.297
55321.78,60591.3,59136.18,61020.73
54773.450000000004,60517.97,58598.59,60959.31
54628.75,60377.25,57938.62000000001,60821.656
54267.42,60275.22,57531.95,60712.297
53931.67,60114.332,56833.84,60512.57
53671.36,59952.684,56751.99,60286.9
53332.229999999996,59819.75,56629.71,60072.28
53434.75,59757.754,57315.06,59920.72
53382.25,59690.87,57209.09,59762.89
53492.530000000006,59699.39,57082.57,59670.54
54758.68,59726.535,57233.850000000006,59606.445
55829.55,59836.27,57999.55,59623.05
57113.73000000001,60051.39,58863.57,59728.6
58220.55,60334.676,59702.79,59907.496
58646.26000000001,60680.95,60448.58,60147.164
58754.78,60986.742,61361.98999999999,60350.473
59053.32,61245.117,61405.46,60527.375
58957.9,61390.285,61940.16,60619.773
58754.909999999996,61485.656,61975.38,60675.75
58545.45,61386.35,61916.58,60561.113
58199.9,61253.37,61644.28,60427.54
57798.37000000001,61034.742,61557.32,60223.086
57649.74,60751.145,61615.81,59966.504
57231.80999999999,60284.9,60671.28999999999,59559.117
56567.06,59903.43,59641.81,59206.816
56095.99,59466.242,59108.850000000006,58798.92
55296.13,58973.85,58610.409999999996,58339.25
54132.590000000004,58320.285,56816.27,57746.836
53183.9,57722.48,55725.23,57173.25
52764.69000000001,57034.33,55017.3,56524.793
52337.98,56328.715,54222.92,55870.438
51965.87,55529.785,53514.83,55172.297
51205.78,54867.043,53431.909999999996,54546.49
51029.71,54217.406,52948.28999999999,53938.574
51341.44,53561.496,52439.6,53340.758
51048.78,52760.297,52493.19,52790.094
50192.25000000001,52238.758,51922.14,52283.957
49611.62,51690.96,51430.16000000001,51737.832
49218.17,51040.715,50459.37,51118.707
48375.55000000001,50216.336,50020.16999999999,50426.6
47683.62,49450.57,49033.18,49733.418
47062.13,48590.945,48753.43,48984.934
46740.33,47709.13,48041.28,48230.168
46027.9,46731.637,46491.76,47448.008
45776.18,45847.645,45176.47,46681.797
45448.86,44957.566,44515.29,45915.43
44697.46,44173.37,44065.97,45230.18
44440.17,43473.652,44038.57,44950.805
43942.34,42876.617,43537.67,44433.406
43750.4,42326.234,43102.01,43960.062
43070.82,41864.43,42538.2,43542.387
43135.81,41504.832,42071.03,43197.53
42882.0,41167.688,42151.97,42838.11
42815.01,40984.62,42033.67,42604.848
42602.3,40891.42,41828.67,42442.285
42611.92,40941.74,42142.06,42376.24
42677.02,41036.023,42031.22,42349.22
42385.85,41215.41,42302.3,42410.05
42380.13,41487.812,42531.23,42561.844
42355.36,41871.5,43423.75,42793.195
42455.03,42294.242,43587.51,43087.914
42269.04,42763.676,43794.77,43454.527
41893.7,43289.242,43435.32,43891.86
41647.45,43935.68,43727.31,44395.305
41763.56,44476.31,43955.78,44880.31
46115.59,44986.31,43979.32,45373.492
46630.3,45509.37,43611.39,45884.855
46856.4,46893.63,43526.27,46965.176
47172.33,48106.63,43804.38,47988.027
47211.72,49163.27,44539.4,48922.434
43274.85,50088.047,44615.9,49766.527
48788.0,51019.39,45582.85,50612.586
48843.41,50764.45,46300.39,50467.688
48892.77,51518.98,46736.22,51127.875
49599.61,52042.55,47364.9,51590.33
50125.06,52616.066,48798.149999999994,52041.79
50709.62,53141.28,49173.81,52526.883
51142.48999999999,53570.004,49812.91,52934.23
51628.59,53882.96,50868.13,53239.8
52034.479999999996,54216.047,52206.1,53506.617
52460.27,54487.305,52759.01999999999,53791.207
52864.399999999994,54658.695,53705.44,53985.65
53561.85999999999,54750.777,54354.03,54111.887
53848.69,54931.54,55448.10999999999,54267.438
53412.219999999994,55099.082,55921.57,54459.832
53655.5,55188.97,56123.5,54585.973
54545.04,55120.195,56656.57000000001,54584.152
55043.44,55184.75,57174.719999999994,54666.668
55418.15,55337.043,57733.88999999999,54848.883
55632.579999999994,55475.152,58234.259999999995,55012.938
55503.42,55579.586,58481.68,55144.258
55645.44,55745.3,58563.76,55307.09
55481.19000000001,55852.918,58485.86000000001,55442.53
54905.36,55954.727,58087.78,55562.555
54359.73,56011.32,57727.579999999994,55640.645
53917.52999999999,56035.047,57330.88,55673.043
53774.06999999999,56044.863,56877.29,55699.43
53255.28,56040.316,56790.27,55702.316
52862.18,56058.234,56497.99,55708.125
52604.39,56049.34,56241.36,55674.664
52658.58,56091.9,55974.719999999994,55681.58
52240.9,56151.094,55344.89,55694.117
52505.94,56271.63,54892.32,55754.855
52582.49,56355.855,54707.53,55787.3
52838.23,56563.15,54198.240000000005,55919.19
52793.2,56801.4,54354.28,56088.844
53284.42,57062.01,54428.02,56284.305
53822.33,57313.59,55059.2,56481.28
54654.9,57664.27,55877.63,56766.04
55803.02,58040.17,56581.770000000004,57086.836
56600.340000000004,58456.906,57767.65,57451.855
56999.43,58852.4,58188.72,57799.684
57142.17,59269.65,58653.92,58167.426
57304.73,59604.164,58647.37,58472.31
57759.97,59847.492,58978.1,58704.797
57762.41,59940.13,59152.8,58807.93
57439.11,60065.793,59069.2,58935.457
57306.47000000001,60079.58,58417.689999999995,58969.23
57522.22,60000.035,58206.13,58930.71
57289.0,59773.395,57910.15,58766.79
56754.04,59593.59,57648.24,58635.227
55871.76,59327.574,57000.06,58433.293
55346.2,58992.824,56650.35,58176.39
54777.04,58474.773,55792.94,57782.516
54006.07,57941.605,55103.83,57354.69
53423.100000000006,57374.824,54210.46,56890.96
53481.49,56818.23,53509.51999999999,56435.715
53262.909999999996,56184.875,53568.63999999999,55932.555
52821.81,55659.957,53392.17999999999,55484.24
53181.10999999999,55160.74,53198.37,55056.55
53343.020000000004,54698.773,53111.16,54660.66
52971.6,54642.406,53658.84,54703.098
52095.09,54207.254,53491.13,54282.69
51428.590000000004,53736.703,52780.79,53815.99
50772.14000000001,53139.156,51747.07,53239.008
50134.01,52457.04,50732.25,52620.36
49521.47,51725.91,49663.799999999996,51930.895
48943.09999999999,51014.285,48874.689999999995,51272.59
46653.63,50327.99,48873.9,50633.402
46151.66,49627.625,48571.93,50000.45
45999.29,48630.945,48241.729999999996,49123.94
45538.3,47815.29,47548.02,48397.082
45320.92,47148.81,47276.76,47771.62
45122.12,47322.67,46614.01,47977.043
45107.06,47205.21,46593.22,47799.37
44736.35,47069.99,46008.62,47572.742
44214.61,47002.277,45875.11,47390.08
44139.46,46937.934,45695.35,47178.973
44261.97,46852.426,45614.46,46954.895
44016.74,46850.855,45775.38,46809.457
43781.17,46965.004,46387.66,46766.586
43795.64,47183.477,46462.3,46775.434
44194.51,47425.047,45997.63,46839.426
44404.01,47748.977,46558.53,47011.254
44476.53,48183.473,47154.52,47301.258
44477.4,48835.69,47881.8,47747.59
45181.81,49446.453,48105.43,48224.85
45865.15,50004.914,48568.26,48731.52
47175.02,50612.305,49412.74,49317.715
47805.25,51467.81,50798.509999999995,50078.9
48938.46,52413.742,52068.0,50947.098
50846.39000000001,53316.797,53230.270000000004,51833.027
54695.22,54427.016,54675.19,52902.594
57584.27,55872.387,57516.93,54215.176
59833.18,57652.816,60144.93,55781.766
62296.55,59451.473,62179.19,57374.203
64038.35,61110.664,63889.39,58874.23
65540.81,62002.758,66741.11,59978.363
66725.51,63451.656,68409.71,61340.94
67290.18,64704.867,69866.32,62599.652
67162.75,65735.625,70384.74,63695.285
67251.0,66861.69,70749.06,64883.54
66917.96,67590.99,71218.91,65779.72
66974.49,68104.09,71324.12,66507.1
66803.5,68352.6,71187.86,67017.35
67359.36,68790.28,70742.55,67688.94
67578.84,68984.81,70943.68,68151.23
67845.02,69165.59,70896.62,68566.414
68389.46,69235.74,71312.77,68853.47
68413.81,69537.63,72027.04,69344.85
68849.58,69685.164,72148.77,69658.66
68909.05,69712.625,72390.5,69844.63
68989.61,69699.62,72429.45,69951.836
69350.02,69875.19,72132.77,70236.47
69657.1,69870.766,72240.53,70318.16
69811.46,69846.0,72359.43,70348.96
69634.36,69798.33,72251.72,70335.71
69591.31,69914.89,72217.29,70512.25
69352.26,69852.21,71600.52,70486.305
69144.4,69774.05,72466.28,70428.11
69153.9,69609.805,71845.49,70300.59
69317.57,69575.48,72421.4,70338.71
69189.35,69445.914,72312.52,70241.0
68427.0,69376.48,71823.7,70160.625
68338.46,69312.9,71045.37,70070.766
68514.54,69212.34,71355.2,69988.37
68447.72,69051.53,71368.56,69789.55
68167.53,68994.93,71185.72,69643.86
67947.37,68944.586,70623.34,69497.984
67769.7,68926.61,70537.74,69412.63
67182.9,68874.74,70162.25,69276.62
66907.19,68895.48,70142.59,69209.37
66980.83,68904.45,70121.62,69164.29
67586.45,68931.25,70322.46,69170.36
67940.44,68989.87,70920.07,69197.12
69031.17,69140.95,71394.39,69324.59
69081.2,69337.586,71968.55,69522.17
69348.38,69513.21,72647.22,69676.87
69234.99,69657.14,72985.1,69826.9
69143.02,69789.99,73098.93,69981.234
68634.79,69847.67,72948.92,70074.7
68377.76,69667.68,72639.87,69911.31
68130.11,69488.68,72378.6,69782.516
67948.01,69272.6,72317.53,69624.34
67827.02,69031.16,71713.65,69443.49
67113.74,68534.57,71228.75,68978.13
66552.4,68135.05,70359.97,68633.82
65868.62,67653.8,69715.46,68224.555
64713.81,67146.984,69113.94,67796.555
63508.52,66340.01,67789.43,67044.016
62898.54,65569.445,66538.34,66358.77
61889.56,64754.184,65822.09,65635.836
62023.77,64003.82,64632.68000000001,64961.52
61438.23,62990.344,63686.149999999994,63997.387
60147.26,62241.023,62522.77,63282.152
59255.55,61499.24,61415.80000000001,62572.582
59563.740000000005,60725.887,60586.73,61838.51
58891.1,60157.84,60358.00000000001,61290.344
57931.07000000001,59394.156,59163.25,60508.402
57128.82,58653.36,57911.77,59759.52
55571.37000000001,57880.32,56825.24999999999,58987.496
54405.15,56951.234,55810.08,58056.65
53236.34999999999,56001.855,54907.09,57143.5
52493.53,55098.016,54207.19,56285.875
54783.86000000001,54252.957,53996.87,55485.297
54027.58,53354.582,53120.73,54627.113
53552.17,53075.78,52909.439999999995,54203.418
52758.84,52735.027,52798.97000000001,53730.402
51962.52,52468.523,51858.73999999999,53324.285
51709.44999999999,52028.97,51011.96000000001,52832.07
51164.28,51792.035,50577.5,52510.117
51123.94,51586.77,50175.84,52217.39
50910.5,51367.605,49771.520000000004,51922.03
50752.19000000001,51250.12,49026.85999999999,51661.785
50760.34,51194.4,48912.23,51454.492
50729.13,51197.21,49048.03,51312.3
50774.71,51260.8,49325.670000000006,51236.473
50654.2,51445.883,49566.8,51231.836
50670.74999999999,51690.13,49431.95,51294.227
51146.34,51963.223,49662.86,51423.766
51618.58999999999,52268.258,49776.01,51616.824
51955.07,52805.555,50805.380000000005,51970.43
52438.43,53383.68,51259.67,52404.145
52862.89,53976.906,51529.16000000001,52901.09
54203.12,54582.3,51840.28999999999,53449.426
54981.67,55378.773,54072.88,54150.355
56037.45,56262.38,54614.76,54959.17
57474.66000000001,57102.01,55276.96,55776.85
59906.85,57969.04,56742.15,56640.746
61909.94,59181.64,60002.1,57765.41
63946.9,60546.074,62139.14,59019.746
65715.34,61915.2,64228.74,60291.594
66804.99,63278.19,65900.32,61560.668
67958.09,63922.94,67438.55,62418.902
68572.31,65033.09,68403.75,63555.766
69085.69,66031.23,69162.24,64608.41
70014.07,66838.81,69603.28,65505.88
70195.4,67840.984,69895.19,66576.35
70326.67,68641.695,70301.2,67489.195
70098.17,69225.88,70215.16,68221.69
69894.05,69629.2,70693.08,68796.94
70038.51,70228.53,70946.87,69554.03
70227.16,70534.31,71166.18,70066.49
70306.78,70729.84,71434.71,70455.17
70822.88,70816.96,71652.81,70718.55
70813.98,71235.766,71708.15,71261.266
70866.28,71383.23,71756.13,71557.48
71128.31,71407.0,71611.22,71707.78
71016.68,71342.25,71460.44,71757.2
71150.61,71629.97,71089.64,72107.71
71248.32,71584.26,71231.88,72156.53
71286.18,71500.484,71501.92,72136.09
71533.2,71390.73,71168.92,72070.99
71306.45,71566.516,71115.65,72273.734
71343.41,71520.76,70863.27,72271.07
71058.76,71424.56,70753.39,72204.836
71166.07,71301.14,70838.53,72098.97
70963.51,71344.92,71017.77,72163.88
70599.23,71211.95,70921.22,72047.21
69791.81,71067.54,70406.43,71900.984
69655.97,70899.625,70277.77,71728.81
69487.93,70792.45,70633.76,71639.36
69520.86,70555.82,70556.56,71386.11
69344.68,70381.11,70168.06,71159.53
69431.58,70283.28,70238.45,70983.19
69235.84,70297.19,69718.14,70933.32
69049.93,70261.98,69584.53,70810.88
68994.12,70267.59,69441.98,70732.67
69599.82,70305.016,69424.55,70697.27
70003.51,70410.625,70134.91,70760.71
70951.61,70535.664,70819.79,70827.8
71832.32,70717.73,72004.43,70962.57
72959.3,71000.9,72991.66,71190.17
73097.02,71205.445,74047.59,71353.625
73280.0,71482.5,74691.03,71589.125
73345.58,71673.41,74691.79,71771.305
72758.37,71807.6,74986.08,71911.76
72149.46,71685.26,74920.95,71806.984
71996.29,71529.07,74652.53,71693.625
71838.6,71287.63,74492.44,71511.71
71594.75,71031.55,74636.45,71312.31
71013.1,70470.55,73910.82,70807.266
70429.7,70018.375,73563.66,70416.28
69907.01,69509.09,73166.35,69973.484
68582.0,68977.84,72257.17,69509.97
67484.01,68085.77,70804.02,68692.66
66605.3,67232.125,69513.33,67929.75
65888.93,66367.586,68480.72,67154.945
64908.59,65525.26,67777.16,66392.94
64376.62999999999,64404.64,66472.99,65343.176
63349.18,63460.34,65634.64,64457.83
62406.62999999999,62609.242,64962.42,63656.555
62411.99,61779.84,64043.59,62876.293
61593.72,61189.383,62720.23999999999,62241.062
60610.53,60343.543,61985.51000000001,61342.1
59566.84999999999,59541.156,60833.25,60486.234
58281.59999999999,58744.68,59884.67,59645.86
56992.06,57713.66,58838.0,58600.49
56254.24,56825.996,57948.380000000005,57696.99
55723.549999999996,55967.27,56955.67,56838.15
54400.78,55262.93,56353.56,56108.023
53810.05999999999,54596.695,55214.45,55354.87
53372.22000000001,53993.5,55049.81999999999,54671.78
52939.16,53533.387,54097.85,54120.6
52499.88,53184.066,53625.61,53659.953
52142.420000000006,52737.46,53110.5,52945.74
51849.39,52616.5,52676.91,52608.336
51452.12,52482.65,52329.71,52285.367
50678.72,52364.652,52158.76,51992.99
50443.26,52235.105,51727.95,51660.656
50667.71,52093.945,51590.12000000001,51342.62
50673.03999999999,52023.293,51757.78999999999,51108.258
50682.59,52089.68,52138.36,50990.113
50541.16,52304.684,52473.97,50963.953
50780.33,52582.17,52526.24,51017.027
50999.85,52873.0,52739.06999999999,51132.13
52106.48,53269.426,53050.28,51370.1
52335.97,53861.203,53390.4,51755.15
52917.79000000001,54645.39,53365.87,52339.418
53292.600000000006,55369.43,54020.68,52940.8
54696.95,56113.016,54493.280000000006,53612.043
55108.240000000005,57036.543,55431.68,54439.926
56290.93,58068.06,55782.69,55391.977
57743.11,58964.242,56652.97,56291.113
60675.21,59886.082,58309.51000000001,57234.445
63137.99999999999,61112.734,61116.28,58422.39
64834.24999999999,62525.773,63075.84,59753.508
66801.41,63941.06,64830.88,61084.105
68840.98,65199.98,66774.48,62285.66
69882.34,65611.39,69496.09,62906.465
70831.85,66766.875,70746.15,64032.39
71145.89,67705.23,71453.56,64987.72
70683.39,68493.3,72112.14,65812.305
70835.93,69435.86,72988.71,66772.38
70903.23,69994.25,72977.51,67425.234
71089.99,70417.16,73142.63,67962.48
70995.8,70700.625,73189.29,68376.164
71083.09,71240.91,72860.93,69005.414
71152.75,71543.42,73041.77,69447.98
71175.14,71725.6,73351.69,69776.17
71128.57,71817.97,73256.21,70014.05
70949.22,72172.9,73346.07,70470.4
70780.26,72285.984,73554.88,70726.71
71091.41,72274.95,73642.07,70856.586
71310.48,72171.9,73810.97,70889.1
71576.89,72367.89,73907.24,71173.945
71455.46,72350.51,73974.43,71264.34
71494.81,72288.36,74029.23,71284.38
70681.53,72148.375,73881.52,71223.67
70507.52,72223.43,73588.68,71354.32
70553.08,71985.76,73347.7,71221.11
70617.81,71727.22,73265.1,71048.42
70764.15,71475.34,73125.25,70863.29
70150.97,71398.52,73563.3,70839.19
69465.53,71186.39,73352.19,70670.12
68876.16,70891.28,72913.85,70419.484
68971.55,70558.22,72234.48,70137.39
68845.61,70349.07,72861.3,69983.625
68747.53,70108.92,72563.39,69762.766
68635.25,69922.24,72496.52,69566.3
69195.68,69808.695,72360.09,69427.38
68899.43,69879.22,72590.12,69478.93
68850.44,69935.55,72350.46,69476.19
68801.99,69985.266,72601.18,69473.875
68703.97,70079.19,72419.38,69520.18
69102.21,70276.266,72759.92,69693.125
70125.41,70342.01,73224.61,69748.125
71465.66,70487.914,73748.6,69875.95
72267.22,70755.016,74022.39,70104.07
72759.26,71038.87,73865.88,70333.4
72885.34,71315.76,73858.22,70564.49
72942.18,71543.11,73915.24,70756.664
72623.87,71691.06,73620.61,70886.72
72518.73,71586.05,73722.06,70789.03
72376.62,71466.06,73318.56,70710.07
72354.92,71292.06,73144.0,70578.34
71949.19,71098.266,73030.75,70431.36
71112.38,70630.84,72412.52,70017.445
70310.75,70209.93,71955.46,69667.61
69770.19,69694.516,71190.91,69232.99
68661.12,69146.0,70442.23,68771.11
67597.91,68261.13,69130.91,67990.87
66526.81,67436.63,68087.4,67283.766
65697.34,66584.52,66979.71,66547.99
64993.36,65734.0,66483.62,65811.016
64522.70999999999,64596.105,65174.87000000001,64806.664
63499.54,63676.11,64180.58,63993.47
62874.329999999994,62843.133,63187.77,63247.49
62544.28,62026.434,62529.56999999999,62520.44
61881.71000000001,61560.33,62492.91999999999,62054.418
60755.05999999999,60704.43,62069.81,61183.027
60188.6,59881.082,60713.3,60321.7
59461.93,59039.785,59353.71000000001,59458.69
58317.08000000001,58046.777,58190.26999999999,58452.62
57158.15,57220.76,57150.35,57595.977
56596.310000000005,56387.055,56322.4,56753.184
55961.53999999999,55582.426,55653.84,55952.297
55175.27,54697.418,54688.46,55071.652
54650.2,54011.105,54259.88,54353.53
54251.79,53377.65,53724.88,53695.082
54044.19,52864.777,52815.950000000004,53141.73
53749.44999999999,52442.57,52391.38,52459.395
53272.39,52325.387,52057.66,52170.445
52905.8,52238.2,52042.37000000001,51910.824
52867.56,52142.28,51560.07,51684.508
52423.43,52056.523,51706.219999999994,51447.02
52531.8,52128.508,51536.6,51365.082
52451.12,52171.492,51300.21,51301.75
52438.19,52316.844,51318.1,51345.176
52433.07,52550.51,50756.62,51435.68
52701.5,52857.273,50836.85,51632.996
52783.87999999999,53176.125,51251.21000000001,51879.273
53126.69999999999,53579.98,51335.16,52228.562
53172.13,54156.926,51329.48999999999,52704.26
53502.58,54779.01,51671.83000000001,53275.113
53758.91000000001,55328.016,52059.74,53849.32
55390.28,55873.81,52641.66999999999,54459.574
56354.99,56613.895,54378.55,55216.305
57683.85,57556.824,55181.70999999999,56141.664
58908.65,58495.7,56127.94,57093.586
61571.84,59489.605,57768.77,58109.97
64249.83,60759.082,60527.89,59326.844
66048.11,62205.004,62931.78,60674.395
67867.77,63699.453,64831.78,62039.168
69613.59,65064.85,66602.96,63302.742
70875.39,65641.445,68696.53,63993.09
71842.56,66742.6,69920.07,65056.84
71977.52,67705.71,70902.85,66028.28
72204.33,68517.664,71675.81,66866.16
72476.89,69428.82,72093.2,67810.375
72678.59,70050.3,72342.69,68510.055
72855.32,70513.22,72645.94,69068.63
72940.11,70840.125,72669.7,69502.05
73013.36,71373.03,72239.3,70109.5
73133.6,71694.984,72545.68,70537.09
73216.31,71903.17,72997.85,70848.65
72981.17,72017.45,73109.79,71059.62
73113.89,72384.71,72800.82,71489.625
72845.83,72483.38,72838.06,71678.4
73119.51,72520.2,73099.72,71790.32
72576.28,72460.04,73228.78,71799.54
72946.88,72674.68,73871.8,72037.734
73335.27,72611.52,74193.25,72026.49
73375.02,72567.695,73794.57,72004.34
72446.47,72526.72,73459.79,71950.79
72539.82,72649.74,73369.91,72057.68
72189.04,72454.336,73575.9,71893.734
72111.7,72270.805,73618.06,71717.695
71818.6,72040.91,73297.53,71492.49
71988.1,71962.5,73332.71,71417.52
71740.66,71723.66,73223.18,71185.62
71247.56,71536.07,72769.74,70976.16
71391.4,71322.89,72387.25,70735.16
71241.44,71170.71,72045.56,70579.74
71149.67,71004.43,71816.09,70385.69
71079.92,70883.445,71619.95,70216.06
71305.96,70815.63,71288.43,70091.9
70803.79,70890.89,71473.21,70122.21
70453.89,70920.42,71143.03,70083.875
70738.73,70917.195,71097.54,70034.33
71299.59,70926.875,70909.36,70011.7
72015.54,71055.97,71375.76,70116.875
72680.19,71169.89,71944.42,70191.28
73956.03,71383.46,72521.93,70354.945
74595.66,71637.28,73459.33,70557.5
74616.54,71836.01,73438.62,70686.66
74996.61,72069.836,73190.55,70879.555
75320.45,72217.484,73251.28,71011.4
75155.74,72358.64,73401.52,71144.48
74725.01,72232.31,73632.15,71009.4
74669.88,72161.055,73539.57,70963.65
74565.7,72003.21,73667.48,70847.984
73648.1,71855.88,73484.0,70737.516
72766.39,71405.43,73572.37,70326.2
72188.26,71002.63,72912.0,70000.625
71626.33,70510.484,72274.33,69597.41
70032.06,70029.55,71378.23,69196.02
68998.27,69228.375,70372.62,68485.04
67945.42,68456.89,69622.29,67831.46
66938.78,67676.16,68700.62,67157.69
66223.97,66894.305,67537.72,66472.28
65377.4,65801.58,66276.7,65498.52
64753.3,64952.363,65594.7,64739.703
63815.399999999994,64111.574,65015.34,63972.836
63825.00000000001,63360.188,64348.47,63283.098
63293.93000000001,62983.023,62987.98000000001,62935.758
62262.16,62269.438,62149.93,62151.797
60881.299999999996,61552.9,61328.170000000006,61359.902
59979.59,60815.168,60559.340000000004,60560.062
58844.3,59782.49,58855.729999999996,59519.72
58149.24999999999,58927.12,57807.29,58642.13
57111.87,58070.855,57029.41000000001,57786.54
56441.82,57335.633,56472.45999999999,57025.164
56127.96,56466.824,54292.079999999994,56158.824
55648.51999999999,55798.14,53862.76,55454.53
55215.69,55279.527,53829.19,54868.445
54696.71,54873.26,52966.92,54376.746
54395.58,54575.81,52182.91,53772.188
53948.77,54327.48,51886.75,53296.805
54099.07,54228.55,51729.4,52957.273
53459.59,54197.113,51569.85,52708.492
53501.74,54335.957,50732.66,52559.82
53408.14,54411.613,50439.41,52418.625
53424.22,54589.668,50731.07,52386.08
53623.37000000001,54783.49,50887.84,52402.996
53520.82,55061.918,51080.69000000001,52443.793
53524.25,55422.12,51120.24999999999,52599.777
53779.56999999999,55747.33,51532.15000000001,52775.62
53951.99,56059.85,51880.54,52991.34
54009.13,56498.574,52294.69000000001,53278.926
54595.14000000001,56941.023,52335.2,53632.082
55157.509999999995,57343.086,52583.16,54006.55
56024.100000000006,57796.88,52610.88,54454.38
56544.27,58439.785,54027.08,55026.63
57558.69,59155.176,54774.590000000004,55697.28
59153.33999999999,59837.305,55530.26,56379.016
62124.85999999999,60558.863,57438.07,57113.27
64290.15,61559.43,59859.89,58024.734
66326.4,62892.395,62351.89,59187.91
68101.31,64258.746,63445.94,60383.707
70651.08,65619.336,65283.59,61582.688
71832.17,66152.69,68383.39,62258.64
72857.95,67272.66,69916.04,63315.477
73232.6,68301.74,70482.59,64315.34
73281.82,69201.945,71178.68,65209.363
73626.6,70124.734,72253.01,66152.3
73832.3,70796.62,72750.87,66865.42
73628.79,71338.836,72858.3,67469.414
73087.95,71745.12,73195.7,67955.64
73187.45,72257.36,72960.05,68566.37
73683.82,72476.17,72841.62,68910.984
73629.64,72617.65,73088.27,69182.13
73215.46,72743.586,73166.65,69421.26
73535.39,73105.42,73619.82,69898.63
73599.8,73189.86,73620.35,70117.21
73877.04,73235.6,73701.86,70286.7
73961.04,73216.1,73606.99,70383.586
74006.83,73452.66,73622.19,70744.37
74035.28,73445.39,73487.24,70863.35
73803.03,73390.875,73426.86,70922.45
72777.95,73307.02,72858.43,70946.06
72086.5,73424.67,72007.9,71200.59
71929.5,73174.086,71615.39,71129.81
72000.61,72808.11,71392.95,70956.8
72440.76,72460.64,71007.34,70779.65
71779.42,72353.22,70803.21,70839.04
71639.11,72172.29,70201.4,70785.234
70844.47,71876.79,70092.05,70622.65
70709.92,71615.555,68992.3,70470.055
70476.47,71403.65,68730.68,70397.92
70477.32,71078.21,68466.38,70185.17
70173.27,70811.01,68273.47,69976.51
70554.45,70634.61,68196.29,69804.52
69968.87,70529.97,67983.24,69705.016
69960.87,70441.734,67605.53,69563.04
69924.83,70298.56,67873.57,69366.43
71010.36,70239.01,67955.8,69232.125
71577.7,70181.4,68324.55,69110.45
72382.41,70282.29,68915.84,69098.69
72903.13,70456.62,69715.82,69158.83
73154.48,70702.56,70338.14,69292.68
73087.71,70811.22,70487.98,69305.32
72819.52,70971.875,70382.83,69387.77
72609.46,71059.45,70069.72,69419.26
72004.41,71070.695,70041.06,69401.836
71564.66,70790.18,69401.39,69115.53
71404.11,70573.63,69037.01,68917.1
71452.09,70306.03,68875.48,68675.31
69994.88,70056.234,68560.68,68443.09
69368.61,69542.15,68103.49,67958.57
68592.0,69023.74,67330.54,67506.79
67744.94,68490.83,66393.5,67034.43
66487.68,67944.26,65914.96,66545.484
65451.490000000005,67039.234,65025.93000000001,65747.82
64615.969999999994,66262.57,63889.67,65065.02
63705.170000000006,65454.957,62871.37,64347.17
62678.35,64666.305,62301.4,63644.47
62147.89000000001,63559.434,61609.54,62689.547
61276.59,62661.855,61162.97,61899.957
60791.51,61828.57,60454.14000000001,61155.652
59703.92,61006.52,59671.62,60422.438
58902.05999999999,60251.89,59055.96,59791.066
58075.77,59469.742,58034.58,59026.875
57190.189999999995,58663.8,57297.58,58240.64
56584.63999999999,57832.617,56163.200000000004,57436.355
55345.61,56700.74,55218.23000000001,56432.58
54898.06,55801.863,54332.44999999999,55581.406
54126.59,54852.273,53736.07,54714.168
53468.44,54026.32,52987.70999999999,53947.156
52825.18,53048.742,51230.88,53080.48
52299.21,52290.652,50330.780000000006,52336.246
51768.06,51635.684,49769.06,51678.793
50803.49,51094.27,49380.97,51105.11
50272.43,49955.246,48489.3,50481.16
50029.20999999999,49196.957,48158.91,49692.016
49670.25,48693.02,47901.93,49145.953
49038.79,48394.47,47582.61,48756.28
48704.03,48114.836,46948.59,48369.035
48586.44,47923.31,46469.86,48043.51
48641.91,47806.062,46568.67,47788.67
48072.38,47792.203,46673.77,47620.58
47851.240000000005,47875.957,46549.94,47489.777
47857.98000000001,47952.11,46310.96,47382.79
47882.880000000005,48062.805,46427.4,47333.64
47646.6,48256.676,46711.69,47372.9
47684.58,48549.652,47303.06,47445.133
48003.8,48843.875,47736.71,47585.19
48315.9,49181.555,47384.51,47796.656
48386.38,49605.125,47440.16,48105.062
48309.25,50155.797,47833.75,48462.59
48082.799999999996,50682.777,47730.35,48883.586
48328.34,51162.3,47632.77,49314.66
48905.509999999995,51595.004,47800.41,49752.73
49418.51999999999,52275.203,47745.28,50314.3
49578.97,52991.176,48210.99,50969.13
50462.16,53724.145,48146.51000000001,51658.098
51939.55,54378.812,48935.77999999999,52311.863
52629.23,54987.707,50630.32,52974.883
53326.63999999999,55622.47,51159.54000000001,53603.82
53994.19,56234.492,52021.92,54269.48
54930.88999999999,56822.78,52964.36,54914.37
55638.17,57565.883,54053.11,55637.043
56131.79000000001,58221.098,55027.62,56337.305
56962.56,58816.414,55686.68,56991.16
57643.35999999999,59273.918,56585.200000000004,57531.38
58173.93,59912.793,57361.01000000001,58181.17
58822.96000000001,60328.965,57860.68,58686.543
59366.96,60664.125,58576.91,59112.11
59653.3,60935.56,59267.51,59476.086
59782.04,61387.977,59827.87,59969.34
60096.66999999999,61564.992,60110.24,60266.26
60664.97000000001,61667.29,60230.67,60487.305
61029.73,61735.023,60478.94,60666.938
60893.68000000001,62043.58,61158.950000000004,61037.125
61272.54,62157.055,61659.66999999999,61266.36
61457.46,62172.91,61872.05,61394.676
60809.1,62223.08,62020.15,61540.797
60514.86000000001,62441.637,61596.7,61838.465
59951.74,62363.305,61516.30000000001,61909.055
60043.259999999995,62232.96,60926.08,61898.824
59911.149999999994,62067.758,60280.39,61845.516
59136.18,62098.062,59824.61,61945.36
58598.59,61991.46,59770.54000000001,61919.395
57938.62000000001,61814.746,60040.170000000006,61808.633
57531.95,61628.93,59607.92,61667.91
56833.84,61502.465,59157.65000000001,61572.36
56751.99,61317.81,58622.42,61398.883
56629.71,61118.75,58418.35,61185.26
57315.06,60987.375,57994.96,61005.316
57209.09,60924.4,57973.67,60880.707
57082.57,60950.438,57862.549999999996,60809.64
57233.850000000006,60980.695,58240.51,60749.25
57999.55,61005.48,58353.53999999999,60694.895
58863.57,61090.664,58689.829999999994,60703.53
59702.79,61249.887,59456.75,60770.934
60448.58,61482.42,60539.85999999999,60910.74
61361.98999999999,61760.727,60905.479999999996,61099.074
61405.46,61967.45,61715.54,61226.383
61940.16,62236.36,62368.12999999999,61406.234
61975.38,62396.11,62501.79,61505.883
61916.58,62536.81,62826.780000000006,61588.37
61644.28,62487.582,62465.50000000001,61509.285
61557.32,62472.453,61825.96,61466.723
61615.81,62353.13,61528.65,61338.625
60671.28999999999,62183.83,61088.53,61170.2
59641.81,61821.19,60531.56,60844.426
59108.850000000006,61432.04,60014.96000000001,60500.68
58610.409999999996,60911.97,59386.41,60050.242
56816.27,60399.645,58524.38999999999,59604.953
55725.23,59701.184,57280.71000000001,59013.637
55017.3,58980.152,56215.53,58390.543
54222.92,58203.742,55024.84999999999,57716.555
53514.83,57462.207,54313.84,57067.85
53431.909999999996,56551.316,53993.0,56315.246
52948.28999999999,55798.996,53458.35,55654.28
52439.6,55119.1,53475.920000000006,55044.977
52493.19,54474.223,53048.94,54471.22
51922.14,53762.316,53602.079999999994,54021.664
51430.16000000001,53195.4,53120.490000000005,53495.668
50459.37,52554.32,52589.40000000001,52890.465
50020.16999999999,51889.08,51730.34,52274.84
49033.18,50982.465,50719.76000000001,51529.418
48753.43,50180.21,49871.4,50822.57
48041.28,49289.188,49743.329999999994,50061.926
46491.76,48460.312,49083.90000000001,49358.055
45176.47,47490.42,47291.07,48587.703
44515.29,46462.617,46404.28,47727.453
44065.97,45375.965,45784.49,46845.668
44038.57,44383.23,45250.67,46036.55
43537.67,43596.55,44552.76,45665.8
43102.01,43060.496,43660.13,45189.707
42538.2,42471.906,43192.9,44680.926
42071.03,41975.113,42819.05,44235.344
42151.97,41485.402,42515.92,43762.78
42033.67,41080.195,42031.0,43334.59
41828.67,40824.25,41746.31,43005.445
42142.06,40688.25,42079.66,42772.363
42031.22,40640.855,42053.03,42578.363
42302.3,40755.9,42320.55,42509.434
42531.23,40922.48,42086.72,42500.03
43423.75,41215.984,42110.58,42613.21
43587.51,41663.164,42229.21,42812.4
43794.77,42278.895,42313.93,43171.953
43435.32,42902.934,42975.1,43583.777
43727.31,43562.98,43610.75,44061.33
43955.78,44254.504,43335.08,44538.117
43979.32,44959.027,42717.64,45092.41
43611.39,45654.035,42568.51,45678.87
43526.27,46326.914,43052.44,46287.203
43804.38,47043.3,43262.33,46871.773
44539.4,47698.84,43595.2,47488.184
44615.9,48347.254,43252.63,48111.84
45582.85,49063.574,43709.11,48791.746
46300.39,49859.266,44899.04,49537.734
46736.22,50320.707,45403.77,49946.895
47364.9,50811.277,46363.66,50424.406
48798.149999999994,51279.406,47070.34,50887.414
49173.81,51923.848,48065.170000000006,51438.86
49812.91,52656.832,48634.84,52134.49
50868.13,53240.824,49444.01,52727.746
52206.1,53689.727,50107.34,53192.477
52759.01999999999,54259.445,51073.44,53679.395
53705.44,54813.15,51406.26999999999,54228.105
54354.03,55219.414,52344.29,54660.586
55448.10999999999,55530.58,52693.36,54993.965
55921.57,55906.055,52844.55000000001,55329.484
56123.5,56245.785,53443.58,55682.375
56656.57000000001,56439.22,54190.90000000001,55897.63
57174.719999999994,56524.31,55076.12,56012.2
57733.88999999999,56737.9,55123.58000000001,56205.4
58234.259999999995,56895.89,55972.11,56388.32
58481.68,57051.723,56409.58,56552.582
58563.76,57195.316,56457.49,56699.12
58485.86000000001,57369.508,56680.83,56860.293
58087.78,57485.477,56060.66,56994.94
57727.579999999994,57540.305,55743.77,57072.45
57330.88,57534.027,55522.63,57092.117
56877.29,57531.668,55000.23,57104.934
56790.27,57523.38,54231.37999999999,57119.184
56497.99,57496.598,54012.57,57106.355
56241.36,57513.117,53588.25,57115.73
55974.719999999994,57508.83,53128.170000000006,57091.633
55344.89,57538.09,52759.45999999999,57079.098
54892.32,57592.64,52882.25,57077.69
54707.53,57620.848,52514.28,57056.598
54198.240000000005,57665.027,52291.16,57051.664
54354.28,57768.9,52155.93000000001,57088.773
54428.02,57873.58,52663.37,57145.137
55059.2,58071.63,53113.05999999999,57284.52
55877.63,58228.957,54040.229999999996,57395.797
56581.770000000004,58536.914,54426.49999999999,57632.96
57767.65,58916.285,55638.93,57944.08
58188.72,59307.12,56884.81,58276.473
58653.92,59676.758,58423.079999999994,58591.19
58647.37,60034.668,58490.71,58904.324
58978.1,60353.258,58459.49,59192.4
59152.8,60553.773,58980.98999999999,59384.254
59069.2,60640.742,59056.719999999994,59483.137
58417.689999999995,60724.39,58763.87,59572.555
58206.13,60720.875,58596.30000000001,59587.184
57910.15,60612.01,58182.43,59523.3
57648.24,60354.07,57789.65,59341.17
57000.06,60087.85,57333.04,59142.832
56650.35,59776.453,56754.36,58901.465
55792.94,59395.59,56476.66000000001,58601.703
55103.83,58863.934,55973.28,58190.953
54210.46,58290.96,55130.87,57726.832
53509.51999999999,57694.2,54495.05,57233.02
53568.63999999999,57075.266,53898.32,56719.234
53392.17999999999,56376.44,53618.46000000001,56164.176
53198.37,55812.027,53075.74,55681.742
53111.16,55280.13,52569.02999999999,55217.098
53658.84,54810.473,52675.39,54805.086
53491.13,54660.97,53256.78,54766.855
52780.79,54255.656,53182.34,54363.34
51747.07,53839.5,52378.16,53932.05
50732.25,53297.75,51364.299999999996,53395.953
49663.799999999996,52565.887,50053.42,52728.73
48874.689999999995,51759.13,49481.44,51984.926
48873.9,50942.332,48523.64,51246.92
48571.93,50174.336,47598.26,50551.902
48241.729999999996,49451.516,46780.84,49901.773
47548.02,48768.61,46347.75,49257.92
47276.76,48143.586,45858.06,48660.97
46614.01,47525.895,44975.51,48069.344
46593.22,47957.97,44254.18,48417.355
46008.62,47918.35,43831.58,48297.55
45875.11,47872.855,43722.95,48130.105
45695.35,47738.906,43570.14,47893.57
45614.46,47697.266,43720.07,47684.277
45775.38,47696.348,43705.5,47499.824
46387.66,47755.47,43672.29,47373.445
46462.3,47915.42,43455.14,47331.918
45997.63,48382.42,43500.12,47472.168
46558.53,48839.797,43624.41,47643.812
47154.52,49223.508,43911.24,47823.04
47881.8,49753.902,44332.68,48146.363
48105.43,50577.57,44946.46,48662.05
48568.26,51452.98,45655.13,49275.527
49412.74,52246.117,46244.01,49900.28
50798.509999999995,52975.85,46895.62,50533.996
52068.0,53988.4,48587.42,51361.47
53230.270000000004,55070.285,49143.490000000005,52291.797
54675.19,56145.973,50380.159999999996,53264.688
57516.93,57154.316,52213.700000000004,54227.805
60144.93,58461.445,56410.63,55408.344
62179.19,59958.14,58976.48000000001,56753.496
63889.39,61505.23,60757.39,58151.2
66741.11,62926.285,62717.78,59470.266
68409.71,63546.793,65062.939999999995,60399.95
69866.32,64887.105,66602.49,61705.777
70384.74,66104.15,67808.69,62958.53
70749.06,67158.56,68722.54,64088.918
71218.91,68279.15,69676.45,65300.383
71324.12,69097.83,69804.86,66282.805
71187.86,69724.53,69840.01,67113.375
70742.55,70157.75,69933.69,67774.484
70943.68,70716.41,69905.24,68568.37
70896.62,70994.5,70209.06,69108.08
71312.77,71180.37,70129.94,69542.87
72027.04,71225.12,69857.8,69832.625
72148.77,71549.74,70584.1,70380.945
72390.5,71761.87,70577.82,70762.1
72429.45,71816.25,70480.76,70984.95
72132.77,71793.33,70541.59,71103.43
72240.53,71996.086,70375.42,71444.85
72359.43,71911.984,70184.84,71484.45
72251.72,71813.03,70205.43,71471.68
72217.29,71666.81,70016.07,71393.664
71600.52,71687.44,69938.08,71509.97
72466.28,71531.41,69801.68,71416.08
71845.49,71285.74,69723.31,71229.28
72421.4,71142.5,69974.28,71110.02
72312.52,71052.086,70305.2,71100.49
71823.7,70951.23,70057.3,71012.44
71045.37,70800.96,69910.54,70861.25
71355.2,70581.484,69087.85,70642.08
71368.56,70401.49,68583.25,70504.086
71185.72,70243.0,68317.2,70306.59
70623.34,70117.88,67946.99,70120.2
70537.74,70005.63,67510.79,69938.05
70162.25,69877.8,67810.82,69775.09
70142.59,69761.41,67621.42,69596.63
70121.62,69665.57,67204.25,69445.21
70322.46,69660.625,67172.34,69392.875
70920.07,69646.414,67718.39,69354.92
71394.39,69683.74,68538.79,69374.09
71968.55,69850.14,69214.21,69525.13
72647.22,70087.46,69704.04,69754.945
72985.1,70208.336,70088.45,69870.13
73098.93,70404.84,70239.04,70065.125
72948.92,70547.52,70202.05,70217.79
72639.87,70648.58,70176.13,70339.16
72378.6,70494.83,70003.15,70200.69
72317.53,70358.81,69672.85,70103.125
71713.65,70179.25,69572.5,69972.89
71228.75,69985.57,69579.05,69825.76
70359.97,69498.95,68762.59,69381.54
69715.46,69084.78,68099.38,69034.56
69113.94,68579.805,67622.04,68608.85
67789.43,68061.04,66972.19,68168.195
66538.34,67277.15,66027.58,67449.875
65822.09,66503.05,64917.62,66774.945
64632.68000000001,65686.38,63663.10999999999,66064.67
63686.149999999994,64923.992,62991.64,65394.25
62522.77,63901.77,62213.6,64450.184
61415.80000000001,62996.324,61229.13,63631.36
60586.73,62086.973,60351.62,62807.31
60358.00000000001,61222.19,59478.58000000001,62022.06
59163.25,60713.91,59345.43,61536.367
57911.77,59853.066,58219.469999999994,60688.24
56825.24999999999,58989.324,56835.43000000001,59855.848
55810.08,58088.793,55804.97,59000.434
54907.09,57028.363,54845.399999999994,57989.96
54207.19,56074.24,53681.57,57093.574
53996.87,55203.12,52966.12,56272.17
53120.73,54475.77,52185.02,55559.22
52909.439999999995,53858.113,50408.02999999999,54909.32
52798.97000000001,53236.254,49554.71,54252.832
51858.73999999999,52798.566,48902.02,53741.88
51011.96000000001,52520.203,48192.57000000001,53337.99
50577.5,52039.715,47864.85,52804.176
50175.84,51793.48,47517.78,52479.484
49771.520000000004,51529.465,47175.58,52150.96
49026.85999999999,51311.84,47006.64,51860.35
48912.23,51156.117,46325.08,51578.582
49048.03,50977.13,46369.51,51295.09
49325.670000000006,50913.523,46418.11,51106.785
49566.8,50992.477,46801.19,51031.03
49431.95,51269.793,47211.49,51073.723
49662.86,51582.96,47530.74,51173.918
49776.01,51900.164,47481.26,51323.7
50805.380000000005,52285.062,47611.98,51563.406
51259.67,52836.133,47858.48,51924.758
51529.16000000001,53518.047,48192.02999999999,52424.125
51840.28999999999,54164.004,48725.78,52958.992
54072.88,54754.23,49570.02,53500.906
54614.76,55523.84,50642.49,54186.285
55276.96,56564.7,51436.950000000004,55095.074
56742.15,57464.297,52418.58,55950.348
60002.1,58292.168,53939.48,56786.582
62139.14,59481.62,57286.84,57897.137
64228.74,60950.0,59383.25,59226.984
65900.32,62386.78,61408.59,60549.965
67438.55,63768.277,63471.14,61838.523
68403.75,64435.94,65060.38,62713.2
69162.24,65630.74,66092.99,63910.402
69603.28,66650.234,67238.63,64980.434
69895.19,67480.61,68268.13,65901.49
70301.2,68504.266,69216.23,66997.3
70215.16,69244.92,68851.34,67862.28
70693.08,69836.9,68865.74,68594.664
70946.87,70206.38,68634.42,69141.68
71166.18,70902.54,67677.24,69976.516
71434.71,71315.28,68464.58,70571.29
71652.81,71581.81,68610.56,71015.72
71708.15,71713.766,68725.93,71312.16
71756.13,72149.43,68904.31,71862.516
71611.22,72258.02,68730.12,72125.055
71460.44,72238.4,68926.05,72239.93
71089.64,72100.875,69189.99,72229.516
71231.88,72257.11,69613.61,72480.31
71501.92,72106.086,69436.89,72459.24
71168.92,71956.88,69605.01,72400.06
71115.65,71829.41,69979.41,72329.445
70863.27,71914.055,69382.1,72459.28
70753.39,71781.25,69182.69,72395.875
70838.53,71594.54,69374.64,72244.97
71017.77,71416.375,69024.7,72096.36
70921.22,71483.586,68601.72,72170.195
70406.43,71366.21,68433.72,72057.516
70277.77,71245.695,68086.51,71925.98
70633.76,71069.79,67703.96,71745.3
70556.56,71052.59,67706.71,71719.41
70168.06,70940.81,67403.37,71557.54
70238.45,70860.34,67043.52,71402.68
69718.14,70766.734,66974.53,71234.13
69584.53,70858.17,67352.38,71254.516
69441.98,70771.03,66954.59,71103.48
69424.55,70773.18,66754.2,71040.91
70134.91,70825.56,66555.24,71037.36
70819.79,70986.5,67015.38,71164.32
72004.43,71140.055,67743.85,71261.75
72991.66,71381.77,68978.57,71447.055
74047.59,71738.73,69898.3,71738.6
74691.03,72022.93,70765.38,71967.53
74691.79,72346.12,71128.28,72235.836
74986.08,72614.46,71540.1,72464.234
74920.95,72794.32,71483.15,72643.336
74652.53,72737.53,70525.35,72590.4
74492.44,72668.9,70231.82,72539.95
74636.45,72524.984,70083.37,72426.586
73910.82,72340.32,70582.34,72277.34
73563.66,71884.17,70245.02,71849.43
73166.35,71433.266,69412.66,71445.26
72257.17,70956.0,68345.5,71014.164
70804.02,70461.63,67480.75,70562.87
69513.33,69555.305,65903.44,69719.82
68480.72,68693.72,64844.99,68941.54
67777.16,67786.59,63697.490000000005,68122.68
66472.99,66904.56,62029.530000000006,67329.54
65634.64,65728.266,60735.69999999999,66244.52
64962.42,64716.47,59735.369999999995,65324.92
64043.59,63773.21,59355.6,64464.516
62720.23999999999,62930.996,58412.44999999999,63688.004
61985.51000000001,62371.594,57767.31,63079.043
60833.25,61313.438,57197.49,62021.324
59884.67,60384.562,56309.8,61077.574
58838.0,59464.938,54954.62,60148.695
57948.380000000005,58359.88,53660.399999999994,59046.844
56955.67,57457.06,53321.99,58123.703
56353.56,56662.34,52436.53,57301.863
55214.45,55958.293,51457.15,56558.082
55049.81999999999,55183.383,50049.68,55729.25
54097.85,54569.586,49611.30000000001,55034.65
53625.61,54163.793,48928.55,54510.055
53110.5,53758.824,48396.62,54001.324
52676.91,53300.324,47503.71,53277.285
52329.71,53141.19,46829.21,52907.734
52158.76,52977.97,46682.43,52561.688
51727.95,52810.086,46531.51,52230.016
51590.12000000001,52664.688,46074.63,51880.59
51757.78999999999,52580.117,46468.77,51595.293
52138.36,52570.75,46419.84,51397.516
52473.97,52669.31,46097.16,51296.293
52526.24,52966.793,46347.6,51314.223
52739.06999999999,53355.37,46384.62,51429.484
53050.28,53760.89,46161.84,51609.438
53390.4,54203.695,46120.1,51862.664
53365.87,54860.57,46376.95,52279.18
54020.68,55538.074,46381.54,52769.74
54493.280000000006,56134.707,47328.0,53267.77
55431.68,56782.53,48022.06,53849.684
55782.69,57664.926,49468.12,54625.57
56652.97,58567.707,49742.52,55457.99
58309.51000000001,59352.2,50673.89,56254.348
61116.28,60159.59,52522.35,57094.32
63075.84,61370.016,56923.28,58246.1
64830.88,62754.316,59316.16,59541.402
66774.48,64067.027,61245.39,60787.133
69496.09,65279.504,62787.4,61952.055
70746.15,65628.81,65031.21000000001,62523.297
71453.56,66876.78,66146.2,63715.848
72112.14,67899.234,66935.03,64736.992
72988.71,68689.42,67615.23,65571.12
72977.51,69666.8,68220.72,66564.54
73142.63,70440.82,68185.76,67385.71
73189.29,70958.055,68219.86,67996.65
72860.93,71331.75,68427.94,68479.92
73041.77,71965.85,68436.62,69187.59
73351.69,72246.18,68365.97,69607.6
73256.21,72445.336,68657.48,69941.67
73346.07,72581.52,69049.16,70203.36
73554.88,72999.19,68770.88,70714.39
73642.07,73142.44,68670.62,70984.95
73810.97,73210.07,68714.93,71168.86
73907.24,73192.695,68896.4,71265.55
73974.43,73489.66,69060.86,71641.35
74029.23,73492.18,69106.13,71750.805
73881.52,73419.77,69190.88,71769.25
73588.68,73309.086,68938.5,71742.055
73347.7,73423.66,68405.69,71921.984
73265.1,73249.84,68089.78,71846.45
73125.25,73030.94,67959.89,71714.94
73563.3,72783.86,67890.11,71540.44
73352.19,72722.49,67543.32,71545.18
72913.85,72540.64,67148.34,71410.2
72234.48,72323.37,66942.16,71231.42
72861.3,72067.805,66345.54,71013.61
72563.39,71918.54,66401.82,70918.33
72496.52,71767.83,66334.58,70780.75
72360.09,71626.13,66206.53,70645.58
72590.12,71535.52,66150.24,70550.82
72350.46,71531.34,65594.78,70561.875
72601.18,71512.97,65254.42999999999,70536.195
72419.38,71517.17,65117.53,70535.305
72759.92,71600.664,64955.63,70601.75
73224.61,71643.69,65093.52,70646.32
73748.6,71738.79,65602.79,70732.52
74022.39,71904.336,66322.35,70877.516
73865.88,72126.13,67452.53,71073.06
73858.22,72210.875,68896.13,71142.46
73915.24,72298.65,69397.17,71236.24
73620.61,72343.945,69770.32,71293.695
73722.06,72388.35,69650.72,71350.805
73318.56,72157.8,69296.06,71148.125
73144.0,72022.95,69226.08,71051.08
73030.75,71802.8,69084.25,70877.46
72412.52,71578.02,68655.79,70702.83
71955.46,71058.85,67922.81,70244.89
71190.91,70592.086,67312.99,69859.17
70442.23,70100.15,66768.47,69444.8
69130.91,69559.22,66438.87,68992.03
68087.4,68638.52,64923.19,68184.88
66979.71,67767.51,64312.38,67447.91
66483.62,66881.76,63573.71,66695.305
65174.87000000001,66005.44,62529.69999999999,65949.38
64180.58,64867.05,61339.509999999995,64948.695
63187.77,63866.312,60491.67,64082.3
62529.56999999999,62916.14,59688.87999999999,63253.707
62492.91999999999,62033.316,58642.25,62485.977
62069.81,61429.996,58075.659999999996,61923.312
60713.3,60560.918,57022.549999999996,61051.41
59353.71000000001,59751.273,56085.12,60199.355
58190.26999999999,58894.734,54998.48999999999,59323.11
57150.35,57780.668,53438.94,58229.55
56322.4,56823.492,52794.94000000001,57280.484
55653.84,55903.918,52190.88,56377.203
54688.46,55091.098,51607.6,55569.2
54259.88,54193.492,50202.94,54675.15
53724.88,53448.477,49373.700000000004,53909.594
52815.950000000004,52817.414,49174.14,53252.242
52391.38,52296.695,48952.259999999995,52692.152
52057.66,51729.555,48397.6,51903.77
52042.37000000001,51518.035,48176.18000000001,51548.35
51560.07,51367.617,47959.27,51240.355
51706.219999999994,51331.062,47669.55,51048.86
51536.6,51271.832,47118.39,50830.57
51300.21,51368.69,47013.13,50759.293
51318.1,51478.37,47256.53,50734.574
50756.62,51608.574,47358.57,50761.324
50836.85,51871.645,47596.09,50863.156
51251.21000000001,52088.957,47551.89,50991.594
51335.16,52377.863,47933.08,51212.242
51329.48999999999,52783.49,48112.149999999994,51554.758
51671.83000000001,53325.953,48473.16000000001,51991.36
52059.74,53854.484,48908.32,52485.117
52641.66999999999,54415.766,49367.149999999994,53058.285
54378.55,54975.754,49826.28999999999,53669.344
55181.70999999999,55771.367,50812.3,54456.195
56127.94,56748.125,51322.47000000001,55406.145
57768.77,57642.242,51975.51,56334.977
60527.89,58530.137,53728.75,57282.93
62931.78,59801.555,56967.61,58503.48
64831.78,61249.887,58545.5,59858.504
66602.96,62715.14,60240.43,61209.77
68696.53,64108.008,62234.1,62502.016
69920.07,64742.812,64383.95999999999,63247.227
70902.85,65886.336,65325.97,64346.867
71675.81,66872.43,66377.72,65341.855
72093.2,67722.516,67158.39,66213.625
72342.69,68748.16,67815.42,67238.555
72645.94,69452.87,67877.62,67994.04
72669.7,70017.305,67801.73,68619.61
72239.3,70450.93,67826.43,69126.07
72545.68,71072.31,68172.69,69804.52
72997.85,71343.66,68338.18,70186.75
73109.79,71588.62,68489.2,70518.48
72800.82,71798.34,68530.45,70796.95
72838.06,72256.63,67820.95,71299.664
73099.72,72403.01,67442.27,71523.195
73228.78,72468.38,67372.43,71653.57
73871.8,72520.09,67488.62,71751.73
74193.25,72834.63,66824.02,72082.77
73794.57,72986.6,66631.13,72247.89
73459.79,73076.734,66714.08,72335.51
73369.91,73044.664,66448.34,72307.67
73575.9,73173.42,66129.49,72442.68
73618.06,73075.78,66003.25,72365.875
73297.53,72960.445,65871.84,72246.58
73332.71,72797.71,65579.15,72075.13
73223.18,72764.336,66282.51,72040.016
72769.74,72589.76,65715.92,71862.63
72387.25,72394.836,65264.41,71653.016
72045.56,72148.734,64922.98,71399.29
71816.09,72000.92,65373.88,71255.8
71619.95,71751.69,65024.27,71007.83
71288.43,71548.37,64619.15,70789.01
71473.21,71388.34,64373.32,70604.94
71143.03,71302.94,64598.780000000006,70514.586
71097.54,71247.98,64326.35,70422.875
70909.36,71203.26,64609.04,70343.31
71375.76,71211.14,64876.82,70320.18
71944.42,71232.75,65330.9,70332.555
72521.93,71306.03,65724.55,70383.04
73459.33,71463.07,66817.96,70504.96
73438.62,71667.586,67725.13,70678.19
73190.55,71816.586,67570.11,70783.66
73251.28,71931.93,67891.33,70886.62
73401.52,71985.05,68085.62,70952.36
73632.15,72011.92,68170.34,71002.36
73539.57,71838.555,67680.98,70843.305
73667.48,71763.945,67448.09,70790.195
73484.0,71628.0,67369.87,70687.51
73572.37,71494.05,67145.36,70585.41
72912.0,71053.914,66763.4,70190.59
72274.33,70761.35,65567.82,69944.67
71378.23,70373.664,65037.39000000001,69615.414
70372.62,69956.375,64718.19999999999,69257.65
69622.29,69136.51,63028.08000000001,68523.766
68700.62,68445.28,61572.79000000001,67928.68
67537.72,67736.81,60714.86,67300.13
66276.7,67037.63,59684.69,66669.59
65594.7,65972.35,58410.51,65710.66
65015.34,65042.598,57673.84999999999,64888.05
64348.47,64189.977,57332.41,64117.9
62987.98000000001,63423.023,56243.76,63408.336
62149.93,63085.258,55640.80000000001,63082.254
61328.170000000006,62184.91,55087.82,62159.992
60559.340000000004,61292.145,53958.26,61246.6
58855.729999999996,60431.55,52934.38,60361.203
57807.29,59412.74,52213.13999999999,59340.066
57029.41000000001,58412.562,51272.48,58359.156
56472.45999999999,57499.47,50086.65,57467.15
54292.079999999994,56697.34,49005.869999999995,56665.336
53862.76,55879.254,47778.64,55839.78
53829.19,54974.67,47340.3,54982.945
52966.92,54304.645,46609.41,54314.72
52182.91,53856.086,46343.78,53806.523
51886.75,53452.46,46164.7,53148.88
51729.4,53115.973,45952.16,52626.887
51569.85,52970.99,45840.27,52262.41
50732.66,52959.977,45315.96,52034.273
50439.41,53070.35,45027.04,51870.83
50731.07,53097.348,44598.63,51706.53
50887.84,53146.957,44551.07,51596.387
51080.69000000001,53344.48,44535.15,51618.938
51120.24999999999,53661.64,45094.5,51690.504
51532.15000000001,54052.03,45115.14,51867.973
51880.54,54443.336,45650.22,52090.848
52294.69000000001,54882.848,45727.98,52395.03
52335.2,55418.297,46072.53,52753.91
52583.16,55983.516,46321.49,53204.207
52610.88,56469.23,46779.89,53653.605
54027.08,56934.184,47440.21,54135.133
54774.590000000004,57486.18,48543.94,54674.78
55530.26,58222.875,49208.86,55382.508
57438.07,58929.684,50083.399999999994,56101.098
59859.89,59622.27,52089.840000000004,56838.668
62351.89,60675.01,54399.38,57811.258
63445.94,61920.977,55849.24999999999,58932.13
65283.59,63293.78,56952.97,60149.777
68383.39,64496.832,58596.659999999996,61256.51
69916.04,65022.867,60473.78,61938.562
70482.59,66150.95,61871.79,63013.258
71178.68,67234.695,62891.25,64064.258
72253.01,68125.93,63504.63,64960.785
72750.87,69116.32,64122.56,65962.61
72858.3,69960.48,64269.57,66806.56
73195.7,70637.875,64304.9,67504.945
72960.05,71127.336,64304.85,68048.18
72841.62,71792.445,64249.04,68776.74
73088.27,72133.19,64396.85,69206.1
73166.65,72319.445,64566.91000000001,69498.38
73619.82,72432.38,65039.119999999995,69715.11
73620.35,72792.98,64767.6,70181.64
73701.86,72941.06,64177.63,70433.13
73606.99,72985.19,64019.41,70580.58
73622.19,72962.26,64017.09,70660.74
73487.24,73196.91,63827.15,71000.42
73426.86,73180.76,63968.65,71099.5
72858.43,73076.586,64053.380000000005,71117.96
72007.9,72928.164,63830.850000000006,71091.99
71615.39,72945.13,64027.18,71262.15
71392.95,72631.98,63928.04,71141.58
71007.34,72295.13,63614.71,70985.61
70803.21,71968.016,63347.670000000006,70823.6
70201.4,71822.87,62931.84,70857.66
70092.05,71520.51,62397.549999999996,70723.48
68992.3,71168.69,61988.89,70528.5
68730.68,70869.44,61639.73999999999,70348.5
68466.38,70595.91,61884.64,70237.18
68273.47,70234.78,61218.91,70000.42
68196.29,69927.766,60892.97,69760.74
67983.24,69689.27,60779.25,69544.875
67605.53,69559.83,61074.73999999999,69423.5
67873.57,69393.03,60239.44999999999,69230.12
67955.8,69245.98,60427.77,69037.23
68324.55,69217.04,60596.26,68928.79
68915.84,69188.07,61198.91000000001,68826.4
69715.82,69231.22,61487.08000000001,68777.21
70338.14,69368.84,62223.82,68812.445
70487.98,69579.06,62761.88,68916.0
70382.83,69681.32,63419.98,68915.58
70069.72,69819.94,62998.99,68972.63
70041.06,69894.67,63003.45,68985.164
69401.39,69877.766,63134.59,68935.625
69037.01,69635.7,62747.95999999999,68664.74
68875.48,69428.945,62221.69,68456.98
68560.68,69174.47,62022.66999999999,68212.516
68103.49,68920.914,61427.37,67969.03
67330.54,68368.83,60733.84,67440.1
66393.5,67970.48,60345.18000000001,67060.09
65914.96,67490.89,59392.96,66607.6
65025.93000000001,66940.44,58839.13999999999,66101.125
63889.67,66095.47,57410.649999999994,65325.348
62871.37,65422.5,56476.98,64694.863
62301.4,64688.535,55559.48999999999,64009.406
61609.54,63938.11,54744.18,63311.973
61162.97,62897.117,54009.36,62380.95
60454.14000000001,62096.727,53424.48,61638.53
59671.62,61341.69,53087.05999999999,60922.81
59055.96,60598.66,52418.23,60229.496
58034.58,59775.105,52152.74999999999,59542.086
57297.58,59027.18,51714.61,58791.29
56163.200000000004,58197.21,50825.55,57973.53
55218.23000000001,57375.992,49959.58,57171.285
54332.44999999999,56231.7,48690.80999999999,56163.42
53736.07,55230.113,47648.44,55236.273
52987.70999999999,54243.277,46729.05,54341.605
51230.88,53349.355,45528.73,53520.066
50330.780000000006,52308.344,44483.64,52627.37
49769.06,51300.14,44073.1,51722.543
49380.97,50418.914,43495.72,50925.867
48489.3,49681.59,43098.13,50233.035
48158.91,48663.008,42650.95,49663.34
47901.93,47925.71,41881.28,48850.723
47582.61,47458.332,41818.43,48309.875
46948.59,47150.156,41708.39,47889.65
46469.86,46872.8,41506.66,47490.008
46568.67,46655.477,40954.79,47136.75
46673.77,46524.74,40824.41,46869.984
46549.94,46557.89,40722.28,46729.69
46310.96,46713.574,40118.51,46651.87
46427.4,46922.08,40278.45,46638.03
46711.69,47124.92,40564.51,46654.99
47303.06,47407.844,40609.34,46768.297
47736.71,47859.26,40991.58,46971.83
47384.51,48413.977,40964.01,47309.402
47440.16,48979.438,40896.74,47703.344
47833.75,49421.66,41459.34,48061.516
47730.35,49993.953,42274.23,48484.625
47632.77,50590.527,42221.6,48989.934
47800.41,51109.516,42739.24,49476.36
47745.28,51613.863,42559.36,49985.03
48210.99,52290.168,43207.09,50559.137
48146.51000000001,52926.223,43627.14,51176.176
48935.77999999999,53563.92,43906.82,51805.11
50630.32,54132.066,44256.53,52400.504
51159.54000000001,54722.94,45334.82,53051.676
52021.92,55340.867,46210.3,53653.36
52964.36,55907.758,47312.93,54267.953
54053.11,56500.98,48087.17999999999,54898.656
55027.62,57282.383,49679.84,55621.24
55686.68,57975.504,50539.4,56324.02
56585.200000000004,58607.44,51414.69,56975.34
57361.01000000001,59127.05,52103.70999999999,57533.355
57860.68,59788.742,53617.07,58168.168
58576.91,60254.85,54067.44,58694.254
59267.51,60602.418,55066.14,59113.426
59827.87,60876.523,55423.55000000001,59463.03
60110.24,61332.953,55374.13,59937.977
60230.67,61601.98,55500.94999999999,60303.348
60478.94,61774.973,55345.02,60573.867
61158.950000000004,61848.92,55281.270000000004,60753.664
61659.66999999999,62128.562,54817.31,61100.19
61872.05,62264.32,55388.0,61348.33
62020.15,62397.965,56231.89,61569.484
61596.7,62468.36,56302.7,61729.95
61516.30000000001,62706.67,56648.77,62040.56
60926.08,62683.016,56364.14,62149.88
60280.39,62618.625,56364.43,62192.64
59824.61,62493.965,56041.8,62176.133
59770.54000000001,62446.35,55592.42,62225.41
60040.170000000006,62271.004,54981.3,62159.082
59607.92,62139.977,54529.99,62083.875
59157.65000000001,62069.344,54284.95,62026.348
58622.42,62013.53,54157.54,61975.46
58418.35,61853.395,53978.97,61814.977
57994.96,61682.61,53503.12,61619.26
57973.67,61555.113,53409.35999999999,61440.37
57862.549999999996,61463.25,54181.37000000001,61294.832
58240.51,61390.06,54295.95,61149.47
58353.53999999999,61386.152,54532.93000000001,61065.957
58689.829999999994,61467.977,54527.63,61053.824
59456.75,61545.72,54919.15,61054.895
60539.85999999999,61671.504,55835.270000000004,61102.344
60905.479999999996,61891.164,56794.23,61241.047
61715.54,62182.625,57719.670000000006,61438.49
62368.12999999999,62368.285,57828.89,61552.54
62501.79,62622.977,58218.450000000004,61723.918
62826.780000000006,62841.418,58710.01,61871.66
62465.50000000001,62980.14,59131.77999999999,61961.656
61825.96,62935.977,58941.51,61889.957
61528.65,62885.98,58586.39,61823.26
61088.53,62700.97,58400.41999999999,61650.25
60531.56,62469.7,57986.189999999995,61442.46
60014.96000000001,62016.51,57253.64,61056.848
59386.41,61631.676,56518.36,60723.746
58524.38999999999,61180.18,56029.99,60330.83
57280.71000000001,60685.84,55533.39,59901.52
56215.53,59934.844,54914.149999999994,59272.387
55024.84999999999,59257.758,53854.58,58689.105
54313.84,58486.652,52877.07,58016.99
53993.0,57683.97,52119.13,57322.31
53458.35,56736.965,51655.29,56541.82
53475.920000000006,56029.023,51211.97,55918.12
53048.94,55325.293,50490.94000000001,55289.37
53602.079999999994,54716.613,49889.08999999999,54738.473
53120.490000000005,54030.547,50170.33,54294.29
52589.40000000001,53578.55,49698.21,53847.176
51730.34,53032.32,48861.630000000005,53305.516
50719.76000000001,52405.188,47943.59,52703.633
49871.4,51522.51,47156.9,51964.594
49743.329999999994,50674.41,46386.49,51212.824
49083.90000000001,49775.1,45827.99,50445.055
47291.07,48960.574,45198.13,49744.89
46404.28,47963.793,44741.25,48947.64
45784.49,46885.355,44043.95,48051.715
45250.67,45827.37,43695.45,47192.684
44552.76,44865.957,43292.75,46403.83
43660.13,44063.805,42646.05,46029.42
43192.9,43448.62,42044.95,45514.32
42819.05,42766.902,41778.32,44956.36
42515.92,42192.992,41483.95,44459.28
42031.0,41660.707,41348.79,43963.516
41746.31,41242.133,41572.01,43538.48
42079.66,40904.145,41615.8,43171.25
42053.03,40695.94,41225.75,42901.277
42320.55,40698.605,40696.38,42757.023
42086.72,40787.074,40484.68,42679.625
42110.58,41005.008,40269.95,42716.457
42229.21,41249.203,40398.89,42794.703
42313.93,41649.613,40677.46,42972.035
42975.1,42127.246,40618.15,43246.96
43610.75,42626.383,40813.62,43575.266
43335.08,43267.43,40771.59,44039.258
42717.64,44132.812,40844.09,44636.727
42568.51,44858.938,40815.02,45203.723
43052.44,45427.496,40642.92,45707.883
43262.33,45947.26,40462.66,46255.47
43595.2,46646.684,39817.73,46860.957
43252.63,47323.52,39976.32,47513.16
43709.11,47982.016,40036.36,48160.195
44899.04,48488.52,40287.29,48701.438
45403.77,49214.598,40649.85,49354.117
46363.66,49730.895,41085.04,49860.523
47070.34,50246.098,41756.02,50387.812
48065.170000000006,50824.39,42584.93,50955.234
48634.84,51572.203,44471.18,51583.824
49444.01,52259.97,45028.11,52228.234
50107.34,52822.203,45452.3,52764.695
51073.44,53308.312,46351.12,53234.062
51406.26999999999,53879.39,47231.34,53705.78
52344.29,54368.39,48018.11,54178.598
52693.36,54693.75,48721.259999999995,54507.508
52844.55000000001,54979.18,49136.72000000001,54796.55
53443.58,55299.164,49247.530000000006,55069.188
54190.90000000001,55440.31,49440.66,55248.156
55076.12,55549.918,49905.58999999999,55382.348
55123.58000000001,55660.094,50590.770000000004,55499.08
55972.11,55936.54,51823.19000000001,55725.26
56409.58,56099.344,52597.96,55894.957
56457.49,56307.56,53022.26,56097.562
56680.83,56467.695,53278.0,56252.953
56060.66,56637.793,54012.19,56412.94
55743.77,56795.973,53885.30000000001,56583.71
55522.63,56812.953,53547.33999999999,56644.566
55000.23,56798.895,53156.80000000001,56673.5
54231.37999999999,56835.2,52676.44,56735.207
54012.57,56837.004,52116.73000000001,56765.95
53588.25,56796.008,51692.22000000001,56747.902
53128.170000000006,56789.984,51362.26,56739.125
52759.45999999999,56754.23,50667.22,56686.066
52882.25,56752.727,50277.21,56646.742
52514.28,56771.08,49970.07000000001,56610.56
52291.16,56867.668,49665.64000000001,56625.85
52155.93000000001,56930.97,49844.29,56613.957
52663.37,57059.86,49553.66000000001,56661.098
53113.05999999999,57233.64,49562.59,56761.363
54040.229999999996,57493.53,50151.86,56937.875
54426.49999999999,57751.594,51414.59,57117.316
55638.93,58159.09,52102.219999999994,57427.164
56884.81,58539.723,52882.47,57736.984
58423.079999999994,59003.918,53572.22,58125.41
58490.71,59434.12,53879.29,58485.99
58459.49,59968.992,53853.86,58926.445
58980.98999999999,60314.11,54325.17,59222.77
59056.719999999994,60559.598,54526.98999999999,59446.85
58763.87,60685.574,54496.97,59570.273
58596.30000000001,60768.81,54462.37,59655.34
58182.43,60735.37,54334.9,59643.06
57789.65,60657.78,54308.31,59596.426
57333.04,60397.664,53966.95,59410.56
56754.36,60130.492,53353.26,59210.242
56476.66000000001,59792.676,53122.09,58946.266
55973.28,59399.906,52552.26000000001,58633.957
55130.87,58880.96,52182.77999999999,58230.08
54495.05,58361.676,51523.34,57804.49
53898.32,57756.184,50628.74,57299.65
53618.46000000001,57177.215,50263.8,56815.426
53075.74,56527.95,49897.0,56296.508
52569.02999999999,55934.78,49509.70999999999,55790.125
52675.39,55355.336,49149.21000000001,55287.22
53256.78,54811.43,49202.79,54817.44
53182.34,54681.418,49904.49,54803.67
52378.16,54281.01,49372.37,54408.957
51364.299999999996,53879.08,48376.52,53990.934
50053.42,53325.176,47863.50000000001,53444.844
49481.44,52590.887,46781.48,52789.945
48523.64,51737.99,45932.38,52018.168
47598.26,50982.48,45012.2,51331.6
46780.84,50232.258,44607.99,50661.99
46347.75,49376.91,43660.75,49933.297
45858.06,48536.035,43079.49,49189.57
44975.51,47785.086,42752.15,48517.598
44254.18,47113.645,42001.34,47905.5
43831.58,47236.066,41090.24,48060.367
43722.95,46978.69,40462.07,47814.32
43570.14,46680.766,40219.82,47492.98
43720.07,46460.184,40152.73,47212.242
43705.5,46331.617,39543.25,46950.617
43672.29,46300.367,39386.47,46746.164
43455.14,46342.63,39334.33,46610.02
43500.12,46486.684,39250.07,46563.465
43624.41,46747.234,39184.24,46574.445
43911.24,47077.676,39395.38,46668.246
44332.68,47472.36,39786.08,46860.5
44946.46,47951.035,39713.98,47156.223
45655.13,48682.582,40260.13,47617.176
46244.01,49472.445,40758.76,48179.44
46895.62,50333.01,41269.16,48857.934
48587.42,51186.66,41693.67,49587.027
49143.490000000005,52212.0,43110.23,50440.734
50380.159999999996,53349.656,43347.97,51427.062
52213.700000000004,54317.12,43787.99,52349.75
56410.63,55310.15,43916.07,53330.363
58976.48000000001,56661.84,45226.24,54564.176
60757.39,58429.51,45887.53,56113.05
62717.78,60102.016,46494.0,57607.574
65062.939999999995,61606.906,47406.75,58996.562
66602.49,62420.637,49017.75,60049.395
67808.69,63735.836,50014.26,61334.83
68722.54,64958.81,51037.01,62581.2
69676.45,65990.445,52098.64,63680.914
69804.86,67162.79,52909.72,64904.625
69840.01,68119.66,53370.43,65965.29
69933.69,68816.5,53878.04,66820.02
69905.24,69281.41,54066.939999999995,67487.8
70209.06,69881.7,54060.55,68290.53
70129.94,70229.09,54361.11,68877.01
69857.8,70455.88,54794.060000000005,69336.86
70584.1,70544.21,55361.9,69654.06
70577.82,70770.266,55454.26000000001,70117.74
70480.76,70901.82,55375.54,70435.58
70541.59,70893.54,55268.12,70592.336
70375.42,70780.51,55604.38999999999,70620.08
70184.84,70878.414,56518.520000000004,70863.914
70205.43,70751.07,57086.43,70853.81
70016.07,70565.72,57648.67,70766.195
69938.08,70358.945,57805.259999999995,70639.83
69801.68,70324.77,57896.229999999996,70706.49
69723.31,70151.19,57707.9,70609.0
69974.28,69961.47,57614.22,70478.61
70305.2,69738.38,57182.92,70303.18
70057.3,69729.03,57042.23,70358.94
69910.54,69636.516,56747.10999999999,70288.46
69087.85,69503.984,56341.03999999999,70158.89
68583.25,69374.35,56148.69,70014.01
68317.2,69238.1,56056.52999999999,69909.39
67946.99,69003.78,55837.670000000006,69655.22
67510.79,68818.36,55624.91999999999,69411.4
67810.82,68657.52,55809.64,69182.12
67621.42,68554.3,55855.79,69037.234
67204.25,68495.03,55446.719999999994,68887.46
67172.34,68487.31,55094.79,68793.85
67718.39,68495.52,55247.229999999996,68739.76
68538.79,68533.49,55545.01000000001,68738.81
69214.21,68655.41,55953.159999999996,68814.414
69704.04,68887.78,57011.75,68996.82
70088.45,69154.48,57994.20999999999,69228.484
70239.04,69312.84,58627.87,69363.92
70202.05,69491.48,58751.75,69538.34
70176.13,69620.08,58799.57,69680.73
70003.15,69695.836,58781.27999999999,69781.05
69672.85,69547.05,58790.23,69642.875
69572.5,69422.0,58646.0,69550.375
69579.05,69233.664,58581.18,69406.805
68762.59,69029.46,58077.8,69252.63
68099.38,68578.98,57133.700000000004,68830.04
67622.04,68126.76,56376.47,68450.305
66972.19,67633.625,55826.48,68040.625
66027.58,67129.04,55185.119999999995,67610.49
64917.62,66347.57,54195.34,66883.125
63663.10999999999,65611.98,53034.62,66231.82
62991.64,64836.934,52322.24,65543.68
62213.6,64027.05,51658.7,64824.6
61229.13,63036.09,51399.75,63894.34
60351.62,62156.668,50663.86000000001,63089.113
59478.58000000001,61290.594,49911.58,62295.46
59345.43,60480.31,49834.53999999999,61542.2
58219.469999999994,59884.977,50050.58,60979.637
56835.43000000001,59040.4,49562.50000000001,60138.176
55804.97,58191.707,48709.350000000006,59313.43
54845.399999999994,57282.773,47687.27,58448.52
53681.57,56218.805,46235.6,57429.688
52966.12,55274.234,44882.59,56530.29
52185.02,54358.04,44102.42,55671.336
50408.02999999999,53565.098,43642.44,54913.66
49554.71,52723.805,41827.01,54090.99
48902.02,51843.07,41119.63,53253.9
48192.57000000001,51115.52,40650.36,52538.07
47864.85,50517.92,39821.91,51913.37
47517.78,49921.58,39025.06,51343.543
47175.58,49573.156,38768.86,50948.676
47006.64,49259.08,38073.58,50580.594
46325.08,48992.24,37990.25,50247.99
46369.51,48841.92,38596.08,49959.34
46418.11,48659.426,38619.68,49662.37
46801.19,48603.74,38535.2,49477.066
47211.49,48626.53,38335.62,49365.906
47530.74,48882.496,38347.72,49397.426
47481.26,49215.934,38237.61,49508.75
47611.98,49624.508,38229.66,49718.43
47858.48,50021.543,38536.42,49969.363
48192.02999999999,50595.94,39492.35,50348.688
48725.78,51169.887,39295.71,50782.344
49570.02,51750.293,39387.66,51273.86
50642.49,52360.55,39520.42,51827.133
51436.950000000004,53251.184,40123.34,52589.45
52418.58,54140.023,39978.46,53397.223
53939.48,55007.047,40147.26,54231.348
57286.84,55881.09,40321.17,55097.887
59383.25,57127.914,40787.04,56229.8
61408.59,58653.9,40625.59,57587.445
63471.14,60139.805,40807.91,58936.023
65060.38,61588.184,41342.34,60256.684
66092.99,62505.93,42510.41,61315.33
67238.63,63754.242,43296.93,62534.027
68268.13,64847.61,43839.28,63643.113
69216.23,65815.02,45005.79,64644.203
68851.34,67001.12,45906.88,65826.78
68865.74,67978.27,46373.48,66851.31
68634.42,68639.7,47362.5,67624.7
67677.24,69118.54,48130.76,68245.97
68464.58,69750.73,48908.68,69014.44
68610.56,70007.44,49485.66,69496.95
68725.93,70267.34,50232.88,69955.086
68904.31,70421.266,51305.530000000006,70295.35
68730.12,70803.53,52513.19000000001,70818.63
68926.05,70958.84,52886.81,71152.37
69189.99,70956.92,53127.32,71319.67
69613.61,70895.92,53573.81,71401.875
69436.89,71144.04,54100.13,71739.86
69605.01,71157.17,54407.73,71864.66
69979.41,71061.305,54211.27,71858.52
69382.1,70941.336,53854.54,71803.35
69182.69,71103.14,53811.7,71988.766
69374.64,70927.68,53554.420000000006,71883.18
69024.7,70719.61,53670.06,71724.555
68601.72,70535.61,53242.54,71557.734
68433.72,70503.21,52965.63,71544.53
68086.51,70279.945,52669.969999999994,71357.57
67703.96,70070.33,52539.2,71153.95
67706.71,69862.67,52415.22,70946.27
67403.37,69790.67,51695.329999999994,70883.02
67043.52,69590.86,50910.76,70663.97
66974.53,69412.94,50740.9,70446.51
67352.38,69269.64,49950.259999999995,70254.055
66954.59,69290.26,49670.15,70228.0
66754.2,69290.91,49278.2,70152.22
66555.24,69305.484,49284.9,70105.54
67015.38,69356.29,49685.89,70102.58
67743.85,69427.28,49774.38999999999,70151.336
68978.57,69542.98,50040.54000000001,70229.17
69898.3,69747.164,50729.67,70386.15
70765.38,70060.766,51309.079999999994,70638.57
71128.28,70279.086,52049.02,70816.88
71540.1,70555.625,52608.11,71062.664
71483.15,70753.24,52493.56,71249.29
70525.35,70909.08,52077.04,71406.52
70231.82,70771.62,52291.6,71289.29
70083.37,70567.516,51666.65,71148.99
70582.34,70317.836,51172.81,70968.77
70245.02,70064.586,50472.45,70786.805
69412.66,69562.09,49766.9,70333.32
68345.5,69127.28,48765.97,69959.055
67480.75,68596.35,48295.939999999995,69497.984
65903.44,67983.68,47797.07,68970.73
64844.99,67002.19,46791.54,68083.81
63697.490000000005,66053.43,46081.54,67251.266
62029.530000000006,65099.465,46007.62,66409.586
60735.69999999999,64153.28,45688.26,65569.21
59735.369999999995,62809.22,45643.17,64346.188
59355.6,61654.57,45588.37,63310.83
58412.44999999999,60599.17,45432.9,62362.473
57767.31,59707.668,45030.04,61546.73
57197.49,58842.133,45090.02,60700.27
56309.8,57874.2,45028.22,59724.855
54954.62,56997.746,44690.81,58826.27
53660.399999999994,56162.766,44275.55,57970.664
53321.99,55101.383,43645.88,56907.66
52436.53,54183.18,43004.2,55985.652
51457.15,53463.953,42326.18,55225.598
50049.68,52820.773,41830.89,54530.734
49611.30000000001,52067.336,41337.23,53730.39
48928.55,51405.105,40826.37,53021.87
48396.62,50916.242,40336.19,52447.87
47503.71,50522.375,39742.75,51956.17
46829.21,50090.64,39074.88,51280.195
46682.43,49835.42,38383.92,50850.1
46531.51,49548.31,37856.74,50421.844
46074.63,49337.977,37574.65,50059.914
46468.77,49212.523,37247.42,49716.62
46419.84,49119.027,37012.17,49414.277
46097.16,49196.348,36747.16,49260.84
46347.6,49326.207,36736.89,49171.47
46384.62,49566.71,36783.95,49151.66
46161.84,49913.69,36643.98,49244.062
46120.1,50281.117,36636.79,49407.723
46376.95,50620.914,36481.64,49608.75
46381.54,51133.363,36384.25,49949.434
47328.0,51680.586,36411.64,50369.67
48022.06,52200.082,36782.67,50838.63
49468.12,52863.195,36876.57,51450.977
49742.52,53774.906,37166.42,52263.285
50673.89,54779.867,36978.69,53185.844
52522.35,55613.4,37075.6,54042.246
56923.28,56436.723,37090.32,54923.848
59316.16,57699.973,37016.75,56139.76
61245.39,59369.89,36891.52,57655.566
62787.4,60943.16,36809.33,59106.53
65031.21000000001,62358.54,37378.42,60446.586
66146.2,62952.992,38047.9,61228.01
66935.03,64121.652,38288.62,62384.043
67615.23,65091.57,38714.0,63387.18
68220.72,65906.64,39485.5,64250.94
68185.76,66953.09,40737.01,65299.43
68219.86,67731.66,41598.77,66126.81
68427.94,68273.49,42229.48,66756.77
68436.62,68639.79,43255.71,67237.98
68365.97,69261.16,44936.81,67936.26
68657.48,69631.48,46133.85,68428.24
69049.16,69858.3,46604.72,68788.85
68770.88,70022.836,47288.15,69078.77
68670.62,70500.5,48033.63,69631.67
68714.93,70684.125,48770.92,69947.49
68896.4,70745.305,49197.05,70138.945
69060.86,70716.82,49641.65,70235.44
69106.13,70994.61,50070.25,70594.62
69190.88,71047.57,50864.69,70752.625
68938.5,71029.09,51117.27999999999,70820.67
68405.69,70955.69,51140.05000000001,70817.96
68089.78,71075.41,51201.71000000001,71001.92
67959.89,70902.38,50740.19999999999,70922.51
67890.11,70663.08,50306.08,70763.01
67543.32,70402.74,49799.26,70569.766
67148.34,70308.85,48317.85,70538.81
66942.16,70015.35,47865.63,70304.37
66345.54,69703.68,47491.49,70036.06
66401.82,69416.36,47291.08,69774.76
66334.58,69220.336,46817.75,69625.61
66206.53,68975.21,46411.68,69394.266
66150.24,68798.26,46166.43,69207.46
65594.78,68684.72,45872.49,69070.98
65254.42999999999,68735.33,45923.08,69108.71
65117.53,68665.51,45839.73,69027.15
64955.63,68631.68,45418.02,68981.54
65093.52,68652.17,45007.66,68987.72
65602.79,68759.266,44822.68,69097.266
66322.35,68842.18,45042.53,69173.28
67452.53,68984.836,45629.34,69295.65
68896.13,69181.62,46447.6,69465.08
69397.17,69378.23,47277.51,69626.12
69770.32,69676.74,47355.37,69874.89
69650.72,69909.2,47834.14,70069.42
69296.06,70082.42,48055.38,70219.8
69226.08,69970.09,48460.07,70116.586
69084.25,69815.914,48278.26,70009.2
68655.79,69622.48,48305.03,69867.47
67922.81,69398.66,48144.71,69697.445
67312.99,68849.734,47887.56,69217.45
66768.47,68329.4,47432.25,68794.51
66438.87,67757.04,47258.04,68315.48
64923.19,67170.336,46859.04,67816.61
64312.38,66257.914,46395.19,66992.27
63573.71,65334.39,45651.2,66187.13
62529.69999999999,64452.19,44925.65,65406.836
61339.509999999995,63586.56,44906.05,64639.77
60491.67,62355.035,44516.15,63525.246
59688.87999999999,61278.21,44507.98,62570.973
58642.25,60294.414,44299.37,61685.527
58075.659999999996,59404.3,43968.03,60884.266
57022.549999999996,58533.08,44451.98,60088.203
56085.12,57576.53,44285.45,59144.543
54998.48999999999,56601.965,43730.24,58168.94
53438.94,55678.418,42986.83,57245.156
52794.94000000001,54565.844,42968.79,56151.89
52190.88,53563.145,42501.2,55167.195
51607.6,52690.938,41616.5,54301.633
50202.94,51934.2,41073.01,53533.426
49373.700000000004,51123.26,39412.22,52700.973
49174.14,50370.355,38800.43,51938.95
48952.259999999995,49691.832,38305.61,51258.363
48397.6,49190.562,37903.65,50712.51
48176.18000000001,48696.117,37512.53,50012.55
47959.27,48524.504,36987.28,49681.293
47669.55,48435.883,36713.51,49411.68
47118.39,48394.875,36423.17,49211.316
47013.13,48401.188,36633.32,49030.965
47256.53,48418.027,36280.2,48899.133
47358.57,48480.594,36244.45,48840.195
47596.09,48644.23,36171.69,48882.543
47551.89,48972.535,36065.86,49014.867
47933.08,49390.316,35896.95,49272.9
48112.149999999994,49758.07,36003.18,49552.516
48473.16000000001,50189.324,36037.75,49922.6
48908.32,50779.184,36787.08,50400.68
49367.149999999994,51393.246,37171.31,50963.24
49826.28999999999,52031.984,37055.51,51597.855
50812.3,52658.676,36871.82,52267.836
51322.47000000001,53490.543,37208.82,53104.406
51975.51,54318.066,36966.71,53971.19
53728.75,55049.42,37003.76,54808.02
56967.61,55750.79,36753.17,55647.168
58545.5,56946.61,36862.53,56829.71
60240.43,58395.895,36859.41,58189.27
62234.1,59708.023,36618.24,59447.207
64383.95999999999,60933.395,37025.32,60643.6
65325.97,61752.582,37772.61,61572.793
66377.72,62827.676,38217.32,62643.33
67158.39,63757.74,38690.44,63625.18
67815.42,64573.18,39420.24,64494.84
67877.62,65596.45,40351.93,65529.883
67801.73,66385.516,40711.8,66366.484
67826.43,66948.14,41205.84,67016.75
68172.69,67319.94,42092.72,67505.805
68338.18,67904.516,43332.02,68183.24
68489.2,68297.8,44077.49,68701.2
68530.45,68586.53,44619.38,69108.95
67820.95,68792.055,45041.1,69424.3
67442.27,69229.43,46020.07,69939.59
67372.43,69340.89,46420.48,70178.27
67488.62,69338.23,47173.57,70292.13
66824.02,69284.26,47617.97,70332.29
66631.13,69503.195,48203.74,70600.414
66714.08,69429.27,48606.36,70602.05
66448.34,69292.53,48946.43,70512.875
66129.49,69147.734,49252.06,70386.02
66003.25,69163.1,49476.44000000001,70410.12
65871.84,68981.18,49205.840000000004,70244.234
65579.15,68766.375,48671.57,70022.016
66282.51,68533.56,48081.659999999996,69764.805
65715.92,68381.67,47822.3,69604.984
65264.41,68248.22,47388.74,69414.13
64922.98,68021.64,46917.4,69135.36
65373.88,67772.45,46517.64,68841.414
65024.27,67588.88,46266.32,68639.17
64619.15,67475.96,45943.67,68453.305
64373.32,67357.25,45763.46,68259.44
64598.780000000006,67259.805,45587.83,68092.09
64326.35,67232.89,46086.42,68030.87
64609.04,67264.97,46073.61,67986.125
64876.82,67310.24,45863.32,67961.914
65330.9,67420.63,45858.23,67996.69
65724.55,67531.586,46634.13,68061.35
66817.96,67669.37,47101.63,68149.945
67725.13,67824.74,47909.8,68267.13
67570.11,68065.72,48622.149999999994,68461.51
67891.33,68193.13,49037.36,68551.24
68085.62,68303.52,49286.12000000001,68668.016
68170.34,68374.72,49444.60999999999,68761.85
67680.98,68406.7,49532.149999999994,68833.61
67448.09,68186.484,49357.42999999999,68670.59
67369.87,67986.805,49220.54,68564.49
67145.36,67743.984,49128.719999999994,68420.42
66763.4,67499.164,48901.35,68263.52
65567.82,66968.1,48891.409999999996,67822.35
65037.39000000001,66533.91,48369.78,67482.85
64718.19999999999,65978.98,47872.439999999995,67035.02
63028.08000000001,65446.58,47524.49,66591.64
61572.79000000001,64611.484,47058.84,65833.875
60714.86,63773.887,46597.86,65112.47
59684.69,62876.64,46182.38,64333.59
58410.51,62015.65,45766.63,63566.72
57673.84999999999,60812.49,46368.09,62480.934
57332.41,59746.746,46243.92,61539.336
56243.76,58770.36,46133.91,60662.203
55640.80000000001,57928.55,45964.6,59896.934
55087.82,56986.594,46775.82,59106.492
53958.26,56028.3,46343.05,58157.11
52934.38,55101.637,45814.85,57242.16
52213.13999999999,54165.383,45038.03,56323.28
51272.48,53019.043,43931.58,55233.75
50086.65,52078.875,43048.16,54314.145
49005.869999999995,51221.312,42179.27,53478.74
47778.64,50413.004,41490.55,52699.145
47340.3,49526.24,40534.41,51854.016
46609.41,48725.4,39934.43,51093.95
46343.78,48122.516,39764.87,50491.266
46164.7,47604.793,39318.03,49957.19
45952.16,47118.21,39047.39,49251.79
45840.27,46960.72,38575.15,48858.965
45315.96,46919.664,38289.57,48563.215
45027.04,46977.293,37989.4,48387.707
44598.63,47083.055,37953.27,48237.957
44551.07,47198.168,37843.88,48146.637
44535.15,47302.035,37696.94,48094.734
45094.5,47457.34,37668.64,48120.832
45115.14,47795.0,37714.58,48257.516
45650.22,48206.465,37720.86,48485.97
45727.98,48601.684,37755.18,48752.92
46072.53,49061.496,38004.37,49108.684
46321.49,49657.47,38342.55,49555.637
46779.89,50229.234,38543.99,50048.133
47440.21,50741.656,38945.71,50552.215
48543.94,51230.24,39149.07,51077.477
49208.86,51934.3,39521.94,51754.516
50083.399999999994,52651.973,39900.39,52474.832
52089.840000000004,53290.04,39990.96,53172.945
54399.38,53892.164,40363.41,53869.938
55849.24999999999,54867.85,41486.41,54812.51
56952.97,55904.938,41865.07,55801.92
58596.659999999996,56884.59,42663.37,56756.113
60473.78,57748.715,43577.93,57637.39
61871.79,58535.89,45186.96,58596.258
62891.25,59270.293,45937.24,59383.42
63504.63,60026.594,47024.59,60189.25
64122.56,60712.574,48146.35,60917.03
64269.57,61529.1,49269.55999999999,61755.684
64304.9,62179.03,49672.06999999999,62417.39
64304.85,62668.562,50302.479999999996,62941.574
64249.04,63024.645,50901.1,63351.883
64396.85,63538.633,51723.11,63921.906
64566.91000000001,63877.11,52444.90000000001,64319.99
65039.119999999995,64129.39,52995.89,64630.05
64767.6,64331.863,53182.600000000006,64878.137
64177.63,64789.645,53730.19999999999,65368.895
64019.41,65005.973,54025.52,65629.95
64017.09,65062.02,54119.62000000001,65746.1
63827.15,65054.266,54126.6,65793.81
63968.65,65257.566,54247.50000000001,66057.4
64053.380000000005,65264.87,54518.380000000005,66118.484
63830.850000000006,65258.63,55038.98,66144.164
64027.18,65257.68,55231.94,66169.68
63928.04,65413.72,55417.82,66389.95
63614.71,65448.566,55362.05999999999,66474.195
63347.670000000006,65422.68,55163.00000000001,66493.18
62931.84,65343.465,55149.51999999999,66473.15
62397.549999999996,65311.8,55427.78,66543.22
61988.89,65137.0,54789.600000000006,66468.625
61639.73999999999,64886.496,54397.16999999999,66317.97
61884.64,64639.93,54053.51000000001,66145.5
61218.91,64429.406,54159.03,66040.06
60892.97,64249.496,53868.5,65910.086
60779.25,64019.46,53869.82,65722.76
61074.73999999999,63819.37,53650.72,65538.99
60239.44999999999,63627.207,53814.41999999999,65382.69
60427.77,63538.625,53540.5,65266.723
60596.26,63374.934,53707.42,65094.586
61198.91000000001,63321.297,53948.06,65003.31
61487.08000000001,63185.582,54044.02999999999,64861.582
62223.82,63194.766,54519.48,64830.863
62761.88,63249.355,55463.53,64850.605
63419.98,63408.836,56495.06,64962.703
62998.99,63415.246,57041.41,64942.836
63003.45,63556.734,57272.78,65045.637
63134.59,63613.87,57399.95,65100.453
62747.95999999999,63650.684,57634.94,65146.332
62221.69,63450.58,57287.88,64962.5
62022.66999999999,63298.24,56922.64000000001,64838.324
61427.37,63087.73,56560.56999999999,64671.723
60733.84,62874.438,56276.1,64498.188
60345.18000000001,62345.043,56140.72000000001,64019.46
59392.96,61907.906,55209.25,63627.902
58839.13999999999,61489.3,54912.13,63236.984
57410.649999999994,61020.23,54484.119999999995,62801.047
56476.98,60239.812,53268.39,62061.246
55559.48999999999,59512.836,52341.06,61380.465
54744.18,58780.137,51342.189999999995,60690.953
54009.36,58052.383,50361.149999999994,60005.766
53424.48,57026.332,50133.119999999995,59059.516
53087.05999999999,56187.223,49769.32000000001,58265.125
52418.23,55412.8,49267.05,57527.016
52152.74999999999,54714.168,48835.02,56854.805
51714.61,53639.34,49073.06,55958.46
50825.55,52911.83,48469.17,55210.582
49959.58,52185.71,47711.7,54483.03
48690.80999999999,51407.664,46893.61,53725.676
47648.44,50393.36,46311.15,52827.996
46729.05,49447.56,45746.09,51960.152
45528.73,48510.035,44803.48,51129.38
44483.64,47630.31,44204.01,50346.72
44073.1,46639.797,43312.45,49505.656
43495.72,45775.773,42692.25,48721.234
43098.13,45071.383,42029.15,48059.473
42650.95,44480.863,41814.44,47479.6
41881.28,43691.816,41198.17,46852.062
41818.43,43101.62,40857.28,46075.76
41708.39,42668.777,40641.19,45499.504
41506.66,42400.215,40557.54,45068.445
40954.79,42279.47,40463.16,44757.047
40824.41,42210.5,40412.87,44483.32
40722.28,42145.76,40375.44,44245.52
40118.51,42159.37,40118.33,44094.42
40278.45,42338.7,40089.52,44047.094
40564.51,42457.43,40121.94,43990.8
40609.34,42661.035,40260.62,44033.164
40991.58,42946.3,40333.98,44166.71
40964.01,43381.973,40725.35,44395.04
40896.74,43837.75,40881.18,44695.156
41459.34,44256.3,40936.67,45015.934
42274.23,44646.92,40988.05,45363.492
42221.6,45290.527,41207.68,45869.438
42739.24,45968.355,41095.14,46455.113
42559.36,46549.51,40996.36,47008.305
43207.09,47170.668,41057.66,47617.457
43627.14,47920.16,41120.94,48295.113
43906.82,48636.27,41347.45,48989.473
44256.53,49321.023,41339.33,49664.848
45334.82,49931.793,41682.62,50287.62
46210.3,50832.56,42831.93,51194.023
47312.93,51335.86,43342.2,51700.47
48087.17999999999,51869.66,43901.47,52239.94
49679.84,52429.387,44929.77,52771.04
50539.4,53149.74,46110.71,53374.066
51414.69,53844.516,46630.66,53975.04
52103.70999999999,54449.285,47198.14,54499.344
53617.07,54962.055,47918.93,54954.492
54067.44,55581.94,49208.98,55480.156
55066.14,56183.664,50020.16,56023.836
55423.55000000001,56644.426,50660.33999999999,56463.484
55374.13,57080.535,50961.82,56886.594
55500.94999999999,57601.71,50403.13,57392.66
55345.02,57911.574,50489.33,57776.406
55281.270000000004,58114.445,50811.43,58065.93
54817.31,58185.164,51023.189999999995,58241.906
55388.0,58381.047,51025.93000000001,58535.57
56231.89,58417.715,51364.71,58718.266
56302.7,58493.863,51719.36,58894.61
56648.77,58625.113,51750.85,59089.87
56364.14,58866.305,51642.3,59383.223
56364.43,59019.473,51526.450000000004,59602.645
56041.8,59076.35,51402.48,59719.047
55592.42,59096.29,50974.4,59782.004
54981.3,59173.89,50834.35,59911.734
54529.99,59128.582,50460.490000000005,59928.89
54284.95,59001.906,50087.409999999996,59834.176
54157.54,58855.57,49899.66,59692.375
53978.97,58780.004,49424.18,59601.383
53503.12,58682.74,48936.78999999999,59464.08
53409.35999999999,58599.656,48784.94000000001,59313.027
54181.37000000001,58517.348,48958.450000000004,59156.387
54295.95,58521.36,49710.91,59077.508
54532.93000000001,58618.184,49686.99,59054.27
54527.63,58742.438,49836.5,59065.5
54919.15,58892.17,50197.9,59110.676
55835.270000000004,59037.89,51081.69,59174.152
56794.23,59196.36,51847.79,59257.867
57719.670000000006,59423.04,52902.97,59412.047
57828.89,59702.5,53989.46,59619.434
58218.450000000004,59926.414,55220.96,59777.887
58710.01,60111.17,55536.67999999999,59914.31
59131.77999999999,60243.758,55865.729999999996,60013.766
58941.51,60363.56,55985.939999999995,60104.0
58586.39,60315.367,56044.03999999999,60040.79
58400.41999999999,60239.773,55794.09,59965.65
57986.189999999995,60061.402,55661.2,59815.06
57253.64,59828.223,55282.58,59621.52
56518.36,59370.594,55067.4,59235.82
56029.99,58941.664,54285.340000000004,58868.805
55533.39,58431.613,53913.91,58430.402
54914.149999999994,57899.293,53283.02,57965.406
53854.58,57187.617,52544.44,57351.246
52877.07,56571.375,51588.6,56790.98
52119.13,55863.68,50757.45,56146.566
51655.29,55125.227,50083.72,55475.594
51211.97,54231.2,49692.84,54710.855
50490.94000000001,53496.367,49299.05,54037.664
49889.08999999999,52798.61,48859.69999999999,53398.934
50170.33,52119.62,48483.16999999999,52785.254
49698.21,51192.23,48739.93000000001,52163.055
48861.630000000005,50615.484,48352.649999999994,51624.793
47943.59,50003.035,47718.32,51047.453
47156.9,49311.082,46862.41,50407.375
46386.49,48400.438,45613.64,49660.3
45827.99,47528.105,44946.6,48896.09
45198.13,46607.945,44327.02,48121.22
44741.25,45706.336,43679.44,47359.86
44043.95,44728.6,42966.35,46574.68
43695.45,43858.543,42367.59,45814.324
43292.75,42996.13,41883.76,45058.52
42646.05,42227.586,41323.17,44367.25
42044.95,41674.062,40490.68,44131.254
41778.32,41167.496,40098.85,43631.133
41483.95,40636.594,40092.35,43134.38
41348.79,40228.176,40126.02,42722.273
41572.01,39913.047,40039.16,42378.56
41615.8,39679.95,40197.36,42064.56
41225.75,39594.535,40107.23,41862.75
40696.38,39612.777,39955.3,41746.55
40484.68,39671.207,39704.18,41655.734
40269.95,39713.234,39544.84,41572.938
40398.89,39822.523,39535.87,41569.613
40677.46,39994.062,39205.18,41646.266
40618.15,40389.055,39181.75,41884.09
40813.62,40841.49,39315.67,42191.824
40771.59,41300.77,39500.73,42547.332
40844.09,41830.6,39300.77,42984.27
40815.02,42524.297,39395.92,43529.574
40642.92,43150.598,39226.99,44081.508
40462.66,43757.973,38963.56,44653.715
39817.73,44275.945,38774.09,45174.44
39976.32,44937.96,38259.45,45763.055
40036.36,45413.92,38168.65,46276.18
40287.29,45892.26,38333.76,46797.79
40649.85,46330.094,38326.75,47277.46
41085.04,47222.94,38634.59,48107.836
41756.02,47491.266,38838.68,48356.242
42584.93,47844.117,39316.78,48718.703
44471.18,48233.14,39833.95,49091.043
45028.11,48854.996,40893.06,49574.844
45452.3,49618.74,41504.95,50226.4
46351.12,50269.125,41982.59,50788.12
47231.34,50767.01,42653.5,51223.56
48018.11,51385.383,43720.45,51691.598
48721.259999999995,51937.742,44557.55,52176.008
49136.72000000001,52416.965,45222.76,52605.773
49247.530000000006,52771.195,45558.7,52932.39
49440.66,53134.715,45443.19,53230.543
49905.58999999999,53368.89,45874.4,53484.945
50590.770000000004,53488.363,46163.09,53637.81
51823.19000000001,53569.715,46647.25,53754.19
52597.96,53783.246,47075.67,53958.754
53022.26,54119.438,47978.079999999994,54299.117
53278.0,54430.832,48817.41,54604.984
54012.19,54663.03,49169.65,54842.24
53885.30000000001,54916.477,49765.27,55084.992
53547.33999999999,55200.562,49658.310000000005,55370.51
53156.80000000001,55368.94,49329.34,55549.035
52676.44,55452.49,48642.200000000004,55656.42
52116.73000000001,55495.637,48207.26999999999,55723.133
51692.22000000001,55531.953,47567.73,55789.445
51362.26,55522.754,47447.83,55800.777
50667.22,55503.098,46942.54,55785.414
50277.21,55474.492,46633.05,55741.02
49970.07000000001,55469.035,46401.26,55707.863
49665.64000000001,55480.832,46195.93,55677.32
49844.29,55514.69,46016.87,55655.355
49553.66000000001,55548.496,46634.49,55625.652
49562.59,55731.8,46541.91,55720.56
50151.86,55908.22,46662.28,55828.035
51414.59,56115.04,46844.31,55974.496
52102.219999999994,56362.96,47934.65000000001,56160.094
52882.47,56809.523,48697.09999999999,56513.492
53572.22,57261.89,49650.159999999996,56891.43
53879.29,57725.016,50695.56,57294.02
53853.86,58081.477,51903.99999999999,57610.07
54325.17,58424.777,52349.78,57920.688
54526.98999999999,58671.598,52426.119999999995,58157.406
54496.97,58918.5,52648.82,58399.215
54462.37,59004.203,53096.33999999999,58499.047
54334.9,59064.62,52981.91,58581.32
54308.31,59052.367,53045.38,58601.918
53966.95,58973.695,52707.03,58569.086
53353.26,58740.453,52605.84,58404.02
53122.09,58469.26,52161.16,58205.234
52552.26000000001,58100.64,51854.46,57921.652
52182.77999999999,57738.816,51149.24999999999,57642.516
51523.34,57215.227,50926.2,57227.668
50628.74,56695.375,50040.41000000001,56794.99
50263.8,56133.27,49330.49999999999,56318.477
49897.0,55547.438,48925.32000000001,55821.69
49509.70999999999,54916.215,48402.12,55297.03
49149.21000000001,54301.33,48262.68,54755.637
49202.79,53702.215,48231.93,54224.883
49904.49,53152.152,48552.59,53737.668
49372.37,52762.355,48836.880000000005,53493.254
48376.52,52342.69,48225.64,53073.348
47863.50000000001,51836.61,47524.35,52564.895
46781.48,51186.746,47211.26,51934.887
45932.38,50472.69,46296.56,51276.723
45012.2,49642.26,45411.16,50500.41
44607.99,48823.15,44909.83,49747.594
43660.75,48018.008,43967.5,49017.43
43079.49,47261.297,43331.98,48346.47
42752.15,46419.004,43487.44,47577.78
42001.34,45656.418,42871.9,46876.15
41090.24,44997.625,42413.72,46249.96
40462.07,45222.66,41684.33,46463.598
40219.82,44973.707,41278.32,46206.887
40152.73,44647.348,40963.07,45858.688
39543.25,44366.996,40626.37,45540.0
39386.47,44231.766,40373.15,45287.523
39334.33,44049.715,40063.59,44997.53
39250.07,43966.875,39808.5,44803.04
39184.24,43965.77,39859.5,44695.105
39395.38,44137.008,40212.26,44688.62
39786.08,44331.383,40318.42,44723.844
39713.98,44639.02,40275.35,44893.184
40260.13,45071.29,39971.13,45193.87
40758.76,45679.957,40629.16,45616.645
41269.16,46342.047,41065.13,46126.883
41693.67,47044.895,41320.28,46720.92
43110.23,47738.883,41440.39,47364.12
43347.97,48625.27,42375.37,48146.82
43787.99,49582.855,42749.95,49024.734
43916.07,50337.836,43018.66,49813.617
45226.24,50974.754,43234.87,50556.805
45887.53,51709.03,43894.42,51367.008
46494.0,52469.15,44596.65,52218.168
47406.75,53109.355,45464.96,52992.555
49017.75,53649.09,46438.86,53692.81
50014.26,54052.445,47795.47,54416.445
51037.01,54600.49,48202.83,55082.82
52098.64,55164.957,49311.39,55790.74
52909.72,55708.926,50002.280000000006,56451.188
53370.43,56612.066,50994.439999999995,57329.023
53878.04,57351.15,51174.89000000001,58102.95
54066.939999999995,57954.453,52028.39,58773.242
54060.55,58440.715,52625.07,59333.637
54361.11,59136.168,53198.0,60041.598
54794.060000000005,59588.715,53840.98999999999,60584.57
55361.9,59957.785,54314.11,61051.35
55454.26000000001,60268.152,54482.36,61463.188
55375.54,60860.766,53647.97,62109.715
55268.12,61216.363,53341.87,62564.715
55604.38999999999,61419.504,53536.530000000006,62875.836
56518.520000000004,61510.168,53373.73,63074.258
57086.43,61874.453,53166.16,63502.2
57648.67,62216.453,53509.58,63878.066
57805.259999999995,62523.0,53799.89,64198.797
57896.229999999996,62813.1,54040.52,64488.99
57707.9,63199.67,54199.29,64892.047
57614.22,63425.684,54277.26,65131.805
57182.92,63528.71,54002.93,65260.543
57042.23,63574.617,54077.67,65327.043
56747.10999999999,63614.418,53388.99,65442.105
56341.03999999999,63560.156,52681.31999999999,65431.035
56148.69,63462.445,52248.34,65361.9
56056.52999999999,63335.81,52291.84,65256.863
55837.670000000006,63261.15,52711.100000000006,65237.492
55624.91999999999,63157.266,52495.28,65130.72
55809.64,63048.656,52220.94,64994.67
55855.79,62959.402,52298.16,64853.8
55446.719999999994,62894.87,52820.61,64745.83
55094.79,62851.07,52612.39,64613.6
55247.229999999996,62794.68,52653.63,64476.97
55545.01000000001,62751.633,52790.47,64363.457
55953.159999999996,62673.1,53410.58,64250.15
57011.75,62682.207,53870.66999999999,64217.574
57994.20999999999,62749.78,54648.57,64260.355
58627.87,62932.754,55897.18,64420.277
58751.75,62996.445,57720.63,64491.066
58799.57,63120.117,58340.33000000001,64633.344
58781.27999999999,63183.133,58514.81,64745.777
58790.23,63198.98,58512.89,64830.26
58646.0,62961.48,58888.11,64677.49
58581.18,62782.15,58674.88,64591.465
58077.8,62573.844,58449.51,64486.188
57133.700000000004,62369.7,58244.14,64380.465
56376.47,61871.516,57671.7,63982.215
55826.48,61373.81,56982.32,63611.89
55185.119999999995,60856.87,56746.04,63218.215
54195.34,60359.926,56307.12,62833.84
53034.62,59614.465,55191.51,62173.492
52322.24,58909.777,54233.36,61569.477
51658.7,58176.902,53473.14,60938.02
51399.75,57499.58,52937.33,60336.516
50663.86000000001,56619.13,52377.87000000001,59500.047
49911.58,55888.484,52039.83,58802.04
49834.53999999999,55179.52,51803.86,58116.016
50050.58,54506.04,51524.9,57456.773
49562.50000000001,53807.562,51596.25,56794.88
48709.350000000006,53155.684,50922.87,56111.918
47687.27,52524.688,50169.18,55468.324
46235.6,51851.066,49606.21,54786.836
44882.59,50970.113,48913.1,53918.258
44102.42,50029.035,47648.84,53031.895
43642.44,49104.273,46750.3,52177.797
41827.01,48295.395,46214.91,51408.484
