actual_mw_step1,predicted_mw_step1
56848.92,54898.305
58169.76999999999,56696.395
59389.38,58270.49
60438.76,59801.145
61782.719999999994,60981.586
62281.93,61903.805
62211.600000000006,62690.83
62799.98999999999,63144.508
63334.2,63378.277
63584.36,63523.348
63675.02,63705.062
64128.31999999999,64151.176
64361.62,64455.176
64606.920000000006,64752.145
65290.04000000001,65041.184
65751.53,65549.36
66221.79,65891.37
66640.59,66215.49
67701.31,66440.32
67995.71,66859.25
68193.59,67107.414
68036.12,67285.76
67448.55,67282.47
67066.75,67391.01
66935.12,67185.27
66872.5,66869.28
67045.83,66535.84
66813.48,66405.234
66399.16,66171.75
66095.85,65968.56
66086.65,65697.3
65938.28,65529.523
65462.38999999999,65230.88
64985.73999999999,64946.08
64624.65,64585.895
64291.08,64272.91
63937.55999999999,63851.656
63498.84,63424.824
63316.87,63052.145
62769.86,62733.258
63015.31,62426.793
62894.85999999999,62170.938
62655.68,62044.465
62613.42,62000.145
62665.94,61953.883
62925.71,61938.68
62446.66,61960.824
62155.26,61921.77
62218.64,61839.953
62265.91999999999,61665.793
61875.85,61525.207
61176.810000000005,61240.004
61165.00000000001,60958.39
60744.01,60597.062
60194.68,60238.33
59134.34,59690.47
58534.5,59215.297
57937.86,58666.727
57098.08999999999,58094.19
56478.29000000001,57325.64
56144.43,56624.48
55985.92,55909.58
55741.649999999994,55221.793
54939.24999999999,54344.242
53766.16999999999,53632.418
52587.70999999999,52856.848
51512.43,51972.594
50367.01,51038.875
49631.91,50018.945
48806.58,49055.598
47812.52999999999,48237.207
47384.15,47371.703
46765.35,46691.184
46490.39,46175.17
45696.63,45805.793
45563.31,45406.254
45122.56,45085.156
44890.48,44807.64
44352.46,44571.29
44333.34,44319.035
44119.5,44046.645
44319.53,43817.344
44422.4,43663.83
44389.48,43592.42
44518.26,43662.973
44772.76,43811.27
44945.25,44031.77
45107.08,44446.906
45429.45,45000.48
45916.97,45669.207
46838.53,46451.06
47259.31,47507.445
47852.399999999994,48681.906
49319.66,49888.523
52569.76,51059.004
54610.91,52499.668
56238.55,54198.83
57651.64,55953.156
59135.97,57453.176
60406.62,58835.76
61342.09,59957.84
62175.49,60884.14
62401.85,61621.81
62610.06,61992.273
63076.96,62285.375
63467.84,62468.766
63394.48,62667.74
63779.25,63138.48
64260.84,63490.375
64844.71,63819.246
64429.93,64175.9
64246.05,64800.258
64594.36,65126.89
65021.119999999995,65245.438
65193.29,65312.89
65779.55,65609.76
66253.13,65653.03
66525.64,65618.99
66166.18,65536.49
66034.78,65617.62
66089.29,65429.57
66123.28,65168.176
66061.6,64917.18
65994.02,64888.09
65935.53,64740.3
65539.83,64558.652
65223.34,64362.902
65194.81,64289.707
64990.36,64037.453
64857.03,63764.277
64863.32,63457.11
64652.73000000001,63265.027
64036.66999999999,63025.957
63281.85,62794.043
62769.89,62495.367
62218.73,62184.965
61899.85,61839.367
61675.19,61541.145
61731.969999999994,61306.19
61679.58000000001,61124.062
62041.69,61048.887
62037.26,61054.05
61804.34,61150.207
61540.77,61155.895
61551.67,61132.76
61590.5,61025.715
61472.89000000001,60906.668
60585.89,60621.484
60469.46,60372.543
60090.83,60022.535
59582.51000000001,59651.305
58864.49,59120.8
58080.45,58671.867
57311.16000000001,58208.48
56766.2,57702.66
56180.34,56922.426
55801.63,56259.723
55806.59,55607.72
54934.59,54983.98
54237.96,54173.37
53196.05,53433.883
52254.64,52613.152
50966.18,51719.863
49833.270000000004,50812.047
49148.15,49769.363
48637.54,48780.754
47831.22,47941.01
47180.08,47091.832
47020.32,46483.574
46831.38,46004.86
46204.49,45695.445
45839.99,45382.668
45414.82,45156.562
45201.2,44936.367
44649.48,44712.734
44772.9,44464.055
44530.78,44272.176
44623.28,44117.934
44743.05,44028.035
44764.16,43988.01
44607.03,44074.508
44730.81,44238.484
45040.17,44448.664
45397.88,44802.754
45860.06,45324.934
46093.46,46015.6
47465.42,46857.156
47924.48,47950.164
48681.77,49200.438
49925.31,50514.33
52589.91,51795.094
54311.51,53348.305
55958.31,55016.715
57413.87999999999,56641.766
58815.97000000001,58027.688
59966.57,59403.35
60783.37,60513.03
61598.07,61414.043
62613.53,62114.285
63032.47,62444.223
63216.26,62824.3
63497.26,63154.344
63305.93,63386.508
63779.67,63831.81
64568.0,64080.457
65159.74,64303.57
65466.28999999999,64614.3
65644.16,65237.176
66276.79,65621.94
66614.77,65896.6
67006.54,66110.24
67265.44,66556.695
67531.57,66722.44
67472.12,66763.29
67382.19,66724.414
67082.72,66826.59
67008.61,66657.93
66844.03,66420.57
66886.61,66162.88
66434.71,66121.03
66059.8,65944.88
65562.16,65713.51
65516.11000000001,65415.918
65321.6,65233.918
64906.42,64921.86
64485.77,64621.598
64460.7,64264.574
64182.1,63981.582
63736.36,63631.133
63216.13999999999,63315.543
63004.18,63001.113
62746.26,62715.824
62503.5,62421.37
62214.90000000001,62208.492
62560.76,62080.63
62363.69,61965.723
62153.12,61950.734
62290.59,61995.543
62092.39,62005.17
61738.56,61882.414
61806.780000000006,61758.918
61931.96,61570.582
61699.409999999996,61374.79
61038.11,61019.15
60488.64000000001,60711.117
60185.83,60348.082
59633.59,59938.793
58880.97,59304.4
58248.86,58792.582
57426.39,58273.695
56830.94,57743.055
56439.87,56930.52
55799.93,56234.74
55351.619999999995,55583.31
54731.36,54931.48
54129.77,54000.133
53087.93,53174.7
52054.9,52329.15
51198.92,51431.85
50259.24,50530.344
49492.33,49579.855
48570.94,48745.32
47792.13999999999,48043.664
47324.83,47247.082
47117.66,46652.754
46689.1,46217.83
46228.46,45949.332
45856.19,45615.37
45422.59,45353.473
45367.86,45107.785
44799.4,44860.562
44748.72,44649.895
44613.58,44518.977
44525.82,44387.188
45080.77,44316.047
44941.12,44290.473
44858.92,44421.473
44936.67,44641.92
45734.86,44899.875
45988.63,45301.49
46273.41,45913.957
46747.81,46687.125
47880.229999999996,47531.11
48325.55,48606.305
48904.26,49787.316
50304.9,50993.414
52932.09,52114.61
54839.30000000001,53532.277
56481.12,55098.945
57773.55,56663.645
59405.91,58036.504
60145.42,59387.48
61358.7,60532.8
62222.55,61462.824
63212.99,62226.91
64007.18,62706.89
64358.6,63149.41
65040.01000000001,63631.934
64814.84,64053.734
65038.33,64642.027
65732.99,64993.617
66206.05,65188.93
66619.25,65377.812
66899.25,65775.01
67154.78,65963.36
67379.09,66064.53
67421.6,66097.98
67499.67,66330.195
67817.94,66327.52
67791.99,66225.055
67357.85,66098.164
66860.88,66151.63
66707.4,65937.375
66169.55,65616.305
65780.4,65278.25
65151.869999999995,65090.45
64938.78,64718.684
64404.12999999999,64309.54
64073.59,63895.746
64032.45,63672.094
64421.66,63360.266
63677.46,63101.6
63774.479999999996,62931.62
63960.14,62880.26
63765.46,62751.92
63063.36,62701.746
63102.21,62671.508
62739.21,62583.48
62204.73,62409.39
61855.32,62251.01
62037.85,62052.05
61851.86,61795.363
61693.52,61574.996
61830.21,61439.996
61661.71000000001,61290.402
60859.39,61039.246
60551.75,60795.484
60359.83000000001,60465.81
60214.10999999999,60102.57
59310.399999999994,59576.625
58893.93,59139.562
58421.950000000004,58668.117
57589.31,58156.82
56687.57,57449.234
55777.23,56804.8
55186.01,56117.918
54624.66,55432.008
54162.92,54550.51
53736.76,53851.48
53367.46,53229.523
52720.54,52680.07
51976.67,51923.58
50853.6,51275.863
49938.799999999996,50597.062
49038.36,49848.39
48655.24,49135.8
47994.16,48305.25
47232.01,47553.32
46359.04,46899.473
45783.44,46113.04
45224.59,45435.773
44727.43,44871.773
43990.0,44410.875
43501.24,43896.37
43157.74,43484.77
43151.45,43132.6
42349.21,42872.02
42303.05,42361.605
41954.76,41959.074
42138.36,41699.2
42229.9,41564.164
42020.24,41490.34
41765.36,41488.75
41919.75,41484.453
41908.46,41455.96
41813.15,41491.758
41733.95,41569.527
41801.71,41677.47
41889.35,41774.457
41654.8,42020.355
41287.91,42283.75
41783.54,42546.53
42491.75,42797.348
43194.31,43335.402
43814.94,44025.004
44585.42,44793.58
45505.2,45580.76
46119.9,46524.496
47079.29,47445.5
47913.19,48301.97
48804.670000000006,49097.656
49579.11000000001,49819.523
50299.18,50458.047
50974.26000000001,51098.88
52129.7,51710.473
52672.41,52415.15
53277.1,53077.633
53904.63,53640.797
54380.22,54039.77
54727.75,54465.32
55210.86,54722.74
55345.85,54852.477
55424.58,54891.043
56255.03,55011.594
56693.91000000001,54970.918
56227.76,54936.68
55366.95,54909.54
55015.73,54922.332
54503.77,54659.39
54120.89000000001,54278.05
53147.28,53850.82
52667.219999999994,53548.99
52726.93,53122.195
51884.01,52666.86
51090.44000000001,52302.973
50735.22,52013.14
50571.32,51614.43
49889.85,51227.01
50160.02,50915.34
50647.57,50677.793
50397.89,50498.51
50071.52,50461.723
50306.65,50466.55
50243.5,50452.945
49856.99999999999,50452.63
49796.719999999994,50469.188
50569.39,50449.133
50459.469999999994,50389.668
50128.05,50441.734
50452.57000000001,50522.082
51195.79,50502.4
51499.66,50388.688
51282.71,50393.04
51077.32,50480.023
51170.89000000001,50514.953
50536.29,50327.727
50252.35,50151.895
49897.71,49914.4
49216.42,49613.36
48529.63,49175.9
47928.04,48743.004
47210.26,48288.742
46947.17,47814.074
46657.38,47195.02
46592.61,46690.613
46854.06,46273.07
46802.38,45938.56
46412.5,45512.74
45405.45,45209.566
44866.66,44854.016
44085.9,44398.168
43496.13,43939.22
42969.64,43350.555
42134.93,42737.97
41204.11,42152.92
40529.02,41452.85
39979.93,40793.934
39425.02,40216.18
38324.94,39735.773
37758.49,39218.66
37412.23,38691.83
37152.5,38189.074
36545.78,37789.098
36317.23,37412.887
36113.86,37041.887
35877.3,36725.87
35977.0,36478.27
36012.97,36237.098
36052.87,36013.984
35901.53,35849.867
35672.36,35740.113
35616.24,35651.15
35781.55,35518.18
35051.69,35403.188
35394.21,35333.04
35790.56,35286.117
35578.06,35222.914
35915.87,35317.074
36396.82,35489.957
36552.85,35886.42
36994.74,36398.188
37324.12,36932.766
37486.23,37466.504
38008.54,38118.074
38730.92,38702.637
39209.04,39257.62
40332.28,39825.02
41298.05,40371.402
42090.94,41060.09
42813.57,41738.95
43456.25,42394.125
44266.34,43202.82
45176.26,43974.027
45764.89,44735.59
46691.66,45508.652
46809.16,46387.0
47255.56,47156.566
47931.82,47749.934
48581.85,48140.016
49150.18,48555.766
49577.72,48810.51
49433.47,48898.07
49414.08,48813.723
48780.71,48710.094
48322.50000000001,48447.742
48132.83,48072.86
47766.1,47629.96
47085.15,47322.402
46868.35,47011.312
46410.16,46692.594
45748.11,46390.78
45647.71,46223.95
45568.93,46014.055
45543.64,45809.875
45438.82,45637.24
45310.14,45603.074
45080.3,45618.312
45152.51,45634.98
44920.54,45642.242
45137.05,45741.69
45729.85,45863.48
45822.59,46019.45
46068.3,46287.934
45618.83,46619.742
45895.99,46944.39
46551.97,47157.61
47323.8,47327.715
47536.13,47511.45
47677.05,47771.74
48028.55,48026.656
47951.03,48237.008
47550.85,48327.047
47388.02,48404.527
47298.41,48410.984
47442.47,48392.242
47239.23,48269.16
46816.58,48284.707
46340.82,48333.03
46681.25,48323.33
46460.22,48066.152
46646.86,47923.83
47406.27,47790.62
47495.96,47639.523
46885.22,47327.887
46286.75,47059.977
45630.14,46635.02
44843.66,46064.336
43985.71,45353.984
43213.69,44524.73
42574.92,43732.586
42098.86,43010.06
41564.24,42228.746
41129.48,41617.605
40601.55,41161.16
39823.74,40806.31
39454.38,40373.387
39075.84,39941.324
38913.36,39537.38
38879.77,39190.617
38878.98,39076.39
39161.44,38921.26
38994.79,38750.582
39217.31,38680.85
39313.75,38697.168
39283.5,38774.73
39351.93,38952.64
40185.72,39200.82
40627.91,39614.367
41250.99,40239.42
41955.67,41114.535
43462.64,42144.355
44106.09,43537.402
44713.51,45118.168
46337.92,46733.543
50010.07000000001,48250.918
52187.37,49996.336
53865.27999999999,51996.67
55400.05,54015.094
57111.689999999995,55726.75
58445.98000000001,57334.914
59544.07,58649.367
60575.91,59755.125
61338.18,60651.523
62089.64,61193.79
62451.39,61714.29
62879.829999999994,62155.336
62577.36,62526.176
62895.13,63096.29
63474.22,63453.43
64107.86,63755.67
64826.82,64091.418
65074.409999999996,64719.49
65416.0,65212.43
65999.13,65561.26
66225.23,65784.6
66640.52,66213.06
67202.49,66390.0
67250.93,66417.875
66535.47,66382.11
66174.26,66523.9
66263.24,66324.37
66204.05,65979.4
66103.71,65657.38
65696.8,65555.49
65098.87,65325.973
64909.82,65020.83
64505.36,64622.08
64575.51000000001,64359.355
63891.700000000004,63995.906
63599.36,63649.62
63930.75,63215.418
63235.490000000005,62867.684
62740.22,62538.867
62285.66,62213.35
62128.39,61840.004
61749.56,61498.324
61583.96,61215.684
61539.32,60996.273
61851.19,60867.11
61634.71,60777.875
61528.19,60792.188
61514.46,60840.043
61275.37999999999,60896.64
60817.80000000001,60824.855
60782.62,60755.387
61063.259999999995,60581.367
60867.41000000001,60399.707
60154.57,60102.285
59883.79,59860.977
59671.93,59544.875
59019.68,59212.156
58220.94000000001,58698.99
57644.3,58263.83
56626.670000000006,57774.867
56227.48,57262.1
55813.97,56470.527
55433.74,55760.156
55337.64000000001,55087.562
54821.100000000006,54448.98
54233.04,53604.863
52978.28,52835.535
51967.94999999999,52006.21
50775.28,51085.766
49808.06999999999,50134.246
49121.93,49087.285
48127.83000000001,48150.18
46594.17,47390.066
45848.95,46574.45
45583.57,45866.85
45328.89,45245.91
44485.41,44813.66
43940.56,44416.668
43657.17,44091.816
43538.37,43767.766
42353.7,43495.645
42470.72,43205.87
42335.7,42805.918
42450.91,42439.91
42864.15,42215.465
42917.75,42132.562
42763.94,42226.637
42940.62,42441.55
43371.7,42700.535
43613.97,43126.625
44282.15,43725.535
44991.52,44497.766
46451.14,45418.457
46683.56,46660.73
47620.1,48088.71
49193.73,49490.582
52245.899999999994,50793.785
54231.81999999999,52377.47
55508.18,54131.53
56798.54000000001,55889.617
58992.04,57356.72
60138.65,58720.605
61508.71,59966.164
62252.619999999995,61068.543
63339.63,61978.547
64036.26,62497.17
64325.74999999999,62994.336
64707.51000000001,63444.348
64639.89,63797.023
65273.63,64365.527
65877.19,64743.824
66541.77,65093.344
66782.06,65475.55
66965.04,66160.305
67248.83,66608.46
67548.87,66913.09
67732.6,67110.51
67503.03,67501.664
67522.86,67622.34
67603.55,67547.92
67351.81,67330.805
66625.81,67279.12
66579.92,66994.734
66660.42,66604.36
66446.18,66192.61
66294.6,66058.836
65781.91,65808.95
65363.62999999999,65535.332
65236.23,65200.09
65412.85,64958.56
65209.56,64601.83
65122.84,64287.023
64726.83,63978.37
64763.06,63769.492
64047.649999999994,63438.11
63587.829999999994,63124.37
63032.72,62771.523
62679.61,62441.785
62421.25,62079.797
62259.719999999994,61792.32
62224.47,61587.29
61959.89,61429.438
61890.88999999999,61344.137
61994.68000000001,61302.203
61711.62,61299.004
61481.62,61227.215
61418.17,61164.863
61541.38,61040.37
61407.67,60910.902
60769.34,60631.45
60246.29000000001,60380.58
59994.63,60071.703
59283.18,59711.656
58601.87,59148.855
58045.51000000001,58644.504
57188.94999999999,58128.23
56383.8,57611.016
56141.95,56847.7
56115.99999999999,56129.906
55581.96,55456.945
55046.25000000001,54880.008
54303.44999999999,54042.484
53532.02,53254.61
52330.22000000001,52404.117
51408.28,51511.188
50299.66,50602.36
49367.23,49593.86
48738.19000000001,48680.38
47301.69,47864.953
46817.35,47009.53
46452.56,46307.344
45987.85,45740.32
45508.45,45357.445
45151.51,44922.137
44998.54,44594.297
44638.85,44323.72
44031.32,44120.395
43755.49,43869.945
43319.34,43583.758
43319.77,43298.027
43485.49,43047.727
43665.11,42871.03
43378.51,42842.94
43668.76,42950.26
44342.17,43120.914
44812.22,43458.38
44912.76,44032.117
45395.98,44829.547
46530.16,45710.477
46884.01,46840.36
47525.06,48113.652
48727.23999999999,49379.234
51833.46,50576.133
53743.92999999999,52032.523
55099.48,53674.4
56395.55000000001,55341.703
57841.81999999999,56723.04
58733.24,58021.094
60028.939999999995,59082.94
60619.99,59915.22
61799.96,60607.406
62493.579999999994,60984.062
63146.37,61368.01
63566.86000000001,61755.047
63298.04000000001,62135.5
63597.96,62714.72
64353.590000000004,63089.496
64878.53,63394.793
64960.76999999999,63769.19
65210.11,64418.176
65573.99,64828.4
65887.12,65111.71
65954.31,65327.105
66365.53,65716.805
66425.18,65841.83
66072.7,65856.805
65668.0,65755.97
65659.7,65713.64
65690.66,65406.133
65581.24,65057.527
65876.32,64745.59
65642.28,64645.273
65237.23999999999,64478.305
64657.329999999994,64302.336
64548.45,64041.47
64370.22,63863.797
64015.23999999999,63546.883
63638.65,63229.797
64072.67,62870.387
63973.09,62594.43
63321.079999999994,62309.98
62592.67,62066.098
62355.619999999995,61751.04
61874.11,61403.895
61645.16,61055.246
61570.98999999999,60766.37
61844.67,60557.844
61524.51,60434.24
61298.47,60418.28
61417.67999999999,60450.902
61408.12,60463.94
61199.86,60402.777
60824.65,60372.88
60846.87,60311.11
60411.83,60181.17
59818.64,59869.035
59638.73,59554.062
59351.53999999999,59186.156
58942.479999999996,58839.895
58113.369999999995,58359.76
57388.420000000006,57970.543
56594.84999999999,57548.016
56075.20999999999,57074.11
55899.89000000001,56360.85
55795.13,55739.008
55662.939999999995,55184.863
55073.9,54701.273
54398.45,53971.95
53328.09,53304.77
52051.25,52560.773
50972.80999999999,51720.36
49849.24,50809.88
49149.86,49746.207
48398.18,48759.83
47470.47,47917.69
47060.99,47023.477
46432.64,46330.844
45868.42,45830.133
45333.24,45466.402
45045.2,45010.707
45080.15,44647.105
44640.91,44354.62
44081.52,44161.934
44193.96,43940.58
44047.04,43750.285
43969.7,43594.125
44242.64,43517.02
44135.58,43483.547
44170.83,43564.168
44583.39,43702.836
44707.41,43910.89
44765.36,44336.125
45174.6,44910.453
45601.34,45576.426
46819.05,46365.777
47211.12,47487.215
47827.32,48748.27
49241.08,50044.42
51966.01,51276.445
53577.2,52801.38
55136.19000000001,54479.875
56673.47,56099.168
58203.06,57464.098
59350.14,58816.84
60383.62,59943.254
61352.57000000001,60869.777
62187.31999999999,61608.016
62826.4,61997.973
63377.63,62407.164
63634.45,62762.902
63329.93,63099.973
63647.5,63575.19
64142.74999999999,63859.6
64538.01,64104.984
64386.59999999999,64390.66
64843.27,64932.645
65177.25,65218.35
65975.47,65426.46
66397.72,65585.54
66997.01,65994.914
67534.52,66185.9
67798.84,66286.17
67081.91,66332.79
66488.06,66524.54
66421.55,66375.05
66280.57,66060.37
66426.05,65741.8
66413.64,65676.055
66134.74,65501.242
65634.91,65333.277
65477.23,65120.06
65789.75,65003.633
65517.09,64723.258
65009.8,64484.527
65143.49,64231.484
64535.15,64028.418
64308.74,63751.652
63768.02,63429.48
63508.20999999999,63094.613
62892.99,62823.406
62501.79,62526.555
62484.530000000006,62262.21
62859.549999999996,62036.09
63007.46,61903.492
62864.12000000001,61885.438
62719.47,61980.383
62480.44,62085.61
61997.94,62038.28
62310.71000000001,61932.59
62553.71,61747.57
62298.340000000004,61598.76
61631.73,61333.996
61303.7,61071.133
61011.19,60698.47
60116.23000000001,60316.027
59194.01,59765.527
58375.26,59273.99
57942.27,58722.797
57411.91999999999,58129.402
56724.48,57328.07
56832.18,56707.914
56409.02,56087.77
55507.53,55522.36
54596.84,54715.246
53508.39,53957.367
52387.21,53105.074
51234.58000000001,52164.79
50327.78,51222.004
49462.68,50166.37
48647.55,49207.81
47945.22,48380.383
47336.45,47483.383
47008.64,46828.895
46496.74,46345.797
45878.63,46005.016
45508.96,45610.58
45114.43,45284.145
45097.08,44995.473
44574.41,44730.875
44468.47,44492.566
44402.54,44354.03
44307.47,44219.3
44688.22,44144.297
44478.06,44142.14
44493.75,44248.293
44492.46,44408.52
44849.71,44620.86
45180.88,44997.902
45613.87,45498.836
45996.78,46149.945
46961.83,46948.93
47451.97,48036.883
48271.06,49198.965
49435.87,50377.527
52247.66,51553.066
53915.44000000001,53012.773
55546.6,54602.492
56864.26,56172.734
58509.17,57529.05
59443.03,58910.668
59940.62,60043.33
61425.15,60999.645
62606.16,61698.152
63031.99,62189.652
63180.51999999999,62699.008
63367.12000000001,63162.66
63149.87,63508.38
63642.49999999999,63951.133
64611.6,64149.207
64967.32,64302.1
65194.29,64518.45
65467.58,64951.875
65949.53,65132.004
66471.92,65202.824
66259.33,65228.406
66659.12,65485.75
67027.79,65483.04
67286.65,65406.887
66732.86,65312.69
66442.52,65410.445
66073.7,65223.824
65859.23,64935.09
65612.88,64584.176
65261.89,64404.242
64752.46,64087.414
64232.76,63755.945
64187.41000000001,63401.93
63890.71,63155.426
63481.75,62855.504
62770.21,62602.402
62384.13,62331.543
62141.37999999999,62118.35
61883.07,61818.684
61468.079999999994,61552.75
61670.05,61296.293
61258.850000000006,61072.266
60556.92999999999,60884.254
60026.64000000001,60721.45
59757.87,60497.17
59793.75,60191.29
60066.27,59887.22
60045.82,59653.71
60101.810000000005,59520.926
59623.659999999996,59298.938
59612.09999999999,59116.7
59393.1,58894.535
58923.67,58679.617
58262.58,58296.273
57599.07,57913.324
57114.71,57474.176
56352.02,56990.07
55305.329999999994,56311.715
54547.57,55685.78
54062.97,55013.156
53500.74,54334.652
53131.03999999999,53514.887
52809.67,52862.57
52692.51000000001,52295.395
52312.18,51792.035
51740.23000000001,51100.16
50750.60999999999,50529.32
49971.689999999995,49941.625
49299.01,49276.457
48422.81,48662.87
47442.91,47939.953
46841.19,47203.758
46241.89,46462.152
45780.39,45602.992
45024.38,44931.49
44645.99,44416.76
44117.76,43990.105
43299.93,43513.08
43009.38,43156.15
42480.21,42849.902
41639.38,42595.773
41006.39,42040.188
40739.37,41555.492
40688.16,41158.414
40028.53,40874.484
39881.32,40677.22
39752.85,40461.043
39757.94,40244.523
39359.5,40105.227
39341.62,40048.445
39407.5,39999.195
39402.27,39974.914
39804.18,40031.883
39420.76,40250.91
39120.46,40530.496
39356.96,40809.094
40516.73,41077.363
41113.86,41591.004
42010.27,42295.375
42773.2,43109.19
43590.3,43961.457
44387.82,44956.17
45689.74,45865.266
46633.13,46708.293
47830.87,47542.074
48921.13,48337.176
49820.97,49057.875
50739.65,49828.21
51260.14000000001,50561.75
51854.76,51342.113
52736.770000000004,51972.867
53087.829999999994,52474.008
53653.990000000005,52895.38
54059.16,53333.934
54283.840000000004,53599.363
54872.21000000001,53751.754
54781.63,53781.105
55117.19999999999,53933.23
55461.850000000006,53970.484
55849.99,53937.688
55562.82,53844.133
55469.32,53879.89
55619.509999999995,53797.625
55208.07,53633.848
54584.75,53478.45
53801.32000000001,53415.94
52894.079999999994,53200.87
52473.34999999999,52897.27
51763.71,52466.246
51178.61,52111.79
50882.25000000001,51738.125
50727.24999999999,51350.176
51010.80000000001,51006.074
51028.57000000001,50837.42
50964.880000000005,50753.562
50824.30999999999,50747.09
51045.4,50753.016
50824.76,50784.168
50416.66,50806.668
50142.990000000005,50808.25
49845.18000000001,50745.855
49871.71,50670.535
50144.33,50550.77
50491.66,50407.22
51822.32,50326.78
52020.56,50246.336
51560.46000000001,50356.11
51237.16,50526.195
51236.83,50567.18
50739.62999999999,50355.027
50493.51,50114.38
50569.68000000001,49846.184
49894.18,49571.188
48573.08,49182.355
47739.64,48827.418
47991.950000000004,48337.05
47487.26,47795.625
47352.49,47225.305
47991.65,46791.406
48039.9,46450.383
47657.78,46249.0
46789.64,45945.57
46387.24,45667.438
45920.04,45275.223
44504.37,44833.812
43849.58,44465.03
43279.2,43858.59
42721.17,43186.04
41512.2,42566.426
40937.97,41875.645
40320.04,41214.652
39519.77,40611.293
39027.44,40094.67
38505.45,39498.734
37797.68,38971.74
37484.89,38549.92
37091.86,38165.867
37210.64,37750.367
36747.66,37358.47
36897.15,37083.1
36551.82,36858.547
36600.23,36663.016
36319.65,36470.863
36408.57,36305.08
36119.42,36152.656
36057.08,36011.46
36332.38,35870.81
36215.93,35757.047
36444.27,35698.465
36176.8,35790.17
36159.65,35916.906
36034.32,36035.098
36382.78,36180.44
36415.4,36522.055
36939.56,36904.355
37312.22,37328.605
38011.76,37782.62
38497.48,38388.938
38777.04,39015.555
39537.02,39636.656
40235.27,40188.195
41442.98,40747.43
42189.78,41428.207
43041.76,42083.4
43579.14,42740.098
44042.05,43526.875
44540.35,44285.785
45035.15,44988.5
45620.17,45628.285
46511.83,46387.2
47180.03,47031.426
47823.92,47607.67
48393.78999999999,48102.91
49000.05,48610.883
49742.979999999996,48898.668
49809.87000000001,48992.598
50104.79,48942.863
49550.950000000004,48892.996
49260.47000000001,48709.25
49032.54,48419.688
48514.96,48064.664
48080.39,47850.504
47533.83,47584.684
47369.36,47296.38
46750.95,46996.05
46709.59,46816.902
46407.83,46637.637
45807.49,46466.66
45595.28,46314.63
45633.19,46228.35
45262.44,46109.652
45016.48,46029.457
45115.86,45979.75
44962.2,45976.234
45206.81,46027.48
45369.58,46122.07
45705.17,46260.348
45842.04,46423.383
45750.13,46628.684
45831.91,46849.113
46615.61,47033.168
47125.93,47122.152
47026.41,47302.305
46934.66,47549.207
47719.27,47751.727
47700.24,47738.266
47697.85,47824.066
47459.55,47975.547
47697.06,48128.05
47498.83,48101.086
47258.72,48135.24
46623.3,48187.758
46519.17,48222.98
46551.25,48023.684
47190.19,47826.02
47643.16,47669.816
47826.3,47592.453
47325.68,47341.21
46624.92,47097.016
45609.2,46737.934
44997.77,46224.793
44477.54,45515.35
43597.07,44666.03
42950.47,43901.793
42244.1,43218.97
41891.96,42456.36
41664.76,41825.21
41107.26,41330.367
40520.22,40971.055
40176.68,40556.684
39786.61,40154.996
39157.3,39790.926
38711.19,39471.207
38793.28,39331.418
38652.81,39043.215
38508.72,38746.383
38968.59,38530.566
39013.73,38377.52
39039.26,38371.43
38910.25,38496.785
39870.51,38709.254
40200.01,39065.418
40710.66,39642.832
41214.79,40465.727
42657.33,41436.21
43540.95,42733.71
44255.84,44203.695
45617.8,45784.48
48794.64,47321.652
51216.7,49105.027
52912.44,51044.547
54305.79,53060.04
56234.57000000001,54815.82
57470.43,56435.305
58630.00000000001,57805.65
59729.23,58953.457
60714.02999999999,59901.95
61477.17,60482.3
62047.61,61060.434
62202.55,61555.46
61817.32000000001,61998.77
62247.3,62555.71
62960.84,62886.805
63830.280000000006,63179.816
64277.42,63556.44
64218.88,64290.223
64327.61,64829.43
64696.73000000001,65164.395
64939.549999999996,65332.03
65504.4,65688.52
65946.9,65790.05
65766.76,65820.914
65511.310000000005,65786.56
65312.55,65843.27
65412.07000000001,65600.555
65907.14,65308.453
65914.07,65026.36
65517.88,65018.215
64919.73,64900.754
64493.79,64688.113
64488.100000000006,64366.61
63838.979999999996,64113.49
63649.58000000001,63771.9
63290.54,63374.348
63407.08,62949.26
63091.57000000001,62625.39
62999.89,62272.832
62746.75,61956.477
62806.619999999995,61671.13
62565.16000000001,61475.35
62261.13,61314.836
62009.29,61216.53
61887.07,61124.652
62128.38,60991.742
62098.02,60911.637
62280.09,60914.586
62135.6,60967.918
62161.39,60910.04
61889.41,60858.855
61753.22,60789.95
61446.93,60683.066
60876.27999999999,60351.324
60734.81,60047.695
60384.7,59685.035
59679.06,59339.99
58674.42,58819.355
57907.70999999999,58337.89
57381.26,57796.387
56644.47,57218.04
56639.04000000001,56431.234
56386.32,55759.645
55828.740000000005,55165.64
55500.09,54638.75
54831.409999999996,53807.117
53531.479999999996,53059.52
52753.51,52274.59
51388.53,51373.637
50596.149999999994,50457.56
49607.95,49423.18
48729.2,48492.34
47882.56,47698.527
47080.27,46830.664
46596.69,46177.215
46151.51,45667.566
45519.59,45278.15
45350.13,44856.703
45046.66,44511.965
44825.48,44244.137
44415.66,44039.477
43955.44,43771.754
43699.04,43491.477
43581.02,43212.676
43943.18,42989.957
43732.84,42852.582
43555.83,42875.473
43848.21,42977.617
44147.39,43119.684
44092.71,43459.945
44403.84,43978.53
45037.56,44624.44
46055.77,45372.754
46489.77,46479.637
47304.03,47713.477
48569.8,48965.613
51065.56,50194.02
52661.29,51697.883
54291.84,53322.297
55935.47,54920.312
57524.189999999995,56320.645
58616.59,57765.715
59556.69,59008.566
60576.15,60035.0
61428.93,60839.348
62112.75,61332.367
62608.79,61777.152
63176.87,62149.72
62990.92,62483.74
63582.54000000001,63004.812
64312.52,63376.68
64969.340000000004,63710.934
65217.38,64114.3
65494.34,64793.367
65877.28,65246.406
66215.79,65560.21
66631.28,65794.086
67134.59,66201.12
67379.59,66364.45
67554.96,66448.6
67004.49,66446.51
66537.04,66566.46
66485.59,66362.875
66466.43,66023.2
66372.12,65676.57
66207.18,65554.36
65809.15,65316.715
65456.77999999999,65053.69
65382.78,64754.75
65117.92,64573.863
64830.29,64288.137
64758.47,63984.816
64736.17999999999,63641.625
64348.530000000006,63412.87
63584.94000000001,63130.418
63313.990000000005,62816.938
62948.579999999994,62436.637
62662.43,62101.598
62560.48000000001,61777.203
62246.200000000004,61509.633
62281.44,61339.06
62065.84,61176.938
62193.11,61082.367
62135.27,61041.727
61696.52,61062.56
61419.29,61008.066
61298.58,60920.902
61471.7,60757.863
61611.72,60575.86
61207.9,60277.098
60861.71000000001,60071.934
60711.24,59837.715
59917.71,59564.434
59067.719999999994,59165.95
58295.38,58745.516
57780.159999999996,58258.06
57419.62,57746.082
57239.55000000001,57051.613
56957.350000000006,56507.75
56731.03,56037.86
55879.19,55577.164
55000.189999999995,54845.48
53673.81999999999,54141.934
52786.380000000005,53336.02
51575.65,52402.863
50706.2,51468.27
49650.38,50393.734
49144.40000000001,49400.52
48207.88,48526.43
47768.58,47611.676
47481.21,46942.285
46973.06,46440.97
46589.62,46103.613
46115.19,45719.11
45784.01,45443.16
45776.24,45205.07
45119.95,44974.48
44842.3,44749.805
44629.74,44502.68
44549.13,44225.918
44951.14,44016.2
44952.77,43892.664
44840.39,43931.86
44964.62,44067.7
45357.49,44260.785
45705.48,44622.434
46071.33,45141.38
46420.35,45816.62
47571.84,46636.38
47978.01,47742.793
48814.420000000006,48990.81
49564.37,50281.887
51827.18,51549.61
53821.27999999999,53018.184
55167.829999999994,54523.664
56583.71000000001,56077.934
58363.53,57443.027
59603.33,58780.33
60616.28999999999,59934.84
61599.509999999995,60926.387
62401.66000000001,61705.68
63193.58,62177.215
63610.94,62626.426
64041.89,63025.098
63907.23,63381.453
64325.729999999996,63852.87
64959.54,64177.797
65622.58,64483.477
65957.79,64828.41
66313.59,65400.043
66724.81,65812.92
67295.13,66125.445
67442.71,66364.13
67877.07,66801.69
68142.79,66998.18
68279.08,67072.53
67295.31,67040.87
67135.44,67148.1
67216.18,66897.69
67244.51,66531.37
66974.9,66212.79
66629.82,66146.36
66313.41,65924.16
65979.35,65639.88
65964.98,65326.406
65947.63,65162.383
65710.69,64886.4
65417.76,64631.64
65348.030000000006,64345.766
64775.240000000005,64150.168
64428.78,63858.707
64010.869999999995,63496.21
63906.55,63107.043
63368.85,62793.62
63147.149999999994,62484.086
62920.21,62219.297
62914.89000000001,62017.293
62655.17,61830.766
62603.81999999999,61708.652
62692.36000000001,61618.08
62590.049999999996,61571.504
62227.48,61453.133
62407.079999999994,61388.742
62405.04,61254.832
62292.49999999999,61127.6
61863.98,60865.66
61405.01,60633.363
61289.31,60354.12
60572.39000000001,60030.746
59941.98999999999,59579.61
59212.38,59144.27
58366.0,58675.902
57986.16000000001,58194.86
57629.56,57491.348
57369.95,56938.273
57215.740000000005,56438.906
56668.6,55968.656
55993.27999999999,55253.152
54781.46000000001,54613.15
53838.94,53890.688
52743.95,53062.258
52019.45,52224.617
51128.05,51211.79
50874.11000000001,50299.023
49720.71,49512.71
49235.33,48713.19
48863.84,48107.668
48460.00000000001,47621.312
47992.82,47279.125
47715.18,46890.71
47383.46,46611.348
47108.95,46395.707
46839.93,46210.234
46616.31,45989.113
46449.61,45841.277
46279.43,45703.42
46348.37,45599.06
46223.19,45543.617
46046.01,45559.55
45972.71,45637.99
46336.38,45773.55
46549.77,46029.95
46864.91,46436.805
47379.81,47008.258
48571.61000000001,47714.6
49099.05999999999,48750.62
49239.83000000001,49960.844
50132.73,51246.355
52247.36,52425.83
53914.55999999999,53807.195
55291.63,55281.48
56637.51,56771.9
58229.03,58089.98
59436.99,59407.668
60849.17,60532.562
61887.670000000006,61490.207
62636.52,62331.453
63134.74,62856.695
63740.219999999994,63336.066
64390.54,63712.03
64217.57000000001,64041.094
64605.13,64530.508
65202.91,64859.527
65920.8,65120.9
66404.97,65416.28
66687.23,65956.17
67269.31,66361.484
67565.32,66657.73
67833.37,66911.125
67998.35,67348.41
68609.14,67523.336
68907.02,67574.4
67763.85,67574.016
67367.89,67737.25
67626.85,67499.29
67794.32,67112.91
67560.85,66788.48
67255.86,66767.19
67071.27,66595.27
66545.41,66363.234
66183.09,66102.516
66174.49,65975.805
65960.22,65678.35
65709.67,65376.508
65761.55,65073.05
65358.67,64875.74
64752.07,64588.46
64339.76,64288.203
64211.82,63929.82
63851.3,63620.16
63358.18,63310.715
63414.29,63060.5
63661.89,62844.496
63021.43,62687.688
63366.2,62663.1
63246.95999999999,62616.61
63339.03,62609.035
62964.08,62534.82
63037.19,62478.426
63063.28999999999,62387.254
62620.94,62275.438
62339.42,62039.664
62167.28,61760.62
61938.2,61429.7
61475.93,61128.504
60795.51,60686.773
60282.37000000001,60291.305
59782.32,59863.95
59070.98,59450.418
58884.8,58816.418
58715.45,58275.266
58267.4,57776.52
57450.06999999999,57309.742
56457.899999999994,56511.617
55406.45,55761.375
54969.55,54899.74
53993.71000000001,53960.906
53174.42,53121.71
52162.479999999996,52188.21
51332.06,51323.61
50281.26000000001,50551.797
49598.27999999999,49674.82
49259.21000000001,48985.074
48639.78,48433.59
48046.18,48036.32
47705.26,47583.465
47396.33,47226.516
47114.65,46925.996
46981.32,46689.082
46712.43,46445.86
46545.56,46320.07
46391.04,46218.95
46659.69,46132.85
46497.36,46098.363
46446.74,46159.84
46634.49,46294.55
47016.38,46471.395
47282.12,46831.46
47450.94,47352.457
48073.26,48009.223
48954.16,48752.52
49611.69999999999,49801.836
49885.34,50968.094
50974.29,52177.168
53291.09,53288.027
55035.01000000001,54646.473
56322.94999999999,56104.44
57545.04000000001,57604.547
59465.05,58910.996
60507.79,60207.836
61566.69,61325.938
62545.7,62285.42
63432.83,63103.715
63976.42,63631.56
64194.03,64079.46
64708.03,64499.11
64685.56,64840.926
65198.27999999999,65277.363
65876.18,65556.27
66463.37,65796.695
66628.86,66026.34
66712.86,66446.68
67094.06,66620.914
67646.12,66659.91
67565.04,66642.16
67805.35,66853.52
67972.67,66815.17
67986.53,66714.25
67343.01,66582.89
66855.89,66608.95
66824.26,66347.21
66657.95,65990.0
65917.68,65645.664
65644.08,65534.496
65436.259999999995,65211.043
64841.229999999996,64847.766
64467.98,64513.977
64440.42,64321.42
64212.649999999994,63995.56
63973.28999999999,63720.81
63528.48999999999,63470.43
63199.72,63330.98
63010.01,63091.14
62266.58000000001,62831.953
62349.29,62622.48
62580.31,62426.094
62302.74,62194.47
62177.909999999996,62050.76
62631.880000000005,61920.895
62649.18000000001,61759.727
62579.159999999996,61669.777
62315.9,61641.62
62707.33,61577.633
62043.24,61342.555
61898.26,61160.77
61432.89000000001,60952.203
61185.41999999999,60692.48
60868.13999999999,60246.79
60762.16,59827.723
60338.200000000004,59438.367
59437.229999999996,59109.977
58600.73,58590.387
57636.80000000001,58041.254
56938.27,57422.957
56206.22,56795.336
55976.09999999999,55982.965
56061.54,55311.656
55269.59999999999,54737.465
54951.98,54298.36
54572.02999999999,53581.688
53241.97,52970.76
52043.82,52372.688
51096.25,51697.66
50218.53,51034.043
49051.270000000004,50158.96
48346.55000000001,49267.05
47686.0,48410.402
46669.28,47443.66
46113.6,46687.77
45664.18,46020.027
44479.92,45453.57
43964.69,44880.26
43475.67,44346.16
42797.31,43856.4
42688.91,43457.406
42194.85,42724.383
42206.52,42251.32
42083.33,41948.344
41677.29,41766.508
41482.39,41647.754
41102.58,41521.39
41171.48,41381.887
40934.84,41247.336
40695.3,41173.598
40486.08,41150.16
40674.65,41129.44
40976.35,41128.97
40903.53,41315.477
40601.5,41582.027
40745.05,41877.617
41679.81,42174.055
42144.37,42700.863
43077.9,43385.258
43704.74,44161.23
44789.03,44986.42
45865.81,45971.145
46299.26,46926.242
47233.22,47884.055
47963.72,48701.5
48742.76,49407.67
49512.99,50043.367
50419.33000000001,50675.23
51342.02,51291.008
51883.45,52014.78
52452.69000000001,52660.164
52953.97,53189.58
52963.35,53570.477
53149.62,54013.68
53851.46,54210.4
54223.34999999999,54234.758
54885.61000000001,54241.312
55269.63,54384.402
55468.86,54447.43
55415.58,54459.895
54981.280000000006,54394.562
54635.18,54346.094
54538.61,54128.695
54139.5,53838.008
53340.22,53518.06
52965.29,53303.41
52755.37,52951.156
52444.07,52552.75
52150.780000000006,52204.688
52001.51999999999,51991.53
51846.96,51755.48
51733.01000000001,51542.664
51437.65,51374.336
51443.78,51323.293
51011.46,51234.363
50755.23,51160.047
50623.46,51074.19
50728.32,50996.684
50540.94999999999,50911.324
50480.49,50872.02
50750.88,50843.21
50834.25000000001,50786.266
51167.45,50767.33
50829.100000000006,50801.45
51309.11,50854.758
51015.81,50812.207
51287.409999999996,50763.95
51272.24,50687.723
51273.34999999999,50594.9
50938.67,50374.363
50863.53,50188.043
50469.81,49984.32
49626.91999999999,49786.582
48903.86,49385.754
48629.26999999999,48928.996
47837.21,48425.84
47099.66,47995.113
47243.24,47404.605
46869.39,46860.207
47090.24,46457.086
46850.59,46123.477
46341.34,45640.805
45435.51,45237.254
45016.72,44818.133
43963.1,44350.31
43126.38,43926.79
42477.4,43293.113
41873.46,42588.35
41160.08,41931.473
40295.18,41180.94
40067.43,40531.21
39651.09,39962.082
39080.45,39495.594
38904.52,39026.363
38726.19,38606.574
38272.15,38267.863
37856.79,38029.656
37833.2,37780.227
37773.58,37488.457
37708.92,37266.723
37673.7,37127.58
37614.82,36985.016
37307.23,36853.36
37263.48,36731.906
37339.21,36606.832
37464.86,36475.0
37509.93,36376.39
36232.22,36342.54
37170.67,36366.094
37149.03,36317.152
37040.04,36300.14
37150.47,36405.69
37047.54,36552.75
37020.94,36895.04
37225.85,37238.008
37969.92,37566.33
38954.69,37903.24
39139.37,38482.547
39636.49,39176.188
40174.31,39823.035
41170.51,40399.812
41402.6,40921.11
42095.74,41627.75
42843.4,42235.13
43755.75,42793.535
44275.16,43505.227
44946.35,44233.344
45793.38,44939.41
46373.16,45608.22
46403.77,46425.797
46890.9,47151.33
47445.91,47686.22
47944.48,48063.13
48177.55000000001,48501.223
48437.72,48744.93
49054.16,48802.523
49105.78,48669.863
48930.719999999994,48591.555
48444.18,48401.902
48163.41,48130.875
47989.54000000001,47776.21
47529.64,47519.992
47151.12,47264.785
46638.42,47010.17
46321.03,46753.453
46413.51,46592.742
46070.85,46416.87
46140.35,46282.49
46408.34,46171.188
46083.4,46169.3
45787.13,46249.297
45636.93,46313.414
45828.28,46321.902
45755.14,46375.215
45607.66,46494.87
45950.11,46660.29
46538.89,46821.69
46952.64,47023.996
47192.48,47318.855
47495.41,47654.36
48451.36,47960.805
48490.7,48195.21
48546.39,48499.81
48637.7,48776.82
49293.26999999999,48934.55
49231.36000000001,48927.035
49044.3,49025.348
48738.03,49159.945
48722.43,49251.414
48416.96,49131.32
48048.780000000006,49085.66
47597.04,49060.875
47898.38,48997.598
48049.28,48691.758
48383.590000000004,48528.18
48370.68,48441.93
48097.68,48373.79
47541.8,48044.188
46705.83,47683.312
46172.5,47199.42
45013.55,46578.594
44331.19,45862.906
43776.91,44980.613
43373.75,44127.49
41866.89,43410.855
41406.58,42688.695
40888.75,42015.613
40680.98,41433.082
40415.51,40973.375
40228.85,40501.047
40104.92,40147.57
39938.16,39869.99
39774.1,39635.74
39743.49,39671.492
39611.02,39586.863
39741.08,39454.28
39527.43,39334.58
39513.43,39299.766
39667.14,39308.05
39873.85,39352.566
40424.3,39504.41
40555.26,39887.387
40894.51,40467.22
41379.96,41216.34
42752.18,42081.04
43714.86,43317.74
44164.43,44765.008
45674.92,46315.637
49634.76,47784.473
51733.78,49485.945
53458.03,51496.98
55105.35,53568.586
57197.11,55311.254
58403.02,57016.277
59484.549999999996,58468.785
60564.92,59673.703
61513.84,60623.41
62178.80000000001,61210.035
62623.11,61740.41
62941.51,62163.69
62801.469999999994,62506.13
62907.450000000004,63028.05
63595.87999999999,63360.293
64752.82,63615.78
64979.84,63921.305
65040.05,64610.215
65115.17,65088.668
65384.79000000001,65374.668
65177.34,65534.72
65632.94,65880.07
65662.53,65927.48
65822.92,65865.08
65803.1,65718.125
65537.41,65706.35
65401.44,65478.164
65558.5,65169.887
65376.91999999999,64836.234
65237.62,64719.562
64837.36,64479.33
64360.6,64210.406
63944.7,63892.785
63927.78,63664.08
63601.350000000006,63289.414
63279.78,62933.04
63247.36,62565.64
62979.74999999999,62274.35
62272.47,61922.72
61844.39,61598.836
61624.17,61230.926
61401.6,60894.863
61033.75,60596.363
60988.07,60379.84
60923.61,60227.543
60831.16,60108.906
60969.35,60087.348
61212.52,60099.62
60869.0,60158.82
60539.19999999999,60148.094
60695.810000000005,60109.734
60465.08,59964.613
59933.73,59803.29
59531.530000000006,59447.742
59291.53,59085.746
59251.50000000001,58702.305
58481.82,58348.383
57707.87999999999,57840.0
56829.46,57391.08
56277.04,56899.15
56059.15000000001,56365.85
55809.87,55588.008
55692.32,55001.21
55334.26,54472.37
54602.73999999999,53967.0
53746.85,53189.277
52696.13,52446.867
51719.50000000001,51605.492
50335.25000000001,50699.875
49241.229999999996,49786.348
48606.18,48732.07
47924.27,47756.438
46736.64,46964.402
46253.35,46164.18
45716.46,45517.953
45320.16,45022.973
44893.21,44675.008
44513.63,44283.918
44464.35,44005.902
44211.4,43773.2
43926.15,43596.37
43735.92,43386.473
43655.08,43127.164
43710.19,42910.945
43627.01,42768.62
43589.19,42715.316
43778.43,42740.223
43905.66,42821.113
44451.28,43025.625
44933.0,43423.7
45244.73,43988.625
45841.05,44743.816
46745.4,45606.56
47086.3,46785.844
47831.37,48057.684
49080.81999999999,49282.75
51439.37,50454.9
53005.89,51903.62
54522.9,53447.89
55826.27,54983.156
57438.54,56355.832
58686.69,57744.062
59903.76,58933.13
60651.17,59944.07
61332.46,60811.387
61945.38,61324.145
62409.28,61718.64
62741.27,62037.707
63074.48000000001,62343.0
63433.0,62830.27
64128.81,63218.17
64678.81,63571.863
65019.71,63954.145
65715.51,64601.336
66377.67,65031.055
66735.17,65398.99
67285.86,65739.84
67641.48,66255.55
67644.83,66526.44
67903.19,66675.875
67253.4,66677.69
66844.79,66805.9
66960.33,66629.33
66996.31,66303.09
66723.36,65985.234
66643.47,65917.01
66717.87,65701.3
66485.46,65463.496
65766.18,65236.855
65970.85,65165.938
65280.74,64876.656
65323.399999999994,64579.465
65304.25000000001,64226.97
64995.79000000001,63987.81
64365.36000000001,63706.516
64006.27,63399.93
64313.119999999995,63043.344
63795.69999999999,62730.957
63647.32,62512.5
63164.44000000001,62346.13
62896.69999999999,62219.723
62654.51,62082.93
62967.68,61950.906
62939.52,61853.9
62935.16000000001,61845.703
62698.78,61786.758
62503.7,61732.027
62440.84,61638.742
61924.2,61496.703
61377.94,61181.133
60768.28,60845.746
60256.09,60442.676
59698.95999999999,60011.152
58772.659999999996,59374.395
58062.02,58822.19
57652.409999999996,58247.168
57442.8,57691.223
57370.71,56942.59
57112.630000000005,56375.438
56696.46000000001,55902.035
55981.2,55454.688
54841.45,54682.047
53736.55,53945.5
52698.93000000001,53085.754
51818.6,52133.22
50862.53,51166.01
49890.06,50120.86
48882.69000000001,49200.566
48068.91,48412.78
47561.73,47497.996
46932.46,46808.15
46425.27,46305.91
46103.13,45935.96
45900.34,45512.664
45773.85,45201.09
45355.25,44975.84
44790.21,44818.805
44582.01,44613.492
44476.64,44345.6
44264.7,44083.703
44037.0,43895.152
43970.92,43771.746
44126.8,43709.64
44318.61,43721.926
44483.41,43857.035
44819.05,44224.906
45197.44,44746.03
45858.67,45418.035
46955.85,46211.26
47484.89,47357.156
48300.61,48658.645
49495.31,49971.082
52346.13,51239.508
54176.85,52780.023
55607.36000000001,54463.574
56955.64000000001,56133.562
58528.57,57548.63
59395.14,58958.367
60632.69999999999,60117.152
61629.83,61008.91
62473.94,61730.383
62844.66999999999,62208.715
63315.04,62655.312
63641.33000000001,62968.88
63390.14,63222.098
63837.36,63708.207
64178.51,63990.047
64456.79,64249.934
64966.31,64553.848
65335.55999999999,65101.03
65624.42,65464.668
66090.4,65749.305
66977.48,65960.41
67890.89,66377.195
67962.66,66621.77
68023.84,66830.29
66861.5,66923.68
66290.65,67107.9
65906.23,66849.48
65841.37,66416.59
65657.58,65933.305
64981.25000000001,65717.4
64197.23,65370.76
63993.98,64974.734
63230.09,64484.734
63192.18000000001,64163.88
63488.600000000006,63657.938
63481.67,63187.695
63589.14,62845.438
63614.7,62726.574
63003.98,62476.074
62752.05000000001,62241.703
62780.53,61990.195
62791.93,61803.766
62405.73,61597.99
61904.0,61446.44
61520.17,61306.688
61478.50000000001,61121.277
61354.83,60912.098
61494.04,60793.17
60922.659999999996,60753.348
60887.51999999999,60654.92
61014.86,60533.098
61045.399999999994,60366.836
60770.31,60264.293
60008.87000000001,60002.816
59303.06999999999,59755.016
59034.75,59378.965
58327.87999999999,58918.62
57468.50000000001,58269.516
56901.27,57709.977
56348.22,57136.508
55597.84,56577.355
55487.170000000006,55820.277
55208.12,55163.02
54705.91,54573.504
53810.13,54029.96
52774.920000000006,53203.004
51439.119999999995,52399.137
50577.83999999999,51500.156
49855.95,50509.613
48821.24,49505.51
47975.37,48486.62
46939.5,47579.504
45976.18,46796.637
45573.8,45903.332
44960.83,45190.258
44668.44,44658.504
44122.03,44269.613
43827.77,43861.758
43805.58,43554.793
43668.27,43301.977
42873.14,43118.598
42690.41,42956.055
42701.69,42806.906
42878.15,42640.71
42812.87,42544.305
42766.25,42532.41
42759.48,42605.746
42921.77,42745.992
43450.06,42956.758
43719.57,43346.137
43966.48,43916.887
44425.7,44630.77
45331.02,45439.715
45906.35,46515.152
46659.16,47689.508
47822.86,48856.74
50720.119999999995,49999.29
52317.67,51423.207
53527.77,53006.184
55023.83,54573.344
56279.1,55857.45
57461.39000000001,57124.33
58523.41,58163.793
59415.28,59035.78
59844.020000000004,59758.82
60389.979999999996,60132.85
61080.05,60445.95
61514.67,60712.973
61142.17,61022.86
61478.26000000001,61547.45
62119.78,61868.3
62694.09,62133.07
62714.57,62457.95
63042.28,63059.812
63624.2,63414.336
63913.810000000005,63644.42
64231.53,63832.53
64676.240000000005,64221.047
65437.89,64341.18
65850.42,64376.098
65471.58,64401.082
65347.14,64588.45
65358.07,64495.71
65495.38999999999,64318.867
64831.270000000004,64124.117
64691.26,64164.547
64278.1,64009.0
63587.11,63777.36
63174.409999999996,63499.83
63066.62,63295.08
62808.77,62919.566
62847.21,62568.74
62371.07,62205.652
61519.58,62000.484
61025.2,61654.73
61010.03,61219.426
60950.41999999999,60751.28
60543.05000000001,60439.55
60081.94,60220.1
59703.770000000004,60042.12
59849.520000000004,59891.71
59845.76,59722.445
59621.73,59614.58
60210.39,59624.508
60045.06,59654.84
59900.840000000004,59666.312
59514.02999999999,59690.754
59474.16,59663.32
59190.07,59545.258
58410.74,59202.258
58094.92999999999,58880.926
57773.5,58474.7
56931.98,58044.566
55932.99,57467.22
55407.40000000001,56920.008
55132.55999999999,56308.87
54807.16,55710.88
54724.66,54943.707
54554.32,54349.414
54217.97,53825.684
53472.62999999999,53326.402
52443.06,52540.73
51432.01000000001,51782.184
50615.06999999999,50927.21
49570.22,50019.68
48762.81,49136.82
47934.27,48210.773
47099.75,47369.87
46737.36,46639.05
46139.36,45814.336
45631.67,45235.367
45009.92,44822.164
44190.32,44500.824
43617.23,44086.34
43378.98,43694.637
43131.62,43314.906
42596.38,42981.41
42804.27,42695.21
42657.59,42477.133
42868.17,42343.37
42991.99,42293.605
43132.37,42323.566
43160.12,42453.156
43193.38,42673.86
43907.47,42967.6
44120.96,43387.57
44375.58,43976.8
44792.54,44691.473
45924.0,45478.176
46698.24,46483.926
47170.5,47606.164
48208.15000000001,48785.953
50484.87000000001,49912.65
51955.83,51263.137
53483.1,52695.4
54849.24,54090.414
56600.13,55328.13
57543.37,56628.227
58586.24999999999,57779.375
59478.16999999999,58773.383
60351.51,59592.957
60896.439999999995,60103.37
61242.92999999999,60520.47
61548.520000000004,60931.016
61490.58,61295.97
61879.98000000001,61781.31
62251.61,62077.734
62948.99,62302.758
63125.64,62486.973
63346.93,62905.918
63658.79,63113.035
63881.83000000001,63202.6
63944.979999999996,63220.816
64432.73000000001,63423.94
65046.42,63400.562
65602.39,63349.11
65096.1,63316.734
64793.26,63514.086
64925.96,63447.63
64536.89,63246.58
63850.15,63039.668
63430.91,62983.34
62572.79,62692.562
61939.61,62351.023
61425.57000000001,61925.824
60962.22,61602.703
60383.6,61195.03
59826.469999999994,60810.785
60100.77,60439.816
59623.329999999994,60136.285
59506.76,59871.58
59475.50000000001,59648.69
59460.35,59455.4
59513.73,59376.77
59260.560000000005,59308.316
58893.21000000001,59273.906
59441.62,59222.113
59138.51000000001,59085.01
59204.84,59029.906
58892.19999999999,58995.2
58293.64,58932.234
57795.8,58712.01
57655.71,58387.457
57916.56,58008.004
57514.33000000001,57652.31
56844.97,57227.516
56405.04,56856.81
55985.719999999994,56440.18
55102.14,55996.043
54225.32,55342.22
53600.48999999999,54712.74
52976.61,54038.56
52703.68,53400.363
52749.96,52566.785
52409.63999999999,51916.41
51801.30000000001,51418.555
50965.6,50964.297
50077.34999999999,50224.484
48857.69,49503.82
48040.15,48719.93
46927.46,47891.78
46173.21,47149.21
45525.57,46299.438
44837.24,45455.223
43043.84,44704.867
42395.9,43893.4
41827.02,43081.707
41443.36,42323.34
41006.61,41724.766
40856.56,41133.758
40614.26,40703.168
40177.4,40426.37
39815.79,40243.96
39474.12,39858.23
39072.02,39486.832
38926.09,39260.465
38865.72,39096.234
39127.84,38943.43
38918.38,38840.805
38859.03,38820.676
38861.84,38840.04
38769.08,38880.598
38767.1,38926.785
38713.35,38982.438
38869.91,39082.258
39079.81,39309.76
39132.4,39564.203
39142.85,39869.074
39820.73,40244.348
40117.42,40849.07
40676.0,41507.926
41274.01,42196.934
42423.42,42873.277
43288.54,43704.652
44148.12,44565.09
45149.38,45417.766
46307.2,46224.816
46868.98,46998.305
47512.57,47691.332
48353.25,48366.918
49081.280000000006,48973.773
49578.329999999994,49680.273
50275.42,50300.438
51079.22000000001,50797.953
51415.12,51190.223
51956.18,51667.004
52241.14,51979.61
52562.22,52182.61
52617.25000000001,52271.38
52896.950000000004,52451.816
53371.27,52473.39
53438.79000000001,52402.266
53197.51,52309.39
53227.63999999999,52291.33
52808.80000000001,52135.117
52656.80999999999,51945.16
52131.07000000001,51696.938
51645.16,51514.215
50703.87,51256.582
50337.75,50945.96
49714.38,50549.797
49151.87999999999,50217.11
48864.03999999999,49865.492
48765.07,49519.082
48974.86,49200.977
48826.80999999999,48986.902
48571.850000000006,48863.273
47957.21,48798.824
47813.37,48736.848
47648.7,48640.51
47841.07,48533.344
47815.45,48452.63
47895.77,48428.066
48139.35,48424.203
48387.73999999999,48449.49
48486.57,48519.39
48502.0,48615.31
48314.16999999999,48615.082
47930.64000000001,48595.9
48287.71,48540.57
48491.97000000001,48419.273
47830.56,48191.62
47553.33,48048.535
47167.85,47863.766
46685.07,47621.05
45694.85,47203.723
45245.48,46781.836
45038.66,46320.07
45215.26,45844.195
45581.89,45270.496
45436.3,44895.61
44991.44,44670.324
44453.53,44494.51
43735.56,44066.566
43345.82,43586.918
42821.07,43031.805
42030.13,42498.71
41137.79,42017.59
40388.45,41443.895
39773.96,40808.242
38577.85,40168.203
37885.18,39447.816
37597.76,38740.395
37276.73,38097.664
36965.41,37593.477
36665.28,37120.78
36455.34,36749.3
36235.91,36485.527
35833.57,36287.746
35494.74,36084.445
35539.63,35841.402
35529.42,35617.598
35536.74,35461.363
35349.01,35336.77
35315.37,35232.555
35213.99,35116.63
35220.97,35006.426
35232.11,34936.086
35303.73,34855.277
35295.97,34798.42
35465.87,34739.402
35188.88,34837.86
35415.03,34968.965
35142.44,35080.97
35477.9,35240.418
35482.64,35564.312
35650.15,35896.426
35969.49,36246.723
36688.28,36610.85
37339.28,37128.203
37987.58,37672.26
38658.54,38254.195
39749.82,38833.426
40588.82,39445.062
40907.54,40123.53
41744.01,40792.86
42519.8,41392.574
42983.46,42099.953
43483.95,42843.06
44229.38,43563.33
44420.5,44239.926
44972.85,45031.71
45723.98,45671.688
46308.24,46170.023
46814.58,46570.742
47454.44,47002.625
47770.59999999999,47222.77
47804.41,47282.17
47243.91,47206.906
47080.8,47096.418
46390.67,46786.266
46226.64,46371.15
45967.38,45906.605
45233.07,45541.61
45162.55,45212.574
44945.04,44848.07
44772.6,44509.086
44434.49,44331.668
44225.8,44190.24
44137.56,44042.71
44178.41,43912.375
43896.91,43895.68
43435.37,43894.42
43712.25,43886.324
43718.03,43839.035
43899.83,43884.086
43872.51,44010.93
44016.32,44184.56
44352.25,44383.3
44437.45,44596.74
44143.84,44886.004
44342.99,45181.75
44651.7,45409.73
44634.28,45541.047
44854.4,45709.86
45088.26,45856.797
45365.06,46012.348
44757.5,46095.32
44806.3,46220.28
44706.32,46277.527
45020.11,46300.51
44667.75,46211.24
44653.19,46208.234
44408.77,46223.918
44469.31,46227.51
44926.07,46045.164
45075.11,45912.07
44826.6,45834.69
44944.1,45742.414
44483.37,45342.215
43704.56,44925.168
42989.58,44449.324
42076.88,43870.016
41360.74,43099.25
40651.65,42259.105
40025.48,41463.645
39393.71,40757.82
39164.47,39955.195
39212.77,39302.125
38716.4,38822.19
38131.66,38534.305
37930.9,38223.184
37360.06,37897.82
37147.28,37609.895
36825.92,37317.516
36639.24,37202.688
36682.95,37015.156
36501.3,36759.74
36658.38,36575.12
36511.64,36455.47
36591.04,36423.46
36709.65,36481.73
37400.56,36629.54
37782.21,36985.066
38053.0,37523.203
38626.38,38268.133
40431.98,39130.016
40972.91,40288.098
41917.2,41707.645
43405.12,43181.746
46763.34,44578.945
48587.44999999999,46291.793
50130.77,48192.83
51440.23,50098.94
53002.350000000006,51722.938
54046.88999999999,53294.99
55395.850000000006,54590.113
56558.37000000001,55651.957
57698.689999999995,56563.184
58123.85,57251.793
58786.189999999995,57884.984
59590.329999999994,58378.598
59789.98,58793.316
60372.18,59462.383
60872.07,60011.742
61306.060000000005,60520.074
61724.22,61024.266
62053.53,61680.887
62652.15000000001,62143.41
62513.92,62485.625
63263.14,62751.504
64279.89000000001,63105.035
64103.450000000004,63264.297
64243.009999999995,63430.496
63684.55999999999,63451.1
63034.03,63555.805
62562.45999999999,63360.71
62260.91,62988.17
62593.86,62543.918
62688.270000000004,62263.96
62458.43,61948.28
62301.91,61695.02
61889.27,61437.855
62213.62,61310.457
62044.82,61039.457
61767.43,60796.656
61818.48,60578.336
61247.850000000006,60435.324
60907.54000000001,60221.97
60342.12,59941.223
59798.95,59622.094
59490.049999999996,59342.38
58815.48,59025.266
58885.47,58761.797
58948.19000000001,58522.72
59027.2,58342.223
59253.42,58295.28
59121.25,58347.574
59040.100000000006,58485.68
58824.08,58493.805
58780.34,58491.24
58448.52999999999,58446.68
58306.15,58372.664
57763.78999999999,58049.16
57686.09,57706.617
57326.37,57337.95
56124.94,57020.375
55331.90000000001,56511.844
54845.049999999996,55940.52
54574.63,55312.062
54316.490000000005,54725.86
54092.950000000004,53976.53
53702.21000000001,53392.633
52842.32,52855.88
51994.58,52288.117
51041.420000000006,51393.508
49768.59,50496.723
48802.09,49548.586
47617.72,48552.23
46818.72,47513.773
46157.33,46446.652
45481.75,45524.46
44818.25,44797.01
44357.19,44028.195
44022.06,43465.043
43736.84,43077.93
42762.9,42837.445
42452.08,42566.754
42214.59,42286.39
41935.95,41999.125
41350.95,41763.625
41462.74,41499.883
41293.2,41147.457
41452.27,40884.09
41475.25,40728.48
41551.59,40686.992
41391.99,40768.92
41488.62,40952.21
42184.41,41181.875
42522.41,41570.742
42802.59,42171.016
43136.32,42937.3
44359.3,43794.977
45192.85,44870.133
45897.6,46044.12
47002.86,47297.773
50203.55,48478.8
51947.71,49868.074
53199.98000000001,51457.55
54367.07,53114.742
56179.56,54514.836
57301.56999999999,55883.445
58122.04,57087.906
59455.52,58129.094
60410.01000000001,58947.758
60864.68000000001,59560.324
61433.7,60104.38
62026.14,60522.863
61435.68,60905.297
61468.03,61553.164
61779.49,61951.43
62304.170000000006,62203.74
61831.84,62447.188
62359.08999999999,62976.15
63113.62,63258.36
64090.729999999996,63451.137
64359.72,63662.574
64561.81,64182.516
65580.64,64451.902
65852.83,64533.664
65150.66,64593.09
64862.96,64833.19
64695.369999999995,64712.574
64885.37,64449.99
64652.85,64168.87
64051.88,64126.906
63702.9,63955.945
63337.57,63685.492
63051.9,63371.598
62501.42,63203.312
62246.4,62830.246
61458.340000000004,62447.125
61163.04,62048.695
60838.10999999999,61711.414
60609.91,61240.14
60223.45,60779.496
59849.37000000001,60345.637
59608.61,60023.434
59758.05000000001,59668.832
60126.98,59402.367
60601.36,59263.824
60794.810000000005,59263.402
60541.17,59402.64
60505.29,59639.75
59945.39,59813.45
59367.77,59803.562
59445.840000000004,59700.984
59223.86,59474.453
58786.91,59243.82
57885.26999999999,58818.86
57602.10999999999,58393.52
57018.899999999994,57890.36
56337.39,57403.348
55596.34,56737.16
55253.71,56109.492
55031.1,55496.582
54919.20999999999,54939.934
55107.58,54211.17
54633.77999999999,53665.516
53503.63,53213.094
52286.920000000006,52724.87
51155.20999999999,51832.324
50142.869999999995,50882.76
49303.76,49872.676
47864.86000000001,48853.797
46919.02,47844.145
46508.75,46814.37
46041.57,45861.742
44911.41,45107.48
44288.87,44387.02
43643.14,43818.875
43467.18,43345.496
42815.18,42957.516
42275.97,42543.008
41997.02,42219.312
41838.94,41908.527
41569.44,41629.023
41443.56,41347.55
41918.6,41110.633
42000.2,40932.36
41846.3,40906.24
41645.75,40994.883
41853.25,41131.145
42072.23,41297.312
42684.15,41551.43
42803.1,41993.312
43173.95,42629.45
43924.13,43371.27
45043.05,44187.17
45451.94,45312.79
45895.27,46564.723
47207.08,47790.348
50281.049999999996,48872.36
52061.59,50237.273
53339.58999999999,51801.457
54391.49,53391.81
56012.73000000001,54740.926
57608.38,56053.12
58583.76,57138.977
59085.81,58155.43
59839.55,59023.934
60326.3,59549.625
60567.09,59949.027
60794.6,60275.867
60925.20999999999,60544.57
61037.71000000001,61023.266
61685.80999999999,61392.184
62843.17999999999,61703.734
63326.48,62051.098
63944.17999999999,62780.324
64529.59999999999,63339.688
65021.18,63782.766
65387.39,64146.098
66045.0,64707.89
66061.24,64989.81
65623.17,65162.316
64690.23999999999,65196.4
63788.67,65221.984
63277.13,64884.434
63189.74,64387.086
63131.58999999999,63836.54
63373.10999999999,63582.543
63130.16000000001,63230.75
62733.54,62962.945
62917.66999999999,62717.543
63101.09,62605.824
62793.52,62378.793
62331.45999999999,62201.684
62116.030000000006,61960.992
61901.99,61765.05
62040.96,61459.11
61472.13,61128.31
60970.09,60873.516
60737.170000000006,60670.5
60578.11000000001,60385.96
60491.43,60115.08
60577.0,59936.707
60437.880000000005,59801.418
60254.63,59760.96
60049.07,59764.16
59785.31,59766.13
59307.82,59623.074
59315.4,59467.484
59663.99,59261.87
59734.32,59054.293
59085.61,58739.58
58511.31999999999,58506.0
57962.42,58217.906
57045.09,57841.22
57317.79,57212.027
56647.090000000004,56593.234
56628.969999999994,56109.79
56503.11,55690.625
56192.01,55042.566
55425.02,54591.848
54599.83000000001,54185.22
53184.42999999999,53677.734
52080.19000000001,52780.582
51124.939999999995,51851.504
50077.12,50827.008
48192.37,49826.484
47259.19,48847.06
46704.62,47735.945
45849.43,46700.67
45218.02,45867.49
44719.51,45011.89
43973.37,44377.24
43688.64,43906.92
43142.26,43529.49
42927.74,43087.543
42486.33,42753.766
42119.41,42493.324
41733.74,42270.297
41854.05,41983.816
41928.18,41780.164
42128.87,41666.137
41788.97,41662.613
41540.67,41718.1
41919.54,41791.223
42090.89,41858.707
42191.41,42048.273
42379.17,42468.7
42820.44,42988.082
43350.47,43603.383
44706.0,44362.04
45465.2,45436.598
45896.25,46700.598
46821.94,48036.957
49543.05999999999,49259.375
51118.35,50698.348
52381.18,52213.492
53473.9,53671.535
55675.28,54862.926
57059.909999999996,56006.99
58157.02,57087.043
59380.28,58100.22
59861.39,58950.832
60507.27,59487.64
60695.48,59971.863
61174.65,60379.3
61096.1,60731.215
61508.92,61240.863
62305.93,61617.008
62692.38999999999,61971.645
62797.18,62385.89
63097.44,63015.574
63863.02,63401.582
64400.94,63691.484
64775.19,63950.676
65151.3,64418.82
65901.56,64667.113
66001.6,64796.887
65301.44,64858.13
65274.26999999999,65057.33
65191.47,64917.215
65484.95,64647.9
64977.15,64421.375
64313.77,64448.516
64059.21000000001,64319.832
64048.78,64047.508
63335.91,63737.715
62831.75,63568.703
62562.97,63222.668
62591.4,62790.906
62527.73999999999,62356.316
61839.340000000004,62112.344
61544.37000000001,61804.31
61372.33,61425.438
61612.28,61019.586
61186.6,60724.332
60638.38,60502.332
60842.65,60326.76
61324.31,60146.555
60790.21000000001,60037.695
60006.81,60094.523
59777.76000000001,60148.95
60088.86000000001,60073.523
60136.02,59835.65
59835.49,59731.254
59655.6,59684.26
60147.1,59622.668
59673.060000000005,59336.26
59192.86,59136.863
58573.12,58937.87
57874.83999999999,58633.52
56930.7,58021.125
56177.25,57446.832
55727.61,56846.777
55706.99,56245.324
55845.24999999999,55421.312
55104.37,54816.293
54201.15,54317.406
53446.35,53765.305
52553.54000000001,52808.29
51585.86,51892.938
50583.89000000001,50961.4
49192.530000000006,50024.793
48262.69000000001,49070.223
47235.88,48056.324
46528.79,47127.727
45216.83,46308.938
44614.4,45454.656
44007.89,44733.92
43731.12,44121.234
42922.78,43645.797
42761.93,43142.145
42310.2,42714.76
41983.61,42364.094
41545.38,42074.88
41354.84,41792.95
41427.34,41607.496
41427.47,41454.887
41388.27,41383.68
41477.59,41366.895
41562.59,41404.402
41605.21,41526.883
41906.95,41736.43
42083.08,42109.066
42390.72,42590.355
42807.35,43183.984
44343.97,43886.324
45182.97,44862.777
46079.81,46053.105
47001.2,47335.867
49652.73,48599.336
51680.549999999996,50083.863
52982.18000000001,51634.83
54188.87,53207.64
55550.48,54558.258
56853.51,55868.82
57977.41,56944.42
58967.86,57879.277
59925.689999999995,58711.34
60487.47000000001,59303.746
61066.87,59777.605
61784.87000000001,60236.746
61411.75,60668.207
61854.23999999999,61277.52
62524.1,61645.82
62949.3,61903.28
63371.22,62179.812
63570.85,62602.01
64024.05,62855.902
64261.98,63007.387
64585.51,63085.766
65022.850000000006,63306.535
65637.1,63366.254
65632.76,63401.61
64732.68,63422.47
64842.55,63556.63
64786.15,63350.625
64870.65,63092.445
64262.950000000004,62850.94
63901.780000000006,62797.625
63911.990000000005,62571.496
62974.66,62265.895
62616.6,61997.797
62370.66,61797.086
61817.52,61469.508
61796.59999999999,61190.062
61631.04,60891.44
61384.39,60746.64
60568.59,60576.492
60316.04,60444.793
60422.52,60240.918
60665.450000000004,60057.3
60858.55,59907.297
61258.37000000001,59861.203
61538.16,59899.098
61150.99,60010.855
60888.84,60130.438
60812.38,60151.453
60681.73,60054.266
60442.38,59803.234
60382.69,59579.125
59980.51,59361.02
59402.94,59160.26
58593.48,58777.562
58176.38,58367.652
57815.28,57899.727
57312.51,57410.438
56516.86,56739.043
56013.32000000001,56191.28
55755.36,55656.832
55321.2,55127.523
54705.75,54427.36
54310.46,53903.79
53376.130000000005,53360.19
52395.5,52804.78
51230.350000000006,51922.11
50062.63,51089.047
49129.049999999996,50226.24
47395.34,49340.816
46582.13,48492.055
45862.71,47486.957
45084.13,46519.094
44861.94,45678.598
44538.54,44732.543
44117.62,44043.32
43631.38,43553.887
42822.36,43211.043
42402.53,42792.54
41663.49,42444.832
40541.38,42143.22
39628.26,41854.94
39765.35,41132.586
40080.29,40496.29
41110.02,40093.62
41118.38,39935.875
40997.47,39985.766
40107.2,40147.957
39650.72,40275.668
39451.85,40259.613
39431.12,40160.562
39484.39,40055.883
39934.76,40007.2
40917.8,40041.484
40749.78,40327.848
40261.43,40824.848
40402.8,41345.707
40705.56,41763.887
40919.2,42397.758
41565.58,43047.723
42513.87,43659.492
43968.87,44276.008
44953.79,45172.543
45753.53,46171.508
46608.71,47179.508
47288.82,48081.355
48345.0,48913.08
49097.85,49579.445
50237.56,50257.277
51236.36,50949.67
52302.98,51813.625
53878.450000000004,52622.586
54642.07,53346.37
54808.71,54048.305
54684.9,54832.38
54844.41,55284.023
54394.98999999999,55424.94
54639.51,55380.016
55032.049999999996,55373.81
55429.97000000001,55224.53
55831.22,55087.86
55987.6,54931.977
55755.94,54873.715
55393.72,54792.188
55151.95,54644.883
54502.63,54398.344
53934.44,54254.453
53810.46,53971.31
53541.46000000001,53594.08
52256.17,53229.297
52092.469999999994,52975.336
51959.52,52588.934
51950.93,52238.1
51812.39,51953.91
51186.3,51827.18
50984.67,51702.426
50792.89000000001,51544.594
50709.46,51385.145
50551.00000000001,51272.035
50456.52,51192.57
50354.75,51133.305
50551.81999999999,51112.984
50714.01,51038.56
50962.35999999999,51001.31
51002.86,50993.61
51125.17999999999,51024.332
50698.1,51040.703
50754.3,50967.188
50412.73,50785.355
50946.09999999999,50603.348
49851.78,50265.887
49389.11,50014.88
49229.14,49702.34
48419.42,49292.082
47953.42,48771.332
47198.27,48315.2
47114.59,47867.12
47192.59,47442.81
47433.4,46907.9
47039.98,46549.703
46237.1,46284.086
46130.39,46010.87
45232.0,45429.684
44378.61,44893.445
44013.22,44364.402
42983.77,43787.18
42254.97,43261.45
41357.33,42594.97
40586.3,41893.125
39807.2,41212.395
39681.14,40417.645
39364.53,39715.137
38669.53,39173.75
37964.32,38795.637
37915.09,38350.31
37792.67,37910.61
37289.05,37554.71
37216.99,37307.523
37020.62,37036.117
36560.45,36772.098
36485.1,36604.773
36450.5,36456.668
36174.19,36263.98
35962.42,36084.77
36108.44,35911.094
36080.48,35725.89
36130.21,35598.55
36202.16,35514.863
36269.16,35480.2
36280.34,35504.043
36300.37,35670.824
36155.52,35831.15
35937.03,35998.492
36295.19,36154.844
36580.96,36472.688
36703.85,36824.633
37062.9,37217.207
38053.02,37612.9
38798.0,38182.242
39705.88,38850.555
40337.35,39568.254
41169.63,40289.312
41891.15,40970.867
42467.21,41726.74
42786.17,42386.14
43358.03,43023.527
44064.01,43725.92
45122.1,44395.055
46189.62,45066.582
46523.65,45775.902
47107.14,46668.68
47417.75,47391.3
47716.69,47928.914
49163.65000000001,48245.156
50115.21,48566.848
51037.44,48789.574
50899.91,48969.51
50954.73,49040.41
50664.02,49063.465
49771.21,48930.504
49097.6,48696.746
47916.91999999999,48366.78
47710.95,48079.47
47998.71000000001,47662.176
47341.19,47258.42
45982.9,47002.32
46052.23,46898.387
46659.62,46627.164
46395.85,46366.984
45852.14,46317.652
45983.2,46426.875
45973.36,46428.453
45796.39,46410.887
45591.53,46481.875
44973.2,46621.008
44808.57,46729.383
44785.81,46747.695
45273.83,46738.305
45610.44,46769.785
46014.57,46866.73
46181.03,47013.195
47196.75,47212.62
47749.75,47387.72
47902.62,47646.973
48097.51,47971.08
48096.04,48237.855
47343.15,48360.79
47224.82,48419.31
46804.74,48358.445
47207.31,48258.367
47251.69,48038.92
47309.8,47945.79
47283.93,47965.62
47437.43,48020.36
47479.44,47887.734
47206.21,47841.645
46831.12,47787.24
46565.27,47621.48
45953.06,47137.797
44891.55,46631.27
44283.01,46060.984
43850.55,45380.562
43183.82,44537.99
42457.24,43696.598
41853.79,42948.96
41209.61,42283.04
40511.5,41563.37
40312.34,40994.215
39983.74,40524.523
39138.55,40150.113
38746.3,39742.74
38692.87,39352.715
38607.27,38958.688
38407.73,38636.508
38381.16,38650.227
38280.33,38526.832
38331.88,38377.016
37700.48,38296.25
38047.66,38277.438
38028.99,38230.043
38054.92,38247.02
38746.34,38408.23
38892.74,38756.348
39489.93,39314.75
40142.05,40057.64
41748.65,40978.117
42574.83,42306.285
43553.7,43837.32
45378.78,45445.527
48538.49,46971.15
50445.600000000006,48817.816
51962.52,50797.8
53178.119999999995,52688.56
54963.97000000001,54247.82
56300.05,55707.273
57381.01,56933.46
58253.66,58009.457
59396.49,58906.04
60166.87000000001,59454.59
60404.29000000001,59970.023
60750.77,60444.508
60620.21,60856.21
61203.82,61401.38
61638.22000000001,61786.04
61886.11,62158.203
61906.96,62524.15
61879.96,63100.965
62439.91,63411.16
63558.0,63578.723
64530.34,63688.254
65343.439999999995,64144.707
65560.44,64502.016
64971.82,64777.59
64360.83,64906.6
64261.72,64978.305
64393.16,64663.555
64166.24999999999,64272.566
64451.57,63948.383
64287.229999999996,63854.75
63265.36,63680.96
62702.689999999995,63517.01
61815.79,63204.07
61274.83,62894.926
60908.87,62384.656
60483.67,61831.332
60804.69,61266.957
60467.58,60811.22
60359.87999999999,60364.457
60188.72,59986.086
61050.85,59651.133
60904.219999999994,59434.133
60686.5,59399.71
60618.22000000001,59479.137
60440.61000000001,59539.742
60124.71,59598.707
59974.26000000001,59655.508
59971.55999999999,59680.977
59518.13,59685.99
59030.99,59576.613
58699.97,59452.22
58626.08,59232.254
58428.37999999999,58927.676
58253.630000000005,58475.17
57874.240000000005,58079.586
57609.98,57721.586
56967.64,57361.207
55992.66,56768.598
55846.9,56247.63
55986.91,55663.99
55930.17,55120.008
55162.88,54449.18
54212.8,53969.63
53452.78999999999,53437.12
52458.63,52762.633
51541.17,51766.473
50811.329999999994,50806.53
49776.14,49822.375
48070.41000000001,48896.164
47174.95,47986.504
46511.62,46976.773
46295.41,46047.387
45394.73,45292.65
44552.97,44607.76
44060.24,44109.11
43708.07,43677.305
42799.12,43330.363
42240.98,42927.824
42033.81,42561.58
42099.2,42189.7
41832.29,41867.844
41620.75,41597.023
41600.05,41357.934
41613.52,41141.695
41542.41,41040.3
41854.29,41030.773
41826.92,41106.914
41799.08,41269.125
42087.7,41539.66
42384.98,41949.81
42315.28,42468.95
42715.92,43137.965
44700.37,43874.43
45989.61,44885.332
46685.49,46183.06
47837.97,47638.883
50962.02999999999,48995.76
52897.3,50551.805
53972.61,52253.043
55276.75,53970.586
56889.08999999999,55379.547
58019.11,56751.52
58858.270000000004,57918.87
59560.84,58872.965
60391.80000000001,59627.97
61021.88,60061.887
61549.090000000004,60447.5
62102.850000000006,60796.043
61808.73999999999,61140.477
62206.94,61740.83
62833.09999999999,62157.844
63389.259999999995,62501.816
63670.67999999999,62908.723
63838.880000000005,63571.906
64325.66,64023.758
64668.71,64317.47
65363.45,64552.582
65554.11,65005.215
66026.68,65226.453
65961.22,65378.594
64506.20999999999,65397.66
64533.74,65490.555
64710.2,65165.434
64689.59,64765.133
63723.58,64411.074
62804.03,64305.816
62991.72,63961.34
61779.43,63466.96
61646.16,63028.793
61334.37999999999,62695.562
61267.8,62150.016
60428.17,61685.29
60904.01,61251.414
60514.11,60939.64
59276.82000000001,60563.906
59026.9,60209.184
59443.99,59734.4
59058.09999999999,59344.73
58393.19999999999,59072.42
58643.31999999999,58933.9
58669.11,58778.582
58386.25,58670.684
58686.87999999999,58645.46
58512.42,58663.414
58598.3,58721.195
58269.189999999995,58678.883
58868.01999999999,58638.258
59428.530000000006,58560.02
59116.12,58544.47
58149.87,58457.535
57781.03,58313.01
57288.45,57987.914
56582.08000000001,57555.59
56006.55000000001,56861.848
55423.01999999999,56242.6
55374.35,55635.52
55079.73,55067.742
54780.44,54325.812
54038.68,53752.18
53155.34999999999,53165.64
52298.25000000001,52488.55
51226.39,51480.83
50075.380000000005,50531.742
48715.409999999996,49564.508
47538.85,48594.797
46594.03,47557.08
46231.75,46507.684
45665.07,45588.6
44784.94,44897.562
44329.51,44201.633
44007.12,43665.27
43448.91,43253.527
42512.33,42972.03
42126.57,42595.523
42002.76,42226.887
41715.16,41883.57
41366.76,41623.61
40962.89,41364.098
41153.41,41124.215
41367.13,40914.547
41279.48,40810.145
40970.14,40815.44
41245.11,40921.28
41599.08,41049.73
41875.2,41271.508
42033.7,41724.383
42479.51,42307.703
42956.96,42974.508
44516.3,43755.79
45272.42,44821.434
46158.68,46056.45
47127.23,47334.77
50084.69,48555.812
51902.62999999999,50000.88
53397.93,51588.086
54575.97,53191.504
56162.43,54531.37
57151.12999999999,55812.0
58137.52,56902.902
59012.0,57762.227
59910.700000000004,58400.56
60690.91,58764.477
60747.68,59171.977
60701.26,59580.773
60089.58,59923.074
60142.99,60376.74
60614.65,60654.242
61467.43,60863.81
61620.21,61162.98
61949.39,61801.34
62420.13,62271.34
62670.08,62597.457
62901.38999999999,62800.1
63811.380000000005,63163.996
64129.33000000001,63279.984
63922.38,63348.668
63559.11,63365.242
63445.52999999999,63402.676
63121.05,63135.34
62177.329999999994,62815.043
62401.23999999999,62464.797
62394.3,62235.21
62204.75,61951.855
61441.88,61704.758
61207.76,61468.56
61065.100000000006,61248.305
60890.57,60882.01
60230.38999999999,60534.055
60431.27,60190.707
59839.27,59896.73
59438.92,59529.418
59403.76000000001,59159.26
58478.409999999996,58737.24
57959.18,58428.504
57587.62,58043.074
57445.16,57659.664
57705.03,57360.355
57965.47,57154.875
58089.55,57125.92
57616.58,57257.59
57691.92,57452.477
57822.93,57482.938
58076.5,57494.133
58009.45999999999,57506.34
57562.020000000004,57601.99
57161.44999999999,57514.54
57095.44999999999,57307.86
56724.530000000006,56975.957
56063.72000000001,56652.64
55329.88,56158.1
54880.84,55718.215
54679.66,55240.79
54915.89,54766.47
54352.31,54083.707
53355.72000000001,53574.48
52384.48,53034.625
51558.28999999999,52365.707
50525.04,51312.19
49459.74999999999,50324.484
48326.06,49374.645
47239.8,48420.004
46714.23,47415.58
45771.7,46411.43
45081.78,45579.574
43875.75,44888.156
43477.32,44129.215
42823.49,43481.098
42087.73,42953.93
41672.1,42562.69
41310.06,42056.84
40898.51,41649.605
40996.71,41341.086
40737.34,41073.777
40457.34,40835.957
40368.21,40727.812
40731.56,40642.2
40801.01,40590.797
40794.62,40604.77
40781.96,40739.902
41168.21,40951.84
41368.52,41207.695
41728.17,41628.72
42177.5,42185.715
42796.77,42876.812
43833.59,43719.87
44473.27,44902.25
45406.43,46209.5
46739.6,47497.363
48904.02999999999,48727.953
50263.81,50276.38
51317.340000000004,51838.93
52428.01,53222.2
53555.47,54293.88
54552.880000000005,55405.668
55786.23,56306.613
56669.9,57025.1
57745.71,57669.293
58471.13,58106.234
59495.69,58579.66
59939.78,59023.633
60237.59999999999,59518.426
60457.63,60225.395
60879.86,60756.293
61103.25000000001,61179.926
61614.740000000005,61518.24
61949.69,62049.664
62444.09999999999,62391.35
63073.55,62651.098
63625.530000000006,62848.812
64265.44000000001,63268.44
65052.19,63517.074
65491.41,63676.56
64689.95,63755.246
64427.66,64021.4
64425.14,63960.418
64067.94,63720.586
63172.43,63478.84
62647.37999999999,63385.523
62810.71,63060.57
62893.81999999999,62656.83
62315.73000000001,62297.434
61952.079999999994,62145.14
62327.03,61822.055
61792.810000000005,61500.7
61749.719999999994,61233.164
61837.68,61078.957
61640.99999999999,60766.188
61383.23,60512.184
61328.13,60295.49
61164.80999999999,60180.414
60827.47,60013.41
60717.86,59908.562
60271.34,59833.348
60087.82000000001,59768.773
59830.490000000005,59682.973
60057.810000000005,59587.48
59825.03,59522.668
59169.24999999999,59445.7
58995.770000000004,59417.42
59646.62,59287.977
59516.37,59095.94
58755.36000000001,58874.06
58325.68000000001,58724.387
58087.48,58439.723
57706.829999999994,58051.617
56610.26,57462.57
56189.53,56997.047
55877.79,56482.17
55034.76,55958.94
54036.25,55230.598
53327.44,54579.94
52356.44000000001,53825.793
51318.67,53010.15
50360.2,51895.05
49394.03,50842.945
48304.7,49800.195
46340.92,48765.51
45861.47,47707.617
45436.99,46549.46
45125.89,45508.074
44215.76,44737.62
43686.8,43972.805
42923.37,43387.53
42688.94,42921.184
42125.71,42560.52
41845.25,42138.938
41681.16,41817.12
41645.22,41533.926
41177.73,41307.184
40868.06,41145.55
40688.14,41044.164
41020.57,40944.637
40932.95,40855.758
40986.11,40843.66
40753.31,40924.285
40994.4,41059.133
41499.12,41220.633
41646.37,41521.984
41927.11,42020.418
42629.64,42655.473
43848.04,43389.28
44434.08,44477.68
45140.45,45742.926
46139.01,47019.746
48840.530000000006,48189.426
50672.54,49594.668
51845.52,51113.18
53260.56,52615.68
55136.52,53855.68
56224.12,55080.137
56658.72,56210.332
57750.19,57212.336
58607.87,57950.0
59188.82000000001,58434.867
59675.79000000001,58859.766
60117.68,59294.047
60248.82000000001,59727.21
60613.409999999996,60287.023
61347.77999999999,60674.316
61561.94999999999,60977.375
61611.299999999996,61247.78
61990.56,61679.55
61831.37,61848.184
62183.25,61913.918
62238.21,61862.13
62435.46,61985.645
62806.740000000005,61949.535
62809.380000000005,61853.195
62260.67,61716.977
62187.99999999999,61702.47
61738.68,61492.55
61503.719999999994,61200.62
61060.33,60856.2
60646.35,60640.457
60445.670000000006,60290.945
59555.270000000004,59907.504
59382.72,59508.516
58854.4,59208.902
58296.41,58838.9
57822.29,58474.25
57620.5,58104.375
57158.27,57822.13
56641.48,57530.82
56219.67,57241.504
56644.43000000001,56966.47
56327.50000000001,56738.383
55934.31,56611.797
55838.45,56556.79
56398.38,56504.59
56306.96,56420.395
56117.19,56416.11
55975.36,56454.785
55712.29,56439.68
55717.67,56253.484
55696.03,56044.598
55705.85,55868.07
55334.079999999994,55710.88
54684.08,55399.715
54541.24,55081.316
54265.08,54697.297
53710.55,54330.504
52862.21,53816.4
52507.75,53327.438
52399.05,52773.043
52523.409999999996,52230.242
52139.80999999999,51527.254
51477.57,51026.406
50316.55000000001,50573.938
49394.93,50067.74
48540.43,49214.08
47604.52,48370.977
46600.87,47545.47
45429.95,46740.684
44713.81,45959.33
44114.92,45096.293
43667.11,44281.93
42849.54,43576.918
42127.75,42824.984
41749.68,42221.703
41210.0,41694.504
40690.45,41279.06
40469.09,40821.137
40393.85,40457.055
40098.93,40192.797
39734.52,40043.14
39521.04,39672.6
39276.02,39379.35
39497.4,39248.516
39100.0,39230.85
38957.18,39229.13
38989.7,39200.758
38685.01,39113.42
38542.86,39061.348
38547.98,39030.395
38679.76,38999.793
39002.04,39019.242
39782.92,39134.6
39834.33,39488.45
40033.55,39971.63
40356.5,40496.324
40874.77,41030.938
40747.47,41800.082
41264.71,42592.63
41837.87,43290.17
43250.98,43929.36
43847.73,44762.543
44599.55,45658.62
45225.59,46523.715
46299.97,47285.867
47071.46,47995.113
47927.02,48635.387
48771.83,49312.67
49320.24,49982.95
49894.78,50767.332
50351.81,51421.895
50790.32,51953.918
51135.05,52322.754
51728.03,52697.953
51860.95,52881.945
52538.24,52971.83
52622.7,52936.215
53174.75,53042.434
53465.16,53044.18
53075.18,52990.566
52363.95,52900.93
52251.63999999999,52832.805
52338.44,52526.832
52163.58,52151.633
51352.729999999996,51815.24
51079.95,51647.72
50487.17,51349.99
50390.2,51021.434
50568.36,50650.895
50690.25,50385.26
50701.94,50221.56
50578.9,50180.906
50563.83000000001,50203.15
50627.77,50279.15
49863.049999999996,50303.703
49714.67,50342.785
49745.05999999999,50301.41
49518.41,50220.516
49415.71,50185.586
49515.55,50158.086
50225.56,50139.56
50163.82,50124.543
49224.59,50224.184
49234.99,50347.426
48807.99999999999,50273.53
48769.68,50013.633
48839.71,49711.527
48882.93000000001,49421.473
49028.51,49192.49
48754.51,48898.36
48678.89,48644.996
48373.87999999999,48407.715
47894.71,48189.785
47180.0,47802.277
47159.27,47425.438
47295.12,47016.805
47062.4,46680.035
46555.66,46285.293
45976.29,45979.4
45463.04,45642.613
45358.76,45231.016
44544.59,44617.094
43616.98,44087.07
43141.03,43578.953
42557.23,43024.47
41655.14,42476.777
40929.84,41901.453
40662.13,41280.383
39679.26,40664.637
38958.28,39986.188
38311.88,39390.22
37390.34,38828.668
36713.26,38320.207
36487.17,37732.305
36238.07,37176.566
36137.67,36736.17
35889.0,36424.035
35160.85,36158.906
35057.48,35883.875
35258.94,35592.84
35153.88,35343.887
34850.19,35145.457
34793.83,34985.773
34624.08,34816.81
34683.47,34668.81
34474.51,34537.64
34701.55,34431.074
35061.7,34356.63
35259.63,34347.223
35340.38,34525.086
35416.04,34752.94
35810.31,34987.55
35899.59,35236.19
36048.87,35712.598
36115.62,36201.336
36364.33,36639.324
36691.84,37036.89
37448.96,37572.707
38016.72,38087.48
38781.92,38630.69
39589.5,39182.17
40598.7,39803.13
41288.94,40487.59
41997.72,41149.492
42546.66,41780.383
43119.13,42551.9
43744.49,43292.004
44524.74,44014.445
45394.63,44708.605
45897.64,45541.344
46516.61,46322.797
46631.03,46952.125
47556.06,47404.92
48190.280000000006,47814.66
48709.75,48030.4
48737.34,48110.438
48587.31999999999,48005.867
48701.01,47875.777
48465.69,47602.875
48301.84,47281.332
47874.11,46955.742
47773.45999999999,46732.54
47654.99,46534.598
46886.61,46367.305
46611.68,46191.69
46612.73,46068.746
46465.09,45955.98
46455.49,45922.613
46479.72,45882.926
46092.17,45929.074
46199.25,46024.12
45893.82,46083.055
46076.28,46142.36
45745.82,46260.223
45791.16,46375.05
45901.1,46469.48
46391.57,46587.633
46351.12,46760.19
45446.89,47021.312
45079.47,47284.65
46170.77,47372.11
47004.44,47266.58
47157.93,47330.55
47557.02,47598.8
46706.33,47885.82
45967.35,48033.812
46147.74,48038.934
45968.87,47874.14
45959.67,47725.457
45883.48,47522.28
45943.58,47410.445
45729.94,47378.92
46574.51,47367.703
46633.06,47153.92
46148.2,47084.652
45853.54,47032.945
46443.33,46813.402
45747.1,46255.465
44995.11,45793.91
44141.89,45298.355
42621.74,44694.977
41827.29,43901.7
41276.21,42991.76
40905.99,42107.863
40308.92,41380.316
40026.18,40648.957
39753.32,40060.027
39501.49,39623.0
39042.72,39305.49
38949.03,38954.758
38656.94,38651.605
38341.46,38422.7
38262.01,38233.992
38315.8,38267.78
38475.53,38157.04
38542.11,38026.227
38777.02,37997.145
38780.23,38011.23
38864.79,38132.51
39168.16,38337.676
39217.63,38625.246
39402.06,39133.824
39817.07,39734.418
40314.07,40448.93
42103.21,41314.473
43274.37,42527.26
44238.27,43973.562
45958.36,45571.24
49052.66,47125.797
51265.63,48921.0
52918.38999999999,50837.637
54377.41,52740.1
56209.71000000001,54383.875
57454.04,56007.285
58410.28,57381.105
59458.29,58517.875
60988.56999999999,59415.375
61783.35,60034.316
62234.44,60709.84
62578.32,61301.934
62372.87,61800.59
62736.34,62466.383
63311.45,62914.41
63606.93,63287.383
63671.80000000001,63653.508
64214.28,64233.215
64791.66,64574.773
65220.56,64848.48
65047.18,65102.094
65618.32,65551.38
66041.63,65675.97
66126.03,65669.34
65925.92,65582.03
65593.51,65641.21
65979.4,65463.617
66340.99,65211.99
65597.02,64997.465
65622.19,65076.43
65247.48,64934.15
64309.810000000005,64705.383
63891.70999999999,64432.12
63547.13,64196.41
63576.73999999999,63775.66
63181.82,63334.043
62941.89,62888.383
62489.04,62588.332
62358.479999999996,62185.2
61647.46,61780.86
61054.32000000001,61415.08
60342.44,61136.83
59907.939999999995,60774.746
59818.08,60432.098
59633.95,60131.594
59500.36000000001,59914.582
59249.659999999996,59795.254
59301.55000000001,59714.125
59426.689999999995,59635.02
59511.62999999999,59482.68
59086.22,59426.633
59465.420000000006,59396.266
59281.409999999996,59316.617
58772.42,59061.52
58412.88999999999,58821.004
57709.590000000004,58498.348
57280.0,58106.37
56691.36,57466.24
56331.21,56864.277
56573.27,56309.598
56232.17999999999,55784.62
55470.76000000001,55095.64
54572.05,54529.902
53769.95999999999,53838.137
52508.98,53057.812
51157.47000000001,51951.496
50076.88999999999,50885.348
49080.16,49774.543
47784.36,48661.867
47038.49,47564.832
46167.05,46486.473
45414.77,45578.555
45117.56,44870.13
44654.81,44124.555
44279.12,43627.07
43771.67,43311.22
43379.72,43089.76
43105.6,42778.562
43069.42,42530.855
42814.2,42342.332
42216.64,42226.156
42036.58,42071.8
42202.19,41803.81
42280.43,41578.434
42305.64,41497.004
42185.74,41532.016
42249.96,41670.402
42431.09,41865.168
42899.49,42128.78
43220.86,42565.67
43649.51,43151.855
44041.44,43890.13
45395.49,44769.81
46192.48,45927.84
46644.22,47221.22
48173.340000000004,48534.63
50746.95999999999,49720.805
52477.04,51147.418
53751.9,52694.082
55120.52999999999,54191.92
56518.98,55439.35
57140.119999999995,56718.46
58118.08,57813.547
58923.579999999994,58648.01
60032.1,59281.59
60316.36,59674.438
61032.71,60074.754
61236.52999999999,60400.61
61046.74,60731.15
61745.09,61254.086
62398.74,61606.98
62970.57000000001,61963.668
63516.48,62380.44
63973.09,63056.51
64002.46,63531.72
64513.84,63908.375
64597.25,64136.137
64906.33999999999,64577.496
65471.51,64766.164
65246.48000000001,64801.273
64546.94,64810.31
64302.29,64902.285
64264.67999999999,64623.035
64191.93,64268.062
64094.14,63938.85
63965.78,63825.184
63668.25,63607.32
63445.37,63405.004
63015.6,63119.79
62899.420000000006,62986.473
62755.78,62672.16
62601.0,62358.816
62535.76999999999,62046.37
61885.89,61846.715
61371.02,61545.11
61148.6,61140.84
60825.27,60716.19
60397.76000000001,60415.99
60267.84,60112.914
60230.62,59842.902
60365.59999999999,59686.418
59977.54,59623.188
60157.05999999999,59645.52
60059.42999999999,59672.402
59800.24999999999,59717.305
59575.14,59696.47
59612.16,59648.246
59669.08,59557.45
59486.69,59469.27
58899.22,59191.742
58800.6,58902.09
58305.34,58530.07
57650.70999999999,58122.66
56987.31,57510.367
56885.87,56942.555
56846.94,56372.86
56308.77,55883.707
55326.5,55229.543
54608.87,54670.395
53527.16,53997.676
52274.97,53248.906
51158.89,52182.25
50005.41,51124.98
49367.05999999999,50038.312
47853.09999999999,48969.65
47142.71,47925.31
46469.75,46886.934
45986.96,45975.49
45000.43,45259.73
44567.98,44546.62
44295.48,44002.355
43603.12,43578.39
43354.92,43276.54
42914.52,42888.176
42716.72,42587.03
42223.51,42361.51
41707.28,42170.926
41916.9,41936.07
41950.24,41649.188
41898.08,41462.61
41741.54,41414.16
42107.42,41423.54
42247.53,41463.312
42343.04,41627.582
42529.13,41918.52
42810.69,42344.51
43357.55,42871.61
43689.68,43519.81
44873.45,44324.242
45746.14,45436.934
46843.6,46674.867
47934.28,47947.836
50581.2,49208.266
52180.07,50691.355
53744.64,52234.117
54869.15,53718.465
56542.90000000001,54965.24
57633.1,56173.613
58760.08999999999,57189.473
59713.78,58058.242
58869.66,58780.4
60860.90000000001,59247.18
60891.67,59438.758
61042.41999999999,59674.984
60950.74999999999,59994.816
61323.75,60404.125
61577.53,60722.164
62032.84,61050.418
62204.490000000005,61409.863
62333.48000000001,61994.387
62987.14,62402.207
63108.079999999994,62673.664
63552.28,62886.18
64276.09,63254.55
64512.82,63386.43
64883.61,63465.816
64412.99,63457.535
64351.43,63592.043
64100.119999999995,63465.0
64166.24999999999,63230.414
63944.48,62957.297
63687.46,62896.12
63391.51,62730.03
62222.04,62506.79
62203.810000000005,62233.977
62291.18,61976.414
61589.200000000004,61583.293
60994.74999999999,61259.43
60905.79,60868.242
60734.74,60521.48
60194.399999999994,60082.27
59804.87,59700.758
59773.68,59321.402
59355.73,58993.043
59199.81,58705.83
58966.20999999999,58490.766
59035.66,58351.69
58911.65000000001,58281.09
58757.97,58277.586
58814.19,58317.363
58459.96,58352.594
58448.71,58339.746
58328.15,58326.484
58018.18,58290.863
58001.09999999999,58241.945
57367.82,57979.473
57036.15,57706.73
56765.06,57390.87
56262.7,57031.906
56073.78,56513.062
55979.57,56037.78
56049.079999999994,55600.836
56053.83,55238.336
55245.61000000001,54705.195
54168.16,54286.87
53034.94,53764.137
51590.73999999999,53071.438
50607.45,52000.14
49307.29,50908.95
48532.33,49805.727
47416.02,48716.53
46501.86,47640.844
45770.82,46610.15
45294.32,45690.113
44438.26,44932.21
43767.21,44168.836
43745.23,43600.004
43607.67,43137.125
43002.78,42820.336
42712.88,42536.17
42245.4,42308.438
42094.83,42106.473
41502.04,41913.594
41384.24,41695.76
41507.62,41528.887
41539.5,41373.664
41725.47,41310.86
41593.74,41315.906
41539.96,41418.14
41833.37,41584.582
42231.82,41805.367
42549.4,42180.934
42937.62,42736.652
43370.87,43444.11
44850.44,44263.555
45781.15,45356.04
46670.73,46632.906
48047.59,47998.33
50759.44999999999,49320.863
52286.67,50875.01
53459.200000000004,52518.6
54574.37,54069.387
56093.84,55285.65
57246.549999999996,56405.61
58102.34,57365.195
58891.65,58229.06
59784.8,58928.715
60177.11,59290.285
60715.46,59688.086
60884.69,60046.234
60930.04,60357.566
61483.35,60798.84
62085.8,61137.008
62624.2,61488.36
62742.43,61887.035
62680.48999999999,62501.008
63031.13,62917.47
63619.96,63157.96
64201.28,63299.566
64347.7,63640.418
64445.94,63808.934
64676.62,63877.598
64056.17,63807.945
64032.049999999996,63856.367
63694.94000000001,63652.035
63690.03999999999,63392.08
63478.67,63109.316
63344.79000000001,63008.242
63235.14000000001,62801.945
62767.77,62587.89
62572.420000000006,62351.67
62191.99,62192.71
61916.88,61886.324
61681.5,61560.125
61925.45,61179.465
61543.63,60909.855
60940.29,60605.03
60589.240000000005,60316.945
60447.740000000005,59961.168
60053.42,59667.22
59748.69,59406.504
59738.87,59207.656
59879.63,59071.31
59599.73999999999,58981.477
59468.81,58998.285
59494.94,59055.184
59440.65,59140.426
59063.72,59145.66
58920.369999999995,59152.46
58877.22,59101.63
58872.29,59025.06
58125.41,58817.727
57787.51999999999,58607.758
57433.51,58304.637
56671.31,57940.41
56357.869999999995,57415.48
56647.05000000001,56885.215
56891.98,56388.113
56380.64,56018.97
55623.44,55487.06
54799.8,54997.816
53599.19000000001,54397.625
52429.43,53677.297
51458.01000000001,52562.633
50251.54,51476.58
49274.62,50390.29
48125.41000000001,49322.266
47516.9,48234.17
46702.79,47194.562
46014.73,46331.207
45116.44,45650.742
44320.08,44910.55
44000.59,44335.234
43936.13,43851.508
43538.46,43487.727
43018.43,43140.203
42771.05,42893.62
42520.37,42649.348
41899.31,42408.832
41711.52,42175.977
41645.62,41985.12
41884.76,41803.008
41807.88,41689.49
41689.71,41665.746
41811.78,41734.414
42035.61,41840.49
42450.9,42041.113
42790.91,42434.145
42929.32,42981.0
43680.49,43676.81
44858.56,44459.55
45205.19,45548.81
46308.51,46800.11
48047.6,48013.29
50491.6,49183.05
52103.350000000006,50735.234
53537.67,52362.848
54671.24999999999,53880.562
56196.53999999999,55147.465
57224.450000000004,56375.36
58407.6,57396.645
59257.08,58261.688
60020.57000000001,59036.66
60358.17,59538.58
60739.58999999999,59954.56
61217.42,60337.938
61471.520000000004,60669.48
61843.47,61121.75
62431.68,61481.527
62877.53999999999,61779.066
63267.64,62034.938
63632.33,62421.246
63989.23,62652.0
64492.99,62782.17
64711.82,62849.78
64916.22,63118.547
65138.51,63210.137
64865.91,63218.14
63940.19,63143.93
63545.69,63162.426
63495.45,62874.113
63150.06,62475.523
62983.200000000004,62104.715
62615.73,61917.027
62296.9,61618.914
61753.29,61312.496
61329.82,60969.477
61119.76999999999,60752.273
60769.37999999999,60430.24
60374.32,60124.53
60387.94999999999,59847.555
60007.3,59668.824
59580.85,59462.336
59357.13,59265.01
59583.25,59059.812
59213.57000000001,58919.88
58625.83,58822.625
58598.95,58742.49
58874.51000000001,58608.04
58720.93,58464.56
58571.11000000001,58405.918
58338.26,58378.832
58146.80000000001,58342.023
57891.77999999999,58158.562
57777.68,57982.594
57751.54,57802.113
57119.030000000006,57635.83
56421.83999999999,57377.426
56349.37000000001,57055.656
56077.73,56651.863
55373.88,56264.844
54767.05,55760.85
54751.659999999996,55247.285
54757.89,54703.277
54339.17999999999,54237.51
53420.46000000001,53633.46
52398.59,53112.176
51147.67,52495.91
49919.16,51756.254
49333.83,50669.867
48414.27,49629.906
47497.16,48662.16
46745.32,47775.27
46033.04,46938.87
45350.12,46099.242
44753.8,45330.195
43597.03,44649.188
43362.99,43873.97
42966.91,43176.53
42506.61,42630.555
41654.27,42243.266
40982.85,41828.5
40706.99,41455.664
40285.95,41097.89
39618.57,40801.14
39465.14,40257.027
39423.11,39753.9
39158.47,39412.047
39053.63,39229.426
38938.17,39075.254
38842.08,38950.55
38938.52,38865.574
38780.64,38797.96
38796.21,38801.516
38769.53,38830.566
38750.52,38890.85
39227.76,39001.527
39400.14,39275.984
39498.04,39627.254
39829.48,40070.055
40651.84,40549.938
40597.64,41261.188
41035.53,42024.023
41539.94,42739.363
42755.14,43353.645
43690.31,44104.953
44536.4,44879.26
45619.09,45689.594
46753.79,46449.28
47664.52,47167.348
48445.38,47835.348
49200.78999999999,48511.85
50015.78,49144.59
50588.17,49817.547
50944.600000000006,50421.105
51513.62999999999,50915.64
51789.98,51264.85
51915.780000000006,51626.37
52405.61000000001,51844.97
52709.51999999999,51923.58
52949.33999999999,51953.406
53271.72000000001,52086.074
53764.56999999999,52117.195
53699.19,52081.254
53462.98,52020.73
53566.30000000001,52013.105
53143.41999999999,51878.22
52607.41,51713.746
52090.3,51501.605
51948.39,51295.438
51755.32,50995.207
51227.11,50693.27
50538.7,50414.977
50441.020000000004,50234.9
50089.79,49973.297
49572.67,49718.527
49770.22,49491.58
49660.369999999995,49320.215
49455.21,49200.027
49005.869999999995,49116.71
49110.41,49055.984
48962.63,48997.76
48848.2,48952.89
48545.27999999999,48945.832
49113.34,48958.867
49046.85,48952.453
49139.52,49010.164
49260.34,49077.113
49479.49,49148.363
49420.49,49130.0
49382.729999999996,49156.875
49315.9,49188.332
49760.98999999999,49190.926
49745.02,49079.664
49404.96000000001,49007.96
48622.55,48974.2
48073.47,48872.83
47722.39,48497.117
48053.77,48073.062
47993.58,47681.56
47887.55000000001,47426.91
47202.05,47050.77
46887.42,46704.938
46115.69,46296.34
45658.58,45858.11
45005.48,45204.566
44271.54,44604.086
43405.1,44026.35
42129.92,43471.11
41598.01,42926.824
41193.39,42201.027
40389.24,41453.598
39448.8,40821.684
38953.6,40087.2
38456.37,39389.867
38105.69,38803.848
37597.26,38323.875
36983.91,37822.363
36789.91,37377.457
36699.31,36978.574
36377.57,36656.652
36010.98,36363.75
35712.48,36054.92
35732.18,35803.523
35670.98,35590.76
35536.83,35391.66
35625.52,35212.582
35557.3,35067.387
35415.21,34970.082
35480.73,34915.035
35362.15,34842.332
35188.04,34797.535
35497.1,34791.332
35475.37,34868.17
35582.44,34981.617
35366.3,35152.34
36091.51,35383.043
35718.31,35762.836
35945.88,36191.19
36263.76,36582.656
37142.24,36888.875
37855.97,37344.277
38632.18,37888.27
39353.24,38492.125
40214.08,39106.824
41013.26,39745.73
41762.91,40430.06
42235.79,41051.504
42880.3,41656.17
43681.14,42355.97
44295.94,43061.54
45019.96,43795.83
45439.07,44532.49
45923.5,45358.617
46231.71,46058.37
46759.06,46616.098
47302.55,47000.28
47696.75,47387.5
48152.600000000006,47589.473
48445.34,47606.07
48496.96,47468.734
48350.88,47352.434
48172.02,47144.527
47935.45,46862.746
47486.07,46548.86
47193.5,46356.566
46794.3,46143.586
46452.13,45927.99
46226.92,45689.92
46102.85,45567.7
45942.88,45457.69
45543.27,45359.28
45660.55,45284.62
45389.71,45287.48
45227.17,45294.984
45162.42,45305.51
45194.5,45304.22
44834.5,45386.06
44737.54,45497.02
44912.99,45588.68
45732.2,45677.29
45880.7,45828.453
46093.37,46117.62
46444.35,46430.723
47256.3,46719.957
47580.5,46986.062
47390.94,47342.406
47660.07,47699.582
47744.98,47959.312
47617.32,48044.605
47515.38,48112.895
47637.34,48169.305
47543.46,48208.17
47780.18,48140.008
48215.0,48149.324
48387.73,48239.62
48300.22,48400.203
47677.04,48365.668
47279.34,48302.402
47055.79,48096.848
46914.89,47757.457
46512.98,47170.918
45920.18,46639.934
45313.15,46092.5
44479.93,45490.562
43888.92,44759.902
43456.53,43962.68
42968.82,43248.16
42413.73,42665.535
41928.03,42028.285
41282.05,41533.77
41002.17,41142.82
40651.76,40801.34
40397.42,40383.816
40144.75,40021.094
40025.39,39720.234
39721.22,39459.387
39622.53,39472.23
39763.7,39350.02
39569.52,39167.97
39131.68,39056.082
39256.7,39004.39
39238.07,38938.36
39370.25,38949.54
39995.47,39083.37
40321.6,39390.027
40957.27,39913.332
41588.68,40637.227
43382.93,41550.004
44319.95,42847.473
45573.43,44393.633
47398.24,46053.6
50560.159999999996,47684.9
52404.78,49615.555
53784.31,51636.25
55127.72000000001,53562.723
56810.22000000001,55118.582
57903.01,56585.938
59126.94000000001,57819.074
60388.46,58847.965
61283.490000000005,59727.594
62129.02,60358.49
62685.46,60943.746
63091.33000000001,61426.797
63182.96,61856.688
63561.13,62427.742
64257.21000000001,62868.613
64455.75,63262.668
64892.94,63682.57
65368.52,64266.938
65882.6,64685.36
66376.84,65033.184
66612.66,65314.844
67220.21,65753.96
67592.11,65941.95
67621.43,66029.96
67051.8,66035.016
66837.77,66145.63
66837.28,65942.5
67132.89,65655.89
67068.14,65377.887
67044.29,65353.7
67093.95,65225.97
66321.09,65067.8
66005.56,64888.605
66041.76,64784.008
65620.19,64458.72
65293.369999999995,64157.027
65137.47,63821.445
64986.64000000001,63564.023
64740.82,63219.035
64193.39000000001,62911.69
63959.68,62634.098
63765.05,62412.695
63238.58000000001,62172.082
63121.45,62004.418
63155.27,61868.285
63233.659999999996,61768.508
63351.4,61755.613
63329.560000000005,61802.438
62603.34,61905.78
62066.16000000001,61913.168
62217.10999999999,61803.13
61857.0,61526.785
61361.84,61270.92
60655.51,60900.152
60505.33,60471.152
60099.1,59975.867
60071.19,59527.84
59759.78999999999,58964.47
60087.950000000004,58570.555
60178.2,58254.016
59433.42,58046.273
58484.81,57603.65
56957.76,57155.76
56084.0,56547.73
55097.33,55732.18
54141.13,54548.066
52957.42,53488.55
52087.33999999999,52441.754
51045.310000000005,51388.695
50386.62,50383.027
49525.66,49339.473
48809.19,48482.582
47932.87,47790.65
47521.41,47050.156
47045.44,46499.53
46322.68,46089.81
45253.93,45802.406
45298.26,45404.02
44771.82,44981.707
44681.06,44641.7
44206.84,44367.13
44203.92,44035.5
44252.7,43679.535
44380.19,43413.266
44454.16,43266.977
44410.85,43218.812
44224.16,43285.508
44201.03,43429.254
44733.42,43620.258
44773.81,43948.95
45078.31,44468.4
45780.04,45143.086
47484.48,45913.227
48375.89,47042.562
49714.75,48434.016
51010.16,49922.043
54096.32,51411.152
55376.84999999999,53155.777
56424.69,54964.758
57509.9,56659.83
58945.14,57970.625
60261.14,59214.227
61418.64,60248.355
62171.4,61175.41
63199.71,61986.965
63737.43,62484.234
64259.34,62895.977
64715.74,63253.605
64260.58,63558.594
64753.21,64050.266
65684.33,64358.28
66220.52,64617.67
66470.88,64988.54
66756.75,65597.38
67139.27,66022.3
67537.8,66313.13
67847.57,66532.05
68504.44,66935.63
68900.99,67109.49
69080.64,67229.0
68020.58,67284.4
67885.82,67485.016
68077.01,67303.44
68153.76,66993.74
67957.48,66742.41
67718.61,66769.05
67417.3,66622.25
66948.12,66425.266
66633.17,66169.46
66575.6,66034.445
66226.68,65712.5
65980.95,65384.82
66433.6,65030.32
65811.61,64794.113
65875.01,64532.484
65834.74,64252.332
65493.72,63991.555
64726.16,63870.438
64892.920000000006,63712.152
64568.75000000001,63508.5
64573.01999999999,63374.96
64419.22000000001,63312.406
64624.18,63262.78
64568.200000000004,63267.418
63987.9,63317.492
63722.4,63263.65
63522.67,63124.89
63582.47,62900.9
63315.240000000005,62652.188
62512.51999999999,62294.2
62257.0,61936.91
62225.06,61487.062
62070.69,61031.754
61363.2,60447.91
61394.19999999999,60043.418
61532.590000000004,59646.973
60812.30000000001,59301.332
59823.27999999999,58750.105
58631.52999999999,58249.1
57378.09,57604.934
56395.83,56807.63
55436.86000000001,55626.54
53932.82,54550.49
52991.55,53513.36
51680.74,52443.34
50856.97,51394.566
50015.88,50292.0
49321.27,49350.44
48338.32000000001,48579.63
47942.26,47752.145
47293.72,47128.92
46743.82,46653.875
46333.45,46280.36
46000.34,45812.82
45618.69,45462.535
45292.09,45177.19
44611.98,44931.426
44473.08,44648.934
44366.88,44331.93
44358.64,44047.68
44217.64,43848.543
44348.89,43710.02
44415.68,43683.41
44456.4,43746.5
45317.04,43918.082
45611.86,44257.465
45858.61,44841.664
46289.44,45644.207
48015.329999999994,46536.547
49082.420000000006,47717.12
50221.07,49131.977
51742.02,50704.8
54548.740000000005,52226.105
55955.56,54012.324
57200.76,55808.418
58434.98000000001,57452.625
60053.89,58727.59
61007.689999999995,59968.184
62030.69999999999,61005.293
62895.91,61869.332
63766.05,62570.66
64195.01,62949.73
64434.48,63378.184
64769.76999999999,63671.324
64254.97,63875.48
65122.16000000001,64282.14
65635.95,64502.344
66172.02,64747.13
66380.63,65092.96
66741.83,65665.28
67199.92,66050.664
67757.72,66340.766
68058.08,66567.87
68237.29,66983.01
68602.71,67169.11
68570.45,67219.125
68367.87,67186.37
68425.4,67266.69
68302.49,67087.555
68597.88,66873.11
68085.35,66653.266
67825.58,66678.54
67786.64,66522.95
67510.79,66291.68
67778.99,66035.87
67731.26,65973.875
67195.66,65808.69
67279.55,65642.9
67073.14,65355.28
66629.93,65214.81
65534.67,64942.51
65178.58999999999,64620.508
65301.98999999999,64189.086
64601.14,63844.785
63845.56,63580.375
63568.06,63352.105
63764.23,63099.688
63609.81,62903.016
63282.21,62795.74
63164.01999999999,62757.266
63184.8,62706.617
62858.04,62567.34
62548.689999999995,62437.086
62381.94,62249.957
62323.98000000001,62007.61
61868.48,61621.945
61590.48,61243.89
61331.46,60841.242
61176.77,60458.324
60871.31,59917.08
60679.869999999995,59514.383
60350.47,59179.75
59743.95,58889.17
59028.77999999999,58303.645
58061.06,57749.824
57073.659999999996,57095.645
55843.3,56345.113
54882.14,55235.965
53461.030000000006,54207.574
52411.15,53159.715
51354.69999999999,52100.117
50067.00000000001,51071.105
49278.240000000005,49994.312
48885.79000000001,49008.938
48253.5,48174.37
48183.72,47338.19
47716.41,46772.42
47194.38,46420.17
47030.14,46192.234
46720.46,45838.242
46523.33,45609.344
45954.0,45422.13
45297.92,45269.95
45164.54,45041.395
44893.44,44822.93
44636.19,44634.05
44797.74,44496.4
45054.08,44367.96
44982.83,44352.37
45101.68,44475.582
45496.17,44688.79
45989.87,45062.207
46158.86,45590.36
46265.83,46302.17
47891.99,47139.28
48848.72,48240.582
49658.869999999995,49544.492
51281.53,51015.48
54321.090000000004,52443.867
55946.61,54179.03
57103.53,55987.348
57952.81,57675.24
59536.37999999999,58996.29
60445.85,60219.707
61551.88,61216.953
62373.66,62047.87
63295.62000000001,62731.156
63794.5,63115.098
63893.69,63489.184
63877.97,63811.406
63820.65000000001,64034.95
64385.26,64405.266
64904.25000000001,64606.4
65167.07,64836.348
65626.39,65126.473
66430.59,65655.05
66863.48,65980.25
67372.89,66277.81
67422.18,66537.27
67481.07,66985.805
67585.66,67143.38
67707.79,67138.34
66973.91,67021.78
66809.99,67082.06
67088.14,66835.61
67487.75,66509.305
67506.23,66266.12
66767.96,66324.71
65982.22,66256.12
65182.57000000001,66047.35
64849.64,65682.54
65127.34,65388.223
64996.1,64931.473
64700.26,64552.617
64411.780000000006,64210.047
64070.96,64000.754
64029.81,63635.363
63675.64,63260.04
63536.61000000001,62942.656
63150.41,62746.38
63045.98,62546.016
62712.69,62366.438
62779.74,62249.953
62703.67,62176.492
62872.969999999994,62142.023
62672.69,62176.65
62206.43000000001,62249.906
61604.18,62192.66
61539.5,62044.438
61556.24,61772.76
61220.46000000001,61485.07
60777.84,61090.99
60458.78,60703.684
60280.26,60292.824
60293.850000000006,59895.008
60143.57,59343.56
60434.65000000001,58960.81
60222.19,58666.02
59116.27,58455.21
58345.54,57939.09
57352.07,57363.21
56052.52999999999,56643.36
55034.810000000005,55824.652
53898.93,54631.367
52817.25,53526.86
51993.240000000005,52410.29
50551.07,51315.473
49538.77,50321.49
48750.37,49288.773
48383.13999999999,48350.633
47281.75,47580.996
46836.39,46825.566
46507.0,46270.055
46074.22,45837.15
45629.14,45543.86
45148.68,45186.98
44997.01,44900.418
44668.56,44623.98
44219.77,44376.19
43821.6,44136.18
44037.4,43966.617
44022.84,43791.887
43722.6,43707.438
43702.49,43710.97
43638.25,43753.56
43742.0,43840.4
43813.34,44003.508
44174.0,44345.32
44388.83,44805.562
45131.52,45391.477
46786.43,46119.07
47605.97,47204.805
48675.51,48521.13
49944.51000000001,49940.34
52797.19,51321.695
54690.67,52934.156
56198.67,54559.176
57386.590000000004,56137.016
58551.88999999999,57468.016
59661.82000000001,58776.117
60583.81,59795.203
61410.26,60656.8
62436.38,61383.527
63040.55,61813.867
63491.94999999999,62204.242
63820.16,62624.43
63429.3,63011.85
63748.1,63502.355
64317.77,63761.734
64809.27999999999,63919.957
65053.64,64078.355
65060.71,64454.652
65585.88,64631.246
65907.54,64673.492
66094.61,64671.355
66322.83,64886.16
66514.69,64889.258
66633.45,64825.18
65772.31,64702.38
65272.38,64722.734
65276.07000000001,64456.895
65359.09,64079.266
64975.52,63713.273
64288.4,63589.094
64168.57,63324.152
63404.61000000001,62964.188
63506.63,62597.973
63589.37,62339.727
63441.969999999994,62048.05
63261.729999999996,61855.88
63229.990000000005,61715.99
62834.2,61677.87
62326.06999999999,61583.992
61872.549999999996,61470.04
62166.69999999999,61306.824
61909.27,61149.785
61515.08999999999,61012.18
61225.33,60917.27
61517.35999999999,60802.574
61363.4,60645.133
61037.479999999996,60546.547
60915.33000000001,60488.816
60541.46000000001,60389.305
60173.51,60146.09
59908.94,59892.766
59763.87,59610.027
59483.91,59331.242
58954.09,58944.5
58602.96,58580.0
58440.1,58203.164
57816.51,57818.473
57864.22,57269.566
57719.77,56751.36
57547.01,56303.0
56583.15,55931.016
55701.53,55305.094
54465.91999999999,54684.867
53355.16,53962.535
52143.909999999996,53145.695
51304.16999999999,52033.457
50358.52999999999,51035.45
49472.64,50086.76
48399.66,49203.176
47833.43,48441.344
46966.45,47581.527
46315.28,46790.047
44687.71,46092.434
44333.01,45275.164
44246.38,44522.42
43759.71,43860.19
42542.21,43403.766
42127.49,42952.87
41500.78,42500.652
41172.8,42092.812
40632.22,41735.594
40047.46,41115.258
39891.11,40609.617
39801.06,40234.246
39893.23,39955.906
39658.74,39756.92
39420.98,39653.297
39260.43,39579.71
39356.09,39500.113
39452.05,39453.09
39325.47,39459.98
39526.86,39521.246
40026.12,39607.008
40022.56,39887.793
40044.31,40273.668
40709.83,40700.61
41597.09,41142.473
41876.18,41882.145
41916.26,42701.61
42307.99,43493.0
43601.01,44146.395
44287.96,44867.598
45229.46,45631.746
46370.06,46415.32
47434.81,47162.96
48535.67,47897.293
49162.38,48566.137
49984.6,49253.02
50740.71,49884.605
51474.03,50549.047
52407.2,51141.42
52885.030000000006,51635.6
52940.13,52073.203
53167.42,52519.65
53697.0,52746.688
53644.24999999999,52827.87
53709.84,52855.23
54231.08,52931.223
54497.649999999994,52865.535
54491.19,52804.47
54378.06,52728.598
54330.55,52728.16
54096.600000000006,52621.766
53564.149999999994,52462.797
53380.59999999999,52265.867
53077.990000000005,52097.605
53279.39,51854.984
52796.74,51608.9
53007.32,51397.34
52940.829999999994,51279.06
52372.76,51175.8
52384.55999999999,51105.945
52130.21,50985.414
51969.55,50927.246
51821.11,50862.52
51209.02,50786.277
51375.27,50723.95
51309.6,50669.957
50477.23999999999,50611.22
50525.12999999999,50607.504
50633.35,50521.145
51152.80999999999,50437.574
50951.130000000005,50413.824
50969.09,50495.867
51758.96,50580.438
51464.99,50550.598
51228.81,50614.605
51055.98999999999,50671.992
51037.91,50634.52
50515.14000000001,50471.33
50178.2,50307.945
49812.979999999996,50089.14
49585.079999999994,49810.883
49650.14,49378.82
49158.89,48992.39
49007.33,48711.145
48311.52999999999,48421.113
47425.07,47919.707
46985.79,47453.793
46562.66,46913.188
46389.87,46363.152
45917.68,45683.496
45387.63,45140.227
45045.18,44663.613
44268.5,44215.383
43695.9,43897.156
43478.97,43412.17
43012.59,42868.547
41888.72,42404.266
41377.27,41828.695
40864.08,41279.066
40653.68,40770.504
39792.17,40336.5
39373.07,39893.867
39062.23,39476.402
38570.55,39098.25
37877.26,38785.367
37442.3,38467.98
37124.58,38080.48
37301.01,37740.14
36858.93,37448.81
36835.13,37216.22
36547.38,37005.598
36389.5,36810.96
36727.61,36635.445
36831.06,36463.652
37039.61,36374.78
36875.38,36353.21
36932.09,36383.094
36917.9,36532.91
37176.18,36647.31
37230.55,36770.926
37772.43,36977.734
37638.7,37431.582
37737.84,37885.105
37424.53,38296.84
37832.29,38634.1
38341.89,39053.562
39140.1,39428.527
39481.94,39849.97
40578.76,40348.07
41458.63,40870.875
42489.59,41501.86
43024.38,42111.27
43573.8,42721.523
43955.67,43462.42
44828.93,44169.875
45296.41,44836.266
45665.14,45512.137
46307.68,46335.99
46965.58,47033.066
47787.09999999999,47611.105
48096.23999999999,48091.668
48730.63,48620.91
49102.51,48904.457
49424.47,48976.613
49072.25,48877.035
48809.490000000005,48779.883
48655.75,48506.332
47999.48000000001,48118.434
47865.920000000006,47702.984
47839.72,47392.12
47989.64,47060.293
47923.38,46792.76
47604.86,46606.418
47342.65,46645.406
47222.31,46677.22
46473.85,46659.984
45980.62,46634.273
45392.26,46637.07
44772.41,46521.75
44289.67,46366.21
45180.89,46149.734
45150.3,46006.785
44784.48,46045.613
44836.03,46219.63
45077.22,46367.8
45348.07,46529.34
45106.29,46784.16
45966.95,47121.98
46364.38,47356.453
46746.38,47553.918
47155.35,47808.016
46810.78,48045.176
46776.05,48270.156
46281.81,48267.04
46166.31,48218.46
46261.29,48136.77
47330.6,48049.684
47843.86,47826.934
48108.01000000001,47869.824
47893.96,48097.074
47025.72,48318.848
46260.61,48201.8
45795.94,47926.18
45306.0,47461.684
45517.63,46916.992
44956.51,46142.688
44289.56,45523.254
43627.69,44909.582
42966.31,44241.32
42499.84,43452.434
41774.87,42663.66
41050.5,42008.65
40109.85,41460.1
39565.1,40766.81
39429.97,40141.54
39072.27,39631.15
38714.81,39287.51
38259.79,38902.93
37863.79,38563.25
37766.91,38251.13
37680.21,37927.92
37520.1,37905.156
37546.86,37797.24
37624.04,37684.0
37749.21,37638.695
37735.53,37609.254
37697.99,37637.812
38014.64,37760.34
38897.61,37982.78
39402.41,38423.824
40028.17,39101.0
40563.64,40003.35
41580.34,41100.89
42579.4,42534.562
43987.59,44047.766
45831.8,45612.973
49431.04,47204.5
51349.97000000001,49118.777
52316.32,51187.16
53589.64,53131.02
55742.55000000001,54609.934
56668.64,55935.145
57697.91,57108.492
58635.049999999996,58130.375
59317.39000000001,58937.332
59868.35,59418.31
60301.84,59871.79
60272.18000000001,60226.973
59796.95,60503.074
60159.329999999994,60926.555
60734.52,61184.59
61143.55,61399.355
61382.60999999999,61665.516
61727.86,62206.027
62248.79,62543.332
62949.99,62799.957
63545.47,63011.266
64046.18,63431.08
64252.67,63633.797
65444.36,63710.992
64560.76999999999,63701.375
64199.700000000004,63941.35
64809.64,63909.145
64292.21,63673.53
64088.83,63507.0
63691.19999999999,63518.766
63462.0,63321.86
63230.82,63051.44
62881.14,62718.996
62709.87,62548.918
62383.65,62233.38
62033.0,61851.1
61908.52,61426.285
61455.009999999995,61063.54
61134.979999999996,60654.547
60678.76,60248.61
60601.79,59876.13
60443.1,59608.51
60232.560000000005,59420.76
59189.65,59363.613
59278.09999999999,59398.816
59410.77,59358.965
59633.17999999999,59334.227
59529.01000000001,59465.215
59184.22,59700.254
59162.05,59801.25
59384.530000000006,59830.4
59205.100000000006,59820.406
59157.84,59779.61
59176.14,59555.137
59218.82,59273.19
58998.48000000001,58982.125
58858.9,58693.582
58756.14,58220.457
58901.22000000001,57818.65
58132.41,57452.09
57167.51999999999,57130.363
56140.71,56408.13
55182.05,55610.33
53937.47,54688.87
52663.97,53733.707
51685.4,52489.38
50680.67,51326.465
49919.62,50197.39
48143.02,49159.887
46989.42,48184.207
46534.14,47149.32
45738.65,46176.348
44282.06,45414.02
43642.42,44624.7
43224.83,43938.715
42996.92,43359.37
42561.55,42933.29
42487.77,42488.04
42163.27,42188.71
42154.86,41993.36
42045.39,41883.234
41897.19,41742.508
41967.48,41615.066
42181.13,41552.098
41784.13,41588.566
42034.42,41726.18
42119.68,41877.027
42187.11,42071.953
42529.53,42387.203
42671.78,42888.867
43304.66,43507.094
43835.75,44262.508
45164.56,45165.992
45961.29,46370.92
46883.48,47724.98
48426.51,49138.273
52016.61000000001,50465.062
54186.80999999999,52075.793
55302.88,53829.094
56610.84,55605.785
58396.55,57020.016
59581.270000000004,58347.41
60441.22,59488.29
60915.54,60470.62
61213.490000000005,61228.87
61878.58,61576.13
62499.28,61795.816
62707.16999999999,61977.246
61810.71,62228.055
61946.19,62634.3
62417.82,62788.387
62854.59,62907.383
62687.799999999996,63111.953
63042.91,63583.957
63693.78,63832.945
64281.76999999999,63988.89
64340.38,64137.043
64903.85,64532.336
65125.65,64661.45
65394.2,64683.28
64620.06,64666.113
64351.159999999996,64782.34
64850.280000000006,64593.47
65017.020000000004,64314.836
65073.600000000006,64098.58
64651.490000000005,64162.86
64265.81999999999,64141.164
63760.59,64040.652
63869.15,63834.37
63612.31,63683.54
63200.26,63370.242
62932.37,63054.67
62970.64,62651.656
62646.46,62299.445
62034.38,61831.574
61555.399999999994,61409.7
61090.91,60968.91
61008.490000000005,60576.254
60362.829999999994,60217.195
60082.76,60012.5
60488.04,59878.895
60776.590000000004,59792.004
60546.77,59890.023
60559.560000000005,60168.4
60474.07,60466.848
60101.009999999995,60616.266
59714.48,60738.71
59675.4,60748.258
59383.159999999996,60623.836
59417.0,60296.594
59269.29,59927.676
59065.73,59552.758
58932.84,59203.21
59071.73,58639.23
58908.48,58146.67
58224.04000000001,57748.625
57213.08000000001,57371.34
56263.23,56580.227
55117.6,55738.32
54080.99,54819.434
52917.44000000001,53835.633
51874.38,52597.055
50708.77,51471.914
49571.2,50381.715
48108.61,49365.797
47307.74,48360.43
46532.93,47318.97
45908.91,46386.758
44528.84,45602.523
44008.28,44769.625
43439.77,44058.598
43140.9,43464.047
42689.96,43014.547
42479.07,42561.406
42479.53,42231.406
42670.95,41984.184
41928.18,41840.56
41540.1,41762.152
41605.68,41645.957
41876.87,41487.27
42007.02,41415.62
41952.32,41432.92
42003.43,41584.074
42240.44,41792.977
42740.6,42061.754
42880.06,42523.11
43371.49,43150.008
44029.16,43894.973
45666.88,44735.855
46604.31,45891.1
47467.96,47279.49
48889.43,48761.418
52429.18,50144.156
54447.94,51720.176
55368.46000000001,53468.145
56601.98,55215.684
57940.06,56576.78
58753.85,57808.758
59749.32,58793.797
60702.41,59563.28
61381.34,60162.477
62063.61,60508.75
62248.68,60876.42
62488.55,61203.94
62257.77,61490.508
62668.33,61900.0
63374.43,62212.906
63509.43,62523.188
63519.83,62914.16
64098.69,63481.465
64726.68,63820.68
64991.93,64101.19
65135.53,64359.76
65372.43000000001,64749.734
65755.29,64844.023
65902.06,64798.523
65275.7,64716.48
64849.369999999995,64797.605
65206.63,64634.91
65233.82,64342.164
64608.060000000005,64072.96
64231.31,64095.875
63802.98,63948.547
63010.92999999999,63705.12
62683.16,63381.69
62582.88,63143.18
62630.850000000006,62744.363
62484.56,62341.508
62608.98999999999,61960.723
62143.8,61684.49
61848.29,61359.75
61361.520000000004,60992.492
61353.96000000001,60636.742
60922.12999999999,60394.406
60520.36000000001,60170.75
60679.310000000005,60015.332
61043.69,59871.125
60722.270000000004,59862.383
60893.08,60023.62
60906.93,60252.266
60879.17,60538.1
60768.25,60785.066
60967.65,60987.7
61342.88,61114.71
61528.39,61190.977
61319.75,61163.56
60799.99,61116.58
60825.49,60939.43
60585.11000000001,60680.48
60381.12,60189.273
59910.72,59731.64
59098.64000000001,59267.656
58163.64,58796.438
57203.82000000001,57906.543
55876.23,57022.477
54684.17,56059.52
52907.53,55012.086
51826.649999999994,53655.176
50513.770000000004,52371.04
49891.33,51082.88
49266.42,49914.105
47837.19,48833.08
46574.77,47858.496
46079.87,46995.1
45807.95,46185.266
45498.01,45334.234
45604.94,44776.05
44896.68,44419.086
44510.6,44266.88
43668.67,44041.72
43056.47,43841.96
42940.19,43623.605
42585.12,43344.156
42273.25,43055.434
42413.19,42828.37
42534.93,42632.51
42378.57,42543.637
42627.25,42548.062
42825.88,42612.41
42881.5,42738.113
43425.28,43006.727
43794.66,43452.055
44158.7,44098.285
44637.61,44914.78
46016.33,45825.63
46807.26,47028.086
47652.61,48405.535
49516.920000000006,49819.33
52661.4,51152.152
54706.47,52834.69
55699.92,54620.098
57104.78,56302.93
58938.63,57617.652
60109.92,58852.207
61007.38,59915.105
61891.53,60828.266
63092.72000000001,61557.53
63698.01,61952.92
63676.509999999995,62435.453
63951.83,62889.867
63222.91,63187.848
63483.01,63624.242
63970.9,63834.29
64183.94,64003.277
63616.83999999999,64237.914
64025.079999999994,64746.844
64790.51,64945.777
65348.03999999999,65053.45
65772.76,65212.17
66485.14,65545.33
67164.14,65713.695
67414.61,65835.13
66781.99,65912.46
66888.76,66203.555
66888.46,66183.77
66706.92,66054.83
66403.34,65977.07
66062.34,66070.555
66269.41,65912.16
65220.61000000001,65654.98
64821.08,65395.64
64935.06,65212.62
64460.35,64790.688
63946.45,64404.992
63886.33,63966.86
63825.350000000006,63596.484
63336.62,63108.234
62800.83,62713.55
63043.81999999999,62358.816
62100.48,62068.914
62121.28,61894.2
62322.38,61780.996
62248.53,61743.895
62481.61,61860.4
61498.02,62069.902
61906.130000000005,62364.67
62924.26,62525.555
62530.72,62532.56
61992.08,62682.855
62141.93000000001,62776.516
62157.17999999999,62643.855
61688.090000000004,62268.047
61267.8,61929.668
61496.13,61541.977
61452.3,61111.305
61131.84,60507.16
60671.37000000001,60079.137
59654.88,59664.703
58882.6,59183.605
57773.170000000006,58247.18
56629.76000000001,57337.934
55438.13999999999,56367.56
53813.62,55302.28
52575.37,53919.484
51507.13,52653.938
50434.68,51442.375
48734.84,50317.438
47955.36,49227.85
47229.28,48128.62
46507.61,47176.84
45196.94,46467.48
44747.57,45709.1
44541.41,45079.414
44314.54,44553.875
44112.55,44218.36
43890.46,43887.285
43410.76,43650.684
42990.77,43469.76
42485.96,43300.992
42104.58,43121.773
42113.88,42950.496
42469.8,42790.37
42215.44,42679.51
42330.06,42663.668
42195.88,42726.312
42575.91,42829.598
43158.09,43008.14
43296.92,43383.06
43632.01,43982.1
44287.66,44736.734
45632.4,45608.68
46477.67,46817.47
47369.9,48178.508
48979.759999999995,49569.605
52088.06,50860.1
53942.01,52455.82
55362.55,54123.535
56932.270000000004,55669.34
58875.450000000004,56932.5
59693.91,58192.117
60444.69,59289.727
61521.97,60190.117
62635.7,60866.49
63146.92999999999,61267.25
63259.8,61718.316
63601.54,62173.082
63414.26,62527.668
63415.88,62959.637
63795.77,63215.996
64128.17,63349.18
64089.92999999999,63453.883
64126.02999999999,63769.332
64617.6,63889.51
65001.530000000006,63903.445
64538.11,63891.164
64584.01,64102.082
64843.73000000001,64041.61
65044.36,63866.723
64517.83,63669.938
64497.16999999999,63661.555
64285.67,63411.844
63689.96,63130.23
63230.33000000001,62834.9
62981.57000000001,62637.582
62595.549999999996,62252.14
61823.76,61881.984
61464.79,61498.56
61250.29,61218.38
60725.18,60836.9
60295.94,60505.94
60264.81,60182.48
60101.3,59949.223
59715.30000000001,59729.633
59679.51,59568.78
59544.32,59425.227
58963.37,59391.906
58617.1,59370.605
58502.36000000001,59339.22
59171.84,59312.855
59079.39000000001,59308.332
59063.55,59428.004
59192.16999999999,59569.84
59428.25,59664.703
58963.26,59608.63
58957.2,59545.57
59067.22,59403.74
59057.14,59205.625
58496.84,58853.875
58471.51,58535.31
58698.97,58135.61
58669.4,57716.293
58200.44000000001,57129.42
57317.369999999995,56724.09
56487.24999999999,56298.62
55375.71,55759.684
54133.29,54831.74
53145.16,53944.434
52040.52,52996.89
51311.31,52076.49
50223.85,50908.926
49113.130000000005,49952.133
48552.59,49063.33
47463.88,48202.848
46569.54,47452.92
45573.45,46648.125
44945.03,45856.85
43699.12,45120.715
42635.76,44268.016
42295.41,43555.38
42111.41,42899.805
41544.59,42347.793
41068.52,41842.12
40947.83,41470.43
40855.76,41174.54
40271.48,41007.78
40217.45,40583.13
39968.12,40236.535
39810.43,40049.875
40094.0,39962.996
39689.94,39874.992
39657.78,39852.24
39692.26,39801.156
39725.42,39724.926
39760.22,39716.875
39653.38,39732.47
39732.45,39784.914
39934.8,39878.18
39898.12,40136.82
39925.6,40453.39
40199.95,40792.86
41021.29,41202.598
41586.15,41907.863
41648.41,42688.523
42490.85,43451.426
43884.14,44128.305
44648.09,44970.98
45340.88,45864.055
46025.91,46746.24
47048.41,47541.484
47935.909999999996,48250.363
48576.82,48856.93
49243.13,49466.367
49997.29,50054.406
50437.79000000001,50725.27
50982.98999999999,51310.26
51255.82,51792.965
51841.11,52128.047
52172.43000000001,52470.91
52311.91,52700.562
52599.380000000005,52861.066
53155.49,52889.207
53552.909999999996,53003.254
53245.78,53055.17
53198.79,53071.984
53095.96000000001,52945.62
53077.41999999999,52823.2
53135.49,52600.42
52463.270000000004,52350.914
51659.34,52091.742
50843.95,51871.57
50744.079999999994,51489.84
50215.35,51029.938
49686.0,50576.46
49061.55000000001,50258.45
48437.450000000004,49916.055
48094.88,49553.96
48065.41,49199.047
48077.189999999995,48915.977
47834.87999999999,48725.26
47816.40000000001,48646.176
48046.53,48596.773
47643.91,48627.92
47813.74,48753.715
47917.45,48861.758
48820.64,49006.188
48894.08,49166.688
49333.33000000001,49462.664
49705.8,49750.18
49849.88999999999,50016.867
49797.9,50191.555
49943.16999999999,50286.094
50093.73,50279.305
50304.26,50223.117
49918.14,50022.54
49884.840000000004,49833.586
50077.96,49587.39
50441.37999999999,49327.727
50103.16,48960.555
49486.04,48730.754
48746.469999999994,48493.363
47899.51,48155.65
46993.26,47525.152
46341.91,46884.438
45750.62,46237.055
45353.72,45612.695
44587.25,44851.816
43910.76,44230.574
43222.13,43659.63
42331.62,43113.94
41438.12,42580.03
40841.39,41923.027
40142.2,41220.938
39328.56,40563.918
38763.72,39813.848
38289.98,39135.535
37916.34,38576.188
37302.61,38126.07
36912.59,37661.625
36895.82,37234.918
36661.02,36884.3
36187.33,36652.285
36042.93,36427.22
35876.64,36162.406
35659.83,35965.72
35563.51,35850.57
35645.23,35698.254
35467.23,35549.887
35622.94,35441.523
35493.84,35364.87
35390.0,35344.395
35437.23,35310.973
35807.51,35259.336
35625.67,35218.0
35365.94,35347.508
35589.83,35490.01
35609.54,35589.742
36447.62,35753.133
36660.79,36155.85
36926.8,36646.246
37073.53,37160.625
37273.59,37637.664
37598.32,38242.03
38492.62,38765.742
39524.56,39226.586
40636.2,39721.168
41171.73,40385.79
42066.01,41166.074
42735.69,41822.49
43745.47,42423.465
44374.43,43145.766
45134.7,43894.38
45839.65,44675.008
46479.76,45421.848
47059.2,46293.004
46972.45,47073.305
47827.91,47736.848
48794.61,48180.062
49082.91,48613.016
49389.51999999999,48915.523
49912.73,48995.4
49694.02,48872.426
48979.869999999995,48777.766
48345.659999999996,48552.023
48046.69,48171.293
47540.51,47663.35
47043.19,47286.383
46881.24,46904.37
46322.45,46530.11
46148.0,46184.426
45668.95,45965.848
45835.43,45753.242
45592.56,45525.293
45832.75,45339.996
45498.95,45296.855
45462.28,45312.5
45503.91,45340.688
45397.9,45387.61
45105.38,45590.25
45440.58,45806.027
45750.17,46006.375
46123.96,46274.465
46250.48,46641.758
46636.3,47083.27
47102.4,47483.355
47945.57,47890.223
47749.62,48240.42
47768.02,48616.457
48046.45,48875.504
48160.98,48969.42
47748.65,48917.508
48008.39,48873.0
48364.56,48783.13
49074.43,48749.57
48694.31,48684.758
48372.73,48812.438
47841.48000000001,48914.0
47239.11,48877.11
46654.84,48473.316
46276.56,48035.832
45931.97,47543.33
46052.38,47019.746
45218.9,46293.32
44695.24,45682.207
43888.44,45055.75
43284.44,44395.3
42665.36,43603.766
41960.52,42801.586
41399.33,42106.504
40435.15,41515.984
39908.22,40848.27
39643.43,40270.66
39188.67,39800.406
38855.1,39449.44
38537.82,39051.727
38312.41,38686.676
37920.89,38374.895
37616.77,38103.812
37619.32,38090.758
37610.26,37964.363
37631.34,37816.62
37749.61,37731.734
38052.48,37711.574
37796.04,37755.723
37941.47,37914.777
38602.3,38149.34
39052.86,38538.47
39602.56,39147.117
40141.07,40000.95
42233.58,41067.082
43516.95,42445.656
44922.82,44113.34
46629.14,45966.805
50398.65,47777.57
53212.49,49811.008
55116.9,51919.06
56269.67,54005.297
57844.09,55802.906
58996.78999999999,57462.81
59837.85,58715.953
60638.6,59736.527
61598.81999999999,60554.09
62234.619999999995,61015.832
62553.87,61456.11
62775.329999999994,61825.055
62688.55,62119.645
63274.61,62601.562
64052.920000000006,62912.355
64272.38,63239.465
64569.75,63626.81
65039.22000000001,64255.63
65471.43000000001,64651.61
65774.88,64967.29
66105.79,65241.31
66413.64,65701.11
66304.74,65896.98
66382.15,65966.92
65489.420000000006,65934.42
65230.76,66002.78
65183.22,65743.26
65399.56,65394.547
65285.59999999999,65042.87
64984.34,64962.812
64974.369999999995,64739.074
64186.94,64457.71
63985.310000000005,64150.19
63992.13,63914.535
63785.66,63489.742
63299.6,63089.074
63104.04,62704.957
62617.07,62398.2
62304.03,61970.664
61632.32,61545.2
61187.130000000005,61172.477
60697.92,60889.62
60097.41,60607.586
59977.12000000001,60407.496
60262.6,60270.965
60143.44,60235.883
60445.04,60367.69
60628.97,60589.598
60338.95,60858.883
60087.05,61000.62
60391.96,61046.418
60463.94,60954.742
60401.89000000001,60822.004
60050.1,60515.086
60299.73,60202.1
60541.38,59837.05
60691.98,59517.61
60329.88,59054.69
59302.380000000005,58747.32
58341.56,58401.02
57349.09,57868.75
56192.649999999994,56878.684
54900.72000000001,55920.234
53824.37999999999,54901.97
52987.73,53829.08
52313.35,52489.812
51130.12999999999,51337.52
50128.12,50306.473
48737.979999999996,49333.688
47797.65,48379.973
47061.74,47397.004
46485.9,46564.426
44773.47,45899.598
44377.16,45193.367
43885.07,44568.637
43494.16,44046.035
42981.79,43678.688
42377.78,43269.125
42251.36,42942.15
41997.17,42646.668
41463.85,42409.19
41168.26,42138.875
41555.99,41842.64
41854.31,41585.715
41814.25,41480.066
41856.39,41536.863
42121.47,41706.164
42277.5,41917.977
42824.38,42243.06
42918.42,42746.938
43577.85,43422.984
44337.52,44244.707
45717.05,45213.344
46693.68,46513.39
47757.12,47959.605
49686.380000000005,49434.547
53236.66000000001,50828.56
55398.19,52562.832
57042.71000000001,54484.43
58121.98,56355.29
59424.0,57905.535
60208.19,59355.082
61403.810000000005,60434.824
62046.82000000001,61243.066
62820.09,61891.375
63314.77,62203.574
63493.31999999999,62488.363
63312.29,62719.582
62884.39,62891.707
63105.75,63174.094
63421.84,63317.06
63589.6,63466.22
63383.07000000001,63675.887
63675.12000000001,64099.43
64215.61000000001,64323.047
64718.08,64461.918
64965.63,64596.47
65712.17,64954.94
65979.22,65060.996
66163.14,65077.754
65688.68,65060.535
65706.65,65166.24
65821.43,65037.684
65683.74,64874.73
65597.16,64743.734
65255.86,64799.86
64775.920000000006,64683.83
63996.93,64504.816
64096.229999999996,64240.03
63788.33000000001,64038.434
63067.01,63692.47
62577.57000000001,63322.348
62418.8,62814.594
62062.86000000001,62365.24
61173.1,61822.34
60559.97,61302.586
60760.63,60747.93
60254.09999999999,60252.586
59761.87,59895.902
59697.14,59689.625
60395.14000000001,59559.12
60311.1,59571.074
60428.19,59803.52
60513.54,60152.1
60682.96000000001,60523.555
60548.93,60788.816
60530.48,60995.098
60694.55,61107.41
60685.93000000001,61119.24
60330.03,60956.5
60616.63999999999,60717.242
60981.29,60397.54
61257.829999999994,60075.652
61039.30000000001,59631.684
60333.1,59319.977
59459.44,58974.508
58426.979999999996,58462.3
57310.43,57499.64
55980.12,56552.023
54951.44,55542.984
53895.34,54487.785
53016.91999999999,53186.32
51651.19000000001,52056.51
50453.49,51010.664
48812.89,50005.86
47812.6,48996.895
46861.45,47930.312
46011.17,46966.87
44850.54,46162.56
44363.6,45279.223
43977.38,44560.83
43335.94,43978.715
43147.61,43560.242
42982.3,43094.74
42702.61,42738.086
42629.24,42526.164
42654.53,42382.37
42841.66,42238.094
42953.03,42156.58
43001.14,42202.824
42781.27,42350.324
43001.36,42513.094
43035.37,42691.68
43083.17,42900.227
43326.0,43185.105
43839.34,43595.95
44317.46,44129.227
44995.04,44849.64
46021.79,45746.94
47192.55,46954.047
48517.29000000001,48284.395
50500.78,49675.336
54236.39000000001,51092.746
56878.37,52903.74
58544.42999999999,54927.074
59599.06,56941.3
60592.91999999999,58593.5
61553.63,60027.87
62391.99,61011.74
63090.659999999996,61750.98
63849.29000000001,62329.406
64186.23,62548.844
64598.76000000001,62861.21
64574.1,63089.3
63321.48,63301.492
63495.63,63654.586
63944.13,63740.477
64367.64,63791.598
64086.59,63972.008
64588.34,64381.297
65152.25,64643.75
65078.11,64823.637
64521.37,64997.91
64597.3,65281.793
64896.229999999996,65198.695
65069.46,64983.996
64907.99,64774.84
64874.26,64767.137
64947.450000000004,64603.3
65396.86,64432.633
65408.02,64284.41
64808.3,64397.812
64758.76999999999,64412.63
64238.6,64312.473
64055.549999999996,64099.594
63715.86,64020.254
63388.920000000006,63726.883
63436.91000000001,63381.836
63748.31,62956.934
63467.79,62691.32
62744.84,62381.496
62165.69,62082.72
61858.32,61723.355
61582.66999999999,61430.816
60951.29,61122.14
60937.45,60931.89
61424.73,60827.223
61459.84999999999,60874.656
61631.24999999999,61063.54
61624.57,61422.16
62387.97,61816.44
62594.64000000001,62106.965
62508.07,62416.254
62803.82,62720.926
62542.58,62891.234
62213.66999999999,62793.69
62455.38,62574.047
62494.16999999999,62205.64
62687.15,61864.195
61692.92,61322.99
60665.439999999995,60909.035
59711.15,60358.31
58422.399999999994,59644.44
57466.14,58510.438
56270.8,57407.664
55245.6,56282.074
54335.82,55159.1
53286.56,53765.027
51865.09,52600.137
50870.78,51530.07
49538.26,50513.867
48545.41,49549.344
47726.88,48566.96
47554.28,47702.75
46846.94,47017.25
46333.19,46326.516
45969.85,45880.027
45798.06,45540.363
45069.89,45261.51
44476.25,44940.035
44180.5,44658.125
44294.52,44355.688
43995.22,44092.598
43762.42,43909.58
43729.11,43802.555
43827.3,43724.164
43677.33,43691.203
43420.65,43663.45
43207.8,43717.58
43291.37,43790.45
43657.93,43893.668
44099.86,44171.27
44359.62,44673.98
45175.17,45409.938
47346.9,46316.004
47916.96,47563.27
49301.91,49124.438
51052.73000000001,50702.5
54135.47,52184.645
56704.89,53968.918
58449.8,55791.41
59645.63,57538.04
60896.37,59009.625
61731.44,60380.26
62491.59,61383.45
63095.48,62145.535
63878.91,62706.945
64545.729999999996,62892.08
64968.46,63176.875
65021.05,63433.72
64482.36000000001,63671.883
64799.409999999996,64053.723
64986.91,64227.387
65228.61,64396.22
65583.12,64593.816
65897.65,64999.34
66251.47,65278.63
66631.98,65509.887
66797.34,65669.164
67016.11,66001.31
67676.33,66089.12
67661.24,66086.28
66844.94,66068.49
66599.14,66211.33
66466.88,66071.56
66349.14,65828.67
66333.48,65601.25
66342.42,65603.21
66044.82,65455.234
65585.39,65300.54
65297.08,65070.34
65377.65,64931.81
64922.009999999995,64578.492
64816.51999999999,64231.668
64892.43,63824.223
64341.18,63526.44
63957.94,63153.914
63498.57000000001,62770.023
62933.6,62370.188
62525.77,62115.168
61847.89,61823.883
61934.62,61638.086
61637.06,61510.676
61608.23,61531.066
61401.0,61664.895
61439.07,61829.508
61623.66000000001,62031.77
61291.280000000006,62164.82
61446.75000000001,62279.23
61765.16000000001,62271.35
61898.23999999999,62201.832
61568.37,62030.27
61738.58000000001,61842.27
62287.12999999999,61583.406
62821.78,61321.57
62294.340000000004,60935.27
61484.45,60744.95
60597.19,60440.37
59575.62,59924.105
58572.13,58946.71
57470.68000000001,57988.008
56439.87,56950.812
55681.05,55878.215
54342.36,54518.93
53264.89,53373.01
52412.95999999999,52272.117
51833.08999999999,51219.652
50700.200000000004,50243.53
49734.1,49396.4
48987.77,48705.02
47483.7,48133.473
46560.17,47448.754
46245.34,46877.992
45942.77,46355.094
45430.18,45971.24
44980.49,45567.492
45052.13,45257.652
45155.91,44964.74
45008.48,44753.47
44770.38,44649.945
44939.25,44647.184
45199.54,44656.457
45477.09,44719.453
45340.72,44823.484
46055.6,45048.125
46118.91,45304.785
45877.61,45705.85
45902.17,46289.586
45970.45,46900.67
46792.22,47564.414
47936.7,48334.973
48634.83,49443.098
49909.74,50710.44
51445.87000000001,51975.97
54800.15,53232.594
57524.530000000006,54827.63
59400.32,56517.766
60412.82,58246.223
61714.66,59744.812
62506.14,61131.902
63196.77999999999,62140.36
63628.729999999996,62920.17
64542.8,63519.812
65018.490000000005,63786.65
65333.4,64054.484
65731.61,64363.906
65714.03,64667.09
65798.76,65142.42
66184.95,65417.85
66574.38,65599.29
66372.83,65758.97
66272.04,66110.4
66613.61,66198.75
67228.1,66149.11
67641.4,66093.62
68167.23,66312.8
68512.21,66370.62
68527.95,66405.67
67612.04,66387.12
67255.54,66513.55
66842.18,66282.305
66408.52,65926.46
66108.28,65505.195
65544.41,65241.387
65444.56,64818.57
64611.22,64364.152
64395.25,63901.492
64126.75,63603.91
63097.53999999999,63193.62
62711.17999999999,62832.414
62981.920000000006,62415.996
62310.22,62129.98
61985.420000000006,61880.266
61484.66000000001,61657.543
61512.990000000005,61455.05
61195.44,61315.152
60380.13999999999,61189.324
60333.83000000001,61117.688
60656.969999999994,61007.484
60392.740000000005,60894.96
60608.93,60861.258
60545.41,60847.08
60337.81,60846.34
60116.62,60750.504
59791.51000000001,60601.41
59795.11,60376.207
59836.439999999995,60093.55
59551.98,59672.074
59867.22,59288.633
60316.15,58923.54
60361.69,58615.96
59523.54,58204.203
58596.97,57892.547
57248.74999999999,57432.59
55504.79,56795.773
54460.95,55741.61
53312.17,54670.574
52283.73,53608.62
51544.01,52604.504
50550.43000000001,51439.3
49476.75,50478.61
48791.34,49582.285
47718.45,48724.74
46521.8,47982.797
45718.96,47147.875
45210.82,46279.11
44140.29,45474.203
43723.57,44599.777
43336.56,43853.67
42534.92,43260.035
42033.01,42842.4
41265.94,42360.656
40908.44,41957.863
40728.14,41623.57
40196.39,41363.02
40158.51,40833.945
40067.02,40438.88
39859.89,40207.43
40024.56,40096.703
39967.38,40002.688
39602.15,39943.08
39560.01,39931.91
39742.1,39877.555
39673.12,39822.496
39670.24,39834.727
39969.5,39875.145
40418.69,39963.65
40446.22,40248.18
40504.69,40635.586
40985.68,41082.582
42315.65,41558.21
43365.68,42329.12
43460.06,43274.395
43612.06,44278.47
44928.51,45131.133
45694.73,45949.816
46777.84,46727.707
47520.38,47492.945
48620.30000000001,48227.066
49430.520000000004,48892.383
50197.32,49486.062
50559.73999999999,50106.582
50734.98,50691.836
51100.14,51284.223
51938.240000000005,51706.973
52552.060000000005,52006.418
52505.310000000005,52275.375
52925.46,52660.09
53399.68,52856.914
53728.12999999999,52932.098
54341.52,52963.734
54563.05000000001,53102.797
54622.409999999996,53177.86
54597.47,53191.07
53985.2,53103.87
53420.81999999999,53054.93
53060.48,52838.98
52312.57000000001,52498.953
52010.99,52103.695
51426.51000000001,51750.656
50799.83,51320.95
50096.77,50892.637
49769.07,50417.29
49257.01,50005.062
48774.53999999999,49585.473
48677.66,49183.12
48458.69,48813.883
48605.79,48590.777
48346.52,48414.883
48181.26,48322.43
48469.19,48300.45
48582.72000000001,48320.863
48440.53999999999,48413.266
48354.88,48589.633
49248.83,48794.25
49677.80999999999,48984.96
49869.43,49284.285
49981.48,49682.734
50297.72,50052.477
50092.29,50275.703
49943.9,50440.984
49678.94999999999,50512.77
49643.78,50481.92
49726.57,50274.234
49993.37,50025.35
50484.61,49809.906
51105.26999999999,49661.582
50508.7,49450.086
49635.159999999996,49321.793
49153.31,49091.527
48308.12,48674.465
47680.11,47979.69
46627.46,47315.684
46349.17,46677.094
45944.15,46045.35
45353.52,45306.61
44350.16,44698.957
43831.18,44132.39
43004.37,43557.28
42261.96,43031.242
41159.33,42398.367
40745.6,41753.695
39665.03,41102.824
39239.89,40338.574
38715.05,39640.87
38254.69,39057.426
37567.03,38600.15
37223.62,38109.754
36993.5,37650.09
37173.02,37288.254
36949.28,37033.395
36798.64,36827.406
36442.45,36649.555
36548.58,36532.918
36431.88,36422.566
36219.49,36311.242
36198.61,36210.574
36272.74,36106.41
36145.81,36016.695
35946.46,35962.855
36135.67,35908.453
36217.12,35834.312
36744.62,35851.02
36694.15,36024.645
36732.51,36262.62
36952.97,36575.047
37436.18,36897.438
37521.61,37470.223
37568.68,38094.117
37483.4,38643.176
38129.73,39059.73
38818.8,39529.484
39717.3,39992.723
40799.11,40526.39
41557.64,41121.64
42264.69,41764.277
43478.97,42509.66
44124.37,43165.414
44575.82,43837.008
44923.45,44641.336
45432.43,45368.473
46082.54,46046.59
46073.45,46690.195
46664.73,47399.934
47442.62,47950.79
47953.45999999999,48323.43
48271.47,48615.305
48326.01,48874.785
48588.94,48856.47
48873.66,48614.547
48797.57000000001,48260.086
48274.84,47963.574
48088.99,47599.434
47754.88,47183.4
47409.45,46767.945
47156.57,46517.848
46448.49,46261.42
45566.21,46044.055
45318.08,45783.53
45158.59,45591.21
45255.59,45369.297
44664.03,45175.13
44366.3,45071.56
44055.61,45075.457
44236.53,45032.38
44042.63,44998.582
44497.02,45024.355
44680.88,45173.14
45013.41,45452.617
45222.22,45815.395
46041.48,46202.414
46396.23,46603.2
46690.9,47094.13
46905.2,47617.12
48290.49,48067.047
48537.61,48412.957
48815.43000000001,48820.043
49034.66,49243.887
49117.06,49592.254
48916.15000000001,49799.645
49405.68,49921.832
50104.51,49973.16
50767.78,50068.65
50557.75,50128.566
49758.84,50296.27
48722.30999999999,50362.844
48052.74,50201.46
47511.77,49577.77
47419.35,48935.195
47210.52,48282.2
46785.98,47682.875
45986.98,46943.652
45088.19,46273.652
44436.96,45579.766
43425.53,44850.535
42448.69,44056.418
42027.23,43205.0
41478.53,42404.492
40495.14,41756.305
40057.0,41072.42
39693.1,40488.12
39333.99,40007.04
38841.18,39622.44
38404.3,39207.543
38544.2,38819.797
38559.1,38476.797
38360.09,38239.773
38090.67,38356.734
38062.03,38357.547
38126.08,38282.11
38165.2,38231.324
38116.11,38252.65
38191.04,38348.36
38442.99,38508.133
39372.92,38755.465
39559.71,39201.113
40260.53,39918.863
41252.44,40856.074
42747.7,41977.004
43554.21,43520.88
45285.22,45228.89
47412.47,46906.234
51392.67,48530.707
53827.53,50516.89
55781.58,52697.105
57033.4,54794.027
58905.24999999999,56485.24
59763.04,58054.832
60459.92,59316.66
61534.299999999996,60304.094
62422.85,61022.582
62312.59,61423.484
62755.280000000006,61869.195
62967.82000000001,62130.895
62518.89000000001,62313.043
62756.57,62746.516
62976.25,62995.64
63307.67,63205.297
63443.83,63416.895
63666.95,63876.863
64177.83999999999,64173.094
64614.16,64397.574
64762.63999999999,64578.914
65217.76,64950.32
65468.340000000004,65049.6
65599.48,65036.19
65521.170000000006,64964.855
65180.1,65036.105
65211.16,64909.96
65236.37,64698.465
65196.73,64488.61
64833.91,64492.746
64671.420000000006,64333.95
64183.02,64106.13
63943.56,63784.91
64225.12000000001,63590.258
63867.19999999999,63232.84
63500.54,62921.402
63465.73,62587.17
63175.3,62299.555
63129.39000000001,61925.41
62775.61,61588.945
62533.53,61323.547
62029.0,61209.426
61729.91,61115.707
61602.490000000005,61075.88
61711.4,61122.074
61595.829999999994,61256.254
61576.13999999999,61462.195
61547.380000000005,61714.004
61509.340000000004,61957.77
61338.16999999999,62035.01
61509.04,62034.457
61725.23,61905.12
61718.74,61701.496
61704.73,61373.016
62180.8,61059.52
62440.24,60748.27
61770.19,60548.004
60743.26,60208.918
59977.9,59858.113
59125.70999999999,59274.727
57917.73,58555.24
57013.55,57490.49
55827.43,56471.07
54806.80999999999,55409.72
53355.49999999999,54372.586
52373.66,53100.54
51402.64,51941.875
50399.86000000001,50805.13
49198.82000000001,49767.848
48213.03,48759.65
47418.92,47742.695
46782.2,46890.477
46300.71,46216.164
45961.26,45474.016
45525.44,45002.668
45084.47,44742.53
44561.67,44611.754
44254.27,44367.93
43703.48,44170.8
43400.68,44006.87
42998.09,43842.434
42743.08,43598.293
42654.07,43334.266
42768.8,43125.133
42637.93,42998.977
42850.73,42964.81
42924.43,43026.273
43292.87,43207.848
43343.53,43506.37
43436.47,44031.2
44036.61,44694.03
44686.54,45487.26
46076.77,46477.2
46629.42,47819.742
48301.33999999999,49297.367
50064.82,50710.33
54041.93,52097.562
56348.82000000001,53826.117
58145.69999999999,55752.258
59159.22,57682.44
61044.240000000005,59255.63
61822.41,60732.94
62235.55999999999,61899.09
62922.08,62811.18
63572.05,63379.547
64256.75000000001,63570.0
64563.41,63783.9
64352.57,63991.793
64045.9,64130.05
64108.49999999999,64460.3
64344.08999999999,64609.582
64589.38,64705.887
64466.29,64828.54
65028.48,65268.652
65250.76,65544.53
66144.12,65776.34
66371.42,65989.11
67301.65,66448.1
67638.45,66633.13
67939.43,66771.64
66251.56,66871.234
65927.33,67122.234
66157.46,66892.32
65825.75,66498.38
66215.23,66187.39
65496.75000000001,66136.61
64907.70999999999,65973.44
64376.94000000001,65711.42
64316.36,65320.21
63867.06999999999,65074.484
63854.33000000001,64669.95
63521.69000000001,64240.29
63930.37,63806.863
63080.05,63490.25
62972.14,63109.08
62682.17,62677.707
62736.05999999999,62235.508
62300.46,61993.156
61596.79,61806.836
61604.659999999996,61706.305
61895.34,61623.594
61722.55000000001,61637.156
61771.8,61784.703
61496.54,62048.883
61360.23000000001,62318.28
61403.03,62467.42
61702.65,62544.863
61385.99,62571.87
61892.67,62594.758
62080.55,62397.93
62805.04,62195.05
63448.18,62013.684
63790.299999999996,61898.902
62772.52,61619.445
61703.96,61385.727
60895.57,60906.72
59261.58000000001,60171.53
58216.22,59036.26
57236.26999999999,57907.754
55805.2,56753.906
54395.65000000001,55662.17
53053.19,54325.23
52024.35,53131.277
51079.92999999999,51969.508
49425.17,50907.777
48368.06,49965.676
47473.77,48942.785
46903.52,47981.594
45569.67,47162.03
45016.89,46301.586
44535.46,45616.41
44335.78,45036.63
43679.53,44577.11
43274.67,44107.305
42855.35,43724.168
42664.06,43387.47
42463.94,43110.145
42176.61,42848.195
42007.52,42628.152
41970.69,42473.438
42293.88,42385.363
42448.84,42344.086
42307.95,42468.51
42484.37,42701.805
43121.22,42969.12
43326.57,43333.316
43652.48,43879.605
44060.18,44578.03
45820.12,45365.234
46679.46,46385.29
48085.83,47657.016
49989.4,49078.69
54264.45,50522.938
56927.74,52363.082
58747.14,54510.434
60218.34999999999,56720.93
61444.31,58533.63
62184.49,60158.56
62544.03,61360.73
63448.8,62168.527
63722.66000000001,62664.12
64308.65000000001,62786.305
64410.03,62965.47
64387.49999999999,63094.324
63376.88,63233.23
63601.86,63505.918
63932.32,63605.93
64627.37,63697.62
64096.95,63907.72
64201.99999999999,64403.47
64258.48999999999,64686.555
64867.130000000005,64792.855
65067.81,64773.535
64978.42,64960.5
65478.0,64923.42
65409.38,64808.97
64609.65000000001,64664.4
64575.55,64725.53
64149.93,64502.46
63891.43,64231.89
64147.01,63977.1
63951.76999999999,63897.54
64151.63,63714.824
63731.060000000005,63585.336
63417.42,63428.332
63174.39,63411.1
62515.28,63149.062
62095.08,62790.004
61881.35,62328.355
61625.54,61897.56
61147.74,61328.66
60445.58999999999,60813.152
60850.0,60322.367
60631.57,59947.414
60105.29,59661.742
59955.91,59545.246
60767.200000000004,59513.098
61160.04,59597.08
60962.82,59937.555
60958.39,60474.492
60883.49999999999,60995.273
60537.19,61379.223
60620.12,61653.074
60776.21,61764.92
60515.34999999999,61785.883
60583.59,61637.082
61727.66,61397.574
62364.100000000006,61132.79
61875.14,61016.82
60961.98,60782.348
59978.81,60484.58
58805.36,59916.453
57612.40000000001,59122.535
56094.93,57903.45
55055.35,56732.785
54205.73,55483.344
53180.23,54243.043
52073.26,52817.04
50857.619999999995,51618.32
49932.44,50509.42
49442.73,49496.344
48834.94,48515.85
47960.74,47674.227
47119.14,47059.266
45801.76,46595.65
45556.34,46015.285
45096.56,45505.68
44511.35,45105.254
43445.37,44837.344
42954.87,44417.562
42755.61,43970.797
42510.93,43518.707
42286.04,43166.81
42064.39,42894.652
42391.8,42695.08
42215.19,42552.656
42882.56,42528.434
42961.09,42548.016
42981.88,42718.867
43028.36,43006.12
43332.59,43355.402
43507.45,43832.945
43848.12,44451.266
44918.92,45215.78
46409.42,46120.66
47678.76,47424.05
48591.12,48902.625
50159.34,50476.902
54329.56999999999,51935.125
56947.159999999996,53609.113
58745.76999999999,55490.992
59908.94,57421.016
60224.36,58993.227
60729.86,60395.4
61293.62,61255.97
62032.8,61733.25
63091.76,62052.785
63484.47000000001,62065.027
63574.44999999999,62298.305
63675.1,62529.816
62700.30999999999,62675.88
63413.96,62954.137
63939.09,63051.375
63922.75000000001,63192.15
63542.18,63470.52
63812.49,63941.457
64149.69,64151.797
64788.39,64259.03
65798.87,64332.895
66308.96,64620.37
66715.11,64789.508
67095.55,64941.01
65888.33,65014.383
65891.56,65232.8
65529.72,65110.8
65359.149999999994,64887.703
64700.18000000001,64642.96
64565.64,64602.965
64096.48,64347.184
63331.56,64030.176
63159.24,63648.176
63264.719999999994,63334.64
62995.41,62864.945
62648.59,62421.676
62885.36,61985.285
62364.5,61662.086
61741.08,61291.5
61134.35,60950.633
60914.17,60592.43
60677.07,60338.863
60306.78,60124.184
60124.62,60029.867
60149.9,60031.78
59623.2,60140.63
59597.31999999999,60337.496
59813.48,60544.25
59718.7,60742.344
59533.64,60920.96
59708.34,61055.6
60177.69,61101.395
60791.11,61102.957
60975.59,61067.246
61768.01,61050.742
62593.25000000001,61030.668
62487.11,61058.207
61652.41000000001,60911.832
60390.69,60724.38
59320.22,60270.676
57856.479999999996,59530.406
56821.3,58321.2
55843.21,57112.71
54810.08,55870.01
54280.509999999995,54668.46
53366.43,53261.13
52252.20999999999,52101.94
51295.63,51084.035
50100.18,50157.51
49233.62,49326.305
48558.04,48499.457
47828.04,47794.99
46520.54,47249.234
45950.47,46598.59
45424.82,46047.92
45149.29,45565.633
45131.84,45171.414
44964.38,44700.5
44712.21,44377.004
44404.25,44161.758
43991.93,43998.395
44192.91,43891.69
44190.46,43800.816
44280.41,43800.387
44402.64,43891.53
44512.22,44039.68
44652.07,44260.27
44857.64,44560.332
45347.95,44925.906
45778.38,45413.668
46112.29,46055.96
46661.49,46855.64
47940.85999999999,47780.97
48824.24,48953.285
50049.1,50224.17
51670.62,51532.863
54541.96,52795.94
56612.79,54387.383
58531.55,56040.57
59601.670000000006,57612.35
59748.329999999994,58939.344
60546.05,60226.996
61144.95,61018.867
61845.91,61530.742
62757.130000000005,61952.05
63245.24999999999,62082.484
63504.16000000001,62310.457
63506.26,62606.875
62819.23999999999,62876.38
63074.76999999999,63227.26
63424.64,63332.15
63843.29,63363.402
63875.58,63419.32
64189.54,63641.0
64138.1,63730.355
64805.08,63776.76
65700.57,63765.883
66068.01,63977.27
65887.45,64140.54
66025.16,64276.363
64786.5,64242.863
64100.17,64273.957
63759.590000000004,63982.926
63352.78,63512.418
62968.049999999996,63011.465
62072.76,62700.77
61358.649999999994,62255.94
60945.240000000005,61761.438
60366.97,61184.77
60081.649999999994,60763.223
59605.100000000006,60282.426
59251.67,59826.387
58620.59,59411.8
58612.07,59130.39
57657.95,58766.965
57045.94999999999,58489.625
57344.420000000006,58201.0
57285.74999999999,57935.07
57167.51999999999,57778.625
57484.8,57766.086
58265.86000000001,57838.676
58187.399999999994,58007.42
58267.0,58326.68
58186.83999999999,58672.32
58211.23999999999,58947.445
57967.740000000005,59044.293
57933.29,59065.074
58038.26,59004.082
58413.75,58866.98
58419.68,58619.883
59230.02,58409.85
59776.76,58227.133
59270.11,58124.19
58210.52,57851.94
57088.72,57491.484
56438.16000000001,56884.254
55301.63,56074.45
54461.71,54957.76
53345.79,53979.04
52390.95,53057.87
51707.240000000005,52175.598
51060.95,51093.03
50045.11,50193.473
48956.93,49391.85
47948.83,48637.1
46979.84,47956.035
46469.28,47152.188
46082.06,46365.227
44711.94,45681.258
43999.1,44932.133
43258.22,44287.67
42705.56,43693.426
42402.71,43185.777
41798.01,42645.11
41242.55,42252.98
41158.96,41962.16
40930.46,41714.906
40690.57,41184.926
40472.01,40852.14
40555.28,40682.258
40678.98,40579.867
40537.31,40544.758
40716.97,40562.938
40652.28,40563.363
40827.8,40578.39
40837.51,40640.59
41032.05,40717.477
41217.94,40824.055
41776.99,40993.723
41672.2,41347.33
41817.22,41799.0
42090.91,42270.598
43255.98,42758.918
43807.24,43550.93
44222.01,44459.38
44509.28,45345.363
45705.91,46087.703
46234.91,46863.008
47352.24,47610.52
48481.659999999996,48316.992
49493.71,49000.26
50110.86,49649.223
50476.64000000001,50262.035
51396.67,50852.18
51111.98000000001,51338.527
51560.88,51876.29
52206.21,52253.33
52869.329999999994,52506.062
53133.39,52723.707
53593.14000000001,52984.445
53571.81,53158.582
54114.36000000001,53258.586
54059.87,53272.883
54315.77,53388.027
54467.520000000004,53359.92
54636.15000000001,53255.438
53771.61,53104.953
53468.61,53004.69
53227.170000000006,52729.516
52734.920000000006,52345.805
52584.71000000001,51944.914
52291.13,51628.87
51924.05,51277.156
51431.48,50936.22
50667.079999999994,50576.93
50513.81,50281.332
50333.28,49920.832
49739.94,49573.426
49837.27,49312.96
49606.71,49106.586
49235.65,48959.06
49028.71,48868.562
48666.950000000004,48801.344
48558.51,48814.29
48594.22,48852.906
48575.38,48928.715
49272.41,49081.703
49751.83,49308.684
49933.64000000001,49647.47
50256.189999999995,50072.863
50603.86,50475.383
50651.56,50789.008
50732.27,51041.098
50903.42,51208.785
50997.77999999999,51291.55
51177.57,51263.17
51911.33,51206.09
52192.86,51159.46
52283.99,51166.85
51404.92,51000.527
50476.409999999996,50778.254
49824.69999999999,50374.715
48856.16,49809.93
48247.74,48987.996
47548.53,48226.06
46938.3,47520.047
46321.38,46905.14
45671.37,46170.28
44766.41,45545.367
44278.63,44946.742
42914.09,44351.883
42279.35,43831.195
41691.81,43148.78
41265.22,42404.527
40223.32,41731.207
39625.69,40974.156
39075.05,40291.11
38870.75,39669.82
38168.73,39145.273
37736.24,38633.75
37308.38,38191.727
37086.02,37816.863
36528.28,37524.06
36283.43,37232.04
36126.5,36912.61
36021.08,36631.414
36104.76,36416.844
36093.64,36230.17
36146.56,36078.336
35963.81,35983.324
36477.82,35921.207
36587.0,35864.926
36575.08,35860.75
36748.23,35940.812
36926.92,36048.492
36913.67,36273.96
37007.96,36520.824
37043.72,36765.316
37558.15,37037.72
37837.39,37544.453
37902.05,38082.95
38230.89,38614.88
38824.11,39041.566
39632.5,39559.67
40534.33,40106.215
41470.55,40707.992
41956.07,41362.89
42772.54,42016.973
43484.1,42715.91
44179.98,43314.11
45116.27,43887.707
45438.76,44556.65
46359.07,45278.08
46883.06,45991.367
47281.03,46692.863
47680.15,47449.5
48422.8,48078.992
48803.1,48538.336
48648.24,48866.77
49233.42,49121.688
49482.649999999994,49066.977
49442.93,48832.285
48978.149999999994,48529.742
48566.62,48226.137
48516.03,47819.332
47826.93,47367.586
47678.16,46952.12
47402.42,46662.01
46932.23,46386.582
46089.52,46135.875
45658.88,45866.87
45584.62,45653.79
45670.39,45409.027
44953.36,45215.406
44756.99,45085.93
44564.64,45032.527
44402.23,44952.992
44019.54,44904.855
44211.77,44903.25
44208.03,45010.285
44233.85,45196.688
44376.42,45452.93
45970.77,45737.297
46377.82,46095.78
46865.29,46664.715
47519.63,47335.55
47986.08,47949.38
48480.6,48537.9
48875.99,49020.664
49158.27999999999,49414.098
48983.51000000001,49747.332
49561.51,49949.5
50467.42,50040.074
50906.96,50177.406
51255.77,50474.016
50391.21,50618.76
49649.25000000001,50749.977
48923.53,50658.0
48163.64,50346.332
47354.97,49677.855
47293.75,49032.395
47351.87,48367.62
47248.49,47753.72
46323.27,47027.742
45810.88,46443.137
44909.11,45822.926
44057.05,45187.895
42938.4,44429.145
42249.12,43609.824
41736.83,42860.465
40952.13,42208.535
40460.25,41493.758
40300.66,40916.7
40064.6,40443.66
39910.92,40111.055
39565.29,39766.023
39527.61,39479.836
39450.18,39247.723
39322.21,39069.547
39233.31,39224.684
39401.91,39237.664
39470.6,39212.543
39724.14,39270.33
40011.89,39413.613
40192.65,39631.336
40340.89,39970.375
40719.79,40400.75
41138.65,41022.45
41765.12,41785.383
42208.4,42739.508
43657.04,43895.18
44523.53,45340.715
45922.97,46867.465
48035.259999999995,48421.36
52149.66999999999,49910.1
54878.52999999999,51736.582
56939.14000000001,53773.555
58656.02,55845.242
60793.91,57594.78
61371.270000000004,59285.434
62199.3,60705.945
62704.33,61788.086
63980.95,62564.867
64383.78,62911.977
64774.899999999994,63307.652
64981.88,63653.95
64469.57,63917.504
64684.79,64372.85
65470.78,64580.555
65617.95,64739.047
66249.49,64992.867
66924.66,65531.51
67246.14,65894.016
67511.54,66237.4
67551.29,66508.4
67728.32,66914.18
67680.85,67048.55
67605.47,67040.13
67270.31,66910.77
66826.64,66918.94
66877.21,66688.43
66701.67,66370.4
66935.61,66050.31
66786.85,65951.125
66608.09,65749.53
66013.54,65532.965
65695.32,65241.586
65584.09,65026.652
65414.57,64629.105
65302.06,64203.305
65181.200000000004,63777.79
64635.219999999994,63484.79
64498.29000000001,63104.863
64287.57000000001,62716.152
63751.53,62387.926
63264.259999999995,62238.86
62954.02,62090.83
62920.30999999999,62008.562
63554.97,62013.113
63173.67,62134.3
63354.780000000006,62441.45
63453.76000000001,62759.207
63105.61,63021.496
62943.62,63152.99
63079.14,63139.41
63448.21,62978.855
63547.94000000001,62774.97
63776.43000000001,62451.71
64787.25,62174.508
64906.25,61950.52
63917.840000000004,61890.55
62263.22,61611.645
61323.82000000001,61240.23
60348.18,60573.008
59075.28999999999,59761.945
58033.98999999999,58614.4
56771.32,57562.625
55662.07,56496.67
54615.44999999999,55436.6
53640.19,54104.375
52303.530000000006,52943.47
51304.76,51842.67
50236.42,50771.477
49443.67,49747.766
48355.71,48704.906
47992.66,47855.418
46932.73,47157.375
46457.83,46435.26
46497.95,45905.336
45631.08,45489.586
45287.7,45265.53
45020.83,44945.484
44660.94,44672.992
44195.28,44467.15
43769.6,44307.08
43969.26,44041.543
44035.33,43724.945
44063.02,43530.184
44228.46,43476.227
44338.81,43485.46
44375.03,43604.305
44513.56,43807.008
44825.34,44082.703
45326.13,44525.527
45643.83,45144.227
46288.41,45989.72
47673.94,47008.07
48823.39,48330.926
50229.21,49792.1
51596.07,51349.465
54772.63,52876.797
57114.67999999999,54650.805
59102.5,56444.895
60452.12,58210.582
61691.37000000001,59724.746
62113.01,61254.113
62620.5,62386.883
63293.17,63146.25
63896.76,63622.598
64042.89,63751.543
64499.69999999999,63919.383
64758.509999999995,63989.1
64726.18000000001,64042.156
65324.759999999995,64376.06
65708.63,64571.03
65668.47,64807.793
65979.73,65097.277
65853.57,65552.99
66238.92,65845.164
66357.42,66015.76
66444.86,66141.41
66754.68,66439.555
67014.1,66506.65
66968.72,66503.03
66485.37,66421.9
66527.08,66463.97
66505.45,66238.27
66716.75,66003.516
66548.58,65782.19
66572.03,65842.484
66464.61,65743.43
65876.23,65595.164
65661.67,65415.9
65401.91,65327.348
65434.55,65021.277
65352.54,64674.777
65104.31999999999,64311.8
64614.52,64117.137
64225.71000000001,63756.203
63655.97,63355.19
63511.23,62969.848
63244.74,62695.98
63038.1,62470.062
62853.02,62381.58
62959.81999999999,62419.6
63015.62999999999,62572.918
63301.9,62779.914
63328.96,63087.8
62590.85999999999,63417.81
62466.759999999995,63627.71
63108.93,63653.79
63294.25,63506.785
63887.63,63357.016
64326.82,63065.76
65074.13,62858.164
65047.3,62759.867
64230.11,62737.027
62788.15000000001,62394.87
62096.06,61944.824
61002.9,61233.926
60164.43,60413.754
59053.23,59222.0
57772.87,58169.082
56418.12000000001,57132.69
55400.63,56065.996
54457.39,54691.863
53364.17,53506.07
52147.26999999999,52420.387
50719.18,51406.434
49896.159999999996,50397.27
49011.84999999999,49327.855
48166.85,48423.586
47304.42,47723.117
46484.05,46924.094
46015.38,46340.44
45934.37,45882.184
45195.45,45524.38
44810.14,45147.523
44299.11,44859.227
44069.08,44603.11
43924.35,44367.816
43572.93,44119.066
43789.35,43905.54
43779.47,43739.074
43949.89,43652.004
44002.33,43630.613
43967.57,43715.266
44223.69,43866.105
44637.82,44074.23
44966.05,44469.91
45563.32,45082.918
46349.21,45889.98
48175.52999999999,46884.832
49246.2,48255.992
50262.3,49855.58
52308.14,51533.566
55960.850000000006,53063.535
58381.14000000001,54890.48
60196.23,56861.484
61719.37,58764.426
63423.12,60317.914
63881.94000000001,61791.17
64420.2,62938.414
64920.27,63743.63
65184.89,64251.652
65035.07,64379.32
65139.84999999999,64488.207
65138.57000000001,64455.777
65177.55999999999,64395.934
65093.99,64623.383
65527.74,64781.844
65866.12,64941.54
66462.61,65151.766
66717.2,65654.914
66887.64,66014.055
66934.79,66292.89
67679.01,66481.97
67851.05,66805.48
68249.68,66930.086
68005.46,66966.23
67733.48,66928.38
67274.67,67004.38
67434.68,66818.3
67404.0,66534.3
66863.83,66269.3
66490.65,66306.766
66090.43,66105.97
65315.19,65811.57
65009.23999999999,65448.977
64850.84,65165.047
65039.70999999999,64669.38
64546.200000000004,64176.43
64475.18,63741.04
64185.36000000001,63446.04
64451.49,63016.543
63688.439999999995,62628.51
63174.73,62382.293
62621.56,62260.88
62165.13,62047.707
61658.72000000001,61888.973
61473.15,61797.63
61595.030000000006,61796.01
62103.549999999996,61854.285
62096.47,61980.91
62252.64,62217.87
62113.8,62364.453
62456.74,62433.586
62754.26999999999,62400.902
63447.72,62323.207
63880.80000000001,62099.85
64638.649999999994,61979.48
64437.18,61963.73
63207.77999999999,62013.383
61940.0,61705.215
60814.28999999999,61225.664
59656.41000000001,60508.3
59156.08999999999,59658.324
58077.85999999999,58453.207
56886.42,57437.65
56018.52,56457.73
55417.729999999996,55460.914
54317.71,54205.91
53128.36,53181.84
52082.67,52207.344
50713.0,51250.383
49649.73999999999,50347.74
48890.19,49379.23
48296.34,48513.49
47382.46,47813.113
46980.08,47061.64
46540.93,46534.816
46255.98,46157.727
45639.38,45892.3
45414.53,45546.633
45093.59,45275.207
44680.84,45042.086
43659.36,44853.06
43635.73,44660.312
43710.91,44402.18
44055.32,44169.05
44262.6,44041.74
44226.25,44033.695
44099.01,44161.44
44433.1,44341.355
44807.74,44551.1
45176.74,44924.105
45646.37,45526.73
46035.17,46343.355
47503.34,47377.945
48633.18,48708.02
49875.47,50217.63
51761.91999999999,51791.266
55209.20999999999,53293.31
57788.46,55128.44
59860.42,57061.02
60910.64000000001,58934.785
61613.73999999999,60494.48
61937.5,61867.04
62657.44999999999,62730.82
63399.09,63240.457
63883.61,63583.82
64438.16,63661.004
64870.78,63817.02
65074.37,63946.086
65318.41,64089.066
65729.0,64459.707
66079.56,64747.145
66243.18,65053.992
66054.38,65353.625
66373.75,65848.96
66713.96,66093.12
67184.55,66262.36
67510.4,66397.21
68172.56,66756.555
68570.45,66905.3
68715.07,67009.66
68219.15,67070.195
67835.93,67274.41
67465.86,67218.58
67159.29,67034.64
67259.9,66786.57
67024.1,66748.79
66517.77,66576.08
66172.28,66388.95
65919.99,66092.9
66026.34,65932.33
65731.28,65572.164
65483.920000000006,65219.92
66111.63,64838.945
65522.23,64587.34
65415.399999999994,64333.324
65019.85,64073.297
64739.1,63802.105
64566.08,63675.7
64374.44999999999,63541.56
63894.01999999999,63525.688
63305.9,63609.367
63376.66999999999,63710.3
63451.719999999994,63753.934
63599.45,63852.13
63294.05999999999,64004.715
63306.29000000001,64038.992
63579.130000000005,63972.535
63887.44000000001,63841.34
64489.2,63706.6
64914.69999999999,63424.938
65170.37,63256.547
64774.09,63198.58
64167.68,63146.766
62862.07000000001,62653.15
61717.19999999999,62109.44
60923.52,61377.348
60439.44,60509.29
59045.69000000001,59319.652
58068.72,58370.797
57195.44000000001,57385.293
55977.009999999995,56369.152
54909.31,55102.004
53894.09,54018.598
52651.98,52960.56
51022.34,51952.63
50073.92,50983.605
49106.59,49933.71
48368.29,49033.53
47482.63,48321.08
46891.42,47522.5
46465.68,46957.707
46101.22,46521.57
45188.27,46193.844
44862.24,45790.055
44524.98,45434.816
44174.99,45077.312
44024.77,44769.934
43908.63,44498.11
43931.58,44346.246
43975.44,44255.816
44075.9,44213.61
44237.14,44214.21
44273.9,44305.05
44278.54,44470.305
44641.47,44710.383
45027.85,45092.633
45304.09,45651.934
46016.32,46406.94
47200.45,47307.234
47747.13,48512.46
48597.76,49856.0
50629.9,51169.812
54602.030000000006,52385.203
57037.44000000001,53959.36
58888.37000000001,55793.062
60582.3,57669.715
62296.93,59223.992
62769.56,60706.625
63399.909999999996,61907.277
64036.04,62795.95
65064.76000000001,63410.492
65608.39,63735.625
65877.75,64076.84
66149.93,64472.664
66492.9,64826.48
66759.03,65357.953
67238.94,65699.12
67392.44,65945.72
67520.49,66150.914
67724.76,66557.875
68020.48,66703.8
68106.48,66766.08
68360.07,66781.625
68671.54,67021.27
69139.76,67045.06
68854.05,67009.58
68706.76,66953.13
68604.22,66997.02
68605.09,66787.81
68559.06,66539.2
67952.51,66254.24
67247.63,66168.695
66495.85,65847.92
65697.35,65437.64
65284.95,64938.215
64922.16,64549.22
64262.12000000001,64057.332
63927.03,63638.74
66067.44,63233.816
63366.24999999999,62970.582
62898.69,63031.836
62550.990000000005,62918.97
62718.56,62594.152
62304.51000000001,62370.758
62148.48999999999,62266.2
61968.79000000001,62232.914
61644.71,62225.816
61620.4,62259.418
61459.56,62260.56
61588.729999999996,62256.234
61370.23999999999,62218.805
61129.97,62075.445
61395.32000000001,61890.977
61272.35,61632.453
62156.44,61386.023
62274.67,61034.49
62703.41,60819.992
62498.96000000001,60692.766
61321.40000000001,60569.773
60207.34,60084.72
59260.36,59458.465
58073.57,58633.156
56938.57000000001,57771.566
55997.48000000001,56623.477
54917.26999999999,55643.24
53686.78,54721.883
53142.60999999999,53863.33
52405.74999999999,52745.977
51637.39,51832.305
50264.97,51024.73
48762.729999999996,50277.457
47955.03,49590.31
47114.38,48661.984
46291.35,47743.715
45197.07,46919.03
44622.87,45961.98
43924.17,45142.27
43738.9,44454.855
43574.22,43919.355
43070.03,43386.93
42469.35,43069.477
42143.7,42845.145
41162.02,42657.773
40791.23,42069.754
40771.4,41671.543
40850.34,41375.418
41687.02,41221.56
41577.25,41145.074
41562.8,41221.324
41604.26,41350.082
41782.0,41437.64
41655.17,41523.195
41736.84,41622.184
41955.79,41719.47
41789.7,41834.76
41855.53,42135.777
42246.06,42436.24
42598.59,42744.492
43241.1,43195.06
44191.12,44014.53
44577.01,44884.19
44943.04,45786.508
45908.96,46607.098
46276.2,47512.26
47273.25,48317.926
48266.24,49054.535
50030.54,49741.914
50868.740000000005,50424.49
51855.36,51193.953
52020.36,52018.926
51468.83,52809.027
51654.63,53584.21
52261.31,53995.824
53025.92,54206.99
54214.850000000006,54346.95
54775.50000000001,54665.113
55419.63,54975.555
55727.53,55214.65
55893.02999999999,55385.676
55921.33,55637.785
56416.530000000006,55690.645
56311.5,55585.17
55920.52999999999,55437.01
55811.27,55364.44
56079.2,55091.516
55298.17,54793.367
54458.26,54526.84
54053.85,54350.453
53669.26,53967.2
52700.59,53525.695
52550.29,53112.383
52026.32,52747.383
51121.71,52361.79
51654.759999999995,52080.76
51834.49,51732.918
51849.07,51606.426
51464.23,51606.273
50793.83,51693.05
50973.17,51749.3
50576.8,51760.023
50318.04,51800.86
50479.72000000001,51885.67
51147.55,51929.035
51090.09,51980.652
51230.05,52162.992
52034.149999999994,52355.582
52338.17,52502.336
52314.66,52596.098
52326.48,52693.246
52414.2,52719.402
53267.270000000004,52661.152
53557.93,52426.805
53892.6,52301.44
53116.24,52271.504
52504.619999999995,52219.63
51691.76000000001,51824.926
50943.73,51314.0
49689.57000000001,50745.01
48497.4,50168.082
47686.61,49345.965
46835.84,48569.29
46379.2,47856.16
46378.87,47223.824
45622.19,46459.258
44593.26,45893.34
43665.7,45374.246
42461.05,44787.914
42115.59,44165.902
41169.59,43325.043
40856.87,42495.93
40729.24,41718.13
39977.02,40856.875
39513.3,40198.62
39150.16,39657.887
38614.53,39208.945
38238.85,38721.312
38053.94,38304.87
37501.78,37959.848
36857.8,37709.43
36499.07,37426.492
36582.54,37096.598
36419.4,36825.113
36521.56,36664.18
36432.29,36552.434
36374.38,36475.2
36282.02,36423.73
36399.15,36355.14
36554.77,36303.605
36349.63,36259.82
36199.88,36259.605
36309.9,36272.63
36034.36,36331.043
36007.97,36408.688
36451.76,36499.715
37445.28,36635.92
37340.9,37090.227
37430.2,37724.0
37626.51,38307.72
38643.86,38743.652
38767.12,39290.473
39397.55,39906.133
40078.12,40546.535
41234.89,41148.598
42198.18,41743.08
42998.23,42547.816
44206.47,43327.008
45371.22,44034.28
46061.54,44930.043
46497.37,45836.316
47887.61,46721.35
48545.78,47471.99
49091.52,48407.777
49768.16000000001,49224.715
49969.33,49876.15
50271.58,50361.61
51336.83,50790.36
51914.35,50923.055
52199.57,50914.785
51286.50000000001,50776.926
51132.01,50693.06
51187.59,50359.895
51174.45999999999,49919.402
50771.42,49509.152
50644.6,49288.688
50337.99,49084.51
50319.69999999999,48882.715
49248.03,48698.617
49240.299999999996,48727.938
48948.16,48664.71
48778.14,48574.168
49163.25,48501.395
48386.86,48588.035
47576.49,48688.33
47463.37,48738.652
47723.82,48675.586
47370.19,48635.56
47646.63,48770.18
48287.04,49005.83
49448.50000000001,49311.582
49494.01999999999,49728.73
49558.50000000001,50321.26
49575.29,50861.34
50504.09,51271.973
51143.55,51447.703
51313.23,51630.832
51270.67,51837.566
51739.95,51963.65
52233.08,51867.492
52042.11,51848.938
51810.32,51939.883
51675.87,51998.637
50662.33,51757.266
49499.54,51570.17
49320.84,51310.01
49060.66999999999,50906.78
48454.76999999999,50254.457
48196.08,49769.348
48209.71,49303.63
48566.70999999999,48843.168
48114.59,48185.09
47060.24,47708.438
46091.65,47237.613
45386.93,46619.24
44573.15,45826.223
43907.56,44963.06
43471.28,44200.26
44129.84,43565.113
43525.82,42906.844
43488.95,42585.85
42865.89,42434.703
42526.61,42340.414
42237.41,42121.46
42230.61,41889.95
41778.94,41698.78
41552.14,41550.69
41506.57,41732.688
41702.99,41654.906
41705.4,41557.64
42102.93,41526.977
41992.44,41598.465
42467.96,41784.453
42828.05,42025.484
43465.51,42370.88
43878.71,42961.35
44722.34,43764.188
45578.3,44806.797
46069.71,46067.22
47242.12,47699.68
48565.99,49329.69
50828.060000000005,50945.3
55499.65000000001,52584.03
57432.97000000001,54670.87
59097.87999999999,56998.71
60504.01999999999,59166.41
62204.53,60802.203
63017.05,62380.938
63946.35999999999,63563.434
64540.90000000001,64479.758
64882.270000000004,65139.367
65785.87,65465.598
65900.6,65743.766
66118.77,65955.414
65363.76,66123.99
65474.7,66548.55
65632.77,66658.79
66310.19,66720.39
66252.98,66861.66
66237.36,67389.84
66407.55,67661.375
67307.02,67785.19
67805.23,67827.26
68008.05,68164.13
68003.53,68285.97
68175.56,68272.77
67603.37,68143.85
67755.75,68187.89
67629.29,67932.41
67715.53,67685.05
67770.07,67434.72
68027.39,67443.97
66989.39,67305.43
66249.47,67166.375
65916.08,66862.86
65727.44,66569.55
64953.32,66102.25
64651.42,65663.83
64946.33,65143.72
64263.1,64746.11
63321.22,64303.02
62856.41,63863.016
63666.54000000001,63334.85
62741.13,62922.453
62375.100000000006,62686.53
61719.96,62554.8
62506.26,62479.727
62429.66,62443.29
62195.25,62559.65
62259.34,62779.38
63041.78,62988.44
62649.55,63056.55
62564.7,63218.496
63068.89000000001,63297.86
63594.02999999999,63209.965
64469.63,62979.133
64847.26,62834.168
64505.520000000004,62775.062
63292.13,62671.55
62134.53,62134.883
60950.94,61432.51
59775.05,60543.45
58698.13,59550.05
57616.54000000001,58227.754
56656.11000000001,57073.605
55382.560000000005,55966.777
54555.38,54930.555
53594.37000000001,53645.734
52193.1,52578.85
51175.08,51582.6
49720.69,50594.67
48839.060000000005,49636.453
48047.76999999999,48624.965
47204.23,47730.227
46882.05,47029.277
46368.53,46281.875
45805.43,45757.152
45806.84,45408.17
45801.98,45107.47
45504.95,44779.68
44967.36,44619.445
44878.41,44535.887
44607.12,44423.21
44045.08,44187.54
44221.21,44031.72
44195.84,43928.203
44362.99,43918.348
44391.35,44016.47
44533.68,44210.207
44919.49,44481.125
45881.64,44817.285
46236.12,45321.086
46617.41,46073.164
47631.63,46978.855
49441.12,47944.746
50526.05,49163.55
51532.14,50625.016
53201.96000000001,52157.633
55566.88,53575.7
57908.07,55237.402
59910.35999999999,56890.105
61429.76,58507.43
63067.47,59982.676
63710.24,61505.25
64462.24,62724.426
65019.880000000005,63650.23
65700.24,64312.004
66324.49,64588.97
66930.6,64861.85
67193.68,65102.688
66544.94,65357.574
67107.06,65840.81
66920.63,66059.68
67285.91,66230.39
67976.22,66383.17
68289.38,66800.14
68516.72,67083.26
69024.71,67317.84
69238.04,67481.62
69957.19,67875.484
70228.63,68001.21
70157.17,68100.695
69429.95,68181.58
69543.88,68383.7
69373.53,68283.4
69409.96,68125.74
69475.25,68005.71
69236.26,68129.18
68532.72,68103.66
68052.54,67969.62
67828.13,67709.36
67627.66,67513.58
67089.79,67100.7
66588.07,66649.43
66511.81,66124.96
65956.74,65679.86
65319.87,65133.855
64681.9,64587.45
64719.05,64051.9
64438.95999999999,63687.78
64139.31999999999,63467.785
64280.18,63462.11
64649.04,63594.297
64856.59999999999,63875.887
64913.36,64285.09
65204.46000000001,64782.004
64385.670000000006,65240.934
64291.91000000001,65524.664
64770.22,65544.016
64756.96,65389.72
65577.42,65215.832
65577.44,64875.54
65605.28,64658.875
65187.84,64443.883
64130.950000000004,64154.125
63100.1,63478.453
61884.31,62747.426
60986.08,61888.137
60325.41,60929.31
59647.53,59659.992
58343.85,58602.293
57033.77,57597.566
56097.11,56572.406
54520.58,55248.38
53587.409999999996,54116.33
52508.729999999996,52965.31
51139.05,51858.52
49907.0,50828.52
49104.83,49819.586
48084.66999999999,48918.938
47051.81,48159.945
46667.72,47398.17
46289.24,46789.195
46106.72,46324.895
46362.71,46032.004
46058.77,45707.133
45810.35,45596.008
45455.69,45541.75
45593.18,45461.055
45725.21,45369.66
45883.32,45323.305
45778.76,45433.793
45735.14,45553.35
45900.7,45637.02
45895.52,45752.816
46149.05,45943.336
46079.1,46212.76
46547.89,46676.902
47126.35,47307.074
47534.49,48132.414
48906.57,49179.863
49901.83,50557.184
50876.99999999999,52065.676
52719.14,53543.805
55561.51000000001,54920.54
57825.88999999999,56601.453
59525.32,58236.734
61151.47000000001,59812.69
62270.65,61129.93
62629.51,62512.375
63415.49,63497.047
63605.41,64136.273
64537.86,64538.535
65022.21,64633.383
65295.93,64781.258
64741.91,64920.44
64456.64,64991.055
64631.12,65249.734
65126.68,65234.89
65712.64,65248.645
65722.54,65336.133
66034.08,65838.19
65644.84,66090.12
66067.42,66243.5
66180.25,66289.234
66741.51,66586.79
66933.45,66635.83
67713.36,66630.7
67818.37,66574.4
67292.75,66822.83
67173.5,66836.23
67110.77,66734.45
67426.48,66560.22
66867.76,66605.4
66125.08,66513.56
65950.67,66301.66
65398.47,65957.7
65151.52999999999,65724.75
65050.53,65290.19
64893.27999999999,64833.516
64190.07000000001,64335.34
63260.66,63998.33
62757.28,63447.55
62135.25,62879.76
61626.29,62326.016
61787.01,61952.973
61323.28,61663.004
61028.53,61604.316
61039.13,61740.418
61696.80999999999,61964.332
61580.91000000001,62290.305
61566.56,62798.906
61847.17,63304.082
61150.83,63640.89
61433.590000000004,63862.19
61757.15000000001,63879.45
62675.71,63739.203
63143.71000000001,63420.504
63492.50000000001,63250.016
62835.950000000004,63117.85
62080.43,62903.004
60834.56999999999,62228.117
59829.10999999999,61478.973
58970.67999999999,60590.68
57542.05000000001,59621.176
56578.450000000004,58371.66
55735.53,57234.273
55280.590000000004,56073.305
54615.04,54987.98
53414.74999999999,53781.14
52005.87,52824.43
50938.34,51856.105
49376.84,50893.16
48622.11,49914.625
47871.39,48891.734
47493.45,48004.688
46850.06,47311.19
46259.4,46621.95
45303.97,46182.168
45123.5,45861.863
44407.51,45553.824
44074.7,45161.13
43548.99,44843.914
43495.21,44535.285
43671.18,44235.03
43298.59,43238.508
42836.0,42430.605
42850.78,41915.605
43138.17,41552.895
42897.28,41288.832
42876.74,41236.855
42545.95,41271.168
42355.7,41365.4
42018.27,41464.266
41800.42,41523.438
41816.04,41529.94
41419.69,41490.824
40695.94,41553.53
40266.1,41606.062
40057.49,41529.91
40171.51,41432.67
40044.88,41589.28
40083.45,41826.348
40314.98,42047.78
41222.02,42195.652
41352.85,42492.336
42121.98,42870.66
42575.09,43271.812
43614.08,43673.93
44405.13,44122.13
45170.34,44636.688
45804.35,45225.25
46541.89,45824.883
46817.48,46553.69
47506.25,47239.88
48181.32,47801.94
48844.7,48272.37
49543.62,48847.895
50224.10999999999,49310.645
50737.79,49688.57
51256.54,50010.176
52052.85,50423.605
52243.75,50742.35
52461.29000000001,51010.62
52908.83,51197.234
52538.71,51401.23
51588.72,51511.67
51694.770000000004,51484.86
50874.41,51251.887
50194.36,51078.086
49657.01,50759.668
49113.68,50272.133
48766.19999999999,49717.336
48267.280000000006,49239.504
48084.55,48749.57
47714.22,48266.11
47720.76,47834.59
47047.14,47547.316
47354.84,47304.277
47133.15,47076.77
47226.98,46949.785
47021.66,47002.164
46894.46,47152.062
46783.54,47385.055
47159.32,47669.223
47663.05,48001.895
48310.78,48441.23
48817.35,48980.863
49553.5,49608.15
49737.99,50177.77
50305.63,50724.285
50706.14000000001,51192.83
51585.3,51564.957
51930.340000000004,51763.88
52111.479999999996,51961.023
51760.36,52108.777
51387.16,52120.15
50622.84,51754.766
49819.27,51300.723
49434.36,50757.293
48497.28,50162.367
47925.03999999999,49395.297
47517.04,48707.277
47301.01,48060.242
47438.33,47483.152
46754.18,46778.36
45824.75,46249.418
45276.74,45758.043
44289.51,45202.77
43539.38,44422.625
42681.46,43683.434
42028.73,42995.773
41258.07,42365.46
40514.84,41627.875
39831.75,40992.94
39250.77,40420.06
38852.17,39923.57
38333.06,39346.402
38309.51,38857.96
38425.94,38444.703
38086.32,38138.605
38001.35,38334.54
37957.89,38591.895
38014.35,38696.113
38339.73,38731.445
38351.04,38739.74
38545.56,38835.832
38534.16,38979.867
39248.18,39167.594
39708.19,39444.867
40117.62,39892.61
40428.62,40530.156
41770.02,41313.938
42233.45,42299.637
43126.58,43420.586
44354.42,44581.426
46944.07,45741.938
48700.83,47177.43
50361.76,48749.26
51542.92,50325.63
53479.70999999999,51730.08
53852.27,53125.812
54483.97,54285.22
55188.51,55185.51
55808.99,55812.438
56275.65,56269.67
56740.31,56640.41
57237.65,57016.44
57892.39,57352.637
58360.95,57905.973
58739.6,58354.266
58982.009999999995,58746.332
58828.41,59062.07
58929.9,59533.316
59190.03,59763.266
59335.76,59886.906
59494.35,59990.406
60103.869999999995,60296.145
60486.06,60426.027
60827.34999999999,60541.945
60737.02,60637.48
60269.89000000001,60840.434
59999.34,60765.164
59939.69,60518.844
59851.58999999999,60182.906
59450.72,59984.098
58631.50000000001,59664.703
57961.4,59281.184
57992.0,58777.848
57833.27,58334.26
57747.02,57888.22
57522.70999999999,57559.582
57289.85,57325.55
56723.8,57259.844
56537.73000000001,57119.066
56102.24999999999,57034.383
55719.8,57025.004
55173.83,57093.195
55217.659999999996,57194.54
55171.4,57314.844
55559.97,57487.84
56043.44000000001,57646.66
56125.05999999999,57885.254
56233.33999999999,58175.266
56670.41,58417.5
56655.670000000006,58407.188
56837.85999999999,58366.945
57264.35,58293.18
58048.7,58117.152
58244.89,57789.25
58299.3,57590.848
57716.86,57414.406
56985.77,57148.082
55477.33999999999,56495.566
54429.06,55828.29
53607.33000000001,55030.883
52351.990000000005,54138.375
51709.66999999999,53029.766
51214.28,52093.07
50064.68,51250.152
49042.72,50535.754
48174.53,49612.832
47425.31,48773.266
46477.73,47947.816
45922.84,47137.426
45234.19,46382.97
44501.18,45553.074
43559.1,44786.88
42437.23,44093.664
41970.54,43252.344
41788.3,42475.61
41048.86,41806.375
40747.69,41353.867
40612.4,40883.426
40382.59,40508.617
40093.2,40284.6
39782.16,40202.145
39394.5,39902.332
39201.85,39708.004
39187.74,39620.977
39227.4,39599.68
39339.53,39628.035
39697.63,39664.332
39912.05,39710.19
40268.12,39789.465
40343.17,39928.57
40360.0,40102.516
40539.96,40292.547
40856.35,40470.902
41125.18,40746.887
41400.41,41074.99
41665.66,41469.523
41796.07,41930.92
42095.14,42608.926
42992.82,43285.22
43589.6,43904.184
44600.01,44556.91
45227.81,45464.93
45477.66,46324.04
46352.34,47181.125
47628.37,47908.33
48411.44,48671.254
49436.1,49378.203
49981.35,50122.6
50306.24,50820.863
50938.75000000001,51622.137
51579.09,52203.133
51994.55,52661.54
52213.08,53035.668
52794.32,53500.87
53143.17999999999,53771.34
53060.79000000001,53946.7
53534.009999999995,54049.16
54099.97,54202.016
54498.49,54227.15
54476.01999999999,54232.668
54914.91,54206.06
54545.17,54216.785
54108.84,54106.742
53632.16,53870.094
52961.67,53488.523
52240.67,53109.715
52188.21,52590.098
51487.13999999999,52001.85
50872.72,51449.277
50310.87,51038.57
49932.69,50587.383
49571.41,50171.844
49573.54,49852.46
49394.49,49658.758
49254.78,49560.54
48937.3,49575.918
49149.560000000005,49667.855
48901.33,49834.56
49166.979999999996,50118.516
48885.45999999999,50470.47
49159.01,50882.707
49275.43,51246.477
49808.17999999999,51594.883
49987.45,51907.74
50002.91,52214.113
50272.44000000001,52370.637
50362.84,52363.816
50874.24999999999,52270.734
52139.42,52102.383
52610.380000000005,51838.79
52649.77,51767.402
51897.12999999999,51777.906
51562.990000000005,51662.062
50227.54000000001,51157.402
49342.74,50611.8
48699.259999999995,49957.234
48293.979999999996,49230.09
47788.31,48349.28
47048.51,47677.586
46287.88,47144.97
46783.33,46677.25
46348.75,46024.203
45592.14,45551.156
44721.78,45144.984
43996.33,44673.594
43506.4,44161.758
42722.09,43540.64
42249.74,42888.227
41925.21,42255.49
41306.69,41526.95
40776.77,40915.562
40230.5,40410.31
38869.22,39988.8
38280.64,39528.438
38269.97,39032.305
38233.12,38562.047
37968.81,38236.71
37764.62,37978.63
37832.55,37768.707
37734.69,37644.75
38270.52,37611.164
38395.69,37610.203
38489.06,37686.527
38525.87,37845.746
38566.06,37992.566
38396.11,38129.93
38595.91,38223.992
38614.21,38246.613
39202.94,38259.797
38716.8,38348.863
38653.4,38481.42
38582.54,38597.125
38798.25,38670.383
38936.66,38904.55
38937.2,39148.9
39295.99,39429.887
39639.58,39706.26
39932.13,40229.773
40423.23,40747.848
41007.31,41269.8
42297.54,41806.156
42903.02,42532.664
43906.33,43383.85
44700.48,44183.605
45530.75,44925.19
46410.43,45802.434
47284.61,46558.055
47671.96,47234.37
48219.54,47892.13
48918.95,48628.363
49276.83,49214.684
49816.66,49722.348
50461.74,50105.992
51206.83,50539.984
51931.7,50842.727
52235.28,51010.133
51894.94,51055.85
51307.15,51118.582
51172.05999999999,50938.434
50948.939999999995,50562.18
50824.50000000001,50138.918
50453.65,49855.617
50466.01,49551.715
50050.52999999999,49246.19
50429.61,48990.51
50356.61,48888.812
50226.12,48842.562
49740.21,48857.38
49591.53,48862.766
49443.45,48955.01
49181.880000000005,48970.184
48877.97,49011.508
49342.04000000001,49087.1
49228.55,49267.375
49377.97,49539.637
49184.36,49932.63
49787.99,50375.848
50155.350000000006,50839.965
50576.86,51336.016
50853.95,51869.906
50885.9,52365.35
51206.68,52759.016
51885.81,53016.93
52744.0,53148.94
53688.05,53251.01
53541.59999999999,53293.906
53048.61,53455.82
52461.95,53520.65
52075.74999999999,53373.69
51271.259999999995,52878.406
50430.689999999995,52415.715
49824.899999999994,51954.977
49652.64,51514.04
49123.91,50858.387
48586.14,50393.33
48643.18,49999.0
49228.21,49589.438
48857.05999999999,49004.867
48288.06,48623.996
47647.0,48251.805
46787.22,47792.316
45995.15,47187.633
45378.1,46458.773
44582.37,45737.844
43994.27,45086.246
43428.07,44345.273
42900.85,43710.164
42296.83,43190.973
41589.17,42732.05
41324.96,42188.387
41148.02,41682.695
41108.61,41275.457
40818.92,40967.848
40658.58,41079.145
40603.42,40998.77
40705.82,40906.863
40948.34,40863.72
41036.06,40898.2
41076.8,41024.938
41078.94,41250.617
41943.74,41517.586
42172.38,41892.273
42713.5,42466.496
43652.07,43263.04
45439.9,44230.336
46519.69,45567.562
47755.35,47234.332
49708.939999999995,49055.816
53728.28,50850.7
56115.759999999995,52939.5
58022.69,55179.855
59863.45,57373.836
61371.380000000005,59170.28
62144.44000000001,60920.11
62584.450000000004,62273.293
63329.26,63268.45
64482.16,63940.734
65284.93,64221.777
65686.16,64592.156
65760.72,64912.55
65204.229999999996,65163.26
65477.48000000001,65543.695
65844.17,65645.02
65924.26,65690.73
66267.41,65802.125
66541.74,66126.625
66879.48,66310.95
67012.43,66467.32
66545.42,66600.29
67009.42,66897.484
67317.4,66899.15
67114.37,66823.875
66250.3,66734.76
66235.28,66768.87
66321.35,66497.63
66429.22,66145.32
66591.95,65849.836
66388.56,65805.04
65610.0,65657.06
64705.01,65435.617
64121.69,65057.34
64044.85,64696.35
63366.11000000001,64134.54
63014.73,63567.33
63241.58999999999,62961.535
63029.44,62451.492
62534.99,61952.77
62129.36,61554.395
62143.33999999999,61235.6
61504.55,61132.586
61660.79000000001,61156.42
61335.619999999995,61323.37
61583.799999999996,61645.64
61576.05,62097.664
62078.33000000001,62625.426
62044.38,63181.4
62631.66,63738.7
62743.42,64132.29
63678.94,64378.85
64662.78,64478.293
65898.61,64519.098
65868.78,64432.723
65676.31,64478.152
65131.87,64394.43
64441.03,64091.297
62995.62,63336.93
61814.77,62599.176
61089.79,61729.504
59954.799999999996,60760.695
59432.27,59526.098
58359.3,58463.56
57313.939999999995,57480.207
56518.11,56530.27
55697.16,55320.387
54390.36,54317.492
53444.32,53368.78
51713.47,52435.73
50725.37000000001,51525.336
49758.51,50516.242
49166.81,49623.133
47836.90000000001,48892.484
47119.8,48181.12
46692.77,47600.043
46414.91,47100.3
45219.78,46748.254
44923.16,46350.285
44878.72,45999.453
44629.14,45690.96
44066.71,45537.836
43960.28,45339.727
44042.53,45100.492
44088.22,44938.47
44136.94,44882.17
44376.25,44890.375
44762.98,44986.152
44876.72,45172.43
45949.93,45499.05
46496.07,46024.54
47193.32,46817.523
48174.67,47886.254
49104.84,49167.508
49766.64,50787.297
50982.02,52405.176
52365.12,53879.316
55588.96,55217.215
57863.009999999995,56739.617
59717.37000000001,58357.18
61509.54000000001,60003.332
63164.83,61431.297
64346.69000000001,62930.0
65035.95,64133.992
65734.12,65099.637
67051.6,65789.96
67652.13,66112.4
67943.96,66485.73
68120.43,66812.61
66851.29,67038.89
67073.55,67451.34
67766.69,67471.914
67480.82,67382.07
67000.12,67440.75
67406.41,67805.39
67589.99,67831.07
67826.94,67859.76
68342.09,67909.96
69466.18,68212.96
69915.33,68336.28
70054.13,68523.82
69904.19,68676.01
69163.41,68953.18
68977.19,68957.42
69245.62,68788.984
69199.3,68572.8
68838.13,68649.445
68383.68,68571.055
67635.7,68372.31
67079.99,68030.945
66735.49,67770.56
66694.64,67238.47
66539.55,66656.21
66017.93,66074.336
65583.15,65638.984
65173.979999999996,65049.566
64512.92,64455.645
64382.67,63927.945
64320.16,63598.26
64089.35999999999,63409.72
63867.81,63433.242
63755.41,63625.9
63677.37,63917.535
64120.65,64280.24
64284.80000000001,64673.39
64563.829999999994,65142.914
64657.93,65438.2
65379.06,65689.74
65990.54,65821.35
66318.5,65877.56
65979.63,65757.36
65648.48,65628.69
65196.450000000004,65294.996
63595.83000000001,64760.125
62740.83000000001,63851.79
61613.99,62910.023
60420.83999999999,61882.18
59693.30000000001,60907.855
58624.37,59606.656
57586.35,58527.21
56935.19,57476.23
56392.43,56456.94
55540.15,55238.3
54376.73000000001,54272.938
53399.71,53377.965
52549.23,52459.816
51676.44999999999,51539.195
50578.45,50635.29
49657.66,49874.254
48179.159999999996,49209.727
47369.33,48421.883
47470.47,47761.41
47136.61,47198.62
46886.99,46881.773
46410.57,46529.68
45795.18,46324.043
45521.58,46142.156
44861.12,45966.19
44384.32,45790.508
44566.7,45556.527
44640.22,45305.887
45011.03,45162.934
45505.54,45079.277
45710.09,45147.87
45761.47,45385.06
46688.65,45715.543
47248.62,46164.645
47668.92,46846.273
48452.99,47811.742
49867.74,48938.18
50619.1,50382.21
51464.91999999999,51991.332
53081.26,53586.74
56396.07,55012.676
58554.22,56656.38
59972.51,58385.266
61589.869999999995,60071.035
63360.159999999996,61438.9
64263.049999999996,62780.355
65257.9,63864.44
65755.47,64716.203
65642.37,65340.004
65790.63,65604.47
65706.64,65741.09
66082.08,65740.09
65432.65,65658.414
65621.52,65905.086
65644.04,65944.33
65686.49,65969.11
65961.55,66019.67
65745.78,66329.484
65971.29,66473.54
66725.61,66505.85
67046.7,66518.15
67648.29,66838.65
68167.63,66977.016
68615.12,67041.81
68645.51,67123.66
68437.3,67421.625
68174.1,67481.54
68317.59,67461.13
68628.77,67400.805
68741.38,67590.336
68497.21,67590.56
67740.32,67542.305
67951.41,67445.12
67341.56,67363.69
67315.42,67028.47
66483.94,66602.49
66163.9,66123.85
65738.59,65693.09
65271.82000000001,65067.656
64425.44999999999,64535.395
63627.86,64054.84
63071.38,63751.973
62823.92999999999,63451.543
62873.04,63252.066
62882.97,63216.484
63037.729999999996,63472.01
63455.29,63871.92
63852.08,64327.203
64533.87,64817.938
64388.84,65216.176
65008.12,65524.254
65663.89,65669.76
66543.29,65664.984
66174.15,65489.273
65966.29,65403.477
65352.21,65144.676
64089.05,64713.766
62887.49,63887.184
62179.94,62984.82
60760.7,62001.89
59445.42,61051.81
58720.97,59802.355
58056.44999999999,58682.875
57253.02,57610.156
56036.29,56661.58
55331.29,55478.33
54264.61,54432.887
53192.39,53472.92
52434.68,52581.324
51632.99,51701.375
51073.3,50845.113
50169.90000000001,50094.42
49502.06,49543.367
48552.7,48853.93
48544.009999999995,48371.04
47817.83,47986.46
47172.76,47760.562
46455.13,47412.7
46439.33,47117.58
46137.5,46821.31
45671.21,46600.74
45429.66,46434.24
45719.0,46269.41
45776.91,46113.62
45937.52,46056.164
45611.77,46086.29
46152.99,46171.37
46532.91,46280.082
47170.0,46460.31
47069.46,46902.145
47685.15,47568.02
48500.72,48368.05
49157.48999999999,49352.637
49927.74,50682.508
51073.38999999999,52099.383
52629.67,53452.72
55607.09,54732.96
57917.09,56272.008
59433.92999999999,57872.684
60947.090000000004,59472.902
62859.41000000001,60831.227
63694.14,62188.02
63962.04000000001,63294.652
64499.41000000001,64192.832
65733.84,64761.414
66220.98,64932.953
66929.46,65226.566
67321.5,65512.3
66639.09,65773.27
67010.69,66312.32
67440.17,66464.695
67700.5,66571.164
67489.56,66754.94
67540.06,67225.32
67614.37,67419.164
68287.27,67530.57
68808.81,67567.65
69144.11,67905.73
69361.79,68075.24
69196.0,68184.195
68845.29,68201.55
68866.66,68366.21
68828.29,68241.86
68380.23,68081.79
69131.97,67952.91
68527.13,68011.73
67559.65,67962.945
67851.46,67860.08
66888.54,67498.83
66879.17,67302.12
66684.35,66874.73
66670.28,66369.47
65824.78,65882.77
65746.58,65529.97
65537.8,64968.426
64856.93000000001,64463.91
64133.65,64076.727
63479.05,63812.016
63494.85,63539.434
63178.42,63441.223
63992.33,63542.88
64299.07,63803.504
63974.79,64315.848
63849.59,64998.78
64082.98,65574.53
63635.51,65932.17
64171.76999999999,66155.9
64923.11,66174.516
65884.9,66083.43
65909.89,65848.18
65349.13,65698.24
64867.29,65461.98
64163.43,65018.19
63037.95,64140.504
62184.09,63346.082
61371.27999999999,62465.016
59577.03999999999,61529.824
59009.66,60278.75
58266.53,59121.676
57474.08,57995.895
57197.91,56985.562
56376.22,55748.746
55271.36,54826.234
54066.26999999999,53965.516
52812.12,53132.836
51925.990000000005,52317.55
51210.0,51444.926
50563.149999999994,50702.027
49843.67,50125.164
49247.05000000001,49471.867
49099.030000000006,49005.18
48261.4,48668.094
47131.65,48466.004
46773.21,48116.566
46640.85,47714.414
46470.64,47330.84
45850.67,47060.098
45824.23,46879.79
45828.54,46721.176
45971.45,46603.004
46161.65,46548.477
46230.65,46537.77
46316.18,46638.117
46477.04,46816.824
46649.08,47052.848
47000.37,47476.62
47736.89,48052.28
48391.68,48791.523
49650.280000000006,49755.582
50200.84,51030.266
51223.38999999999,52393.664
52630.66999999999,53698.008
56350.13,54874.91
58599.990000000005,56352.953
60638.58,58005.355
62285.0,59696.37
64359.58,61164.504
65249.719999999994,62698.523
65987.27,63953.336
66629.51,64957.99
67306.65,65714.41
67483.31,66088.13
67669.63,66391.89
67890.51,66663.35
67252.74,66901.85
67297.17,67360.41
67987.88,67489.93
68481.89,67486.65
67734.29,67510.26
67659.46,67820.586
67819.74,67796.266
68288.63,67649.47
68350.29,67552.445
68472.44,67747.43
68559.01,67768.17
68262.9,67704.73
68373.37,67578.58
67813.1,67580.79
67353.86,67333.63
67434.01,66997.25
67769.58,66561.01
67059.61,66350.31
66415.21,66070.61
65666.67,65705.28
65527.130000000005,65206.42
65292.64,64857.633
65212.55,64419.496
64959.02,64067.67
64872.79,63783.74
64366.88999999999,63631.973
63532.73999999999,63464.46
62964.049999999996,63334.746
62665.48,63167.863
62309.450000000004,63034.316
62307.95,62937.09
62324.48,62978.26
62933.45,63150.543
62875.05,63391.83
63211.08000000001,63744.234
63261.24,64112.754
64150.99,64406.64
64135.13,64529.812
64856.67,64644.84
65538.34,64680.47
66540.11,64658.902
65782.24,64480.72
65194.36000000001,64401.78
64776.64,64130.434
63017.670000000006,63606.797
61551.3,62702.406
60328.49,61728.168
59314.99999999999,60625.027
57977.83999999999,59549.92
57215.170000000006,58288.02
56267.06,57272.098
55546.46,56380.895
55059.89000000001,55581.816
54455.37999999999,54531.27
53379.37,53748.586
52055.52,53028.89
50862.26,52283.535
50263.26,51594.516
49537.82,50667.914
48495.9,49773.61
47453.99,48967.62
46833.62,48005.645
46751.84,47190.844
46027.86,46537.1
45381.27,46062.137
44919.88,45548.44
44479.92,45146.43
44123.81,44836.363
43635.45,44611.766
43319.55,43908.383
43127.07,43598.645
43098.19,43441.273
42991.86,43369.05
42832.16,43306.66
43028.46,43264.855
42735.72,43209.96
42777.7,43161.89
43005.88,43117.89
43009.1,43059.69
43370.82,43074.363
44064.05,43164.895
44221.81,43430.656
44138.69,43841.977
44504.43,44330.93
44886.42,44817.46
45476.76,45549.03
45653.67,46321.254
46539.65,47110.73
47469.01,47832.273
47974.15,48754.71
48250.25,49635.445
49060.58,50400.27
50452.19,51025.74
51536.47,51602.93
52041.57,52221.965
52629.969999999994,52931.586
53071.94,53569.344
53755.619999999995,54203.81
54355.54,54667.484
54964.39,55020.805
55520.1,55283.664
55586.159999999996,55622.793
55950.55999999999,55840.176
55968.54,55927.58
56412.06999999999,55935.637
56986.700000000004,56038.082
57254.009999999995,56032.734
57199.86,56017.367
56497.81,55948.043
56603.420000000006,55942.293
56306.66,55677.51
55731.17,55325.09
55258.48999999999,54951.47
54633.04,54652.92
54203.13,54218.82
53446.80000000001,53725.195
53228.93,53217.88
52810.659999999996,52815.094
52703.770000000004,52411.727
52039.34,52082.92
51512.89,51832.52
50929.39,51684.086
50392.079999999994,51524.9
50310.16,51379.26
50651.82,51264.445
50457.509999999995,51288.17
50621.11,51489.582
50937.2,51806.168
51595.25,52165.895
51892.06,52585.07
52284.32,53070.402
52508.34,53533.996
53402.19,53897.266
53691.98,54086.992
54069.920000000006,54218.836
55126.81999999999,54273.44
55640.15,54229.023
55329.98999999999,54124.812
54728.57,54033.0
53730.01,53791.57
52804.89,53352.348
51642.85999999999,52530.79
50604.28999999999,51683.57
49761.0,50850.8
48654.810000000005,50052.19
47889.85999999999,49127.062
47201.96,48376.938
46882.22,47729.67
46536.92,47162.652
45921.06,46506.92
45108.28,45982.082
44441.7,45446.66
44074.18,44851.598
43177.02,44279.086
42375.47,43609.547
41770.75,42901.426
41440.63,42181.105
40964.01,41370.484
40610.28,40693.387
40050.9,40173.734
39579.44,39745.44
39092.73,39247.906
38582.25,38826.15
38187.59,38518.01
38197.97,38266.254
37786.87,37966.258
37600.1,37749.227
37752.9,37624.344
37623.29,37519.613
37386.85,37456.027
37507.06,37415.723
37323.46,37371.61
37594.62,37332.035
37653.24,37284.184
37817.88,37242.344
38178.04,37270.438
38055.95,37337.043
38153.85,37549.164
38468.65,37729.277
38678.34,37897.04
39100.07,38126.402
39455.55,38600.836
40053.42,39120.34
40297.03,39635.21
40955.05,40184.332
41301.12,40899.94
41505.84,41571.297
41929.71,42200.56
43335.59,42767.74
44349.15,43301.508
44976.95,43995.92
45815.58,44690.46
46414.86,45314.863
47049.56,46051.73
47924.799999999996,46770.242
48669.810000000005,47504.656
48946.66,48252.613
49565.31,49149.023
50074.65,49892.473
50629.030000000006,50498.09
50846.509999999995,50957.895
51763.50000000001,51378.28
52222.45,51492.836
52234.97,51433.543
52014.91,51246.27
52146.18,51027.79
52040.08000000001,50656.305
51078.0,50254.406
50273.56,49874.31
49979.97,49578.96
49446.10999999999,49152.02
49151.71,48726.113
48856.590000000004,48340.855
48713.24999999999,48135.22
48164.49,47920.02
47859.81,47750.95
48157.95,47585.5
47467.96,47492.21
47091.41,47499.8
46984.24,47540.062
47414.7,47575.684
47239.02,47806.312
47175.41,48184.484
47282.27,48686.227
47645.01,49176.668
47921.53,49715.133
48871.35999999999,50270.52
49428.62,50854.01
50246.52,51477.266
50942.11,52049.914
52070.78,52566.76
53183.36,52995.94
54082.93,53431.89
54081.64,53795.523
53683.30000000001,54075.117
52671.09,54126.67
52427.18,54011.574
51627.38999999999,53496.043
51218.32000000001,53034.855
50383.98,52603.484
49694.48000000001,52183.945
49158.850000000006,51495.16
49084.2,50875.586
48684.31,50260.094
48625.97,49713.277
48296.6,48964.098
47621.19,48336.723
46758.77,47722.195
46123.61,47074.39
45232.02,46338.31
44207.48,45531.91
43880.53,44826.0
43108.37,44165.83
42390.34,43482.703
41976.38,42969.22
41448.31,42543.49
41038.59,42170.215
40619.46,41719.54
40263.86,41329.566
40134.02,40992.703
40114.77,40694.453
39546.7,40800.26
39360.62,40736.62
39208.58,40623.97
39172.01,40513.12
39321.39,40433.496
39330.96,40399.062
39577.03,40456.73
40282.11,40590.28
40529.72,40963.812
41306.59,41612.055
42275.38,42527.383
44169.06,43728.652
45036.09,45391.98
46220.47,47293.258
48467.1,49183.637
52375.0,50881.277
54832.5,52856.87
56352.86,54942.36
58732.329999999994,56923.73
61649.46000000001,58466.164
62531.3,60037.31
63150.02999999999,61510.066
63787.0,62704.156
64651.02,63542.53
64974.94000000001,63936.918
65272.159999999996,64273.562
65202.37000000001,64479.1
64449.55,64606.906
64456.15,64851.26
64965.93,64835.465
64909.15,64783.215
64962.229999999996,64840.38
64808.78,65171.812
65055.88,65307.707
65560.43,65351.05
65826.63,65342.64
66233.6,65557.17
66232.39,65614.77
66387.71,65596.15
66424.14,65462.5
66280.29,65437.332
66270.36,65297.77
66151.4,65106.965
66593.22,64885.855
66279.72,64840.258
66172.63,64721.258
65620.75,64551.11
65370.02,64309.395
64897.4,64144.81
64504.05,63814.28
64317.73999999999,63386.703
64323.23999999999,62879.34
63828.69,62496.54
63537.12,62071.582
62891.84,61645.49
62669.22000000001,61321.89
62470.31,61162.438
62241.68,61089.133
62174.45,61227.29
62602.38,61502.723
63035.12,61949.945
63370.62,62533.836
63595.33,63250.81
63874.78,63991.77
64064.78,64615.23
65206.54,65024.7
66724.71,65247.637
67574.25,65477.84
67299.13,65613.28
67187.06,65739.86
66641.64,65549.87
65112.64,65131.562
63861.99,64331.82
62735.66000000001,63461.402
61825.23999999999,62468.285
60677.74,61471.066
59772.12,60216.137
58877.37000000001,59168.02
57867.15,58154.27
56802.15,57200.375
55930.04,55964.02
54645.36,54905.055
53568.520000000004,53855.926
51904.2,52820.61
51018.07,51819.992
50076.93,50687.234
49332.27,49692.34
48164.12,48903.23
47804.51999999999,48078.918
47523.39,47444.76
46867.59,46988.83
46199.7,46707.242
45839.86,46328.445
45790.85,46027.8
45735.8,45811.645
45252.51,45707.33
45198.61,45613.164
45104.4,45474.707
45026.69,45371.645
45372.29,45319.336
45581.45,45256.977
46052.43,45306.75
46159.51,45470.906
46729.96,45742.773
47228.26,46228.676
47735.13,46927.6
48628.42,47878.44
49703.52,49064.21
50400.17,50585.168
51764.15,52211.816
53485.84,53764.098
56841.049999999996,55230.266
58666.87,56976.47
60335.74,58813.39
61802.420000000006,60524.95
63801.05000000001,61899.152
64685.27,63273.465
65250.15,64399.113
65622.54,65278.168
65943.24,65884.91
66338.35,66123.73
66579.98,66233.92
66962.22,66248.34
66466.55,66238.18
66664.98,66427.43
67047.64,66446.54
67155.85,66445.234
67017.23,66499.35
67247.79,66801.016
67435.94,66880.86
67786.82,66927.766
68116.19,66977.22
68784.3,67286.16
69146.41,67425.87
69479.11,67510.984
69105.19,67554.8
68824.59,67766.195
68573.1,67702.85
68175.25,67555.56
67964.31,67369.875
67552.39,67284.695
66899.06,67018.57
66261.51,66705.36
65848.16,66311.94
65852.65,66044.484
65974.71,65581.03
65532.37000000001,65087.562
65857.74,64616.703
65508.38,64303.543
65102.59,63898.707
64611.740000000005,63532.117
64649.24,63183.65
64533.39,63019.887
64521.45999999999,62988.695
64386.31,63165.066
64748.66,63486.07
65038.38,63971.83
65523.6,64525.79
66081.23,65137.035
66078.45,65756.53
66793.35,66285.46
67909.67,66560.195
68961.85,66735.36
69208.71,66928.0
68667.74,66931.24
68216.95,66824.89
67533.18,66451.02
66159.28,65896.06
64764.99,64967.83
63731.45,64057.58
62653.530000000006,63071.44
61388.28,62100.535
60233.119999999995,60894.355
58936.48,59840.637
58120.46,58811.742
57663.409999999996,57774.008
56719.21,56510.52
55230.55,55515.03
54219.01,54572.1
52561.31,53570.676
51211.79000000001,52594.293
50445.0,51483.03
49642.030000000006,50427.875
48694.03,49557.523
48079.51,48659.363
47801.78,47987.867
47263.08,47491.49
46474.12,47150.395
46208.55,46759.45
46041.58,46433.86
45715.03,46163.633
45173.93,45995.06
45316.24,45843.676
45566.96,45627.703
45560.38,45493.605
45500.43,45470.234
45946.47,45469.996
46368.62,45504.566
46794.82,45612.773
47030.43,45841.23
47235.43,46280.293
47994.55,46897.695
48516.87,47710.332
50082.76,48817.562
50409.41,50309.742
51448.89,52010.176
53058.85999999999,53677.008
56806.42,55182.69
59150.99,56934.406
60647.80999999999,58814.926
62004.97,60648.305
64439.83,62110.945
65611.42,63506.832
66382.76,64677.652
67215.15,65670.59
67903.42,66363.17
68525.65,66678.77
68693.7,66967.33
68830.59,67160.23
68772.58,67276.01
69032.53,67605.91
69341.52,67722.99
69354.9,67835.91
69372.38,68015.46
69752.66,68487.86
69949.71,68697.59
70299.06,68920.805
70380.41,69117.945
70632.46,69563.1
70715.03,69726.74
70477.28,69792.78
69920.13,69773.93
69273.21,69878.5
69695.83,69629.41
69801.69,69264.66
69390.03,68978.45
69490.59,68995.71
69369.64,68785.37
68856.33,68570.88
68545.73,68309.0
68224.89,68202.9
67176.77,67832.02
67277.27,67411.53
67048.26,66836.96
66612.16,66391.984
66013.6,65892.04
65461.590000000004,65398.523
65598.93,64928.26
65647.82,64618.066
65248.28,64443.023
65410.53,64556.42
65490.44000000001,64782.793
65220.36,65129.535
65345.25,65586.6
65768.84,66064.06
65574.21,66519.21
66238.49,66893.31
67413.49,67090.12
68190.01,67189.98
68185.8,67354.72
67786.28,67320.875
67527.92,67181.82
67147.66,66783.586
65903.03,66241.51
64910.31,65355.89
64142.6,64524.53
62814.93,63635.71
61326.58999999999,62753.203
60700.71,61521.562
59702.19,60409.72
58357.17,59358.117
57327.18,58367.44
56709.82,57025.09
55772.52,55887.01
54468.95,54817.465
53065.03999999999,53814.082
52077.26,52828.035
51155.33999999999,51710.56
49809.56999999999,50738.17
48960.04000000001,49936.824
48338.219999999994,49020.152
47982.10999999999,48327.156
47367.33,47844.73
46769.77,47516.402
46307.34,47111.176
46533.12,46806.332
46108.11,46569.734
45903.94,46449.258
45993.25,46353.402
45801.19,46268.477
45648.52,46266.605
45735.44,46267.438
45873.43,46204.348
45950.97,46189.867
46039.66,46251.223
47003.4,46370.64
47276.67,46633.055
47568.75,47179.582
48177.909999999996,48033.29
49674.59999999999,49118.793
50439.12,50570.75
51109.29,52266.215
52717.26000000001,53995.254
55821.47,55530.664
57977.52,57287.688
59695.19,59060.312
61485.44,60689.97
63873.939999999995,62010.004
65115.57,63390.625
65921.46,64571.1
66132.9,65553.0
66579.07,66261.41
67313.27,66494.664
67564.15,66639.68
67630.85,66762.51
67233.19,66856.0
67713.56,67119.11
68098.06,67140.63
67948.4,67199.086
68254.04,67324.23
68395.31,67680.48
68647.06,67836.31
68938.11,67955.73
68691.33,68041.01
69094.09,68365.49
69516.89,68391.37
69451.52,68333.766
68984.48,68260.44
68853.24,68355.66
68870.18,68188.59
68640.16,67967.71
68559.73,67752.63
68237.26,67811.44
68135.73,67668.234
67990.86,67453.85
67512.3,67217.11
67234.39,67135.47
66640.01,66796.86
66565.05,66368.67
66417.9,65861.43
66237.88,65491.168
65515.18,65010.188
64633.33,64583.26
64512.19,64185.773
64104.04,63863.633
64154.28,63617.684
63978.96,63589.344
64293.81,63772.18
64184.68000000001,64176.395
64688.03999999999,64644.754
64988.42,65127.805
65156.27,65607.97
65793.57,65984.664
67055.89,66192.39
67552.53,66345.69
67798.39,66564.66
67096.18,66531.75
66633.46,66397.4
66070.38,65992.29
65045.38,65422.1
63835.65000000001,64489.977
63093.61,63631.535
62133.49,62711.473
60794.41,61821.332
60127.82000000001,60620.21
58972.850000000006,59573.934
58118.06999999999,58562.12
57244.55,57574.613
56277.67999999999,56338.867
55278.98999999999,55302.883
54082.74999999999,54281.9
52612.08000000001,53277.812
51546.829999999994,52309.43
51012.16,51232.957
50330.52,50278.85
48927.41,49532.746
48215.36,48795.336
47918.23,48214.9
47531.53,47733.082
46840.29,47380.523
46299.91,46957.766
46107.33,46638.9
45633.23,46356.617
45208.2,46129.293
45101.15,45921.133
45152.68,45783.61
45028.62,45675.246
44991.98,45623.977
45134.4,45583.766
45173.24,45599.47
45534.14,45695.44
46130.67,45857.43
46475.23,46184.49
46914.25,46763.684
47381.92,47587.332
48703.49,48613.953
49679.98,49957.96
50801.56,51418.02
52391.7,52911.95
55948.02999999999,54322.746
58052.86000000001,56015.105
59922.35,57781.996
61732.530000000006,59486.062
63939.13,60920.83
65211.41,62431.43
65542.65,63691.71
65850.87,64750.08
66629.03,65508.41
67218.05,65816.195
67390.74,66063.37
67891.66,66352.266
67978.47,66602.4
68252.03,67059.2
68940.02,67287.836
69027.29,67448.69
68759.29,67590.49
68717.3,67932.195
69008.84,67981.09
69347.04,67958.266
68935.97,67936.35
69929.47,68200.47
70409.47,68170.52
70572.96,68159.48
70477.2,68216.39
70327.73,68446.93
70051.09,68371.28
69427.48,68202.68
69101.48,67942.18
68480.75,67816.42
67581.24,67441.42
66754.82,67026.21
65772.62,66504.58
65606.99,66116.16
65447.57,65534.32
64821.38,65032.24
64783.19,64648.61
64272.72,64413.203
63932.93,64177.0
63754.75,64010.12
63919.0,63892.18
63203.869999999995,63976.45
62675.86000000001,64173.15
62905.0,64385.83
62892.23,64555.004
63053.85,64737.816
63359.48,64910.7
63765.32000000001,65069.46
64757.91000000001,65187.875
65564.82,65196.77
66527.72,65268.72
67277.93,65387.715
67296.2,65510.438
66386.5,65406.63
66091.83,65181.355
65609.01,64649.074
63331.71,64007.508
62040.74,63054.57
60691.62,61986.59
59716.97,60837.17
58599.14,59713.29
57097.82000000001,58420.277
55681.31,57432.734
54851.88,56482.79
53996.75,55536.23
53274.03999999999,54364.383
52190.36,53442.64
51334.87999999999,52563.85
50575.97000000001,51674.32
49675.49999999999,50885.688
48994.079999999994,49967.516
47992.990000000005,49090.992
45906.94,48277.496
45324.74,47335.152
45073.83,46402.906
44504.65,45579.38
43795.75,44969.64
43339.65,44367.49
43041.66,43904.4
42715.37,43559.234
42319.83,43349.51
42076.64,42771.293
41702.87,42524.61
41745.6,42406.758
41754.47,42328.59
41573.12,42231.457
41627.4,42187.754
41676.75,42133.816
42152.92,42059.992
42624.11,42030.887
42696.31,42088.797
42879.05,42259.703
43101.71,42485.76
43272.03,42855.207
43252.68,43254.066
43831.27,43674.914
44908.33,44138.55
45593.13,44905.77
46225.99,45818.867
46795.95,46743.71
48152.91000000001,47635.895
48879.79,48675.707
49800.13,49665.098
50176.670000000006,50575.363
50347.060000000005,51409.72
50832.649999999994,52130.746
51620.71,52695.613
52230.649999999994,53197.777
53091.02,53710.51
53625.48,54376.9
54298.23,54929.438
54851.76,55368.508
55423.1,55688.15
56032.83,56122.777
56227.77,56386.223
56231.97,56590.34
56047.37,56706.73
55981.55,56865.418
56554.31,56812.0
56395.41,56611.355
56446.75,56384.895
55873.14,56230.406
55294.2,55946.797
55094.259999999995,55551.168
54984.91,55010.977
54694.03999999999,54571.867
54439.32000000001,54113.133
53938.030000000006,53660.29
53723.68,53225.01
53585.229999999996,52915.812
53044.99999999999,52611.645
52686.17,52369.066
52612.64,52152.953
52308.23,52023.613
52333.59,51952.14
52023.13,51954.44
52098.770000000004,52077.164
52045.60999999999,52325.55
52376.08,52618.316
52527.04,52986.105
53160.44,53427.99
53448.23,53892.082
53891.8,54356.72
54466.479999999996,54792.164
55793.75,55137.598
56086.63,55337.79
57197.44,55608.832
57458.48,55783.88
56628.1,55902.62
56313.68,55794.375
55871.00000000001,55448.84
55121.87000000001,54906.98
53920.88,54285.457
52697.44000000001,53384.465
51749.61,52550.113
51034.200000000004,51736.656
50039.280000000006,50992.06
49531.79000000001,50141.133
48730.4,49482.883
48283.52,48911.17
48201.63999999999,48425.67
47587.81,47788.273
46860.72,47302.656
46225.79,46809.355
45370.94,46232.027
44453.49,45713.96
43703.18,44986.953
42707.08,44178.4
41011.26,43383.35
40495.82,42454.098
40166.94,41521.098
39395.56,40697.535
39242.94,40049.453
38830.0,39385.797
38360.2,38860.094
37968.61,38493.13
37961.36,38198.55
37588.02,37887.07
37396.17,37638.117
37534.05,37472.18
37537.04,37362.34
37589.32,37278.984
37528.89,37240.348
37190.86,37236.203
37959.77,37221.98
38437.17,37174.707
38164.55,37191.875
37895.44,37337.707
38576.12,37472.777
38630.94,37582.2
38516.52,37744.203
38423.78,37973.465
38550.73,38195.047
38880.43,38568.465
39182.81,38933.48
39281.15,39322.27
40058.04,39742.527
40568.45,40362.773
41010.12,40994.695
41405.83,41637.926
41976.07,42239.355
43120.38,42805.676
43989.27,43437.105
44674.86,44013.277
44810.0,44610.07
45319.09,45346.46
45826.26,45993.03
46647.16,46619.6
47635.52,47254.223
48524.1,48057.93
48971.1,48831.934
49442.77,49549.68
50612.44999999999,50113.203
51387.89,50592.996
51879.65,50891.156
51671.11,51012.24
51389.08999999999,50920.934
51251.37,50746.652
50644.94000000001,50368.703
50150.07,49922.953
49434.62000000001,49403.473
48455.76000000001,48960.777
48326.73000000001,48483.77
47777.94,47938.81
47358.51,47443.336
47254.32,47130.215
47324.65,46831.21
47057.49,46579.12
47643.56,46424.824
47271.67,46443.035
47064.44,46551.35
46974.63,46710.21
47633.61,46876.305
47449.2,47196.484
47765.1,47665.51
48423.130000000005,48206.152
49030.6,48775.355
49161.88,49472.965
49693.79,50217.594
50674.28,50905.09
51571.55,51497.23
52186.33999999999,52052.055
53390.37,52579.516
53579.619999999995,53022.6
54080.28,53420.65
53580.200000000004,53533.836
53233.98,53540.69
52776.280000000006,53397.8
52319.1,53120.47
51287.200000000004,52596.316
50437.01,52190.48
49592.869999999995,51790.85
49431.6,51358.277
49104.84,50675.09
48648.619999999995,50161.785
48610.57000000001,49725.246
48878.51,49282.582
48244.71000000001,48637.863
47420.5,48151.504
46713.4,47633.797
45246.93,47010.02
44020.27,46280.33
43181.65,45361.883
42564.74,44441.887
42162.98,43615.938
41557.45,42720.12
41342.61,42062.582
41021.71,41578.418
40758.61,41212.77
40482.95,40831.33
40220.05,40523.043
40211.82,40276.277
39901.87,40078.78
39684.17,40250.75
39406.8,40252.098
39672.36,40205.24
40083.01,40146.16
40201.42,40115.12
40228.53,40197.027
40247.92,40348.258
41029.33,40525.312
41713.16,40896.145
42104.42,41536.65
42815.6,42536.645
44789.32,43810.9
46353.14,45485.227
47913.46000000001,47438.477
50013.85999999999,49524.508
53691.12,51544.336
56096.26000000001,53749.637
58289.66,55936.55
60312.67,57935.32
62472.78,59611.37
63491.08,61349.836
64396.04,62773.54
65013.77,63886.14
65700.49,64706.35
65787.41,65100.637
66140.3,65412.836
66768.11,65551.41
66631.87,65604.75
66736.65,65952.734
67155.48,66140.81
67456.77,66304.06
67266.42,66512.41
67654.8,67026.72
67753.76,67253.92
68089.8,67377.43
68034.17,67485.75
68332.77,67831.79
68121.07,67909.9
67895.43,67912.41
67547.6,67777.76
67539.07,67740.234
68161.39,67476.2
68470.75,67178.81
68777.19,66989.805
68458.03,67091.3
67430.19,67070.734
67110.34,66966.43
66671.72,66626.98
66082.53,66345.59
65639.63,65875.086
65251.80999999999,65344.246
65190.829999999994,64753.555
65167.4,64303.94
64890.05999999999,63786.33
64375.19,63357.867
64663.78,63061.016
63867.34,62958.605
63638.48,63014.81
63269.0,63171.867
63481.31,63405.8
63499.19,63739.72
63671.42,64128.617
64101.23,64547.082
65384.35999999999,64924.17
66127.51,65210.93
67056.6,65507.242
67752.99,65791.41
66992.55,65998.586
66255.46,65894.69
65643.79,65535.54
65440.35,64900.11
65070.72000000001,64153.332
63969.08,63177.57
62727.75,62453.152
61675.64,61742.8
59784.97,60975.31
59250.59999999999,59881.395
58125.28999999999,58849.164
57256.48,57852.562
57131.85,56907.508
56308.270000000004,55709.09
55026.91,54771.15
54267.42,53876.117
53205.969999999994,52913.21
52358.06,51971.266
51628.770000000004,50953.926
50491.63,50108.37
49296.28,49453.332
48743.76,48671.77
48395.79,48060.816
47809.869999999995,47607.57
46771.4,47308.062
46404.47,46956.76
46148.25,46629.945
45774.01,46337.926
45473.13,46136.71
45243.76,45868.02
45224.99,45594.812
45103.37,45371.01
45287.15,45225.945
45606.02,45111.82
45680.59,45085.285
45835.91,45172.906
46585.03,45331.613
47167.95,45696.926
47863.79,46356.426
48346.73,47302.56
49629.05,48522.15
50533.41,50079.273
51710.29,51783.863
53288.53,53505.312
56497.54000000001,55112.375
58854.78,56909.195
60596.09,58722.734
62304.04,60481.75
64233.41,61938.6
65417.020000000004,63432.137
65898.56,64652.023
66044.51,65629.48
66549.19,66286.66
66843.79,66452.336
67073.89,66548.68
67001.0,66563.11
66272.11,66551.06
66824.69,66745.04
67268.57,66692.29
67192.76,66679.14
66894.52,66766.55
67061.29,67120.37
67402.14,67220.21
67553.86,67259.24
67839.96,67317.41
68537.65,67613.484
68864.18,67742.67
68862.5,67847.85
68182.66,67895.375
67851.64,68055.78
67829.7,67891.93
68034.94,67623.81
68570.14,67327.77
68434.35,67328.62
67926.12,67290.8
67044.79,67218.12
66344.15,67015.86
66376.79,66800.484
66294.05,66300.17
66113.49,65788.06
65999.22,65272.184
65747.08,64903.12
65483.09,64439.2
64834.55,64035.26
64348.66999999999,63718.523
63816.31999999999,63564.637
63782.740000000005,63451.55
63534.48,63458.5
63439.71,63651.168
63533.38,64019.426
63707.39,64402.996
64178.65,64846.797
64644.27999999999,65311.438
65500.57,65703.78
66791.15,66001.91
67344.65,66255.445
67638.7,66504.72
67238.83,66415.4
66747.66,66184.9
66380.1,65737.37
65846.34,65135.63
64784.45,64214.473
63632.3,63440.336
62500.42,62635.93
61324.71,61781.586
60337.50000000001,60588.324
59082.14000000001,59541.24
58308.61000000001,58514.64
57547.98,57497.555
56511.94,56263.28
55079.57,55245.395
53961.13,54224.105
52734.18,53175.543
51825.270000000004,52152.42
50879.55,51053.65
50052.27,50152.465
49310.560000000005,49414.887
48918.21,48608.586
48216.56,48043.125
47642.87,47668.082
46667.2,47386.26
45994.13,46985.5
45861.52,46634.094
45540.26,46275.34
45066.9,46008.08
44837.42,45796.273
44851.33,45557.92
45059.92,45355.9
45359.35,45226.688
45587.26,45146.64
45500.37,45212.504
45861.82,45358.613
46567.03,45539.61
46758.29,45898.5
47284.42,46560.555
47924.469999999994,47455.99
50073.659999999996,48543.434
51175.72,50031.266
52378.99,51814.703
54042.759999999995,53703.555
57283.97,55427.484
59775.95999999999,57302.79
61755.04,59161.438
63398.44,60922.516
65655.91,62394.53
67047.11,63875.74
67599.03,65101.395
67883.03,66143.23
68154.4,66878.94
68491.88,67097.69
68801.52,67247.12
68771.34,67280.61
68256.31,67288.4
68512.4,67517.55
68754.89,67535.305
68928.91,67562.17
69206.62,67650.85
69196.15,68023.75
69234.24,68229.67
69592.73,68360.18
69948.93,68416.36
70473.33,68688.05
70474.9,68789.06
70295.17,68846.05
69607.48,68796.23
69388.12,68813.695
69597.98,68571.82
69386.1,68288.516
69328.79,68065.695
68751.62,68031.18
68453.48,67848.59
67914.04,67576.68
67404.83,67228.37
67172.49,66992.13
67034.21,66541.164
66738.31,66039.484
66604.34,65550.945
65867.7,65193.695
65774.64,64728.195
65137.53,64242.184
65258.09999999999,63857.04
64803.299999999996,63691.14
64753.11000000001,63643.23
64616.9,63754.887
64665.020000000004,64021.176
64840.85,64455.38
65278.0,64879.605
65683.15,65364.49
66031.37,65870.32
66906.58,66335.94
68218.54,66660.03
68692.47,66951.875
68939.09,67250.2
68318.33,67218.37
67931.56,67065.32
67534.76,66677.46
66369.14,66161.305
64976.17,65311.65
63650.280000000006,64539.207
62917.23,63650.59
61831.77999999999,62691.117
60732.83,61451.684
59993.28,60420.926
59154.340000000004,59384.195
58272.64000000001,58369.78
57326.090000000004,57129.082
55778.92,56111.15
54515.65,55092.008
52658.03,54036.363
51522.9,53004.22
50614.79,51798.867
49538.799999999996,50725.8
48430.85,49830.883
48129.69,48888.043
47681.62,48171.453
47311.72,47660.992
46515.99,47313.484
46158.06,46900.266
45925.21,46562.72
45237.88,46282.043
44883.0,46063.844
44630.97,45842.86
44769.79,45622.812
44752.24,45429.418
44906.21,45305.57
45020.27,45209.535
44808.88,45209.45
44972.58,45263.766
45563.92,45357.344
46241.35,45624.227
46967.09,46179.555
47519.68,47088.414
49245.66,48314.926
50300.079999999994,49920.67
51176.57,51754.39
52756.11000000001,53621.008
56296.08,55284.156
58389.84,57089.47
60579.19,58937.99
62280.22000000001,60651.87
64340.92,62083.332
65558.52,63566.18
66324.94,64748.355
67012.43,65703.54
67431.15,66375.29
67528.5,66649.34
67849.0,66897.79
67858.67,66990.43
67832.82,67015.8
68129.77,67230.17
68749.72,67276.84
68786.21,67356.46
68275.72,67474.38
68543.97,67905.695
68952.76,68015.02
69275.29,68073.7
69244.27,68152.11
69399.82,68483.44
69737.6,68557.086
69835.97,68589.06
69547.12,68556.766
69325.42,68649.49
69275.15,68546.96
69642.72,68441.32
69593.95,68257.29
69397.15,68340.9
69031.0,68275.59
68378.38,68165.82
67742.76,67978.04
67080.43,67832.42
66937.12,67398.61
66458.6,66826.75
66118.88,66227.79
65461.02999999999,65786.086
64984.96,65202.53
64622.35,64695.168
65110.95,64216.605
64751.25,63975.28
64428.95,63919.617
64212.869999999995,64107.57
64535.18000000001,64404.703
64754.19,64862.65
65112.36,65337.47
65589.83,65882.65
67000.44,66418.016
68247.78,66896.95
69764.04,67408.7
70285.29,67929.56
70481.99,68396.99
69632.27,68448.984
69134.46,68285.41
68449.79,67806.9
66657.08,67167.18
65409.29,66167.65
64369.399999999994,65176.34
63497.189999999995,64102.527
61596.880000000005,63078.125
60381.2,61812.062
59553.38,60691.887
58374.93,59536.465
57757.12000000001,58459.117
56330.67,57110.973
54920.05,56024.258
54171.73,54924.773
52878.9,53781.03
51655.689999999995,52717.332
50929.92999999999,51620.49
50171.19,50674.273
48340.76999999999,49907.27
47741.48,49100.375
47188.73,48433.41
46805.53,47862.266
46089.45,47446.246
45619.05,46972.24
45443.53,46610.977
45222.59,46302.93
44878.61,46070.06
44815.5,45888.516
44749.87,45763.03
44608.82,45667.273
44603.14,45597.11
44511.52,45505.188
44427.93,45457.7
44606.74,45422.27
44589.81,45449.51
44803.09,45674.547
45800.81,46084.04
46764.33,46716.652
48120.30999999999,47704.86
49252.15,49234.777
50471.32,50958.715
52199.05,52683.4
55707.049999999996,54292.8
58349.87999999999,56130.72
60594.19,57972.766
62299.58000000001,59775.223
64371.73,61329.883
65930.28,62907.85
67063.71,64194.086
67683.52,65264.49
68451.83,66161.18
68846.28,66693.5
69050.2,67118.76
68846.33,67507.52
68200.37,67784.984
68052.26,68162.445
68375.14,68184.06
68440.49,68062.65
67877.21,67959.88
67826.93,68112.36
68348.08,67996.305
68429.43,67829.336
68452.08,67749.17
68399.1,67908.88
69140.78,67881.02
69335.73,67754.16
68470.13,67630.73
67804.54,67735.84
67626.68,67478.78
66897.07,67029.75
66398.88,66518.75
65727.12,66155.09
65240.5,65586.27
64416.80000000001,64965.176
64185.1,64339.55
63796.45,63859.43
63320.08,63344.312
63057.4,62910.48
63336.37,62499.1
62782.2,62276.133
62528.62000000001,62089.492
62088.12,61987.344
62217.67999999999,61946.94
62130.2,62043.89
61774.79,62183.56
61883.29,62440.06
62047.57,62718.25
62244.01000000001,62981.957
62568.630000000005,63253.73
62958.05,63514.957
63780.340000000004,63753.137
64921.34999999999,63898.047
66021.29,64074.945
66086.03,64329.945
66782.43,64584.875
66143.09,64461.164
65896.66,64259.87
64851.17,63872.02
63711.52,63332.66
62485.03,62339.94
61664.700000000004,61364.39
60174.4,60350.285
58651.36,59421.62
57603.25000000001,58271.527
56296.810000000005,57264.89
55492.439999999995,56340.273
55289.19,55478.26
54342.16,54394.117
53720.25,53618.234
53243.2,52878.336
51451.36,52154.93
50124.36,51603.016
49009.44,50748.906
48465.39000000001,49814.934
47960.49,48904.637
47295.94,47878.293
46794.23,47158.418
46347.43,46612.145
45630.83,46195.793
45092.33,45707.504
45276.74,45351.44
44813.14,45080.953
44107.38,44961.746
44103.69,44379.63
43709.93,44126.75
43795.55,44001.22
43724.72,43941.54
43345.28,43871.87
43381.86,43846.246
43469.88,43745.824
43647.2,43629.926
43829.36,43565.92
43989.41,43569.688
44176.64,43641.066
44581.52,43783.12
44743.58,44113.332
44939.71,44543.844
45374.07,45029.113
46263.64,45579.65
46826.48,46456.523
47413.92,47409.805
47993.64,48363.6
48972.62,49230.926
49583.270000000004,50253.92
50766.86000000001,51166.74
51280.99,51982.71
51990.600000000006,52760.582
52298.71000000001,53421.28
53559.03,53975.2
54346.85999999999,54500.117
55276.74,55033.2
55804.28,55744.06
55952.89,56323.633
56179.700000000004,56765.465
55852.76,57016.06
56054.19,57293.88
55786.3,57341.953
55952.45,57265.64
56458.2,57082.89
56741.73,56985.01
56608.99,56843.395
56674.63,56710.734
56461.51,56472.227
56115.46,56291.473
55946.79,55958.406
55831.73,55545.836
55928.35,55104.47
55628.5,54793.14
54517.810000000005,54445.414
54211.91,54092.055
53899.11,53607.44
53884.78,53198.207
53300.57,52826.53
53159.78,52566.062
52805.48000000001,52340.875
52352.16,52235.66
52220.18,52154.96
51635.52999999999,52130.746
51858.24,52188.05
51929.96,52352.945
51989.39,52610.44
52226.94,53007.836
52097.33,53465.176
52422.240000000005,53974.242
52757.69,54419.457
53677.700000000004,54830.08
54915.1,55209.883
56289.19,55493.473
57297.51,55748.137
57261.18,56128.207
57020.950000000004,56439.4
56102.68000000001,56321.79
55586.729999999996,55989.15
55132.17,55424.293
54126.55,54740.457
52969.37,53834.22
52033.68000000001,53019.168
51110.28999999999,52231.645
50916.46,51531.39
50434.81,50682.914
49751.84,50116.754
49207.02,49690.848
49580.520000000004,49299.176
48844.07,48704.453
48042.60999999999,48299.27
47250.06,47925.496
46608.65,47446.035
45811.67,46966.86
45341.61,46272.18
44591.64,45512.207
43239.71,44767.117
42461.9,43889.715
42212.97,43066.21
41407.64,42299.46
40803.51,41689.414
40365.85,41056.496
39932.22,40502.01
39216.08,40064.8
38193.14,39715.727
38047.08,39318.78
37844.7,38883.434
37811.07,38528.348
37966.99,38307.023
37930.85,38127.79
37753.57,38027.004
37341.6,37968.605
37037.8,37904.195
37094.65,37835.508
38124.61,37718.004
38008.1,37600.562
38401.34,37650.316
38393.57,37890.457
38182.29,38145.387
38179.62,38396.836
38039.88,38600.367
38100.55,39007.902
38889.71,39396.023
38486.64,39743.625
39051.39,40145.58
39500.17,40724.98
39353.58,41256.375
39806.74,41813.207
41001.36,42295.47
41651.49,42750.465
42643.53,43464.53
43252.53,44117.445
44403.88,44670.81
44922.59,45352.953
45980.68,46027.86
46869.0,46714.805
47625.13,47432.133
48432.71,48375.55
48899.64,49228.434
48936.32000000001,49978.74
49852.68,50580.195
50120.35,51123.45
50425.17,51364.742
50822.66000000001,51363.797
51051.81,51113.293
51585.560000000005,50893.887
51982.009999999995,50557.598
51925.15,50230.742
52136.53,49969.316
52073.87,49873.02
51505.32,49746.586
50946.93,49644.29
50396.32000000001,49476.72
49761.12,49403.254
49306.31999999999,49251.316
48660.12,49045.582
48097.369999999995,48806.754
47921.39,48685.418
48033.66999999999,48499.156
48144.00000000001,48371.75
48058.33,48393.242
48014.19,48687.97
47941.310000000005,49075.668
47700.49,49525.72
47903.98,50006.414
48085.91,50478.21
48649.409999999996,50934.008
49552.51,51388.094
51262.780000000006,51858.06
53028.840000000004,52325.15
54653.73,52908.74
55408.47,53619.32
56243.62000000001,54301.77
55987.65000000001,54676.48
55646.65000000001,54914.445
54987.22,54951.297
54545.96,54779.332
53975.95,54261.395
53437.24,53825.336
52603.27,53463.605
52367.68000000001,53157.543
51216.380000000005,52629.26
50133.05,52275.04
49358.52,51893.77
48967.16999999999,51410.566
48753.49,50656.355
48340.21,49996.08
48065.82,49364.566
48321.16,48746.49
47739.89,48065.633
46939.97,47334.605
46175.07,46738.914
45431.05,46188.56
44672.35,45489.402
44085.61,44907.223
43560.88,44418.074
43691.99,43991.996
43811.07,43488.383
43496.73,43142.91
43313.47,42981.504
43068.58,42872.164
42772.11,43144.6
42749.16,43154.566
42656.3,43123.527
42611.7,43142.668
42524.39,43174.273
42660.17,43220.312
43028.32,43254.38
43233.03,43306.516
43456.59,43537.254
43504.83,43950.918
43524.4,44576.324
44215.36,45417.4
44517.11,46645.84
45478.7,48116.152
46308.6,49679.984
48187.73,51265.273
49193.219999999994,53063.062
50476.56,54711.68
52152.22,56084.312
55232.14,57083.137
57858.22,58188.875
60161.12,59266.7
61825.22000000001,60452.055
63208.57000000001,61636.297
64101.9,62566.867
64961.01,63348.285
65733.67,63964.113
66375.34,64433.195
66343.44,65112.844
66207.74,65493.83
66124.62,65680.72
65609.51,65706.65
65826.59,65952.016
66158.45,65973.14
66501.43,65973.37
66915.12,66025.516
67336.56,66411.42
67882.14,66673.94
68535.91,66896.016
69249.45,67086.836
69321.46,67442.79
69643.58,67650.44
69745.33,67735.72
69368.43,67726.93
69169.99,67867.42
69442.87,67760.08
69397.2,67553.45
69332.1,67323.72
69113.43,67277.25
68406.4,67189.766
67771.35,66981.99
67593.6,66629.945
67189.41,66324.24
66945.74,65894.46
66644.99,65414.516
66234.93,65017.76
65840.05,64823.16
65329.46000000001,64657.062
64924.92,64658.387
63924.590000000004,64800.066
63798.81,65066.062
63805.55999999999,65357.598
64299.86,65582.97
65133.52,65831.25
66558.29,66164.8
67959.91,66637.336
68401.45,67193.32
68131.66,67730.41
67636.11,67801.05
67095.9,67619.94
66490.74,67137.46
66620.62,66482.24
66469.99,65357.81
65937.66,64446.72
65191.89,63708.2
64663.91,63066.746
63659.2,62129.438
62585.020000000004,61467.664
61708.68,60849.625
60868.39,60176.94
60077.520000000004,59184.89
59011.17,58393.297
57920.06,57582.4
57486.81,56744.426
56528.82000000001,55969.234
55577.61,55003.31
54370.06,54109.38
52734.229999999996,53275.207
51353.24,52278.96
50354.45,51414.445
49622.16,50586.25
49152.01,49827.586
48422.68,49019.375
48142.969999999994,48464.363
47587.64,48029.33
47222.2,47688.562
46990.23,47263.652
46754.06,46888.56
46408.09,46630.25
45933.56,46470.42
45987.27,46343.105
46312.88,46249.49
46392.27,46186.4
46090.13,46204.76
46511.93,46338.92
46741.08,46513.363
47061.72,46812.51
47654.15,47288.0
48180.16,48111.414
48421.38,49157.047
49102.46000000001,50380.066
50415.36,51671.72
51191.45,53230.758
52228.80000000001,54772.375
53917.58,56147.188
57456.77,57269.61
59964.24,58589.04
61912.55,60038.473
63228.74999999999,61562.19
64445.130000000005,62907.68
64885.46000000001,63859.184
65692.82,64555.875
66465.99,65008.51
67259.95,65310.023
67888.89,65850.11
67864.06,66220.4
67965.36,66512.35
68130.14,66655.51
68206.75,66997.65
68258.11,67153.39
68284.71,67280.42
68420.81,67385.98
68513.11,67758.234
68552.64,67970.36
69141.7,68140.36
69125.13,68244.5
69551.16,68540.96
69530.26,68607.96
69395.28,68603.7
68823.44,68528.33
68541.95,68553.88
68290.89,68310.74
68506.03,67969.42
68696.37,67604.484
68362.49,67465.36
67927.76,67301.55
67411.36,67109.9
67334.4,66823.7
67016.49,66575.805
67105.76,66197.27
66999.27,65806.48
66796.62,65452.906
66476.94,65253.875
66184.03,65060.85
66010.41,64987.723
65778.01,65056.695
65466.04000000001,65290.484
65833.07,65590.5
66314.85,65957.04
67275.24,66431.55
68351.31,66987.14
69618.52,67630.414
69946.34,68343.57
69293.35,69004.84
68931.09,69216.14
68654.2,69054.08
68365.28,68540.52
67870.25,67863.29
67249.68,66865.27
66671.49,65999.555
66034.28,65158.45
65392.21,64386.7
64136.65,63412.48
62898.56,62705.227
62253.69,61975.055
61539.42,61190.867
60759.3,60131.574
59940.33,59294.707
58999.27,58455.453
58718.26,57619.043
57923.3,56880.887
56397.52999999999,55984.395
55645.96,55187.555
54054.329999999994,54366.023
52977.75,53358.914
51996.45999999999,52513.09
51225.28,51714.438
49923.93,51016.027
49200.97,50246.97
49097.37,49589.125
48809.030000000006,48988.605
48346.72,48542.566
48275.33,48187.535
48017.58,47845.508
48063.76,47617.766
47280.34,47480.945
47426.97,47376.004
47399.03,47283.715
47354.71,47199.094
47442.39,47191.77
47655.64,47232.55
47754.28,47356.08
48013.369999999995,47603.395
48633.51999999999,47990.117
48922.590000000004,48722.375
49543.13,49709.426
50048.74,50888.137
51311.369999999995,52213.406
52024.79,53855.824
53059.18000000001,55470.277
54545.48,56923.074
57491.71,58113.164
59887.5,59476.05
61256.17,60843.855
62540.14,62213.316
63932.21,63332.883
64522.48999999999,64033.12
65168.09,64592.65
65848.44,64975.06
66743.85,65203.906
67072.64,65633.7
66784.59,65916.4
66949.21,66107.484
66596.95,66131.734
66718.98,66369.305
67070.75,66426.586
66983.3,66470.32
67446.99,66600.016
67317.0,66959.8
67540.8,67216.19
67791.98,67386.39
67661.04,67486.14
67657.74,67724.0
67824.51,67713.46
67982.12,67586.11
67780.26,67398.9
67695.48,67368.414
67880.77,67152.414
67663.26,66892.28
68238.49,66661.21
68043.09,66602.4
67602.39,66532.02
67105.52,66473.875
67174.52,66310.11
66989.69,66178.84
66726.45,65913.164
66652.93,65657.97
66168.4,65378.9
65775.35,65228.246
65545.27,65028.637
65400.74999999999,64890.516
65053.71,64885.766
64792.189999999995,65058.29
65128.91,65273.008
65680.55,65561.63
67164.28,65965.02
68428.3,66449.46
69136.23,67138.85
69591.84,67967.2
68671.56,68648.71
68158.58,68850.54
67791.88,68670.39
67616.26,68125.92
67988.14,67422.65
67624.81,66419.555
67067.85,65688.19
66505.82,65047.324
65162.33,64443.035
64049.74,63587.613
62948.17,62865.473
62200.28,62096.34
61667.67999999999,61316.355
61360.24,60277.094
60804.23,59492.42
59753.950000000004,58776.957
58530.36,58096.758
57990.0,57501.645
56901.61,56582.348
55756.12,55711.64
54772.16000000001,54891.793
54009.73000000001,53853.996
52956.14,53024.69
52344.52,52323.883
50730.560000000005,51711.145
50051.58,50996.04
49487.33000000001,50345.926
49246.729999999996,49723.402
48124.43,49190.14
47858.799999999996,48802.24
47553.49,48379.496
47256.89,48008.383
47170.16,47740.67
47247.45,47479.504
47208.8,47346.89
47217.44,47305.242
47494.28,47330.164
47614.99,47416.973
47580.33,47631.227
47604.57,47934.133
47907.33,48300.145
47957.42,48906.445
48183.42999999999,49683.453
48708.66,50600.844
49484.25000000001,51641.36
49746.34,53074.348
50340.84,54489.066
50938.37,55737.527
53207.94999999999,56744.113
54795.17,57874.68
56096.95,58920.625
57215.93,59913.24
58681.64,60713.508
59330.219999999994,61205.266
59936.240000000005,61599.44
61025.58999999999,61900.285
62004.26,62092.164
62507.45999999999,62536.832
62582.369999999995,62904.11
62623.84,63167.066
62371.02,63262.543
62908.41,63457.035
63490.37,63453.387
63761.81,63493.426
63203.05000000001,63662.598
63496.47,64063.938
63756.43,64233.137
63760.509999999995,64326.645
63761.71,64434.633
63977.979999999996,64622.496
64134.66,64612.27
64081.100000000006,64517.582
63144.6,64377.758
62738.16,64297.24
62489.2,63915.316
62272.36,63400.527
62505.97,62885.59
62262.81999999999,62528.7
61669.32,62200.86
61312.54,61925.664
61505.780000000006,61613.2
61037.77,61372.5
60766.270000000004,61158.277
60382.82,60972.645
60334.02,60790.73
59802.08999999999,60676.848
59840.16,60584.348
59647.030000000006,60526.94
59433.70999999999,60574.938
59182.869999999995,60783.504
59285.03,61016.934
59737.38,61326.016
61301.43,61717.645
62607.79,62202.84
63388.56,62896.688
63643.72,63731.836
63704.3,64425.316
63577.57,64602.863
63316.01,64524.508
63044.4,64193.35
62884.990000000005,63682.242
62336.58000000001,62775.84
62136.22,62013.887
61894.87000000001,61268.67
60404.759999999995,60593.75
59279.32,59720.08
58462.32,58949.902
57991.63,58140.094
57051.77,57383.957
56618.22,56466.965
56049.61,55735.92
55654.25,55043.2
55060.04,54392.402
54354.420000000006,53883.945
53541.590000000004,53133.562
52245.01,52370.08
50521.72,51621.297
49503.82,50604.69
48788.43,49645.527
48320.42,48738.176
47061.48,47978.934
46513.16,47200.01
45933.37,46551.387
45472.94,45999.9
44748.98,45567.33
44564.04,45222.88
44449.54,44975.316
43898.52,44808.19
43456.61,44742.363
43414.59,44637.656
43377.0,44555.69
43308.21,44512.06
43578.66,44525.516
43675.44,44572.02
43765.31,44702.125
43339.28,44907.098
43992.92,45159.62
44232.63,45501.1
44369.25,45967.523
44503.25,46607.74
44786.57,47353.543
44772.02,48380.668
45103.93,49384.293
45222.3,50274.2
45989.96,51038.266
46744.21,51966.21
47324.21,52737.848
47921.93000000001,53388.414
48847.15,53886.246
49562.34,54271.97
50391.78,54499.94
51278.38999999999,54739.594
52393.9,55007.93
53081.48,55533.78
53590.72000000001,55974.184
53718.46,56339.72
53710.08,56589.523
53994.87,56875.793
54117.61,56937.168
54463.030000000006,56947.688
54702.619999999995,56927.95
55056.41,57105.36
55463.19,57191.99
55920.98,57279.473
56288.17,57338.15
56785.29,57484.23
57154.23,57512.355
57187.86,57489.19
57628.920000000006,57385.773
57498.79,57275.02
57148.17,57069.566
57311.97000000001,56820.53
57088.329999999994,56474.555
56793.66,56238.2
56527.2,56015.746
55886.52,55804.973
55629.11,55646.746
55096.77,55533.703
54957.97,55461.41
54610.91,55459.84
55309.49,55550.758
54959.85,55710.96
54973.969999999994,56076.277
54997.58999999999,56533.305
55063.61,57019.74
54875.84,57408.523
55483.65,57785.727
56082.05000000001,58085.78
58202.46,58371.895
59011.1,58529.637
59342.369999999995,58984.41
59449.96000000001,59504.59
59065.74,59790.438
58644.43,59572.844
58336.18,59185.047
57838.19,58630.195
57705.590000000004,58002.727
57031.270000000004,57087.902
56559.979999999996,56385.51
56214.7,55790.87
55002.60999999999,55258.867
53997.84,54529.008
53177.31,53949.332
52611.82,53344.99
51938.57,52798.45
51509.32,52059.195
50975.530000000006,51488.51
50668.01,50956.402
51000.46,50419.336
50080.55,50104.395
49310.83,49632.586
48467.68000000001,49038.023
47523.21,48328.266
46735.54,47365.684
46090.6,46490.484
45570.26,45688.62
44301.78,45001.836
43758.5,44246.605
43105.55,43572.625
42654.37,42996.36
42000.26,42522.266
41487.98,41828.71
41449.22,41418.332
41215.9,41151.957
41098.08,41035.91
40797.06,40956.77
40661.79,40943.754
40580.45,40945.344
40627.64,40943.47
40598.13,40948.434
40644.55,40966.688
40670.45,40978.74
40897.14,40979.676
40912.82,41052.906
41257.65,41143.984
41490.54,41245.984
42253.09,41398.207
42318.11,41765.465
42424.89,42233.85
43215.16,42749.57
43999.98,43231.703
44518.98,44045.965
44903.2,44950.86
45388.6,45858.832
46677.79,46684.965
47128.64,47540.07
47599.69,48304.168
48721.27999999999,49092.38
49995.25,49827.348
50564.99999999999,50815.914
51341.49,51752.32
52052.33,52529.625
52941.41,53156.21
53474.31,53865.55
53530.27,54471.863
53717.97,54970.938
53925.49,55315.87
54236.14,55707.754
54482.87,55905.68
54733.04,55990.89
54975.99,55975.19
55212.83,56012.27
55645.8,55908.81
55700.82,55726.656
55583.57,55490.83
55615.49,55303.22
55447.74,54956.84
55607.39,54504.934
55369.18,54048.406
55110.22,53687.934
55155.10999999999,53361.29
54278.66000000001,53037.137
53798.51,52811.973
53548.53,52652.38
52995.49999999999,52465.074
52647.93,52369.496
52709.34,52359.14
52581.81,52467.395
52012.259999999995,52733.934
51943.27,53107.875
52315.77,53503.156
52287.69000000001,53852.96
52669.53,54305.42
53599.23,54769.555
55836.29000000001,55199.734
56663.87,55609.684
57889.37999999999,56242.176
58434.8,56821.875
58110.42,57211.273
57510.2,57190.527
57145.02,56899.902
57067.07,56349.754
56225.68,55683.188
55397.73,54844.4
54644.11,54084.58
54145.05000000001,53331.695
53174.689999999995,52665.355
51710.99,51893.945
51109.87,51317.34
50380.36,50727.805
49568.590000000004,50204.59
49066.05999999999,49545.223
48938.91,48981.38
48674.93,48430.348
48684.67,47936.37
48459.88,47673.434
47464.42,47245.406
46613.78,46746.145
45777.64,46120.36
45413.61,45213.12
44683.21,44360.758
43889.55,43646.625
42225.24,43047.766
41498.98,42348.61
41028.15,41635.273
40591.82,40956.277
39835.69,40416.098
39495.64,39889.918
38728.51,39460.08
38551.04,39150.883
38779.44,38880.37
38655.34,38615.844
38059.82,38483.65
38229.55,38435.11
38599.94,38335.473
38522.34,38229.055
38100.08,38218.625
38162.79,38271.0
38526.59,38202.43
38640.21,38170.016
38778.07,38182.055
38635.23,38219.07
39103.53,38265.81
39101.49,38407.03
38425.55,38598.984
38369.05,38868.395
38267.36,39013.24
38335.58,39336.934
38776.13,39683.16
38955.15,40021.883
39423.9,40458.176
39799.61,41148.887
40430.34,41869.047
41069.14,42550.38
42241.08,43174.637
43345.93,43984.086
44366.28,44700.98
45090.17,45378.312
45823.21,46013.844
46390.41,46796.246
46936.47,47482.438
47308.95,48082.6
48081.549999999996,48597.105
48835.05999999999,49200.68
48932.47,49673.305
49694.56,50036.562
50458.05,50204.926
51441.55999999999,50345.953
52019.06,50362.78
52050.79,50311.215
51822.46,50176.49
51532.81,50051.824
51319.72000000001,49808.73
50709.94,49477.77
50151.44000000001,49146.188
49574.33999999999,48902.465
49279.47,48604.816
48673.45,48297.426
48468.79,48013.477
48486.93000000001,47839.754
48234.159999999996,47721.367
48096.439999999995,47706.03
48507.04,47763.33
48346.85,47944.855
48347.32,48269.97
48114.51,48693.305
48280.05,49149.387
48732.02,49619.867
49318.79000000001,50098.88
50364.59999999999,50647.6
52326.03,51262.63
53342.49,51945.855
53959.5,52853.23
54520.84,53780.64
54846.69,54487.848
54455.57,54787.855
54400.97,54905.625
53914.299999999996,54772.84
53293.94000000001,54499.99
52864.060000000005,53936.57
52571.8,53404.94
51884.159999999996,52916.63
51360.13,52536.89
50368.22,51964.508
50049.12000000001,51541.273
49308.369999999995,51139.605
48881.63,50787.438
48141.68,50210.86
47735.89,49746.957
47636.01,49263.27
47827.40000000001,48760.09
47346.59,48274.723
46394.48,47688.53
45844.85,47107.1
44865.32,46458.812
44238.11,45622.938
43670.12,44876.293
43021.98,44199.61
42351.11,43627.06
41875.33,42963.688
41708.09,42399.535
41509.18,41904.31
40980.35,41513.562
41012.58,41450.047
40958.69,41237.457
40884.66,41071.188
40241.71,41016.605
40291.53,41024.242
40564.96,41012.406
40642.22,40989.1
40515.8,41061.816
40887.67,41244.1
41345.34,41435.09
41698.89,41705.27
42384.26,42169.957
42898.8,43003.07
43502.83,44084.957
44153.98,45390.426
45293.59,46797.07
46245.27,48473.906
47777.73,50060.234
49986.04,51486.035
53272.91,52788.656
56133.1,54417.508
58351.73,56149.37
60355.64,57940.555
62672.4,59587.51
63454.4,60970.168
63786.049999999996,62152.613
64665.42,63044.523
65679.67,63597.133
65893.81,64344.633
66304.87,64873.223
66518.18,65233.195
65946.44,65473.7
66201.11,65929.164
67064.35,66079.984
67304.23,66185.34
67441.01,66408.414
67743.51,66957.8
68042.6,67287.29
68100.33,67531.67
68140.18,67710.91
68172.35,68026.64
67853.41,68047.91
68118.56,67946.94
67502.66,67702.21
67501.87,67611.375
67723.19,67292.14
68042.58,66931.055
68592.79,66623.51
67973.75,66562.82
67348.29,66493.99
67095.0,66349.164
67336.98,66030.2
67465.15,65769.21
67203.86,65511.95
66476.83,65343.812
66837.1,65219.832
66408.34,65119.188
66160.32,65103.27
65726.94,65213.74
65529.37,65407.88
65423.079999999994,65668.695
65537.99,65945.414
66288.21,66272.86
67700.83,66646.07
68846.53,67055.97
69299.5,67665.26
69602.33,68329.984
68989.28,68811.086
68511.76,68789.18
68116.55,68523.08
67746.33,67979.83
67415.89,67304.805
66647.96,66311.81
66388.6,65516.617
65706.07,64741.645
64337.7,64051.51
63018.65,63120.254
62173.98,62334.457
61162.09,61492.066
59526.67,60701.875
58408.310000000005,59627.656
57459.72,58664.52
56431.24,57665.688
56064.37,56683.973
55048.32000000001,55803.293
53775.30000000001,54755.22
52595.87,53751.85
51266.85,52749.0
50413.21,51537.043
49725.51,50490.79
49182.3,49573.89
47939.73,48832.8
48005.45,48069.48
47498.89,47437.3
46960.15,46993.406
46204.11,46712.938
45953.89,46355.586
45925.62,46015.047
45323.21,45752.656
45456.73,45626.15
45502.62,45479.01
45629.16,45424.863
45761.46,45444.688
46042.29,45501.836
46100.22,45601.598
46486.69,45793.008
46839.01,46047.23
47375.04,46445.094
47667.84,47179.33
48388.87999999999,48159.03
49017.17,49317.71
50421.84,50627.23
51333.13,52256.254
52154.99,53881.766
53699.65,55378.504
56497.49,56653.05
58473.14,58128.594
60457.75,59611.133
62738.85,61040.56
64412.37999999999,62302.656
65018.7,63385.434
65705.65,64270.887
66464.34,64885.375
66898.96,65298.74
67200.89,65958.02
67629.11,66328.805
67683.17,66523.29
67077.73,66645.61
67309.52,67029.66
67385.33,67094.27
67724.13,67129.586
67758.62,67208.82
67751.1,67614.82
68155.28,67825.95
68557.59,67953.07
68982.4,68063.09
69258.03,68395.055
69074.41,68508.27
69063.63,68509.56
68536.07,68379.484
68259.44,68351.91
68628.01,68068.05
68933.57,67701.03
68868.68,67427.76
68703.77,67455.06
68091.04,67370.305
67495.87,67219.164
67334.49,66958.03
66822.1,66703.59
66683.82,66326.7
66367.63,65937.44
66545.29,65560.99
66312.5,65316.355
65984.26,65195.535
65443.45,65233.207
66003.52,65393.96
66111.05,65624.23
66533.94,66012.63
67351.99,66546.836
68549.34,67154.98
69413.31,67755.67
70020.32,68494.86
70321.58,69211.38
69891.07,69736.375
69461.18,69725.336
69500.94,69478.21
69394.49,68956.97
69108.65,68348.78
68203.41,67436.17
67667.82,66692.56
67087.0,65924.89
65901.0,65192.438
64604.98999999999,64227.242
63377.38,63442.22
62387.22,62631.58
61813.37,61817.434
60808.73,60675.99
59598.12,59790.52
58985.58,58923.445
57886.71,58015.117
57097.950000000004,57234.098
55586.54,56195.645
54631.93000000001,55157.367
53537.340000000004,54139.645
52140.52,52924.97
51389.74999999999,51961.047
50705.29,51065.91
49663.68000000001,50284.203
48947.96,49436.54
48110.44999999999,48773.87
47836.54,48221.457
48056.579999999994,47741.906
47728.05,47311.06
47491.68,47039.582
47072.32,46901.777
46853.16,46809.418
46841.89,46654.15
46875.86,46576.215
46739.4,46538.05
47546.24,46538.79
47794.55,46539.383
47628.86,46687.234
47956.58,46966.086
48847.12,47295.074
49270.93,47886.777
49509.41,48804.92
50320.26999999999,50019.95
51466.170000000006,51361.125
52173.2,53045.168
53132.72,54759.27
54801.28999999999,56315.258
58223.86,57650.457
60537.41,59211.08
62377.85999999999,60859.402
64072.14,62468.918
66087.27,63803.113
66531.99,64778.984
66822.33,65616.26
67552.88,66144.8
68153.77,66410.44
68867.84,66915.25
68743.14,67180.78
69141.22,67342.33
68870.66,67397.07
69042.01,67719.445
69027.46,67838.57
69075.73,67958.89
69243.32,68075.36
69363.04,68505.27
69579.27,68751.12
69533.05,68974.695
69788.86,69161.375
70305.47,69479.52
70420.91,69538.24
70624.27,69553.125
69879.81,69494.28
69865.97,69552.06
69852.87,69280.15
69761.05,68968.17
69972.46,68701.82
69556.31,68638.66
69262.61,68500.85
68745.77,68307.37
68810.12,68040.48
68604.14,67859.96
68431.46,67563.46
68242.98,67279.96
68692.9,67008.39
68169.38,66860.42
67861.45,66821.92
67583.21,66877.35
67634.77,66983.305
67433.82,67178.305
67722.6,67457.47
68466.28,67802.18
69874.8,68217.56
70726.29,68683.29
70825.25,69351.836
71010.15,70021.95
70581.09,70449.55
69851.92,70346.15
69770.38,70049.1
69419.85,69462.28
69034.29,68782.664
68169.76,67820.32
67541.41,67026.13
67114.37,66226.13
65629.03,65474.668
64348.23,64488.777
63460.49,63685.902
62516.31,62832.61
61737.6,62010.785
60919.27,60901.17
59906.61,60023.32
59199.81,59156.098
58821.98,58259.586
57700.81,57481.77
56686.21,56540.668
55449.18,55610.773
53906.22,54690.625
53097.09,53572.258
52112.6,52594.79
51515.15,51723.438
50287.17,50991.797
49594.01000000001,50169.61
49160.94,49518.895
48744.280000000006,48929.113
48028.85999999999,48474.01
48131.50000000001,48113.137
47795.37,47779.582
47546.58,47567.05
47154.11,47437.258
47067.38,47290.875
47258.64,47198.61
47301.37,47126.82
47598.61,47126.293
47710.84,47203.188
47969.719999999994,47363.863
48228.560000000005,47589.625
48360.77,47929.9
48984.39,48559.53
49699.21000000001,49368.406
50148.44,50416.043
51420.07,51728.37
52106.01999999999,53370.113
53358.74,55030.234
54713.509999999995,56586.67
58099.54,57990.387
60655.06,59635.8
62766.3,61302.215
64532.439999999995,62989.48
66548.8,64471.98
67274.19,65565.82
67470.41,66443.375
67885.3,67079.43
68803.59,67439.58
69190.77,67917.03
69604.65,68194.1
69835.38,68373.586
69248.88,68479.65
69429.26,68828.195
69598.83,68906.36
69625.85,68968.75
69651.8,69087.375
69901.24,69455.38
70033.94,69619.04
70248.86,69769.97
70464.94,69882.734
71231.31,70154.47
71391.03,70189.56
71164.68,70232.42
70670.09,70218.43
70568.73,70264.31
70594.86,70049.86
70697.49,69805.45
71038.24,69622.04
70894.37,69694.42
70165.88,69699.28
69578.45,69688.625
69326.16,69526.016
69376.54,69394.11
69357.17,69078.58
69129.35,68808.664
69179.33,68583.836
69076.81,68504.02
68835.28,68434.12
68439.46,68510.47
68258.78,68693.19
68394.9,68948.086
69012.44,69222.836
69800.58,69565.63
70825.25,70032.76
71454.19,70531.72
71919.72,71161.59
72113.83,71702.15
71931.94,72052.3
71480.87,71914.51
71323.39,71623.125
70840.42,71072.81
70563.1,70411.37
69883.01,69397.61
69237.35,68557.69
68528.15,67765.42
66813.22,67019.29
65552.43,65963.33
64472.7,65068.85
63529.59,64126.07
62529.84,63232.207
61646.939999999995,62046.434
60431.799999999996,61060.73
59763.65,60076.496
59190.11,59096.703
58024.37,58265.0
56871.04,57293.69
55848.32000000001,56350.465
54730.119999999995,55406.367
53520.32,54251.215
52421.780000000006,53316.44
51676.880000000005,52486.5
50486.99,51761.543
49764.82,50921.453
49362.08,50238.805
49115.409999999996,49644.965
48636.99,49193.043
48471.89,48876.42
48357.2,48687.633
48328.3,48573.766
47240.06,48491.4
47083.42,48398.605
47236.27,48250.98
47757.66,48054.72
47545.91,47935.625
47582.77,48001.918
47843.61,48118.746
48006.77,48228.684
48989.36000000001,48460.164
49245.2,49021.465
49564.57000000001,49892.54
50277.19,51018.273
51566.48,52257.92
52287.76,53780.42
53690.13,55306.9
55312.57,56714.633
58784.37999999999,57980.656
61180.59,59523.477
62807.04,61115.434
64336.21,62710.14
66540.11,64064.027
67079.0,65074.508
67424.82,65839.93
67962.04,66433.055
68182.73,66832.19
68706.6,67446.164
69127.2,67774.41
69211.38,67981.28
69791.35,68138.56
69947.6,68459.3
70329.84,68616.32
70323.67,68747.31
70220.89,68874.15
70308.92,69228.65
70434.81,69327.516
70493.02,69378.68
70887.8,69383.54
71345.64,69547.86
71620.34,69536.53
71492.44,69485.53
71108.01,69376.695
70575.16,69341.71
70279.92,68990.375
70177.45,68509.695
70162.43,68014.54
69610.19,67716.234
69197.35,67384.734
68463.12,67059.516
68375.62,66724.125
67967.43,66485.266
67878.96,66253.01
67516.59,66129.45
66433.28,66123.78
66078.42,66283.695
65865.18,66341.984
65785.89,66439.32
66032.19,66632.3
66071.84,66881.63
66506.35,67180.55
67143.4,67506.14
68117.32,67822.16
68612.1,68058.13
68993.53,68328.15
68880.38,68496.91
68821.54,68514.23
68340.08,68091.05
67913.72,67619.93
67655.12,67034.63
67062.27,66372.92
66259.69,65463.816
65589.53,64703.3
64657.39,63955.625
63371.31,63258.277
62187.75000000001,62265.035
61182.04,61424.11
60339.340000000004,60589.12
59605.84,59806.707
59036.65000000001,58802.617
58084.68,58054.32
57368.83999999999,57367.645
56829.82000000001,56695.21
55861.03,56286.41
54809.91,55634.516
53750.97,54863.812
52036.13,54014.766
51075.86,52906.703
50442.75,51872.613
49512.84,50879.266
48972.31999999999,50047.395
48296.850000000006,49119.13
47671.54,48400.71
47334.38,47814.605
46309.29,47334.223
45919.57,46393.914
45620.03,45868.562
45167.24,45483.074
44814.1,45234.41
44865.14,44968.516
45026.29,44766.895
44758.23,44645.98
44686.25,44616.375
44664.57,44587.35
44780.81,44549.066
44903.9,44508.31
44979.71,44491.56
44956.44,44572.914
44894.73,44675.684
44974.08,44783.67
45539.04,44893.64
45389.5,45188.566
45161.11,45562.645
45401.42,45978.86
46289.48,46378.703
46885.23,47079.633
47109.32,47892.676
47853.48,48762.45
48596.91000000001,49567.47
49168.98,50397.805
49875.01,51054.176
50988.28,51666.258
52869.23999999999,52295.39
53902.08,53191.32
54818.5,54098.777
55679.32000000001,54953.08
56075.09999999999,55658.043
56452.76999999999,56440.066
57105.850000000006,56980.86
57613.95,57341.688
58386.48,57638.402
58495.56,58090.16
58596.899999999994,58444.42
59039.1,58668.117
59111.65,58724.664
59366.15,58872.188
59574.65,58851.13
59608.189999999995,58706.906
59497.27,58473.426
59179.439999999995,58280.973
58764.04,57942.203
58240.04,57540.41
57599.74,57116.27
57046.69,56763.19
56487.45,56341.1
55897.82000000001,55948.406
55772.05,55577.76
55527.31,55304.875
55061.81,55115.074
54937.47,55046.242
55082.74,55043.37
54840.79,55165.523
54787.24,55422.184
54675.33,55745.996
54818.55,56113.266
54978.4,56509.25
55446.07,56897.254
56496.159999999996,57300.883
58355.07,57701.13
59286.64,58095.277
59997.33,58614.2
60132.81,59106.895
59812.78,59403.55
59469.30000000001,59264.426
58867.96,58908.742
58404.979999999996,58384.285
58098.51,57751.375
57536.94,56882.9
57064.78,56188.43
56310.06,55570.68
54801.52999999999,55062.207
53372.37,54373.344
52538.189999999995,53737.32
51949.229999999996,53069.605
51555.73,52453.566
51049.35,51717.92
50741.07,51179.113
50357.52,50704.78
51033.6,50268.65
50444.14,50072.28
49639.15000000001,49721.516
48857.84999999999,49232.04
48212.65,48587.773
47504.27,47687.996
46614.18,46897.348
46317.25,46183.625
45811.67,45522.645
45629.35,44787.973
45408.43,44228.613
44983.85,43822.504
43976.25,43559.707
43749.27,43168.07
43610.11,42856.79
43413.34,42583.16
43021.23,42419.543
42578.35,42231.34
42584.21,42079.13
42508.11,41920.758
42090.27,41821.004
42086.51,41748.316
41996.23,41656.117
42000.84,41551.273
42075.0,41466.3
41937.2,41421.242
42062.96,41383.465
41728.42,41325.633
41950.63,41270.395
42026.44,41332.273
41970.21,41384.605
42032.75,41484.363
41701.55,41637.87
41649.96,42077.234
41999.69,42496.96
42407.3,42876.824
42914.82,43311.805
43107.94,43859.184
43620.62,44503.867
44558.52,45038.812
45643.52,45492.062
46482.17,46158.715
47284.3,46791.57
47981.49,47404.016
48957.0,47998.1
49701.19,48796.55
50156.32,49594.312
50930.09,50411.996
51408.0,51163.535
51802.57000000001,52039.637
52401.46,52752.105
52861.17,53268.836
53635.40000000001,53608.05
54307.780000000006,53862.934
54463.44,53890.945
54201.91999999999,53760.59
53984.52,53452.883
53673.27,53071.508
53303.13999999999,52568.1
53003.59,52036.938
52895.72,51526.977
52824.96,51161.8
52565.86,50884.516
51481.41,50710.027
51411.92,50587.023
50680.19,50471.15
50786.67,50352.047
50392.73,50238.57
50672.64,50219.613
50477.96,50371.69
50504.88,50647.273
50719.5,51054.71
51558.19999999999,51545.504
51988.04,52183.582
52649.56999999999,52968.836
54107.55,53815.48
55200.43,54647.254
56310.78999999999,55547.727
56767.259999999995,56464.215
56880.68,57251.605
57372.68,57772.08
57414.14,57836.094
57211.38,57747.023
56888.86,57530.5
56053.04,57182.195
55404.69,56572.066
54809.69,56008.246
54434.04000000001,55465.65
54637.19000000001,55011.875
54018.51,54451.574
53284.67,54192.27
52607.37000000001,54026.926
52961.19,53819.574
52709.84999999999,53297.293
52446.28,52952.76
52312.009999999995,52643.93
53117.12,52270.57
52582.83,51941.12
52012.14000000001,51452.227
51302.47,50994.082
49608.240000000005,50486.53
48685.82,49754.91
48027.70999999999,49017.395
47393.93,48254.574
46606.6,47609.76
46002.09,46910.402
46205.72,46308.816
45852.99,45779.574
45157.21,45421.492
44782.96,45473.434
44840.96,45238.266
44733.12,45012.5
44209.51,44884.895
44278.64,44785.547
44439.04,44728.598
44541.98,44724.35
44671.75,44786.71
44745.7,44910.742
44887.32,45079.164
45223.64,45310.867
46019.0,45651.527
46544.54,46347.52
47096.34,47376.594
47599.49,48670.61
49536.69,50140.418
50409.71,51928.64
51487.07,53837.7
53380.47000000001,55735.055
56455.73999999999,57417.914
59010.96,59284.973
61313.41999999999,61062.758
63246.31,62743.746
65771.76,64230.414
67057.57,65330.09
67494.83,66288.875
68045.51,67035.08
68428.81,67531.44
68954.72,68177.61
69676.39,68470.84
70153.49,68643.2
69816.27,68830.234
70472.63,69315.97
70694.25,69515.65
71163.31,69738.63
70956.14,70005.13
70937.98,70542.11
71112.13,70806.195
70892.12,70934.79
70993.98,71030.6
71190.07,71271.51
71234.56,71256.28
71165.54,71149.38
71144.42,70968.22
71128.64,70884.68
71531.58,70635.93
71455.4,70386.53
71396.44,70213.33
71233.67,70220.95
70891.43,70096.73
70374.46,69932.445
70412.63,69724.96
70723.66,69591.805
70597.81,69371.55
70436.62,69241.62
70440.56,69161.695
70274.15,69202.11
70091.06,69256.586
69471.95,69423.12
69325.45,69672.336
69380.39,69947.2
69801.68,70242.69
70881.48,70618.71
72055.25,71079.16
72487.83,71563.73
72642.94,72233.65
72298.23,72776.31
72470.62,73073.54
72105.93,72784.88
72084.89,72438.18
71893.72,71909.23
71583.23,71297.61
70527.58,70359.21
70235.73,69628.75
69747.56,68831.53
67760.03,68092.375
66369.52,67097.98
65623.44,66244.93
64462.780000000006,65311.28
62416.75,64451.19
61624.33,63256.336
60942.78,62184.797
59950.909999999996,61102.117
59106.27,60110.27
58638.490000000005,59285.08
57755.62000000001,58204.31
56812.97000000001,57208.605
55625.96,56262.53
54434.82,55073.566
53694.4,54169.69
52816.2,53327.65
51175.23000000001,52606.297
50783.7,51801.203
50221.37,51148.29
49712.01,50579.434
48980.71,50145.21
48751.630000000005,49644.363
48611.69,49260.293
48386.75,48997.715
48160.270000000004,48843.13
47900.3,48715.21
48072.27999999999,48664.25
47961.13999999999,48620.07
48491.30999999999,48590.367
48640.829999999994,48582.63
48364.31,48684.63
48417.82,48887.133
49318.67,49127.35
49807.8,49588.88
50262.18,50357.137
50952.82,51482.87
52681.18000000001,52784.633
53374.73000000001,54479.797
54552.71,56306.465
55542.57,58049.41
59005.62999999999,59585.43
61389.63,61247.723
63161.57,62869.055
64658.26999999999,64513.44
67107.82,65929.805
68202.81,66891.69
68865.07,67714.13
69237.88,68363.39
69729.64,68801.08
70229.89,69386.5
70496.47,69630.36
70543.61,69770.875
70540.29,69864.0
70810.9,70172.484
70978.04,70285.59
71118.87,70414.03
70918.13,70568.92
70962.4,70995.08
71362.47,71126.77
71607.05,71222.664
71273.27,71311.36
71587.23,71644.79
71677.33,71635.914
71780.02,71498.32
71588.76,71300.5
71417.84,71274.36
71669.08,71022.52
71555.25,70787.445
71179.13,70551.54
70343.23,70508.22
70062.89,70312.4
69155.02,69973.67
69840.62,69597.75
69671.44,69283.42
69306.36,68986.51
69030.19,68802.484
69381.57,68613.25
69209.75,68549.66
68828.35,68541.234
68582.04,68653.734
68541.91,68805.14
68677.17,69056.9
69186.6,69368.55
69906.31,69739.26
70622.86,70200.94
71153.73,70654.22
71322.11,71184.12
71340.88,71637.484
72093.97,71895.52
71730.98,71681.62
71301.47,71509.44
71370.27,71191.56
70541.12,70683.05
69510.87,69819.195
69101.21,69044.21
68610.78,68176.22
67944.28,67381.45
66862.08,66349.766
65714.93,65606.67
64604.170000000006,64876.223
63404.38,64134.707
62664.079999999994,63028.27
61640.08,62103.277
60720.19000000001,61180.305
60337.25,60263.42
59530.1,59461.492
58323.43,58467.465
57802.71,57514.04
56553.51,56560.918
55645.08,55433.3
54615.85,54532.285
53880.79,53734.54
52109.59,53046.816
51629.4,52242.465
51403.2,51531.293
50857.93,50901.047
50565.26,50476.094
50333.28,50137.61
50165.69,49795.35
49978.85,49593.918
49003.67,49468.047
48848.36,49334.566
49137.81,49184.926
49283.509999999995,49009.133
49317.880000000005,48943.047
49574.07,49008.277
49847.77,49132.848
50199.69000000001,49295.805
51393.48,49577.16
51527.52,50169.668
51951.26,51089.473
52546.58,52222.676
54046.86,53494.53
54467.85999999999,55152.367
55301.76000000001,56920.332
56288.549999999996,58582.477
58307.06,59996.945
60617.06,61600.09
62573.16,63017.49
64179.28,64390.195
66547.1,65633.4
67328.1,66556.28
67730.32,67392.78
68051.84,67984.305
68745.94,68297.77
69180.07,68731.11
69353.25,68875.53
68877.53,68912.984
68767.35,68909.28
69091.0,69080.72
69270.61,69035.07
69389.59,69054.28
69503.38,69174.73
69534.31,69595.16
69939.47,69802.99
70091.59,69944.016
70295.17,70052.12
70888.0,70370.695
71048.78,70424.266
70759.91,70437.76
70235.38,70382.414
70100.15,70368.22
69868.81,70048.48
70179.82,69697.6
70140.14,69386.74
70099.66,69344.44
69759.64,69198.77
69122.06,69051.8
68497.9,68917.24
68231.28,68795.76
68056.32,68513.1
67880.19,68171.91
68295.08,67865.164
68094.74,67751.0
67750.81,67764.61
67314.11,67907.414
67374.33,68043.03
67638.96,68214.336
68159.46,68427.945
69036.67,68800.21
69890.47,69228.82
70253.83,69656.87
70374.02,70238.914
70246.72,70646.6
70288.87,70829.85
69899.48,70552.58
69471.16,70194.01
69415.39,69722.05
68912.75,69147.16
68530.29,68241.984
68105.19,67483.27
67304.74,66732.71
66420.51,66100.51
65290.83000000001,65145.91
64340.95,64448.996
63607.83,63697.207
62876.19,62949.195
62105.34,61915.125
61269.84,61149.965
60281.86,60350.223
59611.3,59528.21
58570.27,58844.65
57354.99,57872.402
56574.49,56886.945
55551.5,55904.227
54386.32,54740.35
53561.11,53822.895
52926.14,52990.77
51682.22,52279.406
51017.26,51465.496
50912.729999999996,50808.508
50415.350000000006,50224.047
49826.68,49806.65
49434.21,49512.13
49266.780000000006,49212.535
48899.659999999996,48981.8
48264.85,48825.117
48224.52,48638.992
48242.94,48489.355
48429.52,48383.13
48633.35,48358.133
48696.44,48435.36
48851.55999999999,48605.16
48975.8,48813.01
49970.91,49106.387
50112.76,49651.94
50416.73999999999,50485.92
50952.2,51520.918
52383.05999999999,52667.336
53058.98,54198.965
53879.69000000001,55827.336
55241.01,57413.547
58415.159999999996,58801.6
60823.52,60452.477
62829.46,62146.87
64604.969999999994,63843.73
66486.74,65317.332
67219.77,66399.65
67421.1,67263.695
67882.13,67837.695
68240.4,68116.195
68819.66,68563.125
69260.0,68699.49
69490.64,68769.37
68319.89,68793.79
67988.13,69062.87
68459.16,68982.17
68696.42,68809.945
69412.62,68754.94
69449.06,69063.58
69560.36,69291.48
69560.0,69479.984
69635.31,69580.95
69940.28,69780.12
69921.23,69747.766
70166.66,69656.29
70397.97,69500.98
70093.42,69435.16
70158.27,69270.55
70142.39,69049.41
69681.41,68864.836
68999.92,68882.86
68150.38,68765.88
67416.61,68535.28
68212.45,68196.914
68476.02,67878.51
68006.01,67628.48
67895.85,67542.67
67637.85,67450.83
67189.26,67468.234
66770.48,67465.53
66528.15,67525.086
66094.66,67650.91
66095.19,67937.04
66765.06,68234.11
67890.06,68557.45
69286.55,69039.94
69978.12,69640.7
70338.44,70366.6
70250.95,71028.99
70303.08,71436.87
70152.65,71307.75
70105.79,71110.73
69894.66,70738.98
70089.18,70248.164
69594.43,69345.33
69107.59,68640.8
68341.46,67963.68
66806.24,67304.39
65599.49,66291.17
64803.15,65412.34
64014.22,64503.742
62982.05999999999,63673.297
62159.020000000004,62547.336
61325.36,61654.766
60324.63,60755.883
59937.93,59878.46
59204.869999999995,59131.203
58160.48,58157.984
57433.49,57254.418
56179.77,56372.1
55073.16000000001,55314.34
54477.34,54471.566
53556.94999999999,53691.184
51220.8,53067.027
50511.130000000005,52332.008
50698.79,51580.95
50218.35,50842.863
49463.92,50375.31
48955.67,50104.605
48860.37,49869.867
48940.4,49661.473
48347.7,49524.336
48255.97,49373.973
48079.98,49285.984
48034.229999999996,49208.574
48031.2,49162.89
48425.299999999996,49143.883
48736.13,49196.21
48966.09,49358.258
49669.310000000005,49657.793
50382.61,50250.26
50775.119999999995,51074.707
50711.8,52165.617
52392.58,53435.723
53159.66000000001,54932.027
54082.85999999999,56455.207
55163.79,57968.996
57792.299999999996,59298.01
60255.68000000001,60855.453
62040.36,62319.168
63950.26999999999,63765.36
66124.66,65039.9
66689.18,66094.33
67426.2,66942.51
68235.52,67567.27
69236.95,67992.28
70139.65,68662.11
70411.87,69127.96
70443.68,69543.35
69942.35,69807.67
70229.12,70203.266
70218.86,70251.266
70128.04,70279.664
70125.32,70265.39
69904.39,70493.625
70167.13,70482.49
69586.26,70386.15
69169.96,70264.91
69040.51,70265.805
69616.47,69939.71
70004.33,69495.914
70754.49,69079.85
70529.21,68877.055
70121.37,68601.96
69560.97,68290.08
69448.89,67876.26
69127.77,67522.27
68273.79,67110.375
67142.08,66758.76
67111.78,66361.87
67057.53,65960.12
66756.87,65623.484
66608.06,65477.418
66743.88,65466.42
66420.06,65579.97
65973.58,65799.375
65698.17,66110.35
66045.85,66406.85
66221.4,66691.695
66665.93,67030.516
67594.12,67397.58
68451.81,67756.016
68463.44,68014.29
68474.58,68294.99
68669.96,68404.2
68408.18,68315.41
67819.25,67866.33
67588.64,67376.836
67338.58,66743.13
66573.9,66061.65
65623.64,65117.383
64842.21,64324.94
63917.53,63545.418
62431.939999999995,62798.91
61159.12,61783.45
60069.7,60919.246
59326.06,60042.43
58876.87,59220.23
57809.05999999999,58187.207
57095.0,57463.92
56559.7,56756.355
56730.38999999999,56052.254
55923.05999999999,55670.18
54873.119999999995,55141.406
54201.28,54532.09
52939.16,53814.17
51967.90000000001,52830.535
51298.82,51965.305
50926.69,51139.793
48837.96,50415.734
48184.43000000001,49626.926
47426.02,48860.1
46978.5,48130.418
46666.66,47521.402
46135.93,46448.8
45872.92,45920.523
45638.88,45583.125
45176.02,45364.516
45026.64,45141.938
44998.22,45001.395
44869.57,44904.227
45162.04,44850.84
45294.86,44798.91
45253.55,44825.88
45358.2,44901.53
45201.48,44967.37
45219.53,45096.37
45541.62,45180.2
45536.95,45224.883
45214.1,45324.125
44947.88,45634.105
45165.49,45857.37
45016.07,46019.613
45510.42,46266.2
45786.28,46828.3
46332.04,47464.645
46996.76,48147.707
48145.79,48878.043
49120.11000000001,49696.406
49796.77,50427.426
50494.13,51193.11
51496.03,51958.71
52476.66999999999,52924.652
53067.88,53760.402
54095.07,54505.668
55244.59,55101.47
56118.41999999999,55776.066
57059.90000000001,56375.836
57272.350000000006,56945.51
57319.450000000004,57470.188
57712.04,58079.51
57889.37,58381.535
57836.95,58548.348
58401.39,58618.242
58707.3,58686.516
59157.71,58644.906
58470.98999999999,58528.09
58339.62,58351.64
58224.48,58124.3
58042.93,57674.105
57942.11,57209.438
57125.51,56775.33
56823.81,56462.176
56743.91,56093.832
56586.08,55749.766
56159.11,55508.656
55712.549999999996,55422.98
55984.42,55387.934
55074.29,55403.062
55474.15,55553.434
54978.44,55757.87
55486.5,56021.387
55751.92,56345.07
55729.82,56776.273
55788.46,57322.934
56863.85,57805.855
57920.11,58220.895
59251.87999999999,58684.016
59812.950000000004,59139.26
59991.99,59614.03
60026.68,59949.5
59927.15,60017.9
60047.38,59695.074
59823.47,59265.32
59468.08,58767.508
59572.64,58246.17
59153.31999999999,57513.543
58849.18,56988.39
58567.55000000001,56564.926
56942.51,56196.89
55582.83000000001,55653.8
54656.45999999999,55160.156
54186.23,54600.53
53378.99999999999,54062.11
52690.18,53376.004
52443.65000000001,52850.508
52459.17,52326.617
52035.26,51823.85
51493.13,51656.344
50708.45999999999,51197.445
49676.61,50540.008
48355.57,49788.125
47351.9,48770.957
46731.18,47783.414
46250.06,46842.11
45161.07,46038.01
44553.43,45183.97
43939.97,44467.55
43598.97,43860.17
43071.68,43349.42
42832.96,42750.69
42615.96,42347.836
42308.35,42069.63
42165.91,41885.367
41782.96,41652.55
41837.05,41498.105
41613.13,41378.32
41610.13,41306.406
41626.97,41221.105
41663.67,41168.6
41318.21,41133.465
41988.0,41103.19
42159.99,41063.73
42223.3,41064.754
42132.59,41124.473
41911.73,41146.72
41746.7,41273.652
41710.96,41346.113
41283.95,41395.65
40581.14,41489.27
40793.56,41781.21
40965.04,41994.895
41471.9,42258.87
42655.47,42661.77
43241.1,43229.35
43718.66,44021.965
43870.28,44796.36
44920.92,45461.273
45806.06,46175.375
47106.92,46762.234
47941.71,47329.223
48659.03,47947.457
49563.36,48813.52
50104.47000000001,49599.11
50917.63,50413.926
51313.05,51214.39
52076.41000000001,52169.35
52756.45,52951.773
53178.83999999999,53610.535
54259.02,54114.24
54882.27,54569.4
55320.08,54769.97
54855.15,54775.555
54616.85,54579.754
54338.38999999999,54292.3
54218.83,53784.13
54024.47,53205.277
54002.5,52664.12
53371.44999999999,52312.875
53008.92,52058.875
52664.85,51844.01
52828.44999999999,51632.668
52430.91000000001,51565.234
52217.68,51565.234
52104.77,51623.746
52295.01,51689.785
51663.56,51898.66
51796.630000000005,52222.21
51941.100000000006,52582.25
52266.95,53014.38
52435.13,53546.996
53566.439999999995,54158.0
54510.78,54792.496
55886.55,55519.598
56286.939999999995,56213.055
56709.23,56987.184
56897.49,57611.73
57312.45999999999,57989.215
57301.32000000001,57971.65
57017.46,57882.4
56362.95,57662.582
55553.01,57315.938
55264.04,56629.156
54719.130000000005,56003.867
54329.98000000001,55457.438
54353.18,55041.008
53353.93,54473.082
52502.38,54204.574
52167.159999999996,53962.785
52155.950000000004,53668.402
51725.74,53128.766
51569.41,52781.85
51700.93000000001,52428.387
52045.07,52050.785
51635.39,51765.65
50629.44,51271.184
49927.41,50758.96
48596.15,50144.875
47877.58000000001,49242.453
47625.13,48405.883
46888.29,47640.605
45402.91,47047.88
44880.66,46350.734
44261.24,45676.367
43749.47,45064.84
43293.33,44553.594
42928.96,44394.996
42636.08,44032.613
42831.15,43747.91
42404.53,43558.188
42384.5,43452.51
42415.42,43413.25
42513.63,43406.06
42094.2,43440.234
42091.01,43543.96
42479.63,43616.207
42640.66,43705.605
43486.62,43959.305
43803.09,44564.97
44433.44,45475.125
45048.26,46684.812
46852.42,48089.17
47874.84,49900.676
49404.17999999999,51814.445
51547.049999999996,53703.742
55802.92,55412.754
58675.45,57376.33
60749.17,59468.758
62607.88,61539.14
64050.30999999999,63251.12
65161.84999999999,64476.24
65862.81,65342.95
66365.23,65917.17
66926.66,66308.68
67470.52,66893.48
67671.32,67204.26
67684.68,67430.414
67610.28,67572.94
68425.79,67923.24
69085.33,68042.266
69403.22,68230.48
69548.76,68504.55
69848.37,69041.92
70040.49,69318.43
70291.22,69525.39
70339.61,69662.26
70490.57,69995.84
70504.91,70054.29
70357.98,70021.72
70093.83,69887.53
70028.54,69882.92
70466.69,69630.27
70619.98,69360.3
70595.21,69160.28
70472.55,69209.11
70564.09,69129.73
69855.76,69034.23
69494.67,68930.99
69402.62,68868.03
69081.15,68636.17
68959.11,68423.664
68330.88,68258.3
68342.92,68206.96
68347.54,68111.125
68467.06,68128.54
68352.75,68289.76
68619.26,68581.28
69070.22,68944.05
69604.19,69392.1
71008.15,69943.25
71758.34,70418.805
72038.62,71051.19
72027.06,71636.51
72067.34,72003.125
71907.01,71885.34
72273.66,71695.15
72027.87,71342.09
71277.87,70918.17
71062.2,70129.9
70875.64,69421.016
70448.22,68730.44
68454.77,68155.4
67096.88,67255.15
66344.91,66487.87
65491.95999999999,65624.305
63908.42999999999,64848.582
63202.66,63747.957
62434.08,62851.223
61677.55,61938.363
60837.02,61083.355
60002.99,60384.29
59147.11000000001,59394.184
58234.08,58413.207
56955.01,57448.707
55721.31,56261.242
54598.65,55274.082
54133.47,54361.617
52747.420000000006,53548.453
52033.92999999999,52652.094
51483.99,51964.37
51227.36,51353.164
50869.68,50892.574
50483.06999999999,50414.785
50349.700000000004,50125.96
50217.74,49945.492
49868.18,49856.55
49439.98,49796.383
49527.97,49794.855
49867.29000000001,49771.605
50405.49999999999,49754.24
50141.59,49843.91
50179.51000000001,50048.01
50533.18,50223.113
50930.84,50387.387
51277.09,50853.918
51537.91,51540.223
52235.81999999999,52452.36
54076.54000000001,53551.35
54873.009999999995,55096.594
56028.01999999999,56857.203
57624.61,58681.008
61001.42,60328.117
62938.4,62244.55
64716.42,64140.4
66174.87,65892.15
68082.23,67278.62
69374.29,68248.07
70357.23,69014.734
71198.79,69590.695
71793.38,70001.64
72108.67,70628.71
72508.39,70940.62
72574.91,71099.71
72597.17,71149.984
72252.13,71488.49
72314.24,71536.16
72283.25,71582.805
71504.67,71632.94
71902.26,71943.92
71889.74,71951.05
71838.79,71948.35
72128.71,71924.45
72632.88,72080.73
72681.71,72056.76
72609.71,71992.664
72505.24,71840.72
72000.56,71801.74
71885.01,71544.13
71701.92,71222.48
72097.81,70919.56
71984.41,70838.484
71232.32,70698.016
70488.51,70579.93
70246.49,70351.73
69933.81,70167.07
69489.78,69816.875
69148.62,69461.84
69345.63,69085.93
68527.28,68851.28
68359.37,68756.96
67952.41,68687.62
68299.52,68696.2
68756.9,68815.23
69439.91,69054.484
70021.05,69487.086
70967.75,70069.28
71674.35,70597.16
72041.86,71174.87
72108.92,71662.836
70784.89,71961.875
70302.05,71822.37
69856.27,71405.44
69583.77,70688.47
69422.13,69895.016
68894.83,68774.43
68339.12,67924.164
67314.18,67141.48
66581.98,66415.77
65614.19,65365.707
64533.78,64551.113
63429.99,63789.227
62693.17,63035.95
61703.38,61922.58
60850.45,61042.777
59855.38,60160.656
60038.91999999999,59268.03
59224.909999999996,58506.98
58194.25000000001,57591.25
57273.380000000005,56761.223
55943.31999999999,55934.473
55140.86,54879.793
54354.66999999999,53998.367
53375.22,53209.633
52758.649999999994,52553.957
52278.87000000001,51728.992
51812.06,51122.96
51335.44999999999,50662.23
50731.86,50307.82
50321.03999999999,49988.723
49858.63,49630.44
49802.54,49339.773
49382.92,49104.484
49422.75,48864.215
49416.23,48730.92
49372.35,48669.176
49576.12,48679.977
49517.05,48721.11
49675.8,48839.457
49975.06,49008.625
50320.83,49256.527
50787.02,49811.492
50833.12999999999,50560.195
51514.13,51527.34
52473.54,52627.12
53032.54,54102.734
54175.08000000001,55635.348
55412.700000000004,57102.625
58248.31,58460.74
60243.73,60061.37
62239.37,61663.742
63913.29,63204.51
65851.85,64537.535
67182.39,65543.32
67776.16,66364.914
68440.34,67009.03
69022.71,67430.36
69329.11,68024.85
69781.0,68326.055
69801.45,68465.22
69583.39,68519.63
69741.49,68831.26
70313.18,68913.0
70496.84,69007.39
70605.76,69199.71
70663.9,69719.21
71016.95,70003.27
71291.66,70236.44
71703.85,70439.76
71718.42,70861.88
71815.18,71063.16
71690.53,71108.086
71597.41,71005.35
71306.25,70983.52
71110.68,70736.97
71059.78,70429.64
71189.54,70108.51
70836.3,70002.92
70564.92,69836.82
70040.11,69665.49
68947.83,69462.914
68749.55,69307.914
68858.93,68907.016
68956.12,68483.484
68756.66,68170.32
68600.94,68072.27
68445.83,67975.445
68190.17,67953.06
68877.79,68034.414
69253.2,68229.96
69888.16,68580.734
70567.93,69104.24
70834.23,69725.055
71194.13,70287.164
71120.75,70814.336
71006.25,71188.96
71142.84,71355.13
70907.59,71078.36
70782.04,70760.055
70587.14,70305.79
70140.69,69761.28
69499.86,68894.836
68736.11,68193.18
67909.92,67476.42
66701.52,66753.59
65539.53,65721.53
64513.49,64903.492
63591.36,64082.875
62854.79,63279.324
62353.07,62174.87
61449.66,61318.855
60702.47,60502.945
60251.07,59678.76
59445.64,59000.24
58416.91999999999,58078.383
57751.55,57197.25
56620.24,56332.875
55576.14,55289.21
54692.74,54465.285
54179.05,53704.03
53313.14,53034.137
52743.82,52264.273
52256.83,51702.227
51767.74999999999,51239.25
51237.689999999995,50868.113
50846.170000000006,50564.375
50674.979999999996,50249.19
50386.45,50000.27
49674.75,49830.633
49714.48,49631.668
49907.89,49469.734
49998.030000000006,49357.77
50297.95,49374.37
50519.09,49475.402
50598.56999999999,49671.18
50479.76999999999,49940.72
51100.24,50273.035
51408.42999999999,50786.965
51752.13,51497.65
52275.45,52415.42
53737.170000000006,53499.887
54576.33,54972.496
55361.579999999994,56592.074
56951.78,58236.508
59492.55,59733.344
61628.45,61523.58
63537.420000000006,63243.6
65197.26,64838.562
67043.67,66191.79
67901.03,67136.39
68580.66,67911.6
69033.34,68458.09
70002.15,68812.59
70348.92,69334.92
70524.57,69615.86
70472.9,69806.6
70089.77,69857.73
70291.14,70080.69
70634.81,70031.04
70670.31,70003.55
70890.17,70063.55
70796.91,70467.05
70892.46,70655.75
71130.05,70786.36
71267.26,70879.55
71340.01,71205.74
71422.23,71266.586
71275.35,71235.555
71087.13,71109.94
70770.09,71079.055
70612.98,70827.945
70485.76,70542.07
70780.86,70271.04
70605.89,70203.695
70298.18,70096.266
69715.08,69981.06
69463.16,69799.88
69493.93,69674.66
69227.1,69425.805
68953.95,69225.46
68912.79,69043.35
68837.9,68950.05
68908.5,68848.22
68717.87,68865.71
68767.54,69003.78
69161.17,69223.664
69782.36,69504.28
70758.51,69916.23
71462.25,70456.65
71704.62,70977.17
71769.0,71571.54
71846.31,72000.24
71528.43,72171.03
71327.93,71866.96
71001.91,71492.234
70549.7,70956.164
69570.56,70345.33
68775.26,69358.05
68294.9,68469.88
67919.65,67559.836
66817.64,66734.375
65571.75,65681.78
64344.40000000001,64904.055
63448.29,64104.855
62844.20999999999,63277.008
62350.37,62118.6
61568.79000000001,61248.38
60614.439999999995,60433.723
60261.24,59616.82
59825.74,58927.508
58838.17,58029.934
58062.29,57236.477
57300.69,56480.13
56274.62,55522.777
55277.06,54812.574
54640.18000000001,54185.52
53475.86,53610.227
52865.16,52890.07
52543.61,52334.53
52123.45,51863.395
51533.86,51511.027
51018.969999999994,51234.707
50773.3,51006.25
50422.73,50784.76
50285.17,50608.957
50134.3,50376.867
50106.31999999999,50246.72
50302.81,50169.957
50015.21,50146.656
49983.93000000001,50234.35
50206.45,50371.94
50513.18000000001,50533.1
51187.95,50813.4
51415.13,51391.94
52001.9,52225.758
52691.71,53216.203
53598.73000000001,54321.684
54194.35999999999,55805.297
55159.66000000001,57261.754
56614.92,58597.156
59766.05,59783.652
61916.09999999999,61280.277
63679.66,62823.965
65375.99999999999,64351.5
66955.25,65669.664
68108.06,66700.79
68788.78,67431.09
69190.14,68014.64
69499.37,68489.56
69939.13,69167.09
70041.28,69515.04
70196.01,69727.0
69989.97,69813.87
70378.63,70103.67
70499.43,70123.7
70751.89,70095.95
70885.51,70074.38
71109.1,70356.59
71120.2,70421.77
70890.24,70451.94
71205.41,70394.16
71322.76,70464.305
71423.4,70358.38
70934.94,70206.8
70800.62,69958.11
70713.64,69771.83
70610.55,69338.91
70411.46,68880.72
70595.47,68460.08
69914.81,68236.42
69499.65,67965.7
68890.48,67673.67
68114.8,67399.445
68087.78,67224.266
67887.58,66986.48
67417.25,66874.64
66892.26,66916.7
66470.97,67084.57
66432.1,67227.36
66287.43,67393.055
66803.37,67630.51
67743.86,67952.0
68510.96,68300.8
69678.06,68772.9
70386.02,69302.695
70157.93,69715.89
70141.84,70063.516
70133.12,70145.61
70512.96,69981.89
70023.11,69441.89
69898.91,68983.0
69619.47,68452.9
69072.88,67896.63
68252.99,67065.8
67565.72,66421.36
66533.95,65765.69
65163.48,65141.953
63916.14,64201.945
62859.549999999996,63399.434
62422.55,62560.55
61448.08,61751.76
61036.67999999999,60766.62
60544.83,60046.586
59448.56,59367.6
58737.73,58763.64
57861.280000000006,58414.31
57113.75000000001,57741.934
56165.57,56948.785
55057.19,56127.707
53950.98,55059.05
53066.81,54152.227
52359.36,53278.68
51108.77,52495.94
50613.25,51558.977
49875.670000000006,50790.273
49334.35,50121.77
47947.29,49592.285
47544.68,48461.684
47007.05,47867.97
46961.75,47392.395
46640.91,47057.85
46603.26,46750.75
46384.18,46584.44
46273.16,46477.97
46416.04,46404.61
46335.97,46324.09
46346.12,46302.26
46470.93,46284.42
46567.61,46267.195
46561.44,46333.246
46300.84,46442.17
46042.28,46569.54
46240.31,46677.316
46110.87,46891.812
46156.29,47149.332
46755.75,47469.855
47200.84,47846.367
47722.42,48633.848
48251.59,49488.094
48963.99,50375.258
50715.43000000001,51264.023
51662.439999999995,52182.797
52695.95,53123.64
53038.05,54095.098
54231.590000000004,54992.465
54917.32,55980.13
55983.84,56753.945
56929.71,57375.355
57805.42,57896.16
58118.66,58569.277
58435.99,59103.656
58830.31999999999,59513.832
59222.45,59765.53
59307.49,60113.344
59572.15,60280.035
59598.15,60307.863
59813.59,60222.816
59904.58,60217.543
60113.54,60038.92
59939.99,59782.527
59740.58,59429.082
59592.88,59123.44
59083.45,58682.95
58632.75000000001,58211.89
57749.11000000001,57721.07
57209.74,57313.387
56748.62,56850.082
56012.84,56408.266
55861.66,56041.586
55658.76,55770.355
55541.95999999999,55571.375
55419.450000000004,55550.812
55619.9,55646.133
55582.41,55907.945
55617.780000000006,56279.26
56108.47,56775.855
56656.26,57319.473
57685.92,57933.047
58835.04,58586.22
59630.64000000001,59315.348
60255.009999999995,60058.63
60547.31999999999,60594.188
60913.49,60950.34
61089.24,61049.664
61315.6,60938.61
60990.48000000001,60495.926
60430.87000000001,60053.35
59981.13,59527.305
59491.899999999994,58889.32
58874.7,58014.285
58419.74,57302.99
57573.54,56694.473
56089.08999999999,56231.344
55057.02,55544.812
54219.77,54923.26
53450.45,54321.707
52638.05,53797.777
52325.38,53084.863
51791.41,52513.047
51578.689999999995,51997.266
51871.47,51495.23
51549.590000000004,51246.703
50754.509999999995,50788.867
49954.18,50212.664
49108.72,49522.33
48520.95,48566.094
47919.05000000001,47699.016
47224.42,46933.375
46134.03,46293.523
45337.0,45551.79
44932.18,44894.656
44472.51,44291.555
43874.51,43807.37
43190.57,43236.336
42764.78,42843.207
42842.24,42513.562
42709.84,42234.703
42585.1,41980.7
42283.58,41847.02
42406.08,41778.586
42580.56,41717.406
42261.32,41658.65
41989.26,41671.94
42294.68,41666.387
42733.81,41582.566
42619.51,41579.41
42736.45,41642.184
42749.55,41683.52
42455.63,41688.824
42242.44,41795.04
42147.08,41847.48
41739.82,41866.836
41674.02,41927.88
41802.78,42192.84
41913.33,42486.812
42236.36,42854.58
42889.34,43310.055
43346.06,43870.926
43822.19,44629.938
44321.45,45328.73
45693.6,45904.785
47083.4,46614.4
48067.22000000001,47251.754
48896.85,47942.395
49600.48,48641.48
50594.93,49525.39
50872.33,50317.46
51169.39000000001,51116.555
52309.939999999995,51859.727
53049.8,52675.777
53245.51999999999,53370.125
53621.16,53974.598
54420.03,54342.13
55366.44,54622.477
55444.27,54666.76
55435.65,54576.445
55163.41,54299.27
55051.5,53984.504
54337.229999999996,53535.254
53558.33999999999,53061.953
53079.65,52578.645
52489.71000000001,52186.418
52395.88999999999,51800.0
51847.51,51464.844
51630.74,51211.496
51448.25,51097.234
51253.42,50994.746
50835.95,50967.734
51298.33,50996.723
50773.64000000001,51167.473
50934.67,51473.395
50774.42,51900.4
51937.08000000001,52411.875
52857.5,53030.457
54149.62,53796.086
55189.86,54716.695
56555.13,55705.574
57176.49,56602.117
57801.93000000001,57453.242
58045.95,58107.86
58258.18,58512.004
58060.22,58511.0
57713.69000000001,58366.723
57503.219999999994,58054.312
56275.92,57598.016
55559.68000000001,56867.816
55188.64,56206.605
54701.28,55565.793
54122.96000000001,55085.152
53417.55,54501.348
52599.65,54145.086
52211.12,53844.875
51937.21000000001,53539.28
51480.51999999999,52978.16
51212.80000000001,52579.54
51342.979999999996,52162.434
51654.97,51707.445
51139.69,51330.492
50328.53,50764.223
49431.91,50199.215
48647.17,49577.73
48064.63,48710.617
47608.47,47967.047
46942.51,47333.0
46190.34,46797.5
45839.95,46133.684
45379.77,45565.816
44743.83,45085.816
44852.95,44681.18
44754.6,44560.844
44563.28,44297.074
44341.83,44138.453
44284.42,44068.51
44352.5,43998.676
44428.75,44007.3
44472.85,44073.402
44512.59,44185.645
44530.12,44323.047
44815.15,44467.766
45126.89,44659.64
45636.93,44986.945
46038.13,45673.195
46735.11,46602.023
47380.4,47779.32
48618.65,49169.832
49277.26,50949.434
50637.52999999999,52746.547
52293.01,54432.7
55760.26,55975.156
58385.31,57791.91
60715.969999999994,59623.45
62671.23,61410.516
65208.75,62983.55
66099.63,64128.22
67334.0,65152.363
67671.91,65906.57
68532.45,66439.57
68952.21,67136.29
69362.68,67533.164
69586.13,67812.91
69227.68,68004.71
69400.36,68483.53
69741.65,68682.016
69929.1,68838.03
70413.13,69029.8
70393.06,69541.48
70655.7,69855.21
70737.12,70092.76
71009.17,70268.46
71320.33,70641.07
71501.5,70749.45
71385.42,70770.34
71072.53,70685.74
70980.08,70693.26
70945.77,70439.3
70967.04,70142.22
71259.97,69849.945
71008.13,69752.06
70578.91,69608.38
70128.29,69467.266
69783.13,69240.96
69810.39,69067.24
69589.14,68759.78
69363.13,68498.61
69683.75,68283.12
69466.03,68151.18
69153.26,68124.72
68818.82,68225.98
68853.07,68399.31
69209.32,68597.99
69832.55,68895.71
70187.08,69325.586
70351.79,69863.03
70549.62,70263.08
70780.42,70632.99
70534.48,70842.016
70727.67,70905.89
70440.22,70539.516
70207.34,70168.805
69831.33,69670.27
69707.14,69068.016
68831.28,68098.84
68225.73,67361.73
67866.3,66625.664
66882.69,65913.36
65656.04,64934.785
64693.079999999994,64240.3
63758.77,63531.63
62875.5,62824.414
62150.94,61780.74
60990.21,60965.844
60146.51,60153.4
60077.170000000006,59305.965
59326.72,58582.875
58253.1,57643.984
57239.44000000001,56793.906
56316.26000000001,55943.016
55332.75,54864.793
54104.8,54016.527
53387.72,53259.543
52692.16000000001,52551.082
51910.72,51707.438
51388.04,51104.375
50826.29,50600.895
49829.51,50185.93
49713.17,49699.246
49274.76,49225.375
49167.69999999999,48868.57
48843.35,48626.766
48611.19,48416.938
48516.67,48308.15
48638.42999999999,48227.23
48975.50000000001,48187.492
49256.13999999999,48234.785
49443.33000000001,48367.902
49551.61000000001,48596.383
50294.72,48941.246
50345.8,49516.754
50938.19999999999,50312.992
51321.64,51291.27
52762.0,52440.33
53469.72000000001,53958.016
54353.58,55568.016
55841.38,57181.52
58454.24999999999,58645.973
60672.24,60363.86
62652.23,62024.773
64577.18,63631.1
66692.29,65049.156
67860.18,66135.58
68864.52,67075.625
69504.44,67797.61
69876.92,68329.27
69950.04,69032.9
70007.57,69374.234
70275.0,69514.29
69616.29,69533.25
69752.82,69850.82
70161.64,69859.99
70504.18,69834.766
70606.94,69895.05
70192.46,70307.72
70520.15,70518.2
71090.3,70607.12
71376.26,70648.64
71608.75,70978.88
71562.53,71112.19
71324.74,71140.27
71117.82,71018.234
70964.08,70950.44
70917.35,70652.43
70699.86,70343.0
70300.5,70071.6
70356.89,69996.555
70152.74,69793.41
69530.6,69579.1
69636.41,69384.3
69911.04,69238.85
69632.52,69015.77
69428.22,68872.83
69491.94,68728.87
69194.97,68661.72
69031.79,68583.0
68794.32,68607.336
69231.56,68720.734
69912.69,68928.33
70469.14,69303.03
71171.34,69852.46
71723.71,70484.55
72139.12,70989.81
72347.51,71516.02
72130.12,71907.78
72056.35,72124.39
71765.86,71824.05
71713.8,71493.88
71366.6,71004.86
70770.19,70446.91
70211.28,69544.27
69848.09,68790.62
69587.19,68025.695
68273.02,67340.42
66924.95,66425.87
66262.65,65722.695
65458.38999999999,64939.984
64616.88999999999,64179.066
63620.19,63120.367
62558.72,62287.65
61521.43,61413.402
60533.4,60485.402
59856.11,59692.582
58938.31,58611.348
57677.85999999999,57590.938
55803.84,56643.02
54626.23,55471.773
53472.75,54433.543
53024.08,53441.35
51921.74999999999,52545.004
51229.84,51638.75
50880.01,50963.414
50317.950000000004,50369.547
49221.13,49903.258
48607.719999999994,49497.934
48432.46,49014.1
48744.12,48576.195
48289.74999999999,48288.242
48109.85999999999,48139.957
48130.75,48104.812
48339.64,48043.348
48929.44000000001,48021.17
49085.46,48090.418
49085.39000000001,48268.74
49346.92,48529.605
49896.15,48831.31
50423.43,49387.4
50891.64,50190.29
51406.07,51257.176
52948.54,52550.0
53631.91,54208.51
54592.98999999999,55983.277
55835.97,57749.25
59103.07,59285.035
61426.68,61005.96
63544.32,62712.38
65195.38,64407.637
67353.5,65880.19
68796.98,66965.02
69754.71,67888.24
70316.45,68620.39
71368.69,69145.06
71890.33,69827.586
72424.37,70235.98
72555.58,70522.21
72165.48,70698.734
72572.98,71134.28
72822.06,71277.516
72970.91,71468.87
72892.21,71716.47
73168.31,72284.664
73410.01,72580.61
73458.42,72822.28
73802.14,72966.125
74082.55,73326.09
73930.39,73392.02
73668.47,73339.44
73291.78,73152.56
73180.84,73069.61
73248.8,72716.73
73140.96,72362.586
73500.42,72059.555
73558.72,71973.99
73186.91,71828.23
72747.63,71766.26
72474.44,71666.56
72307.19,71621.52
71649.71,71462.42
71319.01,71301.836
71717.58,71066.41
71541.98,70887.664
71265.24,70793.086
71160.27,70805.19
71356.43,70863.305
71843.55,71048.66
72533.54,71353.234
72972.39,71819.38
73571.24,72368.336
73875.65,72741.13
74237.56,73172.49
73616.9,73512.84
73281.28,73715.34
72963.61,73388.7
72814.81,72996.016
72803.68,72456.28
71801.45,71897.61
71245.49,70984.35
70424.3,70198.05
69733.21,69362.375
68058.07,68602.67
67136.08,67522.14
66280.55,66653.06
65292.07,65796.81
64245.28,65012.38
63413.659999999996,63884.285
62418.299999999996,62993.67
61428.99,62078.88
61060.84,61140.934
60358.13999999999,60340.234
59244.43,59331.62
58193.33000000001,58376.61
56847.46,57424.9
55551.94,56219.09
54744.19,55216.777
54130.92,54251.277
52820.71,53435.363
51785.98999999999,52584.586
51017.119999999995,51925.066
50468.520000000004,51294.35
50133.39,50731.074
49629.090000000004,50267.223
49396.54,49881.77
49059.619999999995,49608.508
48813.09,49441.41
48843.43,49262.785
48829.61,49191.547
48924.95,49186.082
49095.19,49231.85
49313.37,49342.754
49238.11,49511.797
49472.95,49718.457
50093.490000000005,49951.86
50617.39,50423.336
51377.05,51144.582
52222.87999999999,52150.176
53517.8,53435.926
54284.24,55236.42
55586.50000000001,57137.68
57274.87999999999,58962.062
59670.58,60660.684
62393.659999999996,62661.848
64209.01,64468.324
65968.92,66156.51
67265.78,67579.97
68662.32,68560.9
69609.82,69255.16
70078.13,69772.66
70472.48,70171.91
70798.33,70771.14
70966.51,71004.55
70904.05,71085.53
70373.06,71079.13
70559.8,71341.09
70703.74,71308.984
70546.27,71336.984
70798.8,71420.43
70797.21,71801.016
71466.05,71932.52
72231.69,72032.64
72206.37,72154.336
72232.83,72584.664
72861.31,72681.03
72567.45,72618.65
71716.61,72491.06
71714.04,72493.26
71782.48,72136.36
72181.99,71760.02
72299.64,71499.48
72029.71,71599.125
71669.66,71595.01
70900.7,71576.96
70515.24,71433.97
71095.03,71287.94
70912.61,71025.47
70982.64,70902.31
70946.93,70830.96
70275.17,70862.63
70214.85,70902.4
70250.67,70918.1
70572.1,70994.08
70827.14,71149.336
71576.25,71373.625
72243.65,71670.87
72279.04,72045.43
72613.74,72339.79
72325.6,72586.055
72517.58,72705.805
72072.39,72665.01
71792.72,72259.51
71412.05,71898.78
71016.01,71360.27
70623.78,70760.34
70112.42,69800.05
69529.78,69056.45
68710.31,68332.3
67966.2,67647.9
66807.68,66611.805
65848.43,65843.7
64659.01,65085.324
63573.87,64338.652
62909.98999999999,63215.125
61628.55,62315.367
60661.88999999999,61408.656
60389.14,60467.12
59635.68000000001,59652.684
58705.19,58685.312
57815.06,57790.566
56512.29,56904.297
55711.04000000001,55802.41
54984.030000000006,54886.85
53987.189999999995,54053.617
52895.23999999999,53390.836
52331.719999999994,52564.957
51124.38999999999,51885.746
50030.19,51319.504
49267.799999999996,50817.656
48744.46,50282.39
48773.93,49780.49
48811.16,49384.73
48756.93,49146.746
48825.91,49003.227
48776.69000000001,48991.457
48926.48,49027.027
48515.590000000004,49095.727
48631.66,49233.785
48730.35,49357.76
49095.26999999999,49476.04
50173.56,49687.758
50846.55,50207.332
51494.78,51017.625
51780.75,52126.477
53007.41,53418.508
53749.79,55015.035
54938.56999999999,56607.0
56476.98,58153.555
59513.24,59590.285
61791.29,61361.06
63801.22,63075.13
65516.29,64716.453
67531.39,66128.29
68836.13,67244.766
70023.64,68114.14
70692.45,68853.19
70827.27,69479.81
70662.54,70301.664
70923.32,70691.73
70967.21,70832.29
70089.9,70858.72
69620.58,71140.07
69858.6,71066.664
70256.83,70875.57
70285.59,70754.13
70754.76,70988.445
70639.74,71031.77
70948.39,71060.34
71105.99,71005.68
71285.1,71158.516
71496.2,71046.19
71266.37,70823.66
70882.42,70522.04
70605.78,70317.02
70069.86,69867.32
69928.87,69334.25
69799.99,68837.87
69744.06,68557.79
69633.08,68157.61
69248.65,67870.2
68120.47,67590.21
67597.37,67399.07
67120.26,67177.03
66608.28,67010.46
66477.95,66921.69
66038.72,66928.0
65651.13,66986.98
65508.61,67144.54
65952.83,67388.95
66198.4,67690.305
66586.02,68044.55
67887.3,68400.47
68831.07,68767.45
68748.13,69032.03
68263.09,69281.0
68674.68,69277.016
68425.06,68988.75
67841.42,68405.984
67633.24,67837.695
67285.8,67135.51
66920.8,66445.234
66168.24,65501.977
65470.79,64750.844
65017.87,64061.85
63870.85999999999,63404.633
62889.240000000005,62546.574
61843.25,61855.37
60742.0,61089.08
59992.87,60374.613
59233.08999999999,59407.656
58304.21,58685.39
57622.36,57978.35
57378.14,57228.766
56819.08999999999,56808.465
55930.28,56164.36
54899.97,55487.785
53550.83,54727.7
52518.22,53708.348
51753.61,52772.51
50937.54,51875.543
50168.57,51089.418
49434.299999999996,50195.67
49021.57000000001,49520.03
48630.33,48914.336
48196.99,48427.797
47718.77,47397.203
47467.88,46972.836
47199.78,46686.45
46801.63,46548.67
46354.38,46403.223
46280.85,46312.824
46131.22,46200.28
46083.34,46119.78
46019.51,46073.035
46033.84,46032.605
45848.89,45996.316
45850.13,45976.8
45921.58,46013.508
46078.15,46047.844
46025.93,46083.445
46068.54,46175.543
45844.21,46455.707
45906.79,46702.8
45902.47,46950.793
45770.94,47273.11
46182.07,47911.574
46514.35,48532.254
47082.48,49169.426
48536.549999999996,49860.223
49787.04,50612.277
50611.32,51385.746
51310.12,52300.07
52506.78,53149.24
53502.44,54114.25
54397.84,54920.254
54868.38,55637.285
55077.31999999999,56227.65
55675.87000000001,56835.88
56110.1,57193.84
56435.30000000001,57463.723
56722.64,57695.223
57046.159999999996,58025.156
57243.689999999995,58180.715
57127.67,58226.977
56953.350000000006,58188.09
57291.2,58169.215
57028.43,57905.676
56909.31,57546.42
56673.62,57105.348
56553.17,56708.312
56426.049999999996,56224.016
55766.87999999999,55709.523
56091.75,55251.785
55923.65,54874.22
55321.78,54575.29
54773.450000000004,54405.766
54628.75,54234.26
54267.42,54107.312
53931.67,54029.504
53671.36,54032.117
53332.229999999996,54091.01
53434.75,54255.746
53382.25,54505.082
53492.530000000006,54883.152
54758.68,55342.207
55829.55,55828.992
57113.73000000001,56505.156
58220.55,57355.516
58646.26000000001,58212.4
58754.78,58857.383
59053.32,59328.855
58957.9,59507.832
58754.909999999996,59467.24
58545.45,59059.55
58199.9,58549.35
57798.37000000001,57946.633
57649.74,57317.78
57231.80999999999,56511.07
56567.06,55901.316
56095.99,55418.87
55296.13,54968.66
54132.590000000004,54332.246
53183.9,53878.54
52764.69000000001,53430.66
52337.98,52959.3
51965.87,52301.613
51205.78,51843.457
51029.71,51424.465
51341.44,50973.047
51048.78,50819.7
50192.25000000001,50506.652
49611.62,50069.367
49218.17,49480.18
48375.55000000001,48617.086
47683.62,47879.26
47062.13,47202.953
46740.33,46562.17
46027.9,45814.242
45776.18,45231.31
45448.86,44741.61
44697.46,44347.996
44440.17,43917.473
43942.34,43597.316
43750.4,43350.867
43070.82,43162.473
43135.81,42947.23
42882.0,42756.8
42815.01,42609.43
42602.3,42515.633
42611.92,42407.13
42677.02,42303.324
42385.85,42193.094
42380.13,42113.273
42355.36,42048.746
42455.03,41938.96
42269.04,41827.734
41893.7,41720.7
41647.45,41709.72
41763.56,41645.66
46115.59,41586.08
46630.3,41612.242
46856.4,42539.707
47172.33,43902.543
47211.72,45086.05
43274.85,46120.043
48788.0,46941.168
48843.41,47164.188
48892.77,47725.0
49599.61,48638.56
50125.06,49497.402
50709.62,50133.887
51142.48999999999,50676.746
51628.59,51183.22
52034.479999999996,51891.977
52460.27,52540.176
52864.399999999994,53181.215
53561.85999999999,53809.805
53848.69,54633.16
53412.219999999994,55310.5
53655.5,55837.047
54545.04,56082.617
55043.44,56220.58
55418.15,56117.938
55632.579999999994,55853.926
55503.42,55436.547
55645.44,55062.168
55481.19000000001,54562.547
54905.36,54057.297
54359.73,53588.965
53917.52999999999,53250.637
53774.06999999999,52880.8
53255.28,52555.477
52862.18,52299.723
52604.39,52164.97
52658.58,52006.04
52240.9,51867.477
52505.94,51833.84
52582.49,51960.273
52838.23,52205.406
52793.2,52643.93
53284.42,53228.035
53822.33,53942.715
54654.9,54749.453
55803.02,55597.137
56600.340000000004,56459.477
56999.43,57235.477
57142.17,57987.81
57304.73,58526.125
57759.97,58800.48
57762.41,58653.87
57439.11,58464.492
57306.47000000001,58161.19
57522.22,57756.605
57289.0,57110.848
56754.04,56721.164
55871.76,56442.883
55346.2,56215.227
54777.04,55737.58
54006.07,55401.902
53423.100000000006,55082.777
53481.49,54766.008
53262.909999999996,54136.93
52821.81,53723.305
53181.10999999999,53344.516
53343.020000000004,52935.242
52971.6,52629.29
52095.09,52110.777
51428.590000000004,51554.945
50772.14000000001,50922.7
50134.01,50133.363
49521.47,49476.547
48943.09999999999,48931.3
46653.63,48446.383
46151.66,47853.36
45999.29,47193.62
45538.3,46487.207
45320.92,45950.75
45122.12,45856.49
45107.06,45574.78
44736.35,45400.996
44214.61,45343.44
44139.46,45271.152
44261.97,45213.945
44016.74,45171.984
43781.17,45169.83
43795.64,45178.695
44194.51,45175.797
44404.01,45224.555
44476.53,45448.152
44477.4,46037.34
45181.81,46856.465
45865.15,47869.996
47175.02,49105.207
47805.25,50826.773
48938.46,52655.574
50846.39000000001,54455.543
54695.22,56136.74
57584.27,58029.723
59833.18,59987.477
62296.55,61924.11
64038.35,63569.43
65540.81,64777.062
66725.51,65797.06
67290.18,66576.46
67162.75,67152.055
67251.0,67915.47
66917.96,68192.6
66974.49,68224.49
66803.5,68084.83
67359.36,68194.195
67578.84,68111.61
67845.02,68144.97
68389.46,68267.06
68413.81,68680.55
68849.58,68921.49
68909.05,69118.43
68989.61,69263.16
69350.02,69598.445
69657.1,69667.55
69811.46,69641.53
69634.36,69556.484
69591.31,69578.695
69352.26,69402.1
69144.4,69198.055
69153.9,68873.72
69317.57,68688.98
69189.35,68407.7
68427.0,68209.45
68338.46,68077.305
68514.54,67949.78
68447.72,67675.34
68167.53,67535.836
67947.37,67436.67
67769.7,67408.2
67182.9,67370.945
66907.19,67477.12
66980.83,67659.54
67586.45,67864.51
67940.44,68207.56
69031.17,68656.664
69081.2,69181.74
69348.38,69646.35
69234.99,70111.64
69143.02,70407.26
68634.79,70503.17
68377.76,70163.5
68130.11,69774.45
67948.01,69270.234
67827.02,68709.46
67113.74,67825.53
66552.4,67173.56
65868.62,66505.695
64713.81,65827.92
63508.52,64799.414
62898.54,63962.72
61889.56,63110.125
62023.77,62337.816
61438.23,61266.543
60147.26,60551.57
59255.55,59879.5
59563.740000000005,59113.824
58891.1,58464.402
57931.07000000001,57667.848
57128.82,56922.54
55571.37000000001,56123.555
54405.15,55082.14
53236.34999999999,54147.867
52493.53,53219.223
54783.86000000001,52360.395
54027.58,51394.594
53552.17,51049.086
52758.84,51011.105
51962.52,50940.066
51709.44999999999,50638.44
51164.28,50339.52
51123.94,50110.957
50910.5,49949.918
50752.19000000001,49780.54
50760.34,49717.92
50729.13,49690.797
50774.71,49712.06
50654.2,49782.79
50670.74999999999,49929.67
51146.34,50088.246
51618.58999999999,50284.664
51955.07,50752.79
52438.43,51397.734
52862.89,52212.688
54203.12,53164.42
54981.67,54435.93
56037.45,55794.17
57474.66000000001,57193.23
59906.85,58624.113
61909.94,60306.633
63946.9,61968.363
65715.34,63566.63
66804.99,65012.242
67958.09,66057.43
68572.31,66935.97
69085.69,67574.52
70014.07,68008.48
70195.4,68607.91
70326.67,68924.29
70098.17,69092.6
69894.05,69124.875
70038.51,69350.18
70227.16,69360.84
70306.78,69411.516
70822.88,69508.06
70813.98,69916.65
70866.28,70100.59
71128.31,70251.97
71016.68,70318.164
71150.61,70631.56
71248.32,70659.62
71286.18,70553.766
71533.2,70379.1
71306.45,70378.4
71343.41,70222.67
71058.76,70086.04
71166.07,69920.164
70963.51,69918.15
70599.23,69829.94
69791.81,69707.516
69655.97,69505.28
69487.93,69334.766
69520.86,69013.6
69344.68,68708.0
69431.58,68467.88
69235.84,68395.1
69049.93,68381.15
68994.12,68527.97
69599.82,68779.23
70003.51,69176.17
70951.61,69743.734
71832.32,70449.945
72959.3,71258.26
73097.02,71944.02
73280.0,72658.1
73345.58,73176.2
72758.37,73404.914
72149.46,73125.59
71996.29,72743.55
71838.6,72135.41
71594.75,71448.46
71013.1,70480.945
70429.7,69780.41
69907.01,69114.02
68582.0,68470.875
67484.01,67507.84
66605.3,66742.09
65888.93,65948.63
64908.59,65156.418
64376.62999999999,64045.965
63349.18,63158.145
62406.62999999999,62271.902
62411.99,61348.207
61593.72,60569.48
60610.53,59623.64
59566.84999999999,58779.363
58281.59999999999,57942.26
56992.06,56878.305
56254.24,56022.33
55723.549999999996,55206.848
54400.78,54525.086
53810.05999999999,53818.08
53372.22000000001,53275.535
52939.16,52779.094
52499.88,52395.254
52142.420000000006,52072.92
51849.39,51726.98
51452.12,51473.363
50678.72,51301.367
50443.26,51076.684
50667.71,50863.426
50673.03999999999,50637.598
50682.59,50517.473
50541.16,50469.867
50780.33,50476.766
50999.85,50526.684
52106.48,50712.93
52335.97,51224.316
52917.79000000001,52103.35
53292.600000000006,53293.176
54696.95,54671.73
55108.240000000005,56396.723
56290.93,58136.285
57743.11,59750.26
60675.21,61212.11
63137.99999999999,62934.63
64834.24999999999,64559.86
66801.41,66122.14
68840.98,67405.64
69882.34,68249.85
70831.85,69064.61
71145.89,69703.07
70683.39,70130.37
70835.93,70712.35
70903.23,70769.86
71089.99,70630.99
70995.8,70436.33
71083.09,70550.84
71152.75,70522.33
71175.14,70507.08
71128.57,70542.36
70949.22,70871.75
70780.26,70989.83
71091.41,71042.32
71310.48,71014.3
71576.89,71213.11
71455.46,71204.18
71494.81,71111.03
70681.53,70913.62
70507.52,70837.1
70553.08,70494.02
70617.81,70110.805
70764.15,69805.78
70150.97,69745.35
69465.53,69643.06
68876.16,69473.71
68971.55,69183.305
68845.61,68952.234
68747.53,68674.13
68635.25,68429.45
69195.68,68224.67
68899.43,68210.37
68850.44,68261.01
68801.99,68414.78
68703.97,68664.43
69102.21,69099.78
70125.41,69520.7
71465.66,70067.766
72267.22,70804.57
72759.26,71555.45
72885.34,72352.5
72942.18,72960.234
72623.87,73289.27
72518.73,73116.35
72376.62,72860.43
72354.92,72404.055
71949.19,71874.02
71112.38,71016.516
70310.75,70329.7
69770.19,69574.28
68661.12,68804.08
67597.91,67747.61
66526.81,66963.68
65697.34,66176.95
64993.36,65377.562
64522.70999999999,64259.734
63499.54,63400.156
62874.329999999994,62558.69
62544.28,61688.688
61881.71000000001,61005.49
60755.05999999999,60085.76
60188.6,59238.41
59461.93,58382.598
58317.08000000001,57334.39
57158.15,56576.027
56596.310000000005,55884.535
55961.53999999999,55225.312
55175.27,54476.04
54650.2,53953.176
54251.79,53504.074
54044.19,53116.81
53749.44999999999,52854.984
53272.39,52596.547
52905.8,52444.113
52867.56,52313.566
52423.43,52109.22
52531.8,52029.14
52451.12,51961.656
52438.19,51920.785
52433.07,51919.707
52701.5,51987.45
52783.87999999999,52093.633
53126.69999999999,52307.45
53172.13,52760.33
53502.58,53380.31
53758.91000000001,54181.73
55390.28,55191.535
56354.99,56586.285
57683.85,58190.24
58908.65,59908.824
61571.84,61589.44
64249.83,63501.062
66048.11,65317.35
67867.77,67079.836
69613.59,68584.03
70875.39,69573.11
71842.56,70395.03
71977.52,71020.48
72204.33,71479.77
72476.89,72049.695
72678.59,72148.586
72855.32,72089.47
72940.11,71953.76
73013.36,72081.68
73133.6,72060.234
73216.31,72075.3
72981.17,72102.05
73113.89,72446.836
72845.83,72518.664
73119.51,72556.086
72576.28,72567.37
72946.88,72771.39
73335.27,72680.9
73375.02,72543.97
72446.47,72413.71
72539.82,72418.484
72189.04,72121.81
72111.7,71811.73
71818.6,71558.266
71988.1,71518.11
71740.66,71370.38
71247.56,71284.16
71391.4,71185.56
71241.44,71142.49
71149.67,71023.79
71079.92,70930.336
71305.96,70845.69
70803.79,70936.58
70453.89,70992.84
70738.73,71087.3
71299.59,71213.49
72015.54,71554.0
72680.19,72013.484
73956.03,72695.95
74595.66,73466.66
74616.54,74130.74
74996.61,74794.24
75320.45,75250.34
75155.74,75522.87
74725.01,75341.305
74669.88,75132.71
74565.7,74707.66
73648.1,74190.93
72766.39,73320.82
72188.26,72597.79
71626.33,71742.56
70032.06,70938.68
68998.27,69874.266
67945.42,69027.43
66938.78,68160.766
66223.97,67323.91
65377.4,66139.33
64753.3,65261.266
63815.399999999994,64302.535
63825.00000000001,63390.664
63293.93000000001,62680.41
62262.16,61797.805
60881.299999999996,61010.363
59979.59,60233.867
58844.3,59108.96
58149.24999999999,58209.734
57111.87,57410.9
56441.82,56687.53
56127.96,55882.43
55648.51999999999,55335.152
55215.69,54906.58
54696.71,54605.22
54395.58,54378.645
53948.77,54215.75
54099.07,54108.516
53459.59,54020.832
53501.74,53922.92
53408.14,53873.445
53424.22,53830.742
53623.37000000001,53826.664
53520.82,53841.504
53524.25,53950.805
53779.56999999999,54093.555
53951.99,54280.95
54009.13,54742.902
54595.14000000001,55365.21
55157.509999999995,56121.973
56024.100000000006,57052.86
56544.27,58412.02
57558.69,59816.363
59153.33999999999,61187.98
62124.85999999999,62473.27
64290.15,64154.15
66326.4,65817.89
68101.31,67406.86
70651.08,68781.88
71832.17,69819.35
72857.95,70703.49
73232.6,71475.1
73281.82,72063.9
73626.6,72766.27
73832.3,73011.58
73628.79,73136.63
73087.95,73189.125
73187.45,73442.28
73683.82,73351.23
73629.64,73277.5
73215.46,73308.87
73535.39,73649.92
73599.8,73697.54
73877.04,73693.414
73961.04,73678.234
74006.83,73859.36
74035.28,73785.68
73803.03,73622.47
72777.95,73344.19
72086.5,73171.2
71929.5,72634.38
72000.61,71926.39
72440.76,71264.555
71779.42,70881.766
71639.11,70547.46
70844.47,70221.1
70709.92,69920.37
70476.47,69697.83
70477.32,69451.02
70173.27,69379.375
70554.45,69449.6
69968.87,69681.12
69960.87,70026.19
69924.83,70405.91
71010.36,70806.05
71577.7,71195.36
72382.41,71707.78
72903.13,72304.14
73154.48,72889.055
73087.71,73177.164
72819.52,73336.89
72609.46,73255.055
72004.41,72954.13
71564.66,72215.836
71404.11,71489.37
71452.09,70723.664
69994.88,70023.39
69368.61,69140.766
68592.0,68381.56
67744.94,67610.55
66487.68,66938.83
65451.490000000005,65957.266
64615.969999999994,65176.88
63705.170000000006,64394.684
62678.35,63676.51
62147.89000000001,62654.855
61276.59,61877.48
60791.51,61126.22
59703.92,60391.844
58902.05999999999,59979.02
58075.77,59340.977
57190.189999999995,58531.477
56584.63999999999,57658.477
55345.61,56487.12
54898.06,55563.004
54126.59,54684.02
53468.44,53926.38
52825.18,53053.46
52299.21,52389.75
51768.06,51830.29
50803.49,51365.85
50272.43,50192.92
50029.20999999999,49719.477
49670.25,49334.16
49038.79,49082.797
48704.03,48815.625
48586.44,48593.113
48641.91,48389.336
48072.38,48232.15
47851.240000000005,48113.316
47857.98000000001,47989.13
47882.880000000005,47815.89
47646.6,47674.754
47684.58,47647.945
48003.8,47626.855
48315.9,47630.35
48386.38,47726.12
48309.25,48078.395
48082.799999999996,48464.69
48328.34,48871.164
48905.509999999995,49263.758
49418.51999999999,49945.676
49578.97,50745.72
50462.16,51607.87
51939.55,52437.855
52629.23,53299.805
53326.63999999999,54184.04
53994.19,55063.402
54930.88999999999,55822.336
55638.17,56710.883
56131.79000000001,57418.38
56962.56,58011.582
57643.35999999999,58449.76
58173.93,59033.555
58822.96000000001,59459.996
59366.96,59816.664
59653.3,60141.727
59782.04,60655.617
60096.66999999999,60936.332
60664.97000000001,61080.04
61029.73,61130.836
60893.68000000001,61303.684
61272.54,61327.867
61457.46,61173.195
60809.1,60946.23
60514.86000000001,60781.938
59951.74,60350.688
60043.259999999995,59786.633
59911.149999999994,59203.535
59136.18,58815.312
58598.59,58444.33
57938.62000000001,58071.734
57531.95,57719.664
56833.84,57506.465
56751.99,57339.367
56629.71,57227.547
57315.06,57234.547
57209.09,57390.746
57082.57,57759.418
57233.850000000006,58238.25
57999.55,58697.266
58863.57,59166.695
59702.79,59723.63
60448.58,60347.35
61361.98999999999,60967.63
61405.46,61336.81
61940.16,61627.383
61975.38,61725.4
61916.58,61641.195
61644.28,61242.938
61557.32,60820.535
61615.81,60300.86
60671.28999999999,59751.145
59641.81,59044.21
59108.850000000006,58430.93
58610.409999999996,57783.84
56816.27,57252.633
55725.23,56582.63
55017.3,56013.426
54222.92,55413.51
53514.83,54908.73
53431.909999999996,54217.504
52948.28999999999,53690.914
52439.6,53234.613
52493.19,52807.535
51922.14,52637.312
51430.16000000001,52172.637
50459.37,51500.785
50020.16999999999,50739.637
49033.18,49725.92
48753.43,48822.246
48041.28,47991.695
46491.76,47285.297
45176.47,46533.457
44515.29,45800.67
44065.97,45039.895
44038.57,44360.508
43537.67,43612.16
43102.01,43169.57
42538.2,42865.023
42071.03,42637.76
42151.97,42332.332
42033.67,42086.805
41828.67,41936.332
42142.06,41873.52
42031.22,41797.176
42302.3,41781.79
42531.23,41794.945
43423.75,41814.484
43587.51,41894.58
43794.77,42057.227
43435.32,42270.99
43727.31,42450.58
43955.78,42637.473
43979.32,42796.21
43611.39,43039.688
43526.27,43467.66
43804.38,44020.74
44539.4,44481.168
44615.9,44966.22
45582.85,45569.633
46300.39,46007.1
46736.22,46892.863
47364.9,47685.605
48798.149999999994,48346.32
49173.81,49122.957
49812.91,49843.797
50868.13,50520.95
52206.1,51105.27
52759.01999999999,51990.387
53705.44,52860.965
54354.03,53755.652
55448.10999999999,54616.805
55921.57,55683.867
56123.5,56597.7
56656.57000000001,57322.715
57174.719999999994,57794.824
57733.88999999999,58204.465
58234.259999999995,58256.242
58481.68,58117.32
58563.76,57857.734
58485.86000000001,57638.76
58087.78,57251.082
57727.579999999994,56827.812
57330.88,56398.016
56877.29,56114.098
56790.27,55798.414
56497.99,55516.348
56241.36,55310.1
55974.719999999994,55264.86
55344.89,55172.54
54892.32,55117.32
54707.53,55095.527
54198.240000000005,55253.977
54354.28,55467.098
54428.02,55780.33
55059.2,56257.965
55877.63,56829.367
56581.770000000004,57513.875
57767.65,58299.297
58188.72,59085.645
58653.92,59751.043
58647.37,60377.484
58978.1,60821.01
59152.8,60993.96
59069.2,60783.953
58417.689999999995,60521.96
58206.13,60130.574
57910.15,59625.85
57648.24,58844.973
57000.06,58282.543
56650.35,57826.688
55792.94,57449.445
55103.83,56874.113
54210.46,56521.67
53509.51999999999,56186.8
53568.63999999999,55821.832
53392.17999999999,55145.49
53198.37,54686.074
53111.16,54256.258
53658.84,53808.688
53491.13,53418.348
52780.79,52825.51
51747.07,52280.465
50732.25,51677.426
49663.799999999996,50755.82
48874.689999999995,49933.023
48873.9,49164.76
48571.93,48471.598
48241.729999999996,47753.355
47548.02,47306.938
47276.76,46988.938
46614.01,46705.496
46593.22,46784.12
46008.62,46548.72
45875.11,46398.234
45695.35,46297.84
45614.46,46199.523
45775.38,46224.402
46387.66,46295.1
46462.3,46405.52
45997.63,46636.184
46558.53,46887.023
47154.52,47056.53
47881.8,47305.523
48105.43,47933.594
48568.26,48858.88
49412.74,50060.508
50798.509999999995,51456.47
52068.0,53325.2
53230.270000000004,55295.492
54675.19,57280.242
57516.93,59113.586
60144.93,61152.258
62179.19,62994.793
63889.39,64697.016
66741.11,66140.625
68409.71,67090.57
69866.32,68025.914
70384.74,68812.08
70749.06,69417.85
71218.91,70181.62
71324.12,70487.76
71187.86,70607.54
70742.55,70658.086
70943.68,70960.29
70896.62,70987.41
71312.77,71028.766
72027.04,71095.59
72148.77,71516.31
72390.5,71812.33
72429.45,72027.2
72132.77,72158.664
72240.53,72511.02
72359.43,72474.53
72251.72,72365.98
72217.29,72180.805
71600.52,72134.805
72466.28,71871.85
71845.49,71562.11
72421.4,71295.78
72312.52,71263.84
71823.7,71169.64
71045.37,71102.13
71355.2,70887.23
71368.56,70692.22
71185.72,70475.52
70623.34,70346.17
70537.74,70241.34
70162.25,70152.74
70142.59,70085.445
70121.62,70073.5
70322.46,70210.29
70920.07,70435.73
71394.39,70781.625
71968.55,71304.33
72647.22,71950.016
72985.1,72365.84
73098.93,72841.68
72948.92,73161.336
72639.87,73299.86
72378.6,72968.695
72317.53,72595.11
71713.65,72098.12
71228.75,71546.57
70359.97,70638.09
69715.46,69902.734
69113.94,69129.664
67789.43,68384.01
66538.34,67350.76
65822.09,66563.23
64632.68000000001,65749.26
63686.149999999994,64994.45
62522.77,63897.227
61415.80000000001,63005.055
60586.73,62035.2
60358.00000000001,61025.582
59163.25,60200.945
57911.77,59175.242
56825.24999999999,58174.566
55810.08,57110.645
54907.09,55823.78
54207.19,54782.285
53996.87,53877.52
53120.73,53164.258
52909.439999999995,52551.117
52798.97000000001,52103.33
51858.73999999999,51762.066
51011.96000000001,51584.89
50577.5,51293.33
50175.84,50972.824
49771.520000000004,50697.438
49026.85999999999,50488.535
48912.23,50266.137
49048.03,50065.64
49325.670000000006,49887.74
49566.8,49799.793
49431.95,49816.637
49662.86,49880.598
49776.01,49957.984
50805.380000000005,50129.996
51259.67,50599.324
51529.16000000001,51356.27
51840.28999999999,52391.113
54072.88,53555.293
54614.76,55064.027
55276.96,56824.254
56742.15,58589.75
60002.1,60070.508
62139.14,61715.69
64228.74,63397.574
65900.32,65053.793
67438.55,66471.695
68403.75,67502.63
69162.24,68292.555
69603.28,68829.72
69895.19,69165.12
70301.2,69731.16
70215.16,69933.77
70693.08,70004.16
70946.87,69932.01
71166.18,70210.54
71434.71,70348.22
71652.81,70498.62
71708.15,70652.1
71756.13,71125.32
71611.22,71311.79
71460.44,71398.33
71089.64,71386.45
71231.88,71522.4
71501.92,71364.76
71168.92,71138.18
71115.65,70924.34
70863.27,70819.805
70753.39,70523.19
70838.53,70231.55
71017.77,69937.72
70921.22,69903.055
70406.43,69805.99
70277.77,69715.99
70633.76,69545.55
70556.56,69467.49
70168.06,69372.35
70238.45,69303.34
69718.14,69182.85
69584.53,69216.33
69441.98,69182.25
69424.55,69219.44
70134.91,69384.35
70819.79,69784.73
72004.43,70382.516
72991.66,71178.445
74047.59,72126.16
74691.03,72954.37
74691.79,73810.055
74986.08,74480.555
74920.95,74823.58
74652.53,74702.08
74492.44,74505.66
74636.45,74114.48
73910.82,73601.02
73563.66,72784.28
73166.35,72132.75
72257.17,71448.46
70804.02,70839.04
69513.33,69865.11
68480.72,69078.37
67777.16,68237.375
66472.99,67426.13
65634.64,66290.766
64962.42,65408.22
64043.59,64460.312
62720.23999999999,63539.83
61985.51000000001,62809.2
60833.25,61709.223
59884.67,60594.984
58838.0,59505.387
57948.380000000005,58196.934
56955.67,57170.484
56353.56,56274.312
55214.45,55532.082
55049.81999999999,54685.7
54097.85,54049.004
53625.61,53572.27
53110.5,53208.16
52676.91,52863.266
52329.71,52504.504
52158.76,52269.027
51727.95,52109.957
51590.12000000001,51927.145
51757.78999999999,51848.285
52138.36,51810.34
52473.97,51840.344
52526.24,51952.875
52739.06999999999,52127.35
53050.28,52308.36
53390.4,52527.934
53365.87,53012.523
54020.68,53664.105
54493.280000000006,54470.85
55431.68,55493.8
55782.69,57007.71
56652.97,58637.13
58309.51000000001,60214.863
61116.28,61676.95
63075.84,63484.55
64830.88,65249.617
66774.48,66860.79
69496.09,68177.46
70746.15,69143.87
71453.56,70095.19
72112.14,70846.88
72988.71,71260.37
72977.51,71802.53
73142.63,72043.91
73189.29,72077.67
72860.93,71986.555
73041.77,72227.29
73351.69,72152.3
73256.21,72118.234
73346.07,72196.08
73554.88,72615.445
73642.07,72783.94
73810.97,72941.63
73907.24,73058.01
73974.43,73428.13
74029.23,73476.875
73881.52,73389.63
73588.68,73213.875
73347.7,73151.38
73265.1,72815.48
73125.25,72468.92
73563.3,72137.125
73352.19,72012.94
72913.85,71867.234
72234.48,71747.27
72861.3,71560.45
72563.39,71437.28
72496.52,71282.734
72360.09,71166.22
72590.12,71031.79
72350.46,71006.164
72601.18,71004.02
72419.38,71087.15
72759.92,71305.95
73224.61,71553.48
73748.6,71925.82
74022.39,72444.66
73865.88,73053.79
73858.22,73456.43
73915.24,73810.24
73620.61,73980.8
73722.06,74012.484
73318.56,73639.97
73144.0,73332.93
73030.75,72892.45
72412.52,72356.875
71955.46,71484.82
71190.91,70777.21
70442.23,70042.78
69130.91,69330.164
68087.4,68258.97
66979.71,67413.016
66483.62,66575.36
65174.87000000001,65774.79
64180.58,64692.043
63187.77,63844.46
62529.56999999999,62915.31
62492.91999999999,61969.59
62069.81,61241.938
60713.3,60316.203
59353.71000000001,59471.855
58190.26999999999,58571.2
57150.35,57369.113
56322.4,56369.38
55653.84,55444.137
54688.46,54656.152
54259.88,53771.637
53724.88,53108.723
52815.950000000004,52584.113
52391.38,52210.84
52057.66,51887.41
52042.37000000001,51519.76
51560.07,51248.617
51706.219999999994,51088.97
51536.6,50877.56
51300.21,50801.188
51318.1,50822.27
50756.62,50844.34
50836.85,50903.188
51251.21000000001,50948.785
51335.16,50999.36
51329.48999999999,51194.97
51671.83000000001,51633.574
52059.74,52154.723
52641.66999999999,52837.367
54378.55,53761.023
55181.70999999999,55182.914
56127.94,56859.24
57768.77,58648.25
60527.89,60335.234
62931.78,62338.465
64831.78,64311.344
66602.96,66170.51
68696.53,67753.58
69920.07,68820.98
70902.85,69733.03
71675.81,70426.555
72093.2,70909.59
72342.69,71556.59
72645.94,71784.24
72669.7,71864.03
72239.3,71872.46
72545.68,72152.586
72997.85,72064.13
73109.79,72056.02
72800.82,72170.74
72838.06,72604.92
73099.72,72717.016
73228.78,72759.055
73871.8,72835.27
74193.25,73128.07
73794.57,73215.01
73459.79,73263.39
73369.91,73159.91
73575.9,73096.016
73618.06,72832.41
73297.53,72593.086
73332.71,72395.055
73223.18,72396.08
72769.74,72307.97
72387.25,72250.766
72045.56,72116.914
71816.09,72087.445
71619.95,71925.97
71288.43,71739.15
71473.21,71577.38
71143.03,71499.45
71097.54,71421.61
70909.36,71423.44
71375.76,71514.09
71944.42,71703.01
72521.93,71993.53
73459.33,72481.99
73438.62,73060.625
73190.55,73544.195
73251.28,73991.71
73401.52,74225.0
73632.15,74286.45
73539.57,74011.89
73667.48,73821.95
73484.0,73490.164
73572.37,73075.95
72912.0,72304.1
72274.33,71743.78
71378.23,71149.45
70372.62,70520.984
69622.29,69467.52
68700.62,68683.305
67537.72,67923.055
66276.7,67225.37
65594.7,66144.984
65015.34,65250.938
64348.47,64342.773
62987.98000000001,63478.234
62149.93,62847.76
61328.170000000006,61847.47
60559.340000000004,60799.746
58855.729999999996,59779.62
57807.29,58590.484
57029.41000000001,57593.09
56472.45999999999,56640.793
54292.079999999994,55846.04
53862.76,55006.074
53829.19,54265.723
52966.92,53578.516
52182.91,53136.996
51886.75,52807.98
51729.4,52484.797
51569.85,52232.355
50732.66,52090.027
50439.41,51949.656
50731.07,51811.977
50887.84,51651.438
51080.69000000001,51611.8
51120.24999999999,51687.445
51532.15000000001,51835.793
51880.54,52009.258
52294.69000000001,52258.875
52335.2,52727.95
52583.16,53344.992
52610.88,54117.42
54027.08,55033.074
54774.590000000004,56307.01
55530.26,57743.254
57438.07,59280.207
59859.89,60739.93
62351.89,62599.84
63445.94,64371.32
65283.59,66045.61
68383.39,67373.48
69916.04,68347.31
70482.59,69245.98
71178.68,70091.945
72253.01,70682.05
72750.87,71405.39
72858.3,71856.49
73195.7,72206.766
72960.05,72376.81
72841.62,72745.13
73088.27,72814.86
73166.65,72813.57
73619.82,72813.31
73620.35,73095.445
73701.86,73196.98
73606.99,73247.54
73622.19,73237.35
73487.24,73402.016
73426.86,73282.625
72858.43,73029.38
72007.9,72657.38
71615.39,72340.7
71392.95,71691.42
71007.34,70994.14
70803.21,70377.37
70201.4,69969.09
70092.05,69505.56
68992.3,69077.02
68730.68,68685.1
68466.38,68378.766
68273.47,68057.59
68196.29,67882.04
67983.24,67834.71
67605.53,67977.4
67873.57,68170.75
67955.8,68423.97
68324.55,68779.516
68915.84,69170.31
69715.82,69601.72
70338.14,70072.05
70487.98,70537.13
70382.83,70758.55
70069.72,70887.38
70041.06,70793.836
69401.39,70494.055
69037.01,69832.89
68875.48,69179.945
68560.68,68489.305
68103.49,67859.87
67330.54,66973.414
66393.5,66331.47
65914.96,65707.1
65025.93000000001,65066.855
63889.67,64151.562
62871.37,63492.38
62301.4,62820.59
61609.54,62132.56
61162.97,61156.094
60454.14000000001,60466.418
59671.62,59799.605
59055.96,59175.78
58034.58,58880.145
57297.58,58274.938
56163.200000000004,57500.19
55218.23000000001,56650.25
54332.44999999999,55499.164
53736.07,54497.094
52987.70999999999,53575.59
51230.88,52793.81
50330.780000000006,51923.266
49769.06,51127.617
49380.97,50326.293
48489.3,49640.73
48158.91,48464.46
47901.93,47902.203
47582.61,47498.754
46948.59,47244.61
46469.86,46985.25
46568.67,46810.434
46673.77,46654.54
46549.94,46566.793
46310.96,46519.004
46427.4,46508.688
46711.69,46444.61
47303.06,46403.18
47736.71,46477.617
47384.51,46647.43
47440.16,46898.297
47833.75,47105.53
47730.35,47412.043
47632.77,47761.05
47800.41,48132.72
47745.28,48527.723
48210.99,49214.176
48146.51000000001,49902.87
48935.77999999999,50584.285
50630.32,51284.637
51159.54000000001,52045.574
52021.92,52881.973
52964.36,53768.215
54053.11,54617.26
55027.62,55674.223
55686.68,56554.03
56585.200000000004,57306.445
57361.01000000001,57925.344
57860.68,58653.516
58576.91,59203.387
59267.51,59658.01
59827.87,60045.668
60110.24,60605.98
60230.67,60988.934
60478.94,61241.164
61158.950000000004,61352.61
61659.66999999999,61544.33
61872.05,61540.45
62020.15,61483.363
61596.7,61317.027
61516.30000000001,61163.453
60926.08,60784.582
60280.39,60282.598
59824.61,59777.746
59770.54000000001,59360.98
60040.170000000006,58895.18
59607.92,58539.965
59157.65000000001,58357.035
58622.42,58303.79
58418.35,58225.074
57994.96,58199.984
57973.67,58267.062
57862.549999999996,58453.01
58240.51,58717.95
58353.53999999999,59089.836
58689.829999999994,59553.707
59456.75,60043.71
60539.85999999999,60571.64
60905.479999999996,61150.406
61715.54,61745.12
62368.12999999999,62090.234
62501.79,62342.54
62826.780000000006,62508.61
62465.50000000001,62499.336
61825.96,62129.348
61528.65,61708.926
61088.53,61113.008
60531.56,60463.008
60014.96000000001,59581.45
59386.41,58854.324
58524.38999999999,58244.797
57280.71000000001,57742.797
56215.53,56991.94
55024.84999999999,56427.51
54313.84,55873.773
53993.0,55339.637
53458.35,54566.727
53475.920000000006,54077.027
53048.94,53645.934
53602.079999999994,53245.98
53120.490000000005,53165.555
52589.40000000001,52848.38
51730.34,52345.56
50719.76000000001,51659.2
49871.4,50641.55
49743.329999999994,49676.29
49083.90000000001,48774.555
47291.07,48029.96
46404.28,47183.27
45784.49,46362.05
45250.67,45572.434
44552.76,44909.31
43660.13,44186.438
43192.9,43685.65
42819.05,43255.03
42515.92,42869.746
42031.0,42469.15
41746.31,42192.504
42079.66,41983.766
42053.03,41807.65
42320.55,41709.79
42086.72,41691.242
42110.58,41726.496
42229.21,41734.633
42313.93,41762.047
42975.1,41790.188
43610.75,41787.69
43335.08,41832.56
42717.64,42155.473
42568.51,42449.086
43052.44,42600.3
43262.33,42715.586
43595.2,43073.246
43252.63,43568.203
43709.11,44165.75
44899.04,44719.43
45403.77,45310.926
46363.66,46217.242
47070.34,47097.73
48065.170000000006,47916.527
48634.84,48911.008
49444.01,49675.37
50107.34,50316.812
51073.44,50922.883
51406.26999999999,51783.074
52344.29,52546.305
52693.36,53310.766
52844.55000000001,54098.992
53443.58,55089.965
54190.90000000001,55777.6
55076.12,56335.723
55123.58000000001,56789.492
55972.11,57242.594
56409.58,57326.44
56457.49,57169.39
56680.83,56862.01
56060.66,56544.36
55743.77,56098.906
55522.63,55578.582
55000.23,55027.496
54231.37999999999,54677.79
54012.57,54323.4
53588.25,53983.387
53128.170000000006,53683.99
52759.45999999999,53521.727
52882.25,53333.395
52514.28,53184.75
52291.16,53155.188
52155.93000000001,53300.09
52663.37,53513.21
53113.05999999999,53875.605
54040.229999999996,54436.305
54426.49999999999,55162.336
55638.93,56059.44
56884.81,56967.09
58423.079999999994,57887.973
58490.71,58721.45
58459.49,59610.1
58980.98999999999,60268.9
59056.719999999994,60579.414
58763.87,60492.516
58596.30000000001,60315.617
58182.43,59942.836
57789.65,59491.453
57333.04,58787.867
56754.36,58243.367
56476.66000000001,57764.816
55973.28,57367.008
55130.87,56810.27
54495.05,56520.016
53898.32,56217.805
53618.46000000001,55900.73
53075.74,55295.516
52569.02999999999,54830.965
52675.39,54329.176
53256.78,53759.105
53182.34,53306.055
52378.16,52697.727
51364.299999999996,52144.83
50053.42,51513.887
49481.44,50589.984
48523.64,49716.15
47598.26,48938.457
46780.84,48294.5
46347.75,47468.684
45858.06,46766.848
44975.51,46187.297
44254.18,45725.457
43831.58,45567.438
43722.95,45107.418
43570.14,44721.11
43720.07,44487.637
43705.5,44349.555
43672.29,44352.25
43455.14,44454.105
43500.12,44597.754
43624.41,44705.797
43911.24,44756.496
44332.68,44854.008
44946.46,45078.5
45655.13,45637.547
46244.01,46465.36
46895.62,47617.906
48587.42,49090.13
49143.490000000005,51013.96
50380.159999999996,53108.496
52213.700000000004,55121.8
56410.63,56939.37
58976.48000000001,58965.945
60757.39,61062.734
62717.78,63039.98
65062.939999999995,64602.32
66602.49,65706.305
67808.69,66637.195
68722.54,67399.34
69676.45,67972.195
69804.86,68761.81
69840.01,69248.6
69933.69,69509.016
69905.24,69566.38
70209.06,69855.95
70129.94,69910.445
69857.8,69967.914
70584.1,70077.445
70577.82,70414.375
70480.76,70613.15
70541.59,70784.34
70375.42,70849.98
70184.84,71067.586
70205.43,70985.984
70016.07,70772.86
69938.08,70452.61
69801.68,70268.7
69723.31,69889.63
69974.28,69527.66
70305.2,69145.695
70057.3,69028.53
69910.54,68904.73
69087.85,68793.75
68583.25,68650.516
68317.2,68538.3
67946.99,68258.35
67510.79,67978.45
67810.82,67701.95
67621.42,67520.266
67204.25,67407.086
67172.34,67469.39
67718.39,67638.414
68538.79,67895.77
69214.21,68351.03
69704.04,69016.54
70088.45,69754.65
70239.04,70268.99
70202.05,70747.266
70176.13,71039.64
70003.15,71134.46
69672.85,70789.59
69572.5,70432.375
69579.05,69926.76
68762.59,69355.62
68099.38,68463.336
67622.04,67700.06
66972.19,66910.3
66027.58,66174.24
64917.62,65163.273
63663.10999999999,64395.06
62991.64,63647.125
62213.6,62877.6
61229.13,61828.72
60351.62,61010.63
59478.58000000001,60150.184
59345.43,59257.73
58219.469999999994,58515.53
56835.43000000001,57574.305
55804.97,56645.754
54845.399999999994,55640.29
53681.57,54380.16
52966.12,53377.824
52185.02,52476.9
50408.02999999999,51704.895
49554.71,50845.215
48902.02,50085.31
48192.57000000001,49370.434
47864.85,48771.21
47517.78,48113.082
47175.58,47614.1
47006.64,47281.363
46325.08,47062.21
46369.51,46887.305
46418.11,46753.72
46801.19,46644.11
47211.49,46623.535
47530.74,46699.668
47481.26,46883.035
47611.98,47145.29
47858.48,47455.906
48192.02999999999,48008.805
48725.78,48712.637
49570.02,49601.223
50642.49,50696.88
51436.950000000004,52255.58
52418.58,53865.242
53939.48,55421.297
57286.84,56872.246
59383.25,58612.105
61408.59,60410.902
63471.14,62152.94
65060.38,63688.39
66092.99,64882.914
67238.63,65805.11
68268.13,66456.98
69216.23,66963.65
68851.34,67747.35
68865.74,68270.58
68634.42,68506.34
67677.24,68561.75
68464.58,68814.85
68610.56,68729.3
68725.93,68706.97
68904.31,68849.33
68730.12,69232.0
68926.05,69424.07
69189.99,69503.45
69613.61,69542.93
69436.89,69794.1
69605.01,69811.73
69979.41,69706.93
69382.1,69515.664
69182.69,69492.02
69374.64,69200.33
69024.7,68834.99
68601.72,68533.79
68433.72,68388.125
68086.51,68165.02
67703.96,67937.17
67706.71,67698.53
67403.37,67550.59
67043.52,67303.64
66974.53,67056.86
67352.38,66831.86
66954.59,66733.65
66754.2,66716.5
66555.24,66852.48
67015.38,67095.32
67743.85,67393.27
68978.57,67864.56
69898.3,68513.875
70765.38,69293.836
71128.28,69967.016
71540.1,70664.8
71483.15,71160.43
70525.35,71453.21
70231.82,71270.79
70083.37,70888.55
70582.34,70305.29
70245.02,69703.836
69412.66,68875.37
68345.5,68279.84
67480.75,67638.37
65903.44,66884.37
64844.99,65744.21
63697.490000000005,64801.39
62029.530000000006,63866.195
60735.69999999999,62984.17
59735.369999999995,61680.918
59355.6,60558.64
58412.44999999999,59458.285
57767.31,58471.91
57197.49,57691.277
56309.8,56705.215
54954.62,55739.406
53660.399999999994,54838.477
53321.99,53683.8
52436.53,52662.31
51457.15,51795.355
50049.68,51076.22
49611.30000000001,50216.844
48928.55,49506.32
48396.62,48892.11
47503.71,48446.906
46829.21,48022.21
46682.43,47567.562
46531.51,47167.207
46074.63,46921.156
46468.77,46742.11
46419.84,46642.18
46097.16,46624.215
46347.6,46667.457
46384.62,46667.137
46161.84,46712.754
46120.1,46817.824
46376.95,46963.094
46381.54,47312.066
47328.0,47866.117
48022.06,48669.605
49468.12,49809.934
49742.52,51448.793
50673.89,53180.32
52522.35,54789.55
56923.28,56194.76
59316.16,57927.996
61245.39,59855.3
62787.4,61766.76
65031.21000000001,63315.242
66146.2,64437.66
66935.03,65353.574
67615.23,66058.195
68220.72,66553.414
68185.76,67240.74
68219.86,67567.55
68427.94,67650.42
68436.62,67566.97
68365.97,67767.58
68657.48,67795.19
69049.16,67808.79
68770.88,67869.77
68670.62,68298.93
68714.93,68485.23
68896.4,68543.87
69060.86,68513.53
69106.13,68685.2
69190.88,68621.73
68938.5,68467.4
68405.69,68237.61
68089.78,68107.36
67959.89,67731.016
67890.11,67306.74
67543.32,66936.8
67148.34,66792.39
66942.16,66526.55
66345.54,66222.266
66401.82,65928.266
66334.58,65744.125
66206.53,65468.2
66150.24,65250.652
65594.78,65088.32
65254.42999999999,65100.35
65117.53,65020.117
64955.63,64981.13
65093.52,65077.344
65602.79,65373.293
66322.35,65790.12
67452.53,66365.086
68896.13,67051.41
69397.17,67685.164
69770.32,68471.04
69650.72,69156.086
69296.06,69595.36
69226.08,69544.79
69084.25,69297.68
68655.79,68862.43
67922.81,68354.15
67312.99,67474.61
66768.47,66706.234
66438.87,65920.875
64923.19,65213.176
64312.38,64279.406
63573.71,63524.65
62529.69999999999,62792.027
61339.509999999995,62126.13
60491.67,61088.324
59688.87999999999,60208.496
58642.25,59295.766
58075.659999999996,58414.965
57022.549999999996,57653.277
56085.12,56663.324
54998.48999999999,55654.223
53438.94,54651.438
52794.94000000001,53466.824
52190.88,52430.566
51607.6,51531.83
50202.94,50824.8
49373.700000000004,50051.195
49174.14,49416.965
48952.259999999995,48825.336
48397.6,48384.473
48176.18000000001,48126.62
47959.27,47904.797
47669.55,47772.57
47118.39,47708.273
47013.13,47626.555
47256.53,47571.52
47358.57,47501.44
47596.09,47508.11
47551.89,47563.99
47933.08,47681.562
48112.149999999994,47822.996
48473.16000000001,48046.73
48908.32,48515.082
49367.149999999994,49197.844
49826.28999999999,50162.625
50812.3,51400.1
51322.47000000001,53082.98
51975.51,54829.285
53728.75,56483.984
56967.61,57938.53
58545.5,59734.92
60240.43,61537.062
62234.1,63112.848
64383.95999999999,64312.13
65325.97,65188.285
66377.72,65998.234
67158.39,66625.17
67815.42,67087.84
67877.62,67765.81
67801.73,68108.99
67826.43,68227.89
68172.69,68169.73
68338.18,68321.92
68489.2,68317.8
68530.45,68388.7
67820.95,68479.04
67442.27,68810.836
67372.43,68814.875
67488.62,68684.53
66824.02,68522.96
66631.13,68571.055
66714.08,68303.68
66448.34,67887.07
66129.49,67444.34
66003.25,67132.07
65871.84,66668.48
65579.15,66224.77
66282.51,65854.65
65715.92,65627.445
65264.41,65476.273
64922.98,65340.008
65373.88,65121.15
65024.27,64982.902
64619.15,64878.984
64373.32,64800.266
64598.780000000006,64691.87
64326.35,64706.97
64609.04,64776.695
64876.82,64953.695
65330.9,65232.984
65724.55,65672.016
66817.96,66228.23
67725.13,66879.32
67570.11,67635.39
67891.33,68215.51
68085.62,68669.37
68170.34,68901.625
67680.98,68973.35
67448.09,68693.19
67369.87,68337.75
67145.36,67884.664
66763.4,67396.54
65567.82,66605.305
65037.39000000001,65939.984
64718.19999999999,65151.773
63028.08000000001,64353.668
61572.79000000001,63307.195
60714.86,62429.39
59684.69,61469.996
58410.51,60517.457
57673.84999999999,59283.195
57332.41,58235.02
56243.76,57212.74
55640.80000000001,56312.32
55087.82,55478.363
53958.26,54417.15
52934.38,53420.723
52213.13999999999,52439.09
51272.48,51237.72
50086.65,50293.73
49005.869999999995,49493.03
47778.64,48764.066
47340.3,47849.555
46609.41,47105.34
46343.78,46552.367
46164.7,46129.93
45952.16,45845.01
45840.27,45726.51
45315.96,45715.88
45027.04,45757.906
44598.63,45702.188
44551.07,45655.625
44535.15,45576.484
45094.5,45480.387
45115.14,45440.746
45650.22,45520.816
45727.98,45689.727
46072.53,45976.18
46321.49,46487.805
46779.89,47125.14
47440.21,47922.918
48543.94,48876.1
49208.86,50214.195
50083.399999999994,51612.45
52089.840000000004,52949.215
54399.38,54213.895
55849.24999999999,55893.71
56952.97,57534.72
58596.659999999996,58949.516
60473.78,60066.582
61871.79,61018.59
62891.25,61834.94
63504.63,62586.777
64122.56,63241.977
64269.57,64096.152
64304.9,64627.695
64304.85,64930.703
64249.04,65054.863
64396.85,65312.67
64566.91000000001,65353.45
65039.119999999995,65384.258
64767.6,65439.953
64177.63,65770.01
64019.41,65833.625
64017.09,65700.3
63827.15,65437.684
63968.65,65355.305
64053.380000000005,65056.395
63830.850000000006,64697.977
64027.18,64267.41
63928.04,63889.89
63614.71,63406.277
63347.670000000006,62949.355
62931.84,62495.883
62397.549999999996,62159.387
61988.89,61782.79
61639.73999999999,61415.895
61884.64,61095.465
61218.91,60919.934
60892.97,60874.336
60779.25,60911.31
61074.73999999999,61006.984
60239.44999999999,61217.67
60427.77,61567.566
60596.26,61944.414
61198.91000000001,62346.984
61487.08000000001,62703.246
62223.82,63156.246
62761.88,63610.965
63419.98,64019.51
62998.99,64142.48
63003.45,64204.535
63134.59,64015.758
62747.95999999999,63623.1
62221.69,62924.03
62022.66999999999,62267.113
61427.37,61580.906
60733.84,60933.79
60345.18000000001,60059.043
59392.96,59333.51
58839.13999999999,58700.414
57410.649999999994,58135.96
56476.98,57305.51
55559.48999999999,56598.098
54744.18,55878.832
54009.36,55192.992
53424.48,54244.863
53087.05999999999,53465.844
52418.23,52736.805
52152.74999999999,52041.17
51714.61,51598.484
50825.55,50919.836
49959.58,50219.887
48690.80999999999,49463.55
47648.44,48486.035
46729.05,47589.438
45528.73,46719.9
44483.64,45912.164
44073.1,44946.1
43495.72,44099.77
43098.13,43428.1
42650.95,42931.324
41881.28,42275.688
41818.43,41951.215
41708.39,41741.113
41506.66,41624.28
40954.79,41547.598
40824.41,41531.92
40722.28,41488.957
40118.51,41410.312
40278.45,41347.89
40564.51,41185.895
40609.34,41016.527
40991.58,40932.297
40964.01,40974.543
40896.74,41070.68
41459.34,41183.53
42274.23,41296.547
42221.6,41673.832
42739.24,42184.93
42559.36,42721.465
43207.09,43329.496
43627.14,44193.926
43906.82,45014.445
44256.53,45812.324
45334.82,46589.953
46210.3,47461.31
47312.93,48198.246
48087.17999999999,48994.043
49679.84,49845.6
50539.4,50899.652
51414.69,51865.504
52103.70999999999,52716.367
53617.07,53416.195
54067.44,54180.004
55066.14,54850.62
55423.55000000001,55426.266
55374.13,55917.348
55500.94999999999,56429.812
55345.02,56632.26
55281.270000000004,56624.156
54817.31,56436.426
55388.0,56250.7
56231.89,55865.133
56302.7,55448.58
56648.77,55121.742
56364.14,54867.105
56364.43,54565.957
56041.8,54207.55
55592.42,53844.316
54981.3,53578.664
54529.99,53299.895
54284.95,53030.594
54157.54,52782.18
53978.97,52646.496
53503.12,52622.637
53409.35999999999,52732.03
54181.37000000001,52923.438
54295.95,53234.65
54532.93000000001,53766.074
54527.63,54481.414
54919.15,55235.176
55835.270000000004,55928.383
56794.23,56602.203
57719.670000000006,57299.605
57828.89,57977.31
58218.450000000004,58443.098
58710.01,58706.95
59131.77999999999,58726.367
58941.51,58618.73
58586.39,58195.38
58400.41999999999,57722.59
57986.189999999995,57179.977
57253.64,56623.895
56518.36,55855.594
56029.99,55205.883
55533.39,54612.71
54914.149999999994,54094.434
53854.58,53420.73
52877.07,52947.21
52119.13,52471.086
51655.29,51953.496
51211.97,51209.59
50490.94000000001,50614.19
49889.08999999999,50105.1
50170.33,49578.44
49698.21,49307.3
48861.630000000005,48884.26
47943.59,48374.414
47156.9,47724.945
46386.49,46790.375
45827.99,45924.34
45198.13,45146.19
44741.25,44457.453
44043.95,43686.15
43695.45,43093.54
43292.75,42607.285
42646.05,42232.95
42044.95,41836.105
41778.32,41518.43
41483.95,41267.625
41348.79,41080.938
41572.01,40897.023
41615.8,40764.9
41225.75,40734.83
40696.38,40782.6
40484.68,40772.438
40269.95,40678.332
40398.89,40536.34
40677.46,40373.332
40618.15,40301.305
40813.62,40291.0
40771.59,40306.785
40844.09,40355.863
40815.02,40537.945
40642.92,40686.164
40462.66,40842.625
39817.73,41028.676
39976.32,41432.39
40036.36,41716.777
40287.29,41941.49
40649.85,42253.176
41085.04,42752.51
41756.02,43266.652
42584.93,43773.95
44471.18,44257.16
45028.11,44959.215
45452.3,45699.176
46351.12,46359.523
47231.34,46808.73
48018.11,47391.816
48721.259999999995,47904.125
49136.72000000001,48398.24
49247.530000000006,48832.23
49440.66,49320.402
49905.58999999999,49624.496
50590.770000000004,49795.094
51823.19000000001,49897.17
52597.96,50080.344
53022.26,50294.664
53278.0,50486.844
54012.19,50544.508
53885.30000000001,50581.125
53547.33999999999,50531.56
53156.80000000001,50421.953
52676.44,50231.25
52116.73000000001,50046.04
51692.22000000001,49810.44
51362.26,49575.297
50667.22,49362.84
50277.21,49248.89
49970.07000000001,49150.258
49665.64000000001,49092.094
49844.29,49102.844
49553.66000000001,49182.95
49562.59,49375.062
50151.86,49650.09
51414.59,49955.473
52102.219999999994,50326.152
52882.47,50909.617
53572.22,51614.473
53879.29,52323.656
53853.86,52833.26
54325.17,53227.613
54526.98999999999,53430.652
54496.97,53570.465
54462.37,53477.5
54334.9,53397.223
54308.31,53299.918
53966.95,53191.008
53353.26,52874.594
53122.09,52663.44
52552.26000000001,52428.527
52182.77999999999,52237.75
51523.34,51807.66
50628.74,51498.062
50263.8,51208.605
49897.0,50881.08
49509.70999999999,50309.27
49149.21000000001,49869.18
49202.79,49439.15
49904.49,49004.316
49372.37,48774.527
48376.52,48429.906
47863.50000000001,48008.45
46781.48,47430.34
45932.38,46621.695
45012.2,45872.72
44607.99,45138.324
43660.75,44443.42
43079.49,43690.19
42752.15,43049.227
42001.34,42473.48
41090.24,42009.582
40462.07,41781.45
40219.82,41375.69
40152.73,40943.43
39543.25,40599.594
39386.47,40362.363
39334.33,40189.914
39250.07,40074.79
39184.24,40030.336
39395.38,40048.918
39786.08,40124.535
39713.98,40280.086
40260.13,40539.17
40758.76,40924.605
41269.16,41374.043
41693.67,41934.66
43110.23,42585.582
43347.97,43478.79
43787.99,44490.816
43916.07,45545.008
45226.24,46525.395
45887.53,47707.414
46494.0,48849.0
47406.75,49896.91
49017.75,50785.94
50014.26,51657.87
51037.01,52506.434
52098.64,53278.383
52909.72,53932.08
53370.43,54829.543
53878.04,55445.375
54066.939999999995,55816.227
54060.55,55983.84
54361.11,56338.613
54794.060000000005,56452.832
55361.9,56507.93
55454.26000000001,56604.74
55375.54,57014.34
55268.12,57281.125
55604.38999999999,57421.19
56518.520000000004,57478.863
57086.43,57699.09
57648.67,57884.223
57805.259999999995,58067.7
57896.229999999996,58187.02
57707.9,58325.23
57614.22,58232.977
57182.92,58001.035
57042.23,57706.668
56747.10999999999,57405.082
56341.03999999999,56995.215
56148.69,56605.062
56056.52999999999,56226.406
55837.670000000006,55967.43
55624.91999999999,55792.95
55809.64,55725.082
55855.79,55801.39
55446.719999999994,56058.836
55094.79,56464.367
55247.229999999996,56947.84
55545.01000000001,57447.082
55953.159999999996,57892.05
57011.75,58423.914
57994.20999999999,58964.47
58627.87,59541.367
58751.75,59920.773
58799.57,60270.836
58781.27999999999,60415.215
58790.23,60343.37
58646.0,59844.508
58581.18,59359.656
58077.8,58852.082
57133.700000000004,58374.293
56376.47,57576.055
55826.48,56836.64
55185.119999999995,56111.348
54195.34,55471.4
53034.62,54604.258
52322.24,53884.63
51658.7,53157.02
51399.75,52482.68
50663.86000000001,51621.777
49911.58,50976.203
49834.53999999999,50357.05
50050.58,49723.203
49562.50000000001,49422.395
48709.350000000006,49027.016
47687.27,48557.66
46235.6,47958.87
44882.59,47058.88
44102.42,46123.875
43642.44,45137.07
41827.01,44221.01
41119.63,43296.453
40650.36,42409.766
39821.91,41586.137
39025.06,40937.13
38768.86,40179.88
38073.58,39510.453
37990.25,39016.24
38596.08,38652.324
38619.68,38366.758
38535.2,38337.06
38335.62,38487.3
38347.72,38680.26
38237.61,38879.855
38229.66,39077.227
38536.42,39244.062
39492.35,39386.18
39295.71,39663.67
39387.66,40085.875
39520.42,40521.62
40123.34,40892.535
39978.46,41419.574
40147.26,41951.363
40321.17,42424.992
40787.04,42803.543
40625.59,43423.56
40807.91,44020.62
41342.34,44492.312
42510.41,44887.105
43296.93,45468.523
43839.28,45965.52
45005.79,46498.023
45906.88,47006.223
46373.48,47839.09
47362.5,48572.523
48130.76,49169.91
48908.68,49699.285
49485.66,50410.03
50232.88,51074.992
51305.530000000006,51629.27
52513.19000000001,52117.06
52886.81,52824.973
53127.32,53491.523
53573.81,54039.324
54100.13,54386.48
54407.73,54767.555
54211.27,54985.906
53854.54,55089.527
53811.7,55014.816
53554.420000000006,54864.11
53670.06,54542.805
53242.54,54157.51
52965.63,53789.58
52669.969999999994,53486.484
52539.2,53188.78
52415.22,52905.45
51695.329999999994,52686.203
50910.76,52572.61
50740.9,52486.113
49950.259999999995,52381.477
49670.15,52375.83
49278.2,52393.195
49284.9,52475.27
49685.89,52637.8
49774.38999999999,52915.395
50040.54000000001,53232.023
50729.67,53664.41
51309.079999999994,54138.08
52049.02,54635.504
52608.11,54905.758
52493.56,55180.188
52077.04,55402.51
52291.6,55428.3
51666.65,54936.848
51172.81,54445.273
50472.45,53881.47
49766.9,53246.12
48765.97,52294.48
48295.939999999995,51434.848
47797.07,50603.965
46791.54,49885.082
46081.54,49049.652
46007.62,48374.76
45688.26,47768.6
45643.17,47305.895
45588.37,46733.59
45432.9,46343.426
45030.04,46038.06
45090.02,45733.22
45028.22,45607.074
44690.81,45278.258
44275.55,44820.703
43645.88,44266.668
43004.2,43488.895
42326.18,42765.812
41830.89,42081.44
41337.23,41452.566
40826.37,40761.918
40336.19,40209.387
39742.75,39778.766
39074.88,39427.227
38383.92,38641.25
37856.74,38100.48
37574.65,37737.95
37247.42,37511.473
37012.17,37335.617
36747.16,37261.535
36736.89,37224.03
36783.95,37178.625
36643.98,37140.004
36636.79,37135.582
36481.64,37096.207
36384.25,37007.543
36411.64,36913.113
36782.67,36756.39
36876.57,36586.145
37166.42,36460.69
36978.69,36518.508
37075.6,36600.83
37090.32,36684.176
37016.75,36799.434
36891.52,37168.07
36809.33,37560.21
37378.42,37901.254
38047.9,38206.176
38288.62,38947.773
38714.0,39588.152
39485.5,40204.156
40737.01,40794.13
41598.77,41609.547
42229.48,42405.844
43255.71,43135.37
44936.81,43757.938
46133.85,44534.53
46604.72,45321.88
47288.15,46091.273
48033.63,46765.934
48770.92,47495.664
49197.05,48127.03
49641.65,48696.613
50070.25,49183.438
50864.69,49735.2
51117.27999999999,50102.24
51140.05000000001,50331.777
51201.71000000001,50409.637
50740.19999999999,50387.95
50306.08,50125.906
49799.26,49683.06
48317.85,49099.656
47865.63,48540.027
47491.49,47814.258
47291.08,47059.242
46817.75,46464.555
46411.68,46084.836
46166.43,45821.664
45872.49,45699.887
45923.08,45688.97
45839.73,45798.426
45418.02,46070.32
45007.66,46413.676
44822.68,46790.965
45042.53,47127.797
45629.34,47485.926
46447.6,47892.51
47277.51,48376.9
47355.37,48808.617
47834.14,49275.0
48055.38,49619.53
48460.07,49842.098
48278.26,49807.26
48305.03,49799.766
48144.71,49737.9
47887.56,49651.633
47432.25,49309.51
47258.04,48995.86
46859.04,48691.92
46395.19,48450.58
45651.2,47968.254
44925.65,47565.727
44906.05,47191.535
44516.15,46785.543
44507.98,46193.766
44299.37,45720.55
43968.03,45290.86
44451.98,44907.848
44285.45,44446.84
43730.24,44050.98
42986.83,43679.727
42968.79,43240.47
42501.2,42532.082
41616.5,41953.016
41073.01,41488.527
39412.22,41042.742
38800.43,40408.81
38305.61,39711.426
37903.65,39025.867
37512.53,38437.12
36987.28,37909.95
36713.51,37476.258
36423.17,37073.133
36633.32,36777.07
36280.2,36474.09
36244.45,36268.49
36171.69,36131.508
36065.86,36041.367
35896.95,35968.285
36003.18,35917.06
36037.75,35871.535
36787.08,35815.23
37171.31,35796.574
37055.51,35894.07
36871.82,36076.047
37208.82,36238.402
36966.71,36442.547
37003.76,36651.54
36753.17,36847.92
36862.53,37051.21
36859.41,37443.453
36618.24,37835.19
37025.32,38236.918
37772.61,38626.348
38217.32,39406.066
38690.44,39986.504
39420.24,40557.043
40351.93,41101.027
40711.8,41826.09
41205.84,42492.523
42092.72,43023.254
43332.02,43398.777
44077.49,43936.72
44619.38,44501.445
45041.1,45045.047
46020.07,45526.406
46420.48,46073.95
47173.57,46573.785
47617.97,47005.47
48203.74,47376.52
48606.36,47796.664
48946.43,48101.64
49252.06,48280.305
49476.44000000001,48300.215
49205.840000000004,48303.64
48671.57,48182.715
48081.659999999996,47930.723
47822.3,47525.316
47388.74,47116.625
46917.4,46689.98
46517.64,46321.938
46266.32,46014.332
45943.67,45851.785
45763.46,45780.348
45587.83,45810.37
46086.42,45947.254
46073.61,46211.04
45863.32,46644.945
45858.23,47192.8
46634.13,47740.18
47101.63,48226.42
47909.8,48789.848
48622.149999999994,49427.812
49037.36,50088.793
49286.12000000001,50590.406
49444.60999999999,51004.668
49532.149999999994,51281.812
49357.42999999999,51425.17
49220.54,51294.945
49128.719999999994,51108.48
48901.35,50888.12
48891.409999999996,50663.895
48369.78,50241.004
47872.439999999995,49892.64
47524.49,49588.37
47058.84,49281.62
46597.86,48735.367
46182.38,48248.27
45766.63,47806.88
46368.09,47393.72
46243.92,46778.523
46133.91,46355.535
45964.6,46044.08
46775.82,45729.016
46343.05,45347.16
45814.85,45100.03
45038.03,44839.973
43931.58,44497.51
43048.16,43908.7
42179.27,43268.793
41490.55,42593.305
40534.41,41932.234
39934.43,41126.914
39764.87,40397.566
39318.03,39743.918
39047.39,39237.832
38575.15,39123.273
38289.57,39121.61
37989.4,39017.258
37953.27,38863.848
37843.88,38673.227
37696.94,38533.62
37668.64,38473.49
37714.58,38465.434
37720.86,38534.926
37755.18,38665.97
38004.37,38858.6
38342.55,39082.418
38543.99,39461.605
38945.71,39918.508
39149.07,40419.53
39521.94,40958.1
39900.39,41671.418
39990.96,42327.58
40363.41,42952.53
41486.41,43514.594
41865.07,44224.574
42663.37,44925.176
43577.93,45570.14
45186.96,46206.516
45937.24,47122.434
47024.59,47849.703
48146.35,48528.867
49269.55999999999,49172.574
49672.06999999999,50087.645
50302.479999999996,50903.56
50901.1,51562.027
51723.11,52094.34
52444.90000000001,52816.29
52995.89,53450.086
53182.600000000006,54035.188
53730.19999999999,54556.176
54025.52,55162.023
54119.62000000001,55563.79
54126.6,55845.28
54247.50000000001,55984.324
54518.380000000005,56143.78
55038.98,56135.684
55231.94,56049.152
55417.82,55946.305
55362.05999999999,55943.902
55163.00000000001,55840.453
55149.51999999999,55670.297
55427.78,55418.51
54789.600000000006,55256.984
54397.16999999999,55131.145
54053.51000000001,54975.39
54159.03,54826.887
53868.5,54774.094
53869.82,54772.938
53650.72,54874.086
53814.41999999999,55073.83
53540.5,55386.24
53707.42,55729.9
53948.06,56090.12
54044.02999999999,56458.16
54519.48,56828.887
55463.53,57161.48
56495.06,57500.23
57041.41,57902.203
57272.78,58214.984
57399.95,58493.33
57634.94,58636.855
57287.88,58640.883
56922.64000000001,58337.008
56560.56999999999,57975.67
56276.1,57556.562
56140.72000000001,57095.32
55209.25,56414.71
54912.13,55934.586
54484.119999999995,55448.63
53268.39,54999.418
52341.06,54333.316
51342.189999999995,53727.273
50361.149999999994,53089.125
50133.119999999995,52446.973
49769.32000000001,51542.113
49267.05,50828.72
48835.02,50226.95
49073.06,49638.83
48469.17,49226.742
47711.7,48785.8
46893.61,48282.56
46311.15,47690.934
45746.09,46851.348
44803.48,46101.13
44204.01,45419.387
43312.45,44766.11
42692.25,43991.777
42029.15,43325.984
41814.44,42736.97
41198.17,42236.79
40857.28,41604.98
40641.19,41150.85
40557.54,40860.316
40463.16,40699.367
40412.87,40605.27
40375.44,40562.953
40118.33,40571.695
40089.52,40599.754
40121.94,40576.098
40260.62,40545.953
40333.98,40524.305
40725.35,40515.59
40881.18,40583.82
40936.67,40694.35
40988.05,40818.31
41207.68,40933.496
41095.14,41188.156
40996.36,41434.113
41057.66,41678.98
41120.94,41876.984
41347.45,42270.234
41339.33,42652.016
41682.62,43038.668
42831.93,43436.11
43342.2,44150.88
43901.47,44730.938
44929.77,45342.12
46110.71,45943.234
46630.66,46839.64
47198.14,47724.926
47918.93,48519.812
49208.98,49189.457
50020.16,49997.855
50660.33999999999,50760.54
50961.82,51489.09
50403.13,52091.72
50489.33,52686.066
50811.43,52929.883
51023.189999999995,52924.74
51025.93000000001,52843.355
51364.71,52830.51
51719.36,52689.76
51750.85,52499.125
51642.3,52265.773
51526.450000000004,52068.34
51402.48,51710.027
50974.4,51307.145
50834.35,50917.293
50460.490000000005,50562.266
50087.409999999996,50231.293
49899.66,49949.414
49424.18,49739.668
48936.78999999999,49652.227
48784.94000000001,49635.668
48958.450000000004,49677.434
49710.91,49825.402
49686.99,50167.918
49836.5,50731.227
50197.9,51389.87
51081.69,52058.473
51847.79,52687.996
52902.97,53405.6
53989.46,54143.38
55220.96,54839.08
55536.67999999999,55306.74
55865.729999999996,55767.4
55985.939999999995,56069.473
56044.03999999999,56165.14
55794.09,55863.56
55661.2,55494.562
55282.58,55076.414
55067.4,54664.266
54285.340000000004,54025.246
53913.91,53525.87
53283.02,53047.41
52544.44,52625.043
51588.6,52022.746
50757.45,51531.55
50083.72,51057.72
49692.84,50588.926
49299.05,49924.707
48859.69999999999,49393.39
48483.16999999999,48925.027
48739.93000000001,48453.457
48352.649999999994,48230.848
47718.32,47945.797
46862.41,47569.12
45613.64,47059.3
44946.6,46289.46
44327.02,45472.453
43679.44,44674.49
42966.35,43991.883
42367.59,43245.82
41883.76,42596.92
41323.17,42056.242
40490.68,41631.395
40098.85,41141.324
40092.35,40674.5
40126.02,40308.598
40039.16,40077.797
40197.36,39946.46
40107.23,39902.75
39955.3,39934.12
39704.18,39976.984
39544.84,39960.395
39535.87,39895.652
39205.18,39781.793
39181.75,39659.684
39315.67,39560.176
39500.73,39421.703
39300.77,39301.582
39395.92,39213.035
39226.99,39235.938
38963.56,39269.16
38774.09,39292.004
38259.45,39278.137
38168.65,39418.055
38333.76,39514.594
38326.75,39597.49
38634.59,39768.965
38838.68,40308.08
39316.78,40772.785
39833.95,41207.86
40893.06,41635.926
41504.95,42278.23
41982.59,42853.176
42653.5,43337.992
43720.45,43720.03
44557.55,44224.793
45222.76,44711.28
45558.7,45188.453
45443.19,45592.867
45874.4,46033.727
46163.09,46240.87
46647.25,46311.47
47075.67,46304.22
47978.079999999994,46385.523
48817.41,46384.48
49169.65,46366.56
49765.27,46375.676
49658.310000000005,46444.008
49329.34,46445.81
48642.200000000004,46382.633
48207.26999999999,46233.71
47567.73,46067.62
47447.83,45851.492
46942.54,45651.324
46633.05,45542.86
46401.26,45538.05
46195.93,45588.58
46016.87,45750.15
46634.49,46008.18
46541.91,46388.156
46662.28,46885.785
46844.31,47452.195
47934.65000000001,48016.195
48697.09999999999,48566.75
49650.159999999996,49198.438
50695.56,49894.76
51903.99999999999,50601.438
52349.78,51135.504
52426.119999999995,51672.21
52648.82,52135.234
53096.33999999999,52419.047
52981.91,52387.977
53045.38,52420.773
52707.03,52443.402
52605.84,52473.688
52161.16,52278.17
51854.46,52128.797
51149.24999999999,52036.47
50926.2,51966.348
50040.41000000001,51622.91
49330.49999999999,51397.13
48925.32000000001,51157.477
48402.12,50869.746
48262.68,50334.914
48231.93,49866.234
48552.59,49402.32
48836.880000000005,48968.766
48225.64,48685.35
47524.35,48237.297
47211.26,47675.316
46296.56,47030.066
45411.16,46219.215
44909.83,45485.945
43967.5,44779.203
43331.98,44174.51
