actual_mw_step_1,predicted_mw_step_1,actual_mw_step_96,predicted_mw_step_96
56848.92,56449.758,54610.91,54414.406
58169.76999999999,58038.11,56238.55,55930.082
59389.38,59117.395,57651.64,57240.723
60438.76,60146.75,59135.97,58547.348
61782.719999999994,60916.9,60406.62,59761.223
62281.93,61576.168,61342.09,60794.938
62211.600000000006,62430.367,62175.49,61800.156
62799.98999999999,62823.926,62401.85,62772.77
63334.2,63083.99,62610.06,63435.8
63584.36,63334.973,63076.96,63898.52
63675.02,63663.082,63467.84,64265.09
64128.31999999999,64282.566,63394.48,64887.633
64361.62,64457.48,63779.25,65152.402
64606.920000000006,64693.86,64260.84,65303.266
65290.04000000001,64927.895,64844.71,65425.86
65751.53,65482.555,64429.93,65906.68
66221.79,65800.13,64246.05,66226.266
66640.59,66037.46,64594.36,66441.87
67701.31,66231.195,65021.119999999995,66619.336
67995.71,66760.7,65193.29,67135.38
68193.59,67194.66,65779.55,67545.06
68036.12,67349.77,66253.13,67709.625
67448.55,67313.13,66525.64,67708.05
67066.75,67445.31,66166.18,67864.586
66935.12,67046.945,66034.78,67633.19
66872.5,66562.0,66089.29,67236.664
67045.83,66203.125,66123.28,66903.516
66813.48,66244.81,66061.6,66862.42
66399.16,66176.055,65994.02,66770.82
66095.85,65957.9,65935.53,66556.625
66086.65,65545.19,65539.83,66260.63
65938.28,65439.36,65223.34,66136.43
65462.38999999999,65265.26,65194.81,66021.266
64985.73999999999,65060.902,64990.36,65837.445
64624.65,64589.383,64857.03,65559.125
64291.08,64325.137,64863.32,65344.844
63937.55999999999,63890.97,64652.73000000001,65096.68
63498.84,63505.504,64036.66999999999,64847.832
63316.87,63142.273,63281.85,64618.504
62769.86,62850.637,62769.89,64349.137
63015.31,62600.684,62218.73,64133.957
62894.85999999999,62296.52,61899.85,63884.99
62655.68,62338.01,61675.19,63796.88
62613.42,62310.97,61731.969999999994,63637.57
62665.94,62196.062,61679.58000000001,63545.8
62925.71,62238.273,62041.69,63518.14
62446.66,62293.348,62037.26,63571.145
62155.26,62168.19,61804.34,63459.547
62218.64,61979.832,61540.77,63412.617
62265.91999999999,61661.363,61551.67,63299.24
61875.85,61566.8,61590.5,63280.83
61176.810000000005,61066.75,61472.89000000001,62899.723
61165.00000000001,60723.004,60585.89,62642.223
60744.01,60124.445,60469.46,62252.133
60194.68,59803.348,60090.83,61959.06
59134.34,59134.86,59582.51000000001,61315.77
58534.5,58715.316,58864.49,60829.71
57937.86,58063.6,58080.45,60248.703
57098.08999999999,57527.926,57311.16000000001,59706.008
56478.29000000001,56802.617,56766.2,58869.27
56144.43,56126.164,56180.34,58140.76
55985.92,55439.984,55801.63,57471.938
55741.649999999994,54849.777,55806.59,56906.17
54939.24999999999,54149.473,54934.59,56091.55
53766.16999999999,53578.285,54237.96,55444.465
52587.70999999999,52853.51,53196.05,54748.754
51512.43,51894.4,52254.64,53910.652
50367.01,51143.914,50966.18,52910.324
49631.91,50050.17,49833.270000000004,51757.92
48806.58,49269.26,49148.15,50856.695
47812.52999999999,48588.434,48637.54,50083.938
47384.15,47943.21,47831.22,49342.926
46765.35,47149.215,47180.08,48512.883
46490.39,46756.527,47020.32,47970.848
45696.63,46415.004,46831.38,47499.457
45563.31,46188.613,46204.49,47175.42
45122.56,45697.63,45839.99,46646.566
44890.48,45544.37,45414.82,46371.465
44352.46,45355.574,45201.2,46118.88
44333.34,44848.97,44649.48,45682.73
44119.5,44606.113,44772.9,45381.805
44319.53,44356.85,44530.78,45200.652
44422.4,44259.766,44623.28,45128.35
44389.48,44359.32,44743.05,45211.273
44518.26,44419.598,44764.16,45323.38
44772.76,44554.676,44607.03,45492.457
44945.25,44813.535,44730.81,45751.773
45107.08,45447.23,45040.17,46170.504
45429.45,46047.113,45397.88,46691.746
45916.97,46824.15,45860.06,47288.957
46838.53,47738.89,46093.46,47957.168
47259.31,49033.85,47465.42,48699.49
47852.399999999994,50261.72,47924.48,49613.1
49319.66,51212.84,48681.77,50323.03
52569.76,52035.49,49925.31,50903.92
54610.91,53515.934,52589.91,51717.285
56238.55,55740.79,54311.51,53372.734
57651.64,57318.1,55958.31,54975.316
59135.97,58304.81,57413.87999999999,56365.44
60406.62,59313.52,58815.97000000001,57795.05
61342.09,60265.156,59966.57,59222.332
62175.49,61067.758,60783.37,60458.4
62401.85,61801.727,61598.07,61473.816
62610.06,62256.15,62613.53,62445.816
63076.96,62723.08,63032.47,63140.746
63467.84,62909.234,63216.26,63473.47
63394.48,63177.613,63497.26,63703.477
63779.25,63826.81,63305.93,64259.85
64260.84,64031.246,63779.67,64479.297
64844.71,64222.785,64568.0,64543.547
64429.93,64541.867,65159.74,64673.145
64246.05,65269.863,65466.28999999999,65261.883
64594.36,65288.645,65644.16,65441.4
65021.119999999995,65091.6,66276.79,65345.39
65193.29,65189.785,66614.77,65399.637
65779.55,65722.67,67006.54,65903.74
66253.13,65798.68,67265.44,66136.13
66525.64,65873.28,67531.57,66257.66
66166.18,65960.016,67472.12,66385.98
66034.78,66239.19,67382.19,66745.12
66089.29,65981.28,67082.72,66699.09
66123.28,65611.38,67008.61,66439.195
66061.6,65407.88,66844.03,66240.875
65994.02,65516.535,66886.61,66313.81
65935.53,65445.742,66434.71,66322.67
65539.83,65194.17,66059.8,66183.06
65223.34,65013.34,65562.16,66052.22
65194.81,64911.418,65516.11000000001,66002.77
64990.36,64652.117,65321.6,65883.016
64857.03,64347.508,64906.42,65708.99
64863.32,64022.645,64485.77,65502.234
64652.73000000001,63887.3,64460.7,65431.72
64036.66999999999,63788.582,64182.1,65403.195
63281.85,63486.63,63736.36,65266.273
62769.89,62972.45,63216.13999999999,65010.85
62218.73,62421.37,63004.18,64640.33
61899.85,61975.38,62746.26,64321.098
61675.19,61529.277,62503.5,64005.562
61731.969999999994,61196.434,62214.90000000001,63734.883
61679.58000000001,60952.07,62560.76,63419.29
62041.69,61064.71,62363.69,63376.254
62037.26,61132.13,62153.12,63359.496
61804.34,61429.633,62290.59,63497.543
61540.77,61252.3,62092.39,63342.453
61551.67,61255.508,61738.56,63356.445
61590.5,61040.707,61806.780000000006,63282.496
61472.89000000001,60970.64,61931.96,63252.566
60585.89,60480.2,61699.409999999996,62849.61
60469.46,60312.32,61038.11,62635.336
60090.83,59670.016,60488.64000000001,62212.234
59582.51000000001,59292.6,60185.83,61877.574
58864.49,58634.13,59633.59,61199.32
58080.45,58230.55,58880.97,60670.05
57311.16000000001,57739.29,58248.86,60124.84
56766.2,57208.973,57426.39,59566.113
56180.34,56361.375,56830.94,58643.668
55801.63,55794.785,56439.87,57938.105
55806.59,55219.87,55799.93,57300.375
54934.59,54677.96,55351.619999999995,56719.66
54237.96,54040.293,54731.36,55940.613
53196.05,53248.062,54129.77,55164.98
52254.64,52440.543,53087.93,54401.61
50966.18,51516.723,52054.9,53574.48
49833.270000000004,50786.617,51198.92,52644.977
49148.15,49658.465,50259.24,51474.027
48637.54,48823.76,49492.33,50510.953
47831.22,48124.14,48570.94,49704.633
47180.08,47595.87,47792.13999999999,49023.145
47020.32,46929.246,47324.83,48281.707
46831.38,46495.14,47117.66,47720.688
46204.49,46304.676,46689.1,47370.285
45839.99,46227.543,46228.46,47169.67
45414.82,45837.535,45856.19,46735.844
45201.2,45648.332,45422.59,46469.598
44649.48,45427.965,45367.86,46222.656
44772.9,44903.75,44799.4,46032.676
44530.78,44679.84,44748.72,45702.285
44623.28,44551.105,44613.58,45522.094
44743.05,44446.72,44525.82,45382.67
44764.16,44555.312,45080.77,45423.664
44607.03,44629.934,44941.12,45497.473
44730.81,44846.383,44858.92,45681.5
45040.17,45018.29,44936.67,45839.246
45397.88,45580.266,45734.86,46165.055
45860.06,46236.18,45988.63,46646.07
46093.46,47180.465,46273.41,47283.82
47465.42,48278.996,46747.81,47985.242
47924.48,49451.69,47880.229999999996,48554.395
48681.77,50852.14,48325.55,49486.453
49925.31,51803.547,48904.26,50141.7
52589.91,52648.297,50304.9,50711.63
54311.51,54076.734,52932.09,51393.89
55958.31,55915.57,54839.30000000001,52725.89
57413.87999999999,57225.637,56481.12,54000.477
58815.97000000001,58225.797,57773.55,55250.676
59966.57,59443.977,59405.91,56669.504
60783.37,60328.44,60145.42,58101.61
61598.07,61045.13,61358.7,59411.266
62613.53,61645.24,62222.55,60495.543
63032.47,62135.996,63212.99,61613.13
63216.26,62808.676,64007.18,62565.164
63497.26,63158.535,64358.6,63155.17
63305.93,63302.105,65040.01000000001,63431.707
63779.67,63919.496,64814.84,64049.64
64568.0,63924.824,65038.33,64214.74
65159.74,64080.445,65732.99,64248.867
65466.28999999999,64567.47,66206.05,64438.32
65644.16,65399.797,66619.25,65066.562
66276.79,65586.2,66899.25,65338.844
66614.77,65697.53,67154.78,65420.36
67006.54,65980.3,67379.09,65581.64
67265.44,66597.07,67421.6,66123.66
67531.57,66750.39,67499.67,66366.95
67472.12,66799.305,67817.94,66439.586
67382.19,66831.89,67791.99,66453.99
67082.72,66996.76,67357.85,66676.164
67008.61,66772.9,66860.88,66596.87
66844.03,66388.984,66707.4,66277.24
66886.61,66093.61,66169.55,65956.305
66434.71,66121.79,65780.4,65907.516
66059.8,66016.195,65151.869999999995,65762.5
65562.16,65622.414,64938.78,65389.473
65516.11000000001,65189.477,64404.12999999999,65009.44
65321.6,65009.35,64073.59,64835.777
64906.42,64796.062,64032.45,64641.27
64485.77,64503.24,64421.66,64359.33
64460.7,64027.65,63677.46,63993.742
64182.1,63761.332,63774.479999999996,63749.42
63736.36,63501.832,63960.14,63537.426
63216.13999999999,63194.215,63765.46,63266.16
63004.18,62746.33,63063.36,62924.617
62746.26,62359.086,63102.21,62603.51
62503.5,62055.46,62739.21,62365.684
62214.90000000001,61875.062,62204.73,62170.004
62560.76,61711.883,61855.32,61987.906
62363.69,61512.34,62037.85,61771.816
62153.12,61696.27,61851.86,61869.555
62290.59,61776.89,61693.52,61940.77
62092.39,61687.816,61830.21,61972.566
61738.56,61464.883,61661.71000000001,61898.902
61806.780000000006,61391.367,60859.39,61939.11
61931.96,61121.332,60551.75,61807.824
61699.409999999996,60957.35,60359.83000000001,61679.33
61038.11,60466.418,60214.10999999999,61268.996
60488.64000000001,60121.65,59310.399999999994,60951.434
60185.83,59586.92,58893.93,60496.836
59633.59,59029.395,58421.950000000004,59993.168
58880.97,58318.133,57589.31,59311.61
58248.86,57906.715,56687.57,58757.848
57426.39,57402.254,55777.23,58194.766
56830.94,56912.21,55186.01,57661.582
56439.87,56096.93,54624.66,56835.523
55799.93,55459.74,54162.92,56064.516
55351.619999999995,54968.71,53736.76,55425.04
54731.36,54361.574,53367.46,54767.55
54129.77,53493.277,52720.54,53908.14
53087.93,52697.082,51976.67,53054.9
52054.9,51980.883,50853.6,52294.47
51198.92,51077.016,49938.799999999996,51449.504
50259.24,50249.086,49038.36,50653.703
49492.33,49305.996,48655.24,49619.375
48570.94,48667.45,47994.16,48855.184
47792.13999999999,48019.484,47232.01,48133.715
47324.83,47346.168,46359.04,47440.41
47117.66,46565.41,45783.44,46675.75
46689.1,46253.742,45224.59,46260.582
46228.46,46092.168,44727.43,45996.94
45856.19,45955.438,43990.0,45833.13
45422.59,45573.273,43501.24,45455.27
45367.86,45423.418,43157.74,45254.445
44799.4,45187.293,43151.45,45007.45
44748.72,45214.062,42349.21,44775.656
44613.58,44760.066,42303.05,43843.758
44525.82,44652.664,41954.76,43376.45
45080.77,44504.95,42138.36,42894.902
44941.12,44579.117,42229.9,42651.953
44858.92,44834.402,42020.24,42542.15
44936.67,45053.094,41765.36,42389.81
45734.86,45226.395,41919.75,42229.516
45988.63,45723.688,41908.46,42208.715
46273.41,46575.19,41813.15,42484.914
46747.81,47533.33,41733.95,42722.68
47880.229999999996,48422.285,41801.71,42929.58
48325.55,49666.66,41889.35,43036.49
48904.26,50891.473,41654.8,43467.016
50304.9,51864.023,41287.91,43684.555
52932.09,52690.824,41783.54,43765.258
54839.30000000001,54334.402,42491.75,43781.957
56481.12,56267.723,43194.31,44485.137
57773.55,57816.57,43814.94,45055.848
59405.91,58884.15,44585.42,45557.562
60145.42,60045.695,45505.2,45925.09
61358.7,60853.598,46119.9,46752.797
62222.55,61407.574,47079.29,47554.215
63212.99,62046.082,47913.19,48520.652
64007.18,62801.836,48804.670000000006,49218.78
64358.6,63234.223,49579.11000000001,50347.516
65040.01000000001,63745.547,50299.18,51441.727
64814.84,63971.477,50974.26000000001,52257.434
65038.33,64715.336,52129.7,53158.887
65732.99,64667.52,52672.41,53890.973
66206.05,64631.668,53277.1,54487.79
66619.25,64994.76,53904.63,55214.164
66899.25,65665.16,54380.22,55908.06
67154.78,65746.71,54727.75,56484.58
67379.09,65789.15,55210.86,56874.62
67421.6,65894.59,55345.85,57157.016
67499.67,66352.59,55424.58,57412.254
67817.94,66311.45,56255.03,57523.242
67791.99,66198.89,56693.91000000001,57507.805
67357.85,66253.37,56227.76,57540.99
66860.88,66495.555,55366.95,57525.695
66707.4,66151.65,55015.73,57328.85
66169.55,65697.945,54503.77,57025.402
65780.4,65422.977,54120.89000000001,56747.465
65151.869999999995,65323.16,53147.28,56380.547
64938.78,64825.137,52667.219999999994,55943.195
64404.12999999999,64242.68,52726.93,55497.527
64073.59,63796.867,51884.01,55121.22
64032.45,63687.332,51090.44000000001,54767.938
64421.66,63258.11,50735.22,54331.797
63677.46,63006.523,50571.32,54057.24
63774.479999999996,63070.887,49889.85,53988.836
63960.14,62924.836,50160.02,53708.613
63765.46,62716.496,50647.57,53471.004
63063.36,62778.414,50397.89,53429.527
63102.21,62623.54,50071.52,53250.21
62739.21,62204.184,50306.65,52949.34
62204.73,62040.434,50243.5,52813.32
61855.32,61852.668,49856.99999999999,52645.242
62037.85,61408.21,49796.719999999994,52321.336
61851.86,61026.562,50569.39,52163.656
61693.52,61052.395,50459.469999999994,52246.19
61830.21,60985.785,50128.05,52256.68
61661.71000000001,60767.617,50452.57000000001,52178.906
60859.39,60470.914,51195.79,52297.098
60551.75,60349.133,51499.66,52409.938
60359.83000000001,59841.418,51282.71,52209.586
60214.10999999999,59451.24,51077.32,52020.633
59310.399999999994,58858.793,51170.89000000001,51886.04
58893.93,58612.43,50536.29,51828.227
58421.950000000004,58071.973,50252.35,51503.91
57589.31,57548.715,49897.71,51113.4
56687.57,56751.36,49216.42,50736.066
55777.23,56162.83,48529.63,50277.477
55186.01,55478.766,47928.04,49727.547
54624.66,54792.188,47210.26,49145.727
54162.92,53887.305,46947.17,48662.984
53736.76,53485.14,46657.38,48166.434
53367.46,53075.363,46592.61,47709.652
52720.54,52670.27,46854.06,47270.695
51976.67,51844.773,46802.38,46938.69
50853.6,51289.066,46412.5,46416.062
49938.799999999996,50582.895,45405.45,45877.637
49038.36,49664.695,44866.66,45233.48
48655.24,48544.83,44085.9,44847.984
47994.16,47824.01,43496.13,44081.848
47232.01,47259.89,42969.64,43452.508
46359.04,46772.54,42134.93,42848.875
45783.44,46036.52,41204.11,42328.2
45224.59,45356.395,40529.02,41636.727
44727.43,44887.332,39979.93,41153.414
43990.0,44513.38,39425.02,40735.996
43501.24,44048.42,38324.94,40472.777
43157.74,43525.73,37758.49,40037.74
43151.45,43173.75,37412.23,39791.676
42349.21,42958.88,37152.5,39602.633
42303.05,43197.36,36545.78,38886.96
41954.76,42538.074,36317.23,37927.605
42138.36,42242.0,36113.86,37831.08
42229.9,42290.4,35877.3,37913.793
42020.24,42270.996,35977.0,37905.19
41765.36,42402.84,36012.97,38026.008
41919.75,42312.707,36052.87,38005.473
41908.46,42135.914,35901.53,37964.742
41813.15,42168.176,35672.36,37965.984
41733.95,42269.668,35616.24,38092.527
41801.71,42286.547,35781.55,38158.293
41889.35,42326.766,35051.69,38223.07
41654.8,42669.312,35394.21,38155.785
41287.91,42958.824,35790.56,38264.25
41783.54,43060.953,35578.06,38256.94
42491.75,43068.523,35915.87,38159.16
43194.31,44123.176,36396.82,38090.918
43814.94,45245.508,36552.85,38197.523
44585.42,46220.79,36994.74,38286.5
45505.2,47015.805,37324.12,38427.082
46119.9,48271.746,37486.23,38457.0
47079.29,48976.71,38008.54,38792.715
47913.19,49607.83,38730.92,39311.85
48804.670000000006,50365.582,39209.04,40045.484
49579.11000000001,51379.67,40332.28,40299.285
50299.18,51480.832,41298.05,40872.965
50974.26000000001,52402.465,42090.94,42232.457
52129.7,52893.86,42813.57,43112.188
52672.41,53827.824,43456.25,43902.91
53277.1,54294.715,44266.34,44811.25
53904.63,54646.996,45176.26,45561.336
54380.22,54854.477,45764.89,46133.41
54727.75,55647.27,46691.66,46845.418
55210.86,55675.508,46809.16,47416.61
55345.85,55667.81,47255.56,47916.426
55424.58,55780.508,47931.82,48399.85
56255.03,56221.266,48581.85,48900.27
56693.91000000001,55971.93,49150.18,49124.895
56227.76,56169.81,49577.72,49524.547
55366.95,56361.5,49433.47,49839.53
55015.73,56369.527,49414.08,49860.906
54503.77,55503.145,48780.71,49537.016
54120.89000000001,54940.125,48322.50000000001,49463.91
53147.28,54482.164,48132.83,49452.023
52667.219999999994,54448.688,47766.1,49479.09
52726.93,53613.574,47085.15,49057.543
51884.01,52953.52,46868.35,48781.688
51090.44000000001,52822.71,46410.16,48754.438
50735.22,52599.777,45748.11,48502.008
50571.32,51767.305,45647.71,47905.652
49889.85,51319.754,45568.93,47582.2
50160.02,51112.336,45543.64,47402.746
50647.57,50927.664,45438.82,47114.633
50397.89,50844.516,45310.14,46856.543
50071.52,51145.633,45080.3,46914.598
50306.65,51028.02,45152.51,46824.125
50243.5,50902.68,44920.54,46718.195
49856.99999999999,50961.734,45137.05,46683.293
49796.719999999994,50971.91,45729.85,46708.58
50569.39,50727.27,45822.59,46637.047
50459.469999999994,50661.367,46068.3,46712.363
50128.05,51128.12,45618.83,46988.25
50452.57000000001,51185.668,45895.99,47092.65
51195.79,50883.547,46551.97,47081.277
51499.66,50813.312,47323.8,47273.1
51282.71,51253.617,47536.13,47708.945
51077.32,51511.25,47677.05,48067.586
51170.89000000001,51337.074,48028.55,48217.977
50536.29,50802.23,47951.03,48157.863
50252.35,50709.75,47550.85,48350.125
49897.71,50346.324,47388.02,48411.473
49216.42,50013.87,47298.41,48458.79
48529.63,49410.62,47442.47,48231.227
47928.04,48928.965,47239.23,48127.105
47210.26,48478.99,46816.58,48035.223
46947.17,48061.016,46340.82,47917.586
46657.38,47273.324,46681.25,47446.953
46592.61,47046.25,46460.22,47353.21
46854.06,46994.19,46646.86,47318.47
46802.38,46934.684,47406.27,47234.2
46412.5,46628.95,47495.96,46953.312
45405.45,46558.918,46885.22,46846.363
44866.66,46277.133,46286.75,46612.945
44085.9,45556.21,45630.14,46104.387
43496.13,44624.15,44843.66,45753.477
42969.64,43974.23,43985.71,45486.184
42134.93,43364.766,43213.69,45057.72
41204.11,42912.652,42574.92,44600.18
40529.02,42069.934,42098.86,43838.875
39979.93,41290.17,41564.24,43085.668
39425.02,40751.406,41129.48,42453.598
38324.94,40307.344,40601.55,41870.31
37758.49,39642.04,39823.74,41211.6
37412.23,38860.594,39454.38,40494.703
37152.5,38298.684,39075.84,39967.277
36545.78,37990.05,38913.36,39590.926
36317.23,37819.7,38879.77,39737.336
36113.86,37466.69,38878.98,39778.363
35877.3,37168.664,39161.44,39819.53
35977.0,36992.16,38994.79,39904.7
36012.97,36635.47,39217.31,39903.125
36052.87,36575.555,39313.75,40144.434
35901.53,36574.99,39283.5,40424.15
35672.36,36589.605,39351.93,40731.203
35616.24,36426.008,40185.72,41013.25
35781.55,36284.13,40627.91,41392.617
35051.69,36191.082,41250.99,41814.07
35394.21,36309.51,41955.67,42421.89
35790.56,36032.367,43462.64,42980.86
35578.06,36216.68,44106.09,43842.9
35915.87,36679.53,44713.51,44893.586
36396.82,36945.953,46337.92,45921.438
36552.85,37587.984,50010.07000000001,47488.074
36994.74,38515.062,52187.37,49198.85
37324.12,39002.29,53865.27999999999,50670.473
37486.23,39532.707,55400.05,52071.51
38008.54,40223.383,57111.689999999995,54136.387
38730.92,40671.13,58445.98000000001,55776.85
39209.04,41144.043,59544.07,57117.0
40332.28,41839.71,60575.91,58373.04
41298.05,42241.59,61338.18,60397.816
42090.94,43174.62,62089.64,61930.63
42813.57,44350.95,62451.39,62926.918
43456.25,45076.984,62879.829999999994,63397.86
44266.34,46120.145,62577.36,64434.04
45176.26,46656.363,62895.13,64803.89
45764.89,47242.32,63474.22,64771.008
46691.66,47950.227,64107.86,64684.78
46809.16,48784.633,64826.82,65446.19
47255.56,49355.992,65074.409999999996,65778.09
47931.82,49450.71,65416.0,65599.03
48581.85,49626.152,65999.13,65294.965
49150.18,50347.543,66225.23,66002.08
49577.72,50620.55,66640.52,66342.91
49433.47,50744.25,67202.49,66419.94
49414.08,50749.773,67250.93,66382.12
48780.71,50780.645,66535.47,66755.89
48322.50000000001,50445.72,66174.26,66508.99
48132.83,49798.316,66263.24,65800.88
47766.1,49173.535,66204.05,64946.816
47085.15,49104.656,66103.71,64858.67
46868.35,48698.562,65696.8,64589.793
46410.16,48197.074,65098.87,64174.51
45748.11,47863.367,64909.82,63768.57
45647.71,47823.79,64505.36,63828.69
45568.93,47318.445,64575.51000000001,63598.26
45543.64,47141.344,63891.700000000004,63448.273
45438.82,47016.1,63599.36,63360.426
45310.14,47265.473,63930.75,63621.086
45080.3,47248.133,63235.490000000005,63741.957
45152.51,47222.23,62740.22,63750.63
44920.54,47131.566,62285.66,63629.504
45137.05,47382.75,62128.39,63514.312
45729.85,47274.48,61749.56,63267.207
45822.59,47402.383,61583.96,63116.293
46068.3,47836.254,61539.32,63252.125
45618.83,48114.785,61851.19,63170.18
45895.99,48216.86,61634.71,63079.305
46551.97,47988.113,61528.19,62884.5
47323.8,48076.395,61514.46,62782.87
47536.13,48332.855,61275.37999999999,62503.953
47677.05,48721.445,60817.80000000001,62661.188
48028.55,48804.33,60782.62,62831.562
47951.03,48889.906,61063.259999999995,62853.895
47550.85,48826.176,60867.41000000001,62393.938
47388.02,48850.844,60154.57,62142.023
47298.41,48581.883,59883.79,61894.836
47442.47,48605.37,59671.93,61626.79
47239.23,48484.996,59019.68,60800.42
46816.58,48840.914,58220.94000000001,60420.914
46340.82,48918.484,57644.3,60174.598
46681.25,48894.613,56626.670000000006,59795.31
46460.22,48424.203,56227.48,58703.43
46646.86,48421.516,55813.97,58076.266
47406.27,48093.703,55433.74,57525.258
47495.96,47840.426,55337.64000000001,56922.664
46885.22,47580.684,54821.100000000006,55959.613
46286.75,47254.574,54233.04,55306.254
45630.14,46565.48,52978.28,54485.477
44843.66,45875.926,51967.94999999999,53620.273
43985.71,45431.785,50775.28,52653.055
43213.69,44491.215,49808.06999999999,51753.098
42574.92,43829.367,49121.93,51016.02
42098.86,43136.36,48127.83000000001,50258.824
41564.24,42549.477,46594.17,49374.434
41129.48,41923.39,45848.95,48756.668
40601.55,41668.062,45583.57,48275.35
39823.74,41404.86,45328.89,47749.12
39454.38,41105.812,44485.41,47051.25
39075.84,40442.777,43940.56,46234.324
38913.36,40117.094,43657.17,45647.086
38879.77,39816.938,43538.37,45152.33
38878.98,40012.81,42353.7,44476.02
39161.44,39665.633,42470.72,44258.95
38994.79,39759.21,42335.7,44208.24
39217.31,39861.445,42450.91,44190.1
39313.75,39945.242,42864.15,44234.61
39283.5,39958.848,42917.75,44286.63
39351.93,40136.22,42763.94,44446.258
40185.72,40357.88,42940.62,44639.027
40627.91,40914.035,43371.7,44978.25
41250.99,41961.402,43613.97,45684.477
41955.67,43277.195,44282.15,46536.31
43462.64,44740.062,44991.52,47471.406
44106.09,46578.332,46451.14,48463.9
44713.51,48445.484,46683.56,49638.168
46337.92,49732.4,47620.1,50505.242
50010.07000000001,50492.684,49193.73,51050.95
52187.37,51975.023,52245.899999999994,51910.273
53865.27999999999,54329.992,54231.81999999999,53570.938
55400.05,56031.266,55508.18,55071.836
57111.689999999995,56958.14,56798.54000000001,56267.27
58445.98000000001,58204.375,58992.04,57626.27
59544.07,59150.098,60138.65,58923.01
60575.91,60034.01,61508.71,60093.13
61338.18,60811.086,62252.619999999995,61088.668
62089.64,61381.81,63339.63,62140.94
62451.39,61973.086,64036.26,63027.203
62879.829999999994,62399.395,64325.74999999999,63672.92
62577.36,62725.48,64707.51000000001,64054.137
62895.13,63425.04,64639.89,64729.953
63474.22,63433.89,65273.63,64850.79
64107.86,63550.39,65877.19,64843.64
64826.82,63926.69,66541.77,64958.543
65074.409999999996,64737.477,66782.06,65521.207
65416.0,65133.074,66965.04,65852.16
65999.13,65317.273,67248.83,65982.086
66225.23,65458.48,67548.87,66067.75
66640.52,66039.94,67732.6,66588.75
67202.49,66196.84,67503.03,66812.55
67250.93,66253.695,67522.86,66874.984
66535.47,66389.7,67603.55,66975.555
66174.26,66581.734,67351.81,67216.96
66263.24,66108.12,66625.81,66958.11
66204.05,65539.79,66579.92,66503.89
66103.71,65302.133,66660.42,66243.516
65696.8,65359.46,66446.18,66259.695
65098.87,65186.03,66294.6,66122.234
64909.82,64829.746,65781.91,65803.07
64505.36,64271.703,65363.62999999999,65411.938
64575.51000000001,64153.88,65236.23,65303.86
63891.700000000004,63812.754,65412.85,65088.47
63599.36,63583.875,65209.56,64873.56
63930.75,62989.06,65122.84,64541.957
63235.490000000005,62801.754,64726.83,64387.547
62740.22,62758.434,64763.06,64344.242
62285.66,62335.77,64047.649999999994,64100.066
62128.39,61813.055,63587.829999999994,63798.297
61749.56,61505.777,63032.72,63546.934
61583.96,61282.594,62679.61,63373.777
61539.32,61082.316,62421.25,63170.348
61851.19,60943.44,62259.719999999994,63024.89
61634.71,60910.05,62224.47,62871.996
61528.19,61067.535,61959.89,62941.42
61514.46,61094.297,61890.88999999999,62972.453
61275.37999999999,61098.863,61994.68000000001,63021.992
60817.80000000001,60827.58,61711.62,62897.895
60782.62,60710.215,61481.62,62952.914
61063.259999999995,60325.31,61418.17,62887.406
60867.41000000001,60143.11,61541.38,62888.836
60154.57,59743.746,61407.67,62644.14
59883.79,59529.777,60769.34,62540.39
59671.93,58953.938,60246.29000000001,62269.734
59019.68,58559.617,59994.63,62029.52
58220.94000000001,57950.477,59283.18,61449.5
57644.3,57551.074,58601.87,60998.61
56626.670000000006,56967.332,58045.51000000001,60489.97
56227.48,56510.67,57188.94999999999,60009.58
55813.97,55621.812,56383.8,59025.773
55433.74,55050.754,56141.95,58279.0
55337.64000000001,54530.832,56115.99999999999,57667.36
54821.100000000006,53988.723,55581.96,57076.918
54233.04,53278.484,55046.25000000001,56109.008
52978.28,52564.367,54303.44999999999,55284.07
51967.94999999999,51846.254,53532.02,54473.17
50775.28,50893.61,52330.22000000001,53535.91
49808.06999999999,50162.78,51408.28,52521.125
49121.93,49076.73,50299.66,51424.87
48127.83000000001,48335.797,49367.23,50580.133
46594.17,47708.1,48738.19000000001,49865.086
45848.95,47013.574,47301.69,49077.535
45583.57,45970.582,46817.35,48103.383
45328.89,45317.6,46452.56,47378.04
44485.41,45018.47,45987.85,46924.445
43940.56,44849.17,45508.45,46630.027
43657.17,44357.99,45151.51,46120.09
43538.37,44019.266,44998.54,45729.14
42353.7,43805.652,44638.85,45483.016
42470.72,43747.51,44031.32,45193.89
42335.7,43028.31,43755.49,44655.75
42450.91,42754.38,43319.34,44467.223
42864.15,42650.1,43319.77,44418.117
42917.75,42690.805,43485.49,44497.363
42763.94,42907.92,43665.11,44748.727
42940.62,43171.45,43378.51,45021.695
43371.7,43298.414,43668.76,45230.508
43613.97,43753.758,44342.17,45555.316
44282.15,44438.14,44812.22,46110.363
44991.52,45297.03,44912.76,46758.332
46451.14,46442.785,45395.98,47581.96
46683.56,48048.465,46530.16,48523.59
47620.1,49830.82,46884.01,49793.598
49193.73,50980.82,47525.06,50697.254
52245.899999999994,52014.617,48727.23999999999,51448.598
54231.81999999999,53719.184,51833.46,52443.566
55508.18,55863.965,53743.92999999999,54030.414
56798.54000000001,57407.965,55099.48,55482.754
58992.04,58180.387,56395.55000000001,56602.65
60138.65,59142.4,57841.81999999999,57818.01
61508.71,60355.016,58733.24,59260.465
62252.619999999995,61258.36,60028.939999999995,60464.14
63339.63,62136.676,60619.99,61533.03
64036.26,62619.16,61799.96,62605.793
64325.74999999999,63366.26,62493.579999999994,63594.598
64707.51000000001,63910.7,63146.37,64299.414
64639.89,64184.504,63566.86000000001,64668.508
65273.63,64823.52,63298.04000000001,65272.36
65877.19,64999.082,63597.96,65485.24
66541.77,65261.51,64353.590000000004,65609.71
66782.06,65652.484,64878.53,65796.375
66965.04,66429.36,64960.76999999999,66359.99
67248.83,66710.23,65210.11,66632.26
67548.87,66811.33,65573.99,66711.914
67732.6,66960.25,65887.12,66806.76
67503.03,67411.13,65954.31,67194.07
67522.86,67534.42,66365.53,67363.89
67603.55,67316.02,66425.18,67239.7
67351.81,67081.14,66072.7,67092.4
66625.81,67178.805,65668.0,67237.27
66579.92,66894.58,65659.7,67095.0
66660.42,66271.08,65690.66,66635.52
66446.18,65846.07,65581.24,66254.82
66294.6,65964.01,65876.32,66250.62
65781.91,65754.125,65642.28,66098.04
65363.62999999999,65456.18,65237.23999999999,65842.5
65236.23,65034.8,64657.329999999994,65528.348
65412.85,64836.324,64548.45,65361.44
65209.56,64600.652,64370.22,65200.41
65122.84,64441.24,64015.23999999999,65080.684
64726.83,64192.633,63638.65,64942.637
64763.06,64171.78,64072.67,64898.656
64047.649999999994,63846.37,63973.09,64731.965
63587.829999999994,63647.793,63321.079999999994,64604.05
63032.72,63163.41,62592.67,64346.504
62679.61,62774.098,62355.619999999995,64055.777
62421.25,62335.176,61874.11,63786.242
62259.719999999994,62035.27,61645.16,63546.24
62224.47,61798.95,61570.98999999999,63348.17
61959.89,61620.832,61844.67,63105.25
61890.88999999999,61602.133,61524.51,63045.887
61994.68000000001,61530.098,61298.47,62988.46
61711.62,61536.375,61417.67999999999,62983.016
61481.62,61346.664,61408.12,62805.598
61418.17,61247.934,61199.86,62758.926
61541.38,61003.895,60824.65,62641.902
61407.67,60861.156,60846.87,62565.79
60769.34,60391.242,60411.83,62176.58
60246.29000000001,60183.9,59818.64,61976.31
59994.63,59694.914,59638.73,61644.39
59283.18,59209.336,59351.53999999999,61279.48
58601.87,58530.42,58942.479999999996,60628.195
58045.51000000001,58081.918,58113.369999999995,60125.055
57188.94999999999,57562.29,57388.420000000006,59624.566
56383.8,57100.367,56594.84999999999,59168.215
56141.95,56273.215,56075.20999999999,58348.31
56115.99999999999,55552.312,55899.89000000001,57625.45
55581.96,55013.61,55795.13,57067.797
55046.25000000001,54626.023,55662.939999999995,56669.668
54303.44999999999,53823.777,55073.9,55841.73
53532.02,53044.223,54398.45,55091.82
52330.22000000001,52265.707,53328.09,54362.695
51408.28,51467.008,52051.25,53622.63
50299.66,50786.477,50972.80999999999,52654.184
49367.23,49758.816,49849.24,51556.26
48738.19000000001,49036.926,49149.86,50686.934
47301.69,48290.02,48398.18,49866.47
46817.35,47673.2,47470.47,49142.926
46452.56,46747.676,47060.99,48228.67
45987.85,46233.348,46432.64,47583.23
45508.45,45963.285,45868.42,47144.02
45151.51,45696.86,45333.24,46790.22
44998.54,45291.906,45045.2,46330.66
44638.85,45101.594,45080.15,46036.496
44031.32,45007.574,44640.91,45859.07
43755.49,44507.516,44081.52,45465.75
43319.34,44215.438,44193.96,45157.035
43319.77,43826.49,44047.04,44876.74
43485.49,43516.574,43969.7,44669.08
43665.11,43410.59,44242.64,44594.098
43378.51,43401.73,44135.58,44675.49
43668.76,43618.734,44170.83,44926.12
44342.17,43726.668,44583.39,45102.953
44812.22,44298.887,44707.41,45478.184
44912.76,45187.117,44765.36,46191.09
45395.98,46361.47,45174.6,47053.777
46530.16,47396.07,45601.34,47801.992
46884.01,48741.227,46819.05,48538.645
47525.06,50084.184,47211.12,49515.863
48727.23999999999,50968.695,47827.32,50207.33
51833.46,51690.117,49241.08,50741.74
53743.92999999999,53041.156,51966.01,51492.797
55099.48,55053.637,53577.2,53003.355
56395.55000000001,56518.543,55136.19000000001,54485.12
57841.81999999999,57361.848,56673.47,55710.73
58733.24,58378.79,58203.06,57048.34
60028.939999999995,59267.52,59350.14,58382.434
60619.99,59886.78,60383.62,59474.844
61799.96,60656.848,61352.57000000001,60506.727
62493.579999999994,61159.098,62187.31999999999,61511.695
63146.37,61891.4,62826.4,62425.51
63566.86000000001,62436.0,63377.63,63076.312
63298.04000000001,62874.5,63634.45,63500.117
63597.96,63570.258,63329.93,64141.2
64353.590000000004,63717.996,63647.5,64347.61
64878.53,63843.266,64142.74999999999,64345.043
64960.76999999999,64287.516,64538.01,64504.832
65210.11,65030.914,64386.59999999999,65088.582
65573.99,65240.023,64843.27,65369.84
65887.12,65340.555,65177.25,65469.72
65954.31,65534.312,65975.47,65609.08
66365.53,66015.89,66397.72,66084.28
66425.18,66125.68,66997.01,66296.65
66072.7,66170.11,67534.52,66366.6
65668.0,66104.14,67798.84,66338.96
65659.7,66055.25,67081.91,66410.4
65690.66,65688.5,66488.06,66222.69
65581.24,65309.01,66421.55,65907.18
65876.32,65086.742,66280.57,65660.695
65642.28,65087.01,66426.05,65626.66
65237.23999999999,65146.19,66413.64,65639.695
64657.329999999994,64907.227,66134.74,65445.613
64548.45,64516.535,65634.91,65160.28
64370.22,64259.977,65477.23,65002.004
64015.23999999999,64061.758,65789.75,64899.55
63638.65,63726.547,65517.09,64700.043
64072.67,63322.93,65009.8,64460.957
63973.09,63034.832,65143.49,64305.387
63321.079999999994,63067.215,64535.15,64361.445
62592.67,62879.54,64308.74,64318.67
62355.619999999995,62396.035,63768.02,64098.41
61874.11,61821.684,63508.20999999999,63759.246
61645.16,61531.387,62892.99,63582.254
61570.98999999999,61169.168,62501.79,63320.707
61844.67,60921.664,62484.530000000006,63109.48
61524.51,60760.586,62859.549999999996,62887.08
61298.47,60942.938,63007.46,62953.9
61417.67999999999,60929.42,62864.12000000001,62936.12
61408.12,60854.08,62719.47,62898.62
61199.86,60659.65,62480.44,62713.87
60824.65,60733.02,61997.94,62768.973
60846.87,60591.14,62310.71000000001,62736.836
60411.83,60328.24,62553.71,62615.703
59818.64,59761.746,62298.340000000004,62156.773
59638.73,59393.957,61631.73,61827.95
59351.53999999999,58832.477,61303.7,61385.78
58942.479999999996,58500.31,61011.19,61034.754
58113.369999999995,57872.44,60116.23000000001,60356.867
57388.420000000006,57562.42,59194.01,59856.14
56594.84999999999,57054.844,58375.26,59323.547
56075.20999999999,56546.543,57942.27,58782.64
55899.89000000001,55747.07,57411.91999999999,57914.336
55795.13,55217.734,56724.48,57244.41
55662.939999999995,54849.715,56832.18,56754.742
55073.9,54501.656,56409.02,56360.22
54398.45,53865.023,55507.53,55701.27
53328.09,53173.83,54596.84,55062.594
52051.25,52455.074,53508.39,54414.848
50972.80999999999,51532.086,52387.21,53640.664
49849.24,50685.938,51234.58000000001,52653.688
49149.86,49562.844,50327.78,51480.742
48398.18,48748.23,49462.68,50533.91
47470.47,48049.023,48647.55,49713.55
47060.99,47389.78,47945.22,48920.453
46432.64,46593.598,47336.45,48067.934
45868.42,46217.32,47008.64,47533.473
45333.24,45860.812,46496.74,47074.03
45045.2,45493.547,45878.63,46651.676
45080.15,44991.64,45508.96,46127.68
44640.91,44812.97,45114.43,45844.91
44081.52,44813.35,45097.08,45749.367
44193.96,44277.457,44574.41,45564.332
44047.04,44027.75,44468.47,45235.625
43969.7,43882.164,44402.54,45068.08
44242.64,43824.145,44307.47,44978.16
44135.58,43876.45,44688.22,44981.625
44170.83,43969.95,44478.06,45076.727
44583.39,44085.31,44493.75,45218.457
44707.41,44270.113,44492.46,45403.848
44765.36,45002.66,44849.71,45843.336
45174.6,45621.215,45180.88,46321.18
45601.34,46359.84,45613.87,46862.9
46819.05,47343.188,45996.78,47498.727
47211.12,48745.656,46961.83,48176.62
47827.32,50204.64,47451.97,49144.457
49241.08,51165.215,48271.06,49815.72
51966.01,51941.715,49435.87,50351.29
53577.2,53456.87,52247.66,51072.996
55136.19000000001,55425.04,53915.44000000001,52490.543
56673.47,56665.43,55546.6,53755.188
58203.06,57618.895,56864.26,54970.39
59350.14,58873.41,58509.17,56385.55
60383.62,59865.97,59443.03,57871.67
61352.57000000001,60604.39,59940.62,59209.43
62187.31999999999,61308.086,61425.15,60396.492
62826.4,61863.535,62606.16,61654.746
63377.63,62553.168,63031.99,62723.164
63634.45,62934.29,63180.51999999999,63400.727
63329.93,63281.09,63367.12000000001,63831.18
63647.5,63845.88,63149.87,64453.56
64142.74999999999,63925.867,63642.49999999999,64685.227
64538.01,64032.152,64611.6,64676.98
64386.59999999999,64398.605,64967.32,64764.637
64843.27,65100.49,65194.29,65288.9
65177.25,65150.242,65467.58,65467.137
65975.47,65304.96,65949.53,65575.64
66397.72,65538.51,66471.92,65731.3
66997.01,66255.68,66259.33,66376.89
67534.52,66543.61,66659.12,66759.3
67798.84,66704.695,67027.79,66928.44
67081.91,66875.125,67286.65,67062.48
66488.06,67163.8,66732.86,67375.125
66421.55,66795.59,66442.52,67201.76
66280.57,66129.445,66073.7,66684.65
66426.05,65794.34,65859.23,66319.664
66413.64,65851.73,65612.88,66290.72
66134.74,65796.625,65261.89,66211.2
65634.91,65586.484,64752.46,65977.68
65477.23,65280.348,64232.76,65676.45
65789.75,65086.668,64187.41000000001,65488.46
65517.09,64867.715,63890.71,65304.535
65009.8,64733.992,63481.75,65143.03
65143.49,64451.77,62770.21,64916.934
64535.15,64153.35,62384.13,64667.51
64308.74,64034.066,62141.37999999999,64568.33
63768.02,63512.023,61883.07,64221.098
63508.20999999999,63090.43,61468.079999999994,63911.05
62892.99,62675.76,61670.05,63597.42
62501.79,62365.832,61258.850000000006,63364.723
62484.530000000006,61934.47,60556.92999999999,63017.99
62859.549999999996,61578.367,60026.64000000001,62702.504
63007.46,61461.395,59757.87,62483.652
62864.12000000001,61691.67,59793.75,62568.844
62719.47,61888.785,60066.27,62663.41
62480.44,61944.434,60045.82,62694.625
61997.94,61637.715,60101.810000000005,62484.45
62310.71000000001,61541.47,59623.659999999996,62419.47
62553.71,61213.633,59612.09999999999,62175.22
62298.340000000004,61223.77,59393.1,62055.633
61631.73,60870.016,58923.67,61672.535
61303.7,60587.79,58262.58,61332.457
61011.19,60022.684,57599.07,60818.773
60116.23000000001,59603.945,57114.71,60353.246
59194.01,58929.23,56352.02,59664.086
58375.26,58344.383,55305.329999999994,59018.5
57942.27,57673.836,54547.57,58346.137
57411.91999999999,57049.258,54062.97,57703.39
56724.48,56353.67,53500.74,56906.895
56832.18,55891.508,53131.03999999999,56249.543
56409.02,55338.465,52809.67,55623.652
55507.53,54996.59,52692.51000000001,55176.31
54596.84,54315.38,52312.18,54498.176
53508.39,53459.312,51740.23000000001,53679.535
52387.21,52579.324,50750.60999999999,52881.184
51234.58000000001,51576.477,49971.689999999995,52029.55
50327.78,50642.484,49299.01,51189.15
49462.68,49533.32,48422.81,50082.305
48647.55,48786.957,47442.91,49244.023
47945.22,48066.22,46841.19,48471.69
47336.45,47396.95,46241.89,47764.434
47008.64,46669.113,45780.39,47022.125
46496.74,46291.914,45024.38,46566.42
45878.63,46046.98,44645.99,46263.617
45508.96,45841.69,44117.76,46044.086
45114.43,45348.457,43299.93,45601.49
45097.08,45161.9,43009.38,45358.78
44574.41,44925.73,42480.21,45121.195
44468.47,44989.05,41639.38,44911.527
44402.54,44541.973,41006.39,43991.605
44307.47,44429.87,40739.37,43534.656
44688.22,44300.137,40688.16,43098.926
44478.06,44424.086,40028.53,42899.035
44493.75,44609.254,39881.32,42755.22
44492.46,44726.215,39752.85,42580.21
44849.71,44943.426,39757.94,42469.004
45180.88,45495.992,39359.5,42468.953
45613.87,46119.13,39341.62,42595.723
45996.78,46994.38,39407.5,42816.746
46961.83,48026.707,39402.27,43092.113
47451.97,49349.41,39804.18,43205.973
48271.06,50490.58,39420.76,43561.734
49435.87,51394.594,39120.46,43727.79
52247.66,52343.605,39356.96,43865.12
53915.44000000001,53918.434,40516.73,43795.254
55546.6,55847.098,41113.86,44467.28
56864.26,57263.98,42010.27,44940.59
58509.17,58265.05,42773.2,45354.27
59443.03,59474.69,43590.3,45640.703
59940.62,60254.3,44387.82,46364.848
61425.15,60905.473,45689.74,47113.48
62606.16,61257.637,46633.13,47832.73
63031.99,62227.395,47830.87,48550.363
63180.51999999999,62872.582,48921.13,49773.117
63367.12000000001,63219.31,49820.97,50771.414
63149.87,63281.26,50739.65,51518.73
63642.49999999999,63797.996,51260.14000000001,52333.023
64611.6,63606.543,51854.76,53058.273
64967.32,63741.324,52736.770000000004,53828.52
65194.29,64274.316,53087.829999999994,54713.844
65467.58,64936.55,53653.990000000005,55457.934
65949.53,64884.867,54059.16,55980.55
66471.92,64889.42,54283.840000000004,56383.332
66259.33,65086.215,54872.21000000001,56767.344
66659.12,65691.8,54781.63,57170.62
67027.79,65539.86,55117.19999999999,57257.523
67286.65,65505.457,55461.850000000006,57319.91
66732.86,65632.234,55849.99,57416.977
66442.52,65964.97,55562.82,57476.73
66073.7,65592.305,55469.32,57268.77
65859.23,65184.676,55619.509999999995,56989.207
65612.88,64824.926,55208.07,56656.137
65261.89,64821.977,54584.75,56325.434
64752.46,64498.473,53801.32000000001,55932.992
64232.76,64040.746,52894.079999999994,55512.44
64187.41000000001,63526.582,52473.34999999999,55067.81
63890.71,63291.918,51763.71,54631.156
63481.75,63074.715,51178.61,54269.37
62770.21,62762.78,50882.25000000001,53906.6
62384.13,62329.664,50727.24999999999,53500.273
62141.37999999999,62035.547,51010.80000000001,53098.074
61883.07,61621.418,51028.57000000001,52747.234
61468.079999999994,61323.1,50964.880000000005,52481.09
61670.05,61029.0,50824.30999999999,52257.945
61258.850000000006,60782.598,51045.4,52104.695
60556.92999999999,60808.984,50824.76,52132.14
60026.64000000001,60581.12,50416.66,51994.055
59757.87,60072.71,50142.990000000005,51669.418
59793.75,59604.703,49845.18000000001,51481.543
60066.27,59410.44,49871.71,51438.816
60045.82,59311.305,50144.33,51463.527
60101.810000000005,59389.684,50491.66,51607.04
59623.659999999996,59071.55,51822.32,51735.625
59612.09999999999,59025.43,52020.56,51957.8
59393.1,58715.895,51560.46000000001,51924.918
58923.67,58526.05,51237.16,51913.21
58262.58,57976.203,51236.83,51805.406
57599.07,57572.043,50739.62999999999,51682.668
57114.71,57074.543,50493.51,51422.312
56352.02,56530.363,50569.68000000001,51062.684
55305.329999999994,55673.52,49894.18,50634.17
54547.57,55125.945,48573.08,50228.047
54062.97,54397.754,47739.64,49686.004
53500.74,53773.188,47991.950000000004,49153.746
53131.03999999999,52992.746,47487.26,48702.008
52809.67,52628.32,47352.49,48253.98
52692.51000000001,52339.496,47991.65,47830.03
52312.18,51993.496,48039.9,47433.938
51740.23000000001,51287.42,47657.78,47152.223
50750.60999999999,50903.33,46789.64,46762.22
49971.689999999995,50328.258,46387.24,46313.703
49299.01,49481.19,45920.04,45736.44
48422.81,48471.2,44504.37,45410.49
47442.91,47891.85,43849.58,44758.39
46841.19,47154.008,43279.2,43979.64
46241.89,46416.83,42721.17,43178.863
45780.39,45670.39,41512.2,42587.7
45024.38,45159.535,40937.97,41959.043
44645.99,44778.902,40320.04,41496.78
44117.76,44321.44,39519.77,41020.824
43299.93,43853.78,39027.44,40743.31
43009.38,43459.414,38505.45,40371.227
42480.21,42986.234,37797.68,40038.28
41639.38,42738.766,37484.89,39864.016
41006.39,42678.668,37091.86,38856.59
40739.37,41876.473,37210.64,37853.0
40688.16,41284.055,36747.66,37597.62
40028.53,41177.215,36897.15,37656.707
39881.32,41058.2,36551.82,37605.21
39752.85,40678.94,36600.23,37440.254
39757.94,40371.703,36319.65,37406.363
39359.5,40291.023,36408.57,37483.64
39341.62,40290.547,36119.42,37472.19
39407.5,40085.902,36057.08,37452.87
39402.27,39998.777,36332.38,37535.277
39804.18,40139.863,36215.93,37724.492
39420.76,40487.48,36444.27,37715.625
39120.46,40968.957,36176.8,37950.586
39356.96,41047.93,36159.65,37899.91
40516.73,41064.906,36034.32,37817.145
41113.86,41984.414,36382.78,37709.555
42010.27,43328.875,36415.4,37989.215
42773.2,44410.61,36939.56,38089.715
43590.3,45306.844,37312.22,38273.46
44387.82,46637.82,38011.76,38363.496
45689.74,47226.766,38497.48,38556.406
46633.13,47872.98,38777.04,39089.508
47830.87,48926.074,39537.02,39878.816
48921.13,50000.008,40235.27,40293.824
49820.97,50196.938,41442.98,41091.633
50739.65,51381.68,42189.78,42756.6
51260.14000000001,51908.027,43041.76,43754.32
51854.76,52952.73,43579.14,44694.81
52736.770000000004,53029.324,44042.05,45266.652
53087.829999999994,53216.57,44540.35,45855.65
53653.990000000005,53718.363,45035.15,46537.82
54059.16,54372.797,45620.17,47191.125
54283.840000000004,54418.953,46511.83,47622.645
54872.21000000001,54490.438,47180.03,47922.027
54781.63,54551.55,47823.92,48116.465
55117.19999999999,55285.805,48393.78999999999,48530.5
55461.850000000006,55098.78,49000.05,48511.227
55849.99,54975.117,49742.979999999996,48596.66
55562.82,55126.457,49809.87000000001,48857.05
55469.32,55663.562,50104.79,49171.35
55619.509999999995,55295.508,49550.950000000004,48988.867
55208.07,54900.477,49260.47000000001,48824.16
54584.75,54856.68,49032.54,48852.438
53801.32000000001,55007.645,48514.96,48729.52
52894.079999999994,54331.043,48080.39,48082.902
52473.34999999999,53530.996,47533.83,47560.465
51763.71,52723.566,47369.36,47241.094
51178.61,52740.066,46750.95,47197.64
50882.25000000001,52124.613,46709.59,46810.574
50727.24999999999,51482.484,46407.83,46491.77
51010.80000000001,51125.574,45807.49,46421.695
51028.57000000001,51324.785,45595.28,46484.664
50964.880000000005,51369.66,45633.19,46272.05
50824.30999999999,51370.043,45262.44,46086.934
51045.4,51294.043,45016.48,45961.598
50824.76,51371.4,45115.86,46019.72
50416.66,51493.04,44962.2,46133.22
50142.990000000005,51418.215,45206.81,46223.94
49845.18000000001,51174.195,45369.58,46250.52
49871.71,51043.49,45705.17,46337.758
50144.33,50879.074,45842.04,46321.74
50491.66,50842.785,45750.13,46443.52
51822.32,51052.758,45831.91,46717.945
52020.56,51128.8,46615.61,46932.95
51560.46000000001,51904.19,47125.93,47485.625
51237.16,52163.47,47026.41,47856.086
51236.83,51781.848,46934.66,48015.285
50739.62999999999,51104.25,47719.27,47988.01
50493.51,50988.184,47700.24,48226.848
50569.68000000001,50684.883,47697.85,48350.05
49894.18,50403.996,47459.55,48460.34
48573.08,49956.14,47697.06,48347.895
47739.64,49567.56,47498.83,48335.82
47991.950000000004,48740.418,47258.72,48066.91
47487.26,48103.727,46623.3,47861.535
47352.49,47762.777,46519.17,47662.797
47991.65,47605.785,46551.25,47643.465
48039.9,47554.37,47190.19,47633.516
47657.78,47887.832,47643.16,47765.867
46789.64,47515.43,47826.3,47450.29
46387.24,47161.344,47325.68,47238.06
45920.04,46557.688,46624.92,46893.69
44504.37,46080.52,45609.2,46606.418
43849.58,45371.4,44997.77,46329.043
43279.2,44360.11,44477.54,45931.84
42721.17,43608.516,43597.07,45437.527
41512.2,43171.9,42950.47,45017.84
40937.97,42463.74,42244.1,44337.918
40320.04,41657.83,41891.96,43601.336
39519.77,41106.46,41664.76,42993.39
39027.44,40664.754,41107.26,42430.99
38505.45,39852.703,40520.22,41671.293
37797.68,39290.875,40176.68,41103.848
37484.89,38895.156,39786.61,40648.707
37091.86,38392.08,39157.3,40151.895
37210.64,38083.3,38711.19,40355.49
36747.66,37786.17,38793.28,40417.418
36897.15,37697.723,38652.81,40558.05
36551.82,37453.02,38508.72,40577.08
36600.23,37176.258,38968.59,40606.27
36319.65,36996.434,39013.73,40733.758
36408.57,36883.38,39039.26,40915.008
36119.42,36726.42,38910.25,41083.434
36057.08,36568.25,39870.51,41326.83
36332.38,36480.23,40200.01,41675.164
36215.93,36383.75,40710.66,42038.562
36444.27,36569.87,41214.79,42630.574
36176.8,36680.6,42657.33,43330.273
36159.65,37057.445,43540.95,44210.8
36034.32,37092.9,44255.84,44948.734
36382.78,37240.18,45617.8,45757.316
36415.4,37660.4,48794.64,47067.22
36939.56,38362.7,51216.7,48479.67
37312.22,38746.676,52912.44,49706.457
38011.76,39327.695,54305.79,50974.227
38497.48,40072.707,56234.57000000001,52926.617
38777.04,40843.547,57470.43,54682.246
39537.02,41329.176,58630.00000000001,56096.992
40235.27,41676.105,59729.23,57285.453
41442.98,42108.203,60714.02999999999,59400.516
42189.78,42949.473,61477.17,60968.703
43041.76,44181.84,62047.61,62132.023
43579.14,44940.746,62202.55,62782.14
44042.05,45945.164,61817.32000000001,63972.797
44540.35,46465.945,62247.3,64424.707
45035.15,46822.613,62960.84,64312.723
45620.17,47217.6,63830.280000000006,63948.934
46511.83,47982.18,64277.42,64436.715
47180.03,48285.21,64218.88,64472.504
47823.92,48783.934,64327.61,64378.316
48393.78999999999,49177.098,64696.73000000001,64309.867
49000.05,49833.01,64939.549999999996,65050.848
49742.979999999996,49994.383,65504.4,65309.996
49809.87000000001,50150.875,65946.9,65303.766
50104.79,50383.188,65766.76,65374.082
49550.950000000004,50579.617,65511.310000000005,65931.586
49260.47000000001,50436.605,65312.55,65940.77
49032.54,49899.266,65412.07000000001,65426.293
48514.96,49388.266,65907.14,64696.92
48080.39,49377.715,65914.07,64608.504
47533.83,48813.332,65517.88,64176.867
47369.36,48366.457,64919.73,63588.824
46750.95,47888.4,64493.79,63051.28
46709.59,47929.29,64488.100000000006,63103.84
46407.83,47521.613,63838.979999999996,62878.496
45807.49,47385.34,63649.58000000001,62697.402
45595.28,47228.547,63290.54,62586.105
45633.19,47168.727,63407.08,62538.312
45262.44,46940.824,63091.57000000001,62375.527
45016.48,46995.59,62999.89,62365.996
45115.86,46871.406,62746.75,62272.438
44962.2,46958.6,62806.619999999995,62136.07
45206.81,47021.703,62565.16000000001,61996.33
45369.58,47030.93,62261.13,61853.938
45705.17,47180.207,62009.29,61824.53
45842.04,47415.895,61887.07,61638.418
45750.13,47606.906,62128.38,61675.125
45831.91,47783.664,62098.02,61832.562
46615.61,47815.992,62280.09,61871.492
47125.93,47789.227,62135.6,61481.01
47026.41,48175.684,62161.39,61509.87
46934.66,48448.324,61889.41,61798.25
47719.27,48451.97,61753.22,61875.324
47700.24,48082.457,61446.93,61267.26
47697.85,48522.996,60876.27999999999,61242.867
47459.55,48571.6,60734.81,61356.066
47697.06,48690.44,60384.7,61337.992
47498.83,48403.348,59679.06,60601.598
47258.72,48658.38,58674.42,60248.254
46623.3,48710.47,57907.70999999999,60081.426
46519.17,48837.785,57381.26,59868.824
46551.25,48396.94,56644.47,58833.227
47190.19,48287.707,56639.04000000001,58192.887
47643.16,48225.9,56386.32,57803.188
47826.3,48390.324,55828.740000000005,57528.754
47325.68,48160.94,55500.09,56692.65
46624.92,47875.44,54831.409999999996,56102.41
45609.2,47299.78,53531.479999999996,55392.695
44997.77,46535.85,52753.51,54503.5
44477.54,45787.99,51388.53,53328.72
43597.07,44820.305,50596.149999999994,52316.906
42950.47,44199.504,49607.95,51574.598
42244.1,43469.61,48729.2,50775.78
41891.96,42775.66,47882.56,49742.043
41664.76,42011.344,47080.27,48971.26
41107.26,41697.0,46596.69,48445.055
40520.22,41520.363,46151.51,48028.89
40176.68,41251.965,45519.59,47397.566
39786.61,40659.637,45350.13,46707.555
39157.3,40416.26,45046.66,46249.57
38711.19,40145.09,44825.48,45834.656
38793.28,40216.266,44415.66,44894.164
38652.81,39504.297,43955.44,44403.938
38508.72,39467.535,43699.04,44240.375
38968.59,39385.41,43581.02,44071.18
39013.73,39285.37,43943.18,43986.902
39039.26,39393.277,43732.84,44073.254
38910.25,39557.69,43555.83,44214.953
39870.51,39723.504,43848.21,44383.633
40200.01,40073.844,44147.39,44614.53
40710.66,41003.203,44092.71,45268.11
41214.79,42200.45,44403.84,46058.44
42657.33,43528.418,45037.56,46928.05
43540.95,45258.91,46055.77,47888.594
44255.84,47091.367,46489.77,49070.742
45617.8,48665.83,47304.03,50109.195
48794.64,49775.598,48569.8,50878.406
51216.7,51347.887,51065.56,51807.363
52912.44,53503.383,52661.29,53336.055
54305.79,55279.918,54291.84,54832.695
56234.57000000001,56337.668,55935.47,56049.773
57470.43,57415.617,57524.189999999995,57307.977
58630.00000000001,58489.426,58616.59,58665.457
59729.23,59321.64,59556.69,59801.496
60714.02999999999,60114.816,60576.15,60794.66
61477.17,60692.37,61428.93,61897.133
62047.61,61451.168,62112.75,62985.39
62202.55,61918.844,62608.79,63743.39
61817.32000000001,62300.586,63176.87,64249.37
62247.3,62835.46,62990.92,64897.92
62960.84,62832.85,63582.54000000001,65065.76
63830.280000000006,62983.656,64312.52,65094.94
64277.42,63482.086,64969.340000000004,65299.01
64218.88,64466.04,65217.38,65993.44
64327.61,64820.695,65494.34,66299.305
64696.73000000001,64845.77,65877.28,66301.586
64939.549999999996,64866.355,66215.79,66272.82
65504.4,65402.805,66631.28,66726.23
65946.9,65445.008,67134.59,66859.73
65766.76,65564.61,67379.59,66945.81
65511.310000000005,65627.77,67554.96,67021.26
65312.55,65691.3,67004.49,67202.44
65412.07000000001,65304.53,66537.04,67033.99
65907.14,64893.84,66485.59,66738.51
65914.07,64658.516,66466.43,66541.64
65517.88,64986.113,66372.12,66737.96
64919.73,64921.168,66207.18,66712.086
64493.79,64515.664,65809.15,66422.87
64488.100000000006,64038.66,65456.77999999999,66064.56
63838.979999999996,63812.504,65382.78,65884.984
63649.58000000001,63619.094,65117.92,65724.6
63290.54,63064.363,64830.29,65389.188
63407.08,62643.957,64758.47,65116.414
63091.57000000001,62479.73,64736.17999999999,64976.812
62999.89,62319.91,64348.530000000006,64889.824
62746.75,62058.195,63584.94000000001,64735.26
62806.619999999995,61819.793,63313.990000000005,64589.08
62565.16000000001,61703.438,62948.579999999994,64456.832
62261.13,61616.242,62662.43,64372.55
62009.29,61499.047,62560.48000000001,64262.812
61887.07,61262.242,62246.200000000004,64085.496
62128.38,61007.77,62281.44,63793.73
62098.02,60964.258,62065.84,63702.438
62280.09,61096.332,62193.11,63743.52
62135.6,61160.59,62135.27,63811.062
62161.39,61042.766,61696.52,63706.29
61889.41,61072.76,61419.29,63782.59
61753.22,61008.164,61298.58,63824.68
61446.93,60828.08,61471.7,63790.31
60876.27999999999,60238.54,61611.72,63362.32
60734.81,59974.375,61207.9,63144.016
60384.7,59457.836,60861.71000000001,62846.68
59679.06,59183.656,60711.24,62635.832
58674.42,58538.48,59917.71,62005.973
57907.70999999999,58091.547,59067.719999999994,61482.773
57381.26,57432.414,58295.38,60896.094
56644.47,56844.17,57780.159999999996,60366.76
56639.04000000001,56103.22,57419.62,59438.734
56386.32,55537.875,57239.55000000001,58754.543
55828.740000000005,55154.645,56957.350000000006,58297.355
55500.09,54765.465,56731.03,57855.3
54831.409999999996,53889.59,55879.19,56839.12
53531.479999999996,53220.203,55000.189999999995,56054.625
52753.51,52496.13,53673.81999999999,55317.95
51388.53,51501.934,52786.380000000005,54402.617
50596.149999999994,50820.28,51575.65,53419.965
49607.95,49702.938,50706.2,52311.082
48729.2,48928.242,49650.38,51394.14
47882.56,48189.035,49144.40000000001,50569.9
47080.27,47438.254,48207.88,49675.23
46596.69,46693.418,47768.58,48906.945
46151.51,46185.15,47481.21,48290.98
45519.59,45788.293,46973.06,47813.6
45350.13,45496.652,46589.62,47447.79
45046.66,45051.992,46115.19,47009.066
44825.48,44918.1,45784.01,46758.043
44415.66,44821.0,45776.24,46581.926
43955.44,44807.918,45119.95,46269.13
43699.04,44444.23,44842.3,45976.734
43581.02,44178.363,44629.74,45766.168
43943.18,43971.605,44549.13,45617.414
43732.84,43921.117,44951.14,45594.598
43555.83,43976.83,44952.77,45708.793
43848.21,44024.453,44840.39,45833.83
44147.39,44020.297,44964.62,45952.535
44092.71,44517.516,45357.49,46296.9
44403.84,45074.246,45705.48,46806.883
45037.56,45726.445,46071.33,47346.27
46055.77,46604.086,46420.35,47975.45
46489.77,48127.18,47571.84,48808.4
47304.03,49566.957,47978.01,49793.8
48569.8,50634.188,48814.420000000006,50570.95
51065.56,51600.395,49564.37,51238.35
52661.29,53112.258,51827.18,52079.945
54291.84,54881.465,53821.27999999999,53383.332
55935.47,56123.062,55167.829999999994,54563.49
57524.189999999995,57037.918,56583.71000000001,55646.062
58616.59,58226.145,58363.53,56923.547
59556.69,59250.63,59603.33,58246.21
60576.15,59950.83,60616.28999999999,59305.38
61428.93,60612.887,61599.509999999995,60214.555
62112.75,61116.293,62401.66000000001,61224.246
62608.79,61915.273,63193.58,62268.793
63176.87,62357.41,63610.94,62945.25
62990.92,62717.36,64041.89,63402.816
63582.54000000001,63353.523,63907.23,64073.066
64312.52,63622.453,64325.729999999996,64451.844
64969.340000000004,63873.22,64959.54,64629.566
65217.38,64384.285,65622.58,64920.46
65494.34,65186.266,65957.79,65560.97
65877.28,65503.496,66313.59,65917.89
66215.79,65647.05,66724.81,66069.71
66631.28,65877.43,67295.13,66252.74
67134.59,66372.03,67442.71,66719.87
67379.59,66622.64,67877.07,67014.31
67554.96,66769.734,68142.79,67153.24
67004.49,66814.36,68279.08,67200.07
66537.04,67014.45,67295.31,67393.42
66485.59,66730.56,67135.44,67248.71
66466.43,66205.63,67216.18,66833.64
66372.12,65913.23,67244.51,66516.516
66207.18,65946.43,66974.9,66476.7
65809.15,65805.99,66629.82,66363.34
65456.77999999999,65457.277,66313.41,66108.15
65382.78,65104.863,65979.35,65853.74
65117.92,64920.81,65964.98,65720.9
64830.29,64771.11,65947.63,65642.6
64758.47,64430.27,65710.69,65440.953
64736.17999999999,64055.863,65417.76,65217.418
64348.530000000006,63941.31,65348.030000000006,65134.34
63584.94000000001,63850.36,64775.240000000005,65107.574
63313.990000000005,63499.832,64428.78,64945.188
62948.579999999994,62922.125,64010.869999999995,64649.188
62662.43,62542.375,63906.55,64385.453
62560.48000000001,62257.02,63368.85,64210.945
62246.200000000004,61943.637,63147.149999999994,64002.79
62281.44,61755.254,62920.21,63845.227
62065.84,61406.68,62914.89000000001,63529.13
62193.11,61447.285,62655.17,63487.94
62135.27,61368.16,62603.81999999999,63416.375
61696.52,61450.445,62692.36000000001,63441.516
61419.29,61218.914,62590.049999999996,63231.984
61298.58,61094.266,62227.48,63167.094
61471.7,60814.58,62407.079999999994,63034.79
61611.72,60664.1,62405.04,62936.32
61207.9,60251.55,62292.49999999999,62560.223
60861.71000000001,60244.293,61863.98,62436.906
60711.24,59906.734,61405.01,62198.45
59917.71,59570.71,61289.31,61905.668
59067.719999999994,58986.86,60572.39000000001,61327.73
58295.38,58502.09,59941.98999999999,60801.23
57780.159999999996,57881.84,59212.38,60230.094
57419.62,57348.543,58366.0,59670.93
57239.55000000001,56599.33,57986.16000000001,58814.688
56957.350000000006,56197.84,57629.56,58226.117
56731.03,55820.098,57369.95,57769.418
55879.19,55380.39,57215.740000000005,57348.406
55000.189999999995,54675.938,56668.6,56583.66
53673.81999999999,53891.48,55993.27999999999,55860.445
52786.380000000005,53023.586,54781.46000000001,55091.062
51575.65,51980.22,53838.94,54212.773
50706.2,51252.652,52743.95,53221.99
49650.38,50144.145,52019.45,52108.59
49144.40000000001,49375.848,51128.05,51215.734
48207.88,48589.85,50874.11000000001,50359.92
47768.58,47952.953,49720.71,49584.1
47481.21,47232.5,49235.33,48823.75
46973.06,46850.12,48863.84,48300.21
46589.62,46630.453,48460.00000000001,47939.383
46115.19,46368.75,47992.82,47603.406
45784.01,46023.63,47715.18,47211.688
45776.24,45823.895,47383.46,46910.293
45119.95,45625.832,47108.95,46652.812
44842.3,45246.78,46839.93,46349.18
44629.74,45016.17,46616.31,46131.82
44549.13,44684.83,46449.61,45896.305
44951.14,44497.223,46279.43,45788.91
44952.77,44468.133,46348.37,45798.145
44840.39,44555.125,46223.19,45981.53
44964.62,44726.46,46046.01,46220.88
45357.49,44843.63,45972.71,46429.492
45705.48,45371.98,46336.38,46803.836
46071.33,46017.855,46549.77,47373.74
46420.35,46968.336,46864.91,48078.953
47571.84,48079.277,47379.81,48838.562
47978.01,49535.84,48571.61000000001,49634.527
48814.420000000006,50976.37,49099.05999999999,50626.086
49564.37,52021.477,49239.83000000001,51377.496
51827.18,52971.156,50132.73,52041.242
53821.27999999999,54114.92,52247.36,52700.055
55167.829999999994,55577.867,53914.55999999999,53847.85
56583.71000000001,56877.625,55291.63,55055.652
58363.53,57732.457,56637.51,56121.676
59603.33,58716.25,58229.03,57342.56
60616.28999999999,59729.6,59436.99,58700.168
61599.509999999995,60456.855,60849.17,59828.54
62401.66000000001,61092.34,61887.670000000006,60788.49
63193.58,61633.16,62636.52,61838.188
63610.94,62430.367,63134.74,62935.812
64041.89,62902.87,63740.219999999994,63637.03
63907.23,63253.77,64390.54,64086.793
64325.729999999996,63776.887,64217.57000000001,64701.86
64959.54,64078.125,64605.13,65099.516
65622.58,64296.89,65202.91,65239.59
65957.79,64780.77,65920.8,65480.926
66313.59,65476.324,66404.97,66052.79
66724.81,65927.57,66687.23,66475.98
67295.13,66113.664,67269.31,66634.98
67442.71,66368.01,67565.32,66813.78
67877.07,66953.03,67833.37,67337.58
68142.79,67201.91,67998.35,67621.51
68279.08,67292.17,68609.14,67715.92
67295.31,67344.31,68907.02,67762.24
67135.44,67544.85,67763.85,67970.76
67216.18,67096.06,67367.89,67716.945
67244.51,66635.91,67626.85,67329.57
66974.9,66471.875,67794.32,67107.7
66629.82,66571.836,67560.85,67117.72
66313.41,66388.195,67255.86,66989.16
65979.35,65940.67,67071.27,66674.33
65964.98,65566.16,66545.41,66409.016
65947.63,65413.285,66183.09,66316.62
65710.69,65252.203,66174.49,66248.49
65417.76,64997.473,65960.22,66115.125
65348.030000000006,64672.348,65709.67,65952.266
64775.240000000005,64475.008,65761.55,65834.88
64428.78,64287.906,65358.67,65766.95
64010.869999999995,63782.89,64752.07,65535.293
63906.55,63352.133,64339.76,65314.7
63368.85,62953.375,64211.82,65060.19
63147.149999999994,62748.785,63851.3,64935.156
62920.21,62384.297,63358.18,64702.62
62914.89000000001,62093.797,63414.29,64484.387
62655.17,61760.707,63661.89,64142.17
62603.81999999999,61756.836,63021.43,64092.555
62692.36000000001,61646.66,63366.2,64013.664
62590.049999999996,61629.547,63246.95999999999,63999.316
62227.48,61398.18,63339.03,63754.543
62407.079999999994,61487.176,62964.08,63776.332
62405.04,61238.777,63037.19,63653.812
62292.49999999999,61262.527,63063.28999999999,63619.914
61863.98,60848.117,62620.94,63207.902
61405.01,60704.76,62339.42,62971.117
61289.31,60323.816,62167.28,62656.68
60572.39000000001,59941.945,61938.2,62304.12
59941.98999999999,59346.895,61475.93,61632.875
59212.38,58903.008,60795.51,61067.87
58366.0,58365.906,60282.37000000001,60496.67
57986.16000000001,57871.984,59782.32,59950.52
57629.56,57035.715,59070.98,58985.23
57369.95,56572.7,58884.8,58322.02
57215.740000000005,56136.863,58715.45,57762.305
56668.6,55712.906,58267.4,57254.51
55993.27999999999,55030.582,57450.06999999999,56470.25
54781.46000000001,54404.633,56457.899999999994,55825.45
53838.94,53691.812,55406.45,55166.586
52743.95,52769.863,54969.55,54408.81
52019.45,52062.844,53993.71000000001,53565.836
51128.05,50999.7,53174.42,52555.7
50874.11000000001,50324.473,52162.479999999996,51780.066
49720.71,49648.582,51332.06,51043.938
49235.33,49182.363,50281.26000000001,50412.805
48863.84,48475.58,49598.27999999999,49659.06
48460.00000000001,48038.633,49259.21000000001,49108.562
47992.82,47763.234,48639.78,48729.617
47715.18,47539.246,48046.18,48421.883
47383.46,47172.676,47705.26,48023.145
47108.95,47054.96,47396.33,47796.254
46839.93,46927.734,47114.65,47603.734
46616.31,46441.69,46981.32,47434.312
46449.61,46389.7,46712.43,47223.797
46279.43,46196.402,46545.56,46977.97
46348.37,46099.41,46391.04,46857.85
46223.19,46135.688,46659.69,46839.094
46046.01,46124.25,46497.36,46847.348
45972.71,46174.715,46446.74,46911.277
46336.38,46260.547,46634.49,47003.934
46549.77,46657.656,47016.38,47210.74
46864.91,47200.664,47282.12,47610.312
47379.81,47992.44,47450.94,48122.18
48571.61000000001,48950.004,48073.26,48707.92
49099.05999999999,50364.0,48954.16,49381.375
49239.83000000001,51769.32,49611.69999999999,50297.9
50132.73,52797.875,49885.34,50996.0
52247.36,53297.727,50974.29,51398.793
53914.55999999999,54340.867,53291.09,51908.547
55291.63,55811.402,55035.01000000001,52984.695
56637.51,57020.395,56322.94999999999,54106.066
58229.03,57929.785,57545.04000000001,55195.082
59436.99,59032.48,59465.05,56439.367
60849.17,60022.734,60507.79,57874.793
61887.670000000006,60749.598,61566.69,59151.18
62636.52,61592.375,62545.7,60399.344
63134.74,62228.01,63432.83,61731.21
63740.219999999994,62957.406,63976.42,62968.17
64390.54,63232.52,64194.03,63657.824
64217.57000000001,63571.863,64708.03,64146.074
64605.13,64232.527,64685.56,64873.996
65202.91,64487.688,65198.27999999999,65298.773
65920.8,64632.36,65876.18,65380.887
66404.97,65060.25,66463.37,65532.84
66687.23,65833.29,66628.86,66100.31
67269.31,66331.64,66712.86,66537.125
67565.32,66483.96,67094.06,66627.984
67833.37,66826.08,67646.12,66778.15
67998.35,67369.03,67565.04,67220.97
68609.14,67602.055,67805.35,67463.875
68907.02,67610.73,67972.67,67445.2
67763.85,67773.31,67986.53,67481.125
67367.89,68053.36,67343.01,67729.63
67626.85,67516.234,66855.89,67445.766
67794.32,66914.12,66824.26,66961.875
67560.85,66813.734,66657.95,66718.234
67255.86,67015.086,65917.68,66758.65
67071.27,66887.71,65644.08,66622.13
66545.41,66485.47,65436.259999999995,66278.82
66183.09,66198.18,64841.229999999996,65994.39
66174.49,65996.664,64467.98,65843.33
65960.22,65710.59,64440.42,65638.164
65709.67,65401.504,64212.649999999994,65391.258
65761.55,65069.62,63973.28999999999,65147.293
65358.67,64854.875,63528.48999999999,64988.043
64752.07,64721.117,63199.72,64916.28
64339.76,64335.96,63010.01,64650.94
64211.82,63763.91,62266.58000000001,64284.207
63851.3,63309.133,62349.29,63966.7
63358.18,63081.645,62580.31,63819.246
63414.29,62741.43,62302.74,63575.445
63661.89,62344.36,62177.909999999996,63269.91
63021.43,62133.758,62631.880000000005,63017.387
63366.2,62345.242,62649.18000000001,63071.734
63246.95999999999,62075.02,62579.159999999996,62887.6
63339.03,62203.715,62315.9,62895.35
62964.08,61948.926,62707.33,62648.184
63037.19,62022.12,62043.24,62629.55
63063.28999999999,61858.273,61898.26,62420.86
62620.94,61785.99,61432.89000000001,62219.37
62339.42,61370.164,61185.41999999999,61769.492
62167.28,60991.305,60868.13999999999,61374.137
61938.2,60581.504,60762.16,60953.586
61475.93,60325.766,60338.200000000004,60613.207
60795.51,59698.27,59437.229999999996,60023.047
60282.37000000001,59327.688,58600.73,59537.39
59782.32,58813.97,57636.80000000001,59005.035
59070.98,58402.277,56938.27,58513.59
58884.8,57734.395,56206.22,57786.883
58715.45,57210.855,55976.09999999999,57126.535
58267.4,56850.473,56061.54,56600.836
57450.06999999999,56504.3,55269.59999999999,56171.363
56457.899999999994,55743.906,54951.98,55440.867
55406.45,54949.75,54572.02999999999,54685.59
54969.55,54051.91,53241.97,53901.05
53993.71000000001,53089.434,52043.82,53102.266
53174.42,52413.695,51096.25,52491.848
52162.479999999996,51481.305,50218.53,51628.184
51332.06,50810.195,49051.270000000004,50924.61
50281.26000000001,50083.305,48346.55000000001,50183.93
49598.27999999999,49393.766,47686.0,49476.14
49259.21000000001,48570.914,46669.28,48685.016
48639.78,48091.945,46113.6,48139.934
48046.18,47812.18,45664.18,47794.363
47705.26,47532.836,44479.92,47505.58
47396.33,47065.22,43964.69,47077.086
47114.65,46896.99,43475.67,46844.824
46981.32,46762.65,42797.31,46653.055
46712.43,46729.09,42688.91,46221.195
46545.56,46541.68,42194.85,45410.86
46391.04,46482.688,42206.52,44911.08
46659.69,46399.855,42083.33,44474.824
46497.36,46500.27,41677.29,44239.01
46446.74,46623.344,41482.39,44045.547
46634.49,46737.035,41102.58,43868.598
47016.38,46919.598,41171.48,43743.324
47282.12,47521.777,40934.84,43775.066
47450.94,48163.957,40695.3,43906.566
48073.26,49016.277,40486.08,44095.82
48954.16,49865.684,40674.65,44234.65
49611.69999999999,51274.645,40976.35,44383.977
49885.34,52418.32,40903.53,44683.4
50974.29,53479.27,40601.5,44907.16
53291.09,54122.99,40745.05,44811.977
55035.01000000001,55339.906,41679.81,44673.887
56322.94999999999,56934.6,42144.37,45204.074
57545.04000000001,58257.035,43077.9,45683.344
59465.05,59137.33,43704.74,46031.965
60507.79,60162.188,44789.03,46208.47
61566.69,61083.82,45865.81,47009.887
62545.7,61747.297,46299.26,47773.785
63432.83,62349.73,47233.22,48685.902
63976.42,63083.223,47963.72,49458.395
64194.03,63524.68,48742.76,50762.844
64708.03,63830.453,49512.99,51765.547
64685.56,63953.77,50419.33000000001,52511.2
65198.27999999999,64543.668,51342.02,53333.207
65876.18,64589.08,51883.45,54138.363
66463.37,64748.76,52452.69000000001,54883.54
66628.86,65209.57,52953.97,55629.824
66712.86,65971.69,52963.35,56289.94
67094.06,66039.39,53149.62,56723.02
67646.12,65975.01,53851.46,56943.33
67565.04,66176.06,54223.34999999999,57242.184
67805.35,66858.65,54885.61000000001,57594.832
67972.67,66778.17,55269.63,57609.65
67986.53,66740.766,55468.86,57591.87
67343.01,66807.13,55415.58,57614.117
66855.89,67013.086,54981.280000000006,57584.953
66824.26,66520.11,54635.18,57289.203
66657.95,66019.92,54538.61,56950.94
65917.68,65810.92,54139.5,56727.47
65644.08,65923.8,53340.22,56473.234
65436.259999999995,65267.25,52965.29,55931.992
64841.229999999996,64752.547,52755.37,55556.36
64467.98,64450.53,52444.07,55313.695
64440.42,64262.6,52150.780000000006,54914.695
64212.649999999994,63802.03,52001.51999999999,54460.96
63973.28999999999,63586.223,51846.96,54211.27
63528.48999999999,63333.348,51733.01000000001,53949.008
63199.72,63288.777,51437.65,53692.195
63010.01,62923.61,51443.78,53392.03
62266.58000000001,62509.1,51011.46,53150.41
62349.29,62322.402,50755.23,53031.734
62580.31,61915.125,50623.46,52737.9
62302.74,61837.207,50728.32,52677.24
62177.909999999996,61896.4,50540.94999999999,52688.71
62631.880000000005,61678.47,50480.49,52539.46
62649.18000000001,61433.875,50750.88,52469.145
62579.159999999996,61721.676,50834.25000000001,52723.344
62315.9,61748.723,51167.45,52714.15
62707.33,61571.266,50829.100000000006,52606.062
62043.24,61079.566,51309.11,52480.938
61898.26,61243.277,51015.81,52714.29
61432.89000000001,60890.188,51287.409999999996,52562.918
61185.41999999999,60561.652,51272.24,52404.848
60868.13999999999,59858.562,51273.34999999999,52175.2
60762.16,59619.867,50938.67,52081.914
60338.200000000004,59322.875,50863.53,51884.074
59437.229999999996,59124.027,50469.81,51691.473
58600.73,58354.04,49626.91999999999,51334.746
57636.80000000001,57763.668,48903.86,50933.758
56938.27,57109.69,48629.26999999999,50459.79
56206.22,56436.37,47837.21,49942.234
55976.09999999999,55470.094,47099.66,49448.184
56061.54,55050.38,47243.24,48978.51
55269.59999999999,54795.58,46869.39,48593.938
54951.98,54717.168,47090.24,48349.92
54572.02999999999,53686.68,46850.59,47923.777
53241.97,53253.13,46341.34,47584.008
52043.82,52825.734,45435.51,47237.895
51096.25,51880.625,45016.72,46561.023
50218.53,50549.934,43963.1,46033.145
49051.270000000004,49647.863,43126.38,45227.676
48346.55000000001,48763.633,42477.4,44456.875
47686.0,47917.953,41873.46,43657.49
46669.28,47035.027,41160.08,43099.49
46113.6,46486.18,40295.18,42520.19
45664.18,45829.938,40067.43,41908.188
44479.92,45360.465,39651.09,41474.523
43964.69,44887.348,39080.45,41227.207
43475.67,44173.113,38904.52,40658.293
42797.31,43716.22,38726.19,40360.047
42688.91,43430.133,38272.15,40145.883
42194.85,43216.133,37856.79,39031.316
42206.52,42912.742,37833.2,38298.68
42083.33,42592.86,37773.58,38104.527
41677.29,42660.453,37708.92,38221.098
41482.39,42510.59,37673.7,38149.44
41102.58,42265.266,37614.82,38086.41
41171.48,42040.387,37307.23,38086.887
40934.84,41794.07,37263.48,38081.312
40695.3,41748.832,37339.21,38095.656
40486.08,41703.324,37464.86,38180.535
40674.65,41598.38,37509.93,38205.297
40976.35,41537.69,36232.22,38243.01
40903.53,41930.09,37170.67,38274.707
40601.5,42431.723,37149.03,38477.59
40745.05,42619.336,37040.04,38532.36
41679.81,42659.29,37150.47,38505.08
42144.37,43397.715,37047.54,38401.477
43077.9,44506.617,37020.94,38675.42
43704.74,45401.0,37225.85,38808.367
44789.03,46310.438,37969.92,39067.625
45865.81,47597.566,38954.69,39073.652
46299.26,48304.76,39139.37,39354.26
47233.22,49272.51,39636.49,39980.62
47963.72,49700.812,40174.31,40429.0
48742.76,50504.434,41170.51,40809.633
49512.99,50586.402,41402.6,41622.406
50419.33000000001,51488.348,42095.74,43031.89
51342.02,51969.32,42843.4,43931.086
51883.45,53045.15,43755.75,44809.73
52452.69000000001,53353.438,44275.16,45461.285
52953.97,53610.023,44946.35,46005.816
52963.35,53859.008,45793.38,46505.16
53149.62,54686.824,46373.16,47156.73
53851.46,54325.47,46403.77,47309.445
54223.34999999999,54176.445,46890.9,47600.97
54885.61000000001,54565.223,47445.91,48171.453
55269.63,55256.574,47944.48,48712.586
55468.86,55283.65,48177.55000000001,48911.918
55415.58,55338.145,48437.72,49063.61
54981.280000000006,55307.445,49054.16,49125.37
54635.18,55478.914,49105.78,49189.52
54538.61,54911.53,48930.719999999994,49020.203
54139.5,54429.46,48444.18,48966.297
53340.22,54229.02,48163.41,48967.14
52965.29,54250.387,47989.54000000001,48861.508
52755.37,53389.32,47529.64,48291.86
52444.07,52807.723,47151.12,48023.008
52150.780000000006,52547.277,46638.42,47972.383
52001.51999999999,52604.297,46321.03,47908.875
51846.96,52162.906,46413.51,47489.234
51733.01000000001,51860.92,46070.85,47189.586
51437.65,51691.027,46140.35,47003.184
51443.78,51863.457,46408.34,46897.06
51011.46,51523.6,46083.4,46511.73
50755.23,51402.39,45787.13,46402.93
50623.46,51153.812,45636.93,46326.316
50728.32,51104.41,45828.28,46326.406
50540.94999999999,51020.082,45755.14,46251.023
50480.49,51056.74,45607.66,46335.406
50750.88,51006.227,45950.11,46420.855
50834.25000000001,50991.062,46538.89,46549.938
51167.45,51190.277,46952.64,46742.355
50829.100000000006,51329.1,47192.48,46942.105
51309.11,51486.31,47495.41,47184.98
51015.81,51232.547,48451.36,47188.555
51287.409999999996,51391.8,48490.7,47433.23
51272.24,51316.848,48546.39,47625.26
51273.34999999999,51321.2,48637.7,47909.16
50938.67,51028.805,49293.26999999999,47980.77
50863.53,50994.754,49231.36000000001,48202.51
50469.81,50774.836,49044.3,48357.66
49626.91999999999,50630.7,48738.03,48546.906
48903.86,49946.91,48722.43,48320.777
48629.26999999999,49377.57,48416.96,48239.184
47837.21,48871.91,48048.780000000006,48193.1
47099.66,48663.695,47597.04,48243.305
47243.24,47791.645,47898.38,47767.63
46869.39,47309.71,48049.28,47587.734
47090.24,47465.36,48383.590000000004,47693.543
46850.59,47268.934,48370.68,47624.902
46341.34,46804.504,48097.68,47277.016
45435.51,46640.812,47541.8,47199.746
45016.72,46293.0,46705.83,46980.145
43963.1,45642.938,46172.5,46565.562
43126.38,44778.582,45013.55,46165.777
42477.4,43953.55,44331.19,45900.46
41873.46,43173.23,43776.91,45431.996
41160.08,42661.586,43373.75,44984.94
40295.18,41891.234,41866.89,44287.383
40067.43,41304.074,41406.58,43700.555
39651.09,40747.15,40888.75,43076.406
39080.45,40405.758,40680.98,42571.945
38904.52,39861.785,40415.51,41938.383
38726.19,39387.676,40228.85,41373.76
38272.15,39159.27,40104.92,40976.45
37856.79,38998.2,39938.16,40625.582
37833.2,38795.1,39774.1,40845.176
37773.58,38461.434,39743.49,40859.035
37708.92,38292.17,39611.02,40970.285
37673.7,38218.035,39741.08,41113.96
37614.82,37947.367,39527.43,41185.86
37307.23,37854.1,39513.43,41400.348
37263.48,37777.066,39667.14,41636.848
37339.21,37590.406,39873.85,41814.668
37464.86,37358.016,40424.3,42061.07
37509.93,37450.652,40555.26,42541.918
36232.22,37575.17,40894.51,43056.63
37170.67,37716.27,41379.96,43634.113
37149.03,37084.406,42752.18,43948.78
37040.04,37528.766,43714.86,44868.062
37150.47,37918.504,44164.43,45849.605
37047.54,38033.76,45674.92,46722.13
37020.94,38496.426,49634.76,48141.945
37225.85,38935.594,51733.78,49524.223
37969.92,39170.74,53458.03,50727.902
38954.69,39565.824,55105.35,51939.703
39139.37,40549.05,57197.11,54059.254
39636.49,41624.76,58403.02,56123.375
40174.31,41964.08,59484.549999999996,57621.367
41170.51,42427.094,60564.92,58785.977
41402.6,42705.594,61513.84,60744.08
42095.74,43796.06,62178.80000000001,62190.582
42843.4,44402.58,62623.11,62866.79
43755.75,44994.832,62941.51,63045.504
44275.16,46035.223,62801.469999999994,64033.94
44946.35,46737.39,62907.450000000004,64537.1
45793.38,47140.125,63595.87999999999,64573.03
46373.16,47618.098,64752.82,64443.043
46403.77,48583.22,64979.84,65262.348
46890.9,48941.49,65040.05,65496.227
47445.91,48932.594,65115.17,65217.723
47944.48,49145.777,65384.79000000001,64878.13
48177.55000000001,49825.05,65177.34,65514.258
48437.72,49931.06,65632.94,65682.29
49054.16,49866.74,65662.53,65464.18
49105.78,49738.207,65822.92,65170.01
48930.719999999994,50226.785,65803.1,65736.484
48444.18,49998.414,65537.41,65749.88
48163.41,49612.355,65401.44,65368.59
47989.54000000001,49090.72,65558.5,64781.586
47529.64,49025.684,65376.91999999999,64737.14
47151.12,48736.836,65237.62,64503.445
46638.42,48359.305,64837.36,64162.848
46321.03,48006.324,64360.6,63792.285
46413.51,47918.71,63944.7,63836.3
46070.85,47608.945,63927.78,63687.0
46140.35,47618.324,63601.350000000006,63672.426
46408.34,47443.6,63279.78,63650.184
46083.4,47708.742,63247.36,63813.867
45787.13,47923.168,62979.74999999999,63994.688
45636.93,47841.902,62272.47,64042.688
45828.28,47717.652,61844.39,63897.75
45755.14,47848.855,61624.17,63713.844
45607.66,47974.41,61401.6,63604.297
45950.11,48036.176,61033.75,63513.855
46538.89,48011.137,60988.07,63378.582
46952.64,48300.51,60923.61,63134.586
47192.48,48649.688,60831.16,63184.785
47495.41,48939.875,60969.35,63420.33
48451.36,49122.75,61212.52,63565.137
48490.7,49202.492,60869.0,63249.93
48546.39,49673.08,60539.19999999999,63335.113
48637.7,49663.453,60695.810000000005,63489.23
49293.26999999999,49617.47,60465.08,63430.758
49231.36000000001,49407.105,59933.73,62810.582
49044.3,49809.234,59531.530000000006,62722.168
48738.03,49843.137,59291.53,62725.21
48722.43,49882.49,59251.50000000001,62508.992
48416.96,49568.684,58481.82,61576.527
48048.780000000006,49760.8,57707.87999999999,61073.117
47597.04,49753.51,56829.46,60697.63
47898.38,49713.008,56277.04,60235.33
48049.28,49243.64,56059.15000000001,59094.863
48383.590000000004,49267.19,55809.87,58497.426
48370.68,49147.277,55692.32,58057.61
48097.68,49068.92,55334.26,57575.734
47541.8,48490.027,54602.73999999999,56495.477
46705.83,47927.598,53746.85,55661.21
46172.5,47227.023,52696.13,54801.83
45013.55,46416.176,51719.50000000001,53892.938
44331.19,45975.75,50335.25000000001,52958.383
43776.91,44880.34,49241.229999999996,51912.83
43373.75,44143.043,48606.18,51086.984
41866.89,43530.508,47924.27,50404.25
41406.58,43070.945,46736.64,49614.492
40888.75,41998.715,46253.35,48628.566
40680.98,41467.418,45716.46,47919.273
40415.51,41112.945,45320.16,47374.45
40228.85,40918.24,44893.21,46783.07
40104.92,40587.52,44513.63,46261.46
39938.16,40554.113,44464.35,45929.25
39774.1,40471.492,44211.4,45634.855
39743.49,40785.383,43926.15,44990.758
39611.02,40410.543,43735.92,44831.027
39741.08,40466.582,43655.08,44780.64
39527.43,40385.86,43710.19,44654.34
39513.43,40472.227,43627.01,44718.91
39667.14,40316.395,43589.19,44650.312
39873.85,40255.453,43778.43,44660.29
40424.3,40455.258,43905.66,44816.96
40555.26,41088.164,44451.28,45162.938
40894.51,41917.77,44933.0,45718.074
41379.96,42854.43,45244.73,46333.19
42752.18,43884.938,45841.05,47012.4
43714.86,45464.84,46745.4,47817.117
44164.43,47221.8,47086.3,48905.32
45674.92,48829.918,47831.37,49935.25
49634.76,49780.92,49080.81999999999,50589.93
51733.78,51379.812,51439.37,51517.586
53458.03,54071.617,53005.89,53353.188
55105.35,55936.15,54522.9,54958.684
57197.11,56918.457,55826.27,56178.098
58403.02,58213.33,57438.54,57580.4
59484.549999999996,59337.465,58686.69,59015.527
60564.92,60156.047,59903.76,60187.816
61513.84,60873.883,60651.17,61172.734
62178.80000000001,61415.355,61332.46,62226.363
62623.11,62110.45,61945.38,63214.727
62941.51,62503.83,62409.28,63863.562
62801.469999999994,62828.895,62741.27,64289.027
62907.450000000004,63451.35,63074.48000000001,64955.477
63595.87999999999,63537.812,63433.0,65149.895
64752.82,63570.945,64128.81,65102.875
64979.84,63953.9,64678.81,65198.92
65040.05,64988.09,65019.71,65897.86
65115.17,65304.45,65715.51,66183.95
65384.79000000001,65310.85,66377.67,66161.19
65177.34,65358.293,66735.17,66139.45
65632.94,65796.13,67285.86,66525.2
65662.53,65705.22,67641.48,66549.09
65822.92,65681.305,67644.83,66523.79
65803.1,65598.375,67903.19,66491.35
65537.41,65694.72,67253.4,66668.83
65401.44,65523.39,66844.79,66613.3
65558.5,65117.21,66960.33,66307.4
65376.91999999999,64775.277,66996.31,65985.26
65237.62,64852.312,66723.36,65985.86
64837.36,64695.91,66643.47,65865.19
64360.6,64399.555,66717.87,65622.945
63944.7,64032.676,66485.46,65358.844
63927.78,63819.008,65766.18,65219.336
63601.350000000006,63455.55,65970.85,65037.508
63279.78,63167.477,65280.74,64859.266
63247.36,62809.37,65323.399999999994,64667.445
62979.74999999999,62588.58,65304.25000000001,64538.88
62272.47,62370.547,64995.79000000001,64441.984
61844.39,62116.66,64365.36000000001,64290.52
61624.17,61563.164,64006.27,63986.527
61401.6,61219.965,64313.119999999995,63702.508
61033.75,60968.926,63795.69999999999,63507.87
60988.07,60778.902,63647.32,63345.375
60923.61,60567.957,63164.44000000001,63180.383
60831.16,60451.92,62896.69999999999,62998.85
60969.35,60515.832,62654.51,63001.965
61212.52,60508.89,62967.68,63038.973
60869.0,60616.39,62939.52,63163.65
60539.19999999999,60550.316,62935.16000000001,63143.53
60695.810000000005,60383.703,62698.78,63178.785
60465.08,60067.67,62503.7,63179.797
59933.73,59971.453,62440.84,63279.95
59531.530000000006,59367.3,61924.2,62942.97
59291.53,58915.957,61377.94,62692.863
59251.50000000001,58423.75,60768.28,62437.715
58481.82,58083.86,60256.09,62216.402
57707.87999999999,57543.324,59698.95999999999,61630.41
56829.46,57118.184,58772.659999999996,61158.656
56277.04,56543.168,58062.02,60659.746
56059.15000000001,55985.168,57652.409999999996,60092.258
55809.87,55223.992,57442.8,59112.344
55692.32,54855.824,57370.71,58477.918
55334.26,54451.848,57112.630000000005,57909.633
54602.73999999999,54020.137,56696.46000000001,57373.312
53746.85,53279.4,55981.2,56336.85
52696.13,52474.047,54841.45,55388.203
51719.50000000001,51616.168,53736.55,54437.76
50335.25000000001,50701.168,52698.93000000001,53478.695
49241.229999999996,50034.24,51818.6,52501.47
48606.18,48886.81,50862.53,51316.723
47924.27,48031.88,49890.06,50355.72
46736.64,47364.855,48882.69000000001,49602.867
46253.35,46775.883,48068.91,48895.637
45716.46,45932.695,47561.73,48080.09
45320.16,45468.867,46932.46,47527.63
44893.21,45148.523,46425.27,47118.21
44513.63,44898.035,46103.13,46781.773
44464.35,44539.6,45900.34,46396.355
44211.4,44400.344,45773.85,46152.03
43926.15,44374.48,45355.25,46030.086
43735.92,44355.203,44790.21,45732.875
43655.08,44058.344,44582.01,45476.355
43710.19,43913.855,44476.64,45354.76
43627.01,43874.01,44264.7,45325.3
43589.19,43956.953,44037.0,45421.496
43778.43,43863.367,43970.92,45450.453
43905.66,43854.9,44126.8,45532.316
44451.28,44042.344,44318.61,45748.637
44933.0,44575.664,44483.41,46117.14
45244.73,45234.566,44819.05,46702.203
45841.05,46225.06,45197.44,47470.477
46745.4,47222.242,45858.67,48234.895
47086.3,48777.277,46955.85,49152.73
47831.37,50155.8,47484.89,50153.56
49080.81999999999,51120.3,48300.61,50913.418
51439.37,51990.594,49495.31,51538.016
53005.89,53496.527,52346.13,52383.14
54522.9,55128.113,54176.85,53628.44
55826.27,56324.29,55607.36000000001,54783.953
57438.54,57242.152,56955.64000000001,55844.953
58686.69,58330.91,58528.57,57051.598
59903.76,59263.79,59395.14,58285.95
60651.17,60020.484,60632.69999999999,59363.56
61332.46,60806.72,61629.83,60347.4
61945.38,61249.477,62473.94,61320.527
62409.28,61876.69,62844.66999999999,62230.047
62741.27,62255.168,63315.04,62836.453
63074.48000000001,62596.312,63641.33000000001,63251.184
63433.0,63182.656,63390.14,63875.32
64128.81,63547.03,63837.36,64283.438
64678.81,63786.05,64178.51,64450.09
65019.71,64214.586,64456.79,64676.645
65715.51,64967.383,64966.31,65270.43
66377.67,65266.39,65335.55999999999,65593.484
66735.17,65570.5,65624.42,65816.64
67285.86,65951.805,66090.4,66087.96
67641.48,66479.85,66977.48,66566.07
67644.83,66794.21,67890.89,66864.08
67903.19,66906.6,67962.66,66964.08
67253.4,66840.56,68023.84,66920.39
66844.79,67041.3,66861.5,67099.48
66960.33,66749.63,66290.65,66942.805
66996.31,66199.5,65906.23,66512.016
66723.36,65965.516,65841.37,66232.13
66643.47,66058.31,65657.58,66219.31
66717.87,65887.57,64981.25000000001,66073.06
66485.46,65601.15,64197.23,65828.71
65766.18,65459.746,63993.98,65679.26
65970.85,65457.855,63230.09,65653.33
65280.74,65053.312,63192.18000000001,65451.727
65323.399999999994,64815.258,63488.600000000006,65301.11
65304.25000000001,64353.816,63481.67,65058.758
64995.79000000001,64235.984,63589.14,64982.062
64365.36000000001,64118.258,63614.7,64966.105
64006.27,63770.24,63003.98,64829.633
64313.119999999995,63291.875,62752.05000000001,64593.953
63795.69999999999,62924.24,62780.53,64350.164
63647.32,62941.76,62791.93,64329.965
63164.44000000001,62678.875,62405.73,64167.52
62896.69999999999,62501.96,61904.0,64031.215
62654.51,62167.73,61520.17,63734.723
62967.68,62022.48,61478.50000000001,63617.51
62939.52,61953.242,61354.83,63538.746
62935.16000000001,62109.664,61494.04,63623.51
62698.78,61938.777,60922.659999999996,63496.36
62503.7,61960.176,60887.51999999999,63536.0
62440.84,61820.957,61014.86,63506.973
61924.2,61596.69,61045.399999999994,63404.336
61377.94,61051.2,60770.31,62972.324
60768.28,60656.176,60008.87000000001,62639.504
60256.09,60104.71,59303.06999999999,62237.79
59698.95999999999,59615.58,59034.75,61824.117
58772.659999999996,58791.227,58327.87999999999,61067.953
58062.02,58379.902,57468.50000000001,60533.953
57652.409999999996,57766.656,56901.27,59955.703
57442.8,57259.75,56348.22,59422.387
57370.71,56543.637,55597.84,58612.73
57112.630000000005,56134.5,55487.170000000006,58068.043
56696.46000000001,55776.43,55208.12,57660.297
55981.2,55334.832,54705.91,57255.32
54841.45,54516.59,53810.13,56430.297
53736.55,53714.684,52774.920000000006,55696.332
52698.93000000001,52775.52,51439.119999999995,54882.707
51818.6,51776.273,50577.83999999999,54013.957
50862.53,51084.965,49855.95,53013.285
49890.06,50085.863,48821.24,51947.465
48882.69000000001,49427.93,47975.37,51129.73
48068.91,48717.2,46939.5,50330.4
47561.73,47947.906,45976.18,49469.652
46932.46,47177.703,45573.8,48672.156
46425.27,46788.4,44960.83,48139.047
46103.13,46432.97,44668.44,47678.277
45900.34,46120.254,44122.03,47298.34
45773.85,45781.344,43827.77,46896.574
45355.25,45718.0,43805.58,46679.46
44790.21,45700.33,43668.27,46561.28
44582.01,45211.137,42873.14,46204.28
44476.64,44916.777,42690.41,45933.414
44264.7,44578.574,42701.69,45697.43
44037.0,44452.508,42878.15,45625.52
43970.92,44354.977,42812.87,45618.254
44126.8,44117.438,42766.25,45549.5
44318.61,44074.125,42759.48,45604.5
44483.41,44301.14,42921.77,45836.8
44819.05,44948.254,43450.06,46251.29
45197.44,45580.164,43719.57,46786.867
45858.67,46537.74,43966.48,47490.973
46955.85,47665.51,44425.7,48250.637
47484.89,49249.684,45331.02,49125.367
48300.61,50732.47,45906.35,50177.785
49495.31,51774.895,46659.16,50965.223
52346.13,52682.414,47822.86,51608.645
54176.85,54083.176,50720.119999999995,52421.773
55607.36000000001,55876.617,52317.67,53821.18
56955.64000000001,57209.977,53527.77,55143.547
58528.57,58056.25,55023.83,56268.867
59395.14,59107.92,56279.1,57557.46
60632.69999999999,59974.664,57461.39000000001,58843.504
61629.83,60526.766,58523.41,59863.836
62473.94,61231.906,59415.28,60838.184
62844.66999999999,61889.387,59844.020000000004,61933.027
63315.04,62605.46,60389.979999999996,62946.55
63641.33000000001,62923.83,61080.05,63547.867
63390.14,63231.074,61514.67,63936.977
63837.36,63885.992,61142.17,64595.832
64178.51,63975.207,61478.26000000001,64795.508
64456.79,64158.07,62119.78,64857.836
64966.31,64465.1,62694.09,64954.637
65335.55999999999,65052.535,62714.57,65397.844
65624.42,65356.535,63042.28,65664.94
66090.4,65543.26,63624.2,65772.54
66977.48,65703.15,63913.810000000005,65856.14
67890.89,66248.9,64231.53,66308.98
67962.66,66621.086,64676.240000000005,66648.98
68023.84,66977.484,65437.89,66925.48
66861.5,67042.164,65850.42,67007.91
66290.65,67210.91,65471.58,67226.03
65906.23,66614.3,65347.14,66862.234
65841.37,65916.21,65358.07,66308.34
65657.58,65414.344,65495.38999999999,65839.0
64981.25000000001,65402.17,64831.270000000004,65733.07
64197.23,65138.137,64691.26,65503.84
63993.98,64594.656,64278.1,65082.684
63230.09,63914.41,63587.11,64589.312
63192.18000000001,63762.812,63174.409999999996,64400.605
63488.600000000006,63206.15,63066.62,64028.906
63481.67,62800.24,62808.77,63748.62
63589.14,62784.734,62847.21,63717.48
63614.7,62901.113,62371.07,63791.438
63003.98,62767.953,61519.58,63774.37
62752.05000000001,62686.055,61025.2,63736.895
62780.53,62291.07,61010.03,63573.035
62791.93,62079.336,60950.41999999999,63412.832
62405.73,61931.77,60543.05000000001,63345.055
61904.0,61874.285,60081.94,63287.887
61520.17,61636.582,59703.770000000004,63142.188
61478.50000000001,61245.434,59849.520000000004,62802.55
61354.83,60999.27,59845.76,62613.125
61494.04,60979.75,59621.73,62554.637
60922.659999999996,60948.734,60210.39,62559.293
60887.51999999999,60754.277,60045.06,62378.023
61014.86,60509.195,59900.840000000004,62271.07
61045.399999999994,60323.973,59514.02999999999,62184.71
60770.31,60314.586,59474.16,62193.617
60008.87000000001,59844.715,59190.07,61799.41
59303.06999999999,59585.867,58410.74,61555.33
59034.75,58964.55,58094.92999999999,61147.83
58327.87999999999,58379.617,57773.5,60711.965
57468.50000000001,57672.336,56931.98,59997.094
56901.27,57224.28,55932.99,59430.85
56348.22,56662.816,55407.40000000001,58852.258
55597.84,56205.59,55132.55999999999,58363.805
55487.170000000006,55499.355,54807.16,57556.29
55208.12,54878.777,54724.66,56865.78
54705.91,54440.793,54554.32,56343.49
53810.13,53996.67,54217.97,55885.652
52774.920000000006,53140.68,53472.62999999999,55032.695
51439.119999999995,52224.727,52443.06,54186.402
50577.83999999999,51263.793,51432.01000000001,53330.383
49855.95,50144.344,50615.06999999999,52357.66
48821.24,49349.836,49570.22,51352.535
47975.37,48488.793,48762.81,50318.707
46939.5,47812.266,47934.27,49478.83
45976.18,47106.1,47099.75,48671.348
45573.8,46317.23,46737.36,47798.586
44960.83,45425.453,46139.36,46863.086
44668.44,45034.84,45631.67,46306.65
44122.03,44668.16,45009.92,45822.207
43827.77,44408.93,44190.32,45485.246
43805.58,43992.254,43617.23,45030.906
43668.27,43824.72,43378.98,44776.36
42873.14,43808.47,43131.62,44697.29
42690.41,43371.48,42596.38,44556.773
42701.69,43065.695,42804.27,44150.508
42878.15,42742.99,42657.59,43872.5
42812.87,42672.484,42868.17,43796.895
42766.25,42825.816,42991.99,43901.73
42759.48,42781.28,43132.37,43932.074
42921.77,42851.5,43160.12,44070.543
43450.06,43014.13,43193.38,44272.727
43719.57,43560.336,43907.47,44630.215
43966.48,44369.684,44120.96,45241.273
44425.7,45325.96,44375.58,45910.914
45331.02,46300.246,44792.54,46544.195
45906.35,47584.734,45924.0,47173.137
46659.16,48754.586,46698.24,47973.844
47822.86,49678.72,47170.5,48629.066
50720.119999999995,50552.684,48208.15000000001,49212.973
52317.67,51976.562,50484.87000000001,49893.883
53527.77,54064.336,51955.83,51351.156
55023.83,55431.33,53483.1,52641.332
56279.1,56243.53,54849.24,53746.465
57461.39000000001,57452.527,56600.13,55080.906
58523.41,58310.297,57543.37,56452.67
59415.28,59016.598,58586.24999999999,57746.38
59844.020000000004,59742.168,59478.16999999999,58950.832
60389.979999999996,60265.02,60351.51,60182.59
61080.05,60596.95,60896.439999999995,61021.402
61514.67,60896.54,61242.92999999999,61647.676
61142.17,61316.926,61548.520000000004,62106.035
61478.26000000001,62050.312,61490.58,62852.105
62119.78,62054.918,61879.98000000001,63093.875
62694.09,62167.84,62251.61,63144.05
62714.57,62607.51,62948.99,63296.395
63042.28,63471.58,63125.64,63924.023
63624.2,63617.285,63346.93,64176.37
63913.810000000005,63722.18,63658.79,64270.453
64231.53,64035.86,63881.83000000001,64487.996
64676.240000000005,64652.203,63944.979999999996,65087.67
65437.89,64763.07,64432.73000000001,65373.56
65850.42,64831.02,65046.42,65479.52
65471.58,65074.223,65602.39,65654.984
65347.14,65456.555,65096.1,66062.68
65358.07,65173.79,64793.26,65988.22
65495.38999999999,64777.74,64925.96,65660.15
64831.270000000004,64534.473,64536.89,65328.094
64691.26,64716.438,63850.15,65340.617
64278.1,64356.266,63430.91,65049.605
63587.11,63919.145,62572.79,64628.184
63174.409999999996,63543.633,61939.61,64246.758
63066.62,63190.406,61425.57000000001,63941.887
62808.77,62786.6,60962.22,63623.66
62847.21,62435.914,60383.6,63293.18
62371.07,62072.13,59826.469999999994,62967.773
61519.58,62074.434,60100.77,62863.184
61025.2,61714.664,59623.329999999994,62610.273
61010.03,61008.996,59506.76,62154.832
60950.41999999999,60459.605,59475.50000000001,61746.637
60543.05000000001,60351.11,59460.35,61567.953
60081.94,60307.293,59513.73,61469.145
59703.770000000004,60034.68,59260.560000000005,61238.027
59849.520000000004,59742.33,58893.21000000001,60956.008
59845.76,59425.05,59441.62,60620.047
59621.73,59504.676,59138.51000000001,60584.133
60210.39,59626.14,59204.84,60579.492
60045.06,59577.094,58892.19999999999,60527.13
59900.840000000004,59610.56,58293.64,60508.406
59514.02999999999,59644.92,57795.8,60592.54
59474.16,59505.73,57655.71,60547.656
59190.07,59198.26,57916.56,60382.062
58410.74,58588.137,57514.33000000001,59896.758
58094.92999999999,58270.992,56844.97,59544.125
57773.5,57632.914,56405.04,58978.137
56931.98,57184.3,55985.719999999994,58457.363
55932.99,56520.727,55102.14,57720.62
55407.40000000001,55945.406,54225.32,57016.74
55132.55999999999,55255.633,53600.48999999999,56274.633
54807.16,54762.387,52976.61,55660.836
54724.66,54144.33,52703.68,54940.86
54554.32,53756.77,52749.96,54343.41
54217.97,53431.617,52409.63999999999,53860.668
53472.62999999999,53053.684,51801.30000000001,53439.473
52443.06,52299.676,50965.6,52773.316
51432.01000000001,51500.33,50077.34999999999,52006.344
50615.06999999999,50598.77,48857.69,51175.87
49570.22,49678.07,48040.15,50319.25
48762.81,48881.562,46927.46,49593.0
47934.27,47998.86,46173.21,48639.59
47099.75,47348.99,45525.57,47887.227
46737.36,46684.555,44837.24,47165.625
46139.36,45998.73,43043.84,46445.992
45631.67,45440.055,42395.9,45816.816
45009.92,45111.668,41827.02,45395.34
44190.32,44790.316,41443.36,45024.586
43617.23,44427.367,41006.61,44681.977
43378.98,43813.25,40856.56,44138.617
43131.62,43450.34,40614.26,43778.074
42596.38,43258.39,40177.4,43571.434
42804.27,43097.07,39815.79,43268.36
42657.59,42668.47,39474.12,42409.33
42868.17,42684.945,39072.02,42018.023
42991.99,42662.297,38926.09,41628.812
43132.37,42878.473,38865.72,41500.24
43160.12,43000.67,39127.84,41322.62
43193.38,43258.195,38918.38,41253.63
43907.47,43521.637,38859.03,41192.277
44120.96,43968.89,38861.84,41163.87
44375.58,44704.07,38769.08,41434.41
44792.54,45510.76,38767.1,41685.31
45924.0,46278.996,38713.35,41899.344
46698.24,47379.258,38869.91,42034.977
47170.5,48536.36,39079.81,42492.305
48208.15000000001,49671.22,39132.4,42867.445
50484.87000000001,50474.89,39142.85,43017.473
51955.83,51932.91,39820.73,43020.098
53483.1,53593.96,40117.42,43631.062
54849.24,54894.883,40676.0,44140.367
56600.13,55940.875,41274.01,44631.336
57543.37,57270.88,42423.42,45078.848
58586.24999999999,58255.086,43288.54,45918.38
59478.16999999999,58992.312,44148.12,46708.902
60351.51,59646.082,45149.38,47574.14
60896.439999999995,60376.094,46307.2,48159.137
61242.92999999999,60681.426,46868.98,49056.945
61548.520000000004,61125.867,47512.57,49990.754
61490.58,61338.316,48353.25,50729.695
61879.98000000001,61967.785,49081.280000000006,51528.703
62251.61,61874.316,49578.329999999994,52227.426
62948.99,61995.543,50275.42,52925.562
63125.64,62247.207,51079.22000000001,53602.984
63346.93,63075.785,51415.12,54393.754
63658.79,63073.508,51956.18,54864.203
63881.83000000001,63048.824,52241.14,55179.566
63944.979999999996,63185.8,52562.22,55505.035
64432.73000000001,63720.35,52617.25000000001,55855.73
65046.42,63619.715,52896.950000000004,55934.473
65602.39,63687.535,53371.27,56037.37
65096.1,63943.4,53438.79000000001,56217.582
64793.26,64462.78,53197.51,56394.57
64925.96,64124.54,53227.63999999999,56193.566
64536.89,63678.54,52808.80000000001,55888.25
63850.15,63565.445,52656.80999999999,55692.938
63430.91,63570.176,52131.07000000001,55380.766
62572.79,62927.9,51645.16,54820.312
61939.61,62371.02,50703.87,54366.95
61425.57000000001,61669.664,50337.75,53835.883
60962.22,61315.574,49714.38,53375.414
60383.6,60813.637,49151.87999999999,52921.61
59826.469999999994,60313.625,48864.03999999999,52483.92
60100.77,59845.71,48765.07,52049.99
59623.329999999994,59561.664,48974.86,51715.215
59506.76,59506.18,48826.80999999999,51626.82
59475.50000000001,59207.6,48571.850000000006,51440.062
59460.35,59014.086,47957.21,51270.617
59513.73,59143.992,47813.37,51278.88
59260.560000000005,59118.285,47648.7,51216.445
58893.21000000001,59091.78,47841.07,51185.703
59441.62,58904.824,47815.45,51081.668
59138.51000000001,58593.176,47895.77,50994.023
59204.84,58876.58,48139.35,51178.164
58892.19999999999,58778.9,48387.73999999999,51140.55
58293.64,58663.465,48486.57,51082.69
57795.8,58215.92,48502.0,51046.574
57655.71,57777.207,48314.16999999999,50935.81
57916.56,57337.645,47930.64000000001,50782.523
57514.33000000001,57094.92,48287.71,50703.82
56844.97,56779.438,48491.97000000001,50724.297
56405.04,56492.293,47830.56,50646.23
55985.719999999994,55978.387,47553.33,50357.37
55102.14,55535.2,47167.85,50042.164
54225.32,54765.2,46685.07,49664.96
53600.48999999999,54142.188,45694.85,49217.29
52976.61,53489.742,45245.48,48716.777
52703.68,52986.336,45038.66,48258.26
52749.96,52131.293,45215.26,47784.895
52409.63999999999,51872.18,45581.89,47378.93
51801.30000000001,51805.06,45436.3,47085.54
50965.6,51477.95,44991.44,46696.09
50077.34999999999,50520.19,44453.53,46277.113
48857.69,49822.277,43735.56,45718.28
48040.15,49040.086,43345.82,45138.668
46927.46,48107.996,42821.07,44494.023
46173.21,47057.816,42030.13,44121.9
45525.57,46297.49,41137.79,43364.71
44837.24,45489.312,40388.45,42611.348
43043.84,44916.63,39773.96,42005.15
42395.9,44201.723,38577.85,41494.164
41827.02,43154.21,37885.18,40602.543
41443.36,42422.777,37597.76,40034.793
41006.61,42010.14,37276.73,39644.74
40856.56,41534.8,36965.41,39369.3
40614.26,41148.85,36665.28,39050.64
40177.4,41006.63,36455.34,38914.81
39815.79,40894.445,36235.91,38766.98
39474.12,40824.574,35833.57,37958.195
39072.02,40262.113,35494.74,37203.31
38926.09,39902.85,35539.63,37041.582
38865.72,39832.168,35529.42,37059.48
39127.84,39485.582,35536.74,36917.508
38918.38,39368.203,35349.01,36997.453
38859.03,39444.863,35315.37,37172.445
38861.84,39402.137,35213.99,37240.168
38769.08,39276.418,35220.97,37160.016
38767.1,39260.383,35232.11,37284.234
38713.35,39189.68,35303.73,37365.68
38869.91,39230.72,35295.97,37511.383
39079.81,39471.727,35465.87,37472.35
39132.4,39746.61,35188.88,37594.688
39142.85,40082.582,35415.03,37725.758
39820.73,40456.22,35142.44,37811.773
40117.42,41313.383,35477.9,37633.496
40676.0,42123.164,35482.64,37625.336
41274.01,42790.797,35650.15,37644.16
42423.42,43496.91,35969.49,37770.57
43288.54,44736.37,36688.28,37779.137
44148.12,45653.31,37339.28,38108.4
45149.38,46583.16,37987.58,38611.35
46307.2,47350.008,38658.54,39182.824
46868.98,48395.098,39749.82,39408.04
47512.57,48704.832,40588.82,39976.06
48353.25,49635.336,40907.54,41317.13
49081.280000000006,50050.83,41744.01,42122.723
49578.329999999994,51128.14,42519.8,42939.61
50275.42,51426.2,42983.46,43610.08
51079.22000000001,51647.4,43483.95,44222.598
51415.12,52012.246,44229.38,44847.81
51956.18,53000.4,44420.5,45596.617
52241.14,52977.27,44972.85,45975.99
52562.22,53092.35,45723.98,46400.61
52617.25000000001,53169.484,46308.24,46756.363
52896.950000000004,53774.47,46814.58,47237.695
53371.27,53628.69,47454.44,47342.53
53438.79000000001,53550.137,47770.59999999999,47467.227
53197.51,53729.82,47804.41,47729.11
53227.63999999999,54048.25,47243.91,47957.73
52808.80000000001,53652.7,47080.8,47994.62
52656.80999999999,53404.637,46390.67,48161.83
52131.07000000001,53034.32,46226.64,48170.523
51645.16,53065.527,45967.38,48142.21
50703.87,52559.42,45233.07,47835.57
50337.75,51952.812,45162.55,47554.594
49714.38,51230.33,44945.04,47201.523
49151.87999999999,51118.12,44772.6,47006.332
48864.03999999999,50613.94,44434.49,46564.8
48765.07,50062.363,44225.8,46163.65
48974.86,49746.73,44137.56,45919.168
48826.80999999999,49913.742,44178.41,45818.035
48571.850000000006,49900.754,43896.91,45625.504
47957.21,49809.496,43435.37,45535.703
47813.37,49646.594,43712.25,45505.395
47648.7,49454.367,43718.03,45463.348
47841.07,49240.824,43899.83,45348.004
47815.45,49160.84,43872.51,45370.375
47895.77,49249.3,44016.32,45521.676
48139.35,49388.523,44352.25,45746.953
48387.73999999999,49421.492,44437.45,45863.12
48486.57,49599.22,44143.84,46069.07
48502.0,49782.08,44342.99,46317.926
48314.16999999999,49684.58,44651.7,46463.07
47930.64000000001,49656.71,44634.28,46620.117
48287.71,49544.89,44854.4,46742.56
48491.97000000001,49288.348,45088.26,46799.22
47830.56,49101.4,45365.06,46886.195
47553.33,49195.94,44757.5,47099.547
47167.85,48856.766,44806.3,47117.445
46685.07,48527.33,44706.32,47164.918
45694.85,47878.367,45020.11,46949.445
45245.48,47469.914,44667.75,46907.96
45038.66,46933.805,44653.19,46781.79
45215.26,46505.535,44408.77,46704.633
45581.89,45963.996,44469.31,46451.277
45436.3,46054.676,44926.07,46559.906
44991.44,46327.914,45075.11,46719.625
44453.53,46237.26,44826.6,46652.805
43735.56,45409.453,44944.1,46149.97
43345.82,44896.934,44483.37,45871.62
42821.07,44418.37,43704.56,45577.316
42030.13,44050.223,42989.58,45308.22
41137.79,43312.562,42076.88,45012.785
40388.45,42575.68,41360.74,44720.934
39773.96,41810.78,40651.65,44215.71
38577.85,41185.062,40025.48,43693.953
37885.18,40388.83,39393.71,43005.48
37597.76,39578.69,39164.47,42294.12
37276.73,38944.188,39212.77,41648.31
36965.41,38608.535,38716.4,41161.703
36665.28,38073.71,38131.66,40582.652
36455.34,37729.61,37930.9,40135.05
36235.91,37485.67,37360.06,39761.785
35833.57,37285.633,37147.28,39438.594
35494.74,37104.957,36825.92,39581.855
35539.63,36910.273,36639.24,39771.727
35529.42,36611.168,36682.95,39810.246
35536.74,36533.28,36501.3,39960.746
35349.01,36313.555,36658.38,40023.957
35315.37,36276.71,36511.64,40262.52
35213.99,36119.773,36591.04,40438.527
35220.97,36005.08,36709.65,40653.402
35232.11,35808.992,37400.56,40871.63
35303.73,35827.02,37782.21,41279.215
35295.97,35799.24,38053.0,41673.734
35465.87,35822.25,38626.38,42165.758
35188.88,35916.145,40431.98,42799.332
35415.03,36234.43,40972.91,43615.895
35142.44,36201.36,41917.2,44257.062
35477.9,36414.08,43405.12,45052.03
35482.64,36743.137,46763.34,46254.836
35650.15,37310.555,48587.44999999999,47520.992
35969.49,37665.754,50130.77,48668.703
36688.28,38048.57,51440.23,49756.527
37339.28,38750.926,53002.350000000006,51530.223
37987.58,39532.215,54046.88999999999,53168.902
38658.54,40164.664,55395.850000000006,54601.883
39749.82,40760.887,56558.37000000001,55902.65
40588.82,41155.39,57698.689999999995,58050.664
40907.54,42129.277,58123.85,59755.19
41744.01,43172.926,58786.189999999995,60905.266
42519.8,43632.605,59590.329999999994,61353.305
42983.46,44601.504,59789.98,62415.734
43483.95,45282.977,60372.18,62959.055
44229.38,45638.96,60872.07,62975.473
44420.5,46052.24,61306.060000000005,62801.906
44972.85,46924.145,61724.22,63539.117
45723.98,47128.83,62053.53,63751.977
46308.24,47383.797,62652.15000000001,63646.914
46814.58,47830.242,62513.92,63629.957
47454.44,48514.98,63263.14,64497.44
47770.59999999999,48693.117,64279.89000000001,64906.043
47804.41,48897.785,64103.450000000004,65048.355
47243.91,48930.53,64243.009999999995,65016.637
47080.8,49055.715,63684.55999999999,65482.086
46390.67,48540.113,63034.03,65186.03
46226.64,48096.98,62562.45999999999,64562.72
45967.38,47500.477,62260.91,63793.63
45233.07,47381.754,62593.86,63695.457
45162.55,47065.98,62688.270000000004,63428.234
44945.04,46523.953,62458.43,62888.633
44772.6,46253.934,62301.91,62491.758
44434.49,46370.67,61889.27,62673.316
44225.8,46175.676,62213.62,62647.67
44137.56,45988.367,62044.82,62510.41
44178.41,45800.945,61767.43,62326.145
43896.91,46000.203,61818.48,62481.887
43435.37,45986.27,61247.850000000006,62540.883
43712.25,45947.773,60907.54000000001,62532.684
43718.03,45717.105,60342.12,62323.527
43899.83,46022.434,59798.95,62233.406
43872.51,46091.36,59490.049999999996,62166.426
44016.32,46233.91,58815.48,62155.242
44352.25,46307.25,58885.47,62110.777
44437.45,46512.66,58948.19000000001,61891.504
44143.84,46713.66,59027.2,61771.895
44342.99,46807.324,59253.42,61801.758
44651.7,46702.184,59121.25,61649.656
44634.28,46679.86,59040.100000000006,61051.05
44854.4,46776.047,58824.08,60840.66
45088.26,46673.855,58780.34,60744.1
45365.06,46807.105,58448.52999999999,60744.01
44757.5,46772.156,58306.15,60228.46
44806.3,46956.176,57763.78999999999,60056.83
44706.32,46654.242,57686.09,59843.46
45020.11,46697.867,57326.37,59637.184
44667.75,46551.17,56124.94,58901.92
44653.19,46835.355,55331.90000000001,58605.28
44408.77,46844.113,54845.049999999996,58423.55
44469.31,46961.867,54574.63,58196.875
44926.07,46719.17,54316.490000000005,57321.2
45075.11,46673.746,54092.950000000004,56804.047
44826.6,46743.19,53702.21000000001,56532.85
44944.1,46668.46,52842.32,56209.047
44483.37,46000.516,51994.58,55064.184
43704.56,45565.316,51041.420000000006,54282.65
42989.58,45023.98,49768.59,53588.59
42076.88,44274.29,48802.09,52725.992
41360.74,43618.785,47617.72,51532.535
40651.65,42587.418,46818.72,50508.004
40025.48,41855.55,46157.33,49698.523
39393.71,41158.53,45481.75,48899.164
39164.47,40439.613,44818.25,47840.746
39212.77,39664.312,44357.19,47018.094
38716.4,39413.508,44022.06,46486.23
38131.66,39409.99,43736.84,46102.93
37930.9,39197.47,42762.9,45450.56
37360.06,38623.87,42452.08,44703.48
37147.28,38439.438,42214.59,44227.523
36825.92,38110.613,41935.95,43706.246
36639.24,38286.344,41350.95,43098.52
36682.95,37896.96,41462.74,42901.363
36501.3,37811.5,41293.2,42760.438
36658.38,37701.625,41452.27,42643.09
36511.64,37646.95,41475.25,42601.47
36591.04,37599.586,41551.59,42602.527
36709.65,37591.547,41391.99,42633.582
37400.56,37715.805,41488.62,42759.004
37782.21,38221.797,42184.41,43041.78
38053.0,39115.156,42522.41,43644.824
38626.38,40226.098,42802.59,44368.133
40431.98,41309.293,43136.32,45066.527
40972.91,42801.79,44359.3,45852.156
41917.2,44784.848,45192.85,47082.387
43405.12,46097.996,45897.6,47961.242
46763.34,47048.92,47002.86,48666.105
48587.44999999999,48736.793,50203.55,49642.773
50130.77,51113.355,51947.71,51256.383
51440.23,52658.453,53199.98000000001,52586.805
53002.350000000006,53604.4,54367.07,53663.496
54046.88999999999,54803.062,56179.56,54893.83
55395.850000000006,55716.14,57301.56999999999,56076.945
56558.37000000001,56395.543,58122.04,57086.188
57698.689999999995,57226.137,59455.52,58122.457
58123.85,58004.69,60410.01000000001,59245.402
58786.189999999995,58579.9,60864.68000000001,60112.504
59590.329999999994,58972.32,61433.7,60782.44
59789.98,59327.023,62026.14,61246.14
60372.18,60282.816,61435.68,62141.17
60872.07,60563.457,61468.03,62536.15
61306.060000000005,60860.934,61779.49,62714.324
61724.22,61269.22,62304.170000000006,62845.004
62053.53,61929.92,61831.84,63289.914
62652.15000000001,62225.47,62359.08999999999,63514.62
62513.92,62398.887,63113.62,63584.652
63263.14,62687.176,64090.729999999996,63733.387
64279.89000000001,63033.074,64359.72,64072.598
64103.450000000004,63267.215,64561.81,64293.99
64243.009999999995,63714.367,65580.64,64594.08
63684.55999999999,63642.777,65852.83,64578.875
63034.03,63804.55,65150.66,64753.562
62562.45999999999,63397.355,64862.96,64538.605
62260.91,62705.832,64695.369999999995,64034.793
62593.86,62127.5,64885.37,63573.754
62688.270000000004,61966.492,64652.85,63433.15
62458.43,61856.29,64051.88,63337.7
62301.91,61734.293,63702.9,63200.07
61889.27,61497.492,63337.57,63020.32
62213.62,61509.84,63051.9,63008.56
62044.82,61170.51,62501.42,62816.61
61767.43,61097.305,62246.4,62721.016
61818.48,60942.074,61458.340000000004,62626.414
61247.850000000006,60876.613,61163.04,62574.242
60907.54000000001,60726.445,60838.10999999999,62517.69
60342.12,60343.617,60609.91,62318.145
59798.95,59977.0,60223.45,62094.44
59490.049999999996,59661.617,59849.37000000001,61867.71
58815.48,59241.715,59608.61,61589.156
58885.47,58971.418,59758.05000000001,61375.242
58948.19000000001,58567.0,60126.98,61093.41
59027.2,58481.6,60601.36,60894.133
59253.42,58563.152,60794.810000000005,60885.68
59121.25,58681.28,60541.17,60938.06
59040.100000000006,58888.703,60505.29,61085.8
58824.08,58620.953,59945.39,60953.582
58780.34,58551.73,59367.77,60989.605
58448.52999999999,58393.72,59445.840000000004,60999.508
58306.15,58264.914,59223.86,61052.035
57763.78999999999,57597.777,58786.91,60676.336
57686.09,57322.918,57885.26999999999,60479.6
57326.37,56912.047,57602.10999999999,60256.855
56124.94,56688.68,57018.899999999994,60088.5
55331.90000000001,56066.637,56337.39,59522.004
54845.049999999996,55353.695,55596.34,58887.47
54574.63,54698.29,55253.71,58315.82
54316.490000000005,54275.207,55031.1,57877.293
54092.950000000004,53677.055,54919.20999999999,57107.86
53702.21000000001,53314.688,55107.58,56597.086
52842.32,52901.46,54633.77999999999,56109.88
51994.58,52362.164,53503.63,55537.45
51041.420000000006,51386.777,52286.920000000006,54427.344
49768.59,50447.332,51155.20999999999,53428.234
48802.09,49554.29,50142.869999999995,52493.01
47617.72,48537.33,49303.76,51503.523
46818.72,47716.25,47864.86000000001,50445.863
46157.33,46655.414,46919.02,49345.844
45481.75,45924.76,46508.75,48492.863
44818.25,45306.527,46041.57,47778.855
44357.19,44686.566,44911.41,47044.77
44022.06,44050.65,44288.87,46354.266
43736.84,43723.74,43643.14,45875.48
42762.9,43488.594,43467.18,45518.2
42452.08,43299.27,42815.18,45243.74
42214.59,42744.97,42275.97,44735.86
41935.95,42465.37,41997.02,44425.176
41350.95,42354.59,41838.94,44250.816
41462.74,42244.887,41569.44,43910.156
41293.2,41829.934,41443.56,43596.16
41452.27,41731.73,41918.6,43525.176
41475.25,41707.15,42000.2,43521.215
41551.59,41809.97,41846.3,43623.51
41391.99,41817.965,41645.75,43758.906
41488.62,41975.637,41853.25,43976.555
42184.41,42084.742,42072.23,44157.24
42522.41,42473.348,42684.15,44436.305
42802.59,43230.953,42803.1,45074.836
43136.32,44179.414,43173.95,45805.27
44359.3,45111.08,43924.13,46508.594
45192.85,46345.555,45043.05,47195.453
45897.6,47667.285,45451.94,48152.08
47002.86,48922.14,45895.27,49063.92
50203.55,49866.89,47207.08,49783.617
51947.71,51249.363,50281.049999999996,50611.082
53199.98000000001,53346.297,52061.59,52169.293
54367.07,54887.27,53339.58999999999,53600.246
56179.56,55756.527,54391.49,54719.836
57301.56999999999,56802.504,56012.73000000001,55940.406
58122.04,57857.406,57608.38,57250.973
59455.52,58675.805,58583.76,58368.08
60410.01000000001,59313.625,59085.81,59284.992
60864.68000000001,60037.914,59839.55,60423.73
61433.7,60734.785,60326.3,61346.99
62026.14,61144.086,60567.09,61983.43
61435.68,61510.176,60794.6,62423.21
61468.03,62293.984,60925.20999999999,63140.758
61779.49,62283.816,61037.71000000001,63283.965
62304.170000000006,62227.86,61685.80999999999,63196.047
61831.84,62417.8,62843.17999999999,63199.74
62359.08999999999,63124.457,63326.48,63673.793
63113.62,63053.555,63944.17999999999,63707.82
64090.729999999996,63155.56,64529.59999999999,63756.8
64359.72,63562.2,65021.18,64032.62
64561.81,64409.27,65387.39,64712.695
65580.64,64598.508,66045.0,65002.613
65852.83,64545.773,66061.24,65042.562
65150.66,64834.23,65623.17,65247.14
64862.96,65259.996,64690.23999999999,65620.86
64695.369999999995,64823.953,63788.67,65412.277
64885.37,64277.668,63277.13,64985.72
64652.85,63931.395,63189.74,64657.62
64051.88,64109.152,63131.58999999999,64671.22
63702.9,63912.035,63373.10999999999,64491.68
63337.57,63375.58,63130.16000000001,64065.695
63051.9,62950.766,62733.54,63723.656
62501.42,62826.984,62917.66999999999,63614.38
62246.4,62481.277,63101.09,63353.246
61458.340000000004,61988.18,62793.52,63020.152
61163.04,61581.8,62331.45999999999,62744.34
60838.10999999999,61250.03,62116.030000000006,62488.887
60609.91,60763.133,61901.99,62190.09
60223.45,60413.168,62040.96,61935.555
59849.37000000001,60101.562,61472.13,61713.965
59608.61,59949.348,60970.09,61507.543
59758.05000000001,59614.742,60737.170000000006,61248.406
60126.98,59426.58,60578.11000000001,61049.81
60601.36,59458.195,60491.43,60994.53
60794.810000000005,59666.336,60577.0,61001.78
60541.17,60012.81,60437.880000000005,61177.19
60505.29,60279.758,60254.63,61345.195
59945.39,60213.37,60049.07,61388.016
59367.77,59932.617,59785.31,61196.188
59445.840000000004,59653.36,59307.82,61073.77
59223.86,59222.523,59315.4,60874.3
58786.91,59079.53,59663.99,60799.176
57885.26999999999,58523.14,59734.32,60357.33
57602.10999999999,58123.12,59085.61,60018.895
57018.899999999994,57504.17,58511.31999999999,59588.742
56337.39,57084.535,57962.42,59239.367
55596.34,56350.6,57045.09,58549.844
55253.71,55827.965,57317.79,58012.133
55031.1,55309.938,56647.090000000004,57529.082
54919.20999999999,54935.434,56628.969999999994,57140.332
55107.58,54348.383,56503.11,56448.418
54633.77999999999,54002.2,56192.01,55999.76
53503.63,53758.16,55425.02,55701.97
52286.920000000006,53271.887,54599.83000000001,55306.516
51155.20999999999,52176.53,53184.42999999999,54332.1
50142.869999999995,51065.406,52080.19000000001,53382.848
49303.76,50030.703,51124.939999999995,52467.562
47864.86000000001,49066.707,50077.12,51594.062
46919.02,48374.008,48192.37,50612.777
46508.75,47268.94,47259.19,49469.87
46041.57,46428.184,46704.62,48534.83
44911.41,45865.277,45849.43,47837.54
44288.87,45369.434,45218.02,47183.824
43643.14,44600.23,44719.51,46393.664
43467.18,44077.09,43973.37,45776.566
42815.18,43642.58,43688.64,45255.59
42275.97,43346.035,43142.26,44905.44
41997.02,42921.72,42927.74,44477.453
41838.94,42574.473,42486.33,44120.68
41569.44,42359.613,42119.41,43893.344
41443.56,41780.38,41733.74,43394.74
41918.6,41750.81,41854.05,43305.78
42000.2,41513.58,41928.18,43198.47
41846.3,41777.836,42128.87,43465.062
41645.75,41985.48,41788.97,43689.824
41853.25,41947.785,41540.67,43844.773
42072.23,41902.6,41919.54,44002.21
42684.15,42128.133,42090.89,44330.977
42803.1,42720.695,42191.41,44761.535
43173.95,43563.688,42379.17,45473.098
43924.13,44451.676,42820.44,46161.293
45043.05,45413.016,43350.47,46848.273
45451.94,46905.426,44706.0,47668.13
45895.27,48324.535,45465.2,48641.758
47207.08,49233.62,45896.25,49328.383
50281.049999999996,49832.6,46821.94,49817.15
52061.59,51285.316,49543.05999999999,50622.555
53339.58999999999,53420.113,51118.35,52149.81
54391.49,54870.727,52381.18,53548.406
56012.73000000001,55713.152,53473.9,54713.63
57608.38,56724.414,55675.28,55981.62
58583.76,57631.66,57059.909999999996,57279.746
59085.81,58606.473,58157.02,58572.72
59839.55,59377.09,59380.28,59653.656
60326.3,59873.184,59861.39,60688.637
60567.09,60272.883,60507.27,61403.086
60794.6,60648.23,60695.48,61964.73
60925.20999999999,60869.156,61174.65,62229.5
61037.71000000001,61465.68,61096.1,62772.83
61685.80999999999,61636.22,61508.92,62951.004
62843.17999999999,61733.906,62305.93,62925.824
63326.48,62113.957,62692.38999999999,63037.68
63944.17999999999,63186.043,62797.18,63745.79
64529.59999999999,63563.703,63097.44,64075.695
65021.18,63849.258,63863.02,64257.81
65387.39,64189.867,64400.94,64472.926
66045.0,64853.57,64775.19,65009.867
66061.24,65053.05,65151.3,65224.934
65623.17,65258.574,65901.56,65382.727
64690.23999999999,65254.793,66001.6,65409.67
63788.67,65179.76,65301.44,65454.76
63277.13,64519.78,65274.26999999999,65062.594
63189.74,63633.82,65191.47,64424.637
63131.58999999999,63002.41,65484.95,63872.465
63373.10999999999,63009.586,64977.15,63734.93
63130.16000000001,62710.574,64313.77,63483.996
62733.54,62606.21,64059.21000000001,63328.617
62917.66999999999,62395.305,64048.78,63145.473
63101.09,62328.484,63335.91,63078.684
62793.52,62192.5,62831.75,62983.95
62331.45999999999,62174.266,62562.97,62916.652
62116.030000000006,61897.344,62591.4,62751.293
61901.99,61746.547,62527.73999999999,62597.75
62040.96,61419.617,61839.340000000004,62390.008
61472.13,61128.543,61544.37000000001,62196.008
60970.09,61067.027,61372.33,62134.887
60737.170000000006,60843.566,61612.28,61941.04
60578.11000000001,60426.875,61186.6,61648.027
60491.43,60190.547,60638.38,61411.742
60577.0,60082.09,60842.65,61271.453
60437.880000000005,59983.21,61324.31,61072.47
60254.63,60043.043,60790.21000000001,61041.234
60049.07,60019.914,60006.81,61018.016
59785.31,59947.547,59777.76000000001,60989.688
59307.82,59553.42,60088.86000000001,60721.746
59315.4,59367.0,60136.02,60610.695
59663.99,59066.46,59835.49,60427.984
59734.32,58891.973,59655.6,60293.754
59085.61,58618.64,60147.1,59981.42
58511.31999999999,58543.832,59673.060000000005,59868.973
57962.42,58146.78,59192.86,59624.555
57045.09,57632.39,58573.12,59274.63
57317.79,56851.008,57874.83999999999,58542.477
56647.090000000004,56210.51,56930.7,57897.59
56628.969999999994,56045.637,56177.25,57553.76
56503.11,55714.934,55727.61,57201.652
56192.01,55129.254,55706.99,56559.69
55425.02,54832.2,55845.24999999999,56139.58
54599.83000000001,54442.09,55104.37,55739.504
53184.42999999999,53776.812,54201.15,55190.81
52080.19000000001,52748.21,53446.35,54221.37
51124.939999999995,51618.53,52553.54000000001,53203.445
50077.12,50564.008,51585.86,52228.65
48192.37,49645.297,50583.89000000001,51348.113
47259.19,48886.44,49192.530000000006,50417.29
46704.62,47510.1,48262.69000000001,49096.434
45849.43,46582.81,47235.88,48115.473
45218.02,45947.195,46528.79,47387.91
44719.51,45250.2,45216.83,46639.66
43973.37,44573.703,44614.4,45916.6
43688.64,44210.953,44007.89,45429.715
43142.26,43784.383,43731.12,44914.395
42927.74,43454.727,42922.78,44547.81
42486.33,43025.246,42761.93,44110.965
42119.41,42891.242,42310.2,43903.97
41733.74,42686.934,41983.61,43695.316
41854.05,41968.906,41545.38,43399.047
41928.18,41823.324,41354.84,43171.117
42128.87,41699.28,41427.34,43035.402
41788.97,41793.21,41427.47,43098.957
41540.67,41993.203,41388.27,43252.453
41919.54,41869.254,41477.59,43242.234
42090.89,41772.957,41562.59,43260.79
42191.41,42085.684,41605.21,43552.96
42379.17,42734.637,41906.95,43923.65
42820.44,43348.66,42083.08,44395.43
43350.47,44081.133,42390.72,44916.832
44706.0,45061.99,42807.35,45547.613
45465.2,46377.227,44343.97,46151.285
45896.25,47924.164,45182.97,47169.67
46821.94,49088.1,46079.81,47972.3
49543.05999999999,49821.715,47001.2,48478.48
51118.35,51039.242,49652.73,48947.957
52381.18,53022.43,51680.549999999996,50234.547
53473.9,54256.59,52982.18000000001,51340.047
55675.28,55119.152,54188.87,52387.07
57059.909999999996,56112.926,55550.48,53457.188
58157.02,57441.355,56853.51,55005.402
59380.28,58433.22,57977.41,56433.746
59861.39,59196.348,58967.86,57764.83
60507.27,59925.883,59925.689999999995,59199.258
60695.48,60261.844,60487.47000000001,60214.055
61174.65,60662.836,61066.87,61092.49
61096.1,60868.434,61784.87000000001,61572.71
61508.92,61524.16,61411.75,62335.797
62305.93,61656.3,61854.23999999999,62676.934
62692.38999999999,61856.04,62524.1,62801.46
62797.18,62412.16,62949.3,63047.05
63097.44,63189.645,63371.22,63612.656
63863.02,63322.586,63570.85,63803.094
64400.94,63464.273,64024.05,63864.582
64775.19,63906.89,64261.98,64131.21
65151.3,64638.785,64585.51,64733.73
65901.56,64845.754,65022.850000000006,65028.145
66001.6,64905.05,65637.1,65116.535
65301.44,65149.105,65632.76,65274.33
65274.26999999999,65461.18,64732.68,65570.09
65191.47,64901.45,64842.55,65282.203
65484.95,64412.395,64786.15,64859.848
64977.15,64208.742,64870.65,64548.918
64313.77,64461.027,64262.950000000004,64579.86
64059.21000000001,64136.703,63901.780000000006,64270.426
64048.78,63449.2,63911.990000000005,63691.77
63335.91,63066.402,62974.66,63298.78
62831.75,63139.6,62616.6,63199.83
62562.97,62683.066,62370.66,62835.324
62591.4,62049.617,61817.52,62333.27
62527.73999999999,61639.64,61796.59999999999,61972.766
61839.340000000004,61702.156,61631.04,61943.105
61544.37000000001,61504.93,61384.39,61881.234
61372.33,61002.99,60568.59,61587.586
61612.28,60601.598,60316.04,61276.69
61186.6,60500.016,60422.52,61091.906
60638.38,60541.434,60665.450000000004,61051.234
60842.65,60299.203,60858.55,60869.008
61324.31,59935.336,61258.37000000001,60599.53
60790.21000000001,59946.484,61538.16,60468.566
60006.81,60290.996,61150.99,60632.75
59777.76000000001,60090.805,60888.84,60540.312
60088.86000000001,59624.98,60812.38,60254.824
60136.02,59155.2,60681.73,59862.754
59835.49,59313.48,60442.38,59852.605
59655.6,59355.32,60382.69,59836.676
60147.1,59164.758,59980.51,59694.574
59673.060000000005,58597.492,59402.94,59229.59
59192.86,58660.043,58593.48,59088.58
58573.12,58407.414,58176.38,58808.395
57874.83999999999,57912.594,57815.28,58382.746
56930.7,57036.98,57312.51,57657.637
56177.25,56517.215,56516.86,57052.16
55727.61,55857.434,56013.32000000001,56385.766
55706.99,55293.215,55755.36,55739.75
55845.24999999999,54552.754,55321.2,54916.934
55104.37,54268.125,54705.75,54373.902
54201.15,54069.066,54310.46,53972.18
53446.35,53499.918,53376.130000000005,53417.773
52553.54000000001,52400.04,52395.5,52502.094
51585.86,51518.664,51230.350000000006,51644.934
50583.89000000001,50679.78,50062.63,50841.953
49192.530000000006,49780.883,49129.049999999996,50050.36
48262.69000000001,48819.395,47395.34,49295.98
47235.88,47727.305,46582.13,48271.07
46528.79,46909.547,45862.71,47449.94
45216.83,46110.49,45084.13,46665.19
44614.4,45418.957,44861.94,45970.49
44007.89,44443.176,44538.54,45075.223
43731.12,43893.305,44117.62,44513.97
42922.78,43474.6,43631.38,44060.54
42761.93,43240.46,42822.36,43792.133
42310.2,42663.11,42402.53,43254.484
41983.61,42517.34,41663.49,43053.496
41545.38,42296.49,40541.38,42828.832
41354.84,42067.207,39628.26,42536.316
41427.34,41644.78,39765.35,41754.176
41427.47,41502.996,40080.29,41315.363
41388.27,41481.332,41110.02,41005.44
41477.59,41598.902,41118.38,40879.223
41562.59,41555.715,40997.47,40694.562
41605.21,41746.9,40107.2,40655.844
41906.95,42020.023,39650.72,40672.043
42083.08,42530.543,39451.85,40738.23
42390.72,43096.504,39431.12,40958.85
42807.35,43812.168,39484.39,41207.758
44343.97,44643.047,39934.76,41482.88
45182.97,45800.58,40917.8,41607.55
46079.81,47288.773,40749.78,42224.242
47001.2,48530.793,40261.43,42660.29
49652.73,49581.082,40402.8,42951.082
51680.549999999996,51005.33,40705.56,42868.195
52982.18000000001,52841.95,40919.2,43500.195
54188.87,54444.28,41565.58,44120.996
55550.48,55397.688,42513.87,44556.0
56853.51,56554.926,43968.87,44771.277
57977.41,57318.44,44953.79,45378.184
58967.86,58124.176,45753.53,46187.98
59925.689999999995,58933.566,46608.71,47148.47
60487.47000000001,59826.617,47288.82,47826.477
61066.87,60077.082,48345.0,48721.62
61784.87000000001,60544.297,49097.85,49774.33
61411.75,60870.04,50237.56,50647.547
61854.23999999999,61744.586,51236.36,51633.86
62524.1,61544.51,52302.98,52259.797
62949.3,61614.55,53878.450000000004,52889.06
63371.22,62083.668,54642.07,53639.582
63570.85,62695.996,54808.71,54263.36
64024.05,62863.824,54684.9,54767.55
64261.98,62872.582,54844.41,55024.676
64585.51,63073.695,54394.98999999999,55313.62
65022.850000000006,63560.742,54639.51,55596.68
65637.1,63661.72,55032.049999999996,55772.137
65632.76,63780.09,55429.97000000001,55850.918
64732.68,63992.543,55831.22,55973.54
64842.55,64220.684,55987.6,56006.043
64786.15,63599.24,55755.94,55664.895
64870.65,63303.277,55393.72,55498.246
64262.950000000004,63194.316,55151.95,55338.35
63901.780000000006,63336.156,54502.63,55116.04
63911.990000000005,62804.707,53934.44,54631.82
62974.66,62234.367,53810.46,54181.582
62616.6,62044.152,53541.46000000001,53949.508
62370.66,61705.33,52256.17,53476.02
61817.52,61139.367,52092.469999999994,52989.656
61796.59999999999,60843.516,51959.52,52696.645
61631.04,60378.082,51950.93,52303.83
61384.39,60467.965,51812.39,52158.113
60568.59,60284.18,51186.3,51944.418
60316.04,60086.73,50984.67,51713.11
60422.52,59535.72,50792.89000000001,51325.69
60665.450000000004,59369.18,50709.46,51187.805
60858.55,59448.562,50551.00000000001,51216.594
61258.37000000001,59589.11,50456.52,51232.246
61538.16,59735.82,50354.75,51215.723
61150.99,59964.4,50551.81999999999,51350.95
60888.84,60172.973,50714.01,51538.234
60812.38,59885.92,50962.35999999999,51472.508
60681.73,59590.332,51002.86,51376.004
60442.38,59245.023,51125.17999999999,51346.812
60382.69,59206.76,50698.1,51445.71
59980.51,59016.69,50754.3,51405.25
59402.94,58869.094,50412.73,51343.098
58593.48,58268.984,50946.09999999999,51121.84
58176.38,57838.402,49851.78,50964.426
57815.28,57279.66,49389.11,50668.56
57312.51,56829.203,49229.14,50356.715
56516.86,56091.613,48419.42,50000.07
56013.32000000001,55795.92,47953.42,49724.945
55755.36,55277.88,47198.27,49286.92
55321.2,54833.703,47114.59,48853.336
54705.75,54196.113,47192.59,48475.26
54310.46,53966.816,47433.4,48077.29
53376.130000000005,53436.867,47039.98,47581.08
52395.5,52952.484,46237.1,47184.715
51230.350000000006,51804.23,46130.39,46725.473
50062.63,51016.34,45232.0,46187.72
49129.049999999996,50099.734,44378.61,45586.074
47395.34,49123.406,44013.22,44963.574
46582.13,47899.137,42983.77,44523.055
45862.71,46772.582,42254.97,43597.94
45084.13,45777.98,41357.33,42814.383
44861.94,45159.85,40586.3,42203.574
44538.54,44299.293,39807.2,41670.02
44117.62,43918.07,39681.14,41250.117
43631.38,43650.41,39364.53,40908.74
42822.36,43388.4,38669.53,40543.73
42402.53,42920.496,37964.32,40263.098
41663.49,42398.04,37915.09,39861.4
40541.38,42074.88,37792.67,39668.258
39628.26,41686.184,37289.05,39398.03
39765.35,41065.82,37216.99,38171.31
40080.29,40268.316,37020.62,37320.273
41110.02,40079.73,36560.45,37279.98
41118.38,40549.82,36485.1,37585.695
40997.47,41067.094,36450.5,37836.504
40107.2,41357.57,36174.19,37974.656
39650.72,41290.043,35962.42,37933.316
39451.85,40695.39,36108.44,37700.297
39431.12,40092.58,36080.48,37541.734
39484.39,39844.832,36130.21,37708.887
39934.76,39814.9,36202.16,37892.72
40917.8,40002.86,36269.16,38094.8
40749.78,40637.316,36280.34,38190.54
40261.43,41718.9,36300.37,38683.75
40402.8,42113.47,36155.52,38690.004
40705.56,41932.13,35937.03,38553.47
40919.2,42629.72,36295.19,38428.6
41565.58,43301.023,36580.96,38434.477
42513.87,43777.363,36703.85,38428.26
43968.87,44471.055,37062.9,38656.105
44953.79,46065.73,38053.02,38788.906
45753.53,47265.625,38798.0,39051.13
46608.71,48244.96,39705.88,39406.848
47288.82,48928.867,40337.35,39801.207
48345.0,49924.14,41169.63,39941.492
49097.85,49833.93,41891.15,40316.203
50237.56,51027.84,42467.21,41745.484
51236.36,51647.77,42786.17,42603.473
52302.98,52971.246,43358.03,43475.043
53878.450000000004,53392.27,44064.01,44176.5
54642.07,54043.746,45122.1,44984.938
54808.71,55047.85,46189.62,45886.125
54684.9,56135.746,46523.65,46461.09
54844.41,55810.84,47107.14,46573.375
54394.98999999999,55426.98,47417.75,46827.445
54639.51,55379.69,47716.69,47349.305
55032.049999999996,55591.832,49163.65000000001,47750.824
55429.97000000001,55257.324,50115.21,47925.547
55831.22,55338.598,51037.44,48277.133
55987.6,55383.773,50899.91,48583.508
55755.94,55986.688,50954.73,48794.656
55393.72,55734.27,50664.02,48688.484
55151.95,55288.285,49771.21,48707.27
54502.63,54920.875,49097.6,48748.12
53934.44,55025.594,47916.91999999999,48747.22
53810.46,54212.55,47710.95,48220.19
53541.46000000001,53536.855,47998.71000000001,47886.43
52256.17,53267.574,47341.19,47816.004
52092.469999999994,53367.684,45982.9,47755.992
51959.52,52290.29,46052.23,46985.27
51950.93,51804.22,46659.62,46693.59
51812.39,51713.81,46395.85,46614.555
51186.3,51998.754,45852.14,46616.47
50984.67,51687.043,45983.2,46248.547
50792.89000000001,51234.7,45973.36,45967.266
50709.46,50973.69,45796.39,45858.293
50551.00000000001,51083.074,45591.53,45986.395
50456.52,50954.28,44973.2,45875.027
50354.75,50874.81,44808.57,45849.473
50551.81999999999,50876.47,44785.81,45874.83
50714.01,50864.344,45273.83,45989.395
50962.35999999999,50926.84,45610.44,46083.4
51002.86,51062.1,46014.57,46246.156
51125.17999999999,51216.84,46181.03,46453.99
50698.1,51108.285,47196.75,46740.695
50754.3,51046.81,47749.75,46945.453
50412.73,50810.504,47902.62,47036.543
50946.09999999999,50730.8,48097.51,47193.12
49851.78,50272.082,48096.04,47129.4
49389.11,50428.387,47343.15,47388.285
49229.14,49916.293,47224.82,47322.324
48419.42,49399.496,46804.74,47274.312
47953.42,48915.59,47207.31,47149.1
47198.27,48484.215,47251.69,47089.81
47114.59,48124.527,47309.8,47032.98
47192.59,47723.137,47283.93,46895.875
47433.4,47200.535,47437.43,46584.4
47039.98,47316.43,47479.44,46657.453
46237.1,47504.816,47206.21,46736.98
46130.39,47239.363,46831.12,46583.215
45232.0,46184.477,46565.27,46014.67
44378.61,45925.93,45953.06,45909.203
44013.22,45493.3,44891.55,45626.65
42983.77,44797.805,44283.01,45175.77
42254.97,43933.01,43850.55,44855.95
41357.33,43133.527,43183.82,44557.008
40586.3,42334.95,42457.24,44048.04
39807.2,41683.07,41853.79,43520.332
39681.14,40750.71,41209.61,42774.566
39364.53,40125.516,40511.5,42170.74
38669.53,39895.03,40312.34,41756.984
37964.32,39712.395,39983.74,41341.03
37915.09,38995.867,39138.55,40658.76
37792.67,38440.08,38746.3,40094.434
37289.05,38260.387,38692.87,39786.535
37216.99,38186.72,38607.27,39538.723
37020.62,37964.67,38407.73,39638.69
36560.45,37772.71,38381.16,39757.07
36485.1,37626.855,38280.33,39847.31
36450.5,37335.824,38331.88,39851.49
36174.19,36943.434,37700.48,39852.883
35962.42,36873.75,38047.66,40116.34
36108.44,36675.758,38028.99,40296.457
36080.48,36458.74,38054.92,40470.96
36130.21,36291.78,38746.34,40734.88
36202.16,36352.18,38892.74,41201.086
36269.16,36378.703,39489.93,41660.4
36280.34,36486.645,40142.05,42193.145
36300.37,36642.855,41748.65,42910.79
36155.52,36945.8,42574.83,43734.332
35937.03,37084.87,43553.7,44482.168
36295.19,37179.562,45378.78,45232.324
36580.96,37399.656,48538.49,46333.39
36703.85,38073.74,50445.600000000006,47613.94
37062.9,38586.35,51962.52,48842.87
38053.02,38975.28,53178.119999999995,49954.043
38798.0,39630.047,54963.97000000001,51639.168
39705.88,40619.816,56300.05,53270.832
40337.35,41271.766,57381.01,54662.957
41169.63,41954.61,58253.66,55952.113
41891.15,42282.535,59396.49,58150.08
42467.21,43089.734,60166.87000000001,59810.965
42786.17,44019.176,60404.29000000001,61081.73
43358.03,44703.754,60750.77,61836.21
44064.01,45473.93,60620.21,62994.082
45122.1,46008.5,61203.82,63530.863
46189.62,46580.746,61638.22000000001,63724.44
46523.65,47326.598,61886.11,63876.297
47107.14,48444.76,61906.96,64955.906
47417.75,48600.676,61879.96,65303.75
47716.69,48856.08,62439.91,65230.008
49163.65000000001,48992.637,63558.0,65024.273
50115.21,49541.043,64530.34,65618.95
51037.44,50173.715,65343.439999999995,66114.15
50899.91,50683.793,65560.44,66513.05
50954.73,50981.508,64971.82,66837.06
50664.02,51120.31,64360.83,67509.875
49771.21,50874.86,64261.72,67461.75
49097.6,50479.22,64393.16,66995.78
47916.91999999999,49768.44,64166.24999999999,66186.67
47710.95,49414.7,64451.57,65840.89
47998.71000000001,48512.223,64287.229999999996,65093.4
47341.19,48120.234,63265.36,64461.555
45982.9,48122.344,62702.689999999995,64251.242
46052.23,48061.637,61815.79,64417.35
46659.62,47213.207,61274.83,63999.54
46395.85,47086.96,60908.87,63617.848
45852.14,47393.92,60483.67,63712.2
45983.2,47635.613,60804.69,64008.63
45973.36,47314.715,60467.58,63968.066
45796.39,47438.99,60359.87999999999,64001.92
45591.53,47562.023,60188.72,64096.09
44973.2,47757.688,61050.85,64091.383
44808.57,47682.39,60904.219999999994,63973.09
44785.81,47424.293,60686.5,63729.566
45273.83,47322.92,60618.22000000001,63480.918
45610.44,47470.97,60440.61000000001,63078.188
46014.57,47714.676,60124.71,62985.41
46181.03,47989.883,59974.26000000001,63167.008
47196.75,48332.62,59971.55999999999,63401.7
47749.75,48473.47,59518.13,63074.098
47902.62,49018.406,59030.99,63190.81
48097.51,49390.844,58699.97,63536.31
48096.04,49509.19,58626.08,63667.773
47343.15,49448.117,58428.37999999999,63136.86
47224.82,49406.715,58253.630000000005,62825.297
46804.74,48970.953,57874.240000000005,62416.297
47207.31,48902.85,57609.98,62029.53
47251.69,48554.89,56967.64,61030.984
47309.8,48850.996,55992.66,60606.953
47283.93,49040.906,55846.9,60421.375
47437.43,49242.676,55986.91,60231.883
47479.44,49042.527,55930.17,59354.215
47206.21,49068.996,55162.88,58809.58
46831.12,48880.355,54212.8,58352.887
46565.27,48505.613,53452.78999999999,57728.297
45953.06,47735.89,52458.63,56420.613
44891.55,47139.25,51541.17,55495.258
44283.01,46428.63,50811.329999999994,54645.94
43850.55,45528.824,49776.14,53669.062
43183.82,44858.527,48070.41000000001,52481.938
42457.24,44063.01,47174.95,51632.543
41853.79,43400.84,46511.62,50922.96
41209.61,42701.863,46295.41,50169.945
40511.5,42024.82,45394.73,49249.523
40312.34,41319.938,44552.97,48630.074
39983.74,40842.973,44060.24,48150.895
39138.55,40562.605,43708.07,47824.848
38746.3,40329.07,42799.12,47327.68
38692.87,39693.348,42240.98,46656.07
38607.27,39357.617,42033.81,46055.04
38407.73,39208.15,42099.2,45556.1
38381.16,39595.52,41832.29,44814.25
38280.33,39209.49,41620.75,44296.24
38331.88,39241.598,41600.05,44135.77
37700.48,39190.605,41613.52,44001.848
38047.66,39261.277,41542.41,44022.754
38028.99,38891.043,41854.29,43790.125
38054.92,38881.71,41826.92,43820.785
38746.34,39048.242,41799.08,43949.434
38892.74,39460.84,42087.7,44173.03
39489.93,40360.723,42384.98,44775.37
40142.05,41392.418,42315.28,45437.066
41748.65,42744.605,42715.92,46263.29
42574.83,44565.914,44700.37,47210.29
43553.7,46631.363,45989.61,48473.78
45378.78,48158.246,46685.49,49471.797
48538.49,49341.18,47837.97,50280.496
50445.600000000006,51173.824,50962.02999999999,51342.312
51962.52,53403.38,52897.3,52888.934
53178.119999999995,54797.32,53972.61,54144.215
54963.97000000001,55594.34,55276.75,55148.87
56300.05,56589.613,56889.08999999999,56262.41
57381.01,57489.215,58019.11,57473.168
58253.66,58313.47,58858.270000000004,58606.24
59396.49,59018.613,59560.84,59632.68
60166.87000000001,59464.938,60391.80000000001,60642.23
60404.29000000001,60121.176,61021.88,61693.26
60750.77,60612.285,61549.090000000004,62537.566
60620.21,60879.445,62102.850000000006,63037.508
61203.82,61441.195,61808.73999999999,63738.51
61638.22000000001,61545.438,62206.94,64019.39
61886.11,61821.156,62833.09999999999,64187.363
61906.96,62179.227,63389.259999999995,64335.965
61879.96,62828.42,63670.67999999999,64815.04
62439.91,62857.305,63838.880000000005,64889.77
63558.0,62814.758,64325.66,64806.22
64530.34,62985.28,64668.71,64896.008
65343.439999999995,63924.645,65363.45,65610.59
65560.44,64466.76,65554.11,66090.1
64971.82,64762.66,66026.68,66368.26
64360.83,64809.74,65961.22,66478.84
64261.72,64662.37,64506.20999999999,66544.27
64393.16,64081.19,64533.74,66258.84
64166.24999999999,63611.03,64710.2,65938.086
64451.57,63453.465,64689.59,65812.625
64287.229999999996,63460.906,63723.58,65834.836
63265.36,63417.086,62804.03,65770.17
62702.689999999995,63239.516,62991.72,65580.016
61815.79,62562.766,61779.43,65130.906
61274.83,62197.85,61646.16,64845.332
60908.87,61520.047,61334.37999999999,64369.043
60483.67,60884.15,61267.8,63891.055
60804.69,60381.96,60428.17,63529.816
60467.58,60175.02,60904.01,63320.74
60359.87999999999,60051.367,60514.11,63191.355
60188.72,59857.62,59276.82000000001,63024.875
61050.85,59659.305,59026.9,62871.742
60904.219999999994,59692.453,59443.99,62785.086
60686.5,60075.547,59058.09999999999,62903.754
60618.22000000001,60186.023,58393.19999999999,62915.223
60440.61000000001,60082.76,58643.31999999999,62795.09
60124.71,60064.94,58669.11,62632.168
59974.26000000001,59994.883,58386.25,62540.99
59971.55999999999,59853.633,58686.87999999999,62447.746
59518.13,59725.68,58512.42,62412.78
59030.99,59501.562,58598.3,62224.56
58699.97,59258.92,58269.189999999995,62133.11
58626.08,58845.76,58868.01999999999,61994.62
58428.37999999999,58455.54,59428.530000000006,61873.87
58253.630000000005,57928.258,59116.12,61505.2
57874.240000000005,57658.047,58149.87,61307.855
57609.98,57395.613,57781.03,61167.832
56967.64,57031.113,57288.45,60992.21
55992.66,56371.37,56582.08000000001,60392.547
55846.9,55946.1,56006.55000000001,59967.215
55986.91,55254.375,55423.01999999999,59422.062
55930.17,54888.95,55374.35,59020.402
55162.88,54475.883,55079.73,58314.32
54212.8,54209.74,54780.44,57839.67
53452.78999999999,53615.164,54038.68,57190.953
52458.63,52781.33,53155.34999999999,56337.19
51541.17,51777.242,52298.25000000001,55071.664
50811.329999999994,50843.746,51226.39,53959.195
49776.14,49970.387,50075.380000000005,52941.36
48070.41000000001,49236.086,48715.409999999996,52073.727
47174.95,48558.23,47538.85,51113.56
46511.62,47271.016,46594.03,49847.254
46295.41,46418.543,46231.75,48882.87
45394.73,45762.15,45665.07,48118.906
44552.97,45329.5,44784.94,47530.06
44060.24,44706.7,44329.51,46877.81
43708.07,44176.27,44007.12,46266.848
42799.12,43767.688,43448.91,45782.09
42240.98,43458.465,42512.33,45428.934
42033.81,42878.863,42126.57,44876.72
42099.2,42498.125,42002.76,44460.664
41832.29,42303.633,41715.16,44213.61
41620.75,42318.855,41366.76,43918.516
41600.05,42138.504,40962.89,43742.734
41613.52,41992.78,41153.41,43629.973
41542.41,41976.76,41367.13,43642.59
41854.29,42053.26,41279.48,43765.516
41826.92,42024.87,40970.14,43833.62
41799.08,42246.668,41245.11,44086.94
42087.7,42435.66,41599.08,44344.637
42384.98,42787.434,41875.2,44603.64
42315.28,43283.773,42033.7,45056.254
42715.92,44003.21,42479.51,45638.93
44700.37,44659.742,42956.96,46154.645
45989.61,45737.098,44516.3,46745.87
46685.49,47674.242,45272.42,48051.9
47837.97,49554.652,46158.68,49365.65
50962.02999999999,50683.395,47127.23,50267.734
52897.3,52083.258,50084.69,51207.324
53972.61,54177.695,51902.62999999999,52801.797
55276.75,55792.016,53397.93,54295.375
56889.08999999999,56584.945,54575.97,55397.867
58019.11,57642.508,56162.43,56651.004
58858.270000000004,58649.137,57151.12999999999,57937.992
59560.84,59402.234,58137.52,59037.234
60391.80000000001,60039.02,59012.0,59941.68
61021.88,60409.844,59910.700000000004,60870.99
61549.090000000004,60935.195,60690.91,61630.746
62102.850000000006,61393.34,60747.68,62223.906
61808.73999999999,61775.594,60701.26,62592.41
62206.94,62521.496,60089.58,63256.695
62833.09999999999,62615.168,60142.99,63433.234
63389.259999999995,62751.56,60614.65,63447.8
63670.67999999999,63132.223,61467.43,63589.82
63838.880000000005,63902.113,61620.21,64180.934
64325.66,64153.14,61949.39,64475.766
64668.71,64301.766,62420.13,64574.312
65363.45,64483.277,62670.08,64693.598
65554.11,65090.984,62901.38999999999,65220.383
66026.68,65387.97,63811.380000000005,65546.1
65961.22,65455.207,64129.33000000001,65641.96
64506.20999999999,65484.52,63922.38,65701.875
64533.74,65624.305,63559.11,65906.01
64710.2,64783.71,63445.52999999999,65451.613
64689.59,64185.664,63121.05,65045.723
63723.58,64035.12,62177.329999999994,64870.348
62804.03,64140.312,62401.23999999999,64881.27
62991.72,63506.242,62394.3,64487.137
61779.43,62666.086,62204.75,63879.855
61646.16,62351.0,61441.88,63577.652
61334.37999999999,61904.527,61207.76,63288.953
61267.8,61341.926,61065.100000000006,62938.773
60428.17,61031.22,60890.57,62679.797
60904.01,60719.19,60230.38999999999,62480.816
60514.11,60465.293,60431.27,62300.71
59276.82000000001,60327.438,59839.27,62184.324
59026.9,60156.242,59438.92,61999.902
59443.99,59376.273,59403.76000000001,61496.57
59058.09999999999,59185.07,58478.409999999996,61190.836
58393.19999999999,59259.31,57959.18,61063.457
58643.31999999999,59201.293,57587.62,60892.05
58669.11,58835.7,57445.16,60559.15
58386.25,58903.953,57705.03,60346.28
58686.87999999999,58984.5,57965.47,60238.31
58512.42,58904.996,58089.55,60130.293
58598.3,59008.16,57616.58,60186.734
58269.189999999995,58762.32,57691.92,60026.43
58868.01999999999,58690.746,57822.93,60079.965
59428.530000000006,58503.52,58076.5,60101.46
59116.12,58623.207,58009.45999999999,60352.91
58149.87,58586.605,57562.020000000004,60365.715
57781.03,58319.98,57161.44999999999,60363.65
57288.45,57667.977,57095.44999999999,60149.734
56582.08000000001,57133.5,56724.530000000006,59928.543
56006.55000000001,56359.855,56063.72000000001,59275.21
55423.01999999999,55824.1,55329.88,58768.83
55374.35,55319.9,54880.84,58330.516
55079.73,54883.305,54679.66,57936.664
54780.44,54329.656,54915.89,57193.805
54038.68,53945.69,54352.31,56634.72
53155.34999999999,53488.152,53355.72000000001,56091.742
52298.25000000001,52843.82,52384.48,55467.977
51226.39,51829.53,51558.28999999999,54387.402
50075.380000000005,50923.652,50525.04,53466.332
48715.409999999996,50021.957,49459.74999999999,52556.05
47538.85,49049.55,48326.06,51612.7
46594.03,48144.62,47239.8,50475.734
46231.75,47001.484,46714.23,49269.008
45665.07,46212.965,45771.7,48325.03
44784.94,45678.23,45081.78,47622.582
44329.51,45148.7,43875.75,46944.12
44007.12,44432.703,43477.32,46189.54
43448.91,44038.5,42823.49,45645.883
42512.33,43794.062,42087.73,45237.09
42126.57,43424.766,41672.1,44832.957
42002.76,42770.402,41310.06,44252.1
41715.16,42436.94,40898.51,43895.09
41366.76,42326.582,40996.71,43738.395
40962.89,41749.31,40737.34,43220.387
41153.41,41680.973,40457.34,43085.363
41367.13,41316.85,40368.21,42855.082
41279.48,41367.082,40731.56,42943.8
40970.14,41497.254,40801.01,43114.574
41245.11,41515.73,40794.62,43252.605
41599.08,41419.76,40781.96,43344.91
41875.2,41639.176,41168.21,43664.066
42033.7,42277.477,41368.52,44150.03
42479.51,42959.16,41728.17,44789.023
42956.96,43739.07,42177.5,45444.76
44516.3,44683.723,42796.77,46146.434
45272.42,45984.098,43833.59,46832.42
46158.68,47651.574,44473.27,47921.76
47127.23,48881.824,45406.43,48844.043
50084.69,49862.5,46739.6,49636.926
51902.62999999999,51162.516,48904.02999999999,50451.477
53397.93,53166.383,50263.81,51969.41
54575.97,54586.586,51317.340000000004,53464.3
56162.43,55566.12,52428.01,54789.273
57151.12999999999,56573.684,53555.47,56186.613
58137.52,57570.92,54552.880000000005,57594.848
59012.0,58268.57,55786.23,58733.69
59910.700000000004,58914.152,56669.9,59712.527
60690.91,59438.625,57745.71,60772.594
60747.68,60000.203,58471.13,61524.93
60701.26,60535.74,59495.69,62122.387
60089.58,60728.996,59939.78,62321.875
60142.99,61115.926,60237.59999999999,62678.45
60614.65,61025.297,60457.63,62652.984
61467.43,61012.234,60879.86,62453.49
61620.21,61380.992,61103.25000000001,62433.188
61949.39,62286.58,61614.740000000005,63023.42
62420.13,62520.85,61949.69,63291.195
62670.08,62660.61,62444.09999999999,63402.402
62901.38999999999,62862.062,63073.55,63545.867
63811.380000000005,63367.508,63625.530000000006,64030.867
64129.33000000001,63444.383,64265.44000000001,64235.89
63922.38,63690.402,65052.19,64455.45
63559.11,63751.965,65491.41,64588.2
63445.52999999999,63822.367,64689.95,64793.242
63121.05,63405.68,64427.66,64604.81
62177.329999999994,62936.93,64425.14,64276.42
62401.23999999999,62516.055,64067.94,63936.754
62394.3,62094.312,63172.43,63675.836
62204.75,61917.414,62647.37999999999,63531.043
61441.88,61742.043,62810.71,63310.465
61207.76,61447.973,62893.81999999999,63055.312
61065.100000000006,61131.117,62315.73000000001,62791.69
60890.57,60783.3,61952.079999999994,62538.523
60230.38999999999,60457.703,62327.03,62279.07
60431.27,60115.934,61792.810000000005,62065.688
59839.27,59847.09,61749.719999999994,61898.992
59438.92,59681.598,61837.68,61806.836
59403.76000000001,59297.008,61640.99999999999,61568.082
58478.409999999996,58853.793,61383.23,61273.477
57959.18,58828.883,61328.13,61153.04
57587.62,58305.293,61164.80999999999,60813.633
57445.16,57862.09,60827.47,60438.754
57705.03,57634.01,60717.86,60146.566
57965.47,57506.29,60271.34,59836.023
58089.55,57720.934,60087.82000000001,59821.25
57616.58,58003.637,59830.490000000005,59917.67
57691.92,58158.492,60057.810000000005,60057.277
57822.93,57782.58,59825.03,59813.812
58076.5,57757.773,59169.24999999999,59818.676
58009.45999999999,57844.3,58995.770000000004,59888.73
57562.020000000004,58009.367,59646.62,60062.484
57161.44999999999,57588.625,59516.37,59798.645
57095.44999999999,57193.766,58755.36000000001,59603.062
56724.530000000006,56768.09,58325.68000000001,59358.516
56063.72000000001,56550.97,58087.48,59216.105
55329.88,55954.54,57706.829999999994,58633.59
54880.84,55496.805,56610.26,58104.953
54679.66,54948.535,56189.53,57630.59
54915.89,54527.598,55877.79,57243.938
54352.31,53934.574,55034.76,56533.51
53355.72000000001,53688.457,54036.25,56103.332
52384.48,53219.508,53327.44,55609.88
51558.28999999999,52425.312,52356.44000000001,54923.492
50525.04,51283.453,51318.67,53767.285
49459.74999999999,50344.344,50360.2,52775.45
48326.06,49441.26,49394.03,51876.906
47239.8,48452.438,48304.7,50971.43
46714.23,47544.254,46340.92,49919.29
45771.7,46497.855,45861.47,48833.71
45081.78,45903.71,45436.99,48081.66
43875.75,45220.53,45125.89,47314.016
43477.32,44519.133,44215.76,46505.875
42823.49,43622.957,43686.8,45570.336
42087.73,43163.85,42923.37,44932.895
41672.1,42758.13,42688.94,44398.906
41310.06,42224.594,42125.71,43844.918
40898.51,41748.87,41845.25,43337.824
40996.71,41528.477,41681.16,43056.45
40737.34,41316.496,41645.22,42826.223
40457.34,40776.66,41177.73,42654.55
40368.21,40849.71,40868.06,42582.45
40731.56,40591.773,40688.14,42356.273
40801.01,40538.95,41020.57,42312.387
40794.62,40718.03,40932.95,42469.926
40781.96,40795.535,40986.11,42632.727
41168.21,40976.324,40753.31,42856.066
41368.52,41171.004,40994.4,43068.824
41728.17,41803.152,41499.12,43468.688
42177.5,42446.645,41646.37,43973.47
42796.77,43342.52,41927.11,44609.844
43833.59,44366.715,42629.64,45284.105
44473.27,45833.73,43848.04,45949.953
45406.43,47275.344,44434.08,46856.305
46739.6,48288.527,45140.45,47541.484
48904.02999999999,49280.86,46139.01,48208.965
50263.81,50888.223,48840.530000000006,48924.793
51317.340000000004,52647.02,50672.54,50090.543
52428.01,53719.92,51845.52,50962.586
53555.47,54345.484,53260.56,51735.28
54552.880000000005,55388.3,55136.52,52671.953
55786.23,56113.113,56224.12,53665.277
56669.9,56664.918,56658.72,54592.44
57745.71,57437.285,57750.19,55660.35
58471.13,58129.168,58607.87,56696.168
59495.69,58549.973,59188.82000000001,57459.57
59939.78,59081.664,59675.79000000001,58344.793
60237.59999999999,59664.336,60117.68,59173.312
60457.63,60494.81,60248.82000000001,60249.74
60879.86,60679.434,60613.409999999996,60945.93
61103.25000000001,60811.883,61347.77999999999,61322.13
61614.740000000005,61094.977,61561.94999999999,61598.9
61949.69,61739.8,61611.299999999996,62179.95
62444.09999999999,61955.637,61990.56,62478.312
63073.55,62135.258,61831.37,62541.46
63625.530000000006,62392.926,62183.25,62579.707
64265.44000000001,63118.668,62238.21,63055.598
65052.19,63342.0,62435.46,63301.145
65491.41,63598.24,62806.740000000005,63441.28
64689.95,63896.965,62809.380000000005,63579.902
64427.66,64362.367,62260.67,63971.54
64425.14,63905.49,62187.99999999999,63799.76
64067.94,63373.902,61738.68,63393.3
63172.43,63101.605,61503.719999999994,63081.95
62647.37999999999,63055.56,61060.33,62964.82
62810.71,62394.645,60646.35,62462.79
62893.81999999999,61734.246,60445.670000000006,61885.418
62315.73000000001,61533.066,59555.270000000004,61569.797
61952.079999999994,61824.977,59382.72,61592.28
62327.03,61359.094,58854.4,61246.3
61792.810000000005,60941.02,58296.41,60928.11
61749.719999999994,60921.29,57822.29,60839.44
61837.68,60945.066,57620.5,60744.137
61640.99999999999,60609.18,57158.27,60457.418
61383.23,60582.168,56641.48,60326.277
61328.13,60427.01,56219.67,60146.887
61164.80999999999,60384.527,56644.43000000001,60018.094
60827.47,60164.812,56327.50000000001,59850.76
60717.86,60077.71,55934.31,59747.188
60271.34,59905.938,55838.45,59599.824
60087.82000000001,59808.29,56398.38,59439.965
59830.490000000005,59544.113,56306.96,59259.45
60057.810000000005,59396.383,56117.19,59183.94
59825.03,59274.984,55975.36,59130.27
59169.24999999999,59227.46,55712.29,59084.117
58995.770000000004,59142.746,55717.67,59041.09
59646.62,58763.242,55696.03,58785.266
59516.37,58503.09,55705.85,58513.516
58755.36000000001,58443.74,55334.079999999994,58262.65
58325.68000000001,58323.77,54684.08,58013.81
58087.48,57753.805,54541.24,57540.062
57706.829999999994,57238.75,54265.08,57075.41
56610.26,56613.184,53710.55,56520.453
56189.53,56263.54,52862.21,56070.9
55877.79,55620.41,52507.75,55446.18
55034.76,55113.76,52399.05,54893.38
54036.25,54482.023,52523.409999999996,54222.824
53327.44,53773.242,52139.80999999999,53455.953
52356.44000000001,52888.125,51477.57,52614.11
51318.67,52053.047,50316.55000000001,51828.95
50360.2,50897.95,49394.93,50846.336
49394.03,49819.887,48540.43,49825.16
48304.7,48866.535,47604.52,48907.164
46340.92,47930.324,46600.87,48069.08
45861.47,46894.37,45429.95,47262.035
45436.99,45565.17,44713.81,45997.48
45125.89,44853.805,44114.92,45215.465
44215.76,44410.758,43667.11,44632.508
43686.8,44075.137,42849.54,44188.266
42923.37,43402.547,42127.75,43398.016
42688.94,43026.85,41749.68,42884.383
42125.71,42557.684,41210.0,42414.2
41845.25,42352.062,40690.45,42262.812
41681.16,41917.04,40469.09,41897.05
41645.22,41796.07,40393.85,41777.15
41177.73,41702.33,40098.93,41661.363
40868.06,41687.086,39734.52,41685.832
40688.14,41259.78,39521.04,41032.656
41020.57,41026.09,39276.02,40662.79
40932.95,40847.82,39497.4,40315.54
40986.11,41029.258,39100.0,40325.74
40753.31,41011.234,38957.18,40267.082
40994.4,41314.367,38989.7,40380.707
41499.12,41501.156,38685.01,40331.26
41646.37,42140.23,38542.86,40499.387
41927.11,42892.28,38547.98,40859.277
42629.64,43777.62,38679.76,41238.16
43848.04,44587.027,39002.04,41520.855
44434.08,45909.613,39782.92,41756.312
45140.45,47239.086,39834.33,42236.74
46139.01,48157.26,40033.55,42423.32
48840.530000000006,48850.637,40356.5,42511.664
50672.54,50126.04,40874.77,42421.758
51845.52,51992.984,40747.47,43100.387
53260.56,53486.137,41264.71,43615.688
55136.52,54283.58,41837.87,43906.23
56224.12,55500.54,43250.98,44168.074
56658.72,56552.836,43847.73,44988.992
57750.19,57395.074,44599.55,45792.418
58607.87,57806.94,45225.59,46462.664
59188.82000000001,58666.55,46299.97,46957.465
59675.79000000001,58869.582,47071.46,47701.977
60117.68,59418.88,47927.02,48740.508
60248.82000000001,59754.855,48771.83,49630.43
60613.409999999996,60489.605,49320.24,50524.918
61347.77999999999,60497.965,49894.78,51302.02
61561.94999999999,60603.594,50351.81,52006.62
61611.299999999996,61014.625,50790.32,52780.36
61990.56,61647.727,51135.05,53404.56
61831.37,61465.465,51728.03,53741.566
62183.25,61501.934,51860.95,54102.0
62238.21,61421.016,52538.24,54298.72
62435.46,61923.24,52622.7,54643.363
62806.740000000005,61858.652,53174.75,54736.363
62809.380000000005,61775.613,53465.16,54738.23
62260.67,61814.39,53075.18,54806.44
62187.99999999999,62032.953,52363.95,54907.74
61738.68,61566.31,52251.63999999999,54712.336
61503.719999999994,61152.62,52338.44,54505.18
61060.33,60709.6,52163.58,54210.277
60646.35,60641.9,51352.729999999996,54012.17
60445.670000000006,60118.51,51079.95,53593.89
59555.270000000004,59580.676,50487.17,53125.844
59382.72,59153.016,50390.2,52739.805
58854.4,58837.203,50568.36,52382.605
58296.41,58368.56,50690.25,52003.047
57822.29,57950.8,50701.94,51592.938
57620.5,57404.605,50578.9,51129.69
57158.27,57280.527,50563.83000000001,50858.387
56641.48,56992.29,50627.77,50553.44
56219.67,56602.9,49863.049999999996,50289.1
56644.43000000001,56250.773,49714.67,50063.4
56327.50000000001,56052.633,49745.05999999999,49921.863
55934.31,56245.67,49518.41,49998.777
55838.45,56150.645,49415.71,49925.914
56398.38,55871.2,49515.55,49747.664
56306.96,55724.977,50225.56,49753.586
56117.19,56061.58,50163.82,49979.582
55975.36,56090.504,49224.59,50014.31
55712.29,55869.457,49234.99,49897.996
55717.67,55547.043,48807.99999999999,49862.91
55696.03,55382.484,48769.68,49860.86
55705.85,55340.96,48839.71,49865.883
55334.079999999994,55296.695,48882.93000000001,49814.59
54684.08,54880.918,49028.51,49736.56
54541.24,54602.816,48754.51,49707.086
54265.08,54172.863,48678.89,49526.934
53710.55,53926.477,48373.87999999999,49386.42
52862.21,53350.6,47894.71,49155.23
52507.75,52922.09,47180.0,48884.46
52399.05,52379.855,47159.27,48443.027
52523.409999999996,52038.242,47295.12,48037.918
52139.80999999999,51501.66,47062.4,47675.645
51477.57,51464.062,46555.66,47445.773
50316.55000000001,51204.797,45976.29,47090.273
49394.93,50625.586,45463.04,46609.83
48540.43,49393.258,45358.76,46019.89
47604.52,48584.863,44544.59,45430.863
46600.87,47865.047,43616.98,44893.6
45429.95,47056.195,43141.03,44334.723
44713.81,45810.027,42557.23,43865.477
44114.92,45020.805,41655.14,43120.305
43667.11,44184.945,40929.84,42321.605
42849.54,43646.81,40662.13,41678.918
42127.75,42987.09,39679.26,41187.67
41749.68,42419.332,38958.28,40582.555
41210.0,41856.414,38311.88,40048.44
40690.45,41519.207,37390.34,39675.74
40469.09,41018.082,36713.26,39358.37
40393.85,40606.8,36487.17,39001.35
40098.93,40430.055,36238.07,38816.88
39734.52,40394.664,36137.67,38700.094
39521.04,40335.645,35889.0,37888.457
39276.02,39970.324,35160.85,37259.207
39497.4,39643.285,35057.48,37088.223
39100.0,39750.547,35258.94,37212.996
38957.18,39626.86,35153.88,37191.66
38989.7,39485.336,34850.19,37226.75
38685.01,39236.37,34793.83,37213.773
38542.86,39213.758,34624.08,37326.54
38547.98,38961.676,34683.47,37209.29
38679.76,38825.633,34474.51,37346.066
39002.04,38820.445,34701.55,37503.285
39782.92,39025.6,35061.7,37729.43
39834.33,39568.027,35259.63,37868.15
40033.55,40447.6,35340.38,38315.1
40356.5,40917.883,35416.04,38399.934
40874.77,41310.027,35810.31,38467.277
40747.47,42260.43,35899.59,38332.33
41264.71,43033.62,36048.87,38338.965
41837.87,43293.395,36115.62,38203.28
43250.98,43801.74,36364.33,38357.15
43847.73,45062.332,36691.84,38409.07
44599.55,46217.723,37448.96,38775.477
45225.59,46997.723,38016.72,39054.312
46299.97,47593.773,38781.92,39389.457
47071.46,48516.55,39589.5,39389.016
47927.02,48642.492,40598.7,39801.883
48771.83,49833.95,41288.94,41178.53
49320.24,50421.594,41997.72,42014.465
49894.78,51575.42,42546.66,42838.75
50351.81,51658.977,43119.13,43426.06
50790.32,51947.35,43744.49,44128.305
51135.05,52164.57,44524.74,44710.688
51728.03,52897.734,45394.63,45324.277
51860.95,52788.402,45897.64,45692.434
52538.24,52910.4,46516.61,46231.37
52622.7,52902.41,46631.03,46645.45
53174.75,53728.95,47556.06,47269.723
53465.16,53551.28,48190.280000000006,47331.215
53075.18,53548.234,48709.75,47477.2
52363.95,53618.582,48737.34,47716.03
52251.63999999999,53661.43,48587.31999999999,47832.09
52338.44,52828.445,48701.01,47613.273
52163.58,52435.477,48465.69,47684.473
51352.729999999996,52349.1,48301.84,47833.957
51079.95,52590.82,47874.11,47885.562
50487.17,51732.207,47773.45999999999,47311.19
50390.2,51232.0,47654.99,47038.816
50568.36,50742.117,46886.61,46780.676
50690.25,50881.246,46611.68,46696.516
50701.94,50814.66,46612.73,46463.03
50578.9,50838.383,46465.09,46351.69
50563.83000000001,50734.926,46455.49,46245.406
50627.77,50913.625,46479.72,46245.523
49863.049999999996,50743.207,46092.17,45943.504
49714.67,50767.54,46199.25,45830.234
49745.05999999999,50371.33,45893.82,45496.242
49518.41,50362.56,46076.28,45380.6
49415.71,50407.72,45745.82,45308.207
49515.55,50357.47,45791.16,45281.594
50225.56,50352.57,45901.1,45305.027
50163.82,50514.33,46391.57,45495.2
49224.59,51022.16,46351.12,45726.89
49234.99,51142.758,45446.89,45798.016
48807.99999999999,50509.4,45079.47,45571.434
48769.68,50183.35,46170.77,45733.395
48839.71,49996.824,47004.44,45762.61
48882.93000000001,49924.457,47157.93,45873.1
49028.51,49972.723,47557.02,46079.254
48754.51,49656.645,46706.33,46258.957
48678.89,49604.484,45967.35,46502.43
48373.87999999999,49460.324,46147.74,46685.348
47894.71,49281.707,45968.87,46856.586
47180.0,48645.426,45959.67,46832.91
47159.27,48214.18,45883.48,46833.613
47295.12,47755.26,45943.58,46778.586
47062.4,47619.617,45729.94,46843.05
46555.66,47303.93,46574.51,46730.043
45976.29,47117.555,46633.06,46641.13
45463.04,46790.027,46148.2,46441.305
45358.76,46291.953,45853.54,46154.406
44544.59,45476.227,46443.33,45690.707
43616.98,45254.3,45747.1,45543.28
43141.03,44847.594,44995.11,45225.562
42557.23,44127.582,44141.89,44732.457
41655.14,43241.332,42621.74,44370.996
40929.84,42727.188,41827.29,44124.312
40662.13,41985.062,41276.21,43559.89
39679.26,41380.637,40905.99,43011.77
38958.28,40724.977,40308.92,42444.26
38311.88,40103.61,40026.18,41832.87
37390.34,39504.977,39753.32,41224.23
36713.26,39013.918,39501.49,40695.5
36487.17,38135.785,39042.72,40008.21
36238.07,37527.875,38949.03,39474.625
36137.67,37257.29,38656.94,39148.805
35889.0,37062.32,38341.46,38877.1
35160.85,36968.26,38262.01,39075.645
35057.48,36819.34,38315.8,39314.84
35258.94,36351.016,38475.53,39270.7
35153.88,36091.85,38542.11,39333.164
34850.19,35913.945,38777.02,39444.74
34793.83,35862.527,38780.23,39681.547
34624.08,35589.332,38864.79,39796.605
34683.47,35431.09,39168.16,40001.59
34474.51,35157.88,39217.63,40178.01
34701.55,35140.65,39402.06,40575.94
35061.7,34991.438,39817.07,40914.67
35259.63,35104.57,40314.07,41442.707
35340.38,35461.586,42103.21,42230.38
35416.04,35926.055,43274.37,43127.82
35810.31,36151.38,44238.27,43921.965
35899.59,36393.844,45958.36,44757.46
36048.87,37109.58,49052.66,46156.082
36115.62,37730.496,51265.63,47482.31
36364.33,38003.082,52918.38999999999,48595.574
36691.84,38309.3,54377.41,49690.312
37448.96,38968.582,56209.71000000001,51485.25
38016.72,39557.03,57454.04,53027.043
38781.92,40167.008,58410.28,54331.4
39589.5,40773.477,59458.29,55582.383
40598.7,41333.758,60988.56999999999,57780.164
41288.94,42142.348,61783.35,59431.965
41997.72,43263.83,62234.44,60648.58
42546.66,43997.586,62578.32,61388.91
43119.13,44989.863,62372.87,62667.145
43744.49,45536.72,62736.34,63273.887
44524.74,46002.746,63311.45,63356.07
45394.63,46509.74,63606.93,63214.566
45897.64,47410.492,63671.80000000001,63910.863
46516.61,48004.35,64214.28,64268.707
46631.03,48254.86,64791.66,64191.46
47556.06,48607.555,65220.56,64069.266
48190.280000000006,49040.66,65047.18,64571.934
48709.75,49356.332,65618.32,64763.305
48737.34,49601.086,66041.63,64755.16
48587.31999999999,49603.457,66126.03,64651.797
48701.01,49727.547,65925.92,65035.16
48465.69,49333.957,65593.51,64802.77
48301.84,49069.29,65979.4,64332.816
47874.11,48694.535,66340.99,63814.44
47773.45999999999,48649.27,65597.02,63881.76
47654.99,48266.633,65622.19,63566.75
46886.61,48031.953,65247.48,63139.35
46611.68,47833.19,64309.810000000005,62899.68
46612.73,47697.434,63891.70999999999,63034.47
46465.09,47391.76,63547.13,62827.918
46455.49,47352.906,63576.73999999999,62633.918
46479.72,47176.81,63181.82,62576.395
46092.17,47435.348,62941.89,62812.992
46199.25,47449.664,62489.04,62884.344
45893.82,47310.09,62358.479999999996,62751.754
46076.28,47351.316,61647.46,62678.95
45745.82,47505.07,61054.32000000001,62619.42
45791.16,47501.37,60342.44,62490.33
45901.1,47458.434,59907.939999999995,62366.64
46391.57,47496.4,59818.08,62256.793
46351.12,47793.945,59633.95,62075.184
45446.89,48053.523,59500.36000000001,62040.598
45079.47,48142.535,59249.659999999996,62010.574
46170.77,47702.938,59301.55000000001,61681.44
47004.44,47352.07,59426.689999999995,60784.46
47157.93,47875.555,59511.62999999999,60668.367
47557.02,48419.344,59086.22,61022.383
46706.33,48631.047,59465.420000000006,61244.836
45967.35,48682.84,59281.409999999996,60896.23
46147.74,48254.51,58772.42,60465.58
45968.87,47673.613,58412.88999999999,59940.254
45959.67,47767.676,57709.590000000004,59681.336
45883.48,47580.19,57280.0,58934.56
45943.58,47690.89,56691.36,58492.473
45729.94,47796.69,56331.21,58288.848
46574.51,47941.387,56573.27,58151.562
46633.06,47642.6,56232.17999999999,57269.395
46148.2,47922.04,55470.76000000001,56922.684
45853.54,47846.086,54572.05,56723.387
46443.33,47316.535,53769.95999999999,56164.977
45747.1,46539.44,52508.98,54925.29
44995.11,46349.043,51157.47000000001,54330.652
44141.89,45794.31,50076.88999999999,53741.22
42621.74,45049.652,49080.16,52937.945
41827.29,44380.9,47784.36,51780.305
41276.21,43117.035,47038.49,50631.11
40905.99,42253.043,46167.05,49734.258
40308.92,41626.49,45414.77,49042.84
40026.18,41095.69,45117.56,48217.95
39753.32,40454.277,44654.81,47597.89
39501.49,40174.996,44279.12,47178.42
39042.72,39974.254,43771.67,46760.984
38949.03,39758.93,43379.72,46140.18
38656.94,39333.793,43105.6,45460.277
38341.46,39256.176,43069.42,44965.973
38262.01,39143.66,42814.2,44492.11
38315.8,39437.402,42216.64,43944.98
38475.53,39088.805,42036.58,43660.72
38542.11,39176.668,42202.19,43635.71
38777.02,39256.0,42280.43,43649.11
38780.23,39398.16,42305.64,43765.656
38864.79,39506.53,42185.74,43890.715
39168.16,39698.9,42249.96,44055.18
39217.63,39896.344,42431.09,44259.4
39402.06,40546.914,42899.49,44690.52
39817.07,41172.06,43220.86,45167.86
40314.07,41990.59,43649.51,45731.742
42103.21,43167.41,44041.44,46441.805
43274.37,44670.895,45395.49,47232.613
44238.27,46688.906,46192.48,48454.41
45958.36,48402.727,46644.22,49537.01
49052.66,49559.707,48173.340000000004,50358.02
51265.63,51251.395,50746.95999999999,51410.766
52918.38999999999,53263.48,52477.04,52879.098
54377.41,54832.504,53751.9,54258.137
56209.71000000001,55814.535,55120.52999999999,55414.887
57454.04,57072.305,56518.98,56764.945
58410.28,58140.02,57140.119999999995,58064.645
59458.29,58972.875,58118.08,59169.973
60988.56999999999,59622.367,58923.579999999994,60091.375
61783.35,60214.73,60032.1,61122.246
62234.44,61049.137,60316.36,62180.48
62578.32,61687.164,61032.71,63030.2
62372.87,62036.29,61236.52999999999,63524.016
62736.34,62694.016,61046.74,64233.11
63311.45,62733.195,61745.09,64409.023
63606.93,62918.098,62398.74,64463.734
63671.80000000001,63306.26,62970.57000000001,64591.035
64214.28,63946.742,63516.48,65032.24
64791.66,64057.41,63973.09,65146.734
65220.56,64266.105,64002.46,65239.625
65047.18,64609.91,64513.84,65422.63
65618.32,65200.21,64597.25,65883.24
66041.63,65110.652,64906.33999999999,65906.66
66126.03,65170.133,65471.51,65927.7
65925.92,65222.21,65246.48000000001,65993.49
65593.51,65408.277,64546.94,66219.23
65979.4,65137.016,64302.29,66087.46
66340.99,64703.652,64264.67999999999,65750.63
65597.02,64632.92,64191.93,65627.9
65622.19,64989.227,64094.14,65807.45
65247.48,64592.777,63965.78,65555.14
64309.810000000005,64265.484,63668.25,65281.273
63891.70999999999,63925.69,63445.37,65042.055
63547.13,63554.41,63015.6,64831.008
63576.73999999999,63038.01,62899.420000000006,64546.62
63181.82,62590.85,62755.78,64261.906
62941.89,62334.06,62601.0,64085.79
62489.04,62238.188,62535.76999999999,63997.91
62358.479999999996,61854.086,61885.89,63797.56
61647.46,61480.47,61371.02,63555.89
61054.32000000001,61186.43,61148.6,63373.426
60342.44,60920.477,60825.27,63132.543
59907.939999999995,60357.824,60397.76000000001,62770.285
59818.08,59907.586,60267.84,62429.004
59633.95,59538.562,60230.62,62127.297
59500.36000000001,59456.55,60365.59999999999,61923.7
59249.659999999996,59379.38,59977.54,61818.26
59301.55000000001,59282.76,60157.05999999999,61718.434
59426.689999999995,59187.465,60059.42999999999,61656.34
59511.62999999999,59020.543,59800.24999999999,61470.984
59086.22,59176.414,59575.14,61553.223
59465.420000000006,59171.84,59612.16,61644.06
59281.409999999996,58938.527,59669.08,61636.918
58772.42,58560.605,59486.69,61403.61
58412.88999999999,58417.08,58899.22,61339.25
57709.590000000004,57947.062,58800.6,61170.684
57280.0,57511.242,58305.34,60977.598
56691.36,56669.41,57650.70999999999,60311.51
56331.21,56188.01,56987.31,59837.516
56573.27,55748.08,56885.87,59445.035
56232.17999999999,55347.66,56846.94,59071.8
55470.76000000001,54947.734,56308.77,58396.9
54572.05,54543.6,55326.5,57872.777
53769.95999999999,53847.266,54608.87,57192.98
52508.98,53077.805,53527.16,56406.074
51157.47000000001,52063.38,52274.97,55194.258
50076.88999999999,51010.44,51158.89,54057.65
49080.16,49917.113,50005.41,52912.387
47784.36,48918.105,49367.05999999999,51864.73
47038.49,48132.562,47853.09999999999,50801.133
46167.05,47003.31,47142.71,49632.867
45414.77,46272.125,46469.75,48764.54
45117.56,45590.28,45986.96,47985.34
44654.81,44911.402,45000.43,47215.617
44279.12,44393.426,44567.98,46638.06
43771.67,44132.934,44295.48,46229.895
43379.72,43888.906,43603.12,45869.23
43105.6,43581.188,43354.92,45534.83
43069.42,43204.707,42914.52,45168.92
42814.2,43065.78,42716.72,44972.07
42216.64,43067.098,42223.51,44904.887
42036.58,43061.258,41707.28,44631.184
42202.19,42619.836,41916.9,44294.336
42280.43,42343.85,41950.24,44119.64
42305.64,42378.4,41898.08,44186.227
42185.74,42499.23,41741.54,44334.52
42249.96,42509.67,42107.42,44490.22
42431.09,42591.176,42247.53,44665.348
42899.49,42777.406,42343.04,44923.34
43220.86,43348.906,42529.13,45334.688
43649.51,44111.49,42810.69,45935.117
44041.44,45031.547,43357.55,46631.64
45395.49,46107.664,43689.68,47396.348
46192.48,47514.43,44873.45,48134.86
46644.22,49036.926,45746.14,49133.336
48173.340000000004,50256.234,46843.6,50000.93
50746.95999999999,50930.984,47934.28,50556.18
52477.04,52404.65,50581.2,51438.223
53751.9,54163.4,52180.07,52785.18
55120.52999999999,55490.746,53744.64,54071.953
56518.98,56270.418,54869.15,55137.406
57140.119999999995,57388.11,56542.90000000001,56418.945
58118.08,58296.758,57633.1,57666.52
58923.579999999994,58797.69,58760.08999999999,58612.83
60032.1,59387.96,59713.78,59480.824
60316.36,59826.594,58869.66,60440.727
61032.71,60502.36,60860.90000000001,61320.34
61236.52999999999,60856.66,60891.67,61887.465
61046.74,61226.746,61042.41999999999,62298.3
61745.09,61805.82,60950.74999999999,62905.54
62398.74,61888.35,61323.75,63123.496
62970.57000000001,62166.375,61577.53,63279.496
63516.48,62639.45,62032.84,63516.293
63973.09,63391.223,62204.490000000005,64093.266
64002.46,63741.19,62333.48000000001,64429.723
64513.84,63987.242,62987.14,64615.465
64597.25,64047.37,63108.079999999994,64673.293
64906.33999999999,64565.402,63552.28,65130.92
65471.51,64643.86,64276.09,65317.246
65246.48000000001,64627.363,64512.82,65335.67
64546.94,64701.59,64883.61,65433.266
64302.29,64814.938,64412.99,65678.66
64264.67999999999,64301.34,64351.43,65417.316
64191.93,63808.01,64100.119999999995,65022.01
64094.14,63534.805,64166.24999999999,64756.176
63965.78,63589.258,63944.48,64755.63
63668.25,63389.875,63687.46,64620.31
63445.37,63114.63,63391.51,64370.105
63015.6,62747.156,62222.04,64115.38
62899.420000000006,62791.59,62203.810000000005,64053.83
62755.78,62407.887,62291.18,63781.0
62601.0,62114.594,61589.200000000004,63525.332
62535.76999999999,61832.08,60994.74999999999,63359.594
61885.89,61864.45,60905.79,63290.656
61371.02,61646.66,60734.74,63131.01
61148.6,61182.168,60194.399999999994,62855.18
60825.27,60729.2,59804.87,62576.04
60397.76000000001,60621.918,59773.68,62383.56
60267.84,60328.344,59355.73,62135.72
60230.62,60079.43,59199.81,61895.98
60365.59999999999,60016.805,58966.20999999999,61741.09
59977.54,60015.855,59035.66,61554.777
60157.05999999999,60105.23,58911.65000000001,61501.44
60059.42999999999,59982.965,58757.97,61370.625
59800.24999999999,60037.35,58814.19,61367.727
59575.14,59861.484,58459.96,61199.42
59612.16,59699.79,58448.71,61143.41
59669.08,59500.4,58328.15,61070.344
59486.69,59427.586,58018.18,61076.867
58899.22,58960.96,58001.09999999999,60730.195
58800.6,58690.242,57367.82,60548.336
58305.34,58212.86,57036.15,60285.246
57650.70999999999,57863.906,56765.06,60079.754
56987.31,57198.594,56262.7,59495.242
56885.87,56668.773,56073.78,59023.566
56846.94,56147.85,55979.57,58588.293
56308.77,55851.285,56049.079999999994,58272.863
55326.5,55340.79,56053.83,57641.598
54608.87,54810.773,55245.61000000001,57089.78
53527.16,54042.066,54168.16,56414.125
52274.97,53264.32,53034.94,55714.72
51158.89,52157.168,51590.73999999999,54590.914
50005.41,51041.297,50607.45,53535.14
49367.05999999999,50026.984,49307.29,52556.133
47853.09999999999,49028.74,48532.33,51619.68
47142.71,48410.887,47416.02,50655.37
46469.75,47272.36,46501.86,49486.21
45986.96,46518.824,45770.82,48605.14
45000.43,45915.965,45294.32,47885.227
44567.98,45376.14,44438.26,47212.29
44295.48,44647.055,43767.21,46460.465
43603.12,44246.117,43745.23,45923.31
43354.92,44031.938,43607.67,45541.37
42914.52,43617.285,43002.78,45091.13
42716.72,43259.6,42712.88,44688.043
42223.51,43060.68,42245.4,44427.95
41707.28,42932.656,42094.83,44270.0
41916.9,42256.344,41502.04,43709.016
41950.24,42043.043,41384.24,43466.906
41898.08,41899.21,41507.62,43370.098
41741.54,42002.01,41539.5,43496.613
42107.42,42042.258,41725.47,43608.34
42247.53,41961.945,41593.74,43700.285
42343.04,42206.94,41539.96,44013.312
42529.13,42616.918,41833.37,44419.72
42810.69,43150.28,42231.82,44844.156
43357.55,43763.777,42549.4,45398.33
43689.68,44589.348,42937.62,46018.664
44873.45,45641.836,43370.87,46752.336
45746.14,46884.043,44850.44,47426.31
46843.6,48222.953,45781.15,48353.375
47934.28,49378.508,46670.73,49198.29
50581.2,50453.574,48047.59,49994.832
52180.07,51860.523,50759.44999999999,50884.176
53744.64,53595.188,52286.67,52267.004
54869.15,54853.945,53459.200000000004,53586.324
56542.90000000001,55803.44,54574.37,54826.41
57633.1,56829.54,56093.84,56187.54
58760.08999999999,57814.234,57246.549999999996,57583.113
59713.78,58598.04,58102.34,58777.65
58869.66,59359.414,58891.65,59833.895
60860.90000000001,59972.34,59784.8,60928.824
60891.67,59814.5,60177.11,61200.36
61042.41999999999,60509.258,60715.46,61811.91
60950.74999999999,60923.49,60884.69,62108.375
61323.75,61302.67,60930.04,62502.992
61577.53,61533.977,61483.35,62718.21
62032.84,61731.383,62085.8,62731.848
62204.490000000005,62015.074,62624.2,62752.094
62333.48000000001,62686.863,62742.43,63232.07
62987.14,62949.406,62680.48999999999,63515.2
63108.079999999994,62993.938,63031.13,63578.383
63552.28,63281.117,63619.96,63805.594
64276.09,63742.484,64201.28,64307.906
64512.82,63937.016,64347.7,64592.887
64883.61,64180.496,64445.94,64807.67
64412.99,64207.023,64676.62,64888.465
64351.43,64488.97,64056.17,65207.31
64100.119999999995,64244.207,64032.049999999996,65121.75
64166.24999999999,63826.695,63694.94000000001,64803.9
63944.48,63454.68,63690.03999999999,64512.754
63687.46,63486.555,63478.67,64481.535
63391.51,63370.715,63344.79000000001,64390.62
62222.04,62961.402,63235.14000000001,64067.68
62203.810000000005,62586.387,62767.77,63792.05
62291.18,62061.88,62572.420000000006,63468.008
61589.200000000004,61712.723,62191.99,63252.92
60994.74999999999,61515.305,61916.88,63098.863
60905.79,60969.535,61681.5,62796.62
60734.74,60573.168,61925.45,62539.7
60194.399999999994,60235.008,61543.63,62378.387
59804.87,59973.17,60940.29,62225.82
59773.68,59538.39,60589.240000000005,61957.504
59355.73,59207.316,60447.740000000005,61707.2
59199.81,59075.016,60053.42,61584.676
58966.20999999999,58843.3,59748.69,61380.48
59035.66,58717.348,59738.87,61215.383
58911.65000000001,58610.38,59879.63,60974.836
58757.97,58708.03,59599.73999999999,60918.535
58814.19,58761.727,59468.81,60871.348
58459.96,58741.895,59494.94,60856.934
58448.71,58640.113,59440.65,60692.934
58328.15,58568.13,59063.72,60619.6
58018.18,58476.035,58920.369999999995,60548.215
58001.09999999999,58397.574,58877.22,60526.57
57367.82,57767.902,58872.29,60083.14
57036.15,57577.664,58125.41,59879.004
56765.06,57146.43,57787.51999999999,59559.785
56262.7,56711.312,57433.51,59220.88
56073.78,56099.277,56671.31,58583.777
55979.57,55674.016,56357.869999999995,58071.54
56049.079999999994,55376.582,56647.05000000001,57692.605
56053.83,55179.824,56891.98,57452.54
55245.61000000001,54741.1,56380.64,56870.746
54168.16,54416.87,55623.44,56464.027
53034.94,53826.008,54799.8,55966.945
51590.73999999999,52949.797,53599.19000000001,55287.234
50607.45,51757.312,52429.43,54122.414
49307.29,50523.742,51458.01000000001,52951.59
48532.33,49510.44,50251.54,51930.89
47416.02,48469.363,49274.62,50934.426
46501.86,47681.86,48125.41000000001,49913.344
45770.82,46700.246,47516.9,48800.26
45294.32,45952.26,46702.79,47914.496
44438.26,45274.5,46014.73,47126.008
43767.21,44718.633,45116.44,46447.645
43745.23,44017.45,44320.08,45679.54
43607.67,43532.473,44000.59,45081.145
43002.78,43373.07,43936.13,44770.605
42712.88,43292.887,43538.46,44568.69
42245.4,42896.363,43018.43,44166.43
42094.83,42734.13,42771.05,43954.348
41502.04,42501.45,42520.37,43746.527
41384.24,41878.86,41899.31,43539.676
41507.62,41660.117,41711.52,43256.99
41539.5,41391.68,41645.62,43027.04
41725.47,41450.227,41884.76,43059.69
41593.74,41551.105,41807.88,43146.348
41539.96,41673.51,41689.71,43308.027
41833.37,41785.28,41811.78,43483.117
42231.82,41966.734,42035.61,43710.473
42549.4,42587.05,42450.9,44106.043
42937.62,43319.47,42790.91,44674.254
43370.87,44259.523,42929.32,45335.703
44850.44,45223.645,43680.49,45991.656
45781.15,46434.934,44858.56,46568.637
46670.73,47952.39,45205.19,47544.05
48047.59,49208.977,46308.51,48390.023
50759.44999999999,50218.723,48047.6,49111.297
52286.67,51747.645,50491.6,49926.72
53459.200000000004,53673.094,52103.350000000006,51335.934
54574.37,54943.98,53537.67,52548.87
56093.84,55705.457,54671.24999999999,53596.324
57246.549999999996,56653.16,56196.53999999999,54779.312
58102.34,57625.508,57224.450000000004,56155.387
58891.65,58408.78,58407.6,57430.246
59784.8,59056.88,59257.08,58554.145
60177.11,59534.26,60020.57000000001,59703.574
60715.46,60014.66,60358.17,60504.05
60884.69,60382.46,60739.58999999999,61071.668
60930.04,60639.406,61217.42,61365.13
61483.35,61151.926,61471.520000000004,61903.63
62085.8,61376.074,61843.47,62242.625
62624.2,61628.56,62431.68,62384.367
62742.43,62083.83,62877.53999999999,62613.15
62680.48999999999,62848.7,63267.64,63238.344
63031.13,63097.406,63632.33,63588.09
63619.96,63039.07,63989.23,63590.34
64201.28,63214.855,64492.99,63695.38
64347.7,63895.086,64711.82,64284.492
64445.94,64224.367,64916.22,64660.17
64676.62,64209.64,65138.51,64695.48
64056.17,64075.312,64865.91,64600.242
64032.049999999996,64319.492,63940.19,64863.15
63694.94000000001,63872.22,63545.69,64661.453
63690.03999999999,63432.164,63495.45,64308.0
63478.67,63027.03,63150.06,63936.34
63344.79000000001,63042.797,62983.200000000004,63942.42
63235.14000000001,62857.15,62615.73,63838.254
62767.77,62520.516,62296.9,63542.297
62572.420000000006,62248.254,61753.29,63257.973
62191.99,62107.625,61329.82,63128.86
61916.88,61847.023,61119.76999999999,62970.773
61681.5,61410.36,60769.37999999999,62634.562
61925.45,60961.152,60374.32,62310.707
61543.63,60831.586,60387.94999999999,62184.2
60940.29,60805.46,60007.3,62136.52
60589.240000000005,60492.887,59580.85,61909.863
60447.740000000005,59947.36,59357.13,61540.992
60053.42,59645.234,59583.25,61282.707
59748.69,59460.836,59213.57000000001,61126.39
59738.87,59166.35,58625.83,60878.7
59879.63,58919.824,58598.95,60638.973
59599.73999999999,58812.34,58874.51000000001,60459.473
59468.81,58982.332,58720.93,60473.33
59494.94,58925.617,58571.11000000001,60386.727
59440.65,58925.004,58338.26,60312.8
59063.72,58745.74,58146.80000000001,60107.887
58920.369999999995,58787.332,57891.77999999999,60063.316
58877.22,58572.434,57777.68,59870.156
58872.29,58454.13,57751.54,59649.332
58125.41,58054.15,57119.030000000006,59197.38
57787.51999999999,57903.22,56421.83999999999,58895.355
57433.51,57408.51,56349.37000000001,58437.3
56671.31,56997.855,56077.73,57999.242
56357.869999999995,56393.58,55373.88,57370.656
56647.05000000001,55844.773,54767.05,56737.395
56891.98,55493.117,54751.659999999996,56247.926
56380.64,55454.88,54757.89,56004.027
55623.44,55135.848,54339.17999999999,55601.758
54799.8,54635.688,53420.46000000001,55113.754
53599.19000000001,53954.297,52398.59,54523.273
52429.43,53152.965,51147.67,53848.812
51458.01000000001,51921.785,49919.16,52770.438
50251.54,50768.715,49333.83,51675.562
49274.62,49794.348,48414.27,50714.465
48125.41000000001,48776.73,47497.16,49780.77
47516.9,47802.453,46745.32,48882.98
46702.79,46817.816,46033.04,47853.297
46014.73,46219.97,45350.12,47147.02
45116.44,45604.465,44753.8,46464.375
44320.08,45014.87,43597.03,45846.406
44000.59,44249.695,43362.99,45109.18
43936.13,43746.805,42966.91,44552.027
43538.46,43446.082,42506.61,44176.94
43018.43,43394.793,41654.27,44056.37
42771.05,43095.97,40982.85,43739.035
42520.37,42881.8,40706.99,43495.742
41899.31,42705.79,40285.95,43305.086
41711.52,42517.75,39618.57,43053.996
41645.62,41988.85,39465.14,42198.855
41884.76,41768.727,39423.11,41717.844
41807.88,41636.7,39158.47,41345.51
41689.71,41878.766,39053.63,41281.98
41811.78,41901.47,38938.17,41097.82
42035.61,42054.363,38842.08,41034.51
42450.9,42382.293,38938.52,41075.207
42790.91,43127.402,38780.64,41255.598
42929.32,43896.508,38796.21,41538.633
43680.49,44837.645,38769.53,41868.84
44858.56,45573.727,38750.52,42087.31
45205.19,46885.906,39227.76,42321.68
46308.51,48166.58,39400.14,42766.848
48047.6,48959.33,39498.04,42876.605
50491.6,49885.996,39829.48,43070.98
52103.350000000006,51834.184,40651.84,43317.59
53537.67,53634.82,40597.64,43944.773
54671.24999999999,54900.027,41035.53,44359.785
56196.53999999999,55759.46,41539.94,44718.074
57224.450000000004,56852.76,42755.14,44967.74
58407.6,57644.53,43690.31,45654.93
59257.08,58341.004,44536.4,46396.695
60020.57000000001,59100.074,45619.09,47325.355
60358.17,59826.99,46753.79,47945.477
60739.58999999999,60070.684,47664.52,48808.184
61217.42,60380.586,48445.38,49696.324
61471.520000000004,60547.727,49200.78999999999,50494.273
61843.47,61225.074,50015.78,51409.246
62431.68,61407.03,50588.17,52262.535
62877.53999999999,61520.27,50944.600000000006,52930.227
63267.64,61854.67,51513.62999999999,53628.312
63632.33,62473.72,51789.98,54297.062
63989.23,62652.777,51915.780000000006,54842.027
64492.99,62685.03,52405.61000000001,55165.555
64711.82,62875.855,52709.51999999999,55463.55
64916.22,63517.574,52949.33999999999,55837.39
65138.51,63598.5,53271.72000000001,55951.83
64865.91,63536.234,53764.56999999999,55910.867
63940.19,63536.36,53699.19,55893.953
63545.69,63640.855,53462.98,55819.613
63495.45,63003.066,53566.30000000001,55414.68
63150.06,62415.152,53143.41999999999,55041.18
62983.200000000004,62187.926,52607.41,54830.305
62615.73,62165.39,52090.3,54564.6
62296.9,61800.75,51948.39,54213.785
61753.29,61355.062,51755.32,53834.05
61329.82,60883.242,51227.11,53473.375
61119.76999999999,60733.3,50538.7,53180.766
60769.37999999999,60283.926,50441.020000000004,52803.105
60374.32,59912.71,50089.79,52476.66
60387.94999999999,59592.98,49572.67,52178.28
60007.3,59474.508,49770.22,51926.773
59580.85,59332.312,49660.369999999995,51773.035
59357.13,59015.08,49455.21,51561.355
59583.25,58654.47,49005.869999999995,51301.652
59213.57000000001,58548.656,49110.41,51189.895
58625.83,58636.594,48962.63,51227.402
58598.95,58447.04,48848.2,51091.918
58874.51000000001,58033.44,48545.27999999999,50798.582
58720.93,57905.586,49113.34,50744.91
58571.11000000001,58112.41,49046.85,50894.492
58338.26,58057.79,49139.52,50886.582
58146.80000000001,57917.195,49260.34,50815.305
57891.77999999999,57517.668,49479.49,50761.46
57777.68,57441.926,49420.49,50829.777
57751.54,57259.543,49382.729999999996,50766.477
57119.030000000006,57110.86,49315.9,50693.926
56421.83999999999,56738.266,49760.98999999999,50628.266
56349.37000000001,56328.566,49745.02,50491.37
56077.73,55818.906,49404.96000000001,50237.9
55373.88,55584.45,48622.55,50062.453
54767.05,54996.47,48073.47,49828.445
54751.659999999996,54528.297,47722.39,49475.527
54757.89,54088.523,48053.77,49080.92
54339.17999999999,53928.297,47993.58,48787.062
53420.46000000001,53423.17,47887.55000000001,48527.113
52398.59,53053.78,47202.05,48140.207
51147.67,52365.86,46887.42,47599.94
49919.16,51475.46,46115.69,46974.234
49333.83,50098.934,45658.58,46339.188
48414.27,49127.992,45005.48,45629.66
47497.16,48457.23,44271.54,45118.516
46745.32,47747.88,43405.1,44561.414
46033.04,46623.27,42129.92,44113.895
45350.12,45968.64,41598.01,43408.566
44753.8,45229.375,41193.39,42672.18
43597.03,44649.86,40389.24,42020.895
43362.99,43944.71,39448.8,41524.805
42966.91,43160.242,38953.6,40807.55
42506.61,42775.598,38456.37,40401.277
41654.27,42535.438,38105.69,40060.926
40982.85,42091.418,37597.26,39790.133
40706.99,41533.234,36983.91,39348.062
40285.95,41060.742,36789.91,39031.055
39618.57,40825.008,36699.31,38860.215
39465.14,40687.695,36377.57,38087.316
39423.11,40019.15,36010.98,37294.02
39158.47,39688.586,35712.48,37144.465
39053.63,39849.926,35732.18,37298.254
38938.17,39569.65,35670.98,37137.367
38842.08,39411.273,35536.83,37172.684
38938.52,39266.35,35625.52,37204.96
38780.64,39171.484,35557.3,37259.203
38796.21,39140.387,35415.21,37250.64
38769.53,39095.574,35480.73,37341.434
38750.52,39044.926,35362.15,37440.562
39227.76,39099.504,35188.04,37569.535
39400.14,39387.195,35497.1,37537.332
39498.04,39900.17,35475.37,37788.11
39829.48,40372.957,35582.44,37920.855
40651.84,40819.73,35366.3,37967.36
40597.64,41834.574,36091.51,37820.562
41035.53,42789.266,35718.31,37868.38
41539.94,43212.465,35945.88,37748.758
42755.14,43640.906,36263.76,37805.08
43690.31,44826.613,37142.24,37868.883
44536.4,45833.04,37855.97,38198.85
45619.09,46845.527,38632.18,38705.64
46753.79,47616.188,39353.24,39265.547
47664.52,48737.965,40214.08,39546.766
48445.38,49049.18,41013.26,40206.41
49200.78999999999,50161.758,41762.91,41634.367
50015.78,50670.59,42235.79,42576.867
50588.17,51640.76,42880.3,43519.3
50944.600000000006,51953.984,43681.14,44384.18
51513.62999999999,52182.89,44295.94,45118.93
51789.98,52301.51,45019.96,45698.66
51915.780000000006,52999.414,45439.07,46471.94
52405.61000000001,52951.902,45923.5,46967.68
52709.51999999999,52771.195,46231.71,47331.582
52949.33999999999,52950.953,46759.06,47768.51
53271.72000000001,53563.0,47302.55,48274.043
53764.56999999999,53476.797,47696.75,48321.457
53699.19,53426.89,48152.600000000006,48325.594
53462.98,53593.164,48445.34,48473.414
53566.30000000001,53879.816,48496.96,48582.598
53143.41999999999,53530.324,48350.88,48423.91
52607.41,53334.38,48172.02,48359.234
52090.3,53009.855,47935.45,48197.996
51948.39,52909.812,47486.07,48010.055
51755.32,52378.336,47193.5,47595.883
51227.11,52019.746,46794.3,47362.65
50538.7,51766.32,46452.13,47200.895
50441.020000000004,51745.156,46226.92,47044.926
50089.79,51094.098,46102.85,46548.28
49572.67,50758.867,45942.88,46330.484
49770.22,50512.055,45543.27,46190.074
49660.369999999995,50431.94,45660.55,46053.41
49455.21,50335.125,45389.71,45892.86
49005.869999999995,50228.754,45227.17,45818.98
49110.41,50076.31,45162.42,45782.332
48962.63,49999.453,45194.5,45769.82
48848.2,49941.324,44834.5,45755.51
48545.27999999999,49917.19,44737.54,45824.504
49113.34,49878.758,44912.99,45885.492
49046.85,49818.38,45732.2,45950.625
49139.52,50096.816,45880.7,46162.93
49260.34,50199.633,46093.37,46364.87
49479.49,50254.867,46444.35,46576.31
49420.49,50201.992,47256.3,46734.965
49382.729999999996,50384.27,47580.5,46990.984
49315.9,50405.23,47390.94,47177.125
49760.98999999999,50354.816,47660.07,47344.152
49745.02,50021.176,47744.98,47291.457
49404.96000000001,50188.062,47617.32,47529.68
48622.55,50267.16,47515.38,47758.926
48073.47,49998.84,47637.34,47831.176
47722.39,49049.887,47543.46,47425.293
48053.77,48621.64,47780.18,47372.184
47993.58,48464.445,48215.0,47443.484
47887.55000000001,48622.76,48387.73,47651.277
47202.05,48123.22,48300.22,47385.117
46887.42,47909.258,47677.04,47368.277
46115.69,47487.832,47279.34,47228.72
45658.58,47081.703,47055.79,47090.95
45005.48,46100.656,46914.89,46561.637
44271.54,45685.344,46512.98,46418.918
43405.1,45282.375,45920.18,46230.023
42129.92,44742.453,45313.15,45924.33
41598.01,43773.89,44479.93,45306.867
41193.39,42735.28,43888.92,44867.543
40389.24,42078.883,43456.53,44419.547
39448.8,41767.234,42968.82,44064.473
38953.6,40924.543,42413.73,43325.965
38456.37,40196.72,41928.03,42684.33
38105.69,39724.445,41282.05,42151.367
37597.26,39340.168,41002.17,41661.17
36983.91,38711.13,40651.76,41047.312
36789.91,38289.668,40397.42,40581.812
36699.31,37855.78,40144.75,40113.05
36377.57,37592.15,40025.39,39759.777
36010.98,37503.438,39721.22,40065.914
35712.48,37327.117,39622.53,40226.83
35732.18,37006.945,39763.7,40243.164
35670.98,36743.883,39569.52,40284.816
35536.83,36419.285,39131.68,40305.31
35625.52,36329.797,39256.7,40520.113
35557.3,36177.555,39238.07,40696.402
35415.21,36144.668,39370.25,40960.766
35480.73,35963.766,39995.47,41189.375
35362.15,35898.766,40321.6,41552.527
35188.04,35865.973,40957.27,41936.387
35497.1,35872.17,41588.68,42372.05
35475.37,35819.71,43382.93,42917.72
35582.44,36177.95,44319.95,43704.12
35366.3,36390.688,45573.43,44454.098
36091.51,36693.37,47398.24,45295.492
35718.31,37004.727,50560.159999999996,46469.223
35945.88,37812.87,52404.78,47851.97
36263.76,37966.035,53784.31,48931.75
37142.24,38197.99,55127.72000000001,49972.305
37855.97,38893.664,56810.22000000001,51791.746
38632.18,39842.664,57903.01,53549.31
39353.24,40540.562,59126.94000000001,55098.312
40214.08,41218.438,60388.46,56502.75
41013.26,41640.277,61283.490000000005,58734.215
41762.91,42579.863,62129.02,60410.06
42235.79,43521.254,62685.46,61480.094
42880.3,44233.855,63091.33000000001,62016.25
43681.14,45006.754,63182.96,63023.24
44295.94,45550.574,63561.13,63415.133
45019.96,46103.26,64257.21000000001,63449.137
45439.07,46607.51,64455.75,63334.492
45923.5,47403.406,64892.94,64076.254
46231.71,47714.953,65368.52,64344.92
46759.06,47964.277,65882.6,64274.082
47302.55,48147.46,66376.84,64132.316
47696.75,48749.957,66612.66,64845.79
48152.600000000006,48972.133,67220.21,65144.1
48445.34,49022.777,67592.11,65139.86
48496.96,49053.82,67621.43,65021.7
48350.88,49337.21,67051.8,65558.88
48172.02,49161.29,66837.77,65499.016
47935.45,48800.15,66837.28,65061.42
47486.07,48429.348,67132.89,64493.383
47193.5,48406.918,67068.14,64574.42
46794.3,48011.87,67044.29,64277.266
46452.13,47700.2,67093.95,63865.977
46226.92,47329.816,66321.09,63496.71
46102.85,47335.496,66005.56,63577.26
45942.88,47142.29,66041.76,63514.652
45543.27,47039.383,65620.19,63424.81
45660.55,46927.8,65293.369999999995,63325.066
45389.71,46988.688,65137.47,63420.047
45227.17,46990.5,64986.64000000001,63440.625
45162.42,46981.008,64740.82,63407.28
45194.5,46892.234,64193.39000000001,63321.7
44834.5,47119.844,63959.68,63276.76
44737.54,47143.336,63765.05,63168.676
44912.99,47047.43,63238.58000000001,62980.21
45732.2,46978.48,63121.45,62783.082
45880.7,47218.504,63155.27,62499.91
46093.37,47616.52,63233.659999999996,62537.844
46444.35,47817.805,63351.4,62752.68
47256.3,48007.133,63329.560000000005,62890.42
47580.5,48227.89,62603.34,62538.715
47390.94,48678.523,62066.16000000001,62573.402
47660.07,48860.52,62217.10999999999,62721.688
47744.98,48812.836,61857.0,62620.3
47617.32,48664.46,61361.84,62005.473
47515.38,48750.496,60655.51,61756.79
47637.34,48652.06,60505.33,61574.117
47543.46,48692.53,60099.1,61325.094
47780.18,48614.414,60071.19,60560.516
48215.0,48784.996,59759.78999999999,60138.984
48387.73,49030.195,60087.950000000004,59969.188
48300.22,49466.42,60178.2,59901.023
47677.04,49436.426,59433.42,59149.58
47279.34,49366.13,58484.81,58600.203
47055.79,48912.812,56957.76,57960.984
46914.89,48429.043,56084.0,57190.527
46512.98,47768.125,55097.33,55897.395
45920.18,47266.887,54141.13,55092.203
45313.15,46711.254,52957.42,54380.516
44479.93,46047.367,52087.33999999999,53603.934
43888.92,45479.484,51045.310000000005,52568.13
43456.53,44505.305,50386.62,51620.617
42968.82,43825.387,49525.66,50845.848
42413.73,43261.645,48809.19,50135.86
41928.03,42731.41,47932.87,49197.508
41282.05,42076.77,47521.41,48447.613
41002.17,41747.04,47045.44,47872.496
40651.76,41326.88,46322.68,47297.082
40397.42,41031.496,45253.93,46738.97
40144.75,40627.625,45298.26,46281.914
40025.39,40497.043,44771.82,46013.957
39721.22,40342.906,44681.06,45779.484
39622.53,40783.523,44206.84,45077.566
39763.7,40258.516,44203.92,44830.824
39569.52,40274.227,44252.7,44719.895
39131.68,40302.957,44380.19,44637.81
39256.7,40343.164,44454.16,44623.74
39238.07,39998.734,44410.85,44414.664
39370.25,39945.184,44224.16,44405.414
39995.47,40064.734,44201.03,44511.184
40321.6,40523.13,44733.42,44774.418
40957.27,41308.383,44773.81,45318.73
41588.68,42327.395,45078.31,46003.035
43382.93,43592.97,45780.04,46825.18
44319.95,45365.277,47484.48,47798.074
45573.43,47434.63,48375.89,49113.586
47398.24,49090.01,49714.75,50225.85
50560.159999999996,50451.91,51010.16,51200.69
52404.78,52420.09,54096.32,52449.754
53784.31,54444.48,55376.84999999999,54034.098
55127.72000000001,55794.234,56424.69,55359.99
56810.22000000001,56551.605,57509.9,56384.652
57903.01,57635.207,58945.14,57600.465
59126.94000000001,58603.984,60261.14,58834.105
60388.46,59346.047,61418.64,59855.5
61283.490000000005,60144.465,62171.4,60808.773
62129.02,60847.08,63199.71,61879.58
62685.46,61561.176,63737.43,62819.473
63091.33000000001,62050.98,64259.34,63485.695
63182.96,62448.418,64715.74,63927.29
63561.13,63031.793,64260.58,64529.848
64257.21000000001,63365.02,64753.21,64872.59
64455.75,63575.08,65684.33,64948.15
64892.94,64030.98,66220.52,65128.44
65368.52,64576.33,66470.88,65548.625
65882.6,65009.633,66756.75,65888.61
66376.84,65293.55,67139.27,66066.68
66612.66,65621.516,67537.8,66281.36
67220.21,66180.23,67847.57,66794.586
67592.11,66431.1,68504.44,67068.25
67621.43,66603.27,68900.99,67187.82
67051.8,66722.836,69080.64,67262.766
66837.77,66850.78,68020.58,67415.88
66837.28,66533.45,67885.82,67214.836
67132.89,66104.41,68077.01,66814.19
67068.14,65852.766,68153.76,66501.51
67044.29,65996.54,67957.48,66542.734
67093.95,65970.45,67718.61,66485.43
66321.09,65744.52,67417.3,66286.33
66005.56,65598.39,66948.12,66163.75
66041.76,65307.25,66633.17,66027.93
65620.19,64975.68,66575.6,65852.1
65293.369999999995,64727.812,66226.68,65700.195
65137.47,64301.094,65980.95,65494.473
64986.64000000001,64029.48,66433.6,65383.4
64740.82,63754.027,65811.61,65310.99
64193.39000000001,63493.6,65875.01,65206.98
63959.68,63161.445,65834.74,65078.48
63765.05,62757.48,65493.72,64889.062
63238.58000000001,62448.312,64726.16,64755.004
63121.45,62240.87,64892.920000000006,64638.37
63155.27,61921.66,64568.75000000001,64424.906
63233.659999999996,61711.066,64573.01999999999,64202.457
63351.4,61783.1,64419.22000000001,64201.812
63329.560000000005,61906.867,64624.18,64264.254
62603.34,62101.83,64568.200000000004,64390.473
62066.16000000001,61974.324,63987.9,64276.734
62217.10999999999,61727.734,63722.4,64148.81
61857.0,61260.535,63522.67,63914.473
61361.84,61215.9,63582.47,63831.9
60655.51,60579.414,63315.240000000005,63388.906
60505.33,60117.33,62512.51999999999,63007.793
60099.1,59461.08,62257.0,62534.94
60071.19,59102.973,62225.06,62157.918
59759.78999999999,58426.402,62070.69,61444.156
60087.950000000004,58247.86,61363.2,61008.21
60178.2,57977.207,61394.19999999999,60644.562
59433.42,57922.957,61532.590000000004,60386.094
58484.81,57498.746,60812.30000000001,59778.402
56957.76,56912.65,59823.27999999999,59133.355
56084.0,56142.734,58631.52999999999,58387.547
55097.33,55100.83,57378.09,57427.16
54141.13,53937.88,56395.83,56166.34
52957.42,52974.977,55436.86000000001,55164.086
52087.33999999999,52091.684,53932.82,54268.13
51045.310000000005,51137.36,52991.55,53380.52
50386.62,50467.637,51680.74,52485.547
49525.66,49405.734,50856.97,51472.0
48809.19,48793.266,50015.88,50765.766
47932.87,48142.41,49321.27,50078.324
47521.41,47532.426,48338.32000000001,49359.543
47045.44,46803.46,47942.26,48653.387
46322.68,46460.637,47293.72,48200.64
45253.93,46185.234,46743.82,47853.92
45298.26,45829.996,46333.45,47489.105
44771.82,45111.17,46000.34,46910.797
44681.06,44946.02,45618.69,46686.465
44206.84,44770.57,45292.09,46487.22
44203.92,44766.88,44611.98,46171.656
44252.7,44332.523,44473.08,45827.188
44380.19,44219.754,44366.88,45700.477
44454.16,44256.086,44358.64,45709.055
44410.85,44392.414,44217.64,45842.26
44224.16,44422.465,44348.89,45961.383
44201.03,44510.785,44415.68,46122.105
44733.42,44582.312,44456.4,46282.53
44773.81,44973.156,45317.04,46554.414
45078.31,45607.45,45611.86,47093.656
45780.04,46386.41,45858.61,47687.58
47484.48,47307.26,46289.44,48327.26
48375.89,48894.652,48015.329999999994,49180.52
49714.75,50691.33,49082.420000000006,50396.695
51010.16,52194.914,50221.07,51462.395
54096.32,53510.637,51742.02,52421.285
55376.84999999999,55140.887,54548.740000000005,53491.52
56424.69,56866.09,55955.56,54936.25
57509.9,57907.793,57200.76,56102.777
58945.14,58431.715,58434.98000000001,56967.26
60261.14,59293.29,60053.89,58018.215
61418.64,60108.367,61007.689999999995,59129.984
62171.4,60914.895,62030.69999999999,60167.414
63199.71,61716.344,62895.91,61118.93
63737.43,62190.17,63766.05,62064.715
64259.34,62915.516,64195.01,63012.66
64715.74,63342.63,64434.48,63646.914
64260.58,63667.8,64769.76999999999,64071.207
64753.21,64224.02,64254.97,64672.887
65684.33,64403.2,65122.16000000001,64973.168
66220.52,64581.34,65635.95,65088.273
66470.88,65145.74,66172.02,65401.176
66756.75,65801.055,66380.63,65940.26
67139.27,66257.03,66741.83,66386.35
67537.8,66399.875,67199.92,66549.72
67847.57,66641.555,67757.72,66734.71
68504.44,67117.14,68058.08,67182.875
68900.99,67399.12,68237.29,67479.47
69080.64,67593.836,68602.71,67621.45
68020.58,67708.15,68570.45,67701.98
67885.82,67923.98,68367.87,67899.64
68077.01,67495.836,68425.4,67624.5
68153.76,67011.16,68302.49,67183.02
67957.48,66887.22,68597.88,66944.31
67718.61,67017.766,68085.35,66937.66
67417.3,66898.72,67825.58,66798.81
66948.12,66576.05,67786.64,66525.914
66633.17,66227.38,67510.79,66263.73
66575.6,66023.664,67778.99,66129.875
66226.68,65722.984,67731.26,65970.875
65980.95,65396.62,67195.66,65787.41
66433.6,65012.094,67279.55,65597.12
65811.61,64818.305,67073.14,65504.87
65875.01,64834.05,66629.93,65576.85
65834.74,64476.562,65534.67,65462.24
65493.72,64244.836,65178.58999999999,65379.03
64726.16,64146.445,65301.98999999999,65331.707
64892.920000000006,63918.18,64601.14,65246.76
64568.75000000001,63466.965,63845.56,64989.7
64573.01999999999,63351.367,63568.06,64866.44
64419.22000000001,63136.812,63764.23,64637.168
64624.18,63137.723,63609.81,64594.676
64568.200000000004,63183.188,63282.21,64586.023
63987.9,63328.48,63164.01999999999,64668.88
63722.4,63124.87,63184.8,64517.285
63522.67,62937.55,62858.04,64430.402
63582.47,62703.027,62548.689999999995,64279.406
63315.240000000005,62472.934,62381.94,64118.547
62512.51999999999,61997.074,62323.98000000001,63680.812
62257.0,61689.69,61868.48,63362.39
62225.06,61077.746,61590.48,62894.918
62070.69,60647.03,61331.46,62499.938
61363.2,60088.863,61176.77,61854.758
61394.19999999999,59881.39,60871.31,61481.984
61532.590000000004,59451.188,60679.869999999995,61066.91
60812.30000000001,59153.246,60350.47,60710.71
59823.27999999999,58655.926,59743.95,60051.9
58631.52999999999,58098.227,59028.77999999999,59459.465
57378.09,57340.008,58061.06,58760.645
56395.83,56441.312,57073.659999999996,57985.156
55436.86000000001,55234.566,55843.3,56801.125
53932.82,54218.824,54882.14,55843.438
52991.55,53317.457,53461.030000000006,55000.316
51680.74,52239.797,52411.15,54076.184
50856.97,51506.93,51354.69999999999,53124.695
50015.88,50330.508,50067.00000000001,52008.188
49321.27,49548.324,49278.240000000005,51152.08
48338.32000000001,48851.09,48885.79000000001,50388.98
47942.26,48185.332,48253.5,49613.848
47293.72,47433.938,48183.72,48835.16
46743.82,47037.684,47716.41,48302.973
46333.45,46659.32,47194.38,47861.184
46000.34,46270.688,47030.14,47468.945
45618.69,45895.79,46720.46,47086.008
45292.09,45722.953,46523.33,46839.63
44611.98,45547.246,45954.0,46633.22
44473.08,45007.074,45297.92,46250.94
44366.88,44691.145,45164.54,45958.504
44358.64,44365.33,44893.44,45709.094
44217.64,44264.65,44636.19,45641.133
44348.89,44226.797,44797.74,45648.41
44415.68,44080.637,45054.08,45649.28
44456.4,44170.504,44982.83,45813.69
45317.04,44401.938,45101.68,46066.8
45611.86,44933.95,45496.17,46404.21
45858.61,45873.56,45989.87,47134.758
46289.44,47017.344,46158.86,47943.984
48015.329999999994,48127.332,46265.83,48696.477
49082.420000000006,49627.918,47891.99,49476.047
50221.07,51424.625,48848.72,50664.434
51742.02,52989.285,49658.869999999995,51750.793
54548.740000000005,54208.61,51281.53,52686.555
55955.56,55812.934,54321.090000000004,53765.05
57200.76,57415.465,55946.61,55224.19
58434.98000000001,58340.258,57103.53,56420.88
60053.89,58919.098,57952.81,57423.27
61007.689999999995,59856.09,59536.37999999999,58650.13
62030.69999999999,60743.88,60445.85,59921.715
62895.91,61397.734,61551.88,60985.996
63766.05,62043.03,62373.66,61914.875
64195.01,62561.27,63295.62000000001,62912.9
64434.48,63280.27,63794.5,63814.258
64769.76999999999,63620.426,63893.69,64336.832
64254.97,63827.754,63877.97,64610.812
65122.16000000001,64364.99,63820.65000000001,65139.92
65635.95,64447.05,64385.26,65312.48
66172.02,64765.93,64904.25000000001,65451.754
66380.63,65231.6,65167.07,65661.805
66741.83,65853.43,65626.39,66176.98
67199.92,66258.055,66430.59,66573.77
67757.72,66443.195,66863.48,66719.44
68058.08,66714.69,67372.89,66911.86
68237.29,67224.195,67422.18,67395.05
68602.71,67570.19,67481.07,67735.805
68570.45,67590.2,67585.66,67782.82
68367.87,67665.266,67707.79,67810.09
68425.4,67735.016,66973.91,67930.29
68302.49,67614.61,66809.99,67836.39
68597.88,67361.9,67088.14,67571.36
68085.35,67144.484,67487.75,67303.4
67825.58,67263.18,67506.23,67305.96
67786.64,67112.18,66767.96,67172.14
67510.79,66716.625,65982.22,66869.68
67778.99,66478.09,65182.57000000001,66694.79
67731.26,66393.22,64849.64,66662.95
67195.66,66405.19,65127.34,66706.36
67279.55,66192.16,64996.1,66664.305
67073.14,65736.98,64700.26,66483.54
66629.93,65648.94,64411.780000000006,66486.266
65534.67,65408.88,64070.96,66457.27
65178.58999999999,65006.832,64029.81,66314.71
65301.98999999999,64284.32,63675.64,65968.6
64601.14,63787.008,63536.61000000001,65662.945
63845.56,63638.8,63150.41,65599.21
63568.06,63269.78,63045.98,65373.53
63764.23,62758.7,62712.69,65034.26
63609.81,62443.555,62779.74,64678.21
63282.21,62554.926,62703.67,64655.465
63164.01999999999,62617.457,62872.969999999994,64652.395
63184.8,62567.83,62672.69,64607.98
62858.04,62290.043,62206.43000000001,64340.16
62548.689999999995,62362.32,61604.18,64323.04
62381.94,62121.82,61539.5,64206.637
62323.98000000001,61865.434,61556.24,64020.547
61868.48,61271.434,61220.46000000001,63490.277
61590.48,60991.28,60777.84,63137.816
61331.46,60525.09,60458.78,62744.652
61176.77,60153.27,60280.26,62359.434
60871.31,59506.95,60293.850000000006,61675.344
60679.869999999995,59224.758,60143.57,61200.31
60350.47,58928.59,60434.65000000001,60819.535
59743.95,58661.105,60222.19,60484.74
59028.77999999999,58008.82,59116.27,59699.266
58061.06,57393.883,58345.54,59013.125
57073.659999999996,56737.82,57352.07,58324.766
55843.3,55939.707,56052.52999999999,57592.543
54882.14,54868.4,55034.810000000005,56492.863
53461.030000000006,53820.652,53898.93,55482.695
52411.15,52878.434,52817.25,54583.473
51354.69999999999,51826.297,51993.240000000005,53650.523
50067.00000000001,51024.266,50551.07,52693.535
49278.240000000005,49938.004,49538.77,51609.582
48885.79000000001,49060.375,48750.37,50668.125
48253.5,48280.332,48383.13999999999,49833.25
48183.72,47738.934,47281.75,49149.63
47716.41,47175.72,46836.39,48504.57
47194.38,47043.062,46507.0,48186.727
47030.14,46858.676,46074.22,47894.332
46720.46,46577.54,45629.14,47577.004
46523.33,46305.887,45148.68,47271.723
45954.0,46248.65,44997.01,47124.63
45297.92,46177.016,44668.56,47014.816
45164.54,45536.133,44219.77,46826.14
44893.44,45208.125,43821.6,46457.055
44636.19,44896.688,44037.4,46150.688
44797.74,44713.582,44022.84,45979.254
45054.08,44608.105,43722.6,45881.645
44982.83,44566.39,43702.49,45869.516
45101.68,44860.926,43638.25,46093.426
45496.17,45147.76,43742.0,46317.406
45989.87,45854.35,43813.34,46664.57
46158.86,46614.715,44174.0,47155.586
46265.83,47683.902,44388.83,47821.914
47891.99,48674.242,45131.52,48424.277
48848.72,49865.246,46786.43,48914.23
49658.869999999995,51406.76,47605.97,49849.395
51281.53,52733.074,48675.51,50701.98
54321.090000000004,53684.582,49944.51000000001,51390.945
55946.61,55337.043,52797.19,52349.445
57103.53,57175.613,54690.67,53896.47
57952.81,58345.38,56198.67,55265.758
59536.37999999999,59013.895,57386.590000000004,56399.27
60445.85,59872.637,58551.88999999999,57632.51
61551.88,60701.387,59661.82000000001,58997.31
62373.66,61331.62,60583.81,60201.938
63295.62000000001,62017.418,61410.26,61314.727
63794.5,62595.957,62436.38,62499.688
63893.69,63207.02,63040.55,63434.79
63877.97,63516.395,63491.94999999999,63997.58
63820.65000000001,63637.582,63820.16,64249.773
64385.26,64080.668,63429.3,64738.97
64904.25000000001,64157.71,63748.1,64922.887
65167.07,64447.57,64317.77,65013.234
65626.39,64869.715,64809.27999999999,65143.93
66430.59,65527.418,65053.64,65633.2
66863.48,65835.36,65060.71,65959.414
67372.89,66234.89,65585.88,66190.14
67422.18,66524.26,65907.54,66333.2
67481.07,67082.98,66094.61,66804.82
67585.66,67205.99,66322.83,67022.18
67707.79,67081.695,66514.69,66960.88
66973.91,66987.984,66633.45,66856.414
66809.99,67147.32,65772.31,67031.55
67088.14,66696.09,65272.38,66784.305
67487.75,66192.2,65276.07000000001,66380.32
67506.23,66125.15,65359.09,66189.484
66767.96,66421.695,64975.52,66314.234
65982.22,66445.59,64288.4,66264.26
65182.57000000001,65908.086,64168.57,65815.04
64849.64,65225.51,63404.61000000001,65275.98
65127.34,64815.7,63506.63,64940.074
64996.1,64363.438,63589.37,64603.863
64700.26,64146.832,63441.969999999994,64383.07
64411.780000000006,63911.797,63261.729999999996,64189.48
64070.96,63741.75,63229.990000000005,64089.668
64029.81,63383.8,62834.2,63895.734
63675.64,62966.562,62326.06999999999,63657.594
63536.61000000001,62741.285,61872.549999999996,63508.168
63150.41,62522.594,62166.69999999999,63355.883
63045.98,62318.023,61909.27,63228.133
62712.69,62028.973,61515.08999999999,63030.4
62779.74,61912.71,61225.33,62874.66
62703.67,61709.215,61517.35999999999,62657.836
62872.969999999994,61766.773,61363.4,62657.227
62672.69,61831.67,61037.479999999996,62679.5
62206.43000000001,61985.14,60915.33000000001,62755.35
61604.18,61704.285,60541.46000000001,62545.81
61539.5,61428.84,60173.51,62375.11
61556.24,60979.242,59908.94,62028.74
61220.46000000001,60709.33,59763.87,61727.76
60777.84,60234.047,59483.91,61216.492
60458.78,59829.754,58954.09,60763.008
60280.26,59372.863,58602.96,60293.47
60293.850000000006,58987.87,58440.1,59886.934
60143.57,58424.348,57816.51,59322.37
60434.65000000001,58247.62,57864.22,58947.28
60222.19,58086.6,57719.77,58647.156
59116.27,58031.37,57547.01,58485.195
58345.54,57540.773,56583.15,57980.617
57352.07,56781.773,55701.53,57263.41
56052.52999999999,56035.21,54465.91999999999,56501.35
55034.810000000005,55208.754,53355.16,55680.31
53898.93,53996.523,52143.909999999996,54470.645
52817.25,52929.727,51304.16999999999,53348.727
51993.240000000005,51946.98,50358.52999999999,52335.254
50551.07,50963.777,49472.64,51386.875
49538.77,50197.887,48399.66,50615.562
48750.37,49020.938,47833.43,49474.598
48383.13999999999,48189.363,46966.45,48595.492
47281.75,47466.996,46315.28,47817.832
46836.39,47009.094,44687.71,47259.31
46507.0,46209.027,44333.01,46469.2
46074.22,45835.914,44246.38,46031.965
45629.14,45606.527,43759.71,45756.312
45148.68,45423.133,42542.21,45564.727
44997.01,45017.477,42127.49,45220.855
44668.56,44816.562,41500.78,45010.88
44219.77,44672.07,41172.8,44879.367
43821.6,44508.29,40632.22,44534.13
44037.4,44063.23,40047.46,43598.19
44022.84,43752.332,39891.11,42972.24
43722.6,43725.344,39801.06,42603.355
43702.49,43892.445,39893.23,42398.918
43638.25,43730.438,39658.74,42002.16
43742.0,43789.047,39420.98,41821.31
43813.34,43981.305,39260.43,41721.406
44174.0,44612.977,39356.09,41729.574
44388.83,45138.918,39452.05,41769.996
45131.52,45981.625,39325.47,42004.234
46786.43,46850.83,39526.86,42234.426
47605.97,48379.49,40026.12,42434.46
48675.51,50095.156,40022.56,42988.094
49944.51000000001,51414.195,40044.31,43301.418
52797.19,52578.6,40709.83,43517.34
54690.67,54215.598,41597.09,43489.547
56198.67,55967.59,41876.18,44132.867
57386.590000000004,57406.426,41916.26,44760.062
58551.88999999999,58338.637,42307.99,45268.617
59661.82000000001,59484.05,43601.01,45623.32
60583.81,60011.004,44287.96,46286.71
61410.26,60659.527,45229.46,47111.566
62436.38,61278.54,46370.06,48039.31
63040.55,61965.38,47434.81,48589.246
63491.94999999999,62339.902,48535.67,49544.523
63820.16,62750.234,49162.38,50526.344
63429.3,62978.227,49984.6,51349.453
63748.1,63556.82,50740.71,52202.63
64317.77,63412.484,51474.03,52890.973
64809.27999999999,63418.13,52407.2,53508.816
65053.64,63755.695,52885.030000000006,54246.613
65060.71,64479.875,52940.13,54993.37
65585.88,64550.03,53167.42,55514.832
65907.54,64436.156,53697.0,55790.242
66094.61,64633.848,53644.24999999999,56154.504
66322.83,65208.117,53709.84,56554.484
66514.69,65201.336,54231.08,56721.273
66633.45,65167.37,54497.649999999994,56779.996
65772.31,65172.336,54491.19,56794.84
65272.38,65404.74,54378.06,56828.75
65276.07000000001,64896.094,54330.55,56517.016
65359.09,64303.918,54096.600000000006,56116.207
64975.52,64107.207,53564.149999999994,55879.402
64288.4,64299.97,53380.59999999999,55696.707
64168.57,63901.82,53077.990000000005,55318.04
63404.61000000001,63185.566,53279.39,54823.57
63506.63,62805.34,52796.74,54518.332
63589.37,62554.242,53007.32,54126.207
63441.969999999994,62355.457,52940.829999999994,53828.133
63261.729999999996,62261.914,52372.76,53627.105
63229.990000000005,62076.996,52384.55999999999,53386.48
62834.2,62053.27,52130.21,53184.086
62326.06999999999,61928.863,51969.55,53032.605
61872.549999999996,61607.75,51821.11,52771.594
62166.69999999999,61201.21,51209.02,52415.848
61909.27,60907.766,51375.27,52145.55
61515.08999999999,60959.742,51309.6,52164.9
61225.33,60834.14,50477.23999999999,52072.734
61517.35999999999,60513.504,50525.12999999999,51849.6
61363.4,60240.332,50633.35,51745.62
61037.479999999996,60417.273,51152.80999999999,51902.086
60915.33000000001,60365.63,50951.130000000005,51912.54
60541.46000000001,60092.195,50969.09,51827.652
60173.51,59668.863,51758.96,51839.832
59908.94,59493.69,51464.99,51933.664
59763.87,59191.41,51228.81,51851.5
59483.91,58957.574,51055.98999999999,51763.83
58954.09,58433.977,51037.91,51671.496
58602.96,58200.367,50515.14000000001,51673.15
58440.1,57828.02,50178.2,51528.684
57816.51,57468.22,49812.979999999996,51313.34
57864.22,56848.81,49585.079999999994,51027.465
57719.77,56432.242,49650.14,50706.023
57547.01,56302.406,49158.89,50485.49
56583.15,56140.67,49007.33,50227.77
55701.53,55402.95,48311.52999999999,49859.17
54465.91999999999,54793.543,47425.07,49356.11
53355.16,54049.35,46985.79,48783.312
52143.909999999996,53140.332,46562.66,48127.465
51304.16999999999,51854.08,46389.87,47455.3
50358.52999999999,50996.098,45917.68,46754.43
49472.64,50223.73,45387.63,46149.223
48399.66,49471.508,45045.18,45560.75
47833.43,48411.992,44268.5,45212.707
46966.45,47547.83,43695.9,44443.934
46315.28,46819.418,43478.97,43746.45
44687.71,46181.297,43012.59,43040.324
44333.01,45354.887,41888.72,42449.605
44246.38,44374.535,41377.27,41561.918
43759.71,43787.527,40864.08,41037.72
42542.21,43636.41,40653.68,40764.438
42127.49,43223.957,39792.17,40461.38
41500.78,42487.94,39373.07,39871.746
41172.8,42060.42,39062.23,39581.383
40632.22,41702.492,38570.55,39322.42
40047.46,41565.47,37877.26,38428.57
39891.11,40974.203,37442.3,37630.28
39801.06,40542.17,37124.58,37415.344
39893.23,40476.375,37301.01,37460.812
39658.74,40262.082,36858.93,37400.754
39420.98,40290.703,36835.13,37509.156
39260.43,40158.926,36547.38,37514.72
39356.09,39959.24,36389.5,37507.85
39452.05,39755.453,36727.61,37429.473
39325.47,39795.387,36831.06,37582.37
39526.86,39896.65,37039.61,37743.69
40026.12,39928.934,36875.38,37824.207
40022.56,40361.613,36932.09,37824.44
40044.31,41014.03,36917.9,38055.848
40709.83,41376.52,37176.18,38084.94
41597.09,41687.863,37230.55,38097.184
41876.18,42970.04,37772.43,38085.742
41916.26,44059.59,37638.7,38164.65
42307.99,44630.496,37737.84,38157.418
43601.01,44822.594,37424.53,38170.996
44287.96,45749.363,37832.29,38264.367
45229.46,46745.742,38341.89,38749.387
46370.06,47629.402,39140.1,39309.5
47434.81,48373.145,39481.94,39968.598
48535.67,49606.65,40578.76,40378.168
49162.38,49862.383,41458.63,40933.25
49984.6,51025.707,42489.59,42353.188
50740.71,51458.055,43024.38,43192.062
51474.03,52392.395,43573.8,44102.92
52407.2,52694.516,43955.67,44927.777
52885.030000000006,53004.84,44828.93,45614.047
52940.13,53498.64,45296.41,46289.348
53167.42,54233.227,45665.14,46986.746
53697.0,53989.36,46307.68,47292.79
53644.24999999999,53850.484,46965.58,47554.605
53709.84,54084.703,47787.09999999999,47949.28
54231.08,54475.695,48096.23999999999,48296.492
54497.649999999994,54231.773,48730.63,48359.03
54491.19,54353.387,49102.51,48562.383
54378.06,54441.83,49424.47,48683.062
54330.55,54717.367,49072.25,48770.004
54096.600000000006,54446.617,48809.490000000005,48651.684
53564.149999999994,54208.246,48655.75,48577.758
53380.59999999999,53976.75,47999.48000000001,48461.05
53077.990000000005,53915.84,47865.920000000006,48259.64
53279.39,53500.758,47839.72,47908.703
52796.74,53139.914,47989.64,47671.457
53007.32,53042.9,47923.38,47601.605
52940.829999999994,53130.133,47604.86,47483.457
52372.76,53016.695,47342.65,47239.918
52384.55999999999,52875.695,47222.31,47048.734
52130.21,52432.656,46473.85,46775.066
51969.55,52537.707,45980.62,46747.5
51821.11,52335.92,45392.26,46570.3
51209.02,52084.355,44772.41,46489.297
51375.27,51957.55,44289.67,46526.223
51309.6,51782.805,45180.89,46486.434
50477.23999999999,51709.03,45150.3,46486.78
50525.12999999999,51759.734,44784.48,46610.754
50633.35,51294.746,44836.03,46504.59
51152.80999999999,51266.4,45077.22,46663.78
50951.130000000005,51445.56,45348.07,46832.285
50969.09,51782.605,45106.29,47129.383
51758.96,51798.34,45966.95,47289.887
51464.99,51585.414,46364.38,47388.58
51228.81,52060.6,46746.38,47785.715
51055.98999999999,52059.574,47155.35,47954.062
51037.91,51826.934,46810.78,48040.598
50515.14000000001,51413.535,46776.05,47948.87
50178.2,51356.97,46281.81,48079.34
49812.979999999996,51045.992,46166.31,48142.63
49585.079999999994,50717.918,46261.29,48232.055
49650.14,50050.555,47330.6,48061.99
49158.89,49870.92,47843.86,48146.35
49007.33,49916.895,48108.01000000001,48334.16
48311.52999999999,49600.695,47893.96,48317.7
47425.07,48848.055,47025.72,47960.168
46985.79,48399.363,46260.61,47818.375
46562.66,47777.047,45795.94,47544.637
46389.87,47301.586,45306.0,47330.254
45917.68,46510.832,45517.63,46876.496
45387.63,46296.895,44956.51,46741.04
45045.18,46021.62,44289.56,46518.38
44268.5,45564.918,43627.69,46181.863
43695.9,44787.06,42966.31,45900.074
43478.97,44041.87,42499.84,45609.34
43012.59,43434.734,41774.87,45207.43
41888.72,43154.168,41050.5,44893.67
41377.27,42507.707,40109.85,44258.227
40864.08,41780.03,39565.1,43541.195
40653.68,41299.242,39429.97,42946.227
39792.17,40955.26,39072.27,42428.71
39373.07,40458.457,38714.81,41854.523
39062.23,39926.63,38259.79,41273.984
38570.55,39535.24,37863.79,40823.496
37877.26,39302.59,37766.91,40482.92
37442.3,38978.18,37680.21,40656.48
37124.58,38551.477,37520.1,40777.758
37301.01,38201.81,37546.86,40849.766
36858.93,37923.6,37624.04,40922.23
36835.13,37678.688,37749.21,40991.766
36547.38,37484.152,37735.53,41134.96
36389.5,37298.258,37697.99,41279.2
36727.61,37084.043,38014.64,41416.008
36831.06,36729.477,38897.61,41516.105
37039.61,36907.3,39402.41,41989.004
36875.38,36995.83,40028.17,42435.543
36932.09,37152.29,40563.64,42977.69
36917.9,37166.703,41580.34,43600.047
37176.18,37416.875,42579.4,44385.023
37230.55,37503.035,43987.59,45127.188
37772.43,37804.312,45831.8,46054.094
37638.7,38384.49,49431.04,47519.715
37737.84,39146.957,51349.97000000001,49146.535
37424.53,39337.293,52316.32,50491.402
37832.29,39548.582,53589.64,51774.44
38341.89,39837.934,55742.55000000001,53588.316
39140.1,40415.906,56668.64,55253.266
39481.94,40994.574,57697.91,56706.293
40578.76,41738.13,58635.049999999996,58059.426
41458.63,42007.305,59317.39000000001,60141.59
42489.59,43072.285,59868.35,61780.95
43024.38,44074.344,60301.84,62847.39
43573.8,44907.7,60272.18000000001,63459.48
43955.67,45802.62,59796.95,64526.164
44828.93,46287.7,60159.329999999994,64841.516
45296.41,46642.703,60734.52,64664.97
45665.14,47271.684,61143.55,64465.38
46307.68,48088.168,61382.60999999999,65124.45
46965.58,48317.94,61727.86,65180.07
47787.09999999999,48703.207,62248.79,65089.0
48096.23999999999,49097.65,62949.99,65012.51
48730.63,49894.387,63545.47,65927.37
49102.51,49995.965,64046.18,66266.54
49424.47,50107.277,64252.67,66299.516
49072.25,50149.594,65444.36,66242.41
48809.490000000005,50417.656,64560.76999999999,66768.92
48655.75,49990.004,64199.700000000004,66506.02
47999.48000000001,49456.83,64809.64,65824.24
47865.920000000006,49061.637,64292.21,65172.24
47839.72,48823.01,64088.83,65070.59
47989.64,48454.07,63691.19999999999,64710.27
47923.38,48320.812,63462.0,64529.496
47604.86,48288.492,63230.82,64524.7
47342.65,48595.168,62881.14,65044.574
47222.31,48344.598,62709.87,65194.406
46473.85,48132.72,62383.65,65124.348
45980.62,47992.402,62033.0,65114.344
45392.26,47826.043,61908.52,65098.695
44772.41,47397.793,61455.009999999995,64795.406
44289.67,47069.133,61134.979999999996,64392.645
45180.89,46632.98,60678.76,63927.363
45150.3,46572.2,60601.79,63501.656
44784.48,46958.09,60443.1,63424.15
44836.03,47221.39,60232.560000000005,63515.914
45077.22,47211.363,59189.65,63469.65
45348.07,47542.086,59278.09999999999,63175.258
45106.29,47814.72,59410.77,63047.46
45966.95,48059.164,59633.17999999999,62978.668
46364.38,47980.12,59529.01000000001,62820.36
46746.38,48421.56,59184.22,62429.555
47155.35,48642.707,59162.05,62381.44
46810.78,48736.695,59384.530000000006,62393.027
46776.05,48987.98,59205.100000000006,62475.51
46281.81,48515.008,59157.84,61808.31
46166.31,48375.305,59176.14,61344.16
46261.29,47995.008,59218.82,60966.863
47330.6,47876.18,58998.48000000001,60599.53
47843.86,47720.27,58858.9,59780.703
48108.01000000001,48481.75,58756.14,59759.715
47893.96,48991.96,58901.22000000001,59964.836
47025.72,49249.06,58132.41,60030.29
46260.61,48873.652,57167.51999999999,59141.22
45795.94,48219.938,56140.71,58276.445
45306.0,47498.83,55182.05,57383.395
45517.63,46947.164,53937.47,56516.508
44956.51,46168.14,52663.97,55107.348
44289.56,45823.465,51685.4,54328.312
43627.69,45315.348,50680.67,53692.45
42966.31,44687.69,49919.62,52944.496
42499.84,44138.047,48143.02,51825.195
41774.87,43211.15,46989.42,50972.664
41050.5,42693.66,46534.14,50344.44
40109.85,42029.625,45738.65,49635.47
39565.1,41293.28,44282.06,48585.41
39429.97,40396.21,43642.42,47755.51
39072.27,39908.4,43224.83,47146.434
38714.81,39715.68,42996.92,46705.684
38259.79,39455.703,42561.55,46032.395
37863.79,39041.734,42487.77,45378.254
37766.91,38796.09,42163.27,44799.812
37680.21,38556.652,42154.86,44246.3
37520.1,38714.57,42045.39,43603.11
37546.86,38516.99,41897.19,43436.2
37624.04,38517.055,41967.48,43397.0
37749.21,38488.26,42181.13,43423.754
37735.53,38678.062,41784.13,43517.11
37697.99,38744.242,42034.42,43512.133
38014.64,38801.34,42119.68,43581.043
38897.61,38898.754,42187.11,43725.53
39402.41,39528.75,42529.53,44086.926
40028.17,40661.363,42671.78,44799.117
40563.64,41977.254,43304.66,45624.637
41580.34,43336.434,43835.75,46520.46
42579.4,44926.414,45164.56,47424.934
43987.59,46293.113,45961.29,48355.496
45831.8,47551.258,46883.48,49230.79
49431.04,48912.438,48426.51,50180.594
51349.97000000001,50872.78,52016.61000000001,51414.992
52316.32,53334.207,54186.80999999999,53194.43
53589.64,54855.707,55302.88,54576.383
55742.55000000001,55311.445,56610.84,55434.21
56668.64,56240.047,58396.55,56564.887
57697.91,57442.188,59581.270000000004,57922.61
58635.049999999996,58202.12,60441.22,59001.754
59317.39000000001,58852.508,60915.54,59938.035
59868.35,59340.76,61213.490000000005,60900.465
60301.84,59651.867,61878.58,61590.277
60272.18000000001,60028.797,62499.28,62188.273
59796.95,60342.05,62707.16999999999,62513.188
60159.329999999994,60780.332,61810.71,62976.11
60734.52,60672.74,61946.19,62996.996
61143.55,60851.54,62417.82,62934.203
61382.60999999999,61259.703,62854.59,62993.945
61727.86,62048.305,62687.799999999996,63492.52
62248.79,62248.906,63042.91,63661.715
62949.99,62432.95,63693.78,63732.875
63545.47,62712.32,64281.76999999999,63895.027
64046.18,63458.156,64340.38,64523.9
64252.67,63712.426,64903.85,64827.99
65444.36,63871.836,65125.65,64954.066
64560.76999999999,63879.523,65394.2,64978.574
64199.700000000004,64556.07,64620.06,65532.94
64809.64,64210.12,64351.159999999996,65415.88
64292.21,63605.715,64850.280000000006,64951.08
64088.83,63601.273,65017.020000000004,64813.28
63691.19999999999,63592.57,65073.600000000006,64789.27
63462.0,63259.77,64651.490000000005,64544.004
63230.82,62850.03,64265.81999999999,64193.016
62881.14,62463.01,63760.59,63921.74
62709.87,62458.895,63869.15,63920.168
62383.65,62106.32,63612.31,63736.387
62033.0,61729.656,63200.26,63497.516
61908.52,61349.523,62932.37,63274.324
61455.009999999995,61168.945,62970.64,63143.605
61134.979999999996,60886.92,62646.46,62988.645
60678.76,60498.055,62034.38,62751.16
60601.79,60117.887,61555.399999999994,62524.617
60443.1,59938.918,61090.91,62334.29
60232.560000000005,59748.668,61008.490000000005,62166.887
59189.65,59672.055,60362.829999999994,62054.004
59278.09999999999,59608.176,60082.76,61964.023
59410.77,59130.68,60488.04,61569.855
59633.17999999999,59116.31,60776.590000000004,61399.703
59529.01000000001,59373.66,60546.77,61419.395
59184.22,59674.508,60559.560000000005,61545.51
59162.05,59504.387,60474.07,61438.426
59384.530000000006,59366.004,60101.009999999995,61410.14
59205.100000000006,59287.69,59714.48,61450.535
59157.84,59253.305,59675.4,61595.152
59176.14,58770.855,59383.159999999996,61394.29
59218.82,58509.16,59417.0,61326.312
58998.48000000001,58321.52,59269.29,61332.47
58858.9,58141.758,59065.73,61349.777
58756.14,57600.277,58932.84,60920.902
58901.22000000001,57308.426,59071.73,60665.047
58132.41,57033.918,58908.48,60444.668
57167.51999999999,56855.543,58224.04000000001,60286.805
56140.71,56011.047,57213.08000000001,59406.367
55182.05,55176.14,56263.23,58541.004
53937.47,54321.508,55117.6,57697.223
52663.97,53495.367,54080.99,56819.035
51685.4,52334.797,52917.44000000001,55464.332
50680.67,51247.867,51874.38,54289.42
49919.62,50316.473,50708.77,53276.453
48143.02,49449.79,49571.2,52361.145
46989.42,48753.652,48108.61,51381.043
46534.14,47419.47,47307.74,50156.81
45738.65,46373.156,46532.93,49116.55
44282.06,45697.16,45908.91,48372.344
43642.42,44978.156,44528.84,47563.812
43224.83,43949.74,44008.28,46608.75
42996.92,43322.9,43439.77,45912.867
42561.55,42963.914,43140.9,45433.832
42487.77,42676.57,42689.96,45020.637
42163.27,42343.25,42479.07,44617.754
42154.86,42322.613,42479.53,44461.44
42045.39,42241.293,42670.95,44313.75
41897.19,42254.086,41928.18,44050.652
41967.48,42169.137,41540.1,43976.04
42181.13,42112.113,41605.68,43973.047
41784.13,42207.004,41876.87,44103.52
42034.42,42347.156,42007.02,44320.184
42119.68,42260.184,41952.32,44390.703
42187.11,42369.492,42003.43,44601.742
42529.53,42632.12,42240.44,44922.664
42671.78,43108.285,42740.6,45291.938
43304.66,43782.05,42880.06,45859.29
43835.75,44535.934,43371.49,46492.746
45164.56,45691.793,44029.16,47300.816
45961.29,47109.133,45666.88,48114.69
46883.48,48651.426,46604.31,49200.96
48426.51,49935.914,47467.96,50162.31
52016.61000000001,51044.395,48889.43,50987.08
54186.80999999999,52764.16,52429.18,52047.73
55302.88,55170.008,54447.94,53834.137
56610.84,56865.59,55368.46000000001,55475.95
58396.55,57602.22,56601.98,56617.254
59581.270000000004,58580.31,57940.06,57897.387
60441.22,59654.48,58753.85,59265.383
60915.54,60486.832,59749.32,60449.617
61213.490000000005,61171.98,60702.41,61427.02
61878.58,61403.2,61381.34,62340.86
62499.28,61614.93,62063.61,62931.0
62707.16999999999,61971.598,62248.68,63439.12
61810.71,62360.36,62488.55,63776.445
61946.19,62823.742,62257.77,64197.89
62417.82,62622.332,62668.33,64111.324
62854.59,62579.56,63374.43,63901.418
62687.799999999996,62883.383,63509.43,63896.383
63042.91,63547.234,63519.83,64335.32
63693.78,63630.44,64098.69,64474.26
64281.76999999999,63724.035,64726.68,64517.48
64340.38,64026.08,64991.93,64717.758
64903.85,64715.98,65135.53,65315.977
65125.65,64750.34,65372.43000000001,65492.457
65394.2,64802.555,65755.29,65559.125
64620.06,64848.02,65902.06,65615.07
64351.159999999996,65084.832,65275.7,65896.96
64850.280000000006,64550.95,64849.369999999995,65623.414
65017.020000000004,64001.22,65206.63,65202.83
65073.600000000006,63923.85,65233.82,65055.824
64651.490000000005,64259.45,64608.060000000005,65211.87
64265.81999999999,64223.82,64231.31,65169.7
63760.59,63906.594,63802.98,64901.984
63869.15,63477.613,63010.92999999999,64591.53
63612.31,63318.156,62683.16,64449.527
63200.26,63075.902,62582.88,64265.434
62932.37,62798.09,62630.850000000006,64081.953
62970.64,62366.1,62484.56,63831.613
62646.46,62252.18,62608.98999999999,63698.34
62034.38,61997.996,62143.8,63531.418
61555.399999999994,61767.613,61848.29,63359.223
61090.91,61278.3,61361.520000000004,63077.492
61008.490000000005,60992.03,61353.96000000001,62813.45
60362.829999999994,60605.062,60922.12999999999,62524.844
60082.76,60503.914,60520.36000000001,62342.83
60488.04,60170.934,60679.310000000005,62070.785
60776.590000000004,59998.367,61043.69,61769.617
60546.77,60293.555,60722.270000000004,61753.08
60559.560000000005,60667.75,60893.08,61834.094
60474.07,60730.59,60906.93,61832.164
60101.009999999995,60574.574,60879.17,61634.38
59714.48,60596.625,60768.25,61619.426
59675.4,60371.062,60967.65,61519.785
59383.159999999996,60031.758,61342.88,61345.598
59417.0,59535.227,61528.39,60926.355
59269.29,59224.285,61319.75,60655.418
59065.73,58990.62,60799.99,60466.887
58932.84,58762.387,60825.49,60320.855
59071.73,58138.895,60585.11000000001,59802.656
58908.48,57814.395,60381.12,59521.188
58224.04000000001,57635.81,59910.72,59389.094
57213.08000000001,57348.586,59098.64000000001,59206.152
56263.23,56471.184,58163.64,58386.902
55117.6,55626.375,57203.82000000001,57621.344
54080.99,54780.887,55876.23,56857.844
52917.44000000001,53841.79,54684.17,56023.125
51874.38,52676.082,52907.53,54815.05
50708.77,51639.77,51826.649999999994,53799.477
49571.2,50665.25,50513.770000000004,52889.992
48108.61,49694.492,49891.33,52020.242
47307.74,48843.582,49266.42,50993.473
46532.93,47584.37,47837.19,49844.56
45908.91,46746.49,46574.77,48974.31
44528.84,46042.54,46079.87,48206.508
44008.28,45347.457,45807.95,47418.645
43439.77,44428.97,45498.01,46494.18
43140.9,43880.598,45604.94,45819.01
42689.96,43495.113,44896.68,45288.89
42479.07,43142.34,44510.6,44861.082
42479.53,42797.64,43668.67,44478.582
42670.95,42671.508,43056.47,44277.703
41928.18,42710.72,42940.19,44233.36
41540.1,42411.074,42585.12,43944.164
41605.68,42285.918,42273.25,43811.605
41876.87,41875.918,42413.19,43594.707
42007.02,41861.258,42534.93,43655.523
41952.32,42006.78,42378.57,43852.113
42003.43,42152.57,42627.25,44115.254
42240.44,42298.64,42825.88,44402.383
42740.6,42542.953,42881.5,44745.12
42880.06,43144.184,43425.28,45210.28
43371.49,44023.023,43794.66,45931.156
44029.16,44890.777,44158.7,46602.64
45666.88,45913.285,44637.61,47329.555
46604.31,47256.164,46016.33,48091.54
47467.96,48927.137,46807.26,49240.71
48889.43,50219.086,47652.61,50232.086
52429.18,51188.668,49516.920000000006,51031.094
54447.94,52775.76,52661.4,52013.812
55368.46000000001,54951.023,54706.47,53748.45
56601.98,56518.07,55699.92,55398.258
57940.06,57168.152,57104.78,56581.773
58753.85,58101.86,58938.63,57972.496
59749.32,58935.492,60109.92,59279.27
60702.41,59516.434,61007.38,60341.477
61381.34,60165.906,61891.53,61280.33
62063.61,60719.38,63092.72000000001,62313.004
62248.68,61173.832,63698.01,62924.69
62488.55,61654.57,63676.509999999995,63392.67
62257.77,61895.78,63951.83,63518.992
62668.33,62363.58,63222.91,63859.977
63374.43,62545.094,63483.01,63910.703
63509.43,62765.145,63970.9,63826.11
63519.83,63276.59,64183.94,63936.668
64098.69,63870.88,63616.83999999999,64353.46
64726.68,64050.543,64025.079999999994,64550.387
64991.93,64312.848,64790.51,64706.285
65135.53,64701.312,65348.03999999999,64962.23
65372.43000000001,65234.08,65772.76,65460.93
65755.29,65303.266,66485.14,65637.21
65902.06,65279.227,67164.14,65611.24
65275.7,65322.496,67414.61,65605.8
64849.369999999995,65509.28,66781.99,65777.695
65206.63,65091.44,66888.76,65529.184
65233.82,64488.11,66888.46,65024.36
64608.060000000005,64328.18,66706.92,64734.17
64231.31,64555.96,66403.34,64807.98
63802.98,64192.664,66062.34,64577.793
63010.92999999999,63682.105,66269.41,64183.695
62683.16,63193.168,65220.61000000001,63823.01
62582.88,62854.06,64821.08,63579.33
62630.850000000006,62366.09,64935.06,63320.195
62484.56,62000.3,64460.35,63126.3
62608.98999999999,61796.79,63946.45,63025.242
62143.8,61792.12,63886.33,63031.92
61848.29,61694.434,63825.350000000006,63050.31
61361.520000000004,61323.793,63336.62,62935.043
61353.96000000001,60986.344,62800.83,62798.1
60922.12999999999,60749.727,63043.81999999999,62598.305
60520.36000000001,60578.723,62100.48,62462.527
60679.310000000005,60322.543,62121.28,62269.125
61043.69,60049.574,62322.38,61983.688
60722.270000000004,60153.72,62248.53,61775.31
60893.08,60519.36,62481.61,61799.707
60906.93,60577.44,61498.02,61727.293
60879.17,60802.746,61906.130000000005,61750.54
60768.25,60764.03,62924.26,61567.305
60967.65,60822.414,62530.72,61525.184
61342.88,60748.42,61992.08,61446.914
61528.39,60771.81,62141.93000000001,61440.02
61319.75,60625.152,62157.17999999999,61269.656
60799.99,60619.305,61688.090000000004,61238.758
60825.49,60304.383,61267.8,61087.65
60585.11000000001,59877.586,61496.13,60869.242
60381.12,59259.49,61452.3,60324.676
59910.72,58865.36,61131.84,59887.24
59098.64000000001,58514.555,60671.37000000001,59532.082
58163.64,58125.01,59654.88,59195.16
57203.82000000001,57163.137,58882.6,58299.31
55876.23,56343.844,57773.170000000006,57497.07
54684.17,55491.605,56629.76000000001,56678.33
52907.53,54496.965,55438.13999999999,55736.98
51826.649999999994,53211.586,53813.62,54436.426
50513.770000000004,51877.336,52575.37,53170.195
49891.33,50713.875,51507.13,52053.31
49266.42,49621.33,50434.68,51054.906
47837.19,48895.406,48734.84,50162.12
46574.77,48034.445,47955.36,49262.688
46079.87,47133.38,47229.28,48403.734
45807.95,46130.29,46507.61,47441.574
45498.01,45401.625,45196.94,46659.34
45604.94,44969.117,44747.57,46048.855
44896.68,44799.11,44541.41,45651.695
44510.6,44839.773,44314.54,45498.11
43668.67,44553.285,44112.55,45202.543
43056.47,44209.195,43890.46,44865.527
42940.19,43807.812,43410.76,44541.504
42585.12,43425.406,42990.77,44236.215
42273.25,42733.94,42485.96,43996.523
42413.19,42706.844,42104.58,43851.17
42534.93,42350.445,42113.88,43561.176
42378.57,42406.43,42469.8,43621.777
42627.25,42489.176,42215.44,43730.457
42825.88,42536.645,42330.06,43830.855
42881.5,42813.63,42195.88,44074.145
43425.28,43259.45,42575.91,44449.746
43794.66,43894.19,43158.09,44834.03
44158.7,44755.78,43296.92,45524.496
44637.61,45840.59,43632.01,46265.87
46016.33,46830.363,44287.66,46910.44
46807.26,48009.473,45632.4,47453.523
47652.61,49437.17,46477.67,48392.652
49516.920000000006,50484.23,47369.9,49127.645
52661.4,51429.23,48979.759999999995,49767.457
54706.47,53372.09,52088.06,50675.555
55699.92,55698.098,53942.01,52244.65
57104.78,57168.53,55362.55,53670.105
58938.63,57855.203,56932.270000000004,54743.99
60109.92,58951.914,58875.450000000004,55992.973
61007.38,60029.98,59693.91,57469.15
61891.53,60781.87,60444.69,58820.496
63092.72000000001,61448.56,61521.97,60059.13
63698.01,61974.87,62635.7,61312.75
63676.509999999995,62549.367,63146.92999999999,62228.457
63951.83,63047.703,63259.8,62996.785
63222.91,63110.55,63601.54,63267.367
63483.01,63640.156,63414.26,63793.316
63970.9,63473.53,63415.88,63760.65
64183.94,63502.11,63795.77,63614.266
63616.83999999999,63876.777,64128.17,63654.14
64025.079999999994,64550.137,64089.92999999999,64084.47
64790.51,64351.727,64126.02999999999,64028.453
65348.03999999999,64457.69,64617.6,64033.47
65772.76,64933.203,65001.530000000006,64287.89
66485.14,65624.266,64538.11,64821.926
67164.14,65797.57,64584.01,65118.996
67414.61,66049.99,64843.73000000001,65376.445
66781.99,66306.49,65044.36,65606.09
66888.76,66701.44,64517.83,66023.95
66888.46,66281.45,64497.16999999999,65857.25
66706.92,65886.99,64285.67,65492.17
66403.34,65739.87,63689.96,65210.406
66062.34,65806.22,63230.33000000001,65100.562
66269.41,65441.812,62981.57000000001,64741.188
65220.61000000001,65008.76,62595.549999999996,64305.957
64821.08,64878.637,61823.76,64084.83
64935.06,64600.566,61464.79,63814.727
64460.35,64021.293,61250.29,63341.34
63946.45,63802.56,60725.18,63061.543
63886.33,63359.594,60295.94,62703.297
63825.350000000006,63122.664,60264.81,62434.055
63336.62,62732.957,60101.3,62092.188
62800.83,62568.258,59715.30000000001,61859.105
63043.81999999999,62186.406,59679.51,61518.64
62100.48,61924.832,59544.32,61146.984
62121.28,61883.516,58963.37,60947.48
62322.38,61485.395,58617.1,60533.36
62248.53,61383.406,58502.36000000001,60297.41
62481.61,61653.973,59171.84,60291.562
61498.02,61727.04,59079.39000000001,60293.32
61906.130000000005,62000.844,59063.55,60418.89
62924.26,61602.85,59192.16999999999,60229.633
62530.72,61491.215,59428.25,60148.38
61992.08,62084.31,58963.26,60495.617
62141.93000000001,62041.04,58957.2,60543.77
62157.17999999999,61532.0,59067.22,60317.266
61688.090000000004,61020.547,59057.14,60001.99
61267.8,60792.86,58496.84,59812.355
61496.13,60338.59,58471.51,59492.844
61452.3,59843.406,58698.97,59109.81
61131.84,59319.574,58669.4,58603.234
60671.37000000001,59109.13,58200.44000000001,58277.43
59654.88,58774.168,57317.369999999995,57905.508
58882.6,58304.164,56487.24999999999,57491.555
57773.170000000006,57273.848,55375.71,56632.723
56629.76000000001,56460.69,54133.29,55802.2
55438.13999999999,55598.0,53145.16,54927.71
53813.62,54604.08,52040.52,53981.062
52575.37,53343.95,51311.31,52808.918
51507.13,52084.816,50223.85,51606.254
50434.68,50937.344,49113.130000000005,50550.816
48734.84,49935.266,48552.59,49621.812
47955.36,48951.88,47463.88,48749.863
47229.28,47575.375,46569.54,47536.94
46507.61,46705.68,45573.45,46736.54
45196.94,46035.234,44945.03,46093.473
44747.57,45372.67,43699.12,45480.324
44541.41,44372.535,42635.76,44521.934
44314.54,43956.7,42295.41,43911.594
44112.55,43710.96,42111.41,43546.562
43890.46,43628.008,41544.59,43419.11
43410.76,43468.156,41068.52,43200.387
42990.77,43496.363,40947.83,43153.137
42485.96,43324.875,40855.76,42996.11
42104.58,43006.164,40271.48,42806.26
42113.88,42530.082,40217.45,42112.324
42469.8,42227.918,39968.12,41638.85
42215.44,42125.688,39810.43,41329.645
42330.06,42346.785,40094.0,41338.29
42195.88,42305.367,39689.94,41169.28
42575.91,42569.195,39657.78,41183.27
43158.09,42782.027,39692.26,41169.91
43296.92,43536.03,39725.42,41391.09
43632.01,44494.55,39760.22,41823.973
44287.66,45371.53,39653.38,42189.32
45632.4,46280.57,39732.45,42546.78
46477.67,47584.605,39934.8,42761.316
47369.9,49021.65,39898.12,43347.01
48979.759999999995,50093.83,39925.6,43737.21
52088.06,51136.016,40199.95,44000.996
53942.01,52982.258,41021.29,44102.992
55362.55,55211.727,41586.15,44890.973
56932.270000000004,56635.78,41648.41,45403.44
58875.450000000004,57400.188,42490.85,45734.176
59693.91,58692.812,43884.14,46081.973
60444.69,59685.02,44648.09,46924.277
61521.97,60299.06,45340.88,47663.965
62635.7,60731.56,46025.91,48419.895
63146.92999999999,61511.51,47048.41,48994.355
63259.8,61918.582,47935.909999999996,49747.953
63601.54,62264.3,48576.82,50696.395
63414.26,62277.164,49243.13,51412.305
63415.88,62830.723,49997.29,52224.164
63795.77,62740.297,50437.79000000001,52899.227
64128.17,62654.426,50982.98999999999,53424.566
64089.92999999999,62870.223,51255.82,54057.67
64126.02999999999,63504.137,51841.11,54801.09
64617.6,63432.285,52172.43000000001,55240.09
65001.530000000006,63345.664,52311.91,55494.43
64538.11,63556.82,52599.380000000005,55852.82
64584.01,64162.895,53155.49,56292.05
64843.73000000001,63857.902,53552.909999999996,56238.73
65044.36,63632.06,53245.78,56178.22
64517.83,63667.566,53198.79,56241.395
64497.16999999999,63983.21,53095.96000000001,56365.594
64285.67,63525.95,53077.41999999999,56088.645
63689.96,63203.406,53135.49,55853.242
63230.33000000001,62901.664,52463.270000000004,55562.355
62981.57000000001,62703.887,51659.34,55175.98
62595.549999999996,62084.34,50843.95,54664.562
61823.76,61669.24,50744.079999999994,54290.086
61464.79,61182.88,50215.35,53927.85
61250.29,60903.76,49686.0,53539.11
60725.18,60382.734,49061.55000000001,53041.887
60295.94,60067.188,48437.450000000004,52707.473
60264.81,59615.715,48094.88,52325.35
60101.3,59490.09,48065.41,52052.344
59715.30000000001,59303.215,48077.189999999995,51780.88
59679.51,59145.45,47834.87999999999,51609.152
59544.32,58852.273,47816.40000000001,51398.883
58963.37,58996.08,48046.53,51382.992
58617.1,58924.863,47643.91,51275.3
58502.36000000001,58629.965,47813.74,51026.99
59171.84,58436.6,47917.45,50852.008
59079.39000000001,58438.203,48820.64,50878.758
59063.55,58914.203,48894.08,51096.74
59192.16999999999,58950.387,49333.33000000001,51195.67
59428.25,58906.184,49705.8,51252.285
58963.26,58768.195,49849.88999999999,51370.254
58957.2,58832.105,49797.9,51611.89
59067.22,58521.773,49943.16999999999,51649.562
59057.14,58317.227,50093.73,51697.617
58496.84,57941.07,50304.26,51688.227
58471.51,57807.965,49918.14,51747.86
58698.97,57370.215,49884.840000000004,51540.086
58669.4,57120.203,50077.96,51331.49
58200.44000000001,56711.383,50441.37999999999,51059.836
57317.369999999995,56661.21,50103.16,50892.492
56487.24999999999,56301.918,49486.04,50511.156
55375.71,55620.406,48746.469999999994,49936.258
54133.29,54520.67,47899.51,49253.9
53145.16,53780.21,46993.26,48591.17
52040.52,52901.85,46341.91,47836.977
51311.31,52124.355,45750.62,47183.02
50223.85,50888.22,45353.72,46569.89
49113.130000000005,50287.527,44587.25,46049.0
48552.59,49489.234,43910.76,45437.566
47463.88,48575.027,43222.13,44799.992
46569.54,47575.21,42331.62,44466.277
45573.45,46719.16,41438.12,43686.035
44945.03,45749.746,40841.39,42881.742
43699.12,44957.137,40142.2,42152.64
42635.76,44099.445,39328.56,41607.94
42295.41,43264.13,38763.72,40880.25
42111.41,42468.64,38289.98,40221.402
41544.59,42097.6,37916.34,39833.344
41068.52,41770.957,37302.61,39604.062
40947.83,41430.016,36912.59,39257.004
40855.76,41141.938,36895.82,39021.75
40271.48,41070.44,36661.02,38930.797
40217.45,41159.938,36187.33,38270.383
39968.12,40684.703,36042.93,37569.676
39810.43,40476.195,35876.64,37443.484
40094.0,40578.145,35659.83,37523.09
39689.94,40237.312,35563.51,37382.152
39657.78,40393.117,35645.23,37635.035
39692.26,40230.97,35467.23,37603.723
39725.42,40053.293,35622.94,37638.75
39760.22,39978.21,35493.84,37638.46
39653.38,40036.25,35390.0,37826.992
39732.45,40007.67,35437.23,37948.32
39934.8,39977.797,35807.51,38062.055
39898.12,40213.793,35625.67,38031.004
39925.6,40568.664,35365.94,38195.402
40199.95,40766.895,35589.83,38216.94
41021.29,41103.87,35609.54,38251.887
41586.15,42146.234,36447.62,38086.52
41648.41,43160.05,36660.79,38107.32
42490.85,43911.562,36926.8,38125.28
43884.14,44284.375,37073.53,38094.54
44648.09,45568.125,37273.59,38112.043
45340.88,46716.918,37598.32,38513.71
46025.91,47610.047,38492.62,39009.848
47048.41,48256.82,39524.56,39587.914
47935.909999999996,49268.285,40636.2,39694.11
48576.82,49402.54,41171.73,39952.29
49243.13,50485.797,42066.01,41210.695
49997.29,51035.094,42735.69,42008.465
50437.79000000001,52002.12,43745.47,42682.25
50982.98999999999,52307.723,44374.43,43430.242
51255.82,52582.15,45134.7,44177.156
51841.11,52825.62,45839.65,44791.64
52172.43000000001,53461.19,46479.76,45385.12
52311.91,53577.242,47059.2,46017.14
52599.380000000005,53682.28,46972.45,46597.82
53155.49,53595.684,47827.91,46946.85
53552.909999999996,54084.83,48794.61,47446.24
53245.78,54198.8,49082.91,47847.87
53198.79,54255.637,49389.51999999999,48188.465
53095.96000000001,53900.523,49912.73,48236.92
53077.41999999999,53991.383,49694.02,48382.543
53135.49,53733.875,48979.869999999995,48515.566
52463.270000000004,53485.45,48345.659999999996,48686.406
51659.34,53299.516,48046.69,48768.406
50843.95,53163.273,47540.51,48655.44
50744.079999999994,52395.344,47043.19,48244.863
50215.35,51672.168,46881.24,47965.395
49686.0,51297.434,46322.45,47800.33
49061.55000000001,51314.156,46148.0,47681.133
48437.450000000004,50784.125,45668.95,47203.305
48094.88,50188.844,45835.43,46782.24
48065.41,49651.395,45592.56,46420.445
48077.189999999995,49627.547,45832.75,46220.246
47834.87999999999,49481.863,45498.95,45895.566
47816.40000000001,49457.797,45462.28,45807.29
48046.53,49346.86,45503.91,45716.215
47643.91,49590.188,45397.9,45794.004
47813.74,49670.715,45105.38,45710.535
47917.45,49546.434,45440.58,45688.156
48820.64,49690.08,45750.17,45847.867
48894.08,49949.734,46123.96,46060.09
49333.33000000001,50519.88,46250.48,46370.16
49705.8,50700.695,46636.3,46592.293
49849.88999999999,50929.207,47102.4,46973.984
49797.9,51105.344,47945.57,47378.85
49943.16999999999,51064.46,47749.62,47629.35
50093.73,50938.332,47768.02,47910.793
50304.26,50913.94,48046.45,48272.31
49918.14,50639.457,48160.98,48388.28
49884.840000000004,50578.875,47748.65,48630.465
50077.96,50299.32,48008.39,48774.133
50441.37999999999,50138.004,48364.56,48983.69
50103.16,49814.637,49074.43,48881.312
49486.04,49927.984,48694.31,49076.848
48746.469999999994,49739.33,48372.73,49093.09
47899.51,49262.91,47841.48000000001,48875.277
46993.26,48355.67,47239.11,48240.32
46341.91,47768.45,46654.84,47937.934
45750.62,47273.72,46276.56,47633.61
45353.72,46825.387,45931.97,47328.895
44587.25,46052.824,46052.38,46736.66
43910.76,45746.08,45218.9,46506.28
43222.13,45361.94,44695.24,46163.797
42331.62,44863.332,43888.44,45722.81
41438.12,43969.215,43284.44,45212.086
40841.39,43013.234,42665.36,44733.332
40142.2,42197.71,41960.52,44168.504
39328.56,41612.703,41399.33,43641.434
38763.72,40711.395,40435.15,42900.88
38289.98,40027.773,39908.22,42268.86
37916.34,39517.914,39643.43,41705.25
37302.61,39127.176,39188.67,41216.668
36912.59,38516.957,38855.1,40650.348
36895.82,38087.043,38537.82,40196.39
36661.02,37738.63,38312.41,39810.043
36187.33,37656.777,37920.89,39587.81
36042.93,37529.965,37616.77,39746.473
35876.64,37371.406,37619.32,39963.16
35659.83,37155.004,37610.26,40063.934
35563.51,37048.45,37631.34,40210.16
35645.23,36648.547,37749.61,40193.5
35467.23,36537.137,38052.48,40413.156
35622.94,36480.883,37796.04,40662.297
35493.84,36347.258,37941.47,40890.082
35390.0,36193.656,38602.3,41159.152
35437.23,36196.77,39052.86,41574.312
35807.51,36039.992,39602.56,41912.562
35625.67,36025.164,40141.07,42376.676
35365.94,36241.812,42233.58,43120.996
35589.83,36448.453,43516.95,43885.535
35609.54,36299.363,44922.82,44468.832
36447.62,36553.58,46629.14,45324.367
36660.79,37129.78,50398.65,46712.797
36926.8,38097.42,53212.49,48330.02
37073.53,38601.79,55116.9,49756.312
37273.59,38977.324,56269.67,51166.062
37598.32,39588.54,57844.09,53256.273
38492.62,40072.05,58996.78999999999,55051.164
39524.56,40467.668,59837.85,56506.99
40636.2,41226.4,60638.6,57975.977
41171.73,42077.0,61598.81999999999,60383.273
42066.01,43014.652,62234.619999999995,62228.85
42735.69,43860.68,62553.87,63172.777
43745.47,44545.254,62775.329999999994,63483.285
44374.43,45500.094,62688.55,64344.363
45134.7,46277.94,63274.61,64708.938
45839.65,46840.902,64052.920000000006,64625.383
46479.76,47416.004,64272.38,64443.133
47059.2,48314.082,64569.75,65155.188
46972.45,48841.1,65039.22000000001,65421.605
47827.91,49200.773,65471.43000000001,65370.57
48794.61,49214.316,65774.88,65078.312
49082.91,49888.04,66105.79,65752.914
49389.51999999999,50457.637,66413.64,66254.78
49912.73,50431.793,66304.74,66371.62
49694.02,50374.95,66382.15,66306.36
48979.869999999995,50734.074,65489.420000000006,67000.68
48345.659999999996,50513.77,65230.76,67063.77
48046.69,49832.066,65183.22,66485.74
47540.51,49131.98,65399.56,65680.69
47043.19,48996.816,65285.59999999999,65577.49
46881.24,48565.496,64984.34,65243.785
46322.45,48132.57,64974.369999999995,64814.426
46148.0,47812.094,64186.94,64526.723
45668.95,47697.844,63985.310000000005,64692.207
45835.43,47410.086,63992.13,64659.363
45592.56,47094.348,63785.66,64520.656
45832.75,47003.96,63299.6,64544.953
45498.95,47149.824,63104.04,64831.246
45462.28,47186.465,62617.07,64989.586
45503.91,47141.973,62304.03,65031.01
45397.9,47149.613,61632.32,65014.703
45105.38,47527.637,61187.130000000005,64941.887
45440.58,47483.805,60697.92,64700.65
45750.17,47464.324,60097.41,64449.152
46123.96,47742.03,59977.12000000001,64354.45
46250.48,48230.39,60262.6,64282.44
46636.3,48482.71,60143.44,64214.727
47102.4,48640.02,60445.04,64246.99
47945.57,48936.156,60628.97,64269.12
47749.62,49139.082,60338.95,63898.574
47768.02,49508.695,60087.05,63877.746
48046.45,49345.367,60391.96,63841.266
48160.98,49187.6,60463.94,63679.793
47748.65,49098.684,60401.89000000001,63114.938
48008.39,49080.645,60050.1,62850.527
48364.56,48807.215,60299.73,62606.184
49074.43,48991.97,60541.38,62438.76
48694.31,49176.74,60691.98,61815.51
48372.73,49725.332,60329.88,61644.008
47841.48000000001,49734.367,59302.380000000005,61401.562
47239.11,49591.03,58341.56,60925.008
46654.84,49033.957,57349.09,59697.574
46276.56,48495.586,56192.649999999994,58700.39
45931.97,47889.76,54900.72000000001,57823.113
46052.38,47380.33,53824.37999999999,56966.402
45218.9,46700.17,52987.73,55614.785
44695.24,46284.3,52313.35,54793.668
43888.44,45657.973,51130.12999999999,53995.203
43284.44,45032.4,50128.12,53173.207
42665.36,44506.96,48737.979999999996,51935.133
41960.52,43421.668,47797.65,50873.426
41399.33,42836.035,47061.74,50071.637
40435.15,42107.984,46485.9,49173.42
39908.22,41467.246,44773.47,48104.34
39643.43,40520.61,44377.16,47102.89
39188.67,40067.41,43885.07,46458.445
38855.1,39840.613,43494.16,46081.39
38537.82,39545.438,42981.79,45618.516
38312.41,39114.965,42377.78,45175.754
37920.89,38954.12,42251.36,44882.887
37616.77,38805.684,41997.17,44600.758
37619.32,38927.766,41463.85,43775.773
37610.26,38425.56,41168.26,43446.07
37631.34,38472.36,41555.99,43334.3
37749.61,38423.88,41854.31,43205.645
38052.48,38521.97,41814.25,43220.22
37796.04,38535.137,41856.39,43241.805
37941.47,38830.508,42121.47,43467.93
38602.3,39038.09,42277.5,43640.16
39052.86,39630.76,42824.38,43968.13
39602.56,40618.12,42918.42,44632.676
40141.07,41844.73,43577.85,45428.867
42233.58,43175.043,44337.52,46254.89
43516.95,44678.902,45717.05,47063.406
44922.82,46685.215,46693.68,48342.46
46629.14,48492.004,47757.12,49534.203
50398.65,49909.965,49686.380000000005,50533.0
53212.49,51727.582,53236.66000000001,51652.082
55116.9,54080.58,55398.19,53373.17
56269.67,56044.01,57042.71000000001,55098.945
57844.09,57249.066,58121.98,56523.836
58996.78999999999,58410.62,59424.0,57915.51
59837.85,59153.805,60208.19,59121.547
60638.6,59920.92,61403.810000000005,60251.133
61598.81999999999,60579.918,62046.82000000001,61205.715
62234.619999999995,61058.7,62820.09,62114.707
62553.87,61462.008,63314.77,62723.74
62775.329999999994,61909.34,63493.31999999999,63242.633
62688.55,62164.133,63312.29,63487.39
63274.61,62745.19,62884.39,63959.258
64052.920000000006,62838.78,63105.75,64008.426
64272.38,63115.812,63421.84,64013.168
64569.75,63600.85,63589.6,64151.055
65039.22000000001,64268.2,63383.07000000001,64591.844
65471.43000000001,64514.668,63675.12000000001,64788.4
65774.88,64742.85,64215.61000000001,64908.68
66105.79,65023.305,64718.08,65074.387
66413.64,65530.465,64965.63,65531.15
66304.74,65711.66,65712.17,65764.34
66382.15,65760.1,65979.22,65842.24
65489.420000000006,65689.15,66163.14,65797.63
65230.76,65768.11,65688.68,65968.04
65183.22,65252.492,65706.65,65692.08
65399.56,64691.684,65821.43,65251.09
65285.59999999999,64345.17,65683.74,64973.87
64984.34,64515.914,65597.16,65076.723
64974.369999999995,64403.57,65255.86,64983.773
64186.94,64083.48,64775.920000000006,64699.773
63985.310000000005,63853.973,63996.93,64486.984
63992.13,63601.758,64096.229999999996,64300.645
63785.66,63157.33,63788.33000000001,64009.957
63299.6,62879.9,63067.01,63802.46
63104.04,62557.547,62577.57000000001,63636.992
62617.07,62335.227,62418.8,63519.87
62304.03,61913.703,62062.86000000001,63310.176
61632.32,61515.33,61173.1,63066.15
61187.130000000005,61170.953,60559.97,62843.93
60697.92,60857.164,60760.63,62584.2
60097.41,60432.215,60254.09999999999,62232.613
59977.12000000001,60211.93,59761.87,61928.85
60262.6,59905.49,59697.14,61597.863
60143.44,59952.777,60395.14000000001,61363.855
60445.04,60202.484,60311.1,61309.22
60628.97,60398.723,60428.19,61283.42
60338.95,60661.168,60513.54,61368.81
60087.05,60656.258,60682.96000000001,61322.367
60391.96,60449.332,60548.93,61277.133
60463.94,60189.062,60530.48,61220.87
60401.89000000001,60124.98,60694.55,61310.125
60050.1,59691.055,60685.93000000001,61124.605
60299.73,59382.406,60330.03,61010.867
60541.38,58954.24,60616.63999999999,60842.934
60691.98,58742.527,60981.29,60788.59
60329.88,58326.082,61257.829999999994,60460.445
59302.380000000005,58158.344,61039.30000000001,60293.047
58341.56,57796.723,60333.1,60037.805
57349.09,57079.832,59459.44,59538.29
56192.649999999994,56014.52,58426.979999999996,58488.094
54900.72000000001,55171.637,57310.43,57578.68
53824.37999999999,54309.758,55980.12,56665.0
52987.73,53360.055,54951.44,55696.082
52313.35,52245.18,53895.34,54453.445
51130.12999999999,51392.55,53016.91999999999,53485.082
50128.12,50736.133,51651.19000000001,52724.43
48737.979999999996,49893.58,50453.49,51912.984
47797.65,49154.832,48812.89,51055.953
47061.74,47855.3,47812.6,49873.52
46485.9,47000.43,46861.45,48988.117
44773.47,46257.1,46011.17,48223.637
44377.16,45605.066,44850.54,47530.062
43885.07,44461.06,44363.6,46511.363
43494.16,43862.383,43977.38,45852.074
42981.79,43507.902,43335.94,45396.74
42377.78,43173.6,43147.61,45012.04
42251.36,42777.594,42982.3,44598.98
41997.17,42472.613,42702.61,44278.004
41463.85,42359.7,42629.24,44141.766
41168.26,42341.023,42654.53,43789.05
41555.99,41938.305,42841.66,43450.668
41854.31,41656.816,42953.03,43276.97
41814.25,41809.832,43001.14,43422.113
41856.39,42070.01,42781.27,43669.277
42121.47,42188.78,43001.36,43888.402
42277.5,42336.926,43035.37,44136.82
42824.38,42683.72,43083.17,44499.93
42918.42,43223.918,43326.0,44893.555
43577.85,43985.625,43839.34,45543.125
44337.52,44745.324,44317.46,46172.676
45717.05,45808.96,44995.04,46951.895
46693.68,47311.76,46021.79,47798.223
47757.12,48941.754,47192.55,48950.465
49686.380000000005,50364.707,48517.29000000001,50002.41
53236.66000000001,51575.953,50500.78,50922.164
55398.19,53599.062,54236.39000000001,52156.797
57042.71000000001,56102.824,56878.37,54037.19
58121.98,57850.473,58544.42999999999,55755.383
59424.0,58855.473,59599.06,57132.08
60208.19,59903.355,60592.91999999999,58499.35
61403.810000000005,60636.29,61553.63,59702.6
62046.82000000001,61215.395,62391.99,60725.65
62820.09,61954.816,63090.659999999996,61705.59
63314.77,62269.062,63849.29000000001,62644.76
63493.31999999999,62709.6,64186.23,63273.043
63312.29,63072.188,64598.76000000001,63733.96
62884.39,63238.14,64574.1,63898.844
63105.75,63448.246,63321.48,64117.266
63421.84,63418.277,63495.63,64099.98
63589.6,63450.453,63944.13,63957.133
63383.07000000001,63700.38,64367.64,63945.234
63675.12000000001,64169.227,64086.59,64273.836
64215.61000000001,64322.254,64588.34,64472.082
64718.08,64372.27,65152.25,64523.965
64965.63,64642.574,65078.11,64730.934
65712.17,65233.523,64521.37,65297.926
65979.22,65387.703,64597.3,65586.11
66163.14,65524.582,64896.229999999996,65767.23
65688.68,65625.73,65069.46,65899.234
65706.65,65808.91,64907.99,66156.04
65821.43,65485.38,64874.26,66022.164
65683.74,65100.535,64947.450000000004,65693.836
65597.16,64880.105,65396.86,65459.03
65255.86,64923.586,65408.02,65446.152
64775.920000000006,64761.938,64808.3,65329.555
63996.93,64415.85,64758.76999999999,65044.71
64096.229999999996,63947.977,64238.6,64720.09
63788.33000000001,63612.57,64055.549999999996,64484.434
63067.01,63325.258,63715.86,64317.426
62577.57000000001,62964.934,63388.920000000006,64117.844
62418.8,62328.848,63436.91000000001,63784.684
62062.86000000001,62013.535,63748.31,63601.19
61173.1,61622.53,63467.79,63404.99
60559.97,61250.863,62744.84,63202.086
60760.63,60599.645,62165.69,62838.88
60254.09999999999,60159.25,61858.32,62489.562
59761.87,60054.285,61582.66999999999,62307.715
59697.14,59864.496,60951.29,62087.47
60395.14000000001,59638.836,60937.45,61822.984
60311.1,59744.562,61424.73,61614.258
60428.19,60293.918,61459.84999999999,61709.5
60513.54,60619.688,61631.24999999999,61756.973
60682.96000000001,60866.67,61624.57,61810.758
60548.93,60872.12,62387.97,61702.902
60530.48,61008.535,62594.64000000001,61756.336
60694.55,60934.84,62508.07,61769.504
60685.93000000001,60801.69,62803.82,61792.715
60330.03,60442.69,62542.58,61577.48
60616.63999999999,60201.812,62213.66999999999,61444.625
60981.29,59792.87,62455.38,61262.42
61257.829999999994,59573.41,62494.16999999999,61192.082
61039.30000000001,59214.273,62687.15,60864.566
60333.1,59071.098,61692.92,60709.3
59459.44,58757.53,60665.439999999995,60505.367
58426.979999999996,58189.17,59711.15,60125.96
57310.43,57231.24,58422.399999999994,59178.99
55980.12,56382.535,57466.14,58329.36
54951.44,55507.7,56270.8,57472.508
53895.34,54539.52,55245.6,56547.94
53016.91999999999,53392.066,54335.82,55326.01
51651.19000000001,52418.08,53286.56,54319.445
50453.49,51559.45,51865.09,53453.18
48812.89,50563.52,50870.78,52541.902
47812.6,49736.43,49538.26,51507.355
46861.45,48333.55,48545.41,50185.68
46011.17,47367.855,47726.88,49153.914
44850.54,46520.83,47554.28,48244.87
44363.6,45673.277,46846.94,47361.31
43977.38,44735.027,46333.19,46439.586
43335.94,44213.582,45969.85,45819.77
43147.61,43894.78,45798.06,45392.34
42982.3,43449.14,45069.89,44942.016
42702.61,43130.305,44476.25,44602.832
42629.24,43081.355,44180.5,44487.805
42654.53,43006.035,44294.52,44417.36
42841.66,42595.312,43995.22,44074.62
42953.03,42721.734,43762.42,44134.715
43001.14,42740.633,43729.11,44238.59
42781.27,42938.113,43827.3,44495.53
43001.36,43046.13,43677.33,44696.35
43035.37,42992.195,43420.65,44838.902
43083.17,43169.793,43207.8,45129.77
43326.0,43458.906,43291.37,45482.047
43839.34,43963.758,43657.93,45882.543
44317.46,44622.25,44099.86,46465.387
44995.04,45651.223,44359.62,47223.08
46021.79,46829.14,45175.17,48022.01
47192.55,48320.14,47346.9,48835.316
48517.29000000001,49649.266,47916.96,49738.883
50500.78,50912.258,49301.91,50646.332
54236.39000000001,52172.484,51052.73000000001,51566.76
56878.37,54117.83,54135.47,52855.957
58544.42999999999,56549.074,56704.89,54853.188
59599.06,58363.793,58449.8,56802.91
60592.91999999999,59382.63,59645.63,58378.426
61553.63,60298.297,60896.37,59938.625
62391.99,60906.473,61731.44,61234.746
63090.659999999996,61535.72,62491.59,62361.105
63849.29000000001,62199.98,63095.48,63291.27
64186.23,62600.273,63878.91,64194.023
64598.76000000001,63080.69,64545.729999999996,64754.457
64574.1,63385.816,64968.46,65037.363
63321.48,63655.273,65021.05,65100.582
63495.63,64006.91,64482.36000000001,65280.957
63944.13,63735.93,64799.409999999996,64976.34
64367.64,63660.586,64986.91,64617.844
64086.59,64011.246,65228.61,64595.15
64588.34,64592.41,65583.12,65013.41
65152.25,64782.652,65897.65,65246.9
65078.11,64910.12,66251.47,65336.867
64521.37,65235.1,66631.98,65566.07
64597.3,65565.08,66797.34,65958.02
64896.229999999996,65267.56,67016.11,65900.02
65069.46,65004.977,67676.33,65711.48
64907.99,64952.688,67661.24,65637.305
64874.26,65121.625,66844.94,65824.68
64947.450000000004,64844.49,66599.14,65721.66
65396.86,64497.137,66466.88,65447.336
65408.02,64308.44,66349.14,65260.19
64808.3,64694.082,66333.48,65487.258
64758.76999999999,64709.234,66342.42,65520.71
64238.6,64256.527,66044.82,65230.645
64055.549999999996,63892.312,65585.39,64974.074
63715.86,63795.48,65297.08,64893.652
63388.920000000006,63412.977,65377.65,64678.324
63436.91000000001,62992.754,64922.009999999995,64411.473
63748.31,62530.703,64816.51999999999,64142.95
63467.79,62557.43,64892.43,64123.945
62744.84,62496.75,64341.18,64138.547
62165.69,62260.434,63957.94,64060.44
61858.32,61732.44,63498.57000000001,63804.29
61582.66999999999,61377.816,62933.6,63517.723
60951.29,60983.97,62525.77,63217.016
60937.45,60800.06,61847.89,62962.41
61424.73,60539.98,61934.62,62628.938
61459.84999999999,60650.094,61637.06,62361.652
61631.24999999999,61094.742,61608.23,62353.016
61624.57,61519.41,61401.0,62392.094
62387.97,61829.59,61439.07,62439.43
62594.64000000001,61829.39,61623.66000000001,62269.66
62508.07,62272.14,61291.280000000006,62442.742
62803.82,62514.176,61446.75000000001,62634.14
62542.58,62426.715,61765.16000000001,62697.4
62213.66999999999,62057.08,61898.23999999999,62485.418
62455.38,61706.625,61568.37,62323.863
62494.16999999999,61189.406,61738.58000000001,62083.17
62687.15,60964.207,62287.12999999999,61976.9
61692.92,60411.832,62821.78,61490.836
60665.439999999995,60152.98,62294.340000000004,61195.742
59711.15,59538.04,61484.45,60683.473
58422.399999999994,58771.105,60597.19,60027.188
57466.14,57678.8,59575.62,58879.168
56270.8,56682.434,58572.13,57835.234
55245.6,55776.22,57470.68000000001,56871.617
54335.82,54820.664,56439.87,55904.09
53286.56,53595.508,55681.05,54645.3
51865.09,52645.785,54342.36,53638.39
50870.78,51706.848,53264.89,52716.516
49538.26,50605.36,52412.95999999999,51722.426
48545.41,49803.3,51833.08999999999,50791.184
47726.88,48549.598,50700.200000000004,49599.293
47554.28,47684.453,49734.1,48711.156
46846.94,46932.348,48987.77,47933.695
46333.19,46458.633,47483.7,47368.707
45969.85,45915.926,46560.17,46747.3
45798.06,45581.65,46245.34,46251.863
45069.89,45349.094,45942.77,45874.457
44476.25,45164.883,45430.18,45619.887
44180.5,44764.19,44980.49,45229.508
44294.52,44433.58,45052.13,44926.594
43995.22,44245.066,45155.91,44766.062
43762.42,43805.008,45008.48,44731.27
43729.11,43847.97,44770.38,44655.832
43827.3,43616.21,44939.25,44460.137
43677.33,43620.973,45199.54,44471.246
43420.65,43690.895,45477.09,44532.67
43207.8,43678.42,45340.72,44583.098
43291.37,43668.51,46055.6,44654.86
43657.93,43728.58,46118.91,44768.42
44099.86,44174.312,45877.61,44998.734
44359.62,44898.594,45902.17,45502.17
45175.17,45889.11,45970.45,46160.457
47346.9,46843.03,46792.22,46783.977
47916.96,48218.582,47936.7,47459.58
49301.91,50270.83,48634.83,48781.918
51052.73000000001,51412.223,49909.74,49635.836
54135.47,52653.445,51445.87000000001,50534.73
56704.89,54507.617,54800.15,51565.633
58449.8,56661.695,57524.530000000006,53203.273
59645.63,58377.35,59400.32,54924.152
60896.37,59487.023,60412.82,56513.168
61731.44,60594.668,61714.66,58123.668
62491.59,61299.46,62506.14,59589.29
63095.48,61844.594,63196.77999999999,60906.43
63878.91,62362.42,63628.729999999996,62001.88
64545.729999999996,62725.273,64542.8,63045.926
64968.46,63110.56,65018.490000000005,63578.836
65021.05,63483.953,65333.4,63938.074
64482.36000000001,63767.176,65731.61,64040.9
64799.409999999996,64199.62,65714.03,64386.926
64986.91,64121.44,65798.76,64364.605
65228.61,64206.35,66184.95,64246.34
65583.12,64463.59,66574.38,64223.508
65897.65,65034.176,66372.83,64640.645
66251.47,65369.324,66272.04,64983.637
66631.98,65593.78,66613.61,65135.273
66797.34,65839.33,67228.1,65290.316
67016.11,66374.016,67641.4,65787.93
67676.33,66512.81,68167.23,66047.68
67661.24,66517.37,68512.21,66085.336
66844.94,66701.445,68527.95,66209.375
66599.14,66887.805,67612.04,66448.71
66466.88,66369.41,67255.54,66180.12
66349.14,65785.0,66842.18,65699.25
66333.48,65472.438,66408.52,65334.406
66342.42,65540.94,66108.28,65275.332
66044.82,65391.164,65544.41,65090.746
65585.39,65221.38,65444.56,64819.973
65297.08,64882.31,64611.22,64514.406
65377.65,64721.613,64395.25,64377.12
64922.009999999995,64310.098,64126.75,64084.777
64816.51999999999,64044.17,63097.53999999999,63877.188
64892.43,63596.625,62711.17999999999,63601.277
64341.18,63482.324,62981.920000000006,63517.484
63957.94,63281.156,62310.22,63413.44
63498.57000000001,62817.484,61985.420000000006,63148.758
62933.6,62333.617,61484.66000000001,62845.777
62525.77,62046.117,61512.990000000005,62642.297
61847.89,61524.93,61195.44,62343.402
61934.62,61218.242,60380.13999999999,62074.434
61637.06,60865.125,60333.83000000001,61722.324
61608.23,60944.22,60656.969999999994,61583.082
61401.0,60998.01,60392.740000000005,61490.535
61439.07,61093.34,60608.93,61432.03
61623.66000000001,61189.64,60545.41,61356.266
61291.280000000006,61166.68,60337.81,61159.664
61446.75000000001,61282.926,60116.62,61115.01
61765.16000000001,61073.344,59791.51000000001,60917.8
61898.23999999999,61027.445,59795.11,60799.664
61568.37,60817.047,59836.439999999995,60613.38
61738.58000000001,60716.566,59551.98,60489.32
62287.12999999999,60405.543,59867.22,60295.75
62821.78,60213.684,60316.15,60166.605
62294.340000000004,59954.137,60361.69,59923.145
61484.45,59945.59,59523.54,59878.094
60597.19,59530.64,58596.97,59635.047
59575.62,58859.54,57248.74999999999,59187.41
58572.13,57853.87,55504.79,58210.395
57470.68000000001,56943.72,54460.95,57253.348
56439.87,56060.33,53312.17,56269.04
55681.05,55140.75,52283.73,55262.31
54342.36,54002.07,51544.01,54010.89
53264.89,53102.117,50550.43000000001,53003.72
52412.95999999999,52101.633,49476.75,52020.94
51833.08999999999,51104.684,48791.34,51111.89
50700.200000000004,50306.848,47718.45,50326.24
49734.1,49446.477,46521.8,49516.97
48987.77,48718.11,45718.96,48806.28
47483.7,47940.05,45210.82,48065.188
46560.17,47233.43,44140.29,47393.645
46245.34,46173.89,43723.57,46443.207
45942.77,45472.816,43336.56,45758.508
45430.18,45145.254,42534.92,45371.875
44980.49,44939.184,42033.01,45126.766
45052.13,44607.38,41265.94,44780.176
45155.91,44407.715,40908.44,44527.742
45008.48,44466.418,40728.14,44468.67
44770.38,44540.61,40196.39,44288.605
44939.25,44528.31,40158.51,43706.832
45199.54,44491.375,40067.02,43284.715
45477.09,44616.977,39859.89,43032.695
45340.72,44934.633,40024.56,42983.43
46055.6,45243.168,39967.38,42944.16
46118.91,45500.746,39602.15,42876.152
45877.61,46259.44,39560.01,43135.906
45902.17,47044.715,39742.1,43227.13
45970.45,47381.457,39673.12,43216.836
46792.22,47847.777,39670.24,43307.09
47936.7,48414.918,39969.5,43444.055
48634.83,49760.434,40418.69,43673.48
49909.74,51129.793,40446.22,44167.57
51445.87000000001,52175.918,40504.69,44365.848
54800.15,53439.453,40985.68,44685.227
57524.530000000006,55346.58,42315.65,44795.754
59400.32,57680.61,43365.68,45613.805
60412.82,59688.22,43460.06,46391.043
61714.66,60864.156,43612.06,46977.71
62506.14,61864.812,44928.51,47251.945
63196.77999999999,62356.453,45694.73,47828.7
63628.729999999996,62815.016,46777.84,48479.453
64542.8,63180.664,47520.38,49297.43
65018.490000000005,63578.37,48620.30000000001,49731.63
65333.4,63851.03,49430.520000000004,50531.746
65731.61,64145.754,50197.32,51325.85
65714.03,64258.156,50559.73999999999,52024.234
65798.76,64857.37,50734.98,52870.2
66184.95,64780.39,51100.14,53597.934
66574.38,64760.37,51938.240000000005,54213.957
66372.83,64976.824,52552.060000000005,54887.543
66272.04,65632.62,52505.310000000005,55591.414
66613.61,65492.176,52925.46,55988.562
67228.1,65276.047,53399.68,56202.99
67641.4,65421.242,53728.12999999999,56565.727
68167.23,66118.5,54341.52,57079.883
68512.21,66260.74,54563.05000000001,57344.207
68527.95,66404.81,54622.409999999996,57485.137
67612.04,66519.94,54597.47,57559.227
67255.54,66787.24,53985.2,57556.066
66842.18,66189.85,53420.81999999999,57110.418
66408.52,65651.87,53060.48,56732.887
66108.28,65232.504,52312.57000000001,56386.387
65544.41,65156.176,52010.99,56009.246
65444.56,64648.066,51426.51000000001,55502.203
64611.22,64082.363,50799.83,55060.918
64395.25,63666.47,50096.77,54747.02
64126.75,63467.93,49769.07,54381.625
63097.53999999999,62915.008,49257.01,53907.906
62711.17999999999,62572.06,48774.53999999999,53625.73
62981.920000000006,61847.28,48677.66,53111.05
62310.22,61678.035,48458.69,52811.59
61985.420000000006,61598.047,48605.79,52660.992
61484.66000000001,61200.08,48346.52,52366.72
61512.990000000005,60862.953,48181.26,52125.2
61195.44,60703.168,48469.19,52014.05
60380.13999999999,60599.17,48582.72000000001,51914.168
60333.83000000001,60474.652,48440.53999999999,51856.52
60656.969999999994,60056.066,48354.88,51572.2
60392.740000000005,59987.69,49248.83,51581.555
60608.93,60236.2,49677.80999999999,51716.54
60545.41,60187.113,49869.43,51742.633
60337.81,60228.74,49981.48,51865.043
60116.62,60043.117,50297.72,52055.188
59791.51000000001,59820.383,50092.29,52191.27
59795.11,59561.008,49943.9,52242.766
59836.439999999995,59243.312,49678.94999999999,52208.605
59551.98,58739.246,49643.78,52149.51
59867.22,58569.414,49726.57,52162.344
60316.15,58347.758,49993.37,52056.707
60361.69,58278.76,50484.61,51959.93
59523.54,58022.82,51105.26999999999,51817.74
58596.97,57883.168,50508.7,51648.87
57248.74999999999,57282.082,49635.159999999996,51196.863
55504.79,56497.77,49153.31,50570.97
54460.95,55168.656,48308.12,49720.816
53312.17,54035.523,47680.11,48790.36
52283.73,53155.59,46627.46,48021.54
51544.01,52346.83,46349.17,47310.086
50550.43000000001,51201.7,45944.15,46700.1
49476.75,50557.383,45353.52,46152.383
48791.34,49774.625,44350.16,45569.582
47718.45,48894.883,43831.18,44954.375
46521.8,47880.895,43004.37,44626.26
45718.96,46956.195,42261.96,43799.37
45210.82,45869.527,41159.33,42917.586
44140.29,45104.918,40745.6,42195.656
43723.57,44343.81,39665.03,41708.547
43336.56,43607.51,39239.89,41014.855
42534.92,43139.54,38715.05,40551.812
42033.01,42889.914,38254.69,40217.297
41265.94,42281.402,37567.03,39826.35
40908.44,41859.305,37223.62,39468.09
40728.14,41446.91,36993.5,39137.44
40196.39,41219.375,37173.02,38931.332
40158.51,41203.305,36949.28,38211.195
40067.02,40699.79,36798.64,37503.324
39859.89,40572.234,36442.45,37441.492
40024.56,40765.316,36548.58,37566.867
39967.38,40484.71,36431.88,37413.46
39602.15,40505.145,36219.49,37589.773
39560.01,40473.633,36198.61,37677.16
39742.1,40228.605,36272.74,37682.824
39673.12,39975.53,36145.81,37637.383
39670.24,40053.406,35946.46,37893.36
39969.5,40033.492,36135.67,38023.707
40418.69,40059.566,36217.12,38133.74
40446.22,40526.63,36744.62,38165.25
40504.69,41085.285,36694.15,38393.9
40985.68,41480.37,36732.51,38440.332
42315.65,41852.457,36952.97,38431.12
43365.68,43046.965,37436.18,38296.617
43460.06,44528.715,37521.61,38454.21
43612.06,45803.652,37568.68,38579.223
44928.51,46174.38,37483.4,38518.047
45694.73,46802.152,38129.73,38406.23
46777.84,47636.484,38818.8,38952.887
47520.38,48576.234,39717.3,39685.066
48620.30000000001,49399.242,40799.11,40577.812
49430.520000000004,50405.27,41557.64,40949.15
50197.32,50584.72,42264.69,41273.91
50559.73999999999,51578.844,43478.97,42532.76
50734.98,52101.4,44124.37,43367.125
51100.14,52808.406,44575.82,44115.53
51938.240000000005,52683.633,44923.45,44824.082
52552.060000000005,52792.516,45432.43,45556.246
52505.310000000005,53222.68,46082.54,46329.477
52925.46,54035.355,46073.45,47159.434
53399.68,53773.008,46664.73,47535.58
53728.12999999999,53724.375,47442.62,47941.914
54341.52,53917.98,47953.45999999999,48387.19
54563.05000000001,54446.97,48271.47,48922.13
54622.409999999996,54598.1,48326.01,49266.816
54597.47,54562.05,48588.94,49444.2
53985.2,54394.305,48873.66,49386.684
53420.81999999999,54577.684,48797.57000000001,49388.64
53060.48,54088.137,48274.84,49094.617
52312.57000000001,53479.953,48088.99,48802.34
52010.99,53052.285,47754.88,48606.51
51426.51000000001,52900.273,47409.45,48448.07
50799.83,52401.355,47156.57,48114.367
50096.77,51884.918,46448.49,47819.996
49769.07,51247.82,45566.21,47452.293
49257.01,51025.387,45318.08,47228.77
48774.53999999999,50563.508,45158.59,46869.367
48677.66,50077.133,45255.59,46553.523
48458.69,49647.203,44664.03,46317.984
48605.79,49820.258,44366.3,46310.652
48346.52,49568.305,44055.61,46030.61
48181.26,49550.37,44236.53,46011.414
48469.19,49455.97,44042.63,46028.895
48582.72000000001,49522.293,44497.02,46105.848
48440.53999999999,49676.43,44680.88,46194.652
48354.88,49839.88,45013.41,46336.348
49248.83,49884.508,45222.22,46430.055
49677.80999999999,49965.895,46041.48,46506.863
49869.43,50538.004,46396.23,46825.793
49981.48,51065.723,46690.9,47179.383
50297.72,51242.49,46905.2,47432.305
50092.29,51222.49,48290.49,47606.703
49943.9,51421.453,48537.61,47872.227
49678.94999999999,51348.656,48815.43000000001,48072.926
49643.78,51206.625,49034.66,48272.31
49726.57,50727.695,49117.06,48141.652
49993.37,50590.42,48916.15000000001,48317.668
50484.61,50647.027,49405.68,48656.574
51105.26999999999,50759.06,50104.51,49039.64
50508.7,50599.312,50767.78,49081.992
49635.159999999996,50759.844,50557.75,49390.645
49153.31,50391.28,49758.84,49448.11
48308.12,49654.93,48722.30999999999,49279.74
47680.11,48749.4,48052.74,48760.562
46627.46,48222.363,47511.77,48579.117
46349.17,47804.867,47419.35,48392.027
45944.15,47177.668,47210.52,48058.453
45353.52,46463.07,46785.98,47493.465
44350.16,46179.12,45986.98,47319.402
43831.18,45840.23,45088.19,47047.043
43004.37,45203.21,44436.96,46583.383
42261.96,44385.38,43425.53,46020.816
41159.33,43401.43,42448.69,45592.047
40745.6,42642.027,42027.23,45101.043
39665.03,41848.863,41478.53,44485.977
39239.89,40951.84,40495.14,43707.33
38715.05,40229.23,40057.0,43061.31
38254.69,39723.574,39693.1,42495.258
37567.03,39328.953,39333.99,41975.586
37223.62,38621.1,38841.18,41279.258
36993.5,38123.027,38404.3,40756.344
37173.02,37809.58,38544.2,40340.582
36949.28,37648.074,38559.1,40019.582
36798.64,37697.66,38360.09,40391.676
36442.45,37742.457,38090.67,40627.605
36548.58,37552.86,38062.03,40698.54
36431.88,37345.59,38126.08,40759.395
36219.49,37053.56,38165.2,40804.99
36198.61,37050.88,38116.11,41065.42
36272.74,36883.668,38191.04,41241.246
36145.81,36795.926,38442.99,41466.625
35946.46,36610.355,39372.92,41711.965
36135.67,36619.973,39559.71,42117.066
36217.12,36445.19,40260.53,42419.375
36744.62,36532.11,41252.44,42900.05
36694.15,36633.98,42747.7,43569.676
36732.51,37185.047,43554.21,44505.367
36952.97,37378.02,45285.22,45269.77
37436.18,37556.19,47412.47,46040.37
37521.61,38087.074,51392.67,47346.44
37568.68,38921.836,53827.53,48842.77
37483.4,39243.637,55781.58,50060.434
38129.73,39393.11,57033.4,51056.715
38818.8,39655.066,58905.24999999999,52582.312
39717.3,40329.992,59763.04,54051.375
40799.11,40957.363,60459.92,55336.59
41557.64,41701.0,61534.299999999996,56533.62
42264.69,42364.863,62422.85,58702.055
43478.97,42999.324,62312.59,60283.49
44124.37,43916.43,62755.280000000006,61252.445
44575.82,44868.152,62967.82000000001,61911.727
44923.45,45827.87,62518.89000000001,63119.96
45432.43,46257.23,62756.57,63641.934
46082.54,46611.39,62976.25,63585.438
46073.45,47056.754,63307.67,63347.945
46664.73,47795.74,63443.83,63940.656
47442.62,47901.137,63666.95,63984.008
47953.45999999999,48146.727,64177.83999999999,63778.926
48271.47,48683.32,64614.16,63697.918
48326.01,49302.36,64762.63999999999,64496.6
48588.94,49323.28,65217.76,64768.85
48873.66,49155.18,65468.340000000004,64553.676
48797.57000000001,49080.438,65599.48,64241.75
48274.84,49341.277,65521.170000000006,64678.06
48088.99,49037.914,65180.1,64606.855
47754.88,48482.645,65211.16,64046.973
47409.45,48056.996,65236.37,63425.918
47156.57,48064.79,65196.73,63527.875
46448.49,47653.01,64833.91,63313.316
45566.21,47415.87,64671.420000000006,63013.844
45318.08,46895.51,64183.02,62619.4
45158.59,46644.1,63943.56,62500.23
45255.59,46258.754,64225.12000000001,62241.047
44664.03,46134.09,63867.19999999999,62057.406
44366.3,46129.816,63500.54,62075.617
44055.61,46188.77,63465.73,62233.58
44236.53,45944.902,63175.3,62119.395
44042.63,45843.477,63129.39000000001,61966.543
44497.02,45909.805,62775.61,61954.44
44680.88,46170.08,62533.53,62023.684
45013.41,46403.87,62029.0,62092.3
45222.22,46667.99,61729.91,62179.01
46041.48,46952.06,61602.490000000005,62348.355
46396.23,47361.777,61711.4,62343.434
46690.9,47895.87,61595.829999999994,62512.895
46905.2,48313.336,61576.13999999999,62819.113
48290.49,48589.39,61547.380000000005,63036.844
48537.61,48761.617,61509.340000000004,62691.19
48815.43000000001,49541.637,61338.16999999999,62943.4
49034.66,49823.043,61509.04,63249.33
49117.06,49994.973,61725.23,63343.65
48916.15000000001,49964.71,61718.74,62885.363
49405.68,50022.812,61704.73,62659.555
50104.51,49895.355,62180.8,62470.74
50767.78,50249.03,62440.24,62415.26
50557.75,50570.973,61770.19,61951.055
49758.84,51072.74,60743.26,61842.02
48722.30999999999,51058.254,59977.9,61666.438
48052.74,50700.605,59125.70999999999,61090.484
47511.77,49789.305,57917.73,59591.113
47419.35,49194.355,57013.55,58492.82
47210.52,48604.0,55827.43,57605.684
46785.98,48245.742,54806.80999999999,56908.54
45986.98,47624.695,53355.49999999999,55719.2
45088.19,47028.645,52373.66,54870.33
44436.96,46268.223,51402.64,54012.773
43425.53,45455.008,50399.86000000001,53130.258
42448.69,44893.56,49198.82000000001,52015.95
42027.23,43748.99,48213.03,51023.22
41478.53,42869.8,47418.92,50137.395
40495.14,42225.832,46782.2,49419.52
40057.0,41624.04,46300.71,48529.28
39693.1,40735.777,45961.26,47722.785
39333.99,40326.457,45525.44,47169.832
38841.18,40040.3,45084.47,46713.586
38404.3,39724.543,44561.67,46106.56
38544.2,39247.816,44254.27,45502.465
38559.1,38956.707,43703.48,45000.082
38360.09,38978.867,43400.68,44750.867
38090.67,39398.754,42998.09,44236.113
38062.03,39110.35,42743.08,44042.68
38126.08,39102.113,42654.07,43976.16
38165.2,39011.49,42768.8,43876.32
38116.11,39077.242,42637.93,43920.453
38191.04,39095.19,42850.73,43976.11
38442.99,39161.332,42924.43,44077.85
39372.92,39448.434,43292.87,44308.28
39559.71,40167.824,43343.53,44723.113
40260.53,41363.574,43436.47,45522.926
41252.44,42564.074,44036.61,46312.418
42747.7,43950.043,44686.54,47192.555
43554.21,45910.465,46076.77,48259.164
45285.22,47712.54,46629.42,49413.25
47412.47,48888.836,48301.33999999999,50249.207
51392.67,50264.887,50064.82,51194.426
53827.53,52354.41,54041.93,52518.375
55781.58,54933.098,56348.82000000001,54419.523
57033.4,56650.992,58145.69999999999,56057.96
58905.24999999999,57675.688,59159.22,57407.223
59763.04,58837.332,61044.240000000005,58886.15
60459.92,59763.516,61822.41,60258.94
61534.299999999996,60439.594,62235.55999999999,61374.098
62422.85,60957.043,62922.08,62233.047
62312.59,61492.5,63572.05,63187.434
62755.280000000006,61963.867,64256.75000000001,63858.027
62967.82000000001,62089.637,64563.41,64146.664
62518.89000000001,62266.965,64352.57,64235.207
62756.57,62893.547,64045.9,64644.875
62976.25,62825.297,64108.49999999999,64504.926
63307.67,62918.664,64344.08999999999,64297.223
63443.83,63154.777,64589.38,64203.54
63666.95,63770.816,64466.29,64578.695
64177.83999999999,63958.24,65028.48,64737.04
64614.16,64062.367,65250.76,64781.555
64762.63999999999,64292.094,66144.12,64930.08
65217.76,64854.266,66371.42,65447.098
65468.340000000004,64900.586,67301.65,65616.58
65599.48,64934.15,67638.45,65674.48
65521.170000000006,64966.84,67939.43,65718.56
65180.1,65143.176,66251.56,65966.51
65211.16,64932.098,65927.33,65899.875
65236.37,64488.715,66157.46,65570.73
65196.73,64239.695,65825.75,65334.83
64833.91,64397.08,66215.23,65423.324
64671.420000000006,64271.383,65496.75000000001,65328.746
64183.02,63923.742,64907.70999999999,65033.32
63943.56,63543.84,64376.94000000001,64758.53
64225.12000000001,63422.227,64316.36,64663.008
63867.19999999999,63016.58,63867.06999999999,64423.13
63500.54,62863.03,63854.33000000001,64314.09
63465.73,62510.676,63521.69000000001,64177.008
63175.3,62331.89,63930.37,64093.87
63129.39000000001,62016.17,63080.05,63969.023
62775.61,61763.332,62972.14,63836.164
62533.53,61563.465,62682.17,63744.676
62029.0,61519.02,62736.05999999999,63678.598
61729.91,61296.824,62300.46,63520.86
61602.490000000005,61102.766,61596.79,63337.984
61711.4,61017.535,61604.659999999996,63185.633
61595.829999999994,61110.332,61895.34,63052.984
61576.13999999999,61267.066,61722.55000000001,63049.637
61547.380000000005,61442.062,61771.8,63076.535
61509.340000000004,61530.68,61496.54,63119.582
61338.16999999999,61395.668,61360.23000000001,62992.516
61509.04,61302.594,61403.03,62974.12
61725.23,61072.01,61702.65,62913.73
61718.74,60935.15,61385.99,62914.074
61704.73,60582.95,61892.67,62686.004
62180.8,60357.305,62080.55,62580.52
62440.24,60113.746,62805.04,62498.457
61770.19,60112.35,63448.18,62573.758
60743.26,59779.25,63790.299999999996,62288.957
59977.9,59273.58,62772.52,61911.73
59125.70999999999,58464.434,61703.96,61325.69
57917.73,57724.875,60895.57,60699.152
57013.55,56765.145,59261.58000000001,59574.742
55827.43,55835.54,58216.22,58569.195
54806.80999999999,54973.89,57236.26999999999,57608.688
53355.49999999999,54083.137,55805.2,56657.492
52373.66,52968.75,54395.65000000001,55352.184
51402.64,51848.56,53053.19,54215.26
50399.86000000001,50864.535,52024.35,53234.35
49198.82000000001,49992.184,51079.92999999999,52396.727
48213.03,49281.11,49425.17,51488.7
47418.92,48066.94,48368.06,50402.87
46782.2,47221.707,47473.77,49533.33
46300.71,46472.836,46903.52,48765.34
45961.26,45797.21,45569.67,48020.207
45525.44,45252.434,45016.89,47405.08
45084.47,45034.477,44535.46,47006.023
44561.67,44821.68,44335.78,46641.707
44254.27,44538.92,43679.53,46268.137
43703.48,44152.35,43274.67,45878.5
43400.68,44029.17,42855.35,45642.19
42998.09,43798.684,42664.06,45401.426
42743.08,43620.285,42463.94,45068.56
42654.07,43192.492,42176.61,44788.17
42768.8,42915.46,42007.52,44645.797
42637.93,42807.297,41970.69,44630.016
42850.73,42804.547,42293.88,44718.21
42924.43,42748.246,42448.84,44855.53
43292.87,42976.547,42307.95,45169.85
43343.53,43387.547,42484.37,45552.62
43436.47,44176.08,43121.22,46073.55
44036.61,44888.137,43326.57,46681.0
44686.54,45736.16,43652.48,47277.965
46076.77,46896.59,44060.18,48029.406
46629.42,48448.793,45820.12,48875.55
48301.33999999999,50045.78,46679.46,49973.645
50064.82,51191.63,48085.83,50776.76
54041.93,52591.55,49989.4,51719.85
56348.82000000001,54587.64,54264.45,52888.79
58145.69999999999,57121.992,56927.74,54800.31
59159.22,58847.023,58747.14,56547.547
61044.240000000005,59859.668,60218.34999999999,57967.31
61822.41,60819.418,61444.31,59361.727
62235.55999999999,61758.254,62184.49,60769.258
62922.08,62435.188,62544.03,61912.21
63572.05,62825.992,63448.8,62738.516
64256.75000000001,63075.227,63722.66000000001,63628.35
64563.41,63475.582,64308.65000000001,64299.375
64352.57,63881.152,64410.03,64855.223
64045.9,64141.035,64387.49999999999,65106.12
64108.49999999999,64471.61,63376.88,65437.95
64344.08999999999,64457.387,63601.86,65424.426
64589.38,64457.688,63932.32,65228.27
64466.29,64636.566,64627.37,65108.375
65028.48,65204.2,64096.95,65439.973
65250.76,65268.29,64201.99999999999,65526.734
66144.12,65436.062,64258.48999999999,65599.93
66371.42,65622.77,64867.130000000005,65713.305
67301.65,66315.26,65067.81,66278.16
67638.45,66510.36,64978.42,66510.06
67939.43,66772.42,65478.0,66711.35
66251.56,66914.68,65409.38,66852.17
65927.33,67239.18,64609.65000000001,67172.79
66157.46,66382.85,64575.55,66667.62
65825.75,65614.125,64149.93,66067.48
66215.23,65389.105,63891.43,65809.94
65496.75000000001,65455.074,64147.01,65790.71
64907.70999999999,65381.32,63951.76999999999,65682.43
64376.94000000001,64959.246,64151.63,65325.523
64316.36,64362.066,63731.060000000005,64896.746
63867.06999999999,64176.78,63417.42,64686.17
63854.33000000001,63803.113,63174.39,64391.55
63521.69000000001,63363.336,62515.28,64090.96
63930.37,63072.53,62095.08,63901.473
63080.05,63049.582,61881.35,63815.477
62972.14,62959.5,61625.54,63701.406
62682.17,62537.133,61147.74,63421.336
62736.05999999999,62215.203,60445.58999999999,63180.98
62300.46,62260.977,60850.0,63044.457
61596.79,62149.367,60631.57,62852.68
61604.659999999996,62054.305,60105.29,62645.273
61895.34,61742.12,59955.91,62300.703
61722.55000000001,61847.793,60767.200000000004,62020.016
61771.8,62100.37,61160.04,61895.97
61496.54,62278.28,60962.82,61795.68
61360.23000000001,62392.223,60958.39,61719.96
61403.03,62203.715,60883.49999999999,61461.297
61702.65,62058.14,60537.19,61295.863
61385.99,62003.64,60620.12,61217.023
61892.67,62036.95,60776.21,61266.812
62080.55,61486.8,60515.34999999999,60966.047
62805.04,61399.91,60583.59,60931.33
63448.18,61338.676,61727.66,60964.406
63790.299999999996,61396.23,62364.100000000006,61138.25
62772.52,61158.75,61875.14,61048.633
61703.96,61011.465,60961.98,61094.453
60895.57,60347.85,59978.81,60831.043
59261.58000000001,59478.49,58805.36,60317.094
58216.22,58405.758,57612.40000000001,59351.676
57236.26999999999,57345.66,56094.93,58386.25
55805.2,56376.516,55055.35,57468.055
54395.65000000001,55543.46,54205.73,56630.95
53053.19,54286.734,53180.23,55419.918
52024.35,53144.68,52073.26,54334.375
51079.92999999999,52038.543,50857.619999999995,53324.363
49425.17,51061.668,49932.44,52434.08
48368.06,50390.957,49442.73,51582.824
47473.77,48945.473,48834.94,50320.305
46903.52,47937.504,47960.74,49327.418
45569.67,47090.52,47119.14,48450.35
45016.89,46354.26,45801.76,47633.777
44535.46,45422.465,45556.34,46698.266
44335.78,44839.375,45096.56,46014.3
43679.53,44480.973,44511.35,45493.008
43274.67,44145.133,43445.37,45094.926
42855.35,43769.953,42954.87,44687.594
42664.06,43513.125,42755.61,44424.883
42463.94,43298.367,42510.93,44247.645
42176.61,42744.723,42286.04,43797.836
42007.52,42767.38,42064.39,43714.043
41970.69,42507.035,42391.8,43566.938
42293.88,42395.105,42215.19,43539.2
42448.84,42285.523,42882.56,43547.023
42307.95,42447.496,42961.09,43823.12
42484.37,42747.15,42981.88,44184.77
43121.22,42977.43,43028.36,44502.51
43326.57,43505.516,43332.59,44913.3
43652.48,44457.56,43507.45,45702.008
44060.18,45446.64,43848.12,46482.207
45820.12,46454.82,44918.92,47235.293
46679.46,47583.344,46409.42,47867.52
48085.83,49301.76,47678.76,49083.223
49989.4,50660.027,48591.12,50085.918
54264.45,52043.953,50159.34,51116.07
56927.74,54029.234,54329.56999999999,52347.72
58747.14,56885.773,56947.159999999996,54544.4
60218.34999999999,58808.715,58745.76999999999,56606.383
61444.31,59859.387,59908.94,58306.59
62184.49,60940.016,60224.36,60047.61
62544.03,61711.004,60729.86,61542.297
63448.8,62205.375,61293.62,62692.586
63722.66000000001,62635.58,62032.8,63539.42
64308.65000000001,62967.992,63091.76,64428.605
64410.03,63196.043,63484.47000000001,64768.895
64387.49999999999,63484.367,63574.44999999999,64934.016
63376.88,63588.586,63675.1,64828.16
63601.86,63882.035,62700.30999999999,64940.63
63932.32,63652.273,63413.96,64622.48
64627.37,63636.1,63939.09,64279.895
64096.95,63937.066,63922.75000000001,64199.332
64201.99999999999,64728.547,63542.18,64724.27
64258.48999999999,64753.414,63812.49,64826.07
64867.130000000005,64660.016,64149.69,64733.73
65067.81,64672.684,64788.39,64709.773
64978.42,65199.81,65798.87,65199.348
65478.0,65251.97,66308.96,65401.777
65409.38,65085.832,66715.11,65350.49
64609.65000000001,65073.016,67095.55,65357.41
64575.55,65226.258,65888.33,65581.055
64149.93,64617.293,65891.56,65264.906
63891.43,64159.797,65529.72,64891.703
64147.01,63742.273,65359.149999999994,64515.12
63951.76999999999,63695.668,64700.18000000001,64423.527
64151.63,63591.75,64565.64,64334.66
63731.060000000005,63350.348,64096.48,64173.457
63417.42,63198.074,63331.56,64102.93
63174.39,63209.977,63159.24,64173.05
62515.28,62816.496,63264.719999999994,64032.41
62095.08,62416.195,62995.41,63807.64
61881.35,61842.906,62648.59,63502.492
61625.54,61582.87,62885.36,63312.14
61147.74,61140.934,62364.5,63071.805
60445.58999999999,60828.22,61741.08,62884.78
60850.0,60382.76,61134.35,62640.684
60631.57,60042.82,60914.17,62350.33
60105.29,60007.285,60677.07,62205.617
59955.91,59997.695,60306.78,62068.094
60767.200000000004,59835.113,60124.62,61815.97
61160.04,59910.316,60149.9,61533.992
60962.82,60572.043,59623.2,61660.44
60958.39,61172.016,59597.31999999999,61847.582
60883.49999999999,61298.72,59813.48,61887.94
60537.19,61259.89,59718.7,61709.75
60620.12,61259.9,59533.64,61639.52
60776.21,61016.176,59708.34,61498.06
60515.34999999999,60882.5,60177.69,61454.973
60583.59,60551.984,60791.11,61209.01
61727.66,60220.586,60975.59,61008.18
62364.100000000006,59985.312,61768.01,60894.03
61875.14,60222.8,62593.25000000001,61125.445
60961.98,60093.94,62487.11,61009.734
59978.81,59647.137,61652.41000000001,60810.01
58805.36,58898.016,60390.69,60397.016
57612.40000000001,58085.473,59320.22,59854.883
56094.93,56957.41,57856.479999999996,58742.293
55055.35,55959.54,56821.3,57723.61
54205.73,54865.734,55843.21,56607.875
53180.23,53866.934,54810.08,55531.5
52073.26,52768.93,54280.509999999995,54217.395
50857.619999999995,51818.848,53366.43,53146.543
49932.44,50849.77,52252.20999999999,52157.184
49442.73,49820.36,51295.63,51171.797
48834.94,49009.297,50100.18,50233.84
47960.74,48181.78,49233.62,49340.1
47119.14,47676.812,48558.04,48717.414
45801.76,47038.85,47828.04,48015.484
45556.34,46304.22,46520.54,47265.266
45096.56,45321.7,45950.47,46290.63
44511.35,44940.64,45424.82,45746.066
43445.37,44676.17,45149.29,45336.324
42954.87,44285.977,45131.84,44902.203
42755.61,43592.414,44964.38,44247.996
42510.93,43222.246,44712.21,43859.945
42286.04,43100.36,44404.25,43693.207
42064.39,42538.145,43991.93,43564.734
42391.8,42594.0,44192.91,43485.11
42215.19,42367.438,44190.46,43269.5
42882.56,42574.086,44280.41,43409.344
42961.09,42576.43,44402.64,43408.33
42981.88,42968.69,44512.22,43771.17
43028.36,43308.164,44652.07,44104.34
43332.59,43628.38,44857.64,44440.516
43507.45,44089.98,45347.95,44734.742
43848.12,44693.32,45778.38,45245.473
44918.92,45387.504,46112.29,45798.168
46409.42,46226.082,46661.49,46392.07
47678.76,47784.77,47940.85999999999,47144.723
48591.12,49478.617,48824.24,48269.13
50159.34,51002.555,50049.1,49293.21
54329.56999999999,52131.53,51670.62,50072.246
56947.159999999996,53812.547,54541.96,50893.797
58745.76999999999,56606.223,56612.79,52796.586
59908.94,58600.85,58531.55,54652.234
60224.36,59700.027,59601.670000000006,56240.074
60729.86,60744.137,59748.329999999994,57790.902
61293.62,60958.348,60546.05,58935.68
62032.8,61119.785,61144.95,59918.07
63091.76,61478.773,61845.91,60811.46
63484.47000000001,61803.84,62757.130000000005,61732.83
63574.44999999999,62254.195,63245.24999999999,62154.32
63675.1,62578.188,63504.16000000001,62431.793
62700.30999999999,62625.59,63506.26,62420.598
63413.96,62983.824,62819.23999999999,62704.695
63939.09,62783.36,63074.76999999999,62632.06
63922.75000000001,62979.266,63424.64,62616.125
63542.18,63483.363,63843.29,62810.457
63812.49,64014.957,63875.58,63262.27
64149.69,64048.773,64189.54,63495.156
64788.39,64119.3,64138.1,63612.37
65798.87,64372.266,64805.08,63841.543
66308.96,65049.867,65700.57,64530.105
66715.11,65628.88,66068.01,65209.68
67095.55,65893.76,65887.45,65562.35
65888.33,66007.65,66025.16,65762.82
65891.56,66326.07,64786.5,66156.21
65529.72,65739.98,64100.17,65862.52
65359.149999999994,65138.07,63759.590000000004,65360.81
64700.18000000001,64670.816,63352.78,64859.203
64565.64,64596.64,62968.049999999996,64703.934
64096.48,64151.324,62072.76,64297.285
63331.56,63701.145,61358.649999999994,63835.434
63159.24,63215.266,60945.240000000005,63370.195
63264.719999999994,62825.742,60366.97,63062.402
62995.41,62449.992,60081.649999999994,62768.266
62648.59,62182.8,59605.100000000006,62549.824
62885.36,61856.465,59251.67,62314.45
62364.5,61677.098,58620.59,62213.727
61741.08,61567.16,58612.07,62180.78
61134.35,61201.46,57657.95,61962.02
60914.17,60638.86,57045.94999999999,61578.527
60677.07,60274.188,57344.420000000006,61282.69
60306.78,59981.945,57285.74999999999,61021.977
60124.62,59824.785,57167.51999999999,60764.16
60149.9,59719.547,57484.8,60475.797
59623.2,59764.434,58265.86000000001,60256.594
59597.31999999999,59960.37,58187.399999999994,60173.277
59813.48,59878.707,58267.0,59953.586
59718.7,59942.445,58186.83999999999,59788.17
59533.64,60028.297,58211.23999999999,59674.586
59708.34,60008.145,57967.740000000005,59573.08
60177.69,59884.85,57933.29,59394.723
60791.11,59862.566,58038.26,59249.258
60975.59,59806.395,58413.75,59131.152
61768.01,59949.89,58419.68,59116.66
62593.25000000001,59962.285,59230.02,59124.547
62487.11,60083.125,59776.76,59314.836
61652.41000000001,59947.477,59270.11,59409.266
60390.69,59639.164,58210.52,59392.95
59320.22,58991.516,57088.72,59123.74
57856.479999999996,58079.66,56438.16000000001,58578.707
56821.3,56947.457,55301.63,57503.316
55843.21,55811.53,54461.71,56320.633
54810.08,54855.363,53345.79,55193.324
54280.509999999995,54001.242,52390.95,54141.707
53366.43,52940.12,51707.240000000005,52933.637
52252.20999999999,52158.113,51060.95,51977.15
51295.63,51430.984,50045.11,51167.465
50100.18,50558.59,48956.93,50346.844
49233.62,49801.645,47948.83,49595.855
48558.04,48637.973,46979.84,48454.83
47828.04,47902.305,46469.28,47681.85
46520.54,47257.582,46082.06,47020.445
45950.47,46627.22,44711.94,46446.586
45424.82,45607.516,43999.1,45525.914
45149.29,45102.574,43258.22,44991.81
45131.84,44721.11,42705.56,44578.234
44964.38,44518.723,42402.71,44380.117
44712.21,44409.72,41798.01,44208.508
44404.25,44512.11,41242.55,44205.473
43991.93,44521.652,41158.96,44166.76
44192.91,44367.195,40930.46,43973.805
44190.46,44041.934,40690.57,43245.242
44280.41,44095.008,40472.01,42881.777
44402.64,44144.402,40555.28,42574.34
44512.22,44333.75,40678.98,42393.832
44652.07,44467.67,40537.31,42222.61
44857.64,44719.285,40716.97,42180.605
45347.95,45076.504,40652.28,42219.83
45778.38,45629.78,40827.8,42277.285
46112.29,46293.168,40837.51,42559.727
46661.49,47132.51,41032.05,42924.54
47940.85999999999,47975.375,41217.94,43235.305
48824.24,49139.082,41776.99,43403.375
50049.1,50455.902,41672.2,43919.6
51670.62,51682.254,41817.22,44334.25
54541.96,52968.406,42090.91,44686.04
56612.79,54979.35,43255.98,44743.395
58531.55,56997.855,43807.24,45392.46
59601.670000000006,58545.457,44222.01,46047.14
59748.329999999994,59683.98,44509.28,46714.785
60546.05,60766.617,45705.91,47208.152
61144.95,60703.6,46234.91,47602.164
61845.91,60931.723,47352.24,48254.6
62757.130000000005,61352.21,48481.659999999996,49094.668
63245.24999999999,61878.855,49493.71,49520.418
63504.16000000001,62153.164,50110.86,50024.69
63506.26,62493.727,50476.64000000001,50770.688
62819.23999999999,62592.25,51396.67,51435.246
63074.76999999999,62922.836,51111.98000000001,52131.844
63424.64,62585.684,51560.88,52693.098
63843.29,62564.516,52206.21,53302.875
63875.58,62804.195,52869.329999999994,54027.598
64189.54,63306.176,53133.39,54730.23
64138.1,63465.008,53593.14000000001,55402.8
64805.08,63478.906,53571.81,55836.56
65700.57,63522.312,54114.36000000001,56147.535
66068.01,64141.734,54059.87,56596.812
65887.45,64661.1,54315.77,57106.637
66025.16,64797.273,54467.520000000004,57304.105
64786.5,64645.473,54636.15000000001,57211.97
64100.17,64741.227,53771.61,57198.38
63759.590000000004,64142.08,53468.61,56823.07
63352.78,63310.85,53227.170000000006,56239.58
62968.049999999996,62793.9,52734.920000000006,55767.95
62072.76,62673.637,52584.71000000001,55384.074
61358.649999999994,62177.285,52291.13,54906.926
60945.240000000005,61412.8,51924.05,54337.188
60366.97,60625.887,51431.48,53758.87
60081.649999999994,60455.63,50667.079999999994,53423.387
59605.100000000006,59947.18,50513.81,52993.74
59251.67,59453.76,50333.28,52631.363
58620.59,59017.047,49739.94,52294.234
58612.07,58920.96,49837.27,52020.39
57657.95,58352.77,49606.71,51539.8
57045.94999999999,58128.01,49235.65,51333.89
57344.420000000006,57529.492,49028.71,50949.703
57285.74999999999,57162.2,48666.950000000004,50660.918
57167.51999999999,57296.72,48558.51,50607.81
57484.8,57372.04,48594.22,50569.73
58265.86000000001,57415.066,48575.38,50501.684
58187.399999999994,57731.656,49272.41,50672.008
58267.0,58346.902,49751.83,51022.637
58186.83999999999,58520.316,49933.64000000001,51168.29
58211.23999999999,58534.336,50256.189999999995,51254.89
57967.740000000005,58314.953,50603.86,51373.332
57933.29,58294.08,50651.56,51515.805
58038.26,58130.387,50732.27,51542.27
58413.75,57944.613,50903.42,51536.582
58419.68,57650.316,50997.77999999999,51537.26
59230.02,57671.594,51177.57,51625.016
59776.76,57669.76,51911.33,51653.816
59270.11,57850.5,52192.86,51744.53
58210.52,57626.867,52283.99,51700.777
57088.72,57146.99,51404.92,51414.36
56438.16000000001,56332.71,50476.409999999996,50881.438
55301.63,55422.58,49824.69999999999,50180.184
54461.71,54376.703,48856.16,49499.39
53345.79,53655.375,48247.74,48814.055
52390.95,52994.61,47548.53,48168.02
51707.240000000005,52232.258,46938.3,47489.777
51060.95,51155.27,46321.38,46903.438
50045.11,50558.895,45671.37,46340.93
48956.93,49996.74,44766.41,45838.95
47948.83,49233.906,44278.63,45240.21
46979.84,48111.703,42914.09,44830.38
46469.28,47139.043,42279.35,43965.58
46082.06,46201.35,41691.81,43168.254
44711.94,45615.01,41265.22,42578.16
43999.1,44988.16,40223.32,42175.957
43258.22,44166.773,39625.69,41394.266
42705.56,43503.89,39075.05,40809.688
42402.71,43017.938,38870.75,40336.094
41798.01,42440.246,38168.73,39972.605
41242.55,42165.375,37736.24,39693.47
41158.96,41876.91,37308.38,39428.156
40930.46,41573.203,37086.02,39169.984
40690.57,41643.168,36528.28,38523.074
40472.01,41262.816,36283.43,37912.316
40555.28,41097.61,36126.5,37801.6
40678.98,41162.152,36021.08,37873.46
40537.31,41041.367,36104.76,37804.008
40716.97,41177.418,36093.64,37976.29
40652.28,41102.65,36146.56,38013.945
40827.8,41144.086,35963.81,38169.49
40837.51,41081.203,36477.82,38141.137
41032.05,41164.67,36587.0,38337.62
41217.94,41155.652,36575.08,38470.582
41776.99,41317.387,36748.23,38662.36
41672.2,41717.47,36926.92,38647.438
41817.22,42328.168,36913.67,38881.63
42090.91,42617.414,37007.96,38862.285
43255.98,42952.12,37043.72,38852.137
43807.24,44090.918,37558.15,38647.008
44222.01,45327.863,37837.39,38685.023
44509.28,46206.12,37902.05,38661.203
45705.91,46665.62,38230.89,38696.06
46234.91,47411.137,38824.11,38674.816
47352.24,48195.547,39632.5,39189.87
48481.659999999996,48977.332,40534.33,39819.82
49493.71,49833.27,41470.55,40658.695
50110.86,51135.58,41956.07,41072.09
50476.64000000001,51302.95,42772.54,41354.945
51396.67,52095.54,43484.1,42539.223
51111.98000000001,52328.906,44179.98,43341.992
51560.88,53262.496,45116.27,44299.39
52206.21,53057.004,45438.76,45052.29
52869.329999999994,53087.49,46359.07,45850.69
53133.39,53463.527,46883.06,46669.71
53593.14000000001,54118.535,47281.03,47498.945
53571.81,54197.29,47680.15,48214.754
54114.36000000001,54172.64,48422.8,48723.82
54059.87,54095.168,48803.1,49043.523
54315.77,54635.875,48648.24,49573.51
54467.520000000004,54527.062,49233.42,49706.31
54636.15000000001,54348.83,49482.649999999994,49727.62
53771.61,54311.336,49442.93,49761.324
53468.61,54533.758,48978.149999999994,49866.48
53227.170000000006,53981.56,48566.62,49678.508
52734.920000000006,53394.25,48516.03,49444.348
52584.71000000001,53089.87,47826.93,49274.992
52291.13,53043.457,47678.16,49057.195
51924.05,52722.855,47402.42,48656.062
51431.48,52371.086,46932.23,48262.902
50667.079999999994,51967.918,46089.52,47851.574
50513.81,51888.7,45658.88,47581.742
50333.28,51265.254,45584.62,47082.496
49739.94,50880.17,45670.39,46827.33
49837.27,50718.727,44953.36,46706.973
49606.71,50576.625,44756.99,46558.242
49235.65,50419.105,44564.64,46378.08
49028.71,50259.082,44402.23,46282.66
48666.950000000004,49967.785,44019.54,46171.08
48558.51,50047.434,44211.77,46239.184
48594.22,49862.992,44208.03,46092.73
48575.38,49786.496,44233.85,46103.453
49272.41,49945.453,44376.42,46254.91
49751.83,50198.734,45970.77,46441.62
49933.64000000001,50701.395,46377.82,46680.14
50256.189999999995,51220.746,46865.29,47000.29
50603.86,51457.95,47519.63,47267.016
50651.56,51547.008,47986.08,47477.51
50732.27,51820.277,48480.6,47825.145
50903.42,51905.92,48875.99,48141.938
50997.77999999999,51907.598,49158.27999999999,48430.957
51177.57,51673.934,48983.51000000001,48461.746
51911.33,51695.383,49561.51,48699.312
52192.86,51793.617,50467.42,49041.254
52283.99,52098.29,50906.96,49465.63
51404.92,51739.035,51255.77,49383.01
50476.409999999996,51564.035,50391.21,49500.61
49824.69999999999,50961.95,49649.25000000001,49386.54
48856.16,50215.11,48923.53,49131.953
48247.74,49245.8,48163.64,48563.715
47548.53,48663.055,47354.97,48281.535
46938.3,48263.137,47293.75,48053.355
46321.38,47848.387,47351.87,47756.848
45671.37,47023.312,47248.49,47175.043
44766.41,46588.664,46323.27,46887.598
44278.63,46156.88,45810.88,46557.07
42914.09,45508.574,44909.11,46086.56
42279.35,44662.277,44057.05,45616.977
41691.81,43445.316,42938.4,45027.16
41265.22,42586.89,42249.12,44513.4
40223.32,42052.973,41736.83,44093.91
39625.69,41250.453,40952.13,43481.06
39075.05,40534.184,40460.25,42854.16
38870.75,39968.27,40300.66,42278.04
38168.73,39569.613,40064.6,41788.676
37736.24,39061.914,39910.92,41256.766
37308.38,38658.86,39565.29,40793.11
37086.02,38323.1,39527.61,40388.785
36528.28,38064.137,39450.18,40033.52
36283.43,37853.082,39322.21,40108.99
36126.5,37707.668,39233.31,40283.85
36021.08,37448.395,39401.91,40329.24
36104.76,37331.84,39470.6,40449.176
36093.64,37026.65,39724.14,40466.953
36146.56,37069.332,40011.89,40764.47
35963.81,37042.453,40192.65,41023.094
36477.82,37036.426,40340.89,41313.195
36587.0,36757.53,40719.79,41503.14
36575.08,37019.645,41138.65,42089.043
36748.23,37157.234,41765.12,42609.66
36926.92,37158.332,42208.4,43090.41
36913.67,37242.535,43657.04,43774.312
37007.96,37574.434,44523.53,44632.086
37043.72,37658.992,45922.97,45391.035
37558.15,37859.09,48035.259999999995,46268.16
37837.39,38291.074,52149.66999999999,47615.152
37902.05,39063.414,54878.52999999999,49154.88
38230.89,39521.305,56939.14000000001,50575.113
38824.11,39768.777,58656.02,51862.875
39632.5,40299.96,60793.91,53731.43
40534.33,41062.652,61371.270000000004,55550.645
41470.55,41792.625,62199.3,57153.066
41956.07,42623.15,62704.33,58678.918
42772.54,43268.957,63980.95,60991.19
43484.1,43776.676,64383.78,62479.39
44179.98,44697.664,64774.899999999994,63182.914
45116.27,45341.297,64981.88,63273.465
45438.76,46151.89,64469.57,63857.76
46359.07,46902.188,64684.79,64080.36
46883.06,47267.44,65470.78,63859.19
47281.03,47912.184,65617.95,63703.11
47680.15,48649.15,66249.49,64460.777
48422.8,49013.34,66924.66,64784.066
48803.1,49197.742,67246.14,64712.473
48648.24,49646.58,67511.54,64762.203
49233.42,50121.707,67551.29,65658.32
49482.649999999994,49949.934,67728.32,65889.63
49442.93,49993.773,67680.85,65802.92
48978.149999999994,50002.6,67605.47,65689.15
48566.62,49960.195,67270.31,66038.516
48516.03,49504.836,66826.64,65707.41
47826.93,48932.074,66877.21,65009.016
47678.16,48593.027,66701.67,64429.32
47402.42,48374.547,66935.61,64464.652
46932.23,48057.137,66786.85,64190.418
46089.52,47784.76,66608.09,63924.023
45658.88,47366.453,66013.54,63670.3
45584.62,47097.984,65695.32,63654.266
45670.39,46684.555,65584.09,63430.22
44953.36,46549.85,65414.57,63289.83
44756.99,46495.543,65302.06,63332.773
44564.64,46448.83,65181.200000000004,63449.246
44402.23,46235.195,64635.219999999994,63370.883
44019.54,46197.832,64498.29000000001,63241.89
44211.77,46101.453,64287.57000000001,63156.293
44208.03,46167.516,63751.53,63008.78
44233.85,46228.164,63264.259999999995,62840.863
44376.42,46367.688,62954.02,62814.387
45970.77,46508.473,62920.30999999999,62858.785
46377.82,46931.562,63554.97,62780.723
46865.29,47942.703,63173.67,63203.555
47519.63,48511.98,63354.780000000006,63725.766
47986.08,48943.07,63453.76000000001,64013.605
48480.6,49461.684,63105.61,63836.324
48875.99,49719.234,62943.62,63842.92
49158.27999999999,49970.223,63079.14,63914.15
48983.51000000001,50264.137,63448.21,63994.08
49561.51,50260.406,63547.94000000001,63496.785
50467.42,50194.12,63776.43000000001,63122.51
50906.96,50473.992,64787.25,63064.637
51255.77,51154.62,64906.25,63217.637
50391.21,51302.13,63917.840000000004,62648.855
49649.25000000001,51565.184,62263.22,62310.676
48923.53,51165.336,61323.82000000001,61785.176
48163.64,50703.953,60348.18,61044.344
47354.97,49959.59,59075.28999999999,59606.727
47293.75,49328.438,58033.98999999999,58535.73
47351.87,48595.984,56771.32,57524.617
47248.49,48156.375,55662.07,56712.863
46323.27,47632.2,54615.44999999999,55600.477
45810.88,47204.23,53640.19,54916.215
44909.11,46449.23,52303.530000000006,54111.13
44057.05,45793.656,51304.76,53323.605
42938.4,45224.684,50236.42,52231.297
42249.12,44091.668,49443.67,51277.168
41736.83,43216.754,48355.71,50414.516
40952.13,42438.082,47992.66,49615.76
40460.25,41810.863,46932.73,48710.496
40300.66,41029.375,46457.83,48000.043
40064.6,40652.02,46497.95,47491.746
39910.92,40463.773,45631.08,47130.277
39565.29,40312.414,45287.7,46663.766
39527.61,40075.61,45020.83,46243.133
39450.18,39968.54,44660.94,45864.938
39322.21,39966.15,44195.28,45588.35
39233.31,40345.652,43769.6,44974.914
39401.91,39977.6,43969.26,44679.094
39470.6,40102.582,44035.33,44644.22
39724.14,40160.477,44063.02,44624.742
40011.89,40349.48,44228.46,44759.78
40192.65,40517.48,44338.81,44920.46
40340.89,40930.676,44375.03,45243.246
40719.79,41461.566,44513.56,45642.508
41138.65,42281.72,44825.34,46121.816
41765.12,43155.598,45326.13,46733.188
42208.4,44320.82,45643.83,47496.26
43657.04,45694.77,46288.41,48351.918
44523.53,47176.176,47673.94,49161.477
45922.97,48700.348,48823.39,50130.56
48035.259999999995,49907.633,50229.21,50928.934
52149.66999999999,51096.51,51596.07,51735.848
54878.52999999999,53113.496,54772.63,52962.473
56939.14000000001,55784.965,57114.67999999999,54866.484
58656.02,57709.527,59102.5,56599.566
60793.91,58874.902,60452.12,58026.105
61371.270000000004,60264.867,61691.37000000001,59628.082
62199.3,61404.812,62113.01,61152.023
62704.33,62003.133,62620.5,62258.438
63980.95,62517.05,63293.17,63142.62
64383.78,62755.902,63896.76,63928.742
64774.899999999994,63271.508,64042.89,64655.395
64981.88,63662.234,64499.69999999999,65148.047
64469.57,63890.973,64758.509999999995,65354.004
64684.79,64458.0,64726.18000000001,65796.336
65470.78,64357.934,65324.759999999995,65667.305
65617.95,64375.85,65708.63,65449.832
66249.49,64799.426,65668.47,65497.816
66924.66,65417.414,65979.73,65912.13
67246.14,65795.22,65853.57,66192.03
67511.54,66178.41,66238.92,66437.586
67551.29,66431.375,66357.42,66625.08
67728.32,66863.61,66444.86,67058.984
67680.85,66984.61,66754.68,67229.79
67605.47,66941.56,67014.1,67216.8
67270.31,66839.95,66968.72,67150.21
66826.64,66853.66,66485.37,67239.43
66877.21,66564.62,66527.08,67070.52
66701.67,66051.72,66505.45,66653.46
66935.61,65778.69,66716.75,66373.36
66786.85,65815.945,66548.58,66358.74
66608.09,65787.72,66572.03,66317.21
66013.54,65589.484,66464.61,66144.46
65695.32,65306.016,65876.23,65946.09
65584.09,65048.047,65661.67,65794.36
65414.57,64638.16,65401.91,65547.875
65302.06,64252.824,65434.55,65326.793
65181.200000000004,63889.81,65352.54,65168.008
64635.219999999994,63790.36,65104.31999999999,65160.652
64498.29000000001,63505.824,64614.52,65062.027
64287.57000000001,63087.22,64225.71000000001,64851.7
63751.53,62797.875,63655.97,64699.582
63264.259999999995,62728.582,63511.23,64607.63
62954.02,62369.613,63244.74,64383.26
62920.30999999999,62136.22,63038.1,64162.887
63554.97,62009.383,62853.02,63985.363
63173.67,62139.965,62959.81999999999,63882.633
63354.780000000006,62585.992,63015.62999999999,64082.973
63453.76000000001,62716.918,63301.9,64172.832
63105.61,62867.42,63328.96,64299.625
62943.62,62788.47,62590.85999999999,64276.703
63079.14,62560.3,62466.759999999995,64234.63
63448.21,62262.67,63108.93,64150.97
63547.94000000001,62091.215,63294.25,64131.57
63776.43000000001,61731.832,63887.63,63900.7
64787.25,61568.824,64326.82,63793.992
64906.25,61435.816,65074.13,63749.402
63917.840000000004,61624.03,65047.3,63900.848
62263.22,61257.65,64230.11,63617.824
61323.82000000001,60626.48,62788.15000000001,63123.254
60348.18,59646.668,62096.06,62318.34
59075.28999999999,58783.996,61002.9,61491.27
58033.98999999999,57768.42,60164.43,60284.9
56771.32,56815.418,59053.23,59216.62
55662.07,55944.273,57772.87,58236.945
54615.44999999999,55022.973,56418.12000000001,57259.32
53640.19,53886.023,55400.63,55992.37
52303.530000000006,52891.9,54457.39,54969.5
51304.76,52033.098,53364.17,54094.438
50236.42,51017.26,52147.26999999999,53195.664
49443.67,50325.555,50719.18,52290.367
48355.71,49093.184,49896.159999999996,51187.395
47992.66,48364.844,49011.84999999999,50412.074
46932.73,47524.734,48166.85,49601.473
46457.83,46930.9,47304.42,48911.492
46497.95,46139.812,46484.05,48150.254
45631.08,45729.6,46015.38,47628.16
45287.7,45652.355,45934.37,47406.21
45020.83,45299.316,45195.45,47049.113
44660.94,44909.777,44810.14,46700.453
44195.28,44815.723,44299.11,46530.957
43769.6,44669.367,44069.08,46373.523
43969.26,44560.953,43924.35,45951.066
44035.33,44048.227,43572.93,45507.285
44063.02,43978.414,43789.35,45430.83
44228.46,44047.594,43779.47,45500.836
44338.81,44129.01,43949.89,45612.957
44375.03,44229.37,44002.33,45795.414
44513.56,44471.996,43967.57,46056.383
44825.34,44783.895,44223.69,46373.246
45326.13,45399.887,44637.82,46782.97
45643.83,46081.32,44966.05,47347.625
46288.41,47112.75,45563.32,48089.27
47673.94,48189.406,46349.21,48835.39
48823.39,49655.64,48175.52999999999,49652.84
50229.21,51164.977,49246.2,50709.367
51596.07,52623.88,50262.3,51747.383
54772.63,54032.35,52308.14,52748.234
57114.67999999999,55721.555,55960.850000000006,53830.617
59102.5,57605.855,58381.14000000001,55378.945
60452.12,59181.605,60196.23,56961.66
61691.37000000001,60302.48,61719.37,58390.805
62113.01,61552.656,63423.12,59928.387
62620.5,62259.438,63881.94000000001,61207.76
63293.17,62670.992,64420.2,62175.69
63896.76,63042.914,64920.27,62923.99
64042.89,63272.168,65184.89,63721.598
64499.69999999999,63661.258,65035.07,64307.1
64758.509999999995,63815.004,65139.84999999999,64618.004
64726.18000000001,64018.277,65138.57000000001,64813.82
65324.759999999995,64553.52,65177.55999999999,65275.52
65708.63,64749.66,65093.99,65452.53
65668.47,65038.023,65527.74,65541.53
65979.73,65381.355,65866.12,65651.9
65853.57,65764.35,66462.61,65962.22
66238.92,66091.56,66717.2,66243.5
66357.42,66084.99,66887.64,66251.88
66444.86,66208.16,66934.79,66309.19
66754.68,66545.63,67679.01,66668.96
67014.1,66627.82,67851.05,66835.2
66968.72,66584.22,68249.68,66849.01
66485.37,66549.336,68005.46,66841.77
66527.08,66565.805,67733.48,67002.836
66505.45,66207.57,67274.67,66849.12
66716.75,65847.3,67434.68,66560.086
66548.58,65600.836,67404.0,66331.97
66572.03,65828.19,66863.83,66408.51
66464.61,65735.81,66490.65,66340.945
65876.23,65518.934,66090.43,66145.41
65661.67,65310.758,65315.19,65980.625
65401.91,65125.44,65009.23999999999,65848.41
65434.55,64761.63,64850.84,65653.79
65352.54,64357.527,65039.70999999999,65427.133
65104.31999999999,64069.1,64546.200000000004,65309.883
64614.52,64089.23,64475.18,65335.1
64225.71000000001,63708.473,64185.36000000001,65205.824
63655.97,63323.43,64451.49,65016.98
63511.23,62934.875,63688.439999999995,64812.645
63244.74,62651.633,63174.73,64570.875
63038.1,62438.523,62621.56,64360.402
62853.02,62385.54,62165.13,64199.387
62959.81999999999,62403.668,61658.72000000001,64054.535
63015.62999999999,62532.06,61473.15,63885.65
63301.9,62712.824,61595.030000000006,63825.55
63328.96,63011.73,62103.549999999996,63876.176
62590.85999999999,63288.645,62096.47,64004.543
62466.759999999995,63235.21,62252.64,63926.324
63108.93,62889.906,62113.8,63794.2
63294.25,62566.336,62456.74,63665.746
63887.63,62648.633,62754.26999999999,63776.93
64326.82,62328.035,63447.72,63539.445
65074.13,62367.727,63880.80000000001,63567.824
65047.3,62433.723,64638.649999999994,63698.47
64230.11,62499.098,64437.18,63866.176
62788.15000000001,61981.758,63207.77999999999,63465.047
62096.06,61353.83,61940.0,62993.86
61002.9,60468.88,60814.28999999999,62325.973
60164.43,59722.0,59656.41000000001,61648.723
59053.23,58676.445,59156.08999999999,60495.492
57772.87,57863.87,58077.85999999999,59560.695
56418.12000000001,57020.543,56886.42,58668.504
55400.63,56056.105,56018.52,57738.477
54457.39,54773.484,55417.729999999996,56409.734
53364.17,53725.35,54317.71,55363.73
52147.26999999999,52801.402,53128.36,54474.465
50719.18,51849.516,52082.67,53606.465
49896.159999999996,51105.492,50713.0,52628.78
49011.84999999999,49755.383,49649.73999999999,51371.76
48166.85,48906.39,48890.19,50446.246
47304.42,48157.76,48296.34,49623.383
46484.05,47347.32,47382.46,48743.516
46015.38,46578.188,46980.08,47931.14
45934.37,46022.457,46540.93,47262.047
45195.45,45625.332,46255.98,46760.863
44810.14,45427.902,45639.38,46447.977
44299.11,45028.387,45414.53,46020.613
44069.08,44786.355,45093.59,45748.7
43924.35,44536.18,44680.84,45518.88
43572.93,43969.71,43659.36,45099.92
43789.35,43949.56,43635.73,45013.633
43779.47,43612.33,43710.91,44812.77
43949.89,43680.227,44055.32,44913.926
44002.33,43711.008,44262.6,44974.992
43967.57,43834.223,44226.25,45178.242
44223.69,44040.453,44099.01,45431.043
44637.82,44304.27,44433.1,45716.89
44966.05,44941.797,44807.74,46121.23
45563.32,45819.203,45176.74,46760.625
46349.21,46846.86,45646.37,47488.234
48175.52999999999,48055.645,46035.17,48298.496
49246.2,49672.746,47503.34,49179.055
50262.3,51539.73,48633.18,50460.242
52308.14,53036.45,49875.47,51580.414
55960.850000000006,54129.766,51761.91999999999,52481.598
58381.14000000001,55982.42,55209.20999999999,53713.957
60196.23,58247.82,57788.46,55615.98
61719.37,59873.69,59860.42,57467.355
63423.12,60885.977,60910.64000000001,59077.156
63881.94000000001,62086.414,61613.73999999999,60850.3
64420.2,63006.555,61937.5,62445.004
64920.27,63562.312,62657.44999999999,63658.473
65184.89,64024.027,63399.09,64532.074
65035.07,64335.31,63883.61,65365.418
65139.84999999999,64518.715,64438.16,65694.21
65138.57000000001,64465.2,64870.78,65714.47
65177.55999999999,64445.895,65074.37,65580.08
65093.99,64839.66,65318.41,65798.12
65527.74,64969.348,65729.0,65765.44
65866.12,65010.65,66079.56,65555.914
66462.61,65263.48,66243.18,65473.176
66717.2,65915.33,66054.38,65909.63
66887.64,66309.664,66373.75,66233.86
66934.79,66504.61,66713.96,66373.266
67679.01,66612.88,67184.55,66438.48
67851.05,66924.14,67510.4,66774.96
68249.68,67250.83,68172.56,67106.82
68005.46,67309.79,68570.45,67177.78
67733.48,67366.02,68715.07,67238.195
67274.67,67419.31,68219.15,67386.5
67434.68,67134.92,67835.93,67216.984
67404.0,66599.734,67465.86,66787.055
66863.83,66324.39,67159.29,66485.33
66490.65,66454.14,67259.9,66505.336
66090.43,66152.58,67024.1,66253.47
65315.19,65686.6,66517.77,65851.12
65009.23999999999,65244.07,66172.28,65512.625
64850.84,64873.57,65919.99,65266.71
65039.70999999999,64352.31,66026.34,64964.168
64546.200000000004,63925.926,65731.28,64739.37
64475.18,63722.605,65483.920000000006,64685.438
64185.36000000001,63542.902,66111.63,64652.805
64451.49,63190.285,65522.23,64522.832
63688.439999999995,62899.156,65415.399999999994,64401.766
63174.73,62861.105,65019.85,64432.543
62621.56,62665.33,64739.1,64274.145
62165.13,62253.934,64566.08,63975.805
61658.72000000001,61976.797,64374.44999999999,63691.414
61473.15,61768.8,63894.01999999999,63426.145
61595.030000000006,61648.277,63305.9,63087.37
62103.549999999996,61660.52,63376.66999999999,62884.38
62096.47,61867.043,63451.719999999994,62833.992
62252.64,62277.17,63599.45,62989.797
62113.8,62179.7,63294.05999999999,62904.04
62456.74,62208.168,63306.29000000001,62958.69
62754.26999999999,62073.156,63579.130000000005,62938.91
63447.72,62019.46,63887.44000000001,62994.742
63880.80000000001,61687.59,64489.2,62822.78
64638.649999999994,61758.78,64914.69999999999,62916.566
64437.18,61797.64,65170.37,63064.227
63207.77999999999,61864.723,64774.09,63276.312
61940.0,61310.438,64167.68,62916.973
60814.28999999999,60508.848,62862.07000000001,62346.918
59656.41000000001,59622.016,61717.19999999999,61652.88
59156.08999999999,58768.777,60923.52,60911.31
58077.85999999999,57689.04,60439.44,59695.695
56886.42,56941.12,59045.69000000001,58794.17
56018.52,56189.14,58068.72,57918.117
55417.729999999996,55282.617,57195.44000000001,56965.68
54317.71,54211.844,55977.009999999995,55747.85
53128.36,53411.875,54909.31,54839.434
52082.67,52556.28,53894.09,53968.73
50713.0,51558.598,52651.98,53048.957
49649.73999999999,50853.254,51022.34,52131.64
48890.19,49545.207,50073.92,50858.44
48296.34,48647.67,49106.59,49886.215
47382.46,47877.844,48368.29,49060.1
46980.08,47227.195,47482.63,48333.066
46540.93,46460.465,46891.42,47545.277
46255.98,46118.406,46465.68,47059.746
45639.38,45857.094,46101.22,46662.215
45414.53,45601.72,45188.27,46360.055
45093.59,45211.785,44862.24,45946.07
44680.84,45091.37,44524.98,45751.492
43659.36,44984.234,44174.99,45624.72
43635.73,44317.8,44024.77,45492.22
43710.91,43890.996,43908.63,45105.176
44055.32,43518.527,43931.58,44786.04
44262.6,43513.14,43975.44,44770.1
44226.25,43750.883,44075.9,44916.883
44099.01,44010.246,44237.14,45143.586
44433.1,44246.367,44273.9,45375.848
44807.74,44482.523,44278.54,45586.617
45176.74,45168.02,44641.47,45946.74
45646.37,45980.105,45027.85,46493.88
46035.17,46973.457,45304.09,47156.82
47503.34,48112.426,46016.32,47876.715
48633.18,49435.445,47200.45,48466.176
49875.47,50972.71,47747.13,49456.69
51761.91999999999,52373.934,48597.76,50408.066
55209.20999999999,53645.953,50629.9,51271.805
57788.46,55555.523,54602.030000000006,52354.66
59860.42,57845.508,57037.44000000001,54151.3
60910.64000000001,59605.484,58888.37000000001,55978.96
61613.73999999999,60823.043,60582.3,57682.652
61937.5,61849.465,62296.93,59360.78
62657.44999999999,62223.59,62769.56,60736.125
63399.09,62421.008,63399.909999999996,61826.12
63883.61,62810.863,64036.04,62784.973
64438.16,63207.043,65064.76000000001,63790.336
64870.78,63461.19,65608.39,64192.52
65074.37,63711.305,65877.75,64424.273
65318.41,63975.36,66149.93,64492.086
65729.0,64556.47,66492.9,64920.29
66079.56,64799.637,66759.03,65100.223
66243.18,65090.51,67238.94,65137.074
66054.38,65440.44,67392.44,65208.094
66373.75,65997.1,67520.49,65643.875
66713.96,66083.67,67724.76,65826.5
67184.55,66187.484,68020.48,65893.77
67510.4,66424.17,68106.48,66011.08
68172.56,66996.945,68360.07,66499.72
68570.45,67204.49,68671.54,66807.336
68715.07,67378.24,69139.76,66999.16
68219.15,67519.71,68854.05,67138.64
67835.93,67722.38,68706.76,67468.91
67465.86,67408.39,68604.22,67390.08
67159.29,66852.57,68605.09,66988.14
67259.9,66411.65,68559.06,66555.4
67024.1,66318.484,67952.51,66403.445
66517.77,66209.14,67247.63,66200.29
66172.28,65928.29,66495.85,65880.05
65919.99,65462.85,65697.35,65483.79
66026.34,65334.19,65284.95,65322.75
65731.28,64933.984,64922.16,64979.09
65483.920000000006,64697.203,64262.12000000001,64729.29
66111.63,64339.875,63927.03,64469.69
65522.23,64240.156,66067.44,64347.71
65415.399999999994,64264.043,63366.24999999999,64347.97
65019.85,63985.37,62898.69,64169.13
64739.1,63688.324,62550.990000000005,63934.004
64566.08,63565.848,62718.56,63782.453
64374.44999999999,63257.934,62304.51000000001,63541.04
63894.01999999999,63192.832,62148.48999999999,63388.72
63305.9,63142.71,61968.79000000001,63258.406
63376.66999999999,62977.45,61644.71,63045.035
63451.719999999994,62691.504,61620.4,62828.902
63599.45,62854.953,61459.56,62801.3
63294.05999999999,63049.086,61588.729999999996,62828.582
63306.29000000001,63002.746,61370.23999999999,62709.863
63579.130000000005,62818.527,61129.97,62556.332
63887.44000000001,62729.402,61395.32000000001,62424.047
64489.2,62745.01,61272.35,62337.12
64914.69999999999,62478.14,62156.44,62071.72
65170.37,62549.04,62274.67,62037.24
64774.09,62658.26,62703.41,62098.992
64167.68,62540.004,62498.96000000001,62090.57
62862.07000000001,61723.953,61321.40000000001,61530.754
61717.19999999999,61037.324,60207.34,60938.17
60923.52,60153.594,59260.36,60184.207
60439.44,59236.242,58073.57,59323.82
59045.69000000001,58217.582,56938.57000000001,58202.566
58068.72,57539.863,55997.48000000001,57310.305
57195.44000000001,56635.23,54917.26999999999,56292.145
55977.009999999995,55719.547,53686.78,55273.88
54909.31,54665.188,53142.60999999999,54104.812
53894.09,53632.44,52405.74999999999,53020.38
52651.98,52664.11,51637.39,52071.293
51022.34,51731.57,50264.97,51212.29
50073.92,50800.51,48762.729999999996,50368.902
49106.59,49374.68,47955.03,49093.5
48368.29,48502.613,47114.38,48251.94
47482.63,47655.027,46291.35,47479.277
46891.42,46944.113,45197.07,46836.137
46465.68,46143.16,44622.87,46096.33
46101.22,45743.734,43924.17,45611.43
45188.27,45479.285,43738.9,45199.656
44862.24,45214.805,43574.22,44896.215
44524.98,44661.957,43070.03,44370.42
44174.99,44439.094,42469.35,44118.754
44024.77,44261.402,42143.7,43939.492
43908.63,43984.58,41162.02,43742.87
43931.58,43791.617,40791.23,43165.043
43975.44,43765.926,40771.4,42808.16
44075.9,43785.44,40850.34,42495.91
44237.14,43938.824,41687.02,42335.09
44273.9,44095.43,41577.25,42210.47
44278.54,44457.215,41562.8,42212.445
44641.47,44862.676,41604.26,42200.43
45027.85,45404.31,41782.0,42200.19
45304.09,46063.71,41655.17,42424.203
46016.32,47011.06,41736.84,42776.63
47200.45,47937.105,41955.79,43071.46
47747.13,49357.582,41789.7,43222.19
48597.76,50696.617,41855.53,43608.11
50629.9,51617.9,42246.06,43753.383
54602.030000000006,52552.863,42598.59,43908.2
57037.44000000001,54758.26,43241.1,44170.086
58888.37000000001,57622.21,44191.12,45274.85
60582.3,59642.695,44577.01,46018.43
62296.93,60708.246,44943.04,46543.957
62769.56,62027.645,45908.96,47054.6
63399.909999999996,62782.72,46276.2,47988.24
64036.04,63149.016,47273.25,48799.516
65064.76000000001,63457.992,48266.24,49601.05
65608.39,63985.08,50030.54,50056.293
65877.75,64238.797,50868.740000000005,50773.26
66149.93,64602.863,51855.36,51639.4
66492.9,64746.277,52020.36,52297.16
66759.03,65384.516,51468.83,52999.25
67238.94,65393.54,51654.63,53717.8
67392.44,65499.29,52261.31,54422.848
67520.49,65735.37,53025.92,55149.008
67724.76,66349.93,54214.850000000006,55840.902
68020.48,66191.26,54775.50000000001,56278.953
68106.48,66184.44,55419.63,56704.02
68360.07,66258.34,55727.53,57081.07
68671.54,66721.59,55893.02999999999,57426.133
69139.76,66665.83,55921.33,57541.77
68854.05,66691.664,56416.530000000006,57650.617
68706.76,66830.734,56311.5,57760.56
68604.22,66957.14,55920.52999999999,57719.32
68605.09,66622.26,55811.27,57532.727
68559.06,66402.54,56079.2,57381.22
67952.51,66232.266,55298.17,57152.35
67247.63,66380.22,54458.26,56942.504
66495.85,65859.41,54053.85,56451.168
65697.35,65200.43,53669.26,55941.188
65284.95,64477.82,52700.59,55407.848
64922.16,64112.87,52550.29,54909.12
64262.12000000001,63511.875,52026.32,54310.094
63927.03,63134.2,51121.71,53881.707
66067.44,62556.195,51654.759999999995,53430.887
63366.24999999999,62472.27,51834.49,53160.566
62898.69,63462.15,51849.07,53645.105
62550.990000000005,62403.71,51464.23,53021.785
62718.56,61479.883,50793.83,52439.066
62304.51000000001,61536.668,50973.17,52407.1
62148.48999999999,61593.336,50576.8,52349.41
61968.79000000001,61537.625,50318.04,52254.445
61644.71,61435.805,50479.72000000001,52171.23
61620.4,61393.094,51147.55,52327.973
61459.56,61255.62,51090.09,52327.918
61588.729999999996,61266.094,51230.05,52383.824
61370.23999999999,61143.6,52034.149999999994,52409.92
61129.97,60871.918,52338.17,52661.023
61395.32000000001,60708.293,52314.66,52843.168
61272.35,60475.906,52326.48,52864.418
62156.44,60399.043,52414.2,52927.59
62274.67,59996.7,53267.270000000004,52942.668
62703.41,60189.723,53557.93,53181.195
62498.96000000001,60283.33,53892.6,53317.68
61321.40000000001,60207.285,53116.24,53335.29
60207.34,59486.223,52504.619999999995,53017.152
59260.36,58643.61,51691.76000000001,52432.59
58073.57,57725.113,50943.73,51676.85
56938.57000000001,56966.996,49689.57000000001,50913.203
55997.48000000001,55770.617,48497.4,50023.496
54917.26999999999,54982.707,47686.61,49281.902
53686.78,54274.457,46835.84,48601.11
53142.60999999999,53525.535,46379.2,47927.734
52405.74999999999,52236.06,46378.87,47243.305
51637.39,51709.84,45622.19,46681.836
50264.97,51129.402,44593.26,46115.723
48762.729999999996,50424.527,43665.7,45561.613
47955.03,49051.234,42461.05,45153.605
47114.38,47749.227,42115.59,44207.953
46291.35,46770.668,41169.59,43474.65
45197.07,46059.117,40856.87,42809.02
44622.87,45107.14,40729.24,42202.203
43924.17,44312.01,39977.02,41473.082
43738.9,43784.164,39513.3,40974.56
43574.22,43348.125,39150.16,40520.887
43070.03,42964.97,38614.53,40308.17
42469.35,42872.426,38238.85,40122.55
42143.7,42664.65,38053.94,39875.67
41162.02,42380.5,37501.78,39619.125
40791.23,42234.457,36857.8,38790.23
40771.4,41641.797,36499.07,37949.562
40850.34,41197.062,36582.54,37670.766
41687.02,41358.79,36419.4,37842.07
41577.25,41274.816,36521.56,37788.875
41562.8,41873.793,36432.29,38238.37
41604.26,42004.9,36374.38,38315.363
41782.0,42014.023,36282.02,38418.703
41655.17,41943.918,36399.15,38381.562
41736.84,42114.15,36554.77,38639.824
41955.79,42102.113,36349.63,38737.28
41789.7,42175.12,36199.88,38899.76
41855.53,42579.016,36309.9,38928.992
42246.06,42768.277,36034.36,38986.984
42598.59,42950.52,36007.97,39022.918
43241.1,43587.895,36451.76,39199.066
44191.12,44889.7,37445.28,39031.727
44577.01,45832.508,37340.9,38924.71
44943.04,46857.113,37430.2,39033.78
45908.96,47478.953,37626.51,39039.277
46276.2,48344.69,38643.86,38873.56
47273.25,48897.797,38767.12,39197.434
48266.24,49425.926,39397.55,39675.855
50030.54,50220.84,40078.12,40359.637
50868.740000000005,51471.066,41234.89,40559.6
51855.36,52066.996,42198.18,41148.047
52020.36,53240.16,42998.23,42511.637
51468.83,53855.02,44206.47,43459.91
51654.63,54593.1,45371.22,44062.777
52261.31,53751.0,46061.54,44268.215
53025.92,53670.18,46497.37,45034.914
54214.850000000006,54065.918,47887.61,45941.26
54775.50000000001,55111.8,48545.78,46834.88
55419.63,55533.8,49091.52,47519.3
55727.53,55702.402,49768.16000000001,48049.406
55893.02999999999,55865.027,49969.33,48636.01
55921.33,56468.934,50271.58,49279.12
56416.530000000006,56194.855,51336.83,49420.15
56311.5,55936.152,51914.35,49455.707
55920.52999999999,55951.785,52199.57,49691.254
55811.27,56230.63,51286.50000000001,49956.812
56079.2,55563.402,51132.01,49769.71
55298.17,55242.047,51187.59,49761.727
54458.26,55217.773,51174.45999999999,49827.21
54053.85,55130.906,50771.42,49614.57
53669.26,54124.305,50644.6,48852.715
52700.59,53547.484,50337.99,48456.27
52550.29,53152.266,50319.69999999999,48253.457
52026.32,52840.05,49248.03,47975.0
51121.71,52327.43,49240.299999999996,47505.945
51654.759999999995,51946.406,48948.16,47150.21
51834.49,51174.832,48778.14,46671.355
51849.07,51804.81,49163.25,46869.027
51464.23,51891.938,48386.86,46719.395
50793.83,51894.04,47576.49,46681.477
50973.17,51669.55,47463.37,46605.074
50576.8,51439.793,47723.82,46600.316
50318.04,51464.406,47370.19,46657.273
50479.72000000001,51451.633,47646.63,46702.24
51147.55,51281.91,48287.04,46669.293
51090.09,51501.86,49448.50000000001,46904.492
51230.05,52113.64,49494.01999999999,47184.875
52034.149999999994,52281.57,49558.50000000001,47291.19
52338.17,52339.742,49575.29,47448.48
52314.66,52677.535,50504.09,47907.977
52326.48,52972.867,51143.55,48288.566
52414.2,52936.215,51313.23,48576.066
53267.270000000004,52797.117,51270.67,48837.137
53557.93,52457.92,51739.95,48958.71
53892.6,52851.04,52233.08,49456.38
53116.24,53064.055,52042.11,49868.062
52504.619999999995,52994.945,51810.32,50130.156
51691.76000000001,51990.234,51675.87,49745.926
50943.73,51327.918,50662.33,49541.344
49689.57000000001,50767.156,49499.54,49346.094
48497.4,50183.78,49320.84,49093.2
47686.61,48982.17,49060.66999999999,48350.438
46835.84,48154.34,48454.76999999999,47846.043
46379.2,47668.92,48196.08,47506.188
46378.87,47159.617,48209.71,47133.887
45622.19,46396.934,48566.70999999999,46594.934
44593.26,46364.12,48114.59,46505.598
43665.7,45991.785,47060.24,46161.926
42461.05,45177.06,46091.65,45546.145
42115.59,43944.223,45386.93,45040.445
41169.59,42807.965,44573.15,44502.504
40856.87,42153.113,43907.56,44095.773
40729.24,41491.73,43471.28,43553.715
39977.02,40691.04,44129.84,42932.23
39513.3,40485.633,43525.82,42567.547
39150.16,40057.965,43488.95,42025.133
38614.53,39686.125,42865.89,41504.24
38238.85,39140.72,42526.61,40946.707
38053.94,38832.5,42237.41,40507.504
37501.78,38616.645,42230.61,40145.805
36857.8,38541.176,41778.94,39872.52
36499.07,38246.703,41552.14,39661.4
36582.54,37930.453,41506.57,39626.69
36419.4,37600.145,41702.99,39571.02
36521.56,37599.344,41705.4,39732.953
36432.29,37311.97,42102.93,39740.668
36374.38,37355.746,41992.44,40047.883
36282.02,37286.203,42467.96,40302.715
36399.15,37203.69,42828.05,40582.68
36554.77,36950.72,43465.51,40799.67
36349.63,37034.754,43878.71,41311.906
36199.88,37094.316,44722.34,41834.42
36309.9,36991.285,45578.3,42296.965
36034.36,36795.457,46069.71,42848.51
36007.97,36995.625,47242.12,43647.504
36451.76,36913.35,48565.99,44311.332
37445.28,37028.742,50828.060000000005,45117.81
37340.9,37749.09,55499.65000000001,46580.91
37430.2,39043.664,57432.97000000001,48425.54
37626.51,39406.043,59097.87999999999,49851.023
38643.86,39601.35,60504.01999999999,51054.285
38767.12,40097.2,62204.53,52866.242
39397.55,41052.94,63017.05,54700.27
40078.12,41424.49,63946.35999999999,56069.105
41234.89,41961.97,64540.90000000001,57304.453
42198.18,42510.133,64882.270000000004,59481.445
42998.23,43239.727,65785.87,61180.82
44206.47,44406.64,65900.6,62343.38
45371.22,45114.69,66118.77,62937.43
46061.54,46470.938,65363.76,64198.24
46497.37,47410.19,65474.7,65003.094
47887.61,48033.598,65632.77,65180.207
48545.78,48434.473,66310.19,64987.04
49091.52,49780.17,66252.98,65834.78
49768.16000000001,50332.51,66237.36,66275.195
49969.33,50658.324,66407.55,66174.016
50271.58,51096.688,67307.02,65998.21
51336.83,51580.33,67805.23,66548.805
51914.35,51595.05,68008.05,66527.37
52199.57,52031.785,68003.53,66565.99
51286.50000000001,52213.33,68175.56,66702.68
51132.01,52514.69,67603.37,67390.12
51187.59,51704.016,67755.75,67085.664
51174.45999999999,51199.7,67629.29,66415.05
50771.42,50945.59,67715.53,65947.09
50644.6,51032.355,67770.07,66179.87
50337.99,50671.68,68027.39,66037.18
50319.69999999999,50393.8,66989.39,65797.63
49248.03,50129.496,66249.47,65614.805
49240.299999999996,50361.305,65916.08,65925.24
48948.16,49683.43,65727.44,65700.18
48778.14,49468.066,64953.32,65343.74
49163.25,49217.87,64651.42,65278.504
48386.86,49312.254,64946.33,65514.008
47576.49,49427.17,64263.1,65589.46
47463.37,49082.324,63321.22,65523.42
47723.82,48613.52,62856.41,65082.09
47370.19,48704.77,63666.54000000001,64783.266
47646.63,48940.98,62741.13,64575.81
48287.04,49043.47,62375.100000000006,64403.37
49448.50000000001,49489.75,61719.96,64376.246
49494.01999999999,50362.61,62506.26,64364.727
49558.50000000001,51316.133,62429.66,64702.68
49575.29,51591.098,62195.25,64885.195
50504.09,51753.844,62259.34,64758.203
51143.55,51566.406,63041.78,63993.73
51313.23,51989.586,62649.55,63731.09
51270.67,52301.516,62564.7,63858.805
51739.95,52304.273,63068.89000000001,63850.973
52233.08,51933.6,63594.02999999999,63215.848
52042.11,52086.207,64469.63,62948.113
51810.32,52301.363,64847.26,63033.74
51675.87,52133.89,64505.520000000004,62862.555
50662.33,51623.41,63292.13,61885.68
49499.54,51506.93,62134.53,61290.043
49320.84,50963.305,60950.94,60636.184
49060.66999999999,50283.2,59775.05,59681.586
48454.76999999999,49767.145,58698.13,58450.812
48196.08,49607.117,57616.54000000001,57780.875
48209.71,49177.598,56656.11000000001,57122.613
48566.70999999999,48846.63,55382.560000000005,56468.73
48114.59,48356.043,54555.38,55532.562
47060.24,48275.453,53594.37000000001,55101.37
46091.65,47850.56,52193.1,54635.9
45386.93,47016.42,51175.08,53824.51
44573.15,46333.52,49720.69,52638.43
43907.56,45203.73,48839.060000000005,51543.797
43471.28,44573.812,48047.76999999999,50738.777
44129.84,43826.184,47204.23,49862.785
43525.82,43240.49,46882.05,48860.297
43488.95,43208.656,46368.53,48471.82
42865.89,43095.156,45805.43,47986.184
42526.61,43015.336,45806.84,47471.504
42237.41,42695.76,45801.98,46690.45
42230.61,42370.49,45504.95,45968.625
41778.94,42265.504,44967.36,45441.688
41552.14,42346.227,44878.41,45139.145
41506.57,42170.586,44607.12,44948.55
41702.99,42123.02,44045.08,45189.797
41705.4,42118.05,44221.21,45331.547
42102.93,42266.87,44195.84,45572.363
41992.44,42420.035,44362.99,45822.742
42467.96,42727.492,44391.35,46167.625
42828.05,42938.477,44533.68,46410.145
43465.51,43424.895,44919.49,46805.76
43878.71,44207.816,45881.64,47286.258
44722.34,45183.38,46236.12,47932.367
45578.3,46327.59,46617.41,48667.96
46069.71,47758.21,47631.63,49533.742
47242.12,49536.797,49441.12,50499.848
48565.99,50662.082,50526.05,51279.457
50828.060000000005,52036.098,51532.14,52164.87
55499.65000000001,53556.24,53201.96000000001,53080.8
57432.97000000001,55991.01,55566.88,54425.074
59097.87999999999,59184.996,57908.07,56575.984
60504.01999999999,60869.754,59910.35999999999,58119.09
62204.53,61656.746,61429.76,59190.08
63017.05,62844.465,63067.47,60390.484
63946.35999999999,63592.902,63710.24,61433.156
64540.90000000001,64147.246,64462.24,62262.355
64882.270000000004,64616.773,65019.880000000005,62965.81
65785.87,64829.8,65700.24,63639.492
65900.6,64984.223,66324.49,64101.895
66118.77,65284.906,66930.6,64584.254
65363.76,65406.46,67193.68,64850.234
65474.7,65927.516,66544.94,65401.727
65632.77,65585.266,67107.06,65339.4
66310.19,65488.71,66920.63,65230.67
66252.98,65678.18,67285.91,65254.906
66237.36,66451.91,67976.22,65765.25
66407.55,66527.49,68289.38,65883.086
67307.02,66497.06,68516.72,65854.76
67805.23,66546.84,69024.71,65883.88
68008.05,67250.42,69238.04,66465.09
68003.53,67500.46,69957.19,66804.42
68175.56,67573.945,70228.63,66982.62
67603.37,67492.555,70157.17,67058.32
67755.75,67745.11,69429.95,67404.45
67629.29,67293.76,69543.88,67253.55
67715.53,67045.16,69373.53,67138.07
67770.07,66791.36,69409.96,67035.234
68027.39,66931.56,69475.25,67183.08
66989.39,66758.67,69236.26,67114.84
66249.47,66692.59,68532.72,67058.11
65916.08,66124.56,68052.54,66722.4
65727.44,65730.72,67828.13,66441.03
64953.32,65214.883,67627.66,66068.35
64651.42,64834.87,67089.79,65794.75
64946.33,64233.82,66588.07,65443.105
64263.1,64101.527,66511.81,65265.98
63321.22,63781.203,65956.74,65109.305
62856.41,63420.766,65319.87,64889.27
63666.54000000001,62735.1,64681.9,64454.594
62741.13,62507.727,64719.05,64147.17
62375.100000000006,62701.285,64438.95999999999,64068.297
61719.96,62501.04,64139.31999999999,63798.844
62506.26,62348.957,64280.18,63509.535
62429.66,62208.59,64649.04,63134.426
62195.25,62537.92,64856.59999999999,63071.59
62259.34,62788.23,64913.36,63032.246
63041.78,62742.832,65204.46000000001,62933.344
62649.55,62576.9,64385.670000000006,62728.133
62564.7,62879.83,64291.91000000001,62912.77
63068.89000000001,62685.047,64770.22,62945.688
63594.02999999999,62336.56,64756.96,62891.473
64469.63,62093.82,65577.42,62779.016
64847.26,62100.383,65577.44,62884.96
64505.520000000004,62260.8,65605.28,63140.8
63292.13,62162.477,65187.84,63296.457
62134.53,61366.566,64130.950000000004,62857.145
60950.94,60434.625,63100.1,62280.574
59775.05,59477.23,61884.31,61570.12
58698.13,58559.617,60986.08,60774.62
57616.54000000001,57409.97,60325.41,59515.855
56656.11000000001,56539.773,59647.53,58492.19
55382.560000000005,55718.047,58343.85,57552.61
54555.38,54943.957,57033.77,56692.062
53594.37000000001,53809.316,56097.11,55484.883
52193.1,52967.6,54520.58,54569.375
51175.08,52149.64,53587.409999999996,53762.215
49720.69,51135.676,52508.729999999996,52866.016
48839.060000000005,50371.727,51139.05,51941.7
48047.76999999999,48978.777,49907.0,50712.926
47204.23,48135.91,49104.83,49834.242
46882.05,47395.54,48084.66999999999,49057.953
46368.53,46639.45,47051.81,48237.16
45805.43,46102.26,46667.72,47596.77
45806.84,45831.125,46289.24,47104.39
45801.98,45496.2,46106.72,46628.73
45504.95,45347.69,46362.71,46384.508
44967.36,45364.914,46058.77,46273.74
44878.41,45384.953,45810.35,46209.176
44607.12,45186.047,45455.69,46062.785
44045.08,44851.28,45593.18,45625.004
44221.21,44686.21,45725.21,45453.32
44195.84,44324.21,45883.32,45233.43
44362.99,44314.633,45778.76,45309.773
44391.35,44335.645,45735.14,45394.273
44533.68,44501.703,45900.7,45635.64
44919.49,44748.36,45895.52,45885.484
45881.64,45159.37,46149.05,46234.555
46236.12,45942.83,46079.1,46722.305
46617.41,47178.785,46547.89,47615.863
47631.63,48353.113,47126.35,48483.133
49441.12,49391.46,47534.49,49238.535
50526.05,50877.855,48906.57,50154.863
51532.14,52645.176,49901.83,51434.914
53201.96000000001,54132.43,50876.99999999999,52588.504
55566.88,55233.33,52719.14,53478.188
57908.07,56937.09,55561.51000000001,54572.13
59910.35999999999,58546.816,57825.88999999999,55973.562
61429.76,60012.95,59525.32,57480.707
63067.47,61233.957,61151.47000000001,58957.168
63710.24,62559.688,62270.65,60562.01
64462.24,63477.34,62629.51,62015.203
65019.880000000005,64056.91,63415.49,63173.285
65700.24,64582.086,63605.41,64110.11
66324.49,64819.113,64537.86,65017.58
66930.6,65147.598,65022.21,65580.46
67193.68,65536.13,65295.93,66037.15
66544.94,65876.8,64741.91,66325.04
67107.06,66424.9,64456.64,66756.984
66920.63,66409.29,64631.12,66704.05
67285.91,66530.14,65126.68,66555.07
67976.22,66599.516,65712.64,66367.03
68289.38,67099.69,65722.54,66613.31
68516.72,67637.914,66034.08,66993.32
69024.71,67920.82,65644.84,67190.93
69238.04,68132.914,66067.42,67355.016
69957.19,68684.91,66180.25,67864.74
70228.63,68972.72,66741.51,68182.29
70157.17,69228.266,66933.45,68398.92
69429.95,69370.34,67713.36,68550.375
69543.88,69535.484,67818.37,68759.61
69373.53,69119.125,67292.75,68500.6
69409.96,68725.67,67173.5,68139.51
69475.25,68462.83,67110.77,67851.31
69236.26,68528.73,67426.48,67824.89
68532.72,68528.34,66867.76,67741.23
68052.54,68245.31,66125.08,67472.86
67828.13,67780.484,65950.67,67151.94
67627.66,67513.805,65398.47,66941.1
67089.79,67060.7,65151.52999999999,66670.72
66588.07,66601.88,65050.53,66431.06
66511.81,66106.52,64893.27999999999,66212.336
65956.74,65781.45,64190.07000000001,66054.58
65319.87,65344.523,63260.66,65855.69
64681.9,64876.15,62757.28,65617.22
64719.05,64348.34,62135.25,65321.477
64438.95999999999,64105.434,61626.29,65017.89
64139.31999999999,63960.258,61787.01,64779.69
64280.18,64047.664,61323.28,64642.75
64649.04,64084.793,61028.53,64493.92
64856.59999999999,64429.676,61039.13,64402.203
64913.36,64814.85,61696.80999999999,64469.445
65204.46000000001,65218.59,61580.91000000001,64617.17
64385.670000000006,65456.7,61566.56,64752.652
64291.91000000001,65446.71,61847.17,64760.344
64770.22,64998.535,61150.83,64632.477
64756.96,64643.25,61433.590000000004,64503.45
65577.42,64587.227,61757.15000000001,64549.34
65577.44,64065.395,62675.71,64250.13
65605.28,64051.395,63143.71000000001,64290.707
65187.84,63804.516,63492.50000000001,64231.16
64130.950000000004,63382.3,62835.950000000004,64080.062
63100.1,62453.816,62080.43,63413.91
61884.31,61602.02,60834.56999999999,62753.695
60986.08,60739.395,59829.10999999999,62021.027
60325.41,59839.652,58970.67999999999,61269.89
59647.53,58776.133,57542.05000000001,60167.543
58343.85,58054.25,56578.450000000004,59379.18
57033.77,57371.453,55735.53,58695.137
56097.11,56481.363,55280.590000000004,57921.484
54520.58,55210.223,54615.04,56724.227
53587.409999999996,54209.258,53414.74999999999,55790.703
52508.729999999996,53063.074,52005.87,54797.535
51139.05,52038.258,50938.34,53888.47
49907.0,51372.67,49376.84,52946.176
49104.83,50024.473,48622.11,51706.008
48084.66999999999,49033.594,47871.39,50684.297
47051.81,48199.99,47493.45,49776.22
46667.72,47295.023,46850.06,48844.438
46289.24,46429.457,46259.4,47968.367
46106.72,46030.414,45303.97,47363.26
46362.71,45804.395,45123.5,46913.094
46058.77,45585.656,44407.51,46577.152
45810.35,45671.836,44074.7,46498.97
45455.69,45775.4,43548.99,46453.535
45593.18,45760.996,43495.21,46375.0
45725.21,45287.145,43671.18,46049.06
45883.32,45407.645,43298.59,46163.92
45778.76,45414.387,42836.0,46324.73
45735.14,45675.4,42850.78,46614.273
45900.7,45678.66,43138.17,46734.88
45895.52,45668.99,42897.28,46917.547
46149.05,45875.938,42876.74,47176.684
46079.1,46174.613,42545.95,47477.65
46547.89,46855.56,42355.7,47879.164
47126.35,47350.367,42018.27,48300.684
47534.49,48330.19,41800.42,48945.426
48906.57,49582.785,41816.04,49660.613
49901.83,50951.773,41419.69,50375.82
50876.99999999999,52450.04,40695.94,51408.848
52719.14,53846.37,40266.1,52392.45
55561.51000000001,54938.652,40057.49,53207.11
57825.88999999999,56763.66,40171.51,54412.195
59525.32,58640.945,40044.88,55987.32
61151.47000000001,60023.965,40083.45,57617.62
62270.65,60995.684,40314.98,59072.418
62629.51,62251.098,41222.02,60750.42
63415.49,62806.51,41352.85,62151.344
63605.41,63089.223,42121.98,63245.69
64537.86,63491.766,42575.09,64168.48
65022.21,63679.97,43614.08,65031.83
65295.93,63965.098,44405.13,65639.09
64741.91,64339.71,45170.34,66077.02
64456.64,64498.94,45804.35,66181.305
64631.12,64786.582,46541.89,66344.66
65126.68,64592.523,46817.48,66042.375
65712.64,64635.6,47506.25,65701.695
65722.54,64914.926,48181.32,65526.49
66034.08,65792.1,48844.7,65987.76
65644.84,65976.97,49543.62,66100.79
66067.42,66097.23,50224.10999999999,66105.5
66180.25,65966.59,50737.79,65989.96
66741.51,66458.31,51256.54,66398.33
66933.45,66488.69,52052.85,66540.62
67713.36,66608.836,52243.75,66656.4
67818.37,66642.59,52461.29000000001,66742.19
67292.75,67104.02,52908.83,67235.12
67173.5,67137.04,52538.71,67423.27
67110.77,66675.92,51588.72,67142.89
67426.48,66292.09,51694.770000000004,66867.375
66867.76,66365.31,50874.41,66920.5
66125.08,66412.23,50194.36,66911.76
65950.67,66042.77,49657.01,66582.414
65398.47,65452.234,49113.68,66184.68
65151.52999999999,65283.77,48766.19999999999,66031.7
65050.53,64764.71,48267.280000000006,65699.42
64893.27999999999,64271.223,48084.55,65394.832
64190.07000000001,63886.68,47714.22,65204.78
63260.66,63862.332,47720.76,65171.58
62757.28,63195.965,47047.14,64810.4
62135.25,62509.51,47354.84,64390.48
61626.29,61934.523,47133.15,64007.95
61787.01,61709.336,47226.98,63683.203
61323.28,61366.855,47021.66,63275.035
61028.53,61630.758,46894.46,63104.562
61039.13,61755.434,46783.54,62856.55
61696.80999999999,61949.598,47159.32,62522.965
61580.91000000001,62279.7,47663.05,62293.926
61566.56,62995.22,48310.78,62374.824
61847.17,63221.29,48817.35,62393.4
61150.83,63102.848,49553.5,62250.68
61433.590000000004,63183.14,49737.99,62303.68
61757.15000000001,62753.72,50305.63,62126.227
62675.71,62490.777,50706.14000000001,62071.676
63143.71000000001,62129.723,51585.3,61800.082
63492.50000000001,62269.086,51930.340000000004,61910.734
62835.950000000004,62237.777,52111.479999999996,62018.844
62080.43,61956.953,51760.36,62104.703
60834.56999999999,60906.15,51387.16,61553.062
59829.10999999999,60013.62,50622.84,61052.23
58970.67999999999,59046.17,49819.27,60388.543
57542.05000000001,58121.29,49434.36,59629.695
56578.450000000004,57018.242,48497.28,58384.68
55735.53,56002.402,47925.03999999999,57223.484
55280.590000000004,55030.168,47517.04,56069.273
54615.04,54236.25,47301.01,55047.277
53414.74999999999,53333.42,47438.33,53926.234
52005.87,52664.445,46754.18,53114.53
50938.34,51742.418,45824.75,52207.32
49376.84,50639.65,45276.74,51231.562
48622.11,49711.324,44289.51,50311.99
47871.39,48369.934,43539.38,49017.906
47493.45,47595.117,42681.46,48102.52
46850.06,46944.45,42028.73,47299.465
46259.4,46386.957,41258.07,46607.363
45303.97,45897.555,40514.84,45921.246
45123.5,45534.5,39831.75,45394.117
44407.51,45043.07,39250.77,44797.555
44074.7,44683.633,38852.17,44436.6
43548.99,44355.816,38333.06,44079.324
43495.21,44205.184,38309.51,43912.867
43671.18,44061.38,38425.94,43782.113
43298.59,43750.848,38086.32,41044.27
42836.0,43273.902,38001.35,40096.0
42850.78,43152.203,37957.89,39914.37
43138.17,43003.867,38014.35,39847.05
42897.28,42952.723,38339.73,39936.438
42876.74,43138.26,38351.04,40295.0
42545.95,43150.785,38545.56,40645.875
42355.7,43070.844,38534.16,41027.785
42018.27,42806.55,39248.18,41265.344
41800.42,42694.797,39708.19,41689.203
41816.04,42450.723,40117.62,42091.254
41419.69,42284.023,40428.62,42560.7
40695.94,42227.992,41770.02,43012.047
40266.1,42267.375,42233.45,43565.113
40057.49,41911.062,43126.58,43875.938
40171.51,41645.34,44354.42,44168.695
40044.88,41817.508,46944.07,44538.832
40083.45,42337.68,48700.83,45010.758
40314.98,42588.06,50361.76,45387.793
41222.02,42814.227,51542.92,45739.19
41352.85,43376.066,53479.70999999999,46306.973
42121.98,44177.043,53852.27,47077.797
42575.09,44589.4,54483.97,47789.22
43614.08,45103.793,55188.51,48550.51
44405.13,45510.77,55808.99,49424.88
45170.34,46037.223,56275.65,50231.816
45804.35,46858.695,56740.31,51323.08
46541.89,47423.758,57237.65,52260.543
46817.48,48287.473,57892.39,53669.87
47506.25,48829.93,58360.95,55115.527
48181.32,49033.97,58739.6,56176.375
48844.7,49414.004,58982.009999999995,57065.66
49543.62,50201.652,58828.41,58430.08
50224.10999999999,50639.41,58929.9,59485.164
50737.79,50893.11,59190.03,60013.402
51256.54,51265.727,59335.76,60288.457
52052.85,51828.324,59494.35,60877.37
52243.75,52213.72,60103.869999999995,61321.008
52461.29000000001,52455.137,60486.06,61415.254
52908.83,52525.395,60827.34999999999,61216.504
52538.71,52701.08,60737.02,61261.02
51588.72,52934.707,60269.89000000001,61350.46
51694.770000000004,52558.74,59999.34,60991.62
50874.41,51812.574,59939.69,60303.01
50194.36,51769.75,59851.58999999999,60060.37
49657.01,51414.94,59450.72,59594.957
49113.68,50698.383,58631.50000000001,58897.113
48766.19999999999,50206.656,57961.4,58250.965
48267.280000000006,50023.535,57992.0,57743.047
48084.55,49745.59,57833.27,57132.254
47714.22,49347.707,57747.02,56473.547
47720.76,49093.17,57522.70999999999,55930.066
47047.14,49135.066,57289.85,55485.992
47354.84,49016.4,56723.8,55102.17
47133.15,48700.008,56537.73000000001,54798.645
47226.98,48725.39,56102.24999999999,54762.363
47021.66,48977.086,55719.8,54748.242
46894.46,49009.484,55173.83,54682.875
46783.54,49017.945,55217.659999999996,54726.855
47159.32,48980.52,55171.4,54836.39
47663.05,49035.3,55559.97,54795.668
48310.78,49265.184,56043.44000000001,54872.48
48817.35,49692.613,56125.05999999999,55107.777
49553.5,50193.145,56233.33999999999,55477.734
49737.99,50473.082,56670.41,55509.95
50305.63,50886.695,56655.670000000006,55843.566
50706.14000000001,51156.605,56837.85999999999,56229.934
51585.3,51470.23,57264.35,56616.684
51930.340000000004,51588.195,58048.7,56536.664
52111.479999999996,52067.793,58244.89,56793.04
51760.36,52403.965,58299.3,57039.617
51387.16,52450.668,57716.86,57184.594
50622.84,51914.93,56985.77,56561.11
49819.27,51515.855,55477.33999999999,56139.547
49434.36,51075.29,54429.06,55607.99
48497.28,50562.004,53607.33000000001,54961.5
47925.03999999999,49974.285,52351.990000000005,53867.668
47517.04,49339.754,51709.66999999999,52939.973
47301.01,48857.105,51214.28,52102.465
47438.33,48483.03,50064.68,51393.77
46754.18,47894.14,49042.72,50500.883
45824.75,47551.26,48174.53,49827.043
45276.74,47058.098,47425.31,49214.97
44289.51,46240.164,46477.73,48540.87
43539.38,45404.277,45922.84,47802.88
42681.46,44267.688,45234.19,46530.14
42028.73,43436.695,44501.18,45643.47
41258.07,42652.746,43559.1,44903.547
40514.84,41879.65,42437.23,44175.246
39831.75,41170.133,41970.54,43482.758
39250.77,40675.75,41788.3,43048.184
38852.17,40233.28,41048.86,42728.41
38333.06,39703.92,40747.69,42337.176
38309.51,39278.11,40612.4,41992.676
38425.94,38974.652,40382.59,41774.434
38086.32,38868.484,40093.2,41681.414
38001.35,38298.3,39782.16,41893.21
37957.89,38272.99,39394.5,41630.637
38014.35,38361.434,39201.85,41395.656
38339.73,38348.69,39187.74,41046.543
38351.04,38438.11,39227.4,40893.004
38545.56,38656.34,39339.53,40913.68
38534.16,38879.812,39697.63,40958.676
39248.18,39095.574,39912.05,41022.23
39708.19,39217.93,40268.12,41012.03
40117.62,39818.348,40343.17,41394.906
40428.62,40544.383,40360.0,41830.95
41770.02,41250.7,40539.96,42240.496
42233.45,42076.54,40856.35,42505.41
43126.58,43427.117,41125.18,43201.395
44354.42,44332.35,41400.41,43562.055
46944.07,45371.22,41665.66,43931.45
48700.83,47034.742,41796.07,44226.5
50361.76,49123.93,42095.14,45020.137
51542.92,50667.793,42992.82,45554.04
53479.70999999999,51878.25,43589.6,46000.895
53852.27,53185.91,44600.01,46167.42
54483.97,54269.58,45227.81,46743.812
55188.51,54754.176,45477.66,47006.57
55808.99,55115.246,46352.34,47332.855
56275.65,55989.086,47628.37,47424.96
56740.31,55805.082,48411.44,47408.047
57237.65,56403.58,49436.1,48180.387
57892.39,56775.64,49981.35,48859.055
58360.95,57800.184,50306.24,49628.18
58739.6,58202.945,50938.75000000001,50494.684
58982.009999999995,58605.598,51579.09,51296.824
58828.41,58939.797,51994.55,51980.863
58929.9,59642.594,52213.08,52625.754
59190.03,59450.41,52794.32,52977.906
59335.76,59291.92,53143.17999999999,53283.31
59494.35,59390.527,53060.79000000001,53667.992
60103.869999999995,59832.844,53534.009999999995,54042.008
60486.06,59751.78,54099.97,54179.754
60827.34999999999,59832.66,54498.49,54328.32
60737.02,59938.625,54476.01999999999,54498.74
60269.89000000001,60410.652,54914.91,54645.605
59999.34,60182.17,54545.17,54418.94
59939.69,59662.14,54108.84,54029.94
59851.58999999999,59243.195,53632.16,53704.617
59450.72,59409.062,52961.67,53535.94
58631.50000000001,59135.555,52240.67,53267.77
57961.4,58663.395,52188.21,52986.59
57992.0,57937.473,51487.13999999999,52522.85
57833.27,57558.555,50872.72,52018.48
57747.02,57224.07,50310.87,51570.51
57522.70999999999,57035.152,49932.69,51295.406
57289.85,56878.297,49571.41,51095.85
56723.8,57047.652,49573.54,50950.344
56537.73000000001,56651.258,49394.49,50553.285
56102.24999999999,56464.7,49254.78,50367.277
55719.8,56405.16,48937.3,50272.234
55173.83,56510.125,49149.560000000005,50273.918
55217.659999999996,56360.684,48901.33,50061.523
55171.4,56199.453,49166.979999999996,49907.395
55559.97,56344.27,48885.45999999999,49919.156
56043.44000000001,56525.723,49159.01,50066.41
56125.05999999999,56900.51,49275.43,50178.98
56233.33999999999,57339.996,49808.17999999999,50412.816
56670.41,57449.047,49987.45,50573.96
56655.670000000006,57191.203,50002.91,50764.445
56837.85999999999,57304.09,50272.44000000001,51046.727
57264.35,57331.71,50362.84,51239.996
58048.7,57153.883,50874.24999999999,51324.297
58244.89,56965.523,52139.42,51490.61
58299.3,57168.324,52610.380000000005,51723.824
57716.86,57192.637,52649.77,51828.24
56985.77,56895.3,51897.12999999999,51732.426
55477.33999999999,55898.47,51562.990000000005,51315.555
54429.06,55177.02,50227.54000000001,50894.258
53607.33000000001,54112.758,49342.74,50166.836
52351.990000000005,53151.934,48699.259999999995,49394.746
51709.66999999999,52062.023,48293.979999999996,48661.543
51214.28,51285.992,47788.31,47944.867
50064.68,50733.637,47048.51,47326.555
49042.72,50362.996,46287.88,46814.36
48174.53,49241.312,46783.33,46155.75
47425.31,48412.285,46348.75,45495.15
46477.73,47654.543,45592.14,44877.89
45922.84,46953.08,44721.78,44266.277
45234.19,45735.098,43996.33,43786.047
44501.18,45077.74,43506.4,43174.887
43559.1,44337.707,42722.09,42502.34
42437.23,43703.79,42249.74,41909.75
41970.54,42727.695,41925.21,41305.848
41788.3,41939.805,41306.69,40608.836
41048.86,41464.85,40776.77,40139.457
40747.69,41350.88,40230.5,39881.57
40612.4,40793.35,38869.22,39449.01
40382.59,40597.6,38280.64,39187.72
40093.2,40555.047,38269.97,39026.72
39782.16,40518.316,38233.12,38873.562
39394.5,40384.043,37968.81,38243.285
39201.85,40167.938,37764.62,37767.35
39187.74,39763.082,37832.55,37449.17
39227.4,39833.62,37734.69,37555.63
39339.53,39568.094,38270.52,37388.13
39697.63,39694.707,38395.69,37623.977
39912.05,39750.367,38489.06,37752.277
40268.12,39989.43,38525.87,38045.59
40343.17,40058.57,38566.06,38119.387
40360.0,40342.06,38396.11,38513.645
40539.96,40383.66,38595.91,38719.758
40856.35,40367.21,38614.21,38916.58
41125.18,40441.88,39202.94,38945.88
41400.41,40735.805,38716.8,39294.754
41665.66,40999.727,38653.4,39531.26
41796.07,41402.387,38582.54,39757.88
42095.14,42141.6,38798.25,39664.55
42992.82,42562.01,38936.66,39617.977
43589.6,43002.688,38937.2,39576.207
44600.01,43919.12,39295.99,39784.375
45227.81,45289.863,39639.58,39650.887
45477.66,46105.246,39932.13,39727.15
46352.34,46879.746,40423.23,39969.38
47628.37,47279.086,41007.31,40098.195
48411.44,48398.26,42297.54,40028.133
49436.1,48772.367,42903.02,40185.707
49981.35,49969.516,43906.33,41303.88
50306.24,50753.7,44700.48,42053.105
50938.75000000001,51936.242,45530.75,42599.125
51579.09,51907.742,46410.43,43029.863
51994.55,52347.93,47284.61,43890.348
52213.08,52822.023,47671.96,44727.445
52794.32,53735.05,48219.54,45430.176
53143.17999999999,53627.85,48918.95,45873.023
53060.79000000001,53826.58,49276.83,46568.543
53534.009999999995,53997.418,49816.66,47218.145
54099.97,54353.06,50461.74,47699.562
54498.49,54372.695,51206.83,48069.703
54476.01999999999,54524.02,51931.7,48467.715
54914.91,54635.953,52235.28,48803.184
54545.17,54951.125,51894.94,49030.156
54108.84,54866.246,51307.15,49067.496
53632.16,54506.234,51172.05999999999,49007.85
52961.67,53943.426,50948.939999999995,48930.492
52240.67,53890.035,50824.50000000001,48871.49
52188.21,53222.77,50453.65,48467.4
51487.13999999999,52479.387,50466.01,48140.85
50872.72,52163.3,50050.52999999999,48056.44
50310.87,52106.24,50429.61,47864.86
49932.69,51418.043,50356.61,47258.875
49571.41,50855.062,50226.12,46871.562
49573.54,50493.203,49740.21,46630.566
49394.49,50508.98,49591.53,46504.96
49254.78,50322.49,49443.45,46229.02
48937.3,50301.598,49181.880000000005,46210.52
49149.560000000005,50253.832,48877.97,46182.703
48901.33,50379.688,49342.04000000001,46274.07
49166.979999999996,50481.023,49228.55,46263.406
48885.45999999999,50564.562,49377.97,46342.42
49159.01,50819.918,49184.36,46574.605
49275.43,50962.87,49787.99,46779.332
49808.17999999999,51197.94,50155.350000000006,46856.934
49987.45,51454.44,50576.86,47052.17
50002.91,51839.477,50853.95,47427.41
50272.44000000001,51909.145,50885.9,47736.78
50362.84,51757.87,51206.68,47896.47
50874.24999999999,51880.73,51885.81,48311.383
52139.42,51849.51,52744.0,48596.375
52610.380000000005,51785.02,53688.05,48769.57
52649.77,52361.35,53541.59999999999,49260.02
51897.12999999999,52632.785,53048.61,49648.06
51562.990000000005,52325.824,52461.95,49781.715
50227.54000000001,51308.82,52075.74999999999,49424.297
49342.74,50805.637,51271.259999999995,49390.914
48699.259999999995,50019.242,50430.689999999995,49110.48
48293.979999999996,49274.316,49824.899999999994,48803.582
47788.31,48381.99,49652.64,48278.84
47048.51,48140.48,49123.91,48203.906
46287.88,47914.24,48586.14,48056.35
46783.33,47453.254,48643.18,47755.3
46348.75,46505.184,49228.21,47133.645
45592.14,46555.953,48857.05999999999,47151.38
44721.78,46393.137,48288.06,46999.28
43996.33,45757.61,47647.0,46567.926
43506.4,44771.97,46787.22,45946.297
42722.09,43758.656,45995.15,45417.707
42249.74,43122.65,45378.1,44984.2
41925.21,42519.625,44582.37,44484.51
41306.69,41655.7,43994.27,43796.324
40776.77,41327.184,43428.07,43408.043
40230.5,40931.547,42900.85,42937.02
38869.22,40552.254,42296.83,42473.844
38280.64,39848.83,41589.17,41839.824
38269.97,39116.832,41324.96,41193.71
38233.12,38581.58,41148.02,40695.977
37968.81,38539.56,41108.61,40502.99
37764.62,38457.605,40818.92,40668.688
37832.55,38561.145,40658.58,40947.188
37734.69,38352.918,40603.42,40950.734
38270.52,38344.594,40705.82,41082.812
38395.69,38061.098,40948.34,41047.363
38489.06,38371.4,41036.06,41447.5
38525.87,38529.457,41076.8,41754.57
38566.06,38562.2,41078.94,42000.938
38396.11,38381.94,41943.74,42172.402
38595.91,38462.14,42172.38,42558.258
38614.21,38289.758,42713.5,42813.51
39202.94,38286.242,43652.07,43196.453
38716.8,38218.645,45439.9,43677.062
38653.4,38633.176,46519.69,44461.734
38582.54,38444.062,47755.35,44939.88
38798.25,38320.777,49708.939999999995,45484.094
38936.66,38500.098,53728.28,46478.93
38937.2,38986.152,56115.759999999995,47664.266
39295.99,39339.516,58022.69,48876.824
39639.58,39643.11,59863.45,50104.703
39932.13,40331.18,61371.380000000005,52035.785
40423.23,41019.78,62144.44000000001,53860.527
41007.31,41430.9,62584.450000000004,55421.344
42297.54,42017.72,63329.26,56936.99
42903.02,42597.72,64482.16,59546.26
43906.33,43873.812,65284.93,61571.105
44700.48,44720.375,65686.16,62870.17
45530.75,45541.586,65760.72,63592.16
46410.43,46536.438,65204.229999999996,64696.65
47284.61,47297.19,65477.48000000001,65233.17
47671.96,47988.934,65844.17,65393.51
48219.54,48720.75,65924.26,65394.617
48918.95,49384.32,66267.41,65977.414
49276.83,49865.035,66541.74,66165.88
49816.66,50319.844,66879.48,66149.234
50461.74,50580.934,67012.43,66039.88
51206.83,51116.68,66545.42,66715.36
51931.7,51459.0,67009.42,67045.4
52235.28,51652.008,67317.4,67216.23
51894.94,51873.13,67114.37,67443.86
51307.15,52125.348,66250.3,68279.83
51172.05999999999,51738.08,66235.28,68339.836
50948.939999999995,51086.098,66321.35,67828.49
50824.50000000001,50711.758,66429.22,67304.234
50453.65,50641.402,66591.95,67459.0
50466.01,50398.066,66388.56,67355.12
50050.52999999999,50047.773,65610.0,67110.586
50429.61,49876.23,64705.01,66953.914
50356.61,49821.293,64121.69,67242.484
50226.12,49861.99,64044.85,67447.3
49740.21,49815.547,63366.11000000001,67657.41
49591.53,49711.797,63014.73,67760.93
49443.45,49706.934,63241.58999999999,67868.68
49181.880000000005,49498.957,63029.44,67757.81
48877.97,49497.99,62534.99,67699.05
49342.04000000001,49540.637,62129.36,67574.3
49228.55,49848.465,62143.33999999999,67400.81
49377.97,50314.14,61504.55,67385.16
49184.36,50734.004,61660.79000000001,67531.42
49787.99,51180.805,61335.619999999995,67667.37
50155.350000000006,51560.484,61583.799999999996,67477.45
50576.86,51933.617,61576.05,67494.17
50853.95,52251.586,62078.33000000001,67607.69
50885.9,52452.164,62044.38,67650.09
51206.68,52566.08,62631.66,67146.16
51885.81,52385.406,62743.42,66757.28
52744.0,52340.918,63678.94,66528.59
53688.05,52621.895,64662.78,66587.91
53541.59999999999,52939.7,65898.61,66342.02
53048.61,53451.883,65868.78,66523.17
52461.95,53299.742,65676.31,66550.8
52075.74999999999,52933.21,65131.87,66117.42
51271.259999999995,52307.426,64441.03,64875.59
50430.689999999995,52010.363,62995.62,64017.66
49824.899999999994,51561.402,61814.77,63309.0
49652.64,51234.793,61089.79,62510.734
49123.91,50788.11,59954.799999999996,61212.3
48586.14,50699.055,59432.27,60548.164
48643.18,50369.043,58359.3,59986.207
49228.21,49953.97,57313.939999999995,59264.188
48857.05999999999,49500.016,56518.11,58135.59
48288.06,49437.133,55697.16,57677.254
47647.0,49039.723,54390.36,57209.13
46787.22,48440.93,53444.32,56502.49
45995.15,47953.8,51713.47,55292.52
45378.1,46808.523,50725.37000000001,54245.094
44582.37,46021.945,49758.51,53353.164
43994.27,45316.953,49166.81,52510.863
43428.07,44579.824,47836.90000000001,51382.86
42900.85,43880.332,47119.8,50591.934
42296.83,43506.69,46692.77,50051.812
41589.17,43141.67,46414.91,49597.64
41324.96,42681.62,45219.78,49013.33
41148.02,42126.832,44923.16,48498.895
41108.61,41918.47,44878.72,48202.113
40818.92,41821.844,44629.14,48011.2
40658.58,42151.62,44066.71,47092.375
40603.42,41576.74,43960.28,46526.695
40705.82,41647.168,44042.53,46348.047
40948.34,41557.33,44088.22,46115.484
41036.06,41664.152,44136.94,46074.223
41076.8,41811.336,44376.25,46125.926
41078.94,42005.844,44762.98,46238.26
41943.74,42253.79,44876.72,46412.54
42172.38,42630.086,45949.93,46587.875
42713.5,43507.37,46496.07,47201.613
43652.07,44452.79,47193.32,47853.42
45439.9,45590.43,48174.67,48610.0
46519.69,47315.246,49104.84,49538.645
47755.35,49436.098,49766.64,50922.324
49708.939999999995,51306.867,50982.02,52167.05
53728.28,52907.87,52365.12,53240.992
56115.759999999995,55105.156,55588.96,54538.14
58022.69,57827.207,57863.009999999995,56492.195
59863.45,59644.934,59717.37000000001,58155.36
61371.380000000005,60647.977,61509.54000000001,59426.73
62144.44000000001,61928.773,63164.83,60855.316
62584.450000000004,62604.52,64346.69000000001,62073.145
63329.26,63059.266,65035.95,63044.035
64482.16,63362.12,65734.12,63791.996
65284.93,63644.49,67051.6,64637.473
65686.16,64176.16,67652.13,65387.78
65760.72,64655.27,67943.96,65999.35
65204.229999999996,64985.156,68120.43,66375.3
65477.48000000001,65392.94,66851.29,66796.375
65844.17,65330.652,67073.55,66777.375
65924.26,65339.0,67766.69,66601.48
66267.41,65569.414,67480.82,66515.375
66541.74,65952.36,67000.12,66724.086
66879.48,66352.8,67406.41,67003.05
67012.43,66502.97,67589.99,67097.17
66545.42,66679.0,67826.94,67190.36
67009.42,66943.83,68342.09,67507.336
67317.4,66935.16,69466.18,67629.18
67114.37,66902.734,69915.33,67658.66
66250.3,66972.375,70054.13,67755.1
66235.28,66952.02,69904.19,67939.32
66321.35,66499.27,69163.41,67756.39
66429.22,66010.35,68977.19,67426.96
66591.95,65801.14,69245.62,67269.71
66388.56,65898.66,69199.3,67373.28
65610.0,65977.67,68838.13,67419.555
64705.01,65690.38,68383.68,67229.25
64121.69,65102.69,67635.7,66858.46
64044.85,64542.64,67079.99,66511.695
63366.11000000001,63867.992,66735.49,66116.34
63014.73,63344.816,66694.64,65809.805
63241.58999999999,62683.73,66539.55,65460.133
63029.44,62327.688,66017.93,65254.953
62534.99,62114.21,65583.15,65165.383
62129.36,61910.742,65173.979999999996,65080.61
62143.33999999999,61598.5,64512.92,64915.176
61504.55,61574.387,64382.67,64778.61
61660.79000000001,61557.465,64320.16,64671.13
61335.619999999995,61515.207,64089.35999999999,64509.305
61583.799999999996,61718.992,63867.81,64466.164
61576.05,61957.254,63755.41,64338.227
62078.33000000001,62296.188,63677.37,64331.87
62044.38,62592.668,64120.65,64385.17
62631.66,62990.594,64284.80000000001,64580.684
62743.42,62977.7,64563.829999999994,64537.38
63678.94,63145.383,64657.93,64727.547
64662.78,63138.242,65379.06,64925.723
65898.61,63379.35,65990.54,65321.03
65868.78,63414.812,66318.5,65553.664
65676.31,63747.992,65979.63,66038.39
65131.87,63495.055,65648.48,66250.33
64441.03,62945.457,65196.450000000004,66150.97
62995.62,61927.48,63595.83000000001,65396.445
61814.77,61204.695,62740.83000000001,64685.863
61089.79,60273.293,61613.99,63814.11
59954.799999999996,59398.14,60420.83999999999,62889.38
59432.27,58500.848,59693.30000000001,61660.54
58359.3,57752.066,58624.37,60662.04
57313.939999999995,57172.11,57586.35,59825.805
56518.11,56475.402,56935.19,58988.258
55697.16,55446.438,56392.43,57780.07
54390.36,54642.633,55540.15,56858.83
53444.32,53869.125,54376.73000000001,56049.316
51713.47,52886.855,53399.71,55143.473
50725.37000000001,52139.445,52549.23,54183.58
49758.51,50602.297,51676.44999999999,52881.297
49166.81,49595.56,50578.45,51861.56
47836.90000000001,48711.977,49657.66,50975.0
47119.8,47933.82,48179.159999999996,50131.117
46692.77,47014.3,47369.33,49252.035
46414.91,46378.734,47470.47,48543.645
45219.78,46019.52,47136.61,48033.312
44923.16,45682.445,46886.99,47556.047
44878.72,45058.027,46410.57,46925.766
44629.14,44778.86,45795.18,46571.285
44066.71,44807.49,45521.58,46498.297
43960.28,44816.508,44861.12,46194.473
44042.53,44403.734,44384.32,45871.15
44088.22,44235.996,44566.7,45787.848
44136.94,44281.473,44640.22,45875.766
44376.25,44277.332,45011.03,45942.684
44762.98,44376.3,45505.54,46132.496
44876.72,44659.426,45710.09,46401.805
45949.93,45211.03,45761.47,46840.582
46496.07,45831.035,46688.65,47221.19
47193.32,47022.89,47248.62,48092.918
48174.67,48303.758,47668.92,49019.336
49104.84,49651.125,48452.99,49990.668
49766.64,51436.875,49867.74,51035.734
50982.02,52926.695,50619.1,52100.613
52365.12,54003.926,51464.91999999999,52923.36
55588.96,55189.105,53081.26,53741.977
57863.009999999995,56816.285,56396.07,54692.496
59717.37000000001,58951.656,58554.22,56304.53
61509.54000000001,60685.688,59972.51,57920.84
63164.83,61774.227,61589.869999999995,59310.645
64346.69000000001,63116.53,63360.159999999996,60857.527
65035.95,64010.23,64263.049999999996,62271.617
65734.12,64724.043,65257.9,63536.418
67051.6,65283.17,65755.47,64547.1
67652.13,65595.27,65642.37,65587.63
67943.96,66192.84,65790.63,66460.92
68120.43,66652.97,65706.64,67119.586
66851.29,66929.26,66082.08,67467.37
67073.55,67388.914,65432.65,67913.68
67766.69,67044.11,65621.52,67651.32
67480.82,66854.65,65644.04,67271.39
67000.12,67116.0,65686.49,67143.19
67406.41,67523.21,65961.55,67304.26
67589.99,67406.14,65745.78,67163.48
67826.94,67453.516,65971.29,67108.84
68342.09,67578.05,66725.61,67156.0
69466.18,67948.6,67046.7,67521.15
69915.33,68219.68,67648.29,67806.32
70054.13,68677.586,68167.63,68185.48
69904.19,68935.46,68615.12,68469.4
69163.41,69214.65,68645.51,68840.74
68977.19,69093.69,68437.3,68852.805
69245.62,68513.586,68174.1,68472.39
69199.3,68100.8,68317.59,68162.734
68838.13,68232.11,68628.77,68213.93
68383.68,68179.51,68741.38,68143.64
67635.7,67859.42,68497.21,67886.77
67079.99,67405.2,67740.32,67558.58
66735.49,67080.85,67951.41,67329.99
66694.64,66428.76,67341.56,66934.87
66539.55,65854.63,67315.42,66628.75
66017.93,65511.63,66483.94,66491.51
65583.15,65515.21,66163.9,66500.414
65173.979999999996,65016.906,65738.59,66266.22
64512.92,64662.184,65271.82000000001,66078.31
64382.67,64360.65,64425.44999999999,65905.914
64320.16,64257.67,63627.86,65718.695
64089.35999999999,64146.684,63071.38,65522.027
63867.81,64377.273,62823.92999999999,65454.26
63755.41,64451.54,62873.04,65333.586
63677.37,64559.473,62882.97,65131.926
64120.65,64582.324,63037.729999999996,64976.246
64284.80000000001,64657.73,63455.29,64881.94
64563.829999999994,64885.227,63852.08,64955.734
64657.93,64766.605,64533.87,64835.26
65379.06,64819.777,64388.84,64928.42
65990.54,64782.195,65008.12,65023.3
66318.5,64893.043,65663.89,65272.707
65979.63,64751.67,66543.29,65257.156
65648.48,64648.62,66174.15,65367.633
65196.450000000004,64162.895,65966.29,65267.047
63595.83000000001,63525.332,65352.21,64992.04
62740.83000000001,62562.35,64089.05,64186.598
61613.99,61567.758,62887.49,63341.305
60420.83999999999,60663.23,62179.94,62492.113
59693.30000000001,59927.85,60760.7,61727.895
58624.37,58721.715,59445.42,60422.438
57586.35,57995.34,58720.97,59491.957
56935.19,57142.605,58056.44999999999,58584.043
56392.43,56256.027,57253.02,57709.754
55540.15,55167.426,56036.29,56589.645
54376.73000000001,54450.29,55331.29,55857.016
53399.71,53655.047,54264.61,55146.535
52549.23,52675.4,53192.39,54318.7
51676.44999999999,51975.703,52434.68,53420.17
50578.45,50877.684,51632.99,52417.54
49657.66,50165.723,51073.3,51671.258
48179.159999999996,49339.69,50169.90000000001,50866.586
47369.33,48404.652,49502.06,49929.305
47470.47,47381.504,48552.7,48900.734
47136.61,46682.832,48544.009999999995,48059.562
46886.99,46565.953,47817.83,47663.945
46410.57,46348.113,47172.76,47269.17
45795.18,46191.125,46455.13,46980.344
45521.58,46074.934,46439.33,46726.34
44861.12,45809.3,46137.5,46522.41
44384.32,45290.832,45671.21,46167.25
44566.7,45078.152,45429.66,45951.44
44640.22,44612.18,45719.0,45653.254
45011.03,44632.01,45776.91,45731.785
45505.54,44657.92,45937.52,45761.1
45710.09,44906.934,45611.77,46042.766
45761.47,45387.25,46152.99,46525.906
46688.65,45889.008,46532.91,47015.684
47248.62,46380.297,47170.0,47391.51
47668.92,47422.734,47069.46,48177.094
48452.99,48653.6,47685.15,49041.594
49867.74,49805.94,48500.72,49864.266
50619.1,51329.336,49157.48999999999,50773.887
51464.91999999999,52996.848,49927.74,51988.098
53081.26,54253.816,51073.38999999999,52990.703
56396.07,55288.39,52629.67,53815.773
58554.22,57014.74,55607.09,54907.09
59972.51,59215.39,57917.09,56667.793
61589.869999999995,60786.38,59433.92999999999,58386.895
63360.159999999996,61611.273,60947.090000000004,59777.2
64263.049999999996,62752.54,62859.41000000001,61387.582
65257.9,63583.758,63694.14,62936.36
65755.47,64196.066,63962.04000000001,64251.117
65642.37,64769.914,64499.41000000001,65384.58
65790.63,65146.39,65733.84,66460.94
65706.64,65118.375,66220.98,66916.555
66082.08,65122.934,66929.46,67120.266
65432.65,65077.78,67321.5,67016.51
65621.52,65559.8,66639.09,67248.06
65644.04,65425.84,67010.69,66954.58
65686.49,65450.883,67440.17,66572.83
65961.55,65575.586,67700.5,66257.26
65745.78,66049.305,67489.56,66438.73
65971.29,66273.59,67540.06,66532.28
66725.61,66231.57,67614.37,66437.97
67046.7,66255.74,68287.27,66385.73
67648.29,66934.69,68808.81,66939.63
68167.63,67149.28,69144.11,67232.86
68615.12,67315.68,69361.79,67421.43
68645.51,67543.3,69196.0,67639.65
68437.3,67972.8,68845.29,68088.586
68174.1,67911.09,68866.66,68188.37
68317.59,67562.94,68828.29,67992.05
68628.77,67208.49,68380.23,67787.23
68741.38,67425.88,69131.97,67925.82
68497.21,67481.96,68527.13,67912.82
67740.32,67456.06,67559.65,67808.79
67951.41,67271.15,67851.46,67660.516
67341.56,67041.89,66888.54,67490.52
67315.42,66710.13,66879.17,67242.77
66483.94,66205.98,66684.35,66924.67
66163.9,65826.234,66670.28,66736.93
65738.59,65443.766,65824.78,66563.27
65271.82000000001,64830.43,65746.58,66243.625
64425.44999999999,64481.95,65537.8,66042.92
63627.86,64093.4,64856.93000000001,65796.1
63071.38,63863.125,64133.65,65493.926
62823.92999999999,63380.535,63479.05,64962.367
62873.04,63178.125,63494.85,64464.566
62882.97,63220.742,63178.42,64049.57
63037.729999999996,63617.547,63992.33,63821.49
63455.29,63903.207,64299.07,63619.723
63852.08,64237.38,63974.79,63508.875
64533.87,64601.273,63849.59,63576.434
64388.84,64724.926,64082.98,63625.523
65008.12,64953.07,63635.51,63892.74
65663.89,64884.695,64171.76999999999,64060.094
66543.29,64869.992,64923.11,64286.57
66174.15,64663.914,65884.9,64317.68
65966.29,64731.168,65909.89,64631.93
65352.21,64259.883,65349.13,64643.195
64089.05,63657.027,64867.29,64508.926
62887.49,62591.688,64163.43,63738.113
62179.94,61566.46,63037.95,62888.027
60760.7,60621.52,62184.09,61988.83
59445.42,59903.29,61371.27999999999,61213.074
58720.97,58773.137,59577.03999999999,59993.566
58056.44999999999,57768.125,59009.66,58937.035
57253.02,56971.055,58266.53,58012.594
56036.29,56325.02,57474.08,57209.23
55331.29,55273.51,57197.91,56057.637
54264.61,54287.773,56376.22,55007.965
53192.39,53475.19,55271.36,54166.11
52434.68,52563.035,54066.26999999999,53334.652
51632.99,51800.234,52812.12,52493.074
51073.3,50700.723,51925.990000000005,51458.7
50169.90000000001,50044.164,51210.0,50696.37
49502.06,49482.242,50563.149999999994,50053.86
48552.7,48709.223,49843.67,49248.71
48544.009999999995,48039.0,49247.05000000001,48479.984
47817.83,47450.355,49099.030000000006,47776.08
47172.76,47293.176,48261.4,47433.52
46455.13,46858.938,47131.65,46981.793
46439.33,46396.02,46773.21,46515.242
46137.5,46052.008,46640.85,46202.535
45671.21,46026.78,46470.64,46163.773
45429.66,45595.92,45850.67,46156.938
45719.0,45559.28,45824.23,46092.617
45776.91,45341.758,45828.54,45904.926
45937.52,45527.754,45971.45,46032.82
45611.77,45613.203,46161.65,46145.336
46152.99,45823.645,46230.65,46320.47
46532.91,45724.918,46316.18,46365.617
47170.0,46138.45,46477.04,46730.97
47069.46,46696.805,46649.08,47067.312
47685.15,47610.703,47000.37,47755.56
48500.72,48219.316,47736.89,48205.77
49157.48999999999,49232.723,48391.68,48869.285
49927.74,50692.906,49650.280000000006,49606.785
51073.38999999999,51872.57,50200.84,50509.5
52629.67,53049.38,51223.38999999999,51384.734
55607.09,54336.477,52630.66999999999,52288.812
57917.09,56285.867,56350.13,53362.582
59433.92999999999,58530.27,58599.990000000005,55099.656
60947.090000000004,60234.434,60638.58,56928.46
62859.41000000001,61195.438,62285.0,58550.027
63694.14,62322.203,64359.58,60360.24
63962.04000000001,63196.438,65249.719999999994,62291.336
64499.41000000001,63726.047,65987.27,64004.2
65733.84,63914.37,66629.51,65316.03
66220.98,64075.7,67306.65,66576.54
66929.46,64516.402,67483.31,67440.21
67321.5,64862.176,67669.63,67855.5
66639.09,65237.242,67890.51,67961.66
67010.69,65961.57,67252.74,68278.305
67440.17,65800.67,67297.17,67897.03
67700.5,65937.76,67987.88,67507.51
67489.56,66359.055,68481.89,67327.61
67540.06,67076.18,67734.29,67630.35
67614.37,67180.92,67659.46,67647.12
68287.27,67256.875,67819.74,67576.27
68808.81,67302.22,68288.63,67517.586
69144.11,67999.62,68350.29,68080.164
69361.79,68345.09,68472.44,68480.984
69196.0,68487.32,68559.01,68702.766
68845.29,68528.95,68262.9,68849.35
68866.66,68641.586,68373.37,69110.98
68828.29,68318.29,67813.1,69020.05
68380.23,67931.766,67353.86,68794.9
69131.97,67721.625,67434.01,68621.81
68527.13,67601.88,67769.58,68607.164
67559.65,67768.29,67059.61,68692.36
67851.46,67425.06,66415.21,68429.875
66888.54,66657.66,65666.67,67848.305
66879.17,66646.445,65527.130000000005,67676.32
66684.35,65951.7,65292.64,67168.35
66670.28,65432.59,65212.55,66735.22
65824.78,65030.266,64959.02,66453.22
65746.58,64970.29,64872.79,66348.84
65537.8,64216.004,64366.88999999999,65906.445
64856.93000000001,63907.004,63532.73999999999,65609.65
64133.65,63665.54,62964.049999999996,65366.516
63479.05,63407.68,62665.48,65043.06
63494.85,62915.934,62309.450000000004,64555.38
63178.42,62699.99,62307.95,64159.715
63992.33,62848.535,62324.48,63958.496
64299.07,63027.082,62933.45,63755.375
63974.79,63853.047,62875.05,63949.36
63849.59,64584.85,63211.08000000001,64220.81
64082.98,64755.43,63261.24,64296.69
63635.51,64714.188,64150.99,64248.984
64171.76999999999,64820.465,64135.13,64336.043
64923.11,64583.21,64856.67,64258.19
65884.9,64556.61,65538.34,64332.855
65909.89,64438.97,66540.11,64307.473
65349.13,64520.59,65782.24,64508.832
64867.29,64187.715,65194.36000000001,64565.156
64163.43,63388.684,64776.64,64314.93
63037.95,62244.56,63017.670000000006,63434.457
62184.09,61426.19,61551.3,62697.598
61371.27999999999,60539.492,60328.49,61848.465
59577.03999999999,59719.484,59314.99999999999,60937.54
59009.66,58714.285,57977.83999999999,59689.227
58266.53,57603.367,57215.170000000006,58386.75
57474.08,56804.234,56267.06,57287.97
57197.91,56142.027,55546.46,56360.18
56376.22,55129.668,55059.89000000001,55200.844
55271.36,54580.453,54455.37999999999,54448.074
54066.26999999999,53883.137,53379.37,53711.88
52812.12,52987.62,52055.52,52903.594
51925.990000000005,52153.19,50862.26,52131.242
51210.0,50789.887,50263.26,50964.707
50563.149999999994,50025.812,49537.82,50189.9
49843.67,49345.53,48495.9,49501.902
49247.05000000001,48697.707,47453.99,48840.74
49099.030000000006,48053.45,46833.62,48104.54
48261.4,47696.484,46751.84,47532.137
47131.65,47593.3,46027.86,47230.555
46773.21,47137.55,45381.27,46791.637
46640.85,46440.4,44919.88,46164.23
46470.64,46151.49,44479.92,45851.785
45850.67,46129.01,44123.81,45780.863
45824.23,45965.164,43635.45,45748.27
45828.54,45720.562,43319.55,45192.637
45971.45,45690.973,43127.07,44814.812
46161.65,45746.19,43098.19,44513.625
46230.65,45925.336,42991.86,44338.594
46316.18,46207.387,42832.16,44268.902
46477.04,46573.69,43028.46,44215.535
46649.08,47004.824,42735.72,44237.51
47000.37,47597.105,42777.7,44225.62
47736.89,48268.035,43005.88,44462.703
48391.68,49122.11,43009.1,44742.688
49650.280000000006,50332.61,43370.82,45192.22
50200.84,51691.93,44064.05,45423.96
51223.38999999999,53170.906,44221.81,46005.01
52630.66999999999,54125.797,44138.69,46172.16
56350.13,55213.37,44504.43,46376.25
58599.990000000005,56912.91,44886.42,46353.57
60638.58,59562.61,45476.76,47436.73
62285.0,61391.812,45653.67,48180.54
64359.58,62574.793,46539.65,48679.742
65249.719999999994,63909.605,47469.01,48938.184
65987.27,64769.215,47974.15,49712.316
66629.51,65291.65,48250.25,50486.87
67306.65,65677.984,49060.58,51339.45
67483.31,66220.84,50452.19,51795.547
67669.63,66305.25,51536.47,52326.473
67890.51,66342.28,52041.57,52924.855
67252.74,66380.664,52629.969999999994,53501.547
67297.17,66961.3,53071.94,54222.57
67987.88,66500.64,53755.619999999995,54703.465
68481.89,66395.97,54355.54,55274.863
67734.29,66748.19,54964.39,56081.324
67659.46,67511.79,55520.1,56917.496
67819.74,67004.805,55586.159999999996,57198.453
68288.63,66717.21,55950.55999999999,57480.734
68350.29,66800.09,55968.54,57879.78
68472.44,67392.516,56412.06999999999,58347.617
68559.01,67367.94,56986.700000000004,58496.688
68262.9,67238.38,57254.009999999995,58525.492
68373.37,67173.35,57199.86,58543.31
67813.1,67282.72,56497.81,58457.5
67353.86,66992.72,56603.420000000006,58239.67
67434.01,66561.12,56306.66,57913.277
67769.58,66029.71,55731.17,57487.312
67059.61,66212.5,55258.48999999999,57228.9
66415.21,66155.73,54633.04,56937.19
65666.67,65588.016,54203.13,56508.43
65527.130000000005,64820.4,53446.80000000001,55993.066
65292.64,64535.11,53228.93,55556.77
65212.55,64008.23,52810.659999999996,55012.74
64959.02,63758.273,52703.770000000004,54718.547
64872.79,63546.375,52039.34,54473.84
64366.88999999999,63540.19,51512.89,54334.285
63532.73999999999,63269.258,50929.39,54039.457
62964.049999999996,63025.723,50392.079999999994,53812.965
62665.48,62470.438,50310.16,53430.824
62309.450000000004,62241.098,50651.82,53259.188
62307.95,62053.355,50457.509999999995,53062.066
62324.48,62131.785,50621.11,53028.574
62933.45,62372.227,50937.2,53130.555
62875.05,62712.258,51595.25,53412.797
63211.08000000001,63320.18,51892.06,53801.594
63261.24,63587.492,52284.32,54107.023
64150.99,63731.55,52508.34,54415.727
64135.13,63581.113,53402.19,54779.785
64856.67,63861.918,53691.98,55308.78
65538.34,63848.32,54069.920000000006,55612.78
66540.11,63872.082,55126.81999999999,55955.223
65782.24,63696.438,55640.15,56270.453
65194.36000000001,63918.723,55329.98999999999,56738.473
64776.64,63399.38,54728.57,56669.11
63017.670000000006,62618.285,53730.01,56278.805
61551.3,61566.92,52804.89,55596.656
60328.49,60434.207,51642.85999999999,54719.12
59314.99999999999,59209.945,50604.28999999999,53665.45
57977.83999999999,58232.38,49761.0,52702.184
57215.170000000006,56986.66,48654.810000000005,51787.59
56267.06,56269.426,47889.85999999999,50998.82
55546.46,55698.887,47201.96,50288.074
55059.89000000001,55078.727,46882.22,49599.703
54455.37999999999,53989.223,46536.92,48970.195
53379.37,53679.805,45921.06,48519.523
52055.52,53108.227,45108.28,47946.32
50862.26,52201.066,44441.7,47240.965
50263.26,50726.6,44074.18,46784.16
49537.82,49416.188,43177.02,45892.703
48495.9,48581.21,42375.47,45283.62
47453.99,47910.35,41770.75,44692.785
46833.62,46774.43,41440.63,43995.887
46751.84,45984.43,40964.01,43288.586
46027.86,45474.36,40610.28,42744.406
45381.27,45381.43,40050.9,42513.492
44919.88,44804.824,39579.44,42104.61
44479.92,44453.293,39092.73,41724.977
44123.81,44201.848,38582.25,41416.973
43635.45,44023.54,38187.59,41192.54
43319.55,43787.254,38197.97,40370.93
43127.07,43633.918,37786.87,39764.77
43098.19,43374.156,37600.1,39466.438
42991.86,43426.684,37752.9,39495.3
42832.16,43258.098,37623.29,39358.39
43028.46,43314.01,37386.85,39472.242
42735.72,43244.902,37507.06,39485.957
42777.7,43363.824,37323.46,39673.535
43005.88,43144.645,37594.62,39539.613
43009.1,43166.21,37653.24,39766.96
43370.82,43301.598,37817.88,39998.883
44064.05,43394.227,38178.04,40211.484
44221.81,43753.59,38055.95,40329.426
44138.69,44530.93,38153.85,40804.22
44504.43,45005.14,38468.65,40915.492
44886.42,45222.33,38678.34,40814.566
45476.76,46100.863,39100.07,40547.043
45653.67,46786.29,39455.55,40490.75
46539.65,47499.65,40053.42,40605.8
47469.01,47989.914,40297.03,40631.043
47974.15,49311.645,40955.05,40623.387
48250.25,50043.363,41301.12,40856.7
49060.58,50577.875,41505.84,41243.785
50452.19,50888.45,41929.71,41695.773
51536.47,51893.74,43335.59,41930.89
52041.57,52282.76,44349.15,42394.48
52629.969999999994,53541.242,44976.95,43677.805
53071.94,53887.03,45815.58,44443.402
53755.619999999995,54725.273,46414.86,45287.43
54355.54,54761.992,47049.56,46091.453
54964.39,55173.137,47924.799999999996,47045.285
55520.1,55521.24,48669.810000000005,47855.54
55586.159999999996,56270.19,48946.66,48725.215
55950.55999999999,56271.812,49565.31,49331.312
55968.54,56115.58,50074.65,49759.598
56412.06999999999,56145.31,50629.030000000006,50215.03
56986.700000000004,56526.773,50846.509999999995,50694.2
57254.009999999995,56496.45,51763.50000000001,50839.145
57199.86,56643.168,52222.45,50984.168
56497.81,56654.58,52234.97,51022.38
56603.420000000006,56914.56,52014.91,51099.812
56306.66,56177.53,52146.18,50640.68
55731.17,55836.65,52040.08000000001,50497.008
55258.48999999999,55561.848,51078.0,50356.562
54633.04,55499.254,50273.56,50186.383
54203.13,54804.902,49979.97,49526.414
53446.80000000001,54099.32,49446.10999999999,49004.93
53228.93,53580.43,49151.71,48750.68
52810.659999999996,53372.95,48856.590000000004,48536.402
52703.770000000004,52875.465,48713.24999999999,48084.297
52039.34,52511.074,48164.49,47787.74
51512.89,52286.17,47859.81,47647.902
50929.39,52196.758,48157.95,47477.848
50392.079999999994,51651.54,47467.96,47041.95
50310.16,51276.047,47091.41,46814.387
50651.82,50953.96,46984.24,46700.59
50457.509999999995,51239.09,47414.7,46904.43
50621.11,51651.203,47239.02,47068.305
50937.2,51904.47,47175.41,47203.96
51595.25,52170.754,47282.27,47386.6
51892.06,52751.11,47645.01,47769.098
52284.32,53403.305,47921.53,48158.082
52508.34,53774.72,48871.35999999999,48575.312
53402.19,53984.88,49428.62,49090.004
53691.98,53953.22,50246.52,49567.055
54069.920000000006,54337.82,50942.11,50230.715
55126.81999999999,54477.633,52070.78,50851.83
55640.15,54447.73,53183.36,51369.992
55329.98999999999,54567.67,54082.93,51729.18
54728.57,54643.215,54081.64,52122.324
53730.01,54218.08,53683.30000000001,52277.293
52804.89,53557.3,52671.09,52263.434
51642.85999999999,52348.207,52427.18,51514.426
50604.28999999999,51591.844,51627.38999999999,51131.35
49761.0,50889.637,51218.32000000001,50746.6
48654.810000000005,50192.453,50383.98,50334.152
47889.85999999999,49243.19,49694.48000000001,49495.45
47201.96,48684.902,49158.850000000006,49098.727
46882.22,48270.95,49084.2,48751.008
46536.92,47865.266,48684.31,48406.207
45921.06,47232.836,48625.97,47844.18
45108.28,46991.312,48296.6,47608.84
44441.7,46575.234,47621.19,47233.363
44074.18,45886.453,46758.77,46711.82
43177.02,44883.156,46123.61,46273.58
42375.47,44053.137,45232.02,45931.223
41770.75,43294.164,44207.48,45508.25
41440.63,42527.656,43880.53,44989.234
40964.01,41589.35,43108.37,44293.746
40610.28,41191.234,42390.34,43862.02
40050.9,40905.1,41976.38,43452.33
39579.44,40620.29,41448.31,43034.945
39092.73,39963.29,41038.59,42414.926
38582.25,39642.21,40619.46,41982.777
38187.59,39384.48,40263.86,41588.254
38197.97,39119.395,40134.02,41199.258
37786.87,38741.79,40114.77,41070.707
37600.1,38872.23,39546.7,41359.65
37752.9,38690.15,39360.62,41406.21
37623.29,38535.504,39208.58,41472.46
37386.85,38367.355,39172.01,41533.582
37507.06,38388.863,39321.39,41759.99
37323.46,38221.16,39330.96,41890.703
37594.62,38204.08,39577.03,42130.79
37653.24,37978.707,40282.11,42308.984
37817.88,38118.33,40529.72,42766.45
38178.04,38158.457,41306.59,43189.902
38055.95,38238.074,42275.38,43698.12
38153.85,38436.945,44169.06,44448.47
38468.65,38548.418,45036.09,45197.605
38678.34,38536.99,46220.47,45900.39
39100.07,38867.125,48467.1,46901.074
39455.55,39438.652,52375.0,48495.715
40053.42,40134.758,54832.5,50204.543
40297.03,40597.52,56352.86,51866.223
40955.05,41248.145,58732.329999999994,53725.37
41301.12,41954.676,61649.46000000001,56265.758
41505.84,42689.67,62531.3,58567.87
41929.71,43215.867,63150.02999999999,60390.414
43335.59,43642.99,63787.0,61749.086
44349.15,43969.38,64651.02,63658.465
44976.95,44964.926,64974.94000000001,65242.59
45815.58,46055.25,65272.159999999996,66096.66
46414.86,46584.61,65202.37000000001,66137.41
47049.56,47478.97,64449.55,66579.32
47924.799999999996,48050.805,64456.15,66400.11
48669.810000000005,48555.08,64965.93,65841.83
48946.66,49263.17,64909.15,65440.812
49565.31,50259.023,64962.229999999996,66081.03
50074.65,50542.97,64808.78,66212.34
50629.030000000006,50911.3,65055.88,66148.54
50846.509999999995,51257.355,65560.43,66157.484
51763.50000000001,51834.723,65826.63,67046.8
52222.45,51868.59,66233.6,67375.17
52234.97,52133.71,66232.39,67520.05
52014.91,52252.234,66387.71,67638.71
52146.18,52272.984,66424.14,68206.91
52040.08000000001,51921.562,66280.29,68042.38
51078.0,51613.73,66270.36,67599.63
50273.56,51320.99,66151.4,67218.34
49979.97,50919.76,66593.22,67144.18
49446.10999999999,50164.504,66279.72,66517.12
49151.71,49717.953,66172.63,65934.625
48856.590000000004,49226.633,65620.75,65439.855
48713.24999999999,49153.35,65370.02,65497.78
48164.49,48784.758,64897.4,65406.555
47859.81,48610.992,64504.05,65321.105
48157.95,48212.453,64317.73999999999,65145.285
47467.96,48155.15,64323.23999999999,65178.77
47091.41,48209.414,63828.69,65185.62
46984.24,47957.297,63537.12,65042.477
47414.7,47705.07,62891.84,64819.555
47239.02,47942.152,62669.22000000001,64651.883
47175.41,48196.598,62470.31,64653.95
47282.27,48474.75,62241.68,64760.996
47645.01,48706.754,62174.45,64881.152
47921.53,49267.42,62602.38,64821.02
48871.35999999999,49809.574,63035.12,64894.613
49428.62,50345.23,63370.62,65052.586
50246.52,51192.93,63595.33,65366.7
50942.11,51695.816,63874.78,65316.3
52070.78,52285.66,64064.78,65381.11
53183.36,52675.53,65206.54,65626.59
54082.93,53462.113,66724.71,66069.18
54081.64,53876.766,67574.25,66088.97
53683.30000000001,54260.324,67299.13,66356.61
52671.09,53976.48,67187.06,66433.445
52427.18,53603.707,66641.64,66040.75
51627.38999999999,52534.727,65112.64,64539.85
51218.32000000001,52293.85,63861.99,63527.08
50383.98,51936.215,62735.66000000001,62754.727
49694.48000000001,51841.09,61825.23999999999,62112.96
49158.850000000006,51256.777,60677.74,60842.57
49084.2,50818.016,59772.12,59892.164
48684.31,50292.95,58877.37000000001,59077.492
48625.97,50003.863,57867.15,58405.57
48296.6,49241.73,56802.15,57174.926
47621.19,48829.137,55930.04,56418.93
46758.77,48298.97,54645.36,55765.703
46123.61,47622.684,53568.520000000004,54995.13
45232.02,47150.95,51904.2,54011.4
44207.48,46071.44,51018.07,53102.426
43880.53,45339.176,50076.93,52285.613
43108.37,44400.395,49332.27,51329.37
42390.34,43734.293,48164.12,50341.26
41976.38,43021.625,47804.51999999999,49663.945
41448.31,42511.652,47523.39,49080.344
41038.59,42147.965,46867.59,48573.85
40619.46,41700.492,46199.7,47891.207
40263.86,41328.125,45839.86,47343.547
40134.02,41163.4,45790.85,46875.125
40114.77,40987.33,45735.8,46422.758
39546.7,40967.547,45252.51,45828.824
39360.62,40804.94,45198.61,45592.395
39208.58,40601.125,45104.4,45440.32
39172.01,40360.89,45026.69,45324.547
39321.39,40184.703,45372.29,45277.242
39330.96,40074.215,45581.45,45275.414
39577.03,40201.926,46052.43,45389.434
40282.11,40394.176,46159.51,45536.066
40529.72,40925.117,46729.96,45838.594
41306.59,41969.66,47228.26,46506.59
42275.38,43068.605,47735.13,47220.402
44169.06,44581.43,48628.42,48168.418
45036.09,46601.266,49703.52,49319.227
46220.47,48930.758,50400.17,50799.508
48467.1,50551.24,51764.15,51922.62
52375.0,51884.434,53485.84,52853.254
54832.5,54057.992,56841.049999999996,54188.344
56352.86,56782.73,58666.87,56114.703
58732.329999999994,58521.15,60335.74,57719.74
61649.46000000001,59232.74,61802.420000000006,58842.0
62531.3,60687.17,63801.05000000001,60456.523
63150.02999999999,62149.74,64685.27,62234.703
63787.0,62877.59,65250.15,63583.535
64651.02,63307.355,65622.54,64590.945
64974.94000000001,63544.4,65943.24,65514.68
65272.159999999996,63880.234,66338.35,66201.59
65202.37000000001,64160.41,66579.98,66604.805
64449.55,64364.453,66962.22,66720.79
64456.15,64662.957,66466.55,66905.38
64965.93,64481.69,66664.98,66568.36
64909.15,64340.145,67047.64,66033.89
64962.229999999996,64641.777,67155.85,65796.086
64808.78,65177.32,67017.23,66017.55
65055.88,65405.23,67247.79,66119.414
65560.43,65375.09,67435.94,66036.41
65826.63,65448.625,67786.82,66052.42
66233.6,65918.31,68116.19,66554.29
66232.39,66213.695,68784.3,66924.19
66387.71,66299.63,69146.41,67064.336
66424.14,66218.83,69479.11,67070.805
66280.29,66308.336,69105.19,67272.78
66270.36,66282.86,68824.59,67317.72
66151.4,65896.97,68573.1,67029.82
66593.22,65594.84,68175.25,66748.92
66279.72,65570.555,67964.31,66706.91
66172.63,65684.26,67552.39,66733.71
65620.75,65389.293,66899.06,66526.36
65370.02,65080.0,66261.51,66315.91
64897.4,64800.727,65848.16,66189.07
64504.05,64426.633,65852.65,66005.33
64317.73999999999,63820.527,65974.71,65718.58
64323.23999999999,63238.12,65532.37000000001,65443.94
63828.69,62980.223,65857.74,65352.88
63537.12,62653.92,65508.38,65273.39
62891.84,62203.7,65102.59,65103.73
62669.22000000001,61845.78,64611.740000000005,64976.14
62470.31,61521.645,64649.24,64818.695
62241.68,61256.312,64533.39,64670.48
62174.45,61309.617,64521.45999999999,64612.105
62602.38,61398.805,64386.31,64581.266
63035.12,61749.086,64748.66,64595.473
63370.62,62398.785,65038.38,64848.164
63595.33,63228.7,65523.6,65222.258
63874.78,63887.758,66081.23,65607.914
64064.78,64306.027,66078.45,65819.37
65206.54,64579.695,66793.35,66044.99
66724.71,64684.93,67909.67,66235.76
67574.25,65131.453,68961.85,66728.67
67299.13,65411.59,69208.71,67088.06
67187.06,65556.445,68667.74,67516.18
66641.64,64964.33,68216.95,67524.99
65112.64,64330.266,67533.18,67268.85
63861.99,63306.234,66159.28,66356.96
62735.66000000001,62214.41,64764.99,65333.934
61825.23999999999,61190.984,63731.45,64283.477
60677.74,60311.227,62653.530000000006,63268.996
59772.12,59284.94,61388.28,61847.543
58877.37000000001,58434.137,60233.119999999995,60689.133
57867.15,57620.312,58936.48,59663.273
56802.15,56837.08,58120.46,58731.234
55930.04,55718.316,57663.409999999996,57433.28
54645.36,54754.773,56719.21,56425.633
53568.520000000004,53826.8,55230.55,55533.867
51904.2,52778.53,54219.01,54616.96
51018.07,52070.74,52561.31,53745.363
50076.93,50529.547,51211.79000000001,52510.945
49332.27,49578.344,50445.0,51567.547
48164.12,48750.26,49642.030000000006,50729.77
47804.51999999999,47938.734,48694.03,49857.137
47523.39,47062.316,48079.51,48994.977
46867.59,46668.61,47801.78,48411.383
46199.7,46488.152,47263.08,47992.13
45839.86,46094.086,46474.12,47495.914
45790.85,45647.77,46208.55,47021.04
45735.8,45486.914,46041.58,46795.574
45252.51,45522.863,45715.03,46792.336
45198.61,45662.023,45173.93,46656.53
45104.4,45298.95,45316.24,46463.594
45026.69,45155.63,45566.96,46470.953
45372.29,45084.42,45560.38,46546.14
45581.45,44945.49,45500.43,46610.203
46052.43,45071.465,45946.47,46845.9
46159.51,45372.246,46368.62,47184.117
46729.96,45958.543,46794.82,47685.19
47228.26,46663.4,47030.43,48173.7
47735.13,47582.676,47235.43,48892.86
48628.42,48771.15,47994.55,49705.86
49703.52,50045.207,48516.87,50534.07
50400.17,51720.75,50082.76,51477.61
51764.15,53141.27,50409.41,52501.195
53485.84,54269.008,51448.89,53340.05
56841.049999999996,55486.215,53058.85999999999,54195.78
58666.87,57349.953,56806.42,55383.266
60335.74,59436.55,59150.99,57088.19
61802.420000000006,60815.9,60647.80999999999,58610.59
63801.05000000001,61706.98,62004.97,59861.61
64685.27,62898.914,64439.83,61323.875
65250.15,63832.81,65611.42,62744.742
65622.54,64473.965,66382.76,63924.992
65943.24,64956.07,67215.15,64840.805
66338.35,65205.23,67903.42,65770.32
66579.98,65368.496,68525.65,66283.96
66962.22,65540.94,68693.7,66624.04
66466.55,65719.516,68830.59,66775.266
66664.98,66161.29,68772.58,67140.25
67047.64,66224.46,69032.53,67151.22
67155.85,66241.805,69341.52,66946.76
67017.23,66475.85,69354.9,66875.42
67247.79,66981.695,69372.38,67180.96
67435.94,67134.805,69752.66,67282.695
67786.82,67196.484,69949.71,67277.63
68116.19,67299.41,70299.06,67325.97
68784.3,67669.16,70380.41,67707.03
69146.41,67993.65,70632.46,68031.125
69479.11,68195.07,70715.03,68201.09
69105.19,68338.34,70477.28,68324.03
68824.59,68564.914,69920.13,68581.76
68573.1,68482.52,69273.21,68585.24
68175.25,68022.06,69695.83,68228.086
67964.31,67674.62,69801.69,67890.375
67552.39,67524.016,69390.03,67685.07
66899.06,67281.33,69490.59,67438.305
66261.51,66839.305,69369.64,67069.17
65848.16,66245.12,68856.33,66693.77
65852.65,65871.945,68545.73,66490.87
65974.71,65265.68,68224.89,66204.89
65532.37000000001,64842.285,67176.77,65986.85
65857.74,64612.348,67277.27,65912.54
65508.38,64463.727,67048.26,65933.68
65102.59,64279.01,66612.16,65932.73
64611.740000000005,64075.145,66013.6,65895.42
64649.24,63751.594,65461.590000000004,65782.79
64533.39,63645.793,65598.93,65661.48
64521.45999999999,63634.85,65647.82,65584.75
64386.31,63801.625,65248.28,65567.91
64748.66,64008.09,65410.53,65563.055
65038.38,64264.9,65490.44000000001,65522.156
65523.6,64685.723,65220.36,65654.46
66081.23,65157.402,65345.25,65857.32
66078.45,65629.68,65768.84,66150.03
66793.35,65934.03,65574.21,66337.67
67909.67,65960.73,66238.49,66494.97
68961.85,66167.09,67413.49,66790.52
69208.71,66560.734,68190.01,67283.32
68667.74,66488.67,68185.8,67441.805
68216.95,66297.484,67786.28,67561.305
67533.18,65708.445,67527.92,67367.35
66159.28,65039.71,67147.66,66944.195
64764.99,63980.566,65903.03,65994.766
63731.45,63053.844,64910.31,65054.52
62653.530000000006,62112.195,64142.6,64125.812
61388.28,61327.246,62814.93,63281.375
60233.119999999995,60343.605,61326.58999999999,62079.25
58936.48,59416.617,60700.71,61069.297
58120.46,58515.477,59702.19,60137.97
57663.409999999996,57533.992,58357.17,59167.484
56719.21,56428.324,57327.18,57945.027
55230.55,55659.83,56709.82,57115.996
54219.01,54855.688,55772.52,56344.098
52561.31,53756.31,54468.95,55398.914
51211.79000000001,53121.215,53065.03999999999,54461.25
50445.0,51657.035,52077.26,53110.324
49642.030000000006,50523.66,51155.33999999999,51927.133
48694.03,49623.355,49809.56999999999,50949.867
48079.51,48795.633,48960.04000000001,50018.71
47801.78,47956.695,48338.219999999994,49097.08
47263.08,47455.633,47982.10999999999,48422.645
46474.12,47203.812,47367.33,48001.61
46208.55,46852.125,46769.77,47600.79
46041.58,46372.203,46307.34,47107.81
45715.03,46198.527,46533.12,46854.14
45173.93,46166.902,46108.11,46785.582
45316.24,45821.63,45903.94,46624.19
45566.96,45614.406,45993.25,46471.28
45560.38,45421.527,45801.19,46386.39
45500.43,45588.535,45648.52,46574.33
45946.47,45650.008,45735.44,46691.684
46368.62,45616.457,45873.43,46765.62
46794.82,45886.21,45950.97,47030.457
47030.43,46389.938,46039.66,47452.992
47235.43,47201.523,47003.4,47946.633
47994.55,47928.418,47276.67,48509.035
48516.87,48721.816,47568.75,49087.965
50082.76,49984.984,48177.909999999996,49888.39
50409.41,51586.58,49674.59999999999,50758.363
51448.89,53380.78,50439.12,52029.87
53058.85999999999,54624.76,51109.29,52939.996
56806.42,55849.62,52717.26000000001,53757.992
59150.99,57730.406,55821.47,54798.246
60647.80999999999,60108.957,57977.52,56689.03
62004.97,61754.473,59695.19,58508.773
64439.83,62565.688,61485.44,59948.2
65611.42,63549.832,63873.939999999995,61460.023
66382.76,64586.54,65115.57,63137.89
67215.15,65390.805,65921.46,64636.742
67903.42,65965.58,66132.9,65826.07
68525.65,66395.51,66579.07,66989.97
68693.7,66829.336,67313.27,67760.836
68830.59,67205.88,67564.15,68278.86
68772.58,67448.08,67630.85,68500.39
69032.53,67904.66,67233.19,68848.77
69341.52,68027.48,67713.56,68794.945
69354.9,68086.86,68098.06,68515.09
69372.38,68299.414,67948.4,68310.58
69752.66,68771.305,68254.04,68488.164
69949.71,69055.96,68395.31,68604.15
70299.06,69272.664,68647.06,68660.42
70380.41,69455.375,68938.11,68712.34
70632.46,69877.14,68691.33,69097.555
70715.03,70114.93,69094.09,69341.47
70477.28,70161.22,69516.89,69399.69
69920.13,70154.49,69451.52,69417.055
69273.21,70175.49,68984.48,69545.97
69695.83,69847.12,68853.24,69373.02
69801.69,69142.58,68870.18,68846.125
69390.03,68882.83,68640.16,68558.45
69490.59,68975.695,68559.73,68536.65
69369.64,68769.805,68237.26,68307.14
68856.33,68534.96,68135.73,68053.53
68545.73,68345.52,67990.86,67859.38
68224.89,68193.28,67512.3,67724.93
67176.77,67780.41,67234.39,67493.625
67277.27,67280.08,66640.01,67243.76
67048.26,66466.02,66565.05,66880.65
66612.16,66222.016,66417.9,66775.02
66013.6,65842.8,66237.88,66656.86
65461.590000000004,65417.08,65515.18,66506.15
65598.93,64949.46,64633.33,66296.914
65647.82,64653.734,64512.19,66065.07
65248.28,64624.188,64104.04,65946.67
65410.53,64870.65,64154.28,65984.055
65490.44000000001,64913.598,63978.96,65912.28
65220.36,65179.664,64293.81,65876.0
65345.25,65554.55,64184.68000000001,66009.36
65768.84,65779.664,64688.03999999999,66082.19
65574.21,66063.664,64988.42,66227.125
66238.49,66255.43,65156.27,66294.42
67413.49,66247.96,65793.57,66373.234
68190.01,66409.45,67055.89,66569.05
68185.8,66858.05,67552.53,67054.84
67786.28,66728.984,67798.39,67190.22
67527.92,66426.25,67096.18,67309.69
67147.66,65749.0,66633.46,67182.76
65903.03,65073.043,66070.38,66925.81
64910.31,64080.137,65045.38,66078.49
64142.6,63178.367,63835.65000000001,65224.426
62814.93,62329.93,63093.61,64339.36
61326.58999999999,61625.344,62133.49,63568.61
60700.71,60534.207,60794.41,62290.688
59702.19,59523.285,60127.82000000001,61147.332
58357.17,58733.223,58972.850000000006,60197.53
57327.18,57941.465,58118.06999999999,59319.95
56709.82,56635.812,57244.55,57949.715
55772.52,55590.414,56277.67999999999,56867.223
54468.95,54735.34,55278.98999999999,56002.56
53065.03999999999,53845.285,54082.74999999999,55181.406
52077.26,53050.35,52612.08000000001,54213.508
51155.33999999999,51633.836,51546.829999999994,52944.484
49809.56999999999,50709.953,51012.16,51971.297
48960.04000000001,49868.746,50330.52,51085.723
48338.219999999994,48778.316,48927.41,49963.742
47982.10999999999,47891.496,48215.36,48991.78
47367.33,47418.34,47918.23,48286.285
46769.77,47149.504,47531.53,47787.312
46307.34,46704.23,46840.29,47255.914
46533.12,46311.61,46299.91,46758.203
46108.11,46102.645,46107.33,46450.254
45903.94,46276.19,45633.23,46502.676
45993.25,45784.723,45208.2,46572.33
45801.19,45912.26,45101.15,46624.96
45648.52,45844.316,45152.68,46563.617
45735.44,45836.133,45028.62,46568.547
45873.43,45723.34,44991.98,46496.547
45950.97,45726.64,45134.4,46517.613
46039.66,45940.523,45173.24,46652.027
47003.4,46262.734,45534.14,46845.85
47276.67,46798.293,46130.67,47056.08
47568.75,47879.01,46475.23,47738.42
48177.909999999996,48972.56,46914.25,48399.11
49674.59999999999,50059.926,47381.92,49080.176
50439.12,51497.34,48703.49,49725.72
51109.29,53199.203,49679.98,50868.914
52717.26000000001,54516.14,50801.56,51744.973
55821.47,55457.664,52391.7,52344.76
57977.52,57107.547,55948.02999999999,53086.312
59695.19,59237.773,58052.86000000001,54615.582
61485.44,60701.63,59922.35,56111.418
63873.939999999995,61642.605,61732.530000000006,57462.69
65115.57,62967.938,63939.13,58996.22
65921.46,64157.145,65211.41,60837.008
66132.9,64961.56,65542.65,62563.832
66579.07,65498.38,65850.87,64038.42
67313.27,65698.05,66629.03,65236.39
67564.15,65822.14,67218.05,65784.32
67630.85,66091.49,67390.74,66121.39
67233.19,66249.586,67891.66,66215.01
67713.56,66643.78,67978.47,66491.05
68098.06,66543.34,68252.03,66381.15
67948.4,66648.79,68940.02,66188.48
68254.04,66946.84,69027.29,66112.92
68395.31,67428.164,68759.29,66394.31
68647.06,67704.24,68717.3,66676.12
68938.11,67820.305,69008.84,66770.98
68691.33,68001.79,69347.04,66872.65
69094.09,68453.53,68935.97,67328.62
69516.89,68520.195,69929.47,67578.21
69451.52,68517.164,70409.47,67661.48
68984.48,68655.01,70572.96,67828.19
68853.24,68789.734,70477.2,68107.97
68870.18,68498.58,70327.73,68057.836
68640.16,68050.73,70051.09,67725.07
68559.73,67776.195,69427.48,67410.31
68237.26,67719.984,69101.48,67242.375
68135.73,67545.15,68480.75,67008.625
67990.86,67159.95,67581.24,66610.664
67512.3,66927.77,66754.82,66260.27
67234.39,66907.2,65772.62,66165.75
66640.01,66480.375,65606.99,65857.625
66565.05,65937.5,65447.57,65497.72
66417.9,65381.906,64821.38,65107.95
66237.88,65168.953,64783.19,64981.785
65515.18,64819.066,64272.72,64762.12
64633.33,64516.824,63932.93,64537.05
64512.19,64000.89,63754.75,64207.824
64104.04,63476.184,63919.0,63822.195
64154.28,63196.926,63203.869999999995,63514.316
63978.96,63096.797,62675.86000000001,63248.074
64293.81,63270.926,62905.0,63134.805
64184.68000000001,63528.656,62892.23,63109.375
64688.03999999999,63893.965,63053.85,63214.684
64988.42,64186.586,63359.48,63315.79
65156.27,64660.207,63765.32000000001,63577.312
65793.57,64867.117,64757.91000000001,63767.5
67055.89,64979.336,65564.82,63980.934
67552.53,65292.805,66527.72,64292.684
67798.39,65807.65,67277.93,64812.996
67096.18,65588.6,67296.2,64910.31
66633.46,65312.867,66386.5,64990.89
66070.38,64604.93,66091.83,64750.992
65045.38,63849.402,65609.01,64351.668
63835.65000000001,62767.188,63331.71,63419.62
63093.61,61911.54,62040.74,62561.47
62133.49,61018.977,60691.62,61635.387
60794.41,60318.973,59716.97,60806.74
60127.82000000001,59331.906,58599.14,59658.324
58972.850000000006,58427.16,57097.82000000001,58573.848
58118.06999999999,57665.176,55681.31,57600.016
57244.55,56815.79,54851.88,56641.824
56277.67999999999,55760.17,53996.75,55478.188
55278.98999999999,54883.58,53274.03999999999,54495.71
54082.74999999999,54000.44,52190.36,53597.473
52612.08000000001,53051.633,51334.87999999999,52740.56
51546.829999999994,52136.496,50575.97000000001,51935.508
51012.16,50735.395,49675.49999999999,50703.984
50330.52,49803.277,48994.079999999994,49779.55
48927.41,49131.117,47992.990000000005,49083.02
48215.36,48484.63,45906.94,48435.426
47918.23,47466.83,45324.74,47494.367
47531.53,46887.418,45073.83,46865.6
46840.29,46602.234,44504.65,46515.094
46299.91,46352.52,43795.75,46247.168
46107.33,45925.18,43339.65,45824.94
45633.23,45716.582,43041.66,45547.977
45208.2,45639.676,42715.37,45447.406
45101.15,45373.996,42319.83,45252.59
45152.68,45112.055,42076.64,44592.457
45028.62,45009.8,41702.87,44145.18
44991.98,45026.234,41745.6,43825.125
45134.4,45044.973,41754.47,43563.957
45173.24,45017.16,41573.12,43290.543
45534.14,45193.613,41627.4,43197.566
46130.67,45501.9,41676.75,43167.047
46475.23,46177.723,42152.92,43179.426
46914.25,46984.44,42624.11,43454.574
47381.92,47961.55,42696.31,43787.934
48703.49,48966.258,42879.05,44125.445
49679.98,50320.684,43101.71,44304.93
50801.56,51736.91,43272.03,44888.25
52391.7,53120.574,43252.68,45386.332
55948.02999999999,54480.113,43831.27,45733.906
58052.86000000001,56504.273,44908.33,45896.906
59922.35,59089.25,45593.13,46843.91
61732.530000000006,60795.543,46225.99,47436.816
63939.13,61867.285,46795.95,47906.74
65211.41,63400.26,48152.91000000001,48322.13
65542.65,64452.19,48879.79,49142.605
65850.87,65214.73,49800.13,50042.93
66629.03,65481.016,50176.670000000006,50860.63
67218.05,65791.29,50347.060000000005,51206.855
67390.74,65841.8,50832.649999999994,51587.69
67891.66,66127.164,51620.71,52232.113
67978.47,66199.484,52230.649999999994,52891.465
68252.03,66882.805,53091.02,53753.5
68940.02,66869.87,53625.48,54583.945
69027.29,66978.36,54298.23,55435.613
68759.29,67310.375,54851.76,56360.59
68717.3,67877.12,55423.1,57183.973
69008.84,67675.766,56032.83,57677.176
69347.04,67516.164,56227.77,58054.32
68935.97,67637.14,56231.97,58472.8
69929.47,68194.19,56047.37,58924.875
70409.47,67992.91,55981.55,58963.574
70572.96,68223.84,56554.31,59174.016
70477.2,68508.45,56395.41,59393.348
70327.73,68843.55,56446.75,59476.703
70051.09,68647.45,55873.14,59317.035
69427.48,68416.125,55294.2,59103.152
69101.48,68106.23,55094.259999999995,58728.848
68480.75,67964.945,54984.91,58296.58
67581.24,67491.836,54694.03999999999,57768.31
66754.82,66958.38,54439.32000000001,57327.445
65772.62,66134.77,53938.030000000006,56778.57
65606.99,65708.22,53723.68,56279.59
65447.57,64691.48,53585.229999999996,55466.344
64821.38,64218.695,53044.99999999999,55093.9
64783.19,63991.617,52686.17,54845.32
64272.72,63878.34,52612.64,54475.832
63932.93,63538.7,52308.23,54072.473
63754.75,63317.082,52333.59,53848.11
63919.0,63115.027,52023.13,53664.832
63203.869999999995,63408.094,52098.770000000004,53812.34
62675.86000000001,63669.418,52045.60999999999,53946.484
62905.0,63606.87,52376.08,53924.54
62892.23,63442.176,52527.04,53842.164
63053.85,63758.074,53160.44,54144.996
63359.48,63896.266,53448.23,54326.484
63765.32000000001,64082.137,53891.8,54571.406
64757.91000000001,64187.027,54466.479999999996,54846.168
65564.82,64065.457,55793.75,55247.72
66527.72,64405.277,56086.63,55832.402
67277.93,64729.367,57197.44,56404.188
67296.2,64875.55,57458.48,56959.32
66386.5,64605.016,56628.1,57268.273
66091.83,64283.465,56313.68,57452.7
65609.01,63571.703,55871.00000000001,57157.926
63331.71,63007.844,55121.87000000001,56772.355
62040.74,62016.074,53920.88,56068.074
60691.62,60668.65,52697.44000000001,55032.36
59716.97,59473.25,51749.61,54000.816
58599.14,58446.31,51034.200000000004,53016.742
57097.82000000001,57238.504,50039.280000000006,52057.703
55681.31,56657.824,49531.79000000001,51364.035
54851.88,55719.54,48730.4,50533.6
53996.75,54729.902,48283.52,49693.605
53274.03999999999,53581.29,48201.63999999999,49001.902
52190.36,53080.42,47587.81,48414.977
51334.87999999999,52393.8,46860.72,47777.69
50575.97000000001,51464.71,46225.79,47063.246
49675.49999999999,50208.465,45370.94,46712.863
48994.079999999994,49240.5,44453.49,46005.258
47992.990000000005,48321.793,43703.18,45282.9
45906.94,47580.7,42707.08,44630.53
45324.74,46467.81,41011.26,43922.094
45073.83,45116.805,40495.82,42791.29
44504.65,44389.863,40166.94,42159.02
43795.75,44198.484,39395.56,41837.875
43339.65,43663.367,39242.94,41436.074
43041.66,43294.367,38830.0,41030.85
42715.37,43066.656,38360.2,40722.805
42319.83,42928.125,37968.61,40584.734
42076.64,42800.46,37961.36,39841.535
41702.87,42589.715,37588.02,39197.938
41745.6,42442.67,37396.17,39000.992
41754.47,42392.37,37534.05,38978.24
41573.12,42181.992,37537.04,38873.266
41627.4,42301.2,37589.32,39045.434
41676.75,42223.375,37528.89,39086.715
42152.92,42227.098,37190.86,39206.605
42624.11,42149.535,37959.77,39205.363
42696.31,42511.277,38437.17,39632.72
42879.05,42933.496,38164.55,40008.375
43101.71,43144.11,37895.44,40212.504
43272.03,43436.652,38576.12,40219.94
43252.68,43782.54,38630.94,40428.36
43831.27,44088.51,38516.52,40535.758
44908.33,44378.855,38423.78,40510.934
45593.13,45549.742,38550.73,40388.754
46225.99,46828.785,38880.43,40458.387
46795.95,47734.727,39182.81,40399.918
48152.91000000001,48448.73,39281.15,40422.598
48879.79,49668.53,40058.04,40302.934
49800.13,50571.934,40568.45,40567.684
50176.670000000006,51372.258,41010.12,41105.24
50347.060000000005,52072.7,41405.83,41900.598
50832.649999999994,52897.83,41976.07,42178.473
51620.71,52326.367,43120.38,42161.316
52230.649999999994,52962.367,43989.27,43159.348
53091.02,53604.91,44674.86,44050.37
53625.48,54764.938,44810.0,44895.953
54298.23,55084.875,45319.09,45651.465
54851.76,55513.74,45826.26,46439.5
55423.1,55850.77,46647.16,47115.016
56032.83,56780.92,47635.52,47954.7
56227.77,56766.324,48524.1,48452.395
56231.97,56978.734,48971.1,49054.336
56047.37,56942.94,49442.77,49525.76
55981.55,57247.26,50612.44999999999,50031.434
56554.31,56795.746,51387.89,50170.652
56395.41,56465.273,51879.65,50291.953
56446.75,56573.72,51671.11,50576.68
55873.14,56784.26,51389.08999999999,50841.242
55294.2,56419.84,51251.37,50828.75
55094.259999999995,55824.43,50644.94000000001,50693.754
54984.91,55119.75,50150.07,50419.254
54694.03999999999,55190.113,49434.62000000001,50387.043
54439.32000000001,54859.508,48455.76000000001,50012.754
53938.030000000006,54453.215,48326.73000000001,49619.0
53723.68,54050.855,47777.94,49295.76
53585.229999999996,53959.258,47358.51,49079.863
53044.99999999999,53487.6,47254.32,48681.668
52686.17,53277.582,47324.65,48488.28
52612.64,52926.03,47057.49,48231.004
52308.23,52927.156,47643.56,48045.99
52333.59,52779.06,47271.67,47743.473
52023.13,52662.504,47064.44,47660.77
52098.770000000004,52769.504,46974.63,47818.504
52045.60999999999,53021.445,47633.61,48022.76
52376.08,53074.484,47449.2,47977.24
52527.04,53259.83,47765.1,48131.16
53160.44,53657.734,48423.130000000005,48437.883
53448.23,53961.324,49030.6,48796.996
53891.8,54400.26,49161.88,49191.9
54466.479999999996,54746.926,49693.79,49714.363
55793.75,54965.562,50674.28,50245.223
56086.63,55070.195,51571.55,50682.246
57197.44,55807.81,52186.33999999999,51533.758
57458.48,55957.215,53390.37,52178.46
56628.1,56223.977,53579.619999999995,52849.035
56313.68,55861.926,54080.28,53007.59
55871.00000000001,55078.082,53580.200000000004,52950.23
55121.87000000001,54500.344,53233.98,52926.125
53920.88,54047.44,52776.280000000006,52867.3
52697.44000000001,53001.613,52319.1,52075.43
51749.61,52238.76,51287.200000000004,51592.977
51034.200000000004,51440.746,50437.01,51112.266
50039.280000000006,50805.49,49592.869999999995,50717.055
49531.79000000001,49942.348,49431.6,50001.32
48730.4,49445.18,49104.84,49688.47
48283.52,49150.617,48648.619999999995,49425.926
48201.63999999999,48764.836,48610.57000000001,49095.324
47587.81,48004.91,48878.51,48476.797
46860.72,47919.035,48244.71000000001,48321.383
46225.79,47578.24,47420.5,47979.824
45370.94,46987.746,46713.4,47455.344
44453.49,46049.76,45246.93,47078.69
43703.18,44992.96,44020.27,46631.27
42707.08,44145.195,43181.65,46172.434
41011.26,43415.832,42564.74,45677.473
40495.82,42247.547,42162.98,44816.297
40166.94,41105.0,41557.45,43873.32
39395.56,40472.723,41342.61,43206.67
39242.94,40264.184,41021.71,42778.715
38830.0,39531.32,40758.61,42031.37
38360.2,39343.4,40482.95,41626.59
37968.61,39213.81,40220.05,41276.02
37961.36,38955.55,40211.82,40869.926
37588.02,38646.1,39901.87,40728.57
37396.17,38786.906,39684.17,40969.73
37534.05,38610.51,39406.8,41005.188
37537.04,38442.137,39672.36,41056.37
37589.32,38235.17,40083.01,41127.055
37528.89,38312.57,40201.42,41437.312
37190.86,38299.87,40228.53,41706.74
37959.77,38270.938,40247.92,42005.484
38437.17,37911.703,41029.33,42183.406
38164.55,38293.22,41713.16,42872.758
37895.44,38721.938,42104.42,43630.46
38576.12,38642.63,42815.6,44133.94
38630.94,38329.637,44789.32,44711.18
38516.52,38801.887,46353.14,45775.113
38423.78,39065.742,47913.46000000001,46803.527
38550.73,39161.973,50013.85999999999,47840.535
38880.43,39513.016,53691.12,49476.832
39182.81,40012.293,56096.26000000001,51182.867
39281.15,40496.902,58289.66,52908.18
40058.04,41021.453,60312.67,54701.316
40568.45,41644.28,62472.78,57090.184
41010.12,42475.336,63491.08,59299.082
41405.83,43101.203,64396.04,61033.746
41976.07,43660.973,65013.77,62354.887
43120.38,44037.586,65700.49,64241.75
43989.27,44512.63,65787.41,65451.008
44674.86,45524.938,66140.3,66088.94
44810.0,46278.48,66768.11,66227.15
45319.09,47195.605,66631.87,66868.45
45826.26,47531.35,66736.65,66730.79
46647.16,47968.8,67155.48,66213.055
47635.52,48517.61,67456.77,65736.78
48524.1,49535.668,67266.42,66381.52
48971.1,50276.715,67654.8,66799.38
49442.77,50825.297,67753.76,67014.74
50612.44999999999,51088.164,68089.8,67102.63
51387.89,51506.793,68034.17,67916.51
51879.65,52110.605,68332.77,68539.695
51671.11,52401.03,68121.07,68985.59
51389.08999999999,52453.77,67895.43,69249.45
51251.37,52408.754,67547.6,69846.03
50644.94000000001,52011.46,67539.07,69628.15
50150.07,51574.64,68161.39,69064.27
49434.62000000001,50958.816,68470.75,68420.445
48455.76000000001,50646.742,68777.19,68334.71
48326.73000000001,50063.53,68458.03,67840.32
47777.94,49250.867,67430.19,67091.58
47358.51,48821.535,67110.34,66544.89
47254.32,48627.156,66671.72,66561.875
47324.65,48178.527,66082.53,66374.81
47057.49,47965.77,65639.63,66263.05
47643.56,47938.22,65251.80999999999,66289.58
47271.67,48070.49,65190.829999999994,66497.9
47064.44,48332.57,65167.4,66674.38
46974.63,48398.836,64890.05999999999,66817.79
47633.61,48394.836,64375.19,66784.04
47449.2,48752.45,64663.78,66709.195
47765.1,49233.29,63867.34,66724.69
48423.130000000005,49464.85,63638.48,66778.164
49030.6,49832.125,63269.0,66867.34
49161.88,50558.527,63481.31,66857.21
49693.79,51020.27,63499.19,66984.43
50674.28,51257.22,63671.42,66999.414
51571.55,51602.383,64101.23,67038.375
52186.33999999999,52144.727,65384.35999999999,66911.2
53390.37,52651.227,66127.51,67141.02
53579.619999999995,53037.67,67056.6,67477.55
54080.28,53675.72,67752.99,67965.445
53580.200000000004,53533.625,66992.55,67604.62
53233.98,53671.586,66255.46,67491.4
52776.280000000006,53244.105,65643.79,67228.055
52319.1,52896.56,65440.35,66676.32
51287.200000000004,52406.992,65070.72000000001,65296.66
50437.01,52227.418,63969.08,64407.227
49592.869999999995,51846.34,62727.75,63577.64
49431.6,51504.832,61675.64,62756.562
49104.84,50879.168,59784.97,61343.117
48648.619999999995,50582.348,59250.59999999999,60428.88
48610.57000000001,50199.152,58125.28999999999,59667.434
48878.51,49733.395,57256.48,58855.48
48244.71000000001,49164.508,57131.85,57541.996
47420.5,48864.63,56308.270000000004,56798.88
46713.4,48327.63,55026.91,56003.098
45246.93,47551.234,54267.42,55021.652
44020.27,47102.668,53205.969999999994,53823.03
43181.65,45573.836,52358.06,52462.23
42564.74,44417.816,51628.770000000004,51239.234
42162.98,43411.35,50491.63,50159.69
41557.45,42626.664,49296.28,49045.87
41342.61,41965.24,48743.76,48342.21
41021.71,41680.7,48395.79,47913.125
40758.61,41486.71,47809.869999999995,47651.55
40482.95,41309.84,46771.4,47340.72
40220.05,40994.348,46404.47,47060.05
40211.82,40911.383,46148.25,46900.547
39901.87,40743.13,45774.01,46703.613
39684.17,40992.043,45473.13,45898.914
39406.8,40481.86,45243.76,45503.47
39672.36,40473.297,45224.99,45384.47
40083.01,40265.695,45103.37,45133.496
40201.42,40382.92,45287.15,45152.785
40228.53,40657.797,45606.02,45318.11
40247.92,41009.64,45680.59,45561.535
41029.33,41403.06,45835.91,45810.613
41713.16,42065.61,46585.03,46118.11
42104.42,43142.145,47167.95,46774.02
42815.6,44557.484,47863.79,47678.613
44789.32,45893.453,48346.73,48547.69
46353.14,47657.84,49629.05,49486.566
47913.46000000001,49757.965,50533.41,50837.42
50013.85999999999,51774.36,51710.29,52226.16
53691.12,53441.855,53288.53,53456.477
56096.26000000001,55547.984,56497.54000000001,54884.125
58289.66,57749.676,58854.78,56697.234
60312.67,59305.035,60596.09,58300.867
62472.78,60367.85,62304.04,59682.582
63491.08,61920.535,64233.41,61369.13
64396.04,62962.375,65417.020000000004,62872.67
65013.77,63654.203,65898.56,64088.29
65700.49,64281.586,66044.51,65071.477
65787.41,64701.926,66549.19,65976.1
66140.3,64938.984,66843.79,66456.65
66768.11,65058.7,67073.89,66663.055
66631.87,65187.277,67001.0,66673.13
66736.65,65858.93,66272.11,67072.31
67155.48,66032.03,66824.69,67054.23
67456.77,66115.37,67268.57,66845.664
67266.42,66375.19,67192.76,66793.11
67654.8,67039.85,66894.52,67229.766
67753.76,67161.09,67061.29,67340.86
68089.8,67351.91,67402.14,67423.445
68034.17,67416.92,67553.86,67449.67
68332.77,67845.64,67839.96,67864.64
68121.07,67916.23,68537.65,67998.79
67895.43,67873.164,68864.18,68002.78
67547.6,67674.66,68862.5,67904.38
67539.07,67616.266,68182.66,67957.734
68161.39,67259.31,67851.64,67737.53
68470.75,66857.65,67829.7,67392.125
68777.19,66907.08,68034.94,67351.375
68458.03,67292.94,68570.14,67575.586
67430.19,67446.695,68434.35,67646.17
67110.34,67221.54,67926.12,67441.66
66671.72,66543.08,67044.79,67009.06
66082.53,66208.89,66344.15,66798.25
65639.63,65690.695,66376.79,66539.46
65251.80999999999,65007.008,66294.05,66193.31
65190.829999999994,64364.992,66113.49,65894.63
65167.4,64073.008,65999.22,65787.91
64890.05999999999,63654.285,65747.08,65633.57
64375.19,63497.8,65483.09,65563.74
64663.78,63322.855,64834.55,65488.59
63867.34,63241.848,64348.66999999999,65376.254
63638.48,63331.668,63816.31999999999,65354.113
63269.0,63229.36,63782.740000000005,65211.785
63481.31,63265.375,63534.48,65078.516
63499.19,63327.145,63439.71,64906.09
63671.42,63588.234,63533.38,64906.676
64101.23,63862.91,63707.39,64973.836
65384.35999999999,64099.645,64178.65,65099.875
66127.51,64254.055,64644.27999999999,65185.77
67056.6,64814.68,65500.57,65631.77
67752.99,65247.156,66791.15,66165.5
66992.55,65506.5,67344.65,66671.71
66255.46,65233.754,67638.7,66736.75
65643.79,64535.93,67238.83,66575.97
65440.35,63646.688,66747.66,66143.97
65070.72000000001,62796.12,66380.1,65578.48
63969.08,61845.242,65846.34,64664.2
62727.75,61394.715,64784.45,64034.293
61675.64,60756.414,63632.3,63340.805
59784.97,60013.844,62500.42,62542.188
59250.59999999999,59029.28,61324.71,61340.31
58125.28999999999,57957.8,60337.50000000001,60191.355
57256.48,57184.695,59082.14000000001,59252.293
57131.85,56405.117,58308.61000000001,58402.96
56308.270000000004,55372.32,57547.98,57261.883
55026.91,54792.5,56511.94,56551.06
54267.42,54121.77,55079.57,55884.895
53205.969999999994,53148.375,53961.13,55045.33
52358.06,52563.09,52734.18,54278.59
51628.770000000004,51369.395,51825.270000000004,53232.574
50491.63,50624.043,50879.55,52438.047
49296.28,49923.848,50052.27,51701.613
48743.76,49017.082,49310.560000000005,50728.293
48395.79,47953.51,48918.21,49739.31
47809.869999999995,47432.926,48216.56,49118.426
46771.4,47116.594,47642.87,48703.527
46404.47,46744.098,46667.2,48298.37
46148.25,46114.37,45994.13,47747.367
45774.01,45839.83,45861.52,47437.31
45473.13,45745.57,45540.26,47311.08
45243.76,45772.207,45066.9,46952.12
45224.99,45397.164,44837.42,46638.277
45103.37,45287.96,44851.33,46563.13
45287.15,45271.5,45059.92,46568.46
45606.02,45220.44,45359.35,46580.348
45680.59,45265.14,45587.26,46697.367
45835.91,45510.477,45500.37,46960.453
46585.03,45752.438,45861.82,47254.066
47167.95,46184.387,46567.03,47582.746
47863.79,47008.4,46758.29,48243.77
48346.73,48047.074,47284.42,49051.72
49629.05,49242.69,47924.469999999994,49937.28
50533.41,50701.48,50073.659999999996,50817.707
51710.29,52251.703,51175.72,51932.195
53288.53,53740.324,52378.99,53002.72
56497.54000000001,55165.81,54042.759999999995,53988.844
58854.78,57063.926,57283.97,55165.57
60596.09,59203.707,59775.95999999999,56859.45
62304.04,60909.37,61755.04,58542.56
64233.41,61945.633,63398.44,59939.156
65417.020000000004,63213.71,65655.91,61497.117
65898.56,64216.605,67047.11,62999.883
66044.51,64989.04,67599.03,64309.242
66549.19,65490.52,67883.03,65279.227
66843.79,65608.914,68154.4,66166.7
67073.89,65782.32,68491.88,66699.55
67001.0,65943.695,68801.52,67036.51
66272.11,66111.65,68771.34,67211.49
66824.69,66422.555,68256.31,67495.91
67268.57,66329.77,68512.4,67388.164
67192.76,66400.86,68754.89,67194.69
66894.52,66696.37,68928.91,67133.47
67061.29,67135.11,69206.62,67382.24
67402.14,67225.71,69196.15,67437.734
67553.86,67231.414,69234.24,67374.09
67839.96,67348.33,69592.73,67395.24
68537.65,67653.32,69948.93,67718.6
68864.18,67891.58,70473.33,68006.49
68862.5,68086.54,70474.9,68215.62
68182.66,68252.555,70295.17,68391.18
67851.64,68362.49,69607.48,68628.26
67829.7,68035.13,69388.12,68516.93
68034.94,67439.09,69597.98,68120.336
68570.14,67087.695,69386.1,67835.61
68434.35,67193.56,69328.79,67870.85
67926.12,67428.55,68751.62,67974.95
67044.79,67287.39,68453.48,67829.86
66344.15,66903.09,67914.04,67558.87
66376.79,66422.414,67404.83,67248.42
66294.05,65685.35,67172.49,66811.04
66113.49,65201.5,67034.21,66521.86
65999.22,64858.844,66738.31,66382.195
65747.08,64777.117,66604.34,66361.83
65483.09,64483.777,65867.7,66260.445
64834.55,64273.582,65774.64,66195.12
64348.66999999999,64069.887,65137.53,66133.73
63816.31999999999,63949.055,65258.09999999999,66000.33
63782.740000000005,63665.285,64803.299999999996,65761.555
63534.48,63591.035,64753.11000000001,65559.945
63439.71,63716.605,64616.9,65479.844
63533.38,63947.67,64665.020000000004,65378.027
63707.39,64093.46,64840.85,65311.65
64178.65,64423.598,65278.0,65368.348
64644.27999999999,64760.492,65683.15,65519.37
65500.57,65050.203,66031.37,65616.78
66791.15,65299.16,66906.58,65832.14
67344.65,65656.79,68218.54,66197.96
67638.7,66092.664,68692.47,66728.19
67238.83,65756.12,68939.09,66801.4
66747.66,65494.96,68318.33,66937.0
66380.1,64888.926,67931.56,66832.69
65846.34,64189.92,67534.76,66530.59
64784.45,63227.516,66369.14,65714.41
63632.3,62604.47,64976.17,65054.227
62500.42,61893.902,63650.280000000006,64322.332
61324.71,61160.605,62917.23,63538.24
60337.50000000001,60118.7,61831.77999999999,62309.973
59082.14000000001,59252.016,60732.83,61324.074
58308.61000000001,58410.5,59993.28,60413.344
57547.98,57501.152,59154.340000000004,59486.934
56511.94,56459.766,58272.64000000001,58291.727
55079.57,55616.5,57326.090000000004,57392.875
53961.13,54711.69,55778.92,56529.742
52734.18,53620.723,54515.65,55556.145
51825.270000000004,52903.44,52658.03,54526.938
50879.55,51572.883,51522.9,53274.242
50052.27,50717.242,50614.79,52306.043
49310.560000000005,49895.688,49538.799999999996,51404.94
48918.21,49055.18,48430.85,50445.89
48216.56,48331.05,48129.69,49605.453
47642.87,48000.227,47681.62,49041.605
46667.2,47622.094,47311.72,48509.523
45994.13,47131.914,46515.99,47990.355
45861.52,46538.266,46158.06,47395.445
45540.26,46124.15,45925.21,46944.805
45066.9,45980.75,45237.88,46782.66
44837.42,45568.41,44883.0,46507.117
44851.33,45400.758,44630.97,46381.312
45059.92,45081.785,44769.79,46209.395
45359.35,45052.094,44752.24,46248.04
45587.26,45111.914,44906.21,46352.703
45500.37,45305.555,45020.27,46605.38
45861.82,45610.914,44808.88,46934.41
46567.03,45845.434,44972.58,47202.953
46758.29,46457.8,45563.92,47567.887
47284.42,47450.26,46241.35,48287.906
47924.469999999994,48462.47,46967.09,49024.12
50073.659999999996,49594.08,47519.68,49793.39
51175.72,51134.53,49245.66,50627.52
52378.99,53296.137,50300.079999999994,52081.402
54042.759999999995,55030.508,51176.57,53393.035
57283.97,56385.38,52756.11000000001,54476.152
59775.95999999999,58096.027,56296.08,55661.35
61755.04,60019.316,58389.84,57359.367
63398.44,61525.805,60579.19,59132.133
65655.91,62532.273,62280.22000000001,60760.004
67047.11,63738.89,64340.92,62562.51
67599.03,64792.31,65558.52,64336.19
67883.03,65706.06,66324.94,65936.984
68154.4,66335.54,67012.43,67107.74
68491.88,66696.44,67431.15,68050.24
68801.52,66864.71,67528.5,68422.33
68771.34,67034.305,67849.0,68602.2
68256.31,67216.99,67858.67,68632.76
68512.4,67533.88,67832.82,68794.77
68754.89,67561.016,68129.77,68626.57
68928.91,67556.14,68749.72,68264.27
69206.62,67730.07,68786.21,68023.17
69196.15,68197.25,68275.72,68228.71
69234.24,68588.375,68543.97,68441.43
69592.73,68671.18,68952.76,68424.1
69948.93,68684.75,69275.29,68358.39
70473.33,69011.47,69244.27,68678.29
70474.9,69386.32,69399.82,69027.59
70295.17,69532.92,69737.6,69167.06
69607.48,69505.37,69835.97,69181.0
69388.12,69445.03,69547.12,69252.375
69597.98,69162.35,69325.42,69099.914
69386.1,68626.7,69275.15,68637.57
69328.79,68441.195,69642.72,68368.25
68751.62,68372.78,69593.95,68256.99
68453.48,68298.83,69397.15,68100.305
67914.04,67865.38,69031.0,67696.03
67404.83,67439.23,68378.38,67351.586
67172.49,67128.164,67742.76,67134.23
67034.21,66616.92,67080.43,66857.516
66738.31,66058.51,66937.12,66610.22
66604.34,65681.55,66458.6,66465.22
65867.7,65452.75,66118.88,66415.945
65774.64,65100.246,65461.02999999999,66322.32
65137.53,64589.74,64984.96,66122.08
65258.09999999999,64329.41,64622.35,66003.375
64803.299999999996,64133.684,65110.95,65839.21
64753.11000000001,64127.24,64751.25,65743.54
64616.9,64142.617,64428.95,65653.34
64665.020000000004,64309.176,64212.869999999995,65610.66
64840.85,64545.574,64535.18000000001,65575.945
65278.0,64813.395,64754.19,65651.35
65683.15,65228.453,65112.36,65826.72
66031.37,65755.16,65589.83,66115.96
66906.58,66066.516,67000.44,66347.484
68218.54,66319.08,68247.78,66618.305
68692.47,66696.61,69764.04,67008.766
68939.09,67131.98,70285.29,67576.79
68318.33,66848.71,70481.99,67644.17
67931.56,66519.74,69632.27,67688.52
67534.76,65830.64,69134.46,67423.76
66369.14,65109.16,68449.79,66991.31
64976.17,64115.445,66657.08,66076.13
63650.280000000006,63276.977,65409.29,65210.992
62917.23,62348.3,64369.399999999994,64257.836
61831.77999999999,61450.57,63497.189999999995,63333.742
60732.83,60488.227,61596.880000000005,62107.094
59993.28,59624.94,60381.2,61113.582
59154.340000000004,58778.68,59553.38,60164.34
58272.64000000001,57978.13,58374.93,59308.805
57326.090000000004,56976.95,57757.12000000001,58190.58
55778.92,56103.68,56330.67,57267.777
54515.65,55221.77,54920.05,56396.812
52658.03,54085.8,54171.73,55394.37
51522.9,53312.26,52878.9,54365.855
50614.79,51665.406,51655.689999999995,52831.785
49538.799999999996,50572.48,50929.92999999999,51659.676
48430.85,49653.56,50171.19,50665.965
48129.69,48672.957,48340.76999999999,49619.207
47681.62,47699.312,47741.48,48586.855
47311.72,47305.83,47188.73,48010.97
46515.99,47061.086,46805.53,47611.953
46158.06,46772.13,46089.45,47297.07
45925.21,46299.12,45619.05,46814.207
45237.88,46096.28,45443.53,46554.395
44883.0,46006.3,45222.59,46470.81
44630.97,45260.277,44878.61,46412.07
44769.79,45141.117,44815.5,46318.58
44752.24,44746.395,44749.87,46014.48
44906.21,44709.98,44608.82,45997.58
45020.27,44707.008,44603.14,45981.38
44808.88,44780.5,44511.52,46066.46
44972.58,44999.707,44427.93,46255.934
45563.92,45141.84,44606.74,46388.504
46241.35,45739.285,44589.81,46633.613
46967.09,46667.062,44803.09,47241.316
47519.68,48000.965,45800.81,48126.547
49245.66,49526.08,46764.33,49123.95
50300.079999999994,51283.094,48120.30999999999,49956.29
51176.57,53199.203,49252.15,51187.062
52756.11000000001,54660.008,50471.32,52223.043
56296.08,55691.992,52199.05,52988.332
58389.84,57288.445,55707.049999999996,53854.594
60579.19,59491.613,58349.87999999999,55496.613
62280.22000000001,60970.902,60594.19,57060.566
64340.92,62063.414,62299.58000000001,58614.125
65558.52,63408.785,64371.73,60364.7
66324.94,64383.605,65930.28,62137.465
67012.43,65130.52,67063.71,63805.01
67431.15,65681.66,67683.52,65169.25
67528.5,66153.36,68451.83,66434.78
67849.0,66328.68,68846.28,66896.445
67858.67,66393.6,69050.2,66995.79
67832.82,66455.59,68846.33,66883.68
68129.77,66810.84,68200.37,67016.74
68749.72,66907.44,68052.26,66949.37
68786.21,67071.95,68375.14,66748.555
68275.72,67474.984,68440.49,66707.56
68543.97,68029.805,67877.21,67055.52
68952.76,68012.24,67826.93,67131.016
69275.29,68017.57,68348.08,67089.75
69244.27,68246.49,68429.43,67173.02
69399.82,68655.336,68452.08,67610.03
69737.6,68829.266,68399.1,67919.06
69835.97,68716.58,69140.78,67936.914
69547.12,68772.04,69335.73,68040.836
69325.42,68901.01,68470.13,68290.766
69275.15,68772.05,67804.54,68341.26
69642.72,68338.28,67626.68,68065.26
69593.95,68062.16,66897.07,67767.5
69397.15,68259.76,66398.88,67797.61
69031.0,68299.78,65727.12,67709.26
68378.38,68035.08,65240.5,67394.26
67742.76,67707.14,64416.80000000001,67043.04
67080.43,67366.47,64185.1,66748.72
66937.12,66726.516,63796.45,66301.45
66458.6,65952.14,63320.08,65774.484
66118.88,65481.73,63057.4,65382.83
65461.02999999999,65196.605,63336.37,65153.918
64984.96,64642.133,62782.2,64777.76
64622.35,64121.54,62528.62000000001,64440.434
65110.95,63583.684,62088.12,64061.25
64751.25,63475.406,62217.67999999999,63823.086
64428.95,63603.07,62130.2,63731.613
64212.869999999995,63770.7,61774.79,63668.574
64535.18000000001,63789.76,61883.29,63566.965
64754.19,64004.22,62047.57,63609.4
65112.36,64330.02,62244.01000000001,63763.414
65589.83,64848.65,62568.630000000005,63989.117
67000.44,65349.758,62958.05,64267.426
68247.78,65759.52,63780.340000000004,64575.47
69764.04,66562.055,64921.34999999999,65205.168
70285.29,67347.305,66021.29,65923.516
70481.99,67964.45,66086.03,66722.1
69632.27,67700.19,66782.43,66997.17
69134.46,67317.2,66143.09,67139.22
68449.79,66545.64,65896.66,66847.74
66657.08,65768.6,64851.17,66310.66
65409.29,64649.87,63711.52,65185.3
64369.399999999994,63495.812,62485.03,64006.47
63497.189999999995,62440.09,61664.700000000004,62838.81
61596.880000000005,61601.797,60174.4,61830.51
60381.2,60615.133,58651.36,60566.805
59553.38,59515.71,57603.25000000001,59303.676
58374.93,58461.094,56296.810000000005,58098.26
57757.12000000001,57575.133,55492.439999999995,57070.473
56330.67,56365.88,55289.19,55774.094
54920.05,55490.434,54342.16,54800.5
54171.73,54379.402,53720.25,53780.582
52878.9,53123.1,53243.2,52713.64
51655.689999999995,52294.66,51451.36,51937.824
50929.92999999999,51013.13,50124.36,50849.543
50171.19,50024.145,49009.44,49959.984
48340.76999999999,49234.938,48465.39000000001,49237.63
47741.48,48465.234,47960.49,48533.754
47188.73,47192.71,47295.94,47412.332
46805.53,46557.207,46794.23,46733.04
46089.45,46133.156,46347.43,46204.04
45619.05,45824.832,45630.83,45838.336
45443.53,45376.598,45092.33,45334.477
45222.59,45188.86,45276.74,45061.555
44878.61,45155.867,44813.14,45006.62
44815.5,44981.758,44107.38,44930.113
44749.87,44875.223,44103.69,44483.56
44608.82,44815.785,43709.93,44135.234
44603.14,44766.1,43795.55,43845.832
44511.52,44698.766,43724.72,43603.023
44427.93,44662.96,43345.28,43400.918
44606.74,44722.777,43381.86,43281.984
44589.81,44885.848,43469.88,43208.06
44803.09,45447.742,43647.2,43238.402
45800.81,45960.75,43829.36,43351.156
46764.33,46772.977,43989.41,43592.152
48120.30999999999,48227.06,44176.64,44196.633
49252.15,50189.25,44581.52,44662.508
50471.32,52032.473,44743.58,45376.56
52199.05,53578.8,44939.71,45866.113
55707.049999999996,55001.574,45374.07,46203.645
58349.87999999999,57047.703,46263.64,46318.11
60594.19,59469.977,46826.48,47196.1
62299.58000000001,61403.355,47413.92,47865.434
64371.73,62701.58,47993.64,48360.71
65930.28,64093.04,48972.62,48638.348
67063.71,64957.438,49583.270000000004,49329.754
67683.52,65786.24,50766.86000000001,50253.324
68451.83,66467.63,51280.99,51296.027
68846.28,67074.11,51990.600000000006,51955.39
69050.2,67150.8,52298.71000000001,52552.55
68846.33,67330.6,53559.03,53229.023
68200.37,67353.2,54346.85999999999,53884.793
68052.26,67710.09,55276.74,54539.03
68375.14,67232.94,55804.28,55059.56
68440.49,66985.78,55952.89,55600.84
67877.21,67140.96,56179.700000000004,56336.703
67826.93,67675.46,55852.76,57101.02
68348.08,67255.445,56054.19,57440.04
68429.43,67040.805,55786.3,57739.656
68452.08,67261.88,55952.45,58210.42
68399.1,67709.125,56458.2,58600.527
69140.78,67612.62,56741.73,58723.22
69335.73,67413.85,56608.99,58688.312
68470.13,67640.73,56674.63,58847.11
67804.54,68055.78,56461.51,58962.797
67626.68,67455.53,56115.46,58530.285
66897.07,66741.5,55946.79,58008.67
66398.88,66344.875,55831.73,57601.707
65727.12,66169.586,55928.35,57090.566
65240.5,65443.68,55628.5,56382.355
64416.80000000001,64722.848,54517.810000000005,55819.43
64185.1,64066.46,54211.91,55337.223
63796.45,63660.996,53899.11,54870.676
63320.08,63073.4,53884.78,54364.26
63057.4,62684.812,53300.57,54007.098
63336.37,62189.414,53159.78,53600.15
62782.2,62174.375,52805.48000000001,53421.254
62528.62000000001,62070.418,52352.16,53277.402
62088.12,61873.984,52220.18,53119.88
62217.67999999999,61676.617,51635.52999999999,52973.887
62130.2,61756.9,51858.24,52978.39
61774.79,61805.285,51929.96,52998.676
61883.29,62029.953,51989.39,53205.973
62047.57,62006.258,52226.94,53308.66
62244.01000000001,62165.27,52097.33,53579.902
62568.630000000005,62454.957,52422.240000000005,53883.26
62958.05,62701.656,52757.69,54201.195
63780.340000000004,62911.266,53677.700000000004,54544.234
64921.34999999999,62939.94,54915.1,54883.152
66021.29,63306.324,56289.19,55424.785
66086.03,63823.254,57297.51,56067.836
66782.43,64128.082,57261.18,56649.938
66143.09,63612.45,57020.950000000004,56753.594
65896.66,63515.855,56102.68000000001,57036.53
64851.17,63112.504,55586.729999999996,56932.04
63711.52,62612.316,55132.17,56563.324
62485.03,61377.023,54126.55,55603.457
61664.700000000004,60496.883,52969.37,54792.074
60174.4,59591.05,52033.68000000001,53857.656
58651.36,58913.46,51110.28999999999,53038.88
57603.25000000001,57597.395,50916.46,52045.29
56296.810000000005,56656.895,50434.81,51201.984
55492.439999999995,55937.008,49751.84,50483.81
55289.19,55114.496,49207.02,49740.938
54342.16,54011.176,49580.520000000004,49092.414
53720.25,53818.59,48844.07,48737.07
53243.2,53109.83,48042.60999999999,48106.316
51451.36,52431.477,47250.06,47509.273
50124.36,51516.164,46608.65,47354.293
49009.44,50056.97,45811.67,46305.41
48465.39000000001,48746.92,45341.61,45379.312
47960.49,47736.63,44591.64,44564.707
47295.94,46765.953,43239.71,43980.535
46794.23,46354.59,42461.9,43449.1
46347.43,45906.62,42212.97,42940.492
45630.83,45597.91,41407.64,42550.81
45092.33,45109.906,40803.51,42208.18
45276.74,44756.008,40365.85,41815.7
44813.14,44475.31,39932.22,41517.63
44107.38,44631.855,39216.08,41539.617
44103.69,44555.695,38193.14,40656.977
43709.93,44177.59,38047.08,39876.754
43795.55,44045.13,37844.7,39696.496
43724.72,44047.547,37811.07,39673.48
43345.28,43923.754,37966.99,39602.39
43381.86,44034.34,37930.85,39770.684
43469.88,43840.168,37753.57,39736.22
43647.2,43807.043,37341.6,39861.035
43829.36,43796.04,37037.8,39879.723
43989.41,44014.766,37094.65,40165.168
44176.64,44192.51,38124.61,40354.08
44581.52,44397.645,38008.1,40553.555
44743.58,44755.695,38401.34,40533.438
44939.71,45296.027,38393.57,40795.305
45374.07,45666.055,38182.29,40897.387
46263.64,46104.027,38179.62,40953.46
46826.48,47249.22,38039.88,40788.543
47413.92,48321.785,38100.55,40813.953
47993.64,49156.09,38889.71,40790.746
48972.62,49805.254,38486.64,40805.38
49583.270000000004,50975.29,39051.39,40652.445
50766.86000000001,51706.715,39500.17,40729.023
51280.99,52323.613,39353.58,41107.14
51990.600000000006,53271.027,39806.74,41952.8
52298.71000000001,54254.574,41001.36,42161.625
53559.03,53987.984,41651.49,42338.25
54346.85999999999,54529.39,42643.53,43418.395
55276.74,55343.8,43252.53,44548.453
55804.28,56647.52,44403.88,45572.773
55952.89,56914.9,44922.59,46545.285
56179.700000000004,57274.5,45980.68,47577.457
55852.76,57229.2,46869.0,48289.445
56054.19,57695.977,47625.13,49100.914
55786.3,57142.93,48432.71,49607.145
55952.45,56963.38,48899.64,50227.844
56458.2,56669.047,48936.32000000001,50601.168
56741.73,56926.06,49852.68,51107.98
56608.99,56953.914,50120.35,51490.2
56674.63,56901.86,50425.17,51709.188
56461.51,56594.61,50822.66000000001,51699.45
56115.46,56745.65,51051.81,51813.9
55946.79,56326.008,51585.560000000005,51624.723
55831.73,55815.945,51982.009999999995,51389.203
55928.35,55467.48,51925.15,51177.47
55628.5,55626.824,52136.53,51034.184
54517.810000000005,55408.992,52073.87,50599.8
54211.91,55024.59,51505.32,50165.867
53899.11,54071.12,50946.93,49505.523
53884.78,53904.87,50396.32000000001,49185.824
53300.57,53527.477,49761.12,48673.156
53159.78,53334.258,49306.31999999999,48402.9
52805.48000000001,52905.168,48660.12,48075.758
52352.16,52968.445,48097.369999999995,47953.85
52220.18,52626.7,47921.39,47570.91
51635.52999999999,52312.062,48033.66999999999,47363.48
51858.24,52253.477,48144.00000000001,47348.38
51929.96,52308.594,48058.33,47385.535
51989.39,52474.547,48014.19,47392.266
52226.94,52853.973,47941.310000000005,47640.543
52097.33,53141.395,47700.49,47882.523
52422.240000000005,53609.375,47903.98,48263.81
52757.69,53809.23,48085.91,48408.477
53677.700000000004,54186.16,48649.409999999996,48735.113
54915.1,54600.332,49552.51,49115.508
56289.19,55098.637,51262.780000000006,49561.24
57297.51,56029.586,53028.840000000004,50163.164
57261.18,56913.402,54653.73,51067.484
57020.950000000004,57216.418,55408.47,51989.902
56102.68000000001,56474.043,56243.62000000001,52502.562
55586.729999999996,55918.94,55987.65000000001,52976.48
55132.17,55028.223,55646.65000000001,53079.957
54126.55,54279.7,54987.22,52996.977
52969.37,53311.285,54545.96,52312.08
52033.68000000001,52622.51,53975.95,51876.984
51110.28999999999,51837.184,53437.24,51355.297
50916.46,51190.57,52603.27,50860.406
50434.81,50138.844,52367.68000000001,49943.39
49751.84,50057.176,51216.380000000005,49756.09
49207.02,49936.438,50133.05,49547.4
49580.520000000004,49542.273,49358.52,49123.004
48844.07,48760.4,48967.16999999999,48440.72
48042.60999999999,48934.8,48753.49,48366.684
47250.06,48594.367,48340.21,47989.223
46608.65,47849.594,48065.82,47395.29
45811.67,46716.035,48321.16,47053.59
45341.61,45765.875,47739.89,46729.18
44591.64,44974.355,46939.97,46347.492
43239.71,44414.566,46175.07,45994.195
42461.9,43413.03,45431.05,45323.707
42212.97,42463.02,44672.35,44543.043
41407.64,41776.27,44085.61,43881.48
40803.51,41573.656,43560.88,43501.14
40365.85,40857.293,43691.99,42789.242
39932.22,40493.066,43811.07,42278.28
39216.08,40289.266,43496.73,41877.332
38193.14,40117.004,43313.47,41511.2
38047.08,39615.62,43068.58,41181.45
37844.7,39158.19,42772.11,40998.62
37811.07,38915.3,42749.16,40947.703
37966.99,38841.605,42656.3,40979.11
37930.85,38582.684,42611.7,40933.984
37753.57,38742.156,42524.39,41215.79
37341.6,38737.117,42660.17,41414.65
37037.8,38599.6,43028.32,41569.246
37094.65,38120.066,43233.03,41537.816
38124.61,37914.316,43456.59,41769.688
38008.1,37822.24,43504.83,42131.035
38401.34,38431.508,43524.4,42995.477
38393.57,38544.5,44215.36,43713.992
38182.29,38925.85,44517.11,44633.273
38179.62,38969.07,45478.7,45419.37
38039.88,38916.61,46308.6,46234.57
38100.55,39167.24,48187.73,47526.75
38889.71,39529.695,49193.219999999994,48909.35
38486.64,39726.926,50476.56,50189.008
39051.39,40479.453,52152.22,51835.85
39500.17,40791.242,55232.14,53802.414
39353.58,41361.2,57858.22,55605.367
39806.74,41880.523,60161.12,57232.367
41001.36,42046.926,61825.22000000001,58445.246
41651.49,42363.76,63208.57000000001,60478.77
42643.53,43142.96,64101.9,62278.31
43252.53,44135.293,64961.01,63462.97
44403.88,44896.062,65733.67,64150.715
44922.59,45924.02,66375.34,65290.24
45980.68,46812.88,66343.44,65927.61
46869.0,47384.805,66207.74,65932.69
47625.13,48178.26,66124.62,65797.61
48432.71,49303.59,65609.51,66484.19
48899.64,49848.066,65826.59,66698.42
48936.32000000001,50400.492,66158.45,66632.14
49852.68,50790.61,66501.43,66461.2
50120.35,51224.977,66915.12,66882.28
50425.17,51605.754,67336.56,67030.78
50822.66000000001,51703.06,67882.14,66937.93
51051.81,51624.164,68535.91,66786.5
51585.560000000005,52022.457,69249.45,67359.375
51982.009999999995,51877.81,69321.46,67471.766
51925.15,51906.97,69643.58,67514.36
52136.53,51944.203,69745.33,67631.63
52073.87,52062.12,69368.43,68202.65
51505.32,51944.824,69169.99,68439.52
50946.93,51785.48,69442.87,68447.27
50396.32000000001,51309.758,69397.2,68291.8
49761.12,51074.805,69332.1,68382.23
49306.31999999999,50516.36,69113.43,68200.16
48660.12,49931.605,68406.4,67837.88
48097.369999999995,49442.285,67771.35,67570.086
47921.39,49180.13,67593.6,67442.34
48033.66999999999,48625.383,67189.41,67094.15
48144.00000000001,48476.812,66945.74,66886.695
48058.33,48664.535,66644.99,66867.81
48014.19,49320.113,66234.93,66977.72
47941.310000000005,49624.75,65840.05,67043.45
47700.49,50126.477,65329.46000000001,67164.82
47903.98,50580.06,64924.92,67327.23
48085.91,50915.684,63924.590000000004,67042.445
48649.409999999996,51190.6,63798.81,66849.51
49552.51,51394.9,63805.55999999999,66744.76
51262.780000000006,51829.773,64299.86,66737.71
53028.840000000004,52283.797,65133.52,66487.414
54653.73,53162.31,66558.29,66929.4
55408.47,54193.047,67959.91,67816.0
56243.62000000001,55028.48,68401.45,68769.84
55987.65000000001,55146.484,68131.66,68887.09
55646.65000000001,55414.56,67636.11,69167.36
54987.22,55113.09,67095.9,69258.89
54545.96,54662.273,66490.74,68830.54
53975.95,53857.297,66620.62,67410.81
53437.24,53518.156,66469.99,66335.46
52603.27,53229.44,65937.66,65508.0
52367.68000000001,53178.844,65191.89,64746.836
51216.380000000005,52826.28,64663.91,63487.22
50133.05,52788.895,63659.2,62730.297
49358.52,52267.086,62585.020000000004,61883.902
48967.16999999999,51590.562,61708.68,60834.375
48753.49,50703.375,60868.39,59305.28
48340.21,50113.113,60077.520000000004,58289.07
48065.82,49567.633,59011.17,57550.215
48321.16,48990.805,57920.06,56815.805
47739.89,48654.027,57486.81,55933.01
46939.97,48041.438,56528.82000000001,55271.344
46175.07,47469.426,55577.61,54609.7
45431.05,46668.61,54370.06,53731.105
44672.35,45832.26,52734.229999999996,52563.01
44085.61,44954.562,51353.24,51716.832
43560.88,44385.6,50354.45,51093.008
43691.99,43856.516,49622.16,50562.625
43811.07,43403.42,49152.01,49918.953
43496.73,43257.53,48422.68,49675.68
43313.47,43526.76,48142.969999999994,49712.48
43068.58,43570.19,47587.64,49598.07
42772.11,43578.027,47222.2,48269.902
42749.16,43152.29,46990.23,47833.707
42656.3,43260.883,46754.06,47757.59
42611.7,43229.207,46408.09,47695.08
42524.39,43232.645,45933.56,47731.367
42660.17,43171.0,45987.27,47759.703
43028.32,43112.35,46312.88,47789.316
43233.03,43192.887,46392.27,47919.56
43456.59,43600.77,46090.13,48195.94
43504.83,44071.363,46511.93,48553.99
43524.4,44681.297,46741.08,48978.047
44215.36,45333.27,47061.72,49430.293
44517.11,46236.094,47654.15,49885.63
45478.7,47433.59,48180.16,50643.98
46308.6,48559.312,48421.38,51357.688
48187.73,50021.816,49102.46000000001,52223.4
49193.219999999994,51824.883,50415.36,53141.24
50476.56,53674.02,51191.45,54351.16
52152.22,54852.96,52228.80000000001,55229.383
55232.14,55680.855,53917.58,55920.895
57858.22,57045.434,57456.77,56814.04
60161.12,58735.37,59964.24,58180.473
61825.22000000001,60375.715,61912.55,59736.59
63208.57000000001,61774.59,63228.74999999999,61327.64
64101.9,62818.984,64445.130000000005,62928.035
64961.01,63403.715,64885.46000000001,64298.195
65733.67,63875.465,65692.82,65466.43
66375.34,64333.836,66465.99,66436.07
66343.44,65135.65,67259.95,67628.49
66207.74,65656.3,67888.89,68363.625
66124.62,65794.9,67864.06,68482.44
65609.51,65826.92,67965.36,68236.38
65826.59,66101.18,68130.14,68232.16
66158.45,66074.836,68206.75,67954.91
66501.43,66129.055,68258.11,67691.38
66915.12,66349.2,68284.71,67604.71
67336.56,66797.22,68420.81,67948.81
67882.14,67176.72,68513.11,68265.48
68535.91,67307.04,68552.64,68409.516
69249.45,67525.445,69141.7,68622.54
69321.46,67882.016,69125.13,69084.27
69643.58,68382.25,69551.16,69592.86
69745.33,68365.59,69530.26,69686.53
69368.43,68352.54,69395.28,69730.62
69169.99,68410.83,68823.44,69866.45
69442.87,68335.39,68541.95,69869.76
69397.2,67914.94,68290.89,69592.92
69332.1,67856.93,68506.03,69487.63
69113.43,67855.484,68696.37,69439.0
68406.4,67888.26,68362.49,69430.96
67771.35,67550.78,67927.76,69204.88
67593.6,67006.07,67411.36,68878.24
67189.41,66495.38,67334.4,68572.05
66945.74,66083.87,67016.49,68321.64
66644.99,65623.53,67105.76,68066.164
66234.93,65352.65,66999.27,67908.375
65840.05,65265.395,66796.62,67804.58
65329.46000000001,65039.227,66476.94,67614.305
64924.92,64960.98,66184.03,67472.71
63924.590000000004,64835.598,66010.41,67308.69
63798.81,64788.562,65778.01,67071.03
63805.55999999999,64465.33,65466.04000000001,66751.016
64299.86,64395.547,65833.07,66479.15
65133.52,64551.355,66314.85,66347.99
66558.29,64917.848,67275.24,66309.336
67959.91,65509.816,68351.31,66589.04
68401.45,66236.02,69618.52,67106.05
68131.66,66840.75,69946.34,67760.52
67636.11,66588.74,69293.35,67955.85
67095.9,66197.18,68931.09,68120.53
66490.74,65557.25,68654.2,68123.25
66620.62,64785.45,68365.28,67941.34
66469.99,63495.688,67870.25,67055.17
65937.66,63061.246,67249.68,66535.86
65191.89,62669.707,66671.49,66086.79
64663.91,62194.355,66034.28,65537.31
63659.2,61317.812,65392.21,64550.96
62585.020000000004,60884.34,64136.65,63810.523
61708.68,60325.918,62898.56,63096.89
60868.39,59611.023,62253.69,62285.87
60077.520000000004,58696.387,61539.42,61148.22
59011.17,58044.28,60759.3,60285.844
57920.06,57357.18,59940.33,59501.68
57486.81,56589.54,58999.27,58693.92
56528.82000000001,55907.14,58718.26,57835.918
55577.61,54939.45,57923.3,56896.574
54370.06,54230.918,56397.52999999999,56120.73
52734.229999999996,53454.46,55645.96,55314.816
51353.24,52499.03,54054.329999999994,54260.77
50354.45,51291.14,52977.75,53118.113
49622.16,50236.09,51996.45999999999,52091.305
49152.01,49344.71,51225.28,51234.312
48422.68,48592.06,49923.93,50484.156
48142.969999999994,48072.895,49200.97,49981.04
47587.64,47706.418,49097.37,49629.945
47222.2,47495.47,48809.030000000006,49448.383
46990.23,47441.043,48346.72,48865.117
46754.06,46937.34,48275.33,48406.3
46408.09,46902.125,48017.58,48330.543
45933.56,46825.152,48063.76,48278.598
45987.27,46657.555,47280.34,48199.434
46312.88,46353.99,47426.97,48032.51
46392.27,46240.543,47399.03,47977.324
46090.13,46402.78,47354.71,48106.043
46511.93,46608.066,47442.39,48268.57
46741.08,46601.414,47655.64,48393.27
47061.72,46964.055,47754.28,48710.16
47654.15,47484.195,48013.369999999995,49147.816
48180.16,48311.895,48633.51999999999,49658.58
48421.38,49320.76,48922.590000000004,50443.254
49102.46000000001,50430.387,49543.13,51229.996
50415.36,51384.24,50048.74,51880.906
51191.45,52845.156,51311.369999999995,52608.664
52228.80000000001,54358.3,52024.79,53638.777
53917.58,55467.195,53059.18000000001,54469.81
57456.77,56342.656,54545.48,55142.504
59964.24,57887.832,57491.71,56088.297
61912.55,59987.914,59887.5,57820.438
63228.74999999999,61744.566,61256.17,59673.965
64445.130000000005,62952.367,62540.14,61345.18
64885.46000000001,63738.02,63932.21,62914.348
65692.82,64281.582,64522.48999999999,64262.426
66465.99,64570.285,65168.09,65195.875
67259.95,64966.87,65848.44,65976.41
67888.89,65733.266,66743.85,66962.2
67864.06,66333.79,67072.64,67710.875
67965.36,66783.695,66784.59,68116.27
68130.14,66946.805,66949.21,68142.055
68206.75,67284.73,66596.95,68309.44
68258.11,67597.086,66718.98,68392.086
68284.71,67704.12,67070.75,68276.43
68420.81,67791.01,66983.3,68170.31
68513.11,68012.17,67446.99,68334.52
68552.64,68315.055,67317.0,68567.9
69141.7,68293.1,67540.8,68577.52
69125.13,68239.61,67791.98,68571.54
69551.16,68454.42,67661.04,68887.375
69530.26,68666.79,67657.74,69213.47
69395.28,68622.07,67824.51,69310.14
68823.44,68556.13,67982.12,69350.23
68541.95,68437.96,67780.26,69347.336
68290.89,68205.45,67695.48,69219.14
68506.03,67687.09,67880.77,68819.984
68696.37,67338.31,67663.26,68513.57
68362.49,67353.71,68238.49,68391.58
67927.76,67503.125,68043.09,68348.836
67411.36,67211.195,67602.39,68101.45
67334.4,66822.016,67105.52,67822.82
67016.49,66440.47,67174.52,67537.59
67105.76,66135.04,66989.69,67321.164
66999.27,65815.72,66726.45,67125.195
66796.62,65710.875,66652.93,67072.5
66476.94,65749.21,66168.4,67055.234
66184.03,65709.375,65775.35,66971.805
66010.41,65676.42,65545.27,66879.17
65778.01,65659.96,65400.74999999999,66783.44
65466.04000000001,65660.57,65053.71,66632.94
65833.07,65706.414,64792.189999999995,66508.56
66314.85,65707.61,65128.91,66373.91
67275.24,66018.71,65680.55,66412.664
68351.31,66335.914,67164.28,66483.695
69618.52,66938.37,68428.3,66834.516
69946.34,67577.54,69136.23,67354.72
69293.35,68142.46,69591.84,68031.94
68931.09,67993.375,68671.56,68296.49
68654.2,67581.13,68158.58,68437.58
68365.28,67029.086,67791.88,68406.0
67870.25,66446.67,67616.26,68230.336
67249.68,65425.734,67988.14,67532.88
66671.49,64715.406,67624.81,66961.39
66034.28,63957.23,67067.85,66320.95
65392.21,63309.79,66505.82,65659.0
64136.65,62446.58,65162.33,64676.06
62898.56,61950.48,64049.74,63924.188
62253.69,61269.27,62948.17,63142.918
61539.42,60499.86,62200.28,62307.633
60759.3,59609.824,61667.67999999999,61268.395
59940.33,58955.816,61360.24,60489.14
58999.27,58293.586,60804.23,59798.234
58718.26,57585.348,59753.950000000004,59127.484
57923.3,57016.29,58530.36,58386.027
56397.52999999999,56209.805,57990.0,57563.12
55645.96,55665.285,56901.61,56909.688
54054.329999999994,54753.758,55756.12,55994.113
52977.75,53840.277,54772.16000000001,54958.16
51996.45999999999,52733.93,54009.73000000001,53828.145
51225.28,51828.81,52956.14,52850.48
49923.93,51009.625,52344.52,51992.82
49200.97,50220.938,50730.560000000005,51197.848
49097.37,49304.695,50051.58,50352.41
48809.030000000006,48708.39,49487.33000000001,49748.758
48346.72,48494.277,49246.729999999996,49498.83
48275.33,48240.84,48124.43,49143.56
48017.58,48042.582,47858.799999999996,48943.105
48063.76,47957.61,47553.49,48878.08
47280.34,47947.5,47256.89,48887.31
47426.97,47980.324,47170.16,48936.344
47399.03,47644.637,47247.45,48715.605
47354.71,47544.305,47208.8,48649.67
47442.39,47510.04,47217.44,48654.832
47655.64,47556.39,47494.28,48699.234
47754.28,47634.51,47614.99,48816.53
48013.369999999995,47906.938,47580.33,49083.16
48633.51999999999,48300.2,47604.57,49424.926
48922.590000000004,49069.4,47907.33,49833.523
49543.13,50098.88,47957.42,50581.883
50048.74,51079.316,48183.42999999999,51307.152
51311.369999999995,52231.953,48708.66,52061.71
52024.79,53708.06,49484.25000000001,52788.24
53059.18000000001,55179.02,49746.34,53807.562
54545.48,56180.105,50340.84,54576.168
57491.71,57029.977,50938.37,55221.152
59887.5,58388.65,53207.94999999999,56012.85
61256.17,60097.883,54795.17,57525.918
62540.14,61603.42,56096.95,59290.316
63932.21,62481.26,57215.93,60823.566
64522.48999999999,63159.39,58681.64,62240.445
65168.09,63767.33,59330.219999999994,63597.67
65848.44,64166.875,59936.240000000005,64624.734
66743.85,64547.43,61025.58999999999,65468.93
67072.64,65192.727,62004.26,66444.83
66784.59,65846.38,62507.45999999999,67305.88
66949.21,66193.96,62582.369999999995,67678.43
66596.95,66193.24,62623.84,67561.19
66718.98,66445.46,62371.02,67577.73
67070.75,66656.86,62908.41,67546.85
66983.3,66675.63,63490.37,67321.5
67446.99,66873.695,63761.81,67254.984
67317.0,67050.27,63203.05000000001,67411.82
67540.8,67491.42,63496.47,67795.74
67791.98,67406.56,63756.43,67807.22
67661.04,67373.47,63760.509999999995,67844.28
67657.74,67480.13,63761.71,68149.6
67824.51,67648.44,63977.979999999996,68501.0
67982.12,67383.23,64134.66,68475.17
67780.26,67221.45,64081.100000000006,68490.27
67695.48,67190.98,63144.6,68608.91
67880.77,67146.95,62738.16,68710.06
67663.26,66785.22,62489.2,68494.85
68238.49,66679.86,62272.36,68393.83
68043.09,66629.664,62505.97,68308.164
67602.39,66898.39,62262.81999999999,68409.68
67105.52,66790.125,61669.32,68288.98
67174.52,66435.516,61312.54,68049.164
66989.69,66042.8,61505.780000000006,67773.66
66726.45,65814.76,61037.77,67610.336
66652.93,65567.92,60766.270000000004,67445.79
66168.4,65318.16,60382.82,67300.83
65775.35,65288.09,60334.02,67185.266
65545.27,65107.8,59802.08999999999,66982.05
65400.74999999999,64984.312,59840.16,66751.3
65053.71,65009.69,59647.030000000006,66577.016
64792.189999999995,65133.527,59433.70999999999,66365.92
65128.91,65172.188,59182.869999999995,66137.96
65680.55,65256.254,59285.03,65920.414
67164.28,65591.48,59737.38,65875.875
68428.3,65947.57,61301.43,65867.98
69136.23,66802.7,62607.79,66313.516
69591.84,67595.78,63388.56,66951.18
68671.56,67959.336,63643.72,67579.07
68158.58,67740.78,63704.3,67824.44
67791.88,67244.98,63577.57,67930.76
67616.26,66628.555,63316.01,67836.7
67988.14,66025.3,63044.4,67645.055
67624.81,65023.04,62884.990000000005,66997.25
67067.85,64682.566,62336.58000000001,66729.14
66505.82,64187.242,62136.22,66370.25
65162.33,63598.68,61894.87000000001,65858.98
64049.74,62718.09,60404.759999999995,64945.395
62948.17,61938.363,59279.32,64065.94
62200.28,61163.69,58462.32,63179.805
61667.67999999999,60431.066,57991.63,62328.156
61360.24,59554.254,57051.77,61263.305
60804.23,58983.1,56618.22,60451.29
59753.950000000004,58551.418,56049.61,59861.723
58530.36,58052.664,55654.25,59313.49
57990.0,57433.527,55060.04,58669.15
56901.61,56351.414,54354.420000000006,57643.516
55756.12,55704.234,53541.590000000004,56886.99
54772.16000000001,54950.33,52245.01,56075.75
54009.73000000001,53988.12,50521.72,55005.81
52956.14,53052.523,49503.82,53955.32
52344.52,52415.59,48788.43,53173.406
50730.560000000005,51676.473,48320.42,52393.043
50051.58,50983.332,47061.48,51686.594
49487.33000000001,49933.375,46513.16,50714.168
49246.729999999996,49273.848,45933.37,50030.617
48124.43,48819.492,45472.94,49577.523
47858.799999999996,48300.06,44748.98,49481.46
47553.49,47953.758,44564.04,49143.574
47256.89,47568.855,44449.54,48782.203
47170.16,47433.22,43898.52,48627.426
47247.45,47266.492,43456.61,48486.39
47208.8,47168.176,43414.59,48377.11
47217.44,47211.867,43377.0,48402.3
47494.28,47217.81,43308.21,48439.598
47614.99,47330.176,43578.66,48498.434
47580.33,47528.34,43675.44,48669.742
47604.57,47826.363,43765.31,48933.504
47907.33,48055.74,43339.28,49136.805
47957.42,48586.406,43992.92,49350.684
48183.42999999999,49264.535,44232.63,49808.227
48708.66,49915.086,44369.25,50219.098
49484.25000000001,50713.758,44503.25,50650.387
49746.34,52110.68,44786.57,51133.18
50340.84,53380.1,44772.02,51852.934
50938.37,54027.344,45103.93,52200.14
53207.94999999999,54590.715,45222.3,52384.69
54795.17,55491.195,45989.96,52409.438
56096.95,56839.85,46744.21,53162.57
57215.93,57964.81,47324.21,54101.26
58681.64,58737.562,47921.93000000001,55023.844
59330.219999999994,59606.508,48847.15,55823.297
59936.240000000005,59990.65,49562.34,56700.027
61025.58999999999,60394.02,50391.78,57561.848
62004.26,60692.4,51278.38999999999,58313.656
62507.45999999999,61560.5,52393.9,59391.387
62582.369999999995,62296.01,53081.48,60775.367
62623.84,62651.22,53590.72000000001,61901.625
62371.02,62736.53,53718.46,62602.13
62908.41,62982.156,53710.08,63344.887
63490.37,63095.832,53994.87,63933.832
63761.81,63233.76,54117.61,64235.418
63203.05000000001,63588.16,54463.030000000006,64526.65
63496.47,63891.27,54702.619999999995,65005.19
63756.43,63947.19,55056.41,65318.8
63760.509999999995,63767.94,55463.19,65251.0
63761.71,63817.258,55920.98,65301.996
63977.979999999996,63782.195,56288.17,65493.004
64134.66,63906.895,56785.29,65882.7
64081.100000000006,63708.69,57154.23,65918.52
63144.6,63621.703,57187.86,65970.7
62738.16,63555.895,57628.920000000006,66101.68
62489.2,63165.85,57498.79,66082.8
62272.36,62501.203,57148.17,65761.12
62505.97,62123.8,57311.97000000001,65547.375
62262.81999999999,62001.13,57088.329999999994,65465.023
61669.32,62091.32,56793.66,65499.895
61312.54,61834.867,56527.2,65226.566
61505.780000000006,61286.246,55886.52,64749.746
61037.77,60899.926,55629.11,64253.703
60766.270000000004,60797.574,55096.77,63887.77
60382.82,60425.855,54957.97,63392.883
60334.02,60115.05,54610.91,62897.37
59802.08999999999,59989.594,55309.49,62330.938
59840.16,60035.89,54959.85,61815.17
59647.030000000006,59991.023,54973.969999999994,61252.582
59433.70999999999,60286.527,54997.58999999999,60850.812
59182.869999999995,60683.863,55063.61,60473.17
59285.03,60959.285,54875.84,60073.363
59737.38,61277.44,55483.65,59787.29
61301.43,61709.535,56082.05000000001,59673.38
62607.79,62216.996,58202.46,59659.85
63388.56,63166.555,59011.1,60084.64
63643.72,63912.516,59342.369999999995,60800.355
63704.3,64003.324,59449.96000000001,61555.82
63577.57,63324.395,59065.74,61882.086
63316.01,62817.348,58644.43,62299.984
63044.4,62420.15,58336.18,62631.016
62884.990000000005,61991.45,57838.19,62833.85
62336.58000000001,61157.37,57705.590000000004,62388.434
62136.22,60691.957,57031.270000000004,62156.7
61894.87000000001,60143.72,56559.979999999996,61809.703
60404.759999999995,59682.297,56214.7,61436.49
59279.32,58926.797,55002.60999999999,60623.754
58462.32,58025.64,53997.84,59736.51
57991.63,57107.46,53177.31,58752.883
57051.77,56432.88,52611.82,57899.566
56618.22,55694.242,51938.57,56859.332
56049.61,55111.67,51509.32,55985.754
55654.25,54658.875,50975.530000000006,55252.24
55060.04,54193.266,50668.01,54556.613
54354.420000000006,53645.04,51000.46,54121.098
53541.590000000004,52922.535,50080.55,53495.465
52245.01,52379.44,49310.83,52907.227
50521.72,51727.76,48467.68000000001,52241.535
49503.82,50601.24,47523.21,51167.676
48788.43,49331.543,46735.54,49860.492
48320.42,48372.434,46090.6,48763.797
47061.48,47697.758,45570.26,47897.375
46513.16,47057.336,44301.78,47111.68
45933.37,46261.484,43758.5,46182.027
45472.94,45753.812,43105.55,45516.26
44748.98,45384.695,42654.37,45021.445
44564.04,44698.336,42000.26,44717.91
44449.54,44351.48,41487.98,44134.42
43898.52,44103.348,41449.22,43643.375
43456.61,44086.676,41215.9,43423.36
43414.59,43724.79,41098.08,43050.863
43377.0,43461.6,40797.06,42815.48
43308.21,43386.55,40661.79,42753.93
43578.66,43399.906,40580.45,42775.26
43675.44,43325.42,40627.64,42694.574
43765.31,43529.047,40598.13,42910.17
43339.28,43745.34,40644.55,43138.637
43992.92,43960.73,40670.45,43366.645
44232.63,43958.727,40897.14,43255.492
44369.25,44624.09,40912.82,43744.348
44503.25,45316.938,41257.65,44144.887
44786.57,45929.84,41490.54,44434.832
44772.02,46792.453,42253.09,44417.562
45103.93,47473.06,42318.11,44602.58
45222.3,47715.656,42424.89,44443.418
45989.96,48100.793,43215.16,44280.793
46744.21,48843.93,43999.98,43553.67
47324.21,49310.348,44518.98,43159.65
47921.93000000001,49767.348,44903.2,42898.273
48847.15,50131.65,45388.6,42705.45
49562.34,51147.36,46677.79,42327.52
50391.78,50508.72,47128.64,42052.254
51278.38999999999,51435.555,47599.69,42818.008
52393.9,52051.156,48721.27999999999,43402.203
53081.48,53443.46,49995.25,44030.074
53590.72000000001,54222.98,50564.99999999999,45124.047
53718.46,54936.914,51341.49,46459.523
53710.08,55447.285,52052.33,47770.375
53994.87,56128.305,52941.41,48868.75
54117.61,56163.023,53474.31,49852.207
54463.030000000006,56290.97,53530.27,50804.69
54702.619999999995,56400.8,53717.97,51502.645
55056.41,56923.977,53925.49,52262.95
55463.19,56986.273,54236.14,52765.48
55920.98,56927.3,54482.87,53109.32
56288.17,56980.516,54733.04,53355.816
56785.29,57373.586,54975.99,53618.996
57154.23,57428.285,55212.83,53810.73
57187.86,57434.605,55645.8,53927.223
57628.920000000006,57458.227,55700.82,53990.887
57498.79,57613.13,55583.57,53891.742
57148.17,57658.434,55615.49,53914.8
57311.97000000001,57434.504,55447.74,53829.363
57088.329999999994,56935.547,55607.39,53468.543
56793.66,57048.316,55369.18,53116.957
56527.2,56785.61,55110.22,52535.883
55886.52,56283.918,55155.10999999999,52097.5
55629.11,55950.31,54278.66000000001,51787.41
55096.77,55787.094,53798.51,51336.23
54957.97,55533.066,53548.53,50817.38
54610.91,55373.1,52995.49999999999,50584.355
55309.49,55526.0,52647.93,50602.13
54959.85,55867.46,52709.34,50686.555
54973.969999999994,56733.258,52581.81,50973.145
54997.58999999999,57093.277,52012.259999999995,51176.074
55063.61,57359.145,51943.27,51445.117
54875.84,57562.223,52315.77,51688.23
55483.65,57756.043,52287.69000000001,51778.1
56082.05000000001,57721.97,52669.53,51848.754
58202.46,58013.504,53599.23,52117.855
59011.1,58229.254,55836.29000000001,52383.19
59342.369999999995,59466.215,56663.87,53159.383
59449.96000000001,59983.824,57889.37999999999,53757.12
59065.74,59701.94,58434.8,54144.363
58644.43,58928.33,58110.42,54164.8
58336.18,58394.547,57510.2,54174.965
57838.19,57815.758,57145.02,53995.863
57705.590000000004,57306.86,57067.07,53780.03
57031.270000000004,56339.668,56225.68,53179.97
56559.979999999996,56039.516,55397.73,52988.22
56214.7,55598.188,54644.11,52644.414
55002.60999999999,55106.926,54145.05000000001,52265.426
53997.84,54239.523,53174.689999999995,51613.97
53177.31,53539.86,51710.99,51061.887
52611.82,52796.21,51109.87,50415.418
51938.57,52255.17,50380.36,49834.875
51509.32,51353.16,49568.590000000004,49130.438
50975.530000000006,50965.66,49066.05999999999,48633.94
50668.01,50622.004,48938.91,48127.656
51000.46,50173.477,48674.93,47571.055
50080.55,49429.312,48684.67,47399.434
49310.83,49065.152,48459.88,47244.83
48467.68000000001,48403.773,47464.42,46837.984
47523.21,47660.65,46613.78,46305.61
46735.54,46598.37,45777.64,45615.66
46090.6,45911.83,45413.61,44906.844
45570.26,45262.85,44683.21,44193.99
44301.78,44798.82,43889.55,43594.652
43758.5,44096.09,42225.24,43002.65
43105.55,43443.55,41498.98,42316.56
42654.37,42949.133,41028.15,41778.395
42000.26,42606.855,40591.82,41341.434
41487.98,42295.387,39835.69,40660.68
41449.22,41943.46,39495.64,40087.37
41215.9,41528.27,38728.51,39665.52
41098.08,41505.254,38551.04,39605.06
40797.06,41198.23,38779.44,39331.656
40661.79,41209.8,38655.34,39342.855
40580.45,41064.63,38059.82,39265.477
40627.64,40973.438,38229.55,39262.355
40598.13,40815.797,38599.94,39121.58
40644.55,40945.297,38522.34,39309.773
40670.45,40927.17,38100.08,39417.867
40897.14,40936.883,38162.79,39578.0
40912.82,40904.094,38526.59,39513.3
41257.65,41087.41,38640.21,39805.375
41490.54,41100.48,38778.07,39944.125
42253.09,41311.0,38635.23,40165.77
42318.11,41770.99,39103.53,40194.113
42424.89,42500.613,39101.49,40591.15
43215.16,42860.48,38425.55,40647.227
43999.98,43057.918,38369.05,40563.863
44518.98,44274.59,38267.36,40459.543
44903.2,45284.676,38335.58,40390.93
45388.6,45955.016,38776.13,40230.855
46677.79,46454.39,38955.15,40132.44
47128.64,47517.77,39423.9,39776.523
47599.69,47727.39,39799.61,39695.64
48721.27999999999,48781.668,40430.34,40397.363
49995.25,49213.117,41069.14,40735.613
50564.99999999999,50922.297,42241.08,41348.99
51341.49,51879.35,43345.93,42187.62
52052.33,52470.816,44366.28,43104.527
52941.41,53058.76,45090.17,44134.992
53474.31,54209.516,45823.21,45142.793
53530.27,54764.812,46390.41,46234.77
53717.97,55049.6,46936.47,47138.6
53925.49,54941.83,47308.95,47718.145
54236.14,55432.285,48081.549999999996,48415.367
54482.87,55375.836,48835.05999999999,48971.527
54733.04,55304.777,48932.47,49505.04
54975.99,55300.97,49694.56,49916.258
55212.83,55699.28,50458.05,50338.24
55645.8,55571.8,51441.55999999999,50536.387
55700.82,55421.438,52019.06,50699.242
55583.57,55467.027,52050.79,50837.895
55615.49,55679.773,51822.46,50857.867
55447.74,55298.65,51532.81,50600.945
55607.39,54970.867,51319.72000000001,50383.152
55369.18,54644.793,50709.94,50085.406
55110.22,54884.734,50151.44000000001,49762.074
55155.10999999999,54517.27,49574.33999999999,49074.215
54278.66000000001,54020.016,49279.47,48635.957
53798.51,53920.23,48673.45,48499.605
53548.53,53652.832,48468.79,48186.746
52995.49999999999,52994.9,48486.93000000001,47640.63
52647.93,52847.695,48234.159999999996,47498.42
52709.34,52577.72,48096.439999999995,47379.004
52581.81,52642.004,48507.04,47483.188
52012.259999999995,52786.766,48346.85,47565.285
51943.27,53006.63,48347.32,47793.77
52315.77,52865.62,48114.51,47842.945
52287.69000000001,52939.66,48280.05,48022.664
52669.53,53478.746,48732.02,48331.58
53599.23,53807.812,49318.79000000001,48588.984
55836.29000000001,54202.938,50364.59999999999,48890.285
56663.87,54931.58,52326.03,49371.945
57889.37999999999,56569.62,53342.49,50301.0
58434.8,57159.203,53959.5,50919.55
58110.42,57463.016,54520.84,51696.75
57510.2,57067.4,54846.69,52253.477
57145.02,56607.44,54455.57,52733.12
57067.07,55854.56,54400.97,52878.152
56225.68,55260.41,53914.299999999996,52899.1
55397.73,54498.055,53293.94000000001,52509.977
54644.11,53951.438,52864.060000000005,52280.09
54145.05000000001,53275.26,52571.8,51917.293
53174.689999999995,52755.816,51884.159999999996,51604.36
51710.99,51820.773,51360.13,50859.91
51109.87,51393.008,50368.22,50581.758
50380.36,50515.438,50049.12000000001,50016.953
49568.590000000004,50082.84,49308.369999999995,49684.07
49066.05999999999,49172.41,48881.63,49003.047
48938.91,48792.883,48141.68,48727.594
48674.93,48471.965,47735.89,48421.18
48684.67,48340.473,47636.01,48224.777
48459.88,47728.5,47827.40000000001,48090.88
47464.42,47081.81,47346.59,48114.29
46613.78,46734.875,46394.48,48156.562
45777.64,45938.12,45844.85,47818.156
45413.61,44661.21,44865.32,47054.11
44683.21,44032.254,44238.11,46576.34
43889.55,43679.56,43670.12,46186.28
42225.24,43265.312,43021.98,45711.668
41498.98,42322.758,42351.11,44875.492
41028.15,41445.71,41875.33,44029.535
40591.82,40822.312,41708.09,43338.785
39835.69,40568.47,41509.18,42890.99
39495.64,40171.92,40980.35,42706.65
38728.51,39981.105,41012.58,42606.207
38551.04,39620.273,40958.69,42391.71
38779.44,39201.074,40884.66,42136.383
38655.34,38680.418,40241.71,41821.664
38059.82,38871.453,40291.53,42003.113
38229.55,38851.355,40564.96,42071.49
38599.94,38486.523,40642.22,41935.996
38522.34,38228.387,40515.8,41935.043
38100.08,38577.152,40887.67,42351.785
38162.79,38584.23,41345.34,42563.41
38526.59,38268.87,41698.89,42623.44
38640.21,38038.617,42384.26,42839.777
38778.07,38360.348,42898.8,43449.996
38635.23,38411.664,43502.83,43965.13
39103.53,38462.816,44153.98,44526.66
39101.49,38388.152,45293.59,45246.81
38425.55,38818.953,46245.27,46214.418
38369.05,38992.543,47777.73,47091.887
38267.36,38665.676,49986.04,47739.934
38335.58,38844.684,53272.91,48970.55
38776.13,39299.34,56133.1,50271.61
38955.15,39497.81,58351.73,51424.55
39423.9,40060.457,60355.64,52704.176
39799.61,40433.746,62672.4,54926.8
40430.34,41139.832,63454.4,56489.543
41069.14,41629.117,63786.049999999996,57572.527
42241.08,42232.746,64665.42,58508.188
43345.93,43239.2,65679.67,60137.17
44366.28,44219.68,65893.81,61492.79
45090.17,45163.504,66304.87,62617.14
45823.21,46041.56,66518.18,63527.016
46390.41,47047.164,65946.44,64901.24
46936.47,47720.734,66201.11,65623.39
47308.95,48133.777,67064.35,65796.195
48081.549999999996,48568.965,67304.23,65764.83
48835.05999999999,49238.074,67441.01,66310.24
48932.47,49790.875,67743.51,66534.09
49694.56,50219.87,68042.6,66588.83
50458.05,50275.25,68100.33,66445.87
51441.55999999999,50835.848,68140.18,67029.92
52019.06,51257.81,68172.35,67430.62
52050.79,51605.418,67853.41,67780.05
51822.46,51779.18,68118.56,68108.21
51532.81,51840.715,67502.66,68699.21
51319.72000000001,51550.164,67501.87,68716.61
50709.94,51101.4,67723.19,68438.46
50151.44000000001,50755.36,68042.58,68170.07
49574.33999999999,50426.844,68592.79,68115.8
49279.47,49897.57,67973.75,67774.086
48673.45,49378.773,67348.29,67400.58
48468.79,49016.4,67095.0,67089.375
48486.93000000001,48810.91,67336.98,66984.12
48234.159999999996,48559.707,67465.15,66789.414
48096.439999999995,48583.047,67203.86,66773.0
48507.04,48669.55,66476.83,66780.12
48346.85,49094.496,66837.1,66865.1
48347.32,49667.703,66408.34,67017.13
48114.51,50084.812,66160.32,67169.59
48280.05,50537.746,65726.94,67310.4
48732.02,50864.234,65529.37,67104.06
49318.79000000001,50988.676,65423.079999999994,66876.12
50364.59999999999,51355.2,65537.99,66903.0
52326.03,51767.65,66288.21,67086.99
53342.49,52454.266,67700.83,67095.99
53959.5,53463.754,68846.53,67600.84
54520.84,54095.402,69299.5,68215.53
54846.69,54320.848,69602.33,68568.69
54455.57,54295.37,68989.28,68053.555
54400.97,54325.75,68511.76,67928.3
53914.299999999996,53923.18,68116.55,67724.63
53293.94000000001,53668.297,67746.33,67428.0
52864.060000000005,52976.918,67415.89,66274.914
52571.8,52570.906,66647.96,65411.23
51884.159999999996,52189.727,66388.6,64742.695
51360.13,52118.445,65706.07,64223.562
50368.22,51673.586,64337.7,62978.31
50049.12000000001,51534.676,63018.65,62214.234
49308.369999999995,51067.29,62173.98,61531.586
48881.63,50842.02,61162.09,60908.19
48141.68,50174.633,59526.67,59627.098
47735.89,49742.562,58408.310000000005,58751.086
47636.01,49105.984,57459.72,57960.543
47827.40000000001,48582.477,56431.24,57202.99
47346.59,48146.316,56064.37,56200.375
46394.48,47649.99,55048.32000000001,55534.09
45844.85,47095.04,53775.30000000001,54935.965
44865.32,46285.797,52595.87,54060.992
44238.11,45409.008,51266.85,52845.72
43670.12,44483.402,50413.21,51891.363
43021.98,43885.02,49725.51,51213.426
42351.11,43392.418,49182.3,50693.293
41875.33,42804.062,47939.73,49910.496
41708.09,42161.11,48005.45,49273.934
41509.18,41885.457,47498.89,48874.113
40980.35,41761.312,46960.15,48605.418
41012.58,41828.438,46204.11,47461.26
40958.69,41188.727,45953.89,46785.434
40884.66,41378.746,45925.62,46746.793
40241.71,41421.688,45323.21,46717.332
40291.53,41427.785,45456.73,46736.637
40564.96,41047.727,45502.62,46516.67
40642.22,40918.523,45629.16,46423.863
40515.8,41113.508,45761.46,46524.805
40887.67,41354.25,46042.29,46640.168
41345.34,41438.31,46100.22,46738.734
41698.89,41825.16,46486.69,47012.01
42384.26,42535.875,46839.01,47454.785
42898.8,43529.195,47375.04,47937.523
43502.83,44680.53,47667.84,48707.188
44153.98,45924.14,48388.87999999999,49512.984
45293.59,47229.566,49017.17,50327.09
46245.27,48970.98,50421.84,51168.996
47777.73,50477.305,51333.13,52122.125
49986.04,51713.805,52154.99,52956.203
53272.91,53201.684,53699.65,53889.613
56133.1,55514.543,56497.49,55218.406
58351.73,57788.184,58473.14,56960.01
60355.64,59746.18,60457.75,58732.215
62672.4,61102.527,62738.85,60275.207
63454.4,62345.586,64412.37999999999,61853.035
63786.049999999996,63324.457,65018.7,63439.938
64665.42,63847.4,65705.65,64587.76
65679.67,64044.918,66464.34,65328.633
65893.81,64840.938,66898.96,66340.695
66304.87,65468.547,67200.89,67103.33
66518.18,65738.516,67629.11,67403.66
65946.44,65969.81,67683.17,67475.06
66201.11,66431.38,67077.73,67725.59
67064.35,66422.62,67309.52,67584.05
67304.23,66432.91,67385.33,67378.766
67441.01,66839.09,67724.13,67472.72
67743.51,67294.55,67758.62,67805.1
68042.6,67553.94,67751.1,68013.48
68100.33,67590.95,68155.28,68046.78
68140.18,67690.11,68557.59,68118.664
68172.35,67831.89,68982.4,68323.77
67853.41,67917.945,69258.03,68487.91
68118.56,67732.72,69074.41,68432.44
67502.66,67413.4,69063.63,68285.26
67501.87,67443.4,68536.07,68373.36
67723.19,67156.055,68259.44,68236.31
68042.58,66792.555,68628.01,67966.95
68592.79,66751.72,68933.57,67884.44
67973.75,66973.95,68868.68,67964.56
67348.29,67294.12,68703.77,68114.54
67095.0,66952.06,68091.04,67937.164
67336.98,66391.48,67495.87,67614.26
67465.15,66087.46,67334.49,67401.54
67203.86,66027.29,66822.1,67368.836
66476.83,66039.836,66683.82,67404.625
66837.1,65959.95,66367.63,67410.19
66408.34,65708.47,66545.29,67253.11
66160.32,65802.4,66312.5,67242.75
65726.94,65762.17,65984.26,67198.4
65529.37,65700.94,65443.45,67128.414
65423.079999999994,65544.89,66003.52,66985.65
65537.99,65499.0,66111.05,66885.21
66288.21,65546.29,66533.94,66842.39
67700.83,65708.64,67351.99,66872.9
68846.53,66034.94,68549.34,66958.05
69299.5,66790.53,69413.31,67427.96
69602.33,67417.79,70020.32,68023.664
68989.28,67651.195,70321.58,68525.32
68511.76,67261.164,69891.07,68573.875
68116.55,66847.63,69461.18,68611.414
67746.33,66235.34,69500.94,68475.16
67415.89,65566.81,69394.49,68216.664
66647.96,64480.902,69108.65,67383.66
66388.6,63928.08,68203.41,66779.2
65706.07,63199.766,67667.82,66080.195
64337.7,62702.438,67087.0,65465.8
63018.65,61853.234,65901.0,64459.06
62173.98,61129.34,64604.98999999999,63529.207
61162.09,60280.793,63377.38,62609.402
59526.67,59619.69,62387.22,61821.863
58408.310000000005,58608.297,61813.37,60698.688
57459.72,57593.688,60808.73,59649.96
56431.24,56624.633,59598.12,58706.535
56064.37,55757.66,58985.58,57891.492
55048.32000000001,54887.04,57886.71,56991.406
53775.30000000001,53956.74,57097.950000000004,56138.094
52595.87,53169.88,55586.54,55387.043
51266.85,52182.652,54631.93000000001,54495.46
50413.21,51008.1,53537.340000000004,53357.035
49725.51,49893.387,52140.52,52331.06
49182.3,49108.96,51389.74999999999,51525.22
47939.73,48470.668,50705.29,50875.42
48005.45,47875.957,49663.68000000001,50220.72
47498.89,47040.35,48947.96,49463.42
46960.15,46886.312,48110.44999999999,49162.32
46204.11,46715.4,47836.54,48917.055
45953.89,46574.668,48056.579999999994,48286.105
45925.62,45912.773,47728.05,47666.875
45323.21,45742.406,47491.68,47486.71
45456.73,45756.9,47072.32,47484.35
45502.62,45463.324,46853.16,47343.02
45629.16,45406.13,46841.89,47352.125
45761.46,45447.387,46875.86,47413.375
46042.29,45547.53,46739.4,47560.344
46100.22,45748.19,47546.24,47733.71
46486.69,46051.46,47794.55,48050.887
46839.01,46340.992,47628.86,48349.5
47375.04,46852.05,47956.58,48760.71
47667.84,47740.59,48847.12,49270.05
48388.87999999999,48679.33,49270.93,50006.38
49017.17,49571.637,49509.41,50680.55
50421.84,50710.45,50320.26999999999,51440.023
51333.13,52249.67,51466.170000000006,52253.812
52154.99,53824.77,52173.2,53375.207
53699.65,55080.22,53132.72,54326.92
56497.49,56015.723,54801.28999999999,55028.066
58473.14,57674.37,58223.86,55998.605
60457.75,59521.22,60537.41,57485.1
62738.85,60937.31,62377.85999999999,58979.125
64412.37999999999,62095.797,64072.14,60409.793
65018.7,63402.98,66087.27,62084.926
65705.65,64265.375,66531.99,63701.33
66464.34,64648.51,66822.33,64805.707
66898.96,65021.12,67552.88,65666.875
67200.89,65827.79,68153.77,66697.35
67629.11,66268.11,68867.84,67366.305
67683.17,66489.016,68743.14,67657.86
67077.73,66695.52,69141.22,67729.13
67309.52,67101.305,68870.66,67948.46
67385.33,67063.586,69042.01,67822.734
67724.13,67052.21,69027.46,67625.69
67758.62,67138.61,69075.73,67523.66
67751.1,67572.99,69243.32,67827.84
68155.28,67771.89,69363.04,68022.06
68557.59,67701.08,69579.27,68015.79
68982.4,67776.555,69533.05,68101.664
69258.03,68158.805,69788.86,68508.79
69074.41,68466.445,70305.47,68864.24
69063.63,68470.52,70420.91,68973.9
68536.07,68322.13,70624.27,68967.82
68259.44,68284.77,69879.81,69023.17
68628.01,68021.6,69865.97,68873.766
68933.57,67531.78,69852.87,68481.97
68868.68,67492.22,69761.05,68309.734
68703.77,67786.23,69972.46,68336.37
68091.04,67800.8,69556.31,68262.24
67495.87,67520.81,69262.61,68033.78
67334.49,67050.375,68745.77,67740.78
66822.1,66651.945,68810.12,67450.2
66683.82,66317.25,68604.14,67212.19
66367.63,65923.07,68431.46,66973.4
66545.29,65706.1,68242.98,66838.76
66312.5,65698.24,68692.9,66739.625
65984.26,65814.37,68169.38,66715.125
65443.45,65916.63,67861.45,66726.02
66003.52,65915.5,67583.21,66695.516
66111.05,65779.086,67634.77,66502.234
66533.94,66095.375,67433.82,66575.44
67351.99,66424.62,67722.6,66709.375
68549.34,66804.234,68466.28,66913.43
69413.31,67167.414,69874.8,67045.65
70020.32,67814.62,70726.29,67502.5
70321.58,68312.54,70825.25,68012.8
69891.07,68570.08,71010.15,68520.97
69461.18,68196.73,70581.09,68590.56
69500.94,67945.445,69851.92,68746.164
69394.49,67466.47,69770.38,68705.46
69108.65,67056.71,69419.85,68585.03
68203.41,66133.93,69034.29,67915.66
67667.82,65600.984,68169.76,67421.65
67087.0,64826.547,67541.41,66763.766
65901.0,64175.402,67114.37,66081.76
64604.98999999999,63262.605,65629.03,65056.645
63377.38,62584.445,64348.23,64219.133
62387.22,61802.207,63460.49,63390.676
61813.37,61039.805,62516.31,62564.44
60808.73,59938.684,61737.6,61396.59
59598.12,59302.656,60919.27,60595.246
58985.58,58551.023,59906.61,59828.133
57886.71,57641.324,59199.81,59010.113
57097.950000000004,57014.363,58821.98,58208.527
55586.54,55961.15,57700.81,57239.062
54631.93000000001,55156.125,56686.21,56445.316
53537.340000000004,54143.516,55449.18,55507.47
52140.52,53005.594,53906.22,54345.53
51389.74999999999,52050.24,53097.09,53373.996
50705.29,51084.043,52112.6,52400.47
49663.68000000001,50279.004,51515.15,51555.594
48947.96,49484.32,50287.17,50706.805
48110.44999999999,48694.895,49594.01000000001,49887.152
47836.54,48126.387,49160.94,49278.445
48056.579999999994,47577.15,48744.280000000006,48769.902
47728.05,47065.168,48028.85999999999,48135.34
47491.68,47159.895,48131.50000000001,48126.645
47072.32,47135.438,47795.37,48135.242
46853.16,47114.0,47546.58,48191.832
46841.89,46904.977,47154.11,48094.01
46875.86,46715.832,47067.38,48003.812
46739.4,46657.496,47258.64,48012.28
47546.24,46614.414,47301.37,48082.527
47794.55,46559.38,47598.61,48108.06
47628.86,46957.375,47710.84,48504.508
47956.58,47392.94,47969.719999999994,48941.53
48847.12,47572.574,48228.560000000005,49223.18
49270.93,48196.355,48360.77,49594.7
49509.41,49295.906,48984.39,50392.637
50320.26999999999,50395.816,49699.21000000001,51209.68
51466.170000000006,51357.723,50148.44,51896.83
52173.2,52949.477,51420.07,52709.17
53132.72,54542.28,52106.01999999999,53809.25
54801.28999999999,55723.473,53358.74,54715.246
58223.86,56752.58,54713.509999999995,55444.727
60537.41,58515.637,58099.54,56496.324
62377.85999999999,60665.91,60655.06,58330.23
64072.14,62254.285,62766.3,60230.44
66087.27,63314.65,64532.439999999995,61899.066
66531.99,64266.63,66548.8,63616.496
66822.33,65122.707,67274.19,65364.96
67552.88,65516.125,67470.41,66461.54
68153.77,65757.414,67885.3,67263.96
68867.84,66421.266,68803.59,68255.51
68743.14,66991.46,69190.77,68986.555
69141.22,67426.914,69604.65,69358.6
68870.66,67565.55,69835.38,69300.43
69042.01,68003.13,69248.88,69459.68
69027.46,68241.32,69429.26,69401.766
69075.73,68299.055,69598.83,69145.89
69243.32,68373.56,69625.85,68945.29
69363.04,68642.55,69651.8,69077.266
69579.27,68895.97,69901.24,69254.03
69533.05,68877.914,70033.94,69233.02
69788.86,68910.336,70248.86,69256.51
70305.47,69031.945,70464.94,69472.89
70420.91,69232.37,71231.31,69734.86
70624.27,69307.086,71391.03,69856.92
69879.81,69320.31,71164.68,69943.19
69865.97,69417.8,70670.09,70088.34
69852.87,69205.58,70568.73,69974.086
69761.05,68803.93,70594.86,69634.95
69972.46,68643.64,70697.49,69430.64
69556.31,68624.53,71038.24,69277.17
69262.61,68730.984,70894.37,69218.99
68745.77,68386.41,70165.88,68946.375
68810.12,68032.16,69578.45,68680.375
68604.14,67732.195,69326.16,68429.08
68431.46,67576.19,69376.54,68273.2
68242.98,67402.09,69357.17,68158.445
68692.9,67300.66,69129.35,68076.984
68169.38,67279.65,69179.33,68005.055
67861.45,67545.914,69076.81,68083.516
67583.21,67511.875,68835.28,68067.28
67634.77,67419.234,68439.46,67989.21
67433.82,67308.25,68258.78,67828.414
67722.6,67358.83,68394.9,67805.39
68466.28,67377.945,69012.44,67799.44
69874.8,67552.83,69800.58,67914.01
70726.29,67781.75,70825.25,68003.305
70825.25,68472.805,71454.19,68548.46
71010.15,68998.92,71919.72,69169.05
70581.09,69157.95,72113.83,69658.24
69851.92,68772.64,71931.94,69689.43
69770.38,68511.8,71480.87,69805.38
69419.85,67936.42,71323.39,69637.77
69034.29,67398.78,70840.42,69379.24
68169.76,66374.11,70563.1,68552.48
67541.41,65700.164,69883.01,67892.17
67114.37,64862.86,69237.35,67138.16
65629.03,64169.74,68528.15,66415.27
64348.23,63284.027,66813.22,65397.4
63460.49,62505.86,65552.43,64480.445
62516.31,61642.004,64472.7,63550.363
61737.6,60946.254,63529.59,62734.824
60919.27,59987.68,62529.84,61598.46
59906.61,59265.195,61646.939999999995,60683.1
59199.81,58555.0,60431.799999999996,59876.637
58821.98,57756.77,59763.65,59083.645
57700.81,57089.773,59190.11,58330.176
56686.21,56344.707,58024.37,57550.105
55449.18,55632.117,56871.04,56814.2
53906.22,54817.99,55848.32000000001,55986.098
53097.09,53768.797,54730.119999999995,54860.254
52112.6,52556.062,53520.32,53631.023
51515.15,51736.09,52421.780000000006,52706.734
50287.17,50944.055,51676.880000000005,51878.652
49594.01000000001,50232.723,50486.99,51141.336
49160.94,49336.895,49764.82,50289.055
48744.280000000006,48788.07,49362.08,49729.133
48028.85999999999,48425.06,49115.409999999996,49369.29
48131.50000000001,47884.453,48636.99,49216.63
47795.37,47655.863,48471.89,48993.977
47546.58,47555.16,48357.2,48896.902
47154.11,47508.777,48328.3,48894.848
47067.38,47398.254,47240.06,48847.086
47258.64,47101.574,47083.42,48655.15
47301.37,46927.133,47236.27,48562.93
47598.61,46931.348,47757.66,48626.56
47710.84,47087.133,47545.91,48701.44
47969.719999999994,47265.58,47582.77,48892.414
48228.560000000005,47522.5,47843.61,49147.395
48360.77,47963.09,48006.77,49482.52
48984.39,48807.59,48989.36000000001,49866.504
49699.21000000001,49483.055,49245.2,50332.336
50148.44,50549.734,49564.57000000001,50990.15
51420.07,51947.305,50277.19,51765.188
52106.01999999999,53592.94,51566.48,52463.688
53358.74,55147.965,52287.76,53443.312
54713.509999999995,56289.93,53690.13,54192.77
58099.54,57461.438,55312.57,54903.32
60655.06,59120.008,58784.37999999999,55677.758
62766.3,61173.21,61180.59,57298.93
64532.439999999995,62877.79,62807.04,59168.066
66548.8,64099.44,64336.21,61035.05
67274.19,65204.098,66540.11,62926.258
67470.41,66046.055,67079.0,64824.047
67885.3,66466.42,67424.82,66124.96
68803.59,66673.16,67962.04,67019.59
69190.77,67190.81,68182.73,67924.836
69604.65,67768.79,68706.6,68747.65
69835.38,68076.07,69127.2,69129.305
69248.88,68310.9,69211.38,69224.29
69429.26,68778.96,69791.35,69472.7
69598.83,68842.89,69947.6,69430.33
69625.85,68852.77,70329.84,69191.78
69651.8,69028.086,70323.67,69089.73
69901.24,69319.36,70220.89,69313.95
70033.94,69543.46,70308.92,69549.766
70248.86,69563.586,70434.81,69586.03
70464.94,69603.75,70493.02,69643.17
71231.31,69773.95,70887.8,69928.625
71391.03,70045.53,71345.64,70318.87
71164.68,70204.74,71620.34,70552.97
70670.09,70278.336,71492.44,70715.88
70568.73,70152.1,71108.01,70802.72
70594.86,69957.23,70575.16,70787.414
70697.49,69541.02,70279.92,70485.48
71038.24,69428.4,70177.45,70296.414
70894.37,69560.77,70162.43,70239.86
70165.88,69781.87,69610.19,70239.266
69578.45,69605.6,69197.35,70050.15
69326.16,69114.45,68463.12,69662.51
69376.54,68716.03,68375.62,69269.82
69357.17,68316.5,67967.43,68855.02
69129.35,68156.11,67878.96,68616.11
69179.33,68104.234,67516.59,68480.93
69076.81,68189.21,66433.28,68391.29
68835.28,68223.44,66078.42,68273.05
68439.46,68381.586,65865.18,68232.94
68258.78,68394.61,65785.89,68142.26
68394.9,68298.54,66032.19,67995.16
69012.44,68247.664,66071.84,67908.12
69800.58,68384.94,66506.35,67952.07
70825.25,68767.44,67143.4,68196.45
71454.19,69124.516,68117.32,68419.06
71919.72,69715.26,68612.1,68939.62
72113.83,70027.195,68993.53,69439.336
71931.94,70196.73,68880.38,69936.06
71480.87,69821.94,68821.54,69954.11
71323.39,69614.766,68340.08,70045.625
70840.42,69151.77,67913.72,69879.69
70563.1,68679.91,67655.12,69591.51
69883.01,67637.11,67062.27,68687.5
69237.35,67029.234,66259.69,68001.47
68528.15,66323.125,65589.53,67236.555
66813.22,65636.87,64657.39,66452.13
65552.43,64553.684,63371.31,65300.742
64472.7,63606.152,62187.75000000001,64237.133
63529.59,62611.28,61182.04,63148.23
62529.84,61781.668,60339.340000000004,62175.453
61646.939999999995,60673.684,59605.84,60957.105
60431.799999999996,59824.74,59036.65000000001,59868.727
59763.65,58995.145,58084.68,58862.645
59190.11,58057.742,57368.83999999999,57864.207
58024.37,57186.254,56829.82000000001,57169.406
56871.04,56283.895,55861.03,56436.098
55848.32000000001,55457.914,54809.91,55726.58
54730.119999999995,54498.3,53750.97,54912.83
53520.32,53442.895,52036.13,53931.28
52421.780000000006,52461.082,51075.86,52946.965
51676.880000000005,51573.668,50442.75,52056.797
50486.99,50694.79,49512.84,51223.613
49764.82,49894.906,48972.31999999999,50469.215
49362.08,49001.844,48296.850000000006,49625.258
49115.409999999996,48488.324,47671.54,49088.062
48636.99,48178.56,47334.38,48743.84
48471.89,47920.195,46309.29,48602.055
48357.2,47847.664,45919.57,48112.137
48328.3,47769.438,45620.03,47715.535
47240.06,47796.156,45167.24,47433.17
47083.42,47817.273,44814.1,47201.91
47236.27,47215.336,44865.14,46579.43
47757.66,46868.707,45026.29,46171.523
47545.91,46773.766,44758.23,45937.29
47582.77,47151.875,44686.25,45941.395
47843.61,47160.777,44664.57,45811.76
48006.77,47279.902,44780.81,45718.547
48989.36000000001,47644.844,44903.9,45718.918
49245.2,48385.57,44979.71,45716.25
49564.57000000001,49604.953,44956.44,46146.617
50277.19,50633.777,44894.73,46379.324
51566.48,51597.18,44974.08,46552.734
52287.76,53159.555,45539.04,46513.883
53690.13,54584.816,45389.5,46816.406
55312.57,55613.43,45161.11,46871.375
58784.37999999999,56808.863,45401.42,47002.184
61180.59,58756.316,46289.48,46851.36
62807.04,60946.332,46885.23,47595.17
64336.21,62713.016,47109.32,48427.434
66540.11,63731.484,47853.48,49183.28
67079.0,64994.15,48596.91000000001,49685.484
67424.82,65590.99,49168.98,50681.477
67962.04,65983.58,49875.01,51478.293
68182.73,66059.15,50988.28,52088.867
68706.6,66764.09,52869.23999999999,52836.0
69127.2,66820.58,53902.08,53760.984
69211.38,67030.34,54818.5,54763.46
69791.35,67264.46,55679.32000000001,55724.746
69947.6,67690.02,56075.09999999999,56589.65
70329.84,67912.21,56452.76999999999,57469.363
70323.67,67962.94,57105.850000000006,58211.367
70220.89,68051.06,57613.95,58740.6
70308.92,68344.01,58386.48,59158.875
70434.81,68238.16,58495.56,59434.566
70493.02,68065.695,58596.899999999994,59607.152
70887.8,67980.69,59039.1,59670.504
71345.64,68134.88,59111.65,59688.85
71620.34,68287.63,59366.15,59903.703
71492.44,68382.66,59574.65,60024.03
71108.01,68454.43,59608.189999999995,60111.812
70575.16,68540.164,59497.27,60060.508
70279.92,68416.54,59179.439999999995,60052.855
70177.45,68010.84,58764.04,59809.93
70162.43,67670.14,58240.04,59480.984
69610.19,67619.41,57599.74,59177.4
69197.35,67510.414,57046.69,59013.336
68463.12,67046.16,56487.45,58774.04
68375.62,66556.82,55897.82000000001,58369.207
67967.43,66193.6,55772.05,57849.55
67878.96,65972.99,55527.31,57440.82
67516.59,65847.77,55061.81,57172.27
66433.28,65892.484,54937.47,56963.504
66078.42,66097.305,55082.74,56822.92
65865.18,65691.57,54840.79,56403.094
65785.89,65609.4,54787.24,56235.574
66032.19,65762.33,54675.33,56242.68
66071.84,65921.55,54818.55,56422.574
66506.35,66280.07,54978.4,56713.21
67143.4,66562.12,55446.07,57088.15
68117.32,66848.9,56496.159999999996,57497.332
68612.1,66959.04,58355.07,57965.613
68993.53,67259.97,59286.64,58597.586
68880.38,67235.22,59997.33,59183.664
68821.54,66979.69,60132.81,59672.457
68340.08,66122.71,59812.78,59704.066
67913.72,65708.12,59469.30000000001,59837.777
67655.12,65261.76,58867.96,59763.75
67062.27,64760.17,58404.979999999996,59533.758
66259.69,63957.043,58098.51,58951.465
65589.53,63511.477,57536.94,58603.336
64657.39,62952.258,57064.78,58097.5
63371.31,62388.66,56310.06,57535.715
62187.75000000001,61195.867,54801.52999999999,56636.316
61182.04,60421.71,53372.37,55938.312
60339.340000000004,59615.863,52538.189999999995,55163.203
59605.84,58924.863,51949.229999999996,54445.21
59036.65000000001,57868.926,51555.73,53673.773
58084.68,57470.117,51049.35,53092.395
57368.83999999999,56996.227,50741.07,52534.3
56829.82000000001,56353.773,50357.52,51890.496
55861.03,55400.945,51033.6,51812.402
54809.91,54451.543,50444.14,51451.207
53750.97,53654.867,49639.15000000001,51033.332
52036.13,52760.85,48857.84999999999,50411.05
51075.86,51524.086,48212.65,49559.258
50442.75,50369.223,47504.27,48462.94
49512.84,49410.945,46614.18,47507.727
48972.31999999999,48846.332,46317.25,46827.777
48296.850000000006,47956.29,45811.67,46084.58
47671.54,47510.34,45629.35,45499.68
47334.38,47102.246,45408.43,44989.17
46309.29,46711.637,44983.85,44533.105
45919.57,46378.465,43976.25,43700.4
45620.03,45775.727,43749.27,42859.082
45167.24,45473.797,43610.11,42494.31
44814.1,45324.617,43413.34,42323.605
44865.14,44949.65,43021.23,42052.984
45026.29,44775.277,42578.35,41918.793
44758.23,44788.434,42584.21,41946.137
44686.25,44980.348,42508.11,42085.312
44664.57,44872.2,42090.27,41984.566
44780.81,44798.316,42086.51,42031.445
44903.9,44685.85,41996.23,42083.016
44979.71,44641.176,42000.84,42187.316
44956.44,44680.375,42075.0,42142.64
44894.73,44701.98,41937.2,42224.625
44974.08,44559.746,42062.96,42178.746
45539.04,44497.137,41728.42,42114.152
45389.5,44915.33,41950.63,41897.957
45161.11,45549.344,42026.44,41996.258
45401.42,45881.523,41970.21,41808.867
46289.48,45998.234,42032.75,41448.406
46885.23,47053.53,41701.55,40900.312
47109.32,48050.664,41649.96,40764.85
47853.48,48984.91,41999.69,40822.89
48596.91000000001,49535.434,42407.3,40892.535
49168.98,50947.992,42914.82,40890.016
49875.01,50848.387,43107.94,40935.05
50988.28,51601.92,43620.62,41659.863
52869.23999999999,52227.684,44558.52,42369.19
53902.08,53839.555,45643.52,43257.914
54818.5,55090.883,46482.17,44617.63
55679.32000000001,56111.7,47284.3,46125.684
56075.09999999999,56712.055,47981.49,47354.85
56452.76999999999,57821.51,48957.0,48481.344
57105.850000000006,57997.04,49701.19,49414.504
57613.95,58027.41,50156.32,50202.773
58386.48,58284.555,50930.09,50815.375
58495.56,58910.78,51408.0,51477.11
58596.899999999994,59151.855,51802.57000000001,52139.84
59039.1,59017.31,52401.46,52538.617
59111.65,58782.066,52861.17,52696.965
59366.15,59164.273,53635.40000000001,53024.89
59574.65,59139.61,54307.780000000006,53389.68
59608.189999999995,59006.258,54463.44,53609.71
59497.27,58936.027,54201.91999999999,53759.332
59179.439999999995,59028.746,53984.52,53847.324
58764.04,58862.35,53673.27,54012.656
58240.04,58437.72,53303.13999999999,54056.117
57599.74,57972.57,53003.59,53925.957
57046.69,57651.848,52895.72,53632.184
56487.45,57108.918,52824.96,53233.895
55897.82000000001,56489.01,52565.86,52935.145
55772.05,55933.027,51481.41,52606.535
55527.31,55625.31,51411.92,52144.38
55061.81,55437.125,50680.19,51666.07
54937.47,55288.03,50786.67,51424.5
55082.74,55058.504,50392.73,51219.32
54840.79,55140.812,50672.64,51141.066
54787.24,55425.6,50477.96,51130.504
54675.33,55496.35,50504.88,51253.844
54818.55,55712.61,50719.5,51523.98
54978.4,55952.613,51558.19999999999,51746.516
55446.07,56344.707,51988.04,51964.93
56496.159999999996,56774.234,52649.56999999999,52444.504
58355.07,57305.387,54107.55,53059.12
59286.64,57947.355,55200.43,53690.992
59997.33,59126.883,56310.78999999999,54689.62
60132.81,59638.77,56767.259999999995,55671.375
59812.78,59630.258,56880.68,56526.45
59469.30000000001,58892.742,57372.68,56741.953
58867.96,58318.62,57414.14,56981.707
58404.979999999996,57743.664,57211.38,57084.223
58098.51,57111.094,56888.86,56935.95
57536.94,56129.793,56053.04,56161.086
57064.78,55824.254,55404.69,55977.824
56310.06,55439.4,54809.69,55781.863
54801.52999999999,55088.742,54434.04000000001,55536.504
53372.37,54120.984,54637.19000000001,54619.04
52538.189999999995,53275.246,54018.51,54072.527
51949.229999999996,52429.91,53284.67,53480.65
51555.73,51907.33,52607.37000000001,53064.72
51049.35,51164.95,52961.19,52391.066
50741.07,51060.68,52709.84999999999,52213.508
50357.52,50871.63,52446.28,51935.406
51033.6,50642.61,52312.009999999995,51616.047
50444.14,50006.57,53117.12,51481.77
49639.15000000001,49578.094,52582.83,51573.31
48857.84999999999,49269.13,52012.14000000001,51690.887
48212.65,48503.64,51302.47,51429.176
47504.27,47363.582,49608.240000000005,50733.918
46614.18,46739.73,48685.82,50233.13
46317.25,46175.527,48027.70999999999,49701.11
45811.67,45536.84,47393.93,49039.94
45629.35,44844.348,46606.6,48258.086
45408.43,44592.008,46002.09,47717.707
44983.85,44481.047,46205.72,47260.395
43976.25,44411.83,45852.99,46828.48
43749.27,44027.19,45157.21,46596.125
43610.11,43589.992,44782.96,46276.242
43413.34,43250.152,44840.96,46026.89
43021.23,43164.156,44733.12,45946.37
42578.35,42857.883,44209.51,45688.645
42584.21,42703.64,44278.64,45576.3
42508.11,42425.113,44439.04,45407.496
42090.27,42377.434,44541.98,45413.34
42086.51,42259.49,44671.75,45416.473
41996.23,42111.977,44745.7,45467.855
42000.84,41964.11,44887.32,45574.77
42075.0,41878.957,45223.64,45790.902
41937.2,41752.89,46019.0,46155.445
42062.96,41819.26,46544.54,46695.96
41728.42,41626.676,47096.34,47139.715
41950.63,41565.516,47599.49,47786.52
42026.44,41467.273,49536.69,48705.457
41970.21,41743.527,50409.71,49877.598
42032.75,41946.723,51487.07,51160.633
41701.55,42202.773,53380.47000000001,52593.4
41649.96,42737.98,56455.73999999999,54808.46
41999.69,43070.13,59010.96,56858.84
42407.3,43208.57,61313.41999999999,58571.96
42914.82,43715.598,63246.31,60349.754
43107.94,44168.99,65771.76,63242.047
43620.62,44895.203,67057.57,65449.035
44558.52,45404.785,67494.83,66747.7
45643.52,45922.17,68045.51,67532.16
46482.17,46903.83,68428.81,68771.3
47284.3,47895.703,68954.72,69507.86
47981.49,48563.805,69676.39,69608.65
48957.0,49173.594,70153.49,69347.836
49701.19,50059.8,69816.27,69776.93
50156.32,50882.117,70472.63,69864.66
50930.09,51562.176,70694.25,69821.01
51408.0,52025.914,71163.31,69714.55
51802.57000000001,52878.496,70956.14,70507.03
52401.46,53320.355,70937.98,70833.03
52861.17,53409.95,71112.13,70849.766
53635.40000000001,53660.164,70892.12,70908.914
54307.780000000006,53987.812,70993.98,71716.53
54463.44,54434.33,71190.07,72280.54
54201.91999999999,54618.863,71234.56,72754.06
53984.52,54557.094,71165.54,73067.164
53673.27,54329.098,71144.42,73509.35
53303.13999999999,54055.82,71128.64,73407.28
53003.59,53523.684,71531.58,73023.336
52895.72,53040.254,71455.4,72563.35
52824.96,52720.285,71396.44,72385.98
52565.86,52478.39,71233.67,72060.33
51481.41,52157.703,70891.43,71796.266
51411.92,51861.047,70374.46,71523.51
50680.19,51247.688,70412.63,71113.24
50786.67,50966.03,70723.66,70624.88
50392.73,50509.688,70597.81,70243.13
50672.64,50610.465,70436.62,70028.805
50477.96,50835.695,70440.56,69790.234
50504.88,51312.824,70274.15,69744.33
50719.5,51821.965,70091.06,69940.66
51558.19999999999,52425.39,69471.95,70213.71
51988.04,53178.58,69325.45,70300.5
52649.56999999999,54033.4,69380.39,70654.35
54107.55,54473.965,69801.68,71083.08
55200.43,54935.01,70881.48,71416.94
56310.78999999999,55619.746,72055.25,71414.61
56767.259999999995,56088.395,72487.83,71707.06
56880.68,56567.676,72642.94,72102.81
57372.68,56827.09,72298.23,72320.65
57414.14,56613.41,72470.62,71610.26
57211.38,56795.152,72105.93,71413.75
56888.86,56674.848,72084.89,71298.23
56053.04,56412.496,71893.72,71039.51
55404.69,55778.258,71583.23,70010.26
54809.69,55235.85,70527.58,69190.3
54434.04000000001,54655.742,70235.73,68413.26
54637.19000000001,54367.85,69747.56,67699.93
54018.51,54030.863,67760.03,66557.43
53284.67,54327.21,66369.52,66106.68
52607.37000000001,54219.918,65623.44,65684.11
52961.19,53987.75,64462.780000000006,65072.316
52709.84999999999,53373.645,62416.75,63821.67
52446.28,53309.336,61624.33,63207.277
52312.009999999995,53075.227,60942.78,62706.387
53117.12,52712.918,59950.909999999996,62057.242
52582.83,52537.625,59106.27,61129.89
52012.14000000001,52314.492,58638.490000000005,60527.29
51302.47,51881.414,57755.62000000001,59841.39
49608.240000000005,51242.348,56812.97000000001,58894.137
48685.82,50453.293,55625.96,57556.402
48027.70999999999,49121.43,54434.82,56193.234
47393.93,48200.68,53694.4,55141.53
46606.6,47485.082,52816.2,54397.26
46002.09,46862.08,51175.23000000001,53610.29
46205.72,46173.176,50783.7,53019.902
45852.99,45789.184,50221.37,52619.3
45157.21,45775.047,49712.01,52573.316
44782.96,45924.75,48980.71,50776.527
44840.96,44970.254,48751.630000000005,50053.094
44733.12,45134.81,48611.69,49886.4
44209.51,45076.914,48386.75,49777.938
44278.64,45133.832,48160.270000000004,49800.22
44439.04,44790.184,47900.3,49587.24
44541.98,44661.688,48072.27999999999,49537.832
44671.75,44691.016,47961.13999999999,49611.992
44745.7,44833.43,48491.30999999999,49768.496
44887.32,44952.82,48640.829999999994,49910.61
45223.64,45164.266,48364.31,50104.195
46019.0,45516.055,48417.82,50332.938
46544.54,46280.074,49318.67,50712.457
47096.34,47386.023,49807.8,51419.15
47599.49,48656.797,50262.18,52178.89
49536.69,49909.152,50952.82,52909.25
50409.71,51519.08,52681.18000000001,53659.016
51487.07,53598.023,53374.73000000001,54915.477
53380.47000000001,55220.24,54552.71,56029.184
56455.73999999999,56552.285,55542.57,56981.953
59010.96,58581.32,59005.62999999999,58205.12
61313.41999999999,60674.082,61389.63,59910.664
63246.31,62416.94,63161.57,61686.094
65771.76,63752.926,64658.26999999999,63332.113
67057.57,64942.855,67107.82,65122.22
67494.83,66094.43,68202.81,66926.36
68045.51,66819.875,68865.07,68260.63
68428.81,67238.305,69237.88,69193.35
68954.72,67885.08,69729.64,70179.05
69676.39,68328.97,70229.89,70828.85
70153.49,68636.97,70496.47,71087.95
69816.27,69021.17,70543.61,71200.21
70472.63,69588.54,70540.29,71501.08
70694.25,69866.22,70810.9,71494.89
71163.31,70098.39,70978.04,71389.15
70956.14,70329.39,71118.87,71345.29
70937.98,70736.625,70918.13,71623.68
71112.13,70989.16,70962.4,71779.75
70892.12,70899.53,71362.47,71698.1
70993.98,70858.516,71607.05,71662.19
71190.07,70840.97,71273.27,71796.195
71234.56,70965.44,71587.23,71983.76
71165.54,70817.914,71677.33,72009.79
71144.42,70712.68,71780.02,72017.586
71128.64,70637.1,71588.76,72118.29
71531.58,70638.81,71417.84,72179.8
71455.4,70411.57,71669.08,72034.5
71396.44,70496.4,71555.25,72012.336
71233.67,70583.984,71179.13,71985.164
70891.43,70591.03,70343.23,71896.37
70374.46,70312.11,70062.89,71654.84
70412.63,69985.164,69155.02,71392.805
70723.66,69738.64,69840.62,71178.81
70597.81,69553.984,69671.44,71013.88
70436.62,69643.42,69306.36,71036.42
70440.56,69644.9,69030.19,71086.94
70274.15,69779.28,69381.57,71121.27
70091.06,69817.74,69209.75,71115.19
69471.95,69952.33,68828.35,71162.31
69325.45,69985.34,68582.04,71175.55
69380.39,69829.59,68541.91,71012.61
69801.68,69711.8,68677.17,70890.21
70881.48,69807.6,69186.6,70909.984
72055.25,70028.914,69906.31,71034.555
72487.83,70325.42,70622.86,71159.945
72642.94,70916.13,71153.73,71617.984
72298.23,71123.19,71322.11,72001.61
72470.62,71124.97,71340.88,72299.34
72105.93,70485.92,72093.97,72096.086
72084.89,70317.24,71730.98,72193.0
71893.72,69902.0,71301.47,72156.34
71583.23,69490.59,71370.27,72026.93
70527.58,68582.04,70541.12,71381.27
70235.73,68112.32,69510.87,70923.89
69747.56,67270.164,69101.21,70225.43
67760.03,66711.49,68610.78,69576.39
66369.52,65838.65,67944.28,68564.89
65623.44,64896.188,66862.08,67496.125
64462.780000000006,63894.164,65714.93,66388.266
62416.75,63169.64,64604.170000000006,65484.094
61624.33,62035.184,63404.38,64236.836
60942.78,60885.992,62664.079999999994,63018.832
59950.909999999996,59924.723,61640.08,61979.375
59106.27,59158.125,60720.19000000001,61167.625
58638.490000000005,58337.97,60337.25,60311.027
57755.62000000001,57238.594,59530.1,59305.152
56812.97000000001,56465.35,58323.43,58566.184
55625.96,55672.613,57802.71,57844.426
54434.82,54626.395,56553.51,56777.625
53694.4,53711.11,55645.08,55902.758
52816.2,52817.062,54615.85,55050.934
51175.23000000001,52066.812,53880.79,54341.082
50783.7,51210.855,52109.59,53505.45
50221.37,50215.215,51629.4,52617.234
49712.01,49711.2,51403.2,52019.73
48980.71,49377.516,50857.93,51551.637
48751.630000000005,49154.113,50565.26,50642.05
48611.69,48541.395,50333.28,49950.926
48386.75,48419.324,50165.69,49725.965
48160.270000000004,48389.45,49978.85,49672.336
47900.3,48198.867,49003.67,49619.035
48072.27999999999,48036.656,48848.36,49594.25
47961.13999999999,47811.81,49137.81,49530.53
48491.30999999999,47789.863,49283.509999999995,49599.656
48640.829999999994,47763.91,49317.880000000005,49620.203
48364.31,48049.086,49574.07,49934.82
48417.82,48428.83,49847.77,50306.95
49318.67,48616.04,50199.69000000001,50538.363
49807.8,49126.95,51393.48,50753.67
50262.18,50191.35,51527.52,51425.535
50952.82,51396.22,51951.26,52247.21
52681.18000000001,52619.723,52546.58,53031.6
53374.73000000001,54363.82,54046.86,53857.58
54552.71,56399.164,54467.85999999999,55169.277
55542.57,57857.703,55301.76000000001,56247.85
59005.62999999999,59159.035,56288.549999999996,57173.062
61389.63,60682.953,58307.06,58059.438
63161.57,62670.402,60617.06,59620.69
64658.26999999999,64327.812,62573.16,61305.52
67107.82,65339.32,64179.28,62760.527
68202.81,66149.15,66547.1,64210.53
68865.07,67053.94,67328.1,65874.945
69237.88,67592.27,67730.32,67157.94
69729.64,67955.49,68051.84,68180.48
70229.89,68520.62,68745.94,69220.0
70496.47,68885.32,69180.07,69932.555
70543.61,69184.54,69353.25,70297.58
70540.29,69383.555,68877.53,70389.08
70810.9,69739.49,68767.35,70583.38
70978.04,69939.65,69091.0,70587.68
71118.87,70079.63,69270.61,70481.83
70918.13,70215.37,69389.59,70394.15
70962.4,70550.26,69503.38,70612.13
71362.47,70677.42,69534.31,70705.22
71607.05,70608.89,69939.47,70654.18
71273.27,70742.28,70091.59,70741.18
71587.23,71021.875,70295.17,71047.59
71677.33,71059.1,70888.0,71182.96
71780.02,70938.15,71048.78,71173.766
71588.76,70892.4,70759.91,71182.26
71417.84,70924.12,70235.38,71282.36
71669.08,70850.984,70100.15,71266.195
71555.25,70549.61,69868.81,71046.96
71179.13,70442.766,70179.82,70884.81
70343.23,70471.28,70140.14,70779.82
70062.89,70273.79,70099.66,70552.58
69155.02,69603.27,69759.64,70089.46
69840.62,69136.586,69122.06,69750.7
69671.44,68683.46,68497.9,69411.086
69306.36,68694.54,68231.28,69319.69
69030.19,68708.92,68056.32,69321.13
69381.57,68581.51,67880.19,69279.875
69209.75,68684.88,68295.08,69272.33
68828.35,68865.73,68094.74,69282.91
68582.04,69036.41,67750.81,69346.11
68541.91,68971.25,67314.11,69328.52
68677.17,69014.27,67374.33,69265.234
69186.6,69065.46,67638.96,69261.234
69906.31,69234.07,68159.46,69336.55
70622.86,69551.3,69036.67,69527.15
71153.73,69779.28,69890.47,69606.46
71322.11,70102.94,70253.83,69911.89
71340.88,70312.484,70374.02,70252.06
72093.97,70310.17,70246.72,70538.44
71730.98,69829.78,70288.87,70434.42
71301.47,69929.97,69899.48,70729.984
71370.27,69680.016,69471.16,70824.88
70541.12,69151.61,69415.39,70661.57
69510.87,68288.24,68912.75,70021.25
69101.21,67563.28,68530.29,69442.0
68610.78,66647.64,68105.19,68678.51
67944.28,66007.32,67304.74,68002.34
66862.08,65051.668,66420.51,67002.09
65714.93,64579.13,65290.83000000001,66297.88
64604.170000000006,63921.797,64340.95,65553.2
63404.38,63200.56,63607.83,64756.1
62664.079999999994,62041.668,62876.19,63534.203
61640.08,61189.32,62105.34,62572.85
60720.19000000001,60395.4,61269.84,61739.99
60337.25,59556.594,60281.86,60918.13
59530.1,58785.562,59611.3,60021.098
58323.43,57967.684,58570.27,59193.89
57802.71,57252.027,57354.99,58514.047
56553.51,56397.945,56574.49,57712.453
55645.08,55485.72,55551.5,56710.566
54615.85,54625.184,54386.32,55845.156
53880.79,53869.586,53561.11,55045.887
52109.59,53082.566,52926.14,54272.527
51629.4,52210.457,51682.22,53410.598
51403.2,51140.453,51017.26,52433.133
50857.93,50478.86,50912.729999999996,51749.49
50565.26,50211.46,50415.350000000006,51388.145
50333.28,49773.15,49826.68,50748.992
50165.69,49569.4,49434.21,50454.08
49978.85,49446.24,49266.780000000006,50310.457
49003.67,49430.562,48899.659999999996,50313.453
48848.36,49315.96,48264.85,50303.08
49137.81,48843.55,48224.52,50033.426
49283.509999999995,48514.426,48242.94,49851.65
49317.880000000005,48526.203,48429.52,49933.652
49574.07,48643.984,48633.35,50087.508
49847.77,48724.152,48696.44,50300.492
50199.69000000001,48946.18,48851.55999999999,50604.26
51393.48,49350.633,48975.8,50968.727
51527.52,50115.766,49970.91,51427.113
51951.26,51421.36,50112.76,52365.688
52546.58,52427.94,50416.73999999999,53154.19
54046.86,53456.76,50952.2,53871.09
54467.85999999999,55016.844,52383.05999999999,54625.375
55301.76000000001,56801.473,53058.98,55807.957
56288.549999999996,57964.02,53879.69000000001,56695.21
58307.06,58951.766,55241.01,57393.746
60617.06,60392.785,58415.159999999996,58171.72
62573.16,61709.336,60823.52,59331.742
64179.28,63083.168,62829.46,60810.11
66547.1,64198.38,64604.969999999994,62356.13
67328.1,65193.496,66486.74,64034.637
67730.32,66134.7,67219.77,65936.1
68051.84,66556.805,67421.1,67303.586
68745.94,66812.02,67882.13,68322.74
69180.07,67312.21,68240.4,69369.14
69353.25,67747.234,68819.66,70099.7
68877.53,68074.5,69260.0,70426.516
68767.35,68256.52,69490.64,70402.23
69091.0,68423.36,68319.89,70401.88
69270.61,68494.51,67988.13,70209.7
69389.59,68619.74,68459.16,69964.62
69503.38,68773.05,68696.42,69820.68
69534.31,69131.21,69412.62,70047.15
69939.47,69362.63,69449.06,70212.516
70091.59,69329.07,69560.36,70173.875
70295.17,69418.42,69560.0,70225.72
70888.0,69664.77,69635.31,70525.055
71048.78,69879.01,69940.28,70784.14
70759.91,70000.89,69921.23,70943.875
70235.38,70043.26,70166.66,71046.734
70100.15,69968.59,70397.97,71123.25
69868.81,69707.305,70093.42,70977.97
70179.82,69297.305,70158.27,70649.64
70140.14,69031.12,70142.39,70384.2
70099.66,69141.49,69681.41,70324.65
69759.64,69140.46,68999.92,70210.35
69122.06,68946.12,68150.38,69993.7
68497.9,68668.35,67416.61,69801.28
68231.28,68364.69,68212.45,69541.195
68056.32,67871.875,68476.02,69195.05
67880.19,67540.99,68006.01,68917.73
68295.08,67406.69,67895.85,68746.35
68094.74,67557.19,67637.85,68669.81
67750.81,67882.32,67189.26,68737.734
67314.11,68083.47,66770.48,68818.84
67374.33,68054.766,66528.15,68748.95
67638.96,67937.2,66094.66,68527.25
68159.46,67972.586,66095.19,68429.266
69036.67,68239.516,66765.06,68549.13
69890.47,68516.6,67890.06,68714.39
70253.83,68754.1,69286.55,68804.14
70374.02,69224.96,69978.12,69262.52
70246.72,69296.84,70338.44,69605.85
70288.87,69256.68,70250.95,69896.41
69899.48,68727.84,70303.08,69749.97
69471.16,68500.766,70152.65,69813.945
69415.39,68131.69,70105.79,69773.84
68912.75,67573.86,69894.66,69592.6
68530.29,66598.99,70089.18,68904.85
68105.19,66004.89,69594.43,68385.555
67304.74,65330.56,69107.59,67775.38
66420.51,64870.188,68341.46,67235.914
65290.83000000001,63889.82,66806.24,66164.85
64340.95,63329.8,65599.49,65377.965
63607.83,62517.586,64803.15,64481.344
62876.19,61853.53,64014.22,63642.72
62105.34,60940.234,62982.05999999999,62491.74
61269.84,60336.973,62159.020000000004,61663.03
60281.86,59631.117,61325.36,60868.54
59611.3,58912.984,60324.63,60089.406
58570.27,58193.688,59937.93,59254.0
57354.99,57268.508,59204.869999999995,58329.707
56574.49,56489.77,58160.48,57517.023
55551.5,55579.336,57433.49,56621.273
54386.32,54592.02,56179.77,55581.05
53561.11,53729.81,55073.16000000001,54629.465
52926.14,52904.773,54477.34,53745.992
51682.22,52161.86,53556.94999999999,52975.137
51017.26,51424.273,51220.8,52233.92
50912.729999999996,50557.41,50511.130000000005,51374.76
50415.350000000006,49999.188,50698.79,50736.305
49826.68,49788.24,50218.35,50424.73
49434.21,49284.13,49463.92,50300.23
49266.780000000006,49168.395,48955.67,50123.688
48899.659999999996,48850.668,48860.37,49844.594
48264.85,48817.094,48940.4,49803.88
48224.52,48649.992,48347.7,49721.105
48242.94,48253.043,48255.97,49457.67
48429.52,48089.246,48079.98,49340.72
48633.35,48039.32,48034.229999999996,49344.934
48696.44,48224.453,48031.2,49475.1
48851.55999999999,48418.785,48425.299999999996,49676.22
48975.8,48636.223,48736.13,49899.9
49970.91,48943.043,48966.09,50153.832
50112.76,49617.28,49669.310000000005,50444.656
50416.73999999999,50784.5,50382.61,51220.336
50952.2,51818.074,50775.119999999995,51877.184
52383.05999999999,52776.203,50711.8,52437.3
53058.98,54291.55,52392.58,53000.766
53879.69000000001,56016.31,53159.66000000001,54032.75
55241.01,57192.984,54082.85999999999,54803.67
58415.159999999996,58073.508,55163.79,55376.742
60823.52,59564.777,57792.299999999996,56025.164
62829.46,61600.117,60255.68000000001,57526.082
64604.969999999994,63252.094,62040.36,59276.926
66486.74,64451.19,63950.26999999999,61032.996
67219.77,65555.54,66124.66,62760.723
67421.1,66350.49,66689.18,64518.074
67882.13,66718.79,67426.2,65761.58
68240.4,66893.54,68235.52,66664.39
68819.66,67402.74,69236.95,67673.07
69260.0,67716.125,70139.65,68436.516
69490.64,67989.72,70411.87,68849.56
68319.89,68227.65,70443.68,68949.36
67988.13,68671.26,69942.35,69238.87
68459.16,68471.164,70229.12,69057.42
68696.42,68105.305,70218.86,68561.58
69412.62,68233.39,70128.04,68355.625
69449.06,68638.63,70125.32,68598.92
69560.36,69160.89,69904.39,69053.9
69560.0,69187.445,70167.13,69134.35
69635.31,69159.14,69586.26,69137.945
69940.28,69209.56,69169.96,69287.055
69921.23,69405.766,69040.51,69555.266
70166.66,69294.36,69616.47,69550.36
70397.97,69164.19,70004.33,69554.39
70093.42,69147.7,70754.49,69674.375
70158.27,69380.48,70529.21,69956.39
70142.39,69048.59,70121.37,69765.18
69681.41,68898.836,69560.97,69612.05
68999.92,68877.9,69448.89,69468.77
68150.38,68785.164,69127.77,69275.52
67416.61,68150.05,68273.79,68762.88
68212.45,67443.25,67142.08,68158.86
68476.02,66772.52,67111.78,67558.32
68006.01,66925.12,67057.53,67390.54
67895.85,67115.88,66756.87,67379.23
67637.85,66998.4,66608.06,67260.945
67189.26,67064.74,66743.88,67140.49
66770.48,67034.08,66420.06,66925.016
66528.15,66963.01,65973.58,66707.414
66094.66,66889.84,65698.17,66490.34
66095.19,67016.445,66045.85,66330.625
66765.06,67013.83,66221.4,66120.32
67890.06,67207.43,66665.93,65913.88
69286.55,67833.61,67594.12,65949.62
69978.12,68531.766,68451.81,66208.78
70338.44,69337.766,68463.44,66790.086
70250.95,69751.734,68474.58,67415.67
70303.08,69760.67,68669.96,67979.086
70152.65,69169.03,68408.18,68098.414
70105.79,68988.76,67819.25,68493.29
69894.66,68681.15,67588.64,68747.02
70089.18,68299.65,67338.58,68905.836
69594.43,67354.46,66573.9,68342.69
69107.59,67037.98,65623.64,68061.27
68341.46,66456.12,64842.21,67563.086
66806.24,65807.67,63917.53,66937.34
65599.49,64645.973,62431.939999999995,65841.94
64803.15,63676.086,61159.12,64755.645
64014.22,62730.145,60069.7,63626.844
62982.05999999999,62071.37,59326.06,62673.81
62159.020000000004,61078.797,58876.87,61462.965
61325.36,60372.51,57809.05999999999,60415.34
60324.63,59624.758,57095.0,59428.46
59937.93,58881.344,56559.7,58516.918
59204.869999999995,57836.465,56730.38999999999,57715.113
58160.48,56992.938,55923.05999999999,56990.48
57433.49,56367.96,54873.119999999995,56423.46
56179.77,55554.695,54201.28,55706.586
55073.16000000001,54687.367,52939.16,54853.68
54477.34,53747.23,51967.90000000001,53912.695
53556.94999999999,52915.11,51298.82,53045.88
51220.8,52288.875,50926.69,52375.83
50511.130000000005,51516.367,48837.96,51624.73
50698.79,50010.25,48184.43000000001,50262.508
50218.35,49231.547,47426.02,49355.27
49463.92,49109.125,46978.5,49005.86
48955.67,48898.31,46666.66,48897.312
48860.37,48692.133,46135.93,48331.355
48940.4,48399.72,45872.92,47755.5
48347.7,48370.668,45638.88,47444.113
48255.97,48426.4,45176.02,47281.582
48079.98,48189.41,45026.64,46915.88
48034.229999999996,48084.61,44998.22,46682.656
48031.2,47969.125,44869.57,46449.344
48425.299999999996,47928.38,45162.04,46241.65
48736.13,47919.72,45294.86,46167.5
48966.09,48285.742,45253.55,46328.797
49669.310000000005,48742.61,45358.2,46484.75
50382.61,49512.812,45201.48,46483.418
50775.119999999995,50516.8,45219.53,46903.53
50711.8,51749.316,45541.62,47343.965
52392.58,52836.02,45536.95,47631.41
53159.66000000001,53863.617,45214.1,47353.22
54082.85999999999,55503.508,44947.88,47919.234
55163.79,56737.934,45165.49,48159.914
57792.299999999996,57824.176,45016.07,48300.5
60255.68000000001,59354.29,45510.42,48001.97
62040.36,61177.766,45786.28,48519.87
63950.26999999999,62950.305,46332.04,49159.49
66124.66,64128.785,46996.76,49706.223
66689.18,65686.22,48145.79,50188.42
67426.2,66303.805,49120.11000000001,51079.57
68235.52,66663.836,49796.77,51819.094
69236.95,66874.875,50494.13,52500.82
70139.65,67757.29,51496.03,53283.73
70411.87,68173.695,52476.66999999999,54459.61
70443.68,68695.04,53067.88,55872.324
69942.35,68887.234,54095.07,57013.62
70229.12,69273.26,55244.59,57955.312
70218.86,69015.52,56118.41999999999,58636.28
70128.04,68982.63,57059.90000000001,59387.562
70125.32,68989.555,57272.350000000006,59874.676
69904.39,69217.484,57319.450000000004,60274.668
70167.13,69091.46,57712.04,60558.34
69586.26,68791.8,57889.37,60678.844
69169.96,68730.09,57836.95,60819.074
69040.51,68659.555,58401.39,60753.41
69616.47,68296.24,58707.3,60588.31
70004.33,67981.555,59157.71,60401.7
70754.49,68102.16,58470.98999999999,60468.676
70529.21,68527.29,58339.62,60560.88
70121.37,68885.99,58224.48,60777.957
69560.97,68766.79,58042.93,60758.36
69448.89,68297.586,57942.11,60462.855
69127.77,67965.59,57125.51,59940.41
68273.79,67610.04,56823.81,59507.49
67142.08,67190.67,56743.91,59238.355
67111.78,66416.89,56586.08,58743.97
67057.53,65720.52,56159.11,57973.19
66756.87,65437.926,55712.549999999996,57355.812
66608.06,65476.2,55984.42,57169.465
66743.88,65431.492,55074.29,57012.75
66420.06,65620.28,55474.15,56962.023
65973.58,65934.266,54978.44,56953.977
65698.17,66097.945,55486.5,57089.984
66045.85,66077.61,55751.92,57140.508
66221.4,66098.42,55729.82,57279.113
66665.93,66508.48,55788.46,57544.906
67594.12,66875.42,56863.85,57897.312
68451.81,67182.27,57920.11,58273.844
68463.44,67371.97,59251.87999999999,58747.914
68474.58,67666.29,59812.950000000004,59365.633
68669.96,67418.555,59991.99,59767.31
68408.18,66957.586,60026.68,60048.305
67819.25,66258.29,59927.15,60031.48
67588.64,65835.75,60047.38,60076.984
67338.58,65247.527,59823.47,59885.848
66573.9,64774.168,59468.08,59635.36
65623.64,63914.098,59572.64,58996.344
64842.21,63393.09,59153.31999999999,58601.457
63917.53,62702.47,58849.18,58014.867
62431.939999999995,62004.754,58567.55000000001,57375.918
61159.12,60757.465,56942.51,56424.414
60069.7,59903.734,55582.83000000001,55668.617
59326.06,58993.48,54656.45999999999,54811.008
58876.87,58241.137,54186.23,54038.44
57809.05999999999,57160.875,53378.99999999999,53246.46
57095.0,56971.22,52690.18,52777.402
56559.7,56307.453,52443.65000000001,52083.297
56730.38999999999,55633.918,52459.17,51446.695
55923.05999999999,54802.586,52035.26,51429.95
54873.119999999995,54319.63,51493.13,51349.9
54201.28,53758.74,50708.45999999999,51115.496
52939.16,52923.66,49676.61,50576.918
51967.90000000001,51836.703,48355.57,49902.707
51298.82,51029.17,47351.9,49084.027
50926.69,50211.613,46731.18,48239.46
48837.96,49638.58,46250.06,47576.863
48184.43000000001,48986.1,45161.07,47005.227
47426.02,47956.277,44553.43,45981.285
46978.5,47161.766,43939.97,45188.7
46666.66,46646.742,43598.97,44624.926
46135.93,46197.883,43071.68,43775.625
45872.92,45922.344,42832.96,43192.32
45638.88,45713.668,42615.96,42851.18
45176.02,45516.074,42308.35,42636.113
45026.64,45241.613,42165.91,42401.97
44998.22,45069.098,41782.96,42233.652
44869.57,44951.37,41837.05,42173.027
45162.04,45003.535,41613.13,42224.914
45294.86,44934.99,41610.13,42127.71
45253.55,45133.113,41626.97,42306.77
45358.2,45260.625,41663.67,42473.14
45201.48,45211.418,41318.21,42544.438
45219.53,45220.617,41988.0,42489.82
45541.62,45119.56,42159.99,42476.824
45536.95,44919.34,42223.3,42396.04
45214.1,45079.004,42132.59,42488.57
44947.88,45546.586,41911.73,42304.86
45165.49,45523.688,41746.7,42037.855
45016.07,45338.105,41710.96,41666.266
45510.42,45663.887,41283.95,41526.69
45786.28,46571.234,40581.14,41009.707
46332.04,47188.38,40793.56,40744.457
46996.76,47867.273,40965.04,40678.25
48145.79,48654.004,41471.9,40782.312
49120.11000000001,50169.934,42655.47,40693.27
49796.77,50323.85,43241.1,40785.66
50494.13,51543.473,43718.66,41639.0
51496.03,52236.246,43870.28,42290.316
52476.66999999999,53582.566,44920.92,42994.492
53067.88,54257.473,45806.06,44029.36
54095.07,55143.55,47106.92,45389.992
55244.59,55632.164,47941.71,46492.473
56118.41999999999,56747.586,48659.03,47638.86
57059.90000000001,57485.266,49563.36,48919.125
57272.350000000006,57986.867,50104.47000000001,50036.375
57319.450000000004,58436.062,50917.63,50770.84
57712.04,58927.434,51313.05,51356.88
57889.37,58708.574,52076.41000000001,51685.09
57836.95,58622.555,52756.45,52131.492
58401.39,58532.074,53178.83999999999,52467.973
58707.3,58610.55,54259.02,52780.562
59157.71,58726.56,54882.27,53282.402
58470.98999999999,58733.418,55320.08,53642.82
58339.62,58730.66,54855.15,53926.008
58224.48,58509.64,54616.85,53845.316
58042.93,58111.453,54338.38999999999,53682.78
57942.11,57789.57,54218.83,53637.184
57125.51,57457.332,54024.47,53562.156
56823.81,57409.703,54002.5,53368.38
56743.91,56793.832,53371.44999999999,52853.984
56586.08,56203.98,53008.92,52459.613
56159.11,55995.723,52664.85,52221.777
55712.549999999996,56095.164,52828.44999999999,51908.45
55984.42,55797.105,52430.91000000001,51366.195
55074.29,55371.492,52217.68,51073.273
55474.15,55581.715,52104.77,51228.74
54978.44,55421.73,52295.01,51030.34
55486.5,55692.703,51663.56,50917.73
55751.92,55755.367,51796.630000000005,50926.676
55729.82,56267.73,51941.100000000006,51392.273
55788.46,56914.973,52266.95,51923.68
56863.85,57190.8,52435.13,52166.53
57920.11,57475.973,53566.439999999995,52552.87
59251.87999999999,58422.68,54510.78,53316.227
59812.950000000004,59121.14,55886.55,53981.78
59991.99,59920.133,56286.939999999995,54881.586
60026.68,60083.426,56709.23,55754.92
59927.15,59754.97,56897.49,56440.64
60047.38,58960.46,57312.45999999999,56582.11
59823.47,58573.58,57301.32000000001,56864.805
59468.08,58270.77,57017.46,57146.812
59572.64,57897.688,56362.95,57235.94
59153.31999999999,57000.246,55553.01,56561.93
58849.18,56916.79,55264.04,56512.836
58567.55000000001,56647.836,54719.130000000005,56399.945
56942.51,56298.33,54329.98000000001,56182.215
55582.83000000001,55537.93,54353.18,55395.754
54656.45999999999,54686.684,53353.93,54819.67
54186.23,53776.01,52502.38,54153.543
53378.99999999999,53190.92,52167.159999999996,53669.31
52690.18,52469.254,52155.950000000004,52954.49
52443.65000000001,52176.39,51725.74,52693.37
52459.17,51837.566,51569.41,52355.684
52035.26,51655.883,51700.93000000001,52090.453
51493.13,51379.24,52045.07,52091.21
50708.45999999999,50494.438,51635.39,51960.242
49676.61,49993.74,50629.44,51960.473
48355.57,49293.902,49927.41,51739.434
47351.9,47991.12,48596.15,50922.586
46731.18,46957.633,47877.58000000001,50175.22
46250.06,46084.566,47625.13,49453.652
45161.07,45526.098,46888.29,48840.223
44553.43,44754.047,45402.91,47968.605
43939.97,44182.13,44880.66,47175.047
43598.97,43738.234,44261.24,46481.598
43071.68,43411.953,43749.47,45884.34
42832.96,43063.87,43293.33,45640.137
42615.96,42929.35,42928.96,45452.32
42308.35,42731.98,42636.08,45261.82
42165.91,42610.875,42831.15,45154.76
41782.96,42190.2,42404.53,44858.97
41837.05,42148.234,42384.5,44849.48
41613.13,41948.41,42415.42,44749.97
41610.13,41908.58,42513.63,44777.742
41626.97,41669.973,42094.2,44768.43
41663.67,41728.52,42091.01,44997.49
41318.21,41724.94,42479.63,45232.07
41988.0,41723.703,42640.66,45530.965
42159.99,41420.11,43486.62,45810.59
42223.3,41784.133,43803.09,46572.895
42132.59,41969.926,44433.44,47326.37
41911.73,41935.32,45048.26,48022.3
41746.7,41880.188,46852.42,49057.855
41710.96,41916.316,47874.84,50156.11
41283.95,41808.63,49404.17999999999,51269.742
40581.14,41966.64,51547.049999999996,52596.727
40793.56,42152.617,55802.92,54532.996
40965.04,42142.15,58675.45,56196.69
41471.9,42415.92,60749.17,57766.195
42655.47,42941.492,62607.88,59448.19
43241.1,43431.992,64050.30999999999,62276.99
43718.66,44566.414,65161.84999999999,64755.676
43870.28,45422.84,65862.81,66482.4
44920.92,45999.82,66365.23,67512.32
45806.06,46620.35,66926.66,68683.625
47106.92,47468.023,67470.52,69318.97
47941.71,48220.49,67671.32,69454.92
48659.03,49137.64,67684.68,69451.35
49563.36,50264.152,67610.28,70146.95
50104.47000000001,50947.902,68425.79,70284.33
50917.63,51678.25,69085.33,70164.0
51313.05,52236.26,69403.22,69987.37
52076.41000000001,53129.35,69548.76,70706.94
52756.45,53532.867,69848.37,70917.234
53178.83999999999,53871.76,70040.49,70950.37
54259.02,54214.977,70291.22,71048.1
54882.27,54580.97,70339.61,71805.42
55320.08,55106.434,70490.57,72379.89
54855.15,55303.57,70504.91,72927.14
54616.85,55393.703,70357.98,73358.85
54338.38999999999,55181.88,70093.83,73903.414
54218.83,54860.254,70028.54,73804.39
54024.47,54369.098,70466.69,73458.77
54002.5,54036.246,70619.98,73069.87
53371.44999999999,53811.637,70595.21,72957.27
53008.92,53654.367,70472.55,72650.766
52664.85,53101.867,70564.09,72180.625
52828.44999999999,52697.49,69855.76,71656.055
52430.91000000001,52488.98,69494.67,71294.48
52217.68,52536.418,69402.62,71062.01
52104.77,52487.89,69081.15,70951.47
52295.01,52598.027,68959.11,70825.875
51663.56,53102.1,68330.88,70769.57
51796.630000000005,53588.406,68342.92,70806.31
51941.100000000006,53743.72,68347.54,70811.21
52266.95,54165.54,68467.06,70830.0
52435.13,54506.46,68352.75,70577.32
53566.439999999995,54719.98,68619.26,70454.35
54510.78,54797.55,69070.22,70454.445
55886.55,55403.254,69604.19,70719.0
56286.939999999995,55771.98,71008.15,70590.586
56709.23,56458.695,71758.34,70856.98
56897.49,56612.625,72038.62,71122.08
57312.45999999999,56779.79,72027.06,71228.734
57301.32000000001,56556.004,72067.34,70525.23
57017.46,56701.81,71907.01,70374.23
56362.95,56489.566,72273.66,70320.51
55553.01,56183.63,72027.87,70086.836
55264.04,55318.707,71277.87,68965.516
54719.130000000005,54763.125,71062.2,68141.84
54329.98000000001,54354.242,70875.64,67552.04
54353.18,54168.484,70448.22,67012.945
53353.93,53781.805,68454.77,65864.47
52502.38,54069.668,67096.88,65376.633
52167.159999999996,53716.42,66344.91,64823.223
52155.950000000004,53413.59,65491.95999999999,64117.457
51725.74,52906.367,63908.42999999999,62928.137
51569.41,52840.18,63202.66,62290.715
51700.93000000001,52453.4,62434.08,61724.773
52045.07,52179.89,61677.55,61141.04
51635.39,52000.81,60837.02,60316.71
50629.44,51657.82,60002.99,59692.426
49927.41,51175.48,59147.11000000001,59032.395
48596.15,50315.62,58234.08,58008.926
47877.58000000001,49383.21,56955.01,56617.184
47625.13,48179.79,55721.31,55377.88
46888.29,47413.273,54598.65,54479.473
45402.91,46968.56,54133.47,53967.438
44880.66,46422.91,52747.420000000006,53140.48
44261.24,45264.414,52033.92999999999,52143.57
43749.47,44777.895,51483.99,51518.812
43293.33,44349.168,51227.36,51068.92
42928.96,44174.29,50869.68,49344.25
42636.08,43376.344,50483.06999999999,48547.902
42831.15,43485.33,50349.700000000004,48372.383
42404.53,43251.367,50217.74,48199.004
42384.5,43313.05,49868.18,48315.934
42415.42,43082.98,49439.98,48240.727
42513.63,42940.914,49527.97,48232.03
42094.2,42873.76,49867.29000000001,48269.918
42091.01,42971.918,50405.49999999999,48376.848
42479.63,42782.004,50141.59,48336.637
42640.66,42755.555,50179.51000000001,48382.816
43486.62,43211.348,50533.18,48655.19
43803.09,43968.277,50930.84,48982.91
44433.44,45099.426,51277.09,49679.6
45048.26,46225.844,51537.91,50414.938
46852.42,47515.67,52235.81999999999,51207.516
47874.84,49223.586,54076.54000000001,52029.684
49404.17999999999,51358.266,54873.009999999995,53326.08
51547.049999999996,53161.016,56028.01999999999,54517.793
55802.92,54919.77,57624.61,55689.39
58675.45,57329.59,61001.42,57163.113
60749.17,60298.07,62938.4,59409.375
62607.88,62524.746,64716.42,61540.133
64050.30999999999,63736.777,66174.87,63185.55
65161.84999999999,64779.617,68082.23,64881.336
65862.81,65250.03,69374.29,66266.41
66365.23,65558.89,70357.23,67300.12
66926.66,65874.72,71198.79,68117.81
67470.52,66523.9,71793.38,69110.73
67671.32,66922.42,72108.67,69725.44
67684.68,67267.72,72508.39,69982.625
67610.28,67450.38,72574.91,69916.32
68425.79,67824.34,72597.17,70049.14
69085.33,67957.67,72252.13,69889.83
69403.22,68312.29,72314.24,69845.195
69548.76,68764.99,72283.25,69932.98
69848.37,69324.695,71504.67,70332.78
70040.49,69565.98,71902.26,70487.81
70291.22,69632.586,71889.74,70511.92
70339.61,69670.88,71838.79,70555.5
70490.57,69901.305,72128.71,70867.78
70504.91,70000.77,72632.88,71045.38
70357.98,69892.07,72681.71,71078.414
70093.83,69781.04,72609.71,71084.5
70028.54,69773.29,72505.24,71190.56
70466.69,69603.44,72000.56,71107.305
70619.98,69309.89,71885.01,70869.89
70595.21,69348.01,71701.92,70834.58
70472.55,69594.13,72097.81,70936.53
70564.09,69603.36,71984.41,70869.23
69855.76,69404.516,71232.32,70692.375
69494.67,69321.34,70488.51,70612.48
69402.62,69110.89,70246.49,70459.96
69081.15,68750.51,69933.81,70189.33
68959.11,68554.52,69489.78,70046.43
68330.88,68396.6,69148.62,69950.58
68342.92,68451.71,69345.63,69922.67
68347.54,68136.445,68527.28,69692.805
68467.06,68227.625,68359.37,69663.2
68352.75,68366.76,67952.41,69715.234
68619.26,68601.03,68299.52,69730.41
69070.22,68686.97,68756.9,69708.0
69604.19,68958.07,69439.91,69812.66
71008.15,69274.14,70021.05,69997.05
71758.34,69385.24,70967.75,70024.414
72038.62,69952.586,71674.35,70485.12
72027.06,70328.266,72041.86,70991.945
72067.34,70408.58,72108.92,71402.64
71907.01,69997.88,70784.89,71367.59
72273.66,69888.195,70302.05,71580.27
72027.87,69652.555,69856.27,71696.836
71277.87,69437.6,69583.77,71754.29
71062.2,68571.7,69422.13,71220.24
70875.64,67929.98,68894.83,70721.484
70448.22,67365.016,68339.12,70205.586
68454.77,66958.83,67314.18,69720.74
67096.88,66091.88,66581.98,68771.81
66344.91,65218.426,65614.19,67760.0
65491.95999999999,64258.15,64533.78,66683.47
63908.42999999999,63620.77,63429.99,65840.25
63202.66,62606.97,62693.17,64682.453
62434.08,61759.26,61703.38,63665.574
61677.55,60954.223,60850.45,62757.926
60837.02,60257.25,59855.38,61997.594
60002.99,59516.81,60038.91999999999,61201.26
59147.11000000001,58535.766,59224.909999999996,60251.676
58234.08,57680.4,58194.25000000001,59429.07
56955.01,56869.21,57273.380000000005,58650.344
55721.31,55842.758,55943.31999999999,57575.49
54598.65,54893.13,55140.86,56669.17
54133.47,53960.69,54354.66999999999,55773.242
52747.420000000006,53025.723,53375.22,54930.69
52033.92999999999,52187.465,52758.649999999994,54081.707
51483.99,51313.758,52278.87000000001,53278.54
51227.36,50674.523,51812.06,52588.355
50869.68,50208.05,51335.44999999999,52054.742
50483.06999999999,50081.21,50731.86,51294.62
50349.700000000004,49679.08,50321.03999999999,50793.062
50217.74,49587.16,49858.63,50602.2
49868.18,49569.37,49802.54,50553.695
49439.98,49488.066,49382.92,50567.863
49527.97,49373.36,49422.75,50574.34
49867.29000000001,49106.992,49416.23,50507.52
50405.49999999999,49015.246,49372.35,50565.656
50141.59,49158.344,49576.12,50756.53
50179.51000000001,49576.19,49517.05,51192.78
50533.18,49704.06,49675.8,51455.277
50930.84,49841.06,49975.06,51677.74
51277.09,50469.33,50320.83,52010.387
51537.91,51212.414,50787.02,52568.316
52235.81999999999,52039.227,50833.12999999999,53159.07
54076.54000000001,52921.766,51514.13,53724.508
54873.009999999995,54432.39,52473.54,54435.09
56028.01999999999,56381.754,53032.54,55685.383
57624.61,57993.01,54175.08000000001,56835.7
61001.42,59423.406,55412.700000000004,57862.207
62938.4,61468.44,58248.31,59066.184
64716.42,63692.105,60243.73,60848.566
66174.87,65188.855,62239.37,62507.297
68082.23,66125.21,63913.29,63897.723
69374.29,66939.0,65851.85,65441.273
70357.23,67699.516,67182.39,67016.46
71198.79,68225.01,67776.16,68215.85
71793.38,68747.64,68440.34,69229.16
72108.67,69498.78,69022.71,70336.48
72508.39,70024.25,69329.11,71144.49
72574.91,70346.8,69781.0,71541.555
72597.17,70566.72,69801.45,71637.516
72252.13,70920.63,69583.39,71826.63
72314.24,71213.266,69741.49,71832.16
72283.25,71145.414,70313.18,71566.32
71504.67,71163.28,70496.84,71374.88
71902.26,71401.9,70605.76,71512.99
71889.74,71319.0,70663.9,71445.94
71838.79,71270.52,71016.95,71383.87
72128.71,71219.03,71291.66,71346.4
72632.88,71250.89,71703.85,71504.51
72681.71,71464.68,71718.42,71759.055
72609.71,71545.57,71815.18,71912.22
72505.24,71536.695,71690.53,71970.53
72000.56,71512.55,71597.41,72037.67
71885.01,71485.22,71306.25,72025.68
71701.92,71041.32,71110.68,71682.49
72097.81,70761.57,71059.78,71411.89
71984.41,70618.45,71189.54,71227.74
71232.32,70710.56,70836.3,71170.93
70488.51,70559.47,70564.92,70990.875
70246.49,70092.75,70040.11,70693.266
69933.81,69677.945,68947.83,70362.66
69489.78,69266.83,68749.55,70043.305
69148.62,68957.164,68858.93,69821.7
69345.63,68665.39,68956.12,69620.23
68527.28,68609.61,68756.66,69468.75
68359.37,68759.086,68600.94,69442.85
67952.41,68558.59,68445.83,69283.4
68299.52,68503.18,68190.17,69154.586
68756.9,68400.31,68877.79,68940.13
69439.91,68579.47,69253.2,68901.01
70021.05,68940.21,69888.16,69039.79
70967.75,69347.734,70567.93,69313.85
71674.35,69485.53,70834.23,69433.56
72041.86,69847.03,71194.13,69820.44
72108.92,70102.48,71120.75,70264.43
70784.89,70216.62,71006.25,70694.41
70302.05,69876.88,71142.84,70693.95
69856.27,69335.34,70907.59,70615.24
69583.77,68664.96,70782.04,70372.734
69422.13,68021.32,70587.14,70032.79
68894.83,66909.72,70140.69,69172.22
68339.12,66385.28,69499.86,68662.39
67314.18,65755.72,68736.11,68090.43
66581.98,65170.098,67909.92,67487.4
65614.19,64072.73,66701.52,66393.87
64533.78,63466.492,65539.53,65571.305
63429.99,62804.434,64513.49,64795.656
62693.17,62081.043,63591.36,63999.008
61703.38,60967.242,62854.79,62810.7
60850.45,60269.387,62353.07,61919.453
59855.38,59501.04,61449.66,61098.484
60038.91999999999,58724.227,60702.47,60327.145
59224.909999999996,58012.914,60251.07,59473.332
58194.25000000001,57408.934,59445.64,58781.207
57273.380000000005,56921.04,58416.91999999999,58239.47
55943.31999999999,56217.543,57751.55,57529.47
55140.86,55299.297,56620.24,56524.305
54354.66999999999,54319.773,55576.14,55509.418
53375.22,53576.137,54692.74,54690.06
52758.649999999994,52928.82,54179.05,53983.15
52278.87000000001,52080.66,53313.14,53132.996
51812.06,51404.547,52743.82,52411.332
51335.44999999999,51063.17,52256.83,51985.37
50731.86,50756.53,51767.74999999999,51683.375
50321.03999999999,50396.61,51237.689999999995,51138.91
49858.63,50030.812,50846.170000000006,50808.31
49802.54,49782.84,50674.979999999996,50626.676
49382.92,49583.03,50386.45,50491.297
49422.75,49515.21,49674.75,50481.41
49416.23,49314.19,49714.48,50365.895
49372.35,49271.28,49907.89,50370.074
49576.12,49289.32,49998.030000000006,50433.5
49517.05,49352.258,50297.95,50515.234
49675.8,49442.81,50519.09,50680.73
49975.06,49549.312,50598.56999999999,50862.746
50320.83,49781.367,50479.76999999999,51093.61
50787.02,50443.348,51100.24,51462.945
50833.12999999999,51144.434,51408.42999999999,52025.945
51514.13,52012.44,51752.13,52680.625
52473.54,52788.53,52275.45,53191.34
53032.54,54256.8,53737.170000000006,53866.188
54175.08000000001,55660.566,54576.33,54806.094
55412.700000000004,56764.32,55361.579999999994,55612.355
58248.31,57975.57,56951.78,56417.164
60243.73,59656.777,59492.55,57389.25
62239.37,61432.844,61628.45,58954.13
63913.29,62819.562,63537.420000000006,60622.348
65851.85,63852.586,65197.26,62204.746
67182.39,64863.703,67043.67,63822.58
67776.16,65609.44,67901.03,65469.68
68440.34,66234.91,68580.66,66799.83
69022.71,66666.36,69033.34,67838.68
69329.11,67353.805,70002.15,68978.83
69781.0,67884.9,70348.92,69868.44
69801.45,68203.97,70524.57,70309.25
69583.39,68471.41,70472.9,70450.64
69741.49,68838.02,70089.77,70648.46
70313.18,69011.95,70291.14,70579.875
70496.84,69056.805,70634.81,70305.15
70605.76,69297.73,70670.31,70179.06
70663.9,69733.45,70890.17,70423.46
71016.95,70009.98,70796.91,70610.98
71291.66,69988.69,70892.46,70549.21
71703.85,70064.43,71130.05,70571.414
71718.42,70316.01,71267.26,70860.77
71815.18,70681.766,71340.01,71220.266
71690.53,70649.61,71422.23,71278.05
71597.41,70589.28,71275.35,71290.39
71306.25,70523.625,71087.13,71334.71
71110.68,70545.83,70770.09,71366.13
71059.78,70190.12,70612.98,71101.79
71189.54,69950.195,70485.76,70822.21
70836.3,69883.734,70780.86,70641.12
70564.92,69967.914,70605.89,70534.04
70040.11,69672.05,70298.18,70262.64
68947.83,69413.28,69715.08,70018.26
68749.55,69105.805,69463.16,69730.625
68858.93,68462.97,69493.93,69242.766
68956.12,68020.21,69227.1,68863.56
68756.66,67981.66,68953.95,68742.484
68600.94,68181.91,68912.79,68714.72
68445.83,68177.62,68837.9,68639.195
68190.17,68221.33,68908.5,68611.17
68877.79,68246.83,68717.87,68603.0
69253.2,68217.05,68767.54,68483.64
69888.16,68549.71,69161.17,68619.805
70567.93,68920.71,69782.36,68881.99
70834.23,69289.93,70758.51,69233.39
71194.13,69413.58,71462.25,69440.32
71120.75,69566.41,71704.62,69809.086
71006.25,69666.0,71769.0,70192.96
71142.84,69652.29,71846.31,70543.695
70907.59,69180.914,71528.43,70439.32
70782.04,69125.67,71327.93,70631.82
70587.14,68873.72,71001.91,70715.81
70140.69,68530.36,70549.7,70659.4
69499.86,67663.17,69570.56,70054.664
68736.11,67047.59,68775.26,69557.17
67909.92,66280.7,68294.9,68943.445
66701.52,65514.742,67919.65,68262.71
65539.53,64466.78,66817.64,67117.34
64513.49,63660.324,65571.75,66155.234
63591.36,62837.09,64344.40000000001,65229.215
62854.79,62100.887,63448.29,64349.652
62353.07,61144.816,62844.20999999999,63155.2
61449.66,60450.22,62350.37,62226.93
60702.47,59881.902,61568.79000000001,61480.68
60251.07,59197.74,60614.439999999995,60741.65
59445.64,58587.695,60261.24,59996.3
58416.91999999999,57836.688,59825.74,59206.297
57751.55,57232.367,58838.17,58546.867
56620.24,56492.89,58062.29,57772.574
55576.14,55681.133,57300.69,56805.875
54692.74,54814.016,56274.62,55846.098
54179.05,54047.81,55277.06,54967.97
53313.14,53269.633,54640.18000000001,54144.53
52743.82,52593.02,53475.86,53373.84
52256.83,51870.504,52865.16,52606.0
51767.74999999999,51444.504,52543.61,52101.12
51237.689999999995,51072.355,52123.45,51730.61
50846.170000000006,50521.58,51533.86,51564.676
50674.979999999996,50371.38,51018.969999999994,51370.227
50386.45,50056.348,50773.3,51086.65
49674.75,49996.996,50422.73,51034.98
49714.48,49917.4,50285.17,51004.12
49907.89,49527.23,50134.3,50730.84
49998.030000000006,49401.586,50106.31999999999,50651.715
50297.95,49465.625,50302.81,50733.79
50519.09,49673.055,50015.21,50895.688
50598.56999999999,49841.867,49983.93000000001,51104.844
50479.76999999999,50132.312,50206.45,51383.88
51100.24,50438.7,50513.18000000001,51647.547
51408.42999999999,50899.223,51187.95,51859.664
51752.13,51649.09,51415.13,52342.207
52275.45,52515.527,52001.9,52891.97
53737.170000000006,53491.35,52691.71,53426.367
54576.33,54991.465,53598.73000000001,54022.574
55361.579999999994,56734.004,54194.35999999999,55080.57
56951.78,58134.664,55159.66000000001,55995.766
59492.55,59164.773,56614.92,56707.05
61628.45,60853.637,59766.05,57588.297
63537.420000000006,62574.703,61916.09999999999,59064.895
65197.26,63907.305,63679.66,60651.81
67043.67,64952.34,65375.99999999999,62218.95
67901.03,65936.8,66955.25,63887.938
68580.66,66678.62,68108.06,65554.85
69033.34,67069.36,68788.78,66757.56
70002.15,67436.32,69190.14,67773.76
70348.92,68028.38,69499.37,68909.76
70524.57,68613.47,69939.13,69953.89
70472.9,68977.87,70041.28,70583.016
70089.77,69150.33,70196.01,70754.766
70291.14,69449.85,69989.97,71018.9
70634.81,69522.64,70378.63,70993.375
70670.31,69569.18,70499.43,70721.016
70890.17,69788.66,70751.89,70545.79
70796.91,70152.2,70885.51,70705.49
70892.46,70384.09,71109.1,70887.92
71130.05,70285.875,71120.2,70780.05
71267.26,70206.836,70890.24,70690.695
71340.01,70408.59,71205.41,70950.98
71422.23,70584.06,71322.76,71227.41
71275.35,70465.86,71423.4,71253.79
71087.13,70406.31,70934.94,71260.445
70770.09,70357.46,70800.62,71291.91
70612.98,70311.766,70713.64,71307.625
70485.76,69908.86,70610.55,70994.68
70780.86,69665.93,70411.46,70705.07
70605.89,69555.54,70595.47,70520.46
70298.18,69683.14,69914.81,70471.46
69715.08,69481.82,69499.65,70231.1
69463.16,69202.32,68890.48,69910.83
69493.93,68876.72,68114.8,69465.08
69227.1,68617.34,68087.78,69034.08
68953.95,68495.516,67887.58,68766.5
68912.79,68379.06,67417.25,68529.99
68837.9,68277.05,66892.26,68309.45
68908.5,68252.78,66470.97,68104.92
68717.87,68312.28,66432.1,68015.57
68767.54,68432.54,66287.43,67981.28
69161.17,68407.0,66803.37,67906.23
69782.36,68454.31,67743.86,67938.64
70758.51,68724.125,68510.96,68144.51
71462.25,69111.75,69678.06,68505.12
71704.62,69397.234,70386.02,68830.16
71769.0,69823.38,70157.93,69418.695
71846.31,69992.71,70141.84,69913.74
71528.43,69995.76,70133.12,70304.69
71327.93,69608.76,70512.96,70159.055
71001.91,69364.81,70023.11,70103.766
70549.7,69014.27,69898.91,69869.414
69570.56,68531.27,69619.47,69515.445
68775.26,67471.52,69072.88,68560.83
68294.9,66628.48,68252.99,67719.47
67919.65,65753.32,67565.72,66844.92
66817.64,65107.105,66533.95,66094.37
65571.75,64186.164,65163.48,65099.96
64344.40000000001,63533.113,63916.14,64286.547
63448.29,62697.29,62859.549999999996,63370.95
62844.20999999999,61817.895,62422.55,62405.504
62350.37,60703.223,61448.08,61164.926
61568.79000000001,60057.246,61036.67999999999,60214.383
60614.439999999995,59478.312,60544.83,59441.438
60261.24,58808.367,59448.56,58705.227
59825.74,57948.867,58737.73,58097.914
58838.17,57212.22,57861.280000000006,57487.113
58062.29,56773.23,57113.75000000001,57076.047
57300.69,56143.32,56165.57,56479.06
56274.62,55368.76,55057.19,55648.758
55277.06,54648.523,53950.98,54854.793
54640.18000000001,53992.7,53066.81,54115.434
53475.86,53249.094,52359.36,53360.957
52865.16,52550.062,51108.77,52671.812
52543.61,51708.766,50613.25,51880.53
52123.45,51248.086,49875.670000000006,51391.39
51533.86,50985.688,49334.35,51145.18
51018.969999999994,50695.773,47947.29,50983.688
50773.3,50484.367,47544.68,50339.605
50422.73,50170.99,47007.05,49694.965
50285.17,50039.137,46961.75,49261.113
50134.3,49923.88,46640.91,48922.812
50106.31999999999,49806.08,46603.26,48556.016
50302.81,49736.105,46384.18,48247.86
50015.21,49694.77,46273.16,48002.23
49983.93000000001,49917.484,46416.04,47866.46
50206.45,49830.707,46335.97,47587.0
50513.18000000001,49820.227,46346.12,47352.918
51187.95,50079.152,46470.93,47251.234
51415.13,50815.465,46567.61,47182.445
52001.9,51687.16,46561.44,47381.324
52691.71,52499.953,46300.84,47500.824
53598.73000000001,53493.008,46042.28,47623.254
54194.35999999999,55082.81,46240.31,47624.902
55159.66000000001,56312.57,46110.87,47862.07
56614.92,57265.926,46156.29,47882.297
59766.05,58303.11,46755.75,47855.152
61916.09999999999,60105.082,47200.84,47727.97
63679.66,62195.016,47722.42,48504.48
65375.99999999999,63906.645,48251.59,49299.66
66955.25,65085.65,48963.99,50009.3
68108.06,66525.65,50715.43000000001,50537.72
68788.78,66895.305,51662.439999999995,51265.84
69190.14,67424.305,52695.95,51925.31
69499.37,67765.086,53038.05,52570.508
69939.13,68435.44,54231.590000000004,53222.297
70041.28,68488.95,54917.32,54118.45
70196.01,68665.99,55983.84,55134.363
69989.97,68732.445,56929.71,56025.586
70378.63,69097.37,57805.42,56947.652
70499.43,68991.23,58118.66,57789.42
70751.89,69048.805,58435.99,58530.977
70885.51,69085.84,58830.31999999999,59082.734
71109.1,69398.39,59222.45,59698.188
71120.2,69450.36,59307.49,60218.78
70890.24,69376.4,59572.15,60553.848
71205.41,69258.73,59598.15,60672.625
71322.76,69276.57,59813.59,60658.34
71423.4,69331.07,59904.58,60899.72
70934.94,69286.805,60113.54,60997.33
70800.62,69247.13,59939.99,60939.125
70713.64,69161.875,59740.58,60693.96
70610.55,69053.61,59592.88,60614.387
70411.46,68856.586,59083.45,60478.516
70595.47,68630.52,58632.75000000001,60307.664
69914.81,68565.72,57749.11000000001,60060.5
69499.65,68562.82,57209.74,59886.453
68890.48,68073.4,56748.62,59526.66
68114.8,67521.555,56012.84,59169.883
68087.78,67187.29,55861.66,58675.492
67887.58,66655.67,55658.76,58041.94
67417.25,66531.055,55541.95999999999,57695.94
66892.26,66592.2,55419.450000000004,57496.996
66470.97,66633.86,55619.9,57304.508
66432.1,66472.58,55582.41,57018.484
66287.43,66465.18,55617.780000000006,56904.523
66803.37,66701.4,56108.47,56974.125
67743.86,66980.22,56656.26,57226.035
68510.96,67515.19,57685.92,57588.984
69678.06,68316.99,58835.04,58281.26
70386.02,68923.48,59630.64000000001,59030.19
70157.93,69169.016,60255.009999999995,59789.562
70141.84,69341.35,60547.31999999999,60497.035
70133.12,68951.47,60913.49,60883.688
70512.96,68436.94,61089.24,61077.33
70023.11,67606.85,61315.6,60979.35
69898.91,67460.2,60990.48000000001,61204.824
69619.47,67095.4,60430.87000000001,61142.195
69072.88,66727.68,59981.13,60969.457
68252.99,65933.24,59491.899999999994,60399.703
67565.72,65554.23,58874.7,60091.023
66533.95,64973.285,58419.74,59548.07
65163.48,64381.97,57573.54,58953.17
63916.14,63148.082,56089.08999999999,58005.465
62859.549999999996,62312.83,55057.02,57224.242
62422.55,61407.715,54219.77,56348.715
61448.08,60666.27,53450.45,55556.88
61036.67999999999,59806.223,52638.05,54874.82
60544.83,59412.625,52325.38,54295.1
59448.56,58974.188,51791.41,53733.184
58737.73,58567.023,51578.689999999995,53248.363
57861.280000000006,57477.6,51871.47,53075.363
57113.75000000001,56373.26,51549.590000000004,52603.04
56165.57,55542.734,50754.509999999995,52162.906
55057.19,54761.47,49954.18,51602.22
53950.98,53569.93,49108.72,50826.215
53066.81,52730.49,48520.95,49978.61
52359.36,51836.61,47919.05000000001,49076.76
51108.77,51126.633,47224.42,48304.68
50613.25,50260.59,46134.03,47570.91
49875.670000000006,49539.625,45337.0,46772.01
49334.35,49062.957,44932.18,46211.918
47947.29,48632.094,44472.51,45736.92
47544.68,48174.098,43874.51,44794.37
47007.05,47402.215,43190.57,43791.758
46961.75,46962.18,42764.78,43298.066
46640.91,46668.91,42842.24,43008.17
46603.26,46439.37,42709.84,42787.098
46384.18,46394.844,42585.1,42699.766
46273.16,46395.58,42283.58,42696.016
46416.04,46345.49,42406.08,42671.676
46335.97,46188.21,42580.56,42530.63
46346.12,46364.773,42261.32,42722.54
46470.93,46360.492,41989.26,42785.258
46567.61,46330.61,42294.68,42847.41
46561.44,46354.14,42733.81,42751.707
46300.84,46505.996,42619.51,42916.02
46042.28,46481.695,42736.45,42909.805
46240.31,46308.402,42749.55,42757.883
46110.87,46309.33,42455.63,42311.484
46156.29,46556.996,42242.44,42289.984
46755.75,46704.426,42147.08,42098.87
47200.84,46987.742,41739.82,41889.457
47722.42,48289.57,41674.02,41510.168
48251.59,49109.656,41802.78,41292.08
48963.99,49868.86,41913.33,41227.508
50715.43000000001,50678.355,42236.36,41321.52
51662.439999999995,52132.637,42889.34,41264.84
52695.95,52750.69,43346.06,41830.94
53038.05,54102.67,43822.19,42863.195
54231.590000000004,54827.42,44321.45,43694.523
54917.32,55956.19,45693.6,44451.535
55983.84,56521.4,47083.4,45549.707
56929.71,57225.168,48067.22000000001,46921.54
57805.42,57916.92,48896.85,48232.945
58118.66,59164.484,49600.48,49527.223
58435.99,59541.023,50594.93,50595.47
58830.31999999999,59628.094,50872.33,51471.473
59222.45,59606.508,51169.39000000001,52061.51
59307.49,60140.793,52309.939999999995,52805.594
59572.15,60106.02,53049.8,53306.96
59598.15,59871.3,53245.51999999999,53687.145
59813.59,59745.414,53621.16,54023.94
59904.58,59946.855,54420.03,54366.035
60113.54,59842.055,55366.44,54555.07
59939.99,59658.668,55444.27,54660.582
59740.58,59525.64,55435.65,54769.133
59592.88,59558.082,55163.41,54784.27
59083.45,59248.996,55051.5,54603.008
58632.75000000001,58864.637,54337.229999999996,54405.344
57749.11000000001,58333.797,53558.33999999999,54040.902
57209.74,58028.484,53079.65,53606.12
56748.62,57237.363,52489.71000000001,52868.69
56012.84,56466.96,52395.88999999999,52359.777
55861.66,55959.242,51847.51,52018.68
55658.76,55570.215,51630.74,51562.586
55541.95999999999,55286.5,51448.25,51078.312
55419.450000000004,55279.715,51253.42,50836.457
55619.9,55290.492,50835.95,50749.14
55582.41,55678.816,51298.33,50825.03
55617.780000000006,56069.746,50773.64000000001,50843.285
56108.47,56499.31,50934.67,51111.332
56656.26,56877.98,50774.42,51474.836
57685.92,57617.746,51937.08000000001,52044.555
58835.04,58446.88,52857.5,52570.38
59630.64000000001,59431.125,54149.62,53429.17
60255.009999999995,60356.176,55189.86,54447.06
60547.31999999999,60515.98,56555.13,55198.49
60913.49,60654.176,57176.49,56014.27
61089.24,60411.09,57801.93000000001,56739.066
61315.6,60160.457,58045.95,57409.734
60990.48000000001,59503.812,58258.18,57455.996
60430.87000000001,59339.758,58060.22,57714.176
59981.13,58889.24,57713.69000000001,57761.72
59491.899999999994,58239.707,57503.219999999994,57525.918
58874.7,57290.06,56275.92,56564.1
58419.74,56932.242,55559.68000000001,56169.848
57573.54,56527.59,55188.64,55818.707
56089.08999999999,56195.957,54701.28,55537.477
55057.02,55100.523,54122.96000000001,54609.31
54219.77,54259.703,53417.55,54070.57
53450.45,53571.598,52599.65,53602.61
52638.05,53105.13,52211.12,53243.086
52325.38,52143.945,51937.21000000001,52473.05
51791.41,51818.65,51480.51999999999,52220.29
51578.689999999995,51658.824,51212.80000000001,52036.566
51871.47,51319.387,51342.979999999996,51729.098
51549.590000000004,50753.594,51654.97,51618.434
50754.509999999995,50245.633,51139.69,51722.977
49954.18,49985.227,50328.53,51901.402
49108.72,49244.97,49431.91,51685.344
48520.95,48026.355,48647.17,50955.19
47919.05000000001,47305.816,48064.63,50443.254
47224.42,46773.516,47608.47,49967.074
46134.03,46318.28,46942.51,49463.336
45337.0,45453.92,46190.34,48585.812
44932.18,44820.71,45839.95,47819.4
44472.51,44283.605,45379.77,47112.9
43874.51,44024.535,44743.83,46584.254
43190.57,43661.086,44852.95,46343.332
42764.78,43439.76,44754.6,46115.51
42842.24,42998.094,44563.28,45749.527
42709.84,42659.96,44341.83,45469.723
42585.1,42398.293,44284.42,45287.863
42283.58,42451.2,44352.5,45351.004
42406.08,42375.395,44428.75,45339.74
42580.56,42186.754,44472.85,45285.285
42261.32,42023.664,44512.59,45319.473
41989.26,42246.566,44530.12,45658.695
42294.68,42076.355,44815.15,45781.207
42733.81,41804.54,45126.89,45894.22
42619.51,41808.957,45636.93,46363.242
42736.45,42260.355,46038.13,47178.92
42749.55,42220.523,46735.11,47768.168
42455.63,42209.66,47380.4,48453.184
42242.44,42279.324,48618.65,49566.67
42147.08,42312.805,49277.26,50673.19
41739.82,42162.594,50637.52999999999,51739.246
41674.02,42268.117,52293.01,53064.555
41802.78,42441.816,55760.26,55031.94
41913.33,42830.848,58385.31,56891.098
42236.36,43181.926,60715.969999999994,58579.176
42889.34,43621.97,62671.23,60170.33
43346.06,43908.363,65208.75,62781.594
43822.19,44789.96,66099.63,64964.676
44321.45,45451.508,67334.0,66408.81
45693.6,45985.234,67671.91,67308.77
47083.4,46806.72,68532.45,68590.23
48067.22000000001,47883.766,68952.21,69466.43
48896.85,48984.496,69362.68,69977.08
49600.48,49829.207,69586.13,70157.83
50594.93,50884.715,69227.68,70902.93
50872.33,51506.74,69400.36,70997.29
51169.39000000001,52242.863,69741.65,70869.836
52309.939999999995,52625.88,69929.1,70615.46
53049.8,53236.02,70413.13,71112.52
53245.51999999999,53957.797,70393.06,71380.59
53621.16,54431.51,70655.7,71555.06
54420.03,54448.957,70737.12,71492.414
55366.44,54789.75,71009.17,72100.164
55444.27,55165.16,71320.33,72468.53
55435.65,55506.99,71501.5,72918.27
55163.41,55410.71,71385.42,73190.1
55051.5,55346.094,71072.53,73676.23
54337.229999999996,55018.85,70980.08,73605.99
53558.33999999999,54595.19,70945.77,73303.414
53079.65,53972.363,70967.04,72793.625
52489.71000000001,53371.105,71259.97,72364.055
52395.88999999999,52804.773,71008.13,71722.055
51847.51,52137.25,70578.91,71126.055
51630.74,51842.55,70128.29,70723.12
51448.25,51619.96,69783.13,70506.17
51253.42,51368.336,69810.39,70246.414
50835.95,51371.734,69589.14,70173.9
51298.33,51502.926,69363.13,70177.01
50773.64000000001,51839.465,69683.75,70053.91
50934.67,52469.332,69466.03,70168.53
50774.42,52781.13,69153.26,70317.54
51937.08000000001,53380.625,68818.82,70509.56
52857.5,53722.957,68853.07,70371.89
54149.62,54591.01,69209.32,70693.74
55189.86,55276.387,69832.55,71308.06
56555.13,56038.035,70187.08,71980.59
57176.49,56382.617,70351.79,71940.445
57801.93000000001,56922.297,70549.62,72217.734
58045.95,57159.66,70780.42,72560.23
58258.18,57451.867,70534.48,72783.305
58060.22,57300.176,70727.67,72190.27
57713.69000000001,57369.49,70440.22,71960.52
57503.219999999994,57073.363,70207.34,71712.836
56275.92,56699.156,69831.33,71276.71
55559.68000000001,56080.12,69707.14,70103.99
55188.64,55501.06,68831.28,69118.99
54701.28,54922.555,68225.73,68202.71
54122.96000000001,54818.496,67866.3,67478.66
53417.55,54462.58,66882.69,66253.64
52599.65,54366.31,65656.04,65539.12
52211.12,54013.613,64693.079999999994,64873.37
51937.21000000001,53595.53,63758.77,64104.535
51480.51999999999,52959.46,62875.5,62736.71
51212.80000000001,52582.82,62150.94,61894.594
51342.979999999996,52057.58,60990.21,61102.844
51654.97,51629.145,60146.51,60292.484
51139.69,51519.004,60077.170000000006,59480.48
50328.53,51115.0,59326.72,58806.21
49431.91,50591.23,58253.1,58065.258
48647.17,49836.01,57239.44000000001,57084.69
48064.63,48855.824,56316.26000000001,55718.63
47608.47,47926.242,55332.75,54695.27
46942.51,47365.06,54104.8,54001.77
46190.34,46908.055,53387.72,53515.9
45839.95,46345.434,52692.16000000001,52808.5
45379.77,45637.113,51910.72,52237.617
44743.83,45422.523,51388.04,51996.32
44852.95,45160.844,50826.29,51828.223
44754.6,45089.484,49829.51,49855.81
44563.28,44342.23,49713.17,49348.1
44341.83,44869.055,49274.76,49521.35
44284.42,44834.336,49167.69999999999,49494.723
44352.5,44815.816,48843.35,49526.934
44428.75,44685.56,48611.19,49477.043
44472.85,44684.574,48516.67,49513.71
44512.59,44720.785,48638.42999999999,49595.234
44530.12,44890.16,48975.50000000001,49769.312
44815.15,44936.707,49256.13999999999,49856.105
45126.89,45095.688,49443.33000000001,49985.8
45636.93,45549.78,49551.61000000001,50247.062
46038.13,46485.766,50294.72,50714.355
46735.11,47430.16,50345.8,51310.96
47380.4,48477.227,50938.19999999999,51967.812
48618.65,49762.754,51321.64,52696.57
49277.26,51464.47,52762.0,53554.05
50637.52999999999,52978.336,53469.72000000001,54544.32
52293.01,54114.824,54353.58,55357.7
55760.26,55340.895,55841.38,56187.55
58385.31,57184.484,58454.24999999999,57328.293
60715.969999999994,59418.992,60672.24,59140.395
62671.23,61303.066,62652.23,61054.965
65208.75,62713.117,64577.18,62814.215
66099.63,63925.36,66692.29,64682.492
67334.0,65117.492,67860.18,66529.76
67671.91,65770.58,68864.52,67783.016
68532.45,66440.516,69504.44,68779.64
68952.21,67230.91,69876.92,69831.61
69362.68,67857.73,69950.04,70550.42
69586.13,68272.49,70007.57,70855.52
69227.68,68538.945,70275.0,70868.69
69400.36,69002.39,69616.29,71090.49
69741.65,69147.266,69752.82,70943.8
69929.1,69172.9,70161.64,70655.34
70413.13,69336.77,70504.18,70526.805
70393.06,69752.74,70606.94,70822.58
70655.7,70117.83,70192.46,71056.82
70737.12,70117.09,70520.15,71063.73
71009.17,70120.37,71090.3,71077.23
71320.33,70277.414,71376.26,71366.72
71501.5,70469.88,71608.75,71621.125
71385.42,70457.96,71562.53,71746.61
71072.53,70462.25,71324.74,71865.94
70980.08,70455.625,71117.82,72031.54
70945.77,70367.15,70964.08,72016.87
70967.04,70076.98,70917.35,71768.52
71259.97,69941.27,70699.86,71563.664
71008.13,69968.44,70300.5,71443.586
70578.91,70126.67,70356.89,71359.34
70128.29,69959.09,70152.74,71109.766
69783.13,69667.56,69530.6,70818.055
69810.39,69355.234,69636.41,70524.25
69589.14,69063.32,69911.04,70235.01
69363.13,68888.91,69632.52,70068.67
69683.75,68768.36,69428.22,69965.4
69466.03,68636.15,69491.94,69844.67
69153.26,68759.03,69194.97,69843.74
68818.82,68819.555,69031.79,69859.734
68853.07,68737.41,68794.32,69811.35
69209.32,68534.055,69231.56,69620.85
69832.55,68537.65,69912.69,69597.51
70187.08,68754.086,70469.14,69763.18
70351.79,69084.46,71171.34,70058.17
70549.62,69044.445,71723.71,70049.85
70780.42,69085.484,72139.12,70222.95
70534.48,69090.73,72347.51,70449.63
70727.67,69116.055,72130.12,70739.39
70440.22,68609.0,72056.35,70572.8
70207.34,68516.17,71765.86,70703.55
69831.33,68224.66,71713.8,70709.05
69707.14,67752.984,71366.6,70564.59
68831.28,66665.19,70770.19,69843.79
68225.73,66193.66,70211.28,69389.56
67866.3,65408.254,69848.09,68756.14
66882.69,64729.688,69587.19,68067.266
65656.04,63827.06,68273.02,67071.63
64693.079999999994,63278.715,66924.95,66296.28
63758.77,62539.383,66262.65,65446.84
62875.5,61874.992,65458.38999999999,64631.258
62150.94,60911.35,64616.88999999999,63507.37
60990.21,60235.383,63620.19,62634.45
60146.51,59587.46,62558.72,61862.31
60077.170000000006,58799.93,61521.43,61064.695
59326.72,58011.17,60533.4,60248.69
58253.1,57335.914,59856.11,59528.676
57239.44000000001,56761.47,58938.31,58909.277
56316.26000000001,55996.914,57677.85999999999,58131.59
55332.75,55035.457,55803.84,57063.473
54104.8,54185.85,54626.23,56198.32
53387.72,53451.957,53472.75,55422.613
52692.16000000001,52557.258,53024.08,54564.387
51910.72,51705.797,51921.74999999999,53675.13
51388.04,51010.63,51229.84,52993.34
50826.29,50515.76,50880.01,52472.418
49829.51,50081.848,50317.950000000004,52067.125
49713.17,49948.17,49221.13,51253.766
49274.76,49105.48,48607.719999999994,50468.914
49167.69999999999,48988.53,48432.46,50257.035
48843.35,48842.543,48744.12,50110.316
48611.19,48810.176,48289.74999999999,50108.49
48516.67,48695.914,48109.85999999999,50051.477
48638.42999999999,48568.72,48130.75,50013.93
48975.50000000001,48479.254,48339.64,50016.344
49256.13999999999,48591.41,48929.44000000001,50153.94
49443.33000000001,48821.438,49085.46,50437.875
49551.61000000001,49122.25,49085.39000000001,50787.113
50294.72,49480.863,49346.92,51164.055
50345.8,50059.844,49896.15,51564.36
50938.19999999999,50884.016,50423.43,52220.21
51321.64,51594.44,50891.64,52795.1
52762.0,52523.914,51406.07,53424.27
53469.72000000001,53885.312,52948.54,54124.01
54353.58,55463.438,53631.91,55204.066
55841.38,56827.67,54592.98999999999,56198.01
58454.24999999999,58002.09,55835.97,57033.91
60672.24,59868.715,59103.07,58103.082
62652.23,61720.973,61426.68,59613.94
64577.18,63281.09,63544.32,61209.26
66692.29,64469.582,65195.38,62687.496
67860.18,65589.44,67353.5,64335.824
68864.52,66607.0,68796.98,66103.34
69504.44,67197.64,69754.71,67385.54
69876.92,67787.81,70316.45,68459.97
69950.04,68525.54,71368.69,69592.016
70007.57,69040.69,71890.33,70452.805
70275.0,69241.08,72424.37,70815.28
69616.29,69320.86,72555.58,70848.31
69752.82,69667.414,72165.48,71047.82
70161.64,69724.766,72572.98,70963.984
70504.18,69655.85,72822.06,70677.83
70606.94,69817.74,72970.91,70558.66
70192.46,70224.52,72892.21,70844.43
70520.15,70503.57,73168.31,71037.03
71090.3,70293.734,73410.01,70893.234
71376.26,70247.36,73458.42,70837.8
71608.75,70544.7,73802.14,71125.164
71562.53,70883.87,74082.55,71451.42
71324.74,70852.58,73930.39,71514.016
71117.82,70748.766,73668.47,71487.44
70964.08,70609.81,73291.78,71425.89
70917.35,70483.62,73180.84,71326.16
70699.86,70124.05,73248.8,70991.484
70300.5,69930.95,73140.96,70725.48
70356.89,69846.27,73500.42,70481.59
70152.74,69649.51,73558.72,70190.22
69530.6,69370.664,73186.91,69884.78
69636.41,69186.62,72747.63,69687.74
69911.04,68916.77,72474.44,69446.85
69632.52,68835.76,72307.19,69307.766
69428.22,68935.06,71649.71,69335.04
69491.94,68935.375,71319.01,69346.3
69194.97,69018.11,71717.58,69310.61
69031.79,69068.26,71541.98,69269.234
68794.32,69097.016,71265.24,69273.88
69231.56,69105.44,71160.27,69291.37
69912.69,69042.89,71356.43,69182.414
70469.14,69326.93,71843.55,69309.23
71171.34,69775.51,72533.54,69603.484
71723.71,70140.08,72972.39,69942.44
72139.12,70209.72,73571.24,70058.07
72347.51,70470.75,73875.65,70422.69
72130.12,70622.94,74237.56,70805.055
72056.35,70697.59,73616.9,71183.836
71765.86,70175.93,73281.28,71087.24
71713.8,70025.0,72963.61,71221.63
71366.6,69650.71,72814.81,71208.73
70770.19,69231.49,72803.68,71079.58
70211.28,68276.82,71801.45,70333.36
69848.09,67600.37,71245.49,69709.42
69587.19,66858.07,70424.3,69024.82
68273.02,66316.18,69733.21,68421.81
66924.95,65525.562,68058.07,67479.21
66262.65,64861.11,67136.08,66645.6
65458.38999999999,64036.57,66280.55,65752.7
64616.88999999999,63352.668,65292.07,64981.645
63620.19,62417.1,64245.28,63899.47
62558.72,61715.934,63413.659999999996,63079.883
61521.43,60926.312,62418.299999999996,62280.71
60533.4,60052.734,61428.99,61475.332
59856.11,59317.96,61060.84,60552.223
58938.31,58238.254,60358.13999999999,59517.066
57677.85999999999,57450.797,59244.43,58704.137
55803.84,56683.83,58193.33000000001,57922.83
54626.23,55593.457,56847.46,56777.164
53472.75,54336.926,55551.94,55573.793
53024.08,53264.04,54744.19,54486.902
51921.74999999999,52293.062,54130.92,53496.38
51229.84,51503.387,52820.71,52607.566
50880.01,50770.555,51785.98999999999,51823.527
50317.950000000004,50232.34,51017.119999999995,51196.523
49221.13,49904.152,50468.520000000004,50759.008
48607.719999999994,49420.965,50133.39,50122.73
48432.46,48879.434,49629.090000000004,49565.74
48744.12,48368.477,49396.54,49127.883
48289.74999999999,48213.344,49059.619999999995,49007.055
48109.85999999999,48342.945,48813.09,49176.64
48130.75,48245.086,48843.43,49205.754
48339.64,48092.297,48829.61,49188.832
48929.44000000001,47993.758,48924.95,49225.15
49085.46,48133.215,49095.19,49391.04
49085.39000000001,48535.098,49313.37,49773.44
49346.92,48885.434,49238.11,50168.51
49896.15,49153.59,49472.95,50493.61
50423.43,49820.51,50093.490000000005,50886.465
50891.64,50679.73,50617.39,51557.73
51406.07,51743.094,51377.05,52311.938
52948.54,52917.312,52222.87999999999,53085.87
53631.91,54544.61,53517.8,53882.9
54592.98999999999,56374.71,54284.24,55114.57
55835.97,57804.125,55586.50000000001,56199.16
59103.07,59064.73,57274.87999999999,57088.363
61426.68,60701.723,59670.58,58045.895
63544.32,62713.26,62393.659999999996,59725.277
65195.38,64259.746,64209.01,61503.582
67353.5,65390.44,65968.92,63178.996
68796.98,66294.81,67265.78,64904.062
69754.71,67209.234,68662.32,66811.766
70316.45,67861.42,69609.82,68245.02
71368.69,68448.984,70078.13,69438.62
71890.33,69158.45,70472.48,70664.26
72424.37,69872.72,70798.33,71644.12
72555.58,70370.21,70966.51,72116.984
72165.48,70745.1,70904.05,72238.2
72572.98,71221.21,70373.06,72426.84
72822.06,71352.35,70559.8,72244.07
72970.91,71459.85,70703.74,71970.07
72892.21,71699.125,70546.27,71857.48
73168.31,72060.08,70798.8,72082.11
73410.01,72217.08,70797.21,72167.78
73458.42,72289.06,71466.05,72194.76
73802.14,72413.39,72231.69,72260.59
74082.55,72574.95,72206.37,72491.27
73930.39,72860.51,72232.83,72774.69
73668.47,72905.3,72861.31,72870.51
73291.78,72785.734,72567.45,72840.875
73180.84,72699.53,71716.61,72840.086
73248.8,72523.4,71714.04,72703.19
73140.96,72138.16,71782.48,72373.62
73500.42,71985.26,72181.99,72142.234
73558.72,71916.98,72299.64,71942.96
73186.91,72038.26,72029.71,71845.93
72747.63,71982.17,71669.66,71716.39
72474.44,71799.67,70900.7,71552.664
72307.19,71595.836,70515.24,71383.43
71649.71,71390.89,71095.03,71218.23
71319.01,71234.625,70912.61,71128.87
71717.58,70937.35,70982.64,70964.81
71541.98,70776.016,70946.93,70827.42
71265.24,70931.73,70275.17,70862.35
71160.27,71034.91,70214.85,70938.234
71356.43,70991.195,70250.67,70936.3
71843.55,71004.984,70572.1,70876.03
72533.54,71140.83,70827.14,70967.04
72972.39,71461.555,71576.25,71232.195
73571.24,71809.94,72243.65,71575.17
73875.65,71752.305,72279.04,71625.375
74237.56,71997.32,72613.74,71971.484
73616.9,72152.2,72325.6,72336.2
73281.28,72280.05,72517.58,72689.03
72963.61,71675.87,72072.39,72428.56
72814.81,71365.36,71792.72,72337.555
72803.68,70911.4,71412.05,72129.15
71801.45,70482.23,71016.01,71867.96
71245.49,69527.47,70623.78,71116.125
70424.3,68822.56,70112.42,70433.39
69733.21,68021.484,69529.78,69678.766
68058.07,67344.24,68710.31,68962.17
67136.08,66239.85,67966.2,67797.41
66280.55,65366.406,66807.68,66745.2
65292.07,64549.066,65848.43,65777.36
64245.28,63838.098,64659.01,64910.383
63413.659999999996,62731.902,63573.87,63657.04
62418.299999999996,61919.727,62909.98999999999,62658.895
61428.99,61108.73,61628.55,61760.28
61060.84,60232.234,60661.88999999999,60893.652
60358.13999999999,59381.246,60389.14,60033.066
59244.43,58503.01,59635.68000000001,59197.387
58193.33000000001,57835.094,58705.19,58554.207
56847.46,57028.164,57815.06,57795.914
55551.94,55962.25,56512.29,56726.348
54744.19,54958.75,55711.04000000001,55724.66
54130.92,53966.54,54984.030000000006,54721.473
52820.71,53137.562,53987.189999999995,53866.055
51785.98999999999,52359.08,52895.23999999999,53053.457
51017.119999999995,51510.633,52331.719999999994,52186.473
50468.520000000004,50759.055,51124.38999999999,51366.297
50133.39,50135.43,50030.19,50670.86
49629.090000000004,49397.152,49267.799999999996,50332.836
49396.54,49407.484,48744.46,50187.46
49059.619999999995,49166.617,48773.93,49907.94
48813.09,49093.71,48811.16,49825.42
48843.43,48920.05,48756.93,49736.56
48829.61,48757.09,48825.91,49662.41
48924.95,48728.086,48776.69000000001,49712.137
49095.19,48740.5,48926.48,49813.34
49313.37,48914.57,48515.590000000004,49928.125
49238.11,49114.73,48631.66,50139.66
49472.95,49454.19,48730.35,50443.426
50093.490000000005,49713.668,49095.26999999999,50639.77
50617.39,50413.098,50173.56,50866.348
51377.05,51338.305,50846.55,51428.887
52222.87999999999,52452.496,51494.78,52086.19
53517.8,53837.164,51780.75,52876.21
54284.24,55745.613,53007.41,53690.074
55586.50000000001,57556.61,53749.79,54893.008
57274.87999999999,58859.6,54938.56999999999,55791.4
59670.58,60223.414,56476.98,56693.453
62393.659999999996,62231.23,59513.24,57644.152
64209.01,63923.082,61791.29,59054.7
65968.92,65537.3,63801.22,60726.81
67265.78,66641.89,65516.29,62291.53
68662.32,67592.77,67531.39,63960.215
69609.82,68237.57,68836.13,65819.54
70078.13,68640.7,70023.64,67175.64
70472.48,69158.85,70692.45,68380.78
70798.33,69758.45,70827.27,69575.68
70966.51,70076.484,70662.54,70438.79
70904.05,70213.54,70923.32,70781.2
70373.06,70266.6,70967.21,70745.86
70559.8,70577.53,70089.9,70867.234
70703.74,70432.62,69620.58,70647.734
70546.27,70452.44,69858.6,70401.5
70798.8,70572.03,70256.83,70253.03
70797.21,70853.14,70285.59,70412.04
71466.05,71034.31,70754.76,70594.414
72231.69,70990.1,70639.74,70553.22
72206.37,71194.13,70948.39,70676.44
72232.83,71780.91,71105.99,71178.5
72861.31,71971.68,71285.1,71492.164
72567.45,71856.02,71496.2,71504.15
71716.61,71997.75,71266.37,71600.16
71714.04,72009.81,70882.42,71595.58
71782.48,71543.055,70605.78,71288.43
72181.99,71126.11,70069.86,70872.02
72299.64,70998.24,69928.87,70601.97
72029.71,71324.734,69799.99,70601.04
71669.66,71422.04,69744.06,70514.16
70900.7,71199.33,69633.08,70325.47
70515.24,70910.164,69248.65,70063.49
71095.03,70553.28,68120.47,69671.875
70912.61,70192.445,67597.37,69303.63
70982.64,70423.89,67120.26,69355.805
70946.93,70479.54,66608.28,69388.46
70275.17,70749.52,66477.95,69443.805
70214.85,70862.71,66038.72,69416.3
70250.67,70704.6,65651.13,69285.914
70572.1,70686.79,65508.61,69228.52
70827.14,70728.09,65952.83,69189.49
71576.25,70905.81,66198.4,69254.22
72243.65,71106.09,66586.02,69399.29
72279.04,71369.06,67887.3,69668.91
72613.74,71336.055,68831.07,69811.695
72325.6,71205.85,68748.13,70049.555
72517.58,71128.01,68263.09,70316.26
72072.39,70882.83,68674.68,70452.79
71792.72,70365.05,68425.06,70205.04
71412.05,70096.75,67841.42,70116.9
71016.01,69599.3,67633.24,69824.79
70623.78,69088.74,67285.8,69445.734
70112.42,67994.46,66920.8,68534.945
69529.78,67476.62,66168.24,67954.2
68710.31,66824.83,65470.79,67321.88
67966.2,66220.38,65017.87,66679.45
66807.68,65063.926,63870.85999999999,65530.49
65848.43,64508.836,62889.240000000005,64714.15
64659.01,63698.887,61843.25,63826.027
63573.87,62968.62,60742.0,62967.363
62909.98999999999,61724.887,59992.87,61658.145
61628.55,60945.434,59233.08999999999,60582.7
60661.88999999999,60181.266,58304.21,59632.41
60389.14,59250.83,57622.36,58641.566
59635.68000000001,58192.477,57378.14,57844.227
58705.19,57422.02,56819.08999999999,57169.383
57815.06,56781.13,55930.28,56632.25
56512.29,56002.176,54899.97,55971.375
55711.04000000001,54993.17,53550.83,55060.543
54984.030000000006,54006.414,52518.22,54126.734
53987.189999999995,53243.387,51753.61,53334.613
52895.23999999999,52598.7,50937.54,52658.61
52331.719999999994,51711.664,50168.57,51787.746
51124.38999999999,50884.95,49434.299999999996,50874.33
50030.19,50382.14,49021.57000000001,50194.953
49267.799999999996,49731.477,48630.33,49495.22
48744.46,48888.54,48196.99,48749.67
48773.93,48444.418,47718.77,47868.64
48811.16,48112.613,47467.88,47163.55
48756.93,48145.84,47199.78,46836.246
48825.91,48216.707,46801.63,46681.3
48776.69000000001,48305.312,46354.38,46553.56
48926.48,48380.32,46280.85,46424.31
48515.590000000004,48455.81,46131.22,46302.5
48631.66,48654.746,46083.34,46207.64
48730.35,48538.195,46019.51,45998.836
49095.26999999999,48677.58,46033.84,45974.113
50173.56,48967.402,45848.89,45969.277
50846.55,49763.32,45850.13,46034.87
51494.78,51011.055,45921.58,46581.113
51780.75,52339.07,46078.15,47065.324
53007.41,53633.133,46025.93,47454.934
53749.79,54960.64,46068.54,47373.51
54938.56999999999,56246.867,45844.21,47801.01
56476.98,57337.203,45906.79,48024.69
59513.24,58571.203,45902.47,48250.25
61791.29,60543.91,45770.94,48291.938
63801.22,62613.5,46182.07,49028.08
65516.29,64329.656,46514.35,49782.59
67531.39,65577.45,47082.48,50461.926
68836.13,67015.53,48536.549999999996,51045.656
70023.64,67592.42,49787.04,51950.77
70692.45,68322.08,50611.32,52838.58
70827.27,68876.2,51310.12,53720.918
70662.54,69717.28,52506.78,54574.09
70923.32,69636.05,53502.44,55489.59
70967.21,69497.08,54397.84,56410.69
70089.9,69517.92,54868.38,57290.66
69620.58,69996.09,55077.31999999999,58206.773
69858.6,69490.11,55675.87000000001,58738.1
70256.83,69098.72,56110.1,59175.44
70285.59,69145.59,56435.30000000001,59681.586
70754.76,69660.2,56722.64,60301.434
70639.74,69574.82,57046.159999999996,60708.254
70948.39,69614.69,57243.689999999995,61099.42
71105.99,69506.63,57127.67,61243.723
71285.1,69836.37,56953.350000000006,61439.2
71496.2,69844.82,57291.2,61527.637
71266.37,69772.77,57028.43,61569.027
70882.42,69772.82,56909.31,61581.047
70605.78,69898.08,56673.62,61393.492
70069.86,69547.9,56553.17,61139.54
69928.87,69252.805,56426.049999999996,60800.77
69799.99,68789.48,55766.87999999999,60414.387
69744.06,68728.02,56091.75,60112.16
69633.08,68418.31,55923.65,59651.977
69248.65,68178.445,55321.78,59452.336
68120.47,67875.766,54773.450000000004,59193.42
67597.37,67743.21,54628.75,58762.81
67120.26,67046.2,54267.42,58136.418
66608.28,66608.79,53931.67,57778.695
66477.95,66395.03,53671.36,57498.336
66038.72,66373.484,53332.229999999996,57241.977
65651.13,66420.4,53434.75,57024.22
65508.61,66512.45,53382.25,57025.035
65952.83,66564.49,53492.530000000006,57150.074
66198.4,66763.75,54758.68,57411.574
66586.02,67241.34,55829.55,57749.188
67887.3,67580.35,57113.73000000001,58127.66
68831.07,67807.7,58220.55,58652.63
68748.13,68013.26,58646.26000000001,59340.453
68263.09,68305.39,58754.78,60087.01
68674.68,67913.84,59053.32,60496.2
68425.06,67175.734,58957.9,60596.98
67841.42,66455.36,58754.909999999996,60537.477
67633.24,66090.79,58545.45,60593.363
67285.8,65504.227,58199.9,60347.1
66920.8,65059.258,57798.37000000001,60122.227
66168.24,64177.92,57649.74,59494.844
65470.79,63814.258,57231.80999999999,59203.062
65017.87,63279.04,56567.06,58732.51
63870.85999999999,62645.227,56095.99,58163.496
62889.240000000005,61669.71,55296.13,57430.97
61843.25,61039.78,54132.590000000004,56863.54
60742.0,60246.152,53183.9,56037.137
59992.87,59572.227,52764.69000000001,55236.742
59233.08999999999,58334.61,52337.98,54325.793
58304.21,57964.445,51965.87,53758.633
57622.36,57388.63,51205.78,53090.605
57378.14,56673.773,51029.71,52339.46
56819.08999999999,55802.56,51341.44,52251.766
55930.28,55098.598,51048.78,52030.684
54899.97,54573.97,50192.25000000001,51798.035
53550.83,53785.207,49611.62,51253.4
52518.22,52533.742,49218.17,50446.824
51753.61,51581.8,48375.55000000001,49489.824
50937.54,50686.22,47683.62,48544.094
50168.57,50053.516,47062.13,47781.734
49434.299999999996,49158.47,46740.33,46986.79
49021.57000000001,48670.535,46027.9,46352.496
48630.33,48161.17,45776.18,45752.34
48196.99,47831.94,45448.86,45321.457
47718.77,47502.68,44697.46,44484.867
47467.88,47276.26,44440.17,43856.273
47199.78,47026.066,43942.34,43404.766
46801.63,46843.066,43750.4,43168.703
46354.38,46579.2,43070.82,42914.45
46280.85,46459.08,43135.81,42752.754
46131.22,46193.133,42882.0,42568.133
46083.34,46138.36,42815.01,42557.027
46019.51,45986.93,42602.3,42468.707
46033.84,46105.88,42611.92,42583.312
45848.89,45978.258,42677.02,42596.715
45850.13,45960.24,42385.85,42685.207
45921.58,45775.758,42380.13,42483.863
46078.15,45752.703,42355.36,42531.203
46025.93,45731.71,42455.03,42483.41
46068.54,45802.49,42269.04,42504.32
45844.21,46151.95,41893.7,42272.02
45906.79,46454.89,41647.45,42128.848
45902.47,46494.547,41763.56,41729.55
45770.94,46744.023,46115.59,41458.65
46182.07,47588.902,46630.3,40902.87
46514.35,47859.86,46856.4,40451.367
47082.48,48416.7,47172.33,40294.633
48536.549999999996,49097.8,47211.72,40349.5
49787.04,50533.434,43274.85,40208.92
50611.32,50867.42,48788.0,40385.66
51310.12,52386.438,48843.41,41457.71
52506.78,53184.598,48892.77,42196.195
53502.44,54467.695,49599.61,42924.867
54397.84,55126.777,50125.06,44078.703
54868.38,56049.242,50709.62,45611.812
55077.31999999999,56656.58,51142.48999999999,46945.938
55675.87000000001,57507.125,51628.59,48067.695
56110.1,57422.98,52034.479999999996,49027.0
56435.30000000001,57586.92,52460.27,50048.543
56722.64,57740.008,52864.399999999994,50798.824
57046.159999999996,58256.26,53561.85999999999,51475.594
57243.689999999995,58166.613,53848.69,51949.715
57127.67,58102.78,53412.219999999994,52366.19
56953.350000000006,57939.05,53655.5,52676.008
57291.2,58004.62,54545.04,52946.82
57028.43,57711.633,55043.44,53101.613
56909.31,57623.27,55418.15,53253.863
56673.62,57298.008,55632.579999999994,53238.305
56553.17,57206.754,55503.42,53299.23
56426.049999999996,56995.117,55645.44,53534.867
55766.87999999999,56683.617,55481.19000000001,53589.06
56091.75,56392.13,54905.36,53510.87
55923.65,56047.074,54359.73,53212.652
55321.78,56000.566,53917.52999999999,53064.855
54773.450000000004,55820.582,53774.06999999999,52995.645
54628.75,55226.684,53255.28,52696.387
54267.42,54797.742,52862.18,52166.3
53931.67,54590.64,52604.39,51632.91
53671.36,54326.176,52658.58,51224.207
53332.229999999996,54134.4,52240.9,50930.51
53434.75,54264.777,52505.94,50667.203
53382.25,54248.684,52582.49,50369.348
53492.530000000006,54527.914,52838.23,50535.254
54758.68,54966.16,52793.2,50783.453
55829.55,55428.19,53284.42,50972.027
57113.73000000001,56780.367,53822.33,51567.906
58220.55,57968.402,54654.9,52437.035
58646.26000000001,58990.492,55803.02,53449.312
58754.78,59416.35,56600.340000000004,54252.977
59053.32,59622.887,56999.43,55038.92
58957.9,59312.94,57142.17,55612.37
58754.909999999996,59063.62,57304.73,56150.82
58545.45,58281.707,57759.97,56039.49
58199.9,57845.258,57762.41,56073.42
57798.37000000001,57419.047,57439.11,56069.945
57649.74,56989.43,57306.47000000001,55980.402
57231.80999999999,56109.63,57522.22,55340.35
56567.06,55889.656,57289.0,55257.57
56095.99,55621.715,56754.04,55167.74
55296.13,55143.82,55871.76,54928.145
54132.590000000004,54255.297,55346.2,54237.406
53183.9,53848.3,54777.04,54015.598
52764.69000000001,53195.7,54006.07,53632.62
52337.98,52537.15,53423.100000000006,53194.76
51965.87,51767.625,53481.49,52551.11
51205.78,51625.56,53262.909999999996,52369.117
51029.71,51452.773,52821.81,52131.402
51341.44,50989.6,53181.10999999999,51707.734
51048.78,50484.074,53343.020000000004,51699.61
50192.25000000001,50050.45,52971.6,51845.707
49611.62,49862.027,52095.09,52103.55
49218.17,49202.547,51428.590000000004,51987.734
48375.55000000001,48190.56,50772.14000000001,51439.43
47683.62,47752.02,50134.01,51145.953
47062.13,47210.65,49521.47,50691.8
46740.33,46638.188,48943.09999999999,50113.17
46027.9,45848.555,46653.63,49278.41
45776.18,45575.145,46151.66,48737.84
45448.86,45225.633,45999.29,48095.207
44697.46,44984.562,45538.3,47502.645
44440.17,44380.855,45320.92,47211.234
43942.34,44059.773,45122.12,46922.785
43750.4,43796.562,45107.06,46679.887
43070.82,43535.555,44736.35,46418.82
43135.81,43174.26,44214.61,46092.11
42882.0,42891.293,44139.46,45842.965
42815.01,42814.51,44261.97,45736.996
42602.3,42789.516,44016.74,45689.094
42611.92,42645.58,43781.17,45591.008
42677.02,42630.086,43795.64,45647.832
42385.85,42574.31,44194.51,45719.793
42380.13,42600.703,44404.01,45913.977
42355.36,42377.977,44476.53,46099.043
42455.03,42283.363,44477.4,46437.15
42269.04,42098.473,45181.81,46773.844
41893.7,42010.04,45865.15,47254.637
41647.45,41886.25,47175.02,47975.406
41763.56,41672.08,47805.25,48679.55
46115.59,41409.945,48938.46,49412.812
46630.3,41622.414,50846.39000000001,50569.89
46856.4,44974.996,54695.22,54177.887
47172.33,46881.66,57584.27,57682.34
47211.72,46946.605,59833.18,60024.73
43274.85,47320.2,62296.55,62187.062
48788.0,47258.63,64038.35,65101.348
48843.41,45570.16,65540.81,65960.45
48892.77,47818.14,66725.51,67821.445
49599.61,49341.188,67290.18,69793.69
50125.06,49703.95,67162.75,71010.66
50709.62,50447.945,67251.0,71427.4
51142.48999999999,50841.47,66917.96,71217.125
51628.59,51149.938,66974.49,70573.62
52034.479999999996,51684.2,66803.5,70461.1
52460.27,52206.574,67359.36,69941.734
52864.399999999994,52678.918,67578.84,69409.945
53561.85999999999,53194.438,67845.02,69070.516
53848.69,53999.61,68389.46,69706.28
53412.219999999994,54593.79,68413.81,70059.95
53655.5,54802.91,68849.58,70191.64
54545.04,54481.7,68909.05,69999.36
55043.44,54687.367,68989.61,70587.99
55418.15,55213.13,69350.02,71189.375
55632.579999999994,55378.402,69657.1,71782.72
55503.42,55459.875,69811.46,72318.82
55645.44,55586.594,69634.36,73228.65
55481.19000000001,55462.395,69591.31,73533.54
54905.36,55210.418,69352.26,73577.46
54359.73,54921.51,69144.4,73464.195
53917.52999999999,54526.277,69153.9,73358.24
53774.06999999999,53966.094,69317.57,72772.2
53255.28,53338.52,69189.35,72073.22
52862.18,52973.934,68427.0,71519.66
52604.39,52658.44,68338.46,71070.21
52658.58,52279.47,68514.54,70468.59
52240.9,52053.74,68447.72,70061.38
52505.94,52267.176,68167.53,69904.664
52582.49,52541.49,67947.37,69706.695
52838.23,53130.48,67769.7,69736.48
52793.2,53781.13,67182.9,70040.195
53284.42,54553.273,66907.19,70463.79
53822.33,55076.89,66980.83,70483.39
54654.9,55538.17,67586.45,70612.33
55803.02,55887.08,67940.44,70902.99
56600.340000000004,56327.832,69031.17,71329.11
56999.43,56660.74,69081.2,71250.99
57142.17,57008.965,69348.38,71415.99
57304.73,57114.574,69234.99,71530.86
57759.97,57147.1,69143.02,71535.39
57762.41,56861.81,68634.79,70761.234
57439.11,57051.227,68377.76,70597.234
57306.47000000001,56866.074,68130.11,70528.61
57522.22,56591.418,67948.01,70278.82
57289.0,55962.703,67827.02,69365.06
56754.04,56053.93,67113.74,69062.42
55871.76,55841.938,66552.4,68805.06
55346.2,55712.12,65868.62,68445.41
54777.04,55075.223,64713.81,67251.36
54006.07,54870.86,63508.52,66523.16
53423.100000000006,54589.12,62898.54,65947.4
53481.49,54383.44,61889.56,65349.508
53262.909999999996,53755.43,62023.77,64111.473
52821.81,53716.15,61438.23,63451.793
53181.10999999999,53456.344,60147.26,62899.074
53343.020000000004,53118.066,59255.55,62211.812
52971.6,53056.547,59563.740000000005,61353.98
52095.09,52675.305,58891.1,60681.844
51428.590000000004,52156.14,57931.07000000001,59931.008
50772.14000000001,51379.98,57128.82,58919.316
50134.01,50471.63,55571.37000000001,57508.332
49521.47,49610.523,54405.15,56533.227
48943.09999999999,49050.08,53236.34999999999,55808.73
46653.63,48498.96,52493.53,55199.562
46151.66,47930.324,54783.86000000001,54460.09
45999.29,46463.715,54027.58,53266.91
45538.3,45800.977,53552.17,52572.883
45320.92,45600.57,52758.84,52363.867
45122.12,45707.094,51962.52,50645.543
45107.06,44989.938,51709.44999999999,49972.156
44736.35,45334.637,51164.28,49942.156
44214.61,45357.523,51123.94,49935.266
44139.46,45256.664,50910.5,49929.863
44261.97,44842.84,50752.19000000001,49727.188
44016.74,44595.965,50760.34,49616.836
43781.17,44560.027,50729.13,49626.824
43795.64,44467.652,50774.71,49620.95
44194.51,44188.09,50654.2,49509.824
44404.01,44207.375,50670.74999999999,49523.586
44476.53,44629.91,51146.34,49741.547
44477.4,45431.574,51618.58999999999,50089.55
45181.81,46040.395,51955.07,50468.207
45865.15,46738.94,52438.43,50830.87
47175.02,47978.598,52862.89,51377.234
47805.25,49688.82,54203.12,52099.652
48938.46,51494.277,54981.67,53179.09
50846.39000000001,52935.03,56037.45,54136.758
54695.22,54755.395,57474.66000000001,55080.973
57584.27,57187.43,59906.85,56288.25
59833.18,59927.902,61909.94,58311.28
62296.55,62150.285,63946.9,60408.305
64038.35,63454.17,65715.34,62142.266
65540.81,64715.45,66804.99,64044.676
66725.51,65494.723,67958.09,65781.33
67290.18,66124.52,68572.31,67153.3
67162.75,66689.445,69085.69,68285.555
67251.0,67436.09,70014.07,69509.74
66917.96,67564.984,70195.4,70134.086
66974.49,67572.914,70326.67,70298.984
66803.5,67410.42,70098.17,70038.2
67359.36,67620.59,69894.05,70003.055
67578.84,67695.76,70038.51,69762.89
67845.02,67900.44,70227.16,69562.82
68389.46,68137.68,70306.78,69462.94
68413.81,68644.734,70822.88,69730.82
68849.58,69048.57,70813.98,69957.04
68909.05,69041.38,70866.28,69928.67
68989.61,69130.234,71128.31,69967.69
69350.02,69360.64,71016.68,70228.31
69657.1,69424.06,71150.61,70361.88
69811.46,69353.59,71248.32,70382.42
69634.36,69360.97,71286.18,70470.97
69591.31,69504.62,71533.2,70695.46
69352.26,69433.266,71306.45,70748.22
69144.4,69147.74,71343.41,70623.336
69153.9,68872.47,71058.76,70427.914
69317.57,68781.734,71166.07,70288.766
69189.35,68746.336,70963.51,70154.555
68427.0,68649.59,70599.23,69993.7
68338.46,68579.875,69791.81,69908.914
68514.54,68224.586,69655.97,69668.016
68447.72,67965.375,69487.93,69406.39
68167.53,67976.93,69520.86,69353.96
67947.37,68004.45,69344.68,69348.516
67769.7,68095.59,69431.58,69279.125
67182.9,68048.516,69235.84,69120.79
66907.19,68147.305,69049.93,69085.88
66980.83,68017.52,68994.12,68980.55
67586.45,67958.12,69599.82,68780.914
67940.44,68106.516,70003.51,68723.16
69031.17,68485.8,70951.61,68826.14
69081.2,68797.18,71832.32,68956.836
69348.38,69016.24,72959.3,69024.695
69234.99,69010.23,73097.02,69154.56
69143.02,68861.54,73280.0,69286.85
68634.79,68602.75,73345.58,69389.51
68377.76,67897.51,72758.37,69058.8
68130.11,67459.44,72149.46,68947.9
67948.01,66998.734,71996.29,68819.08
67827.02,66525.31,71838.6,68658.54
67113.74,65577.445,71594.75,68008.24
66552.4,65243.426,71013.1,67719.78
65868.62,64563.977,70429.7,67241.04
64713.81,63912.457,69907.01,66657.38
63508.52,62807.53,68582.0,65597.98
62898.54,62121.957,67484.01,64717.74
61889.56,61251.637,66605.3,63753.273
62023.77,60685.938,65888.93,62960.652
61438.23,59643.645,64908.59,61790.977
60147.26,59466.48,64376.62999999999,61191.227
59255.55,59026.074,63349.18,60626.758
59563.740000000005,58205.434,62406.62999999999,59875.438
58891.1,57278.516,62411.99,58999.13
57931.07000000001,56786.406,61593.72,58423.09
57128.82,56371.29,60610.53,58017.02
55571.37000000001,55682.062,59566.84999999999,57424.734
54405.15,54760.414,58281.59999999999,56540.77
53236.34999999999,53728.406,56992.06,55598.414
52493.53,52752.06,56254.24,54694.62
54783.86000000001,51809.973,55723.549999999996,53835.11
54027.58,50880.918,54400.78,52964.79
53552.17,51721.93,53810.05999999999,53371.043
52758.84,51998.05,53372.22000000001,53532.69
51962.52,51768.65,52939.16,53388.203
51709.44999999999,51451.062,52499.88,52540.816
51164.28,50670.535,52142.420000000006,51751.043
51123.94,50504.67,51849.39,51515.766
50910.5,50286.652,51452.12,51342.758
50752.19000000001,50194.51,50678.72,51324.785
50760.34,50156.113,50443.26,51276.46
50729.13,50117.367,50667.71,51270.277
50774.71,50148.48,50673.03999999999,51341.305
50654.2,50255.58,50682.59,51476.43
50670.74999999999,50354.387,50541.16,51643.734
51146.34,50438.836,50780.33,51785.004
51618.58999999999,50560.742,50999.85,51941.574
51955.07,51177.73,52106.48,52356.332
52438.43,51871.734,52335.97,52927.652
52862.89,52605.566,52917.79000000001,53520.633
54203.12,53441.414,53292.600000000006,54124.715
54981.67,54617.656,54696.95,54797.97
56037.45,55991.69,55108.240000000005,55751.426
57474.66000000001,57181.746,56290.93,56666.867
59906.85,58407.87,57743.11,57571.55
61909.94,60256.473,60675.21,58778.992
63946.9,61938.324,63137.99999999999,60258.2
65715.34,63366.51,64834.24999999999,61815.637
66804.99,64577.562,66801.41,63305.926
67958.09,65634.75,68840.98,64854.33
68572.31,66167.336,69882.34,66258.016
69085.69,66719.61,70831.85,67381.94
70014.07,67131.24,71145.89,68201.49
70195.4,67779.68,70683.39,69182.36
70326.67,68396.484,70835.93,69979.67
70098.17,68744.97,70903.23,70357.35
69894.05,68924.375,71089.99,70404.73
70038.51,69200.26,70995.8,70529.57
70227.16,69301.34,71083.09,70405.195
70306.78,69332.516,71152.75,70137.04
70822.88,69465.51,71175.14,69968.46
70813.98,69897.25,71128.57,70211.23
70866.28,70268.37,70949.22,70434.53
71128.31,70312.76,70780.26,70440.945
71016.68,70277.516,71091.41,70402.945
71150.61,70542.48,71310.48,70696.914
71248.32,70635.516,71576.89,70879.54
71286.18,70529.51,71455.46,70896.6
71533.2,70443.3,71494.81,70909.05
71306.45,70506.914,70681.53,71040.16
71343.41,70586.625,70507.52,71137.16
71058.76,70363.766,70553.08,71004.83
71166.07,70201.51,70617.81,70854.195
70963.51,70127.95,70764.15,70735.016
70599.23,70099.914,70150.97,70612.9
69791.81,69791.945,69465.53,70357.01
69655.97,69412.625,68876.16,70101.62
69487.93,68997.555,68971.55,69819.45
69520.86,68625.336,68845.61,69549.82
69344.68,68394.2,68747.53,69412.65
69431.58,68413.19,68635.25,69419.69
69235.84,68600.37,69195.68,69466.79
69049.93,68800.734,68899.43,69499.72
68994.12,69036.18,68850.44,69600.54
69599.82,69211.48,68801.99,69677.8
70003.51,69455.16,68703.97,69691.63
70951.61,69958.68,69102.21,69889.82
71832.32,70419.37,70125.41,70184.21
72959.3,71000.2,71465.66,70632.66
73097.02,71175.74,72267.22,70842.12
73280.0,71626.375,72759.26,71352.55
73345.58,71754.04,72885.34,71777.02
72758.37,71748.13,72942.18,72145.94
72149.46,71283.11,72623.87,72065.83
71996.29,70994.99,72518.73,72104.84
71838.6,70434.74,72376.62,71918.305
71594.75,69909.016,72354.92,71658.31
71013.1,68980.8,71949.19,70935.8
70429.7,68518.875,71112.38,70444.16
69907.01,67926.22,70310.75,69871.94
68582.0,67355.34,69770.19,69222.11
67484.01,66406.76,68661.12,68182.18
66605.3,65657.74,67597.91,67304.76
65888.93,64894.086,66526.81,66455.4
64908.59,64171.504,65697.34,65668.91
64376.62999999999,63221.94,64993.36,64623.887
63349.18,62469.44,64522.70999999999,63820.805
62406.62999999999,61793.164,63499.54,63141.555
62411.99,60969.004,62874.329999999994,62427.836
61593.72,60313.973,62544.28,61553.08
60610.53,59560.758,61881.71000000001,60789.66
59566.84999999999,58988.984,60755.05999999999,60182.94
58281.59999999999,58250.06,60188.6,59470.984
56992.06,57230.5,59461.93,58443.01
56254.24,56264.918,58317.08000000001,57504.3
55723.549999999996,55294.387,57158.15,56552.75
54400.78,54531.44,56596.310000000005,55750.29
53810.05999999999,53890.49,55961.53999999999,54982.26
53372.22000000001,53042.57,55175.27,54151.34
52939.16,52504.543,54650.2,53517.438
52499.88,52146.605,54251.79,53059.906
52142.420000000006,51763.43,54044.19,52457.293
51849.39,51476.773,53749.44999999999,52093.62
51452.12,51289.164,53272.39,51873.74
50678.72,51164.848,52905.8,51745.742
50443.26,50943.535,52867.56,51633.547
50667.71,50470.2,52423.43,51330.684
50673.03999999999,50144.492,52531.8,51131.418
50682.59,50087.035,52451.12,51163.777
50541.16,50133.52,52438.19,51264.266
50780.33,50114.383,52433.07,51388.953
50999.85,50095.02,52701.5,51509.5
52106.48,50333.53,52783.87999999999,51734.805
52335.97,50938.75,53126.69999999999,52066.477
52917.79000000001,52056.656,53172.13,52859.086
53292.600000000006,53098.996,53502.58,53638.918
54696.95,54270.715,53758.91000000001,54433.656
55108.240000000005,55840.387,55390.28,55214.824
56290.93,57576.684,56354.99,56353.03
57743.11,58828.773,57683.85,57265.773
60675.21,60103.77,58908.65,58081.99
63137.99999999999,62091.277,61571.84,59266.03
64834.24999999999,63954.27,64249.83,60932.434
66801.41,65481.277,66048.11,62735.344
68840.98,66388.07,67867.77,64327.37
69882.34,67340.1,69613.59,66060.555
70831.85,68032.22,70875.39,67677.72
71145.89,68624.47,71842.56,69106.67
70683.39,69099.26,71977.52,70194.89
70835.93,69753.1,72204.33,71299.914
70903.23,69944.61,72476.89,71853.53
71089.99,70038.36,72678.59,71965.7
70995.8,70084.34,72855.32,71766.99
71083.09,70336.78,72940.11,71717.52
71152.75,70537.51,73013.36,71520.42
71175.14,70551.16,73133.6,71137.53
71128.57,70620.81,73216.31,70854.3
70949.22,70872.88,72981.17,70923.63
70780.26,71076.26,73113.89,70993.14
71091.41,70900.664,72845.83,70826.75
71310.48,70706.984,73119.51,70652.734
71576.89,70834.96,72576.28,70809.11
71455.46,71106.625,72946.88,71083.05
71494.81,71064.39,73335.27,71142.31
70681.53,70918.94,73375.02,71117.12
70507.52,70879.03,72446.47,71184.69
70553.08,70597.586,72539.82,71054.69
70617.81,70084.086,72189.04,70671.29
70764.15,69846.805,72111.7,70432.83
70150.97,69880.42,71818.6,70348.33
69465.53,69965.97,71988.1,70330.31
68876.16,69519.47,71740.66,70033.81
68971.55,68921.67,71247.56,69638.07
68845.61,68441.99,71391.4,69293.12
68747.53,68206.59,71241.44,69105.875
68635.25,68033.71,71149.67,69030.766
69195.68,67984.31,71079.92,69042.484
68899.43,68230.46,71305.96,69133.484
68850.44,68583.266,70803.79,69264.266
68801.99,68816.414,70453.89,69362.88
68703.97,69034.28,70738.73,69446.12
69102.21,69357.35,71299.59,69511.63
70125.41,69435.055,72015.54,69466.15
71465.66,69795.98,72680.19,69609.46
72267.22,70353.8,73956.03,70012.34
72759.26,70810.375,74595.66,70370.05
72885.34,71194.375,74616.54,70920.75
72942.18,71354.086,74996.61,71403.88
72623.87,71336.61,75320.45,71831.74
72518.73,70923.375,75155.74,71803.59
72376.62,70768.6,74725.01,71948.67
72354.92,70487.38,74669.88,71948.71
71949.19,70171.4,74565.7,71840.07
71112.38,69379.28,73648.1,71240.74
70310.75,68876.82,72766.39,70757.08
69770.19,68122.47,72188.26,70127.16
68661.12,67392.56,71626.33,69437.73
67597.91,66404.58,70032.06,68407.59
66526.81,65711.89,68998.27,67554.78
65697.34,64934.91,67945.42,66715.164
64993.36,64182.1,66938.78,65873.625
64522.70999999999,63141.113,66223.97,64719.324
63499.54,62481.41,65377.4,63855.3
62874.329999999994,61889.47,64753.3,63132.453
62544.28,61126.953,63815.399999999994,62351.31
61881.71000000001,60509.562,63825.00000000001,61552.27
60755.05999999999,59785.62,63293.93000000001,60771.125
60188.6,59243.047,62262.16,60183.69
59461.93,58483.703,60881.299999999996,59443.76
58317.08000000001,57662.684,59979.59,58512.555
57158.15,57006.273,58844.3,57778.477
56596.310000000005,56303.773,58149.24999999999,57023.332
55961.53999999999,55447.6,57111.87,56179.027
55175.27,54583.387,56441.82,55368.113
54650.2,54054.383,56127.96,54794.945
54251.79,53537.094,55648.51999999999,54292.945
54044.19,53119.996,55215.69,53885.707
53749.44999999999,52548.2,54696.71,53637.957
53272.39,52535.684,54395.58,53518.02
52905.8,52359.535,53948.77,53321.03
52867.56,52154.25,54099.07,53145.074
52423.43,51924.473,53459.59,52991.402
52531.8,51833.094,53501.74,52906.766
52451.12,51653.45,53408.14,52808.555
52438.19,51631.47,53424.22,52826.504
52433.07,51662.2,53623.37000000001,52859.3
52701.5,51623.69,53520.82,52898.58
52783.87999999999,51658.023,53524.25,53003.78
53126.69999999999,51936.742,53779.56999999999,53240.15
53172.13,52509.15,53951.99,53524.918
53502.58,53130.082,54009.13,53905.363
53758.91000000001,53781.203,54595.14000000001,54259.7
55390.28,54652.035,55157.509999999995,54702.598
56354.99,55971.2,56024.100000000006,55139.156
57683.85,57800.94,56544.27,56186.75
58908.65,59413.36,57558.69,57196.93
61571.84,60987.234,59153.33999999999,58223.836
64249.83,62744.12,62124.85999999999,59182.92
66048.11,64546.445,64290.15,60675.812
67867.77,66180.71,66326.4,62464.902
69613.59,67238.08,68101.31,64150.117
70875.39,68234.75,70651.08,65990.81
71842.56,68858.08,71832.17,67667.2
71977.52,69347.91,72857.95,68962.53
72204.33,69878.11,73232.6,70115.83
72476.89,70417.67,73281.82,71279.484
72678.59,70735.36,73626.6,72089.79
72855.32,70951.63,73832.3,72442.47
72940.11,71090.016,73628.79,72412.3
73013.36,71366.28,73087.95,72448.445
73133.6,71674.22,73187.45,72397.95
73216.31,71778.24,73683.82,72122.82
72981.17,71898.52,73629.64,71898.72
73113.89,72204.67,73215.46,72030.6
72845.83,72377.89,73535.39,72139.82
73119.51,72287.914,73599.8,72021.29
72576.28,72123.33,73877.04,71868.65
72946.88,72233.49,73961.04,72054.11
73335.27,72181.164,74006.83,72176.06
73375.02,72058.1,74035.28,72158.36
72446.47,72125.72,73803.03,72275.45
72539.82,72141.27,72777.95,72471.76
72189.04,71871.61,72086.5,72442.695
72111.7,71490.56,71929.5,72208.016
71818.6,71237.37,72000.61,71961.06
71988.1,71141.04,72440.76,71824.55
71740.66,71029.695,71779.42,71662.03
71247.56,70820.016,71639.11,71452.836
71391.4,70588.58,70844.47,71232.17
71241.44,70307.75,70709.92,70982.29
71149.67,70235.875,70476.47,70767.34
71079.92,70131.195,70477.32,70622.875
71305.96,70125.72,70173.27,70525.31
70803.79,70396.35,70554.45,70571.664
70453.89,70525.17,69968.87,70532.59
70738.73,70590.42,69960.87,70472.05
71299.59,70542.92,69924.83,70356.375
72015.54,70886.03,71010.36,70425.79
72680.19,71250.15,71577.7,70575.99
73956.03,71881.65,72382.41,70985.9
74595.66,72355.52,72903.13,71459.85
74616.54,72620.055,73154.48,71877.63
74996.61,72891.016,73087.71,72418.44
75320.45,72874.35,72819.52,72849.44
75155.74,72927.09,72609.46,73275.6
74725.01,72590.73,72004.41,73240.516
74669.88,72533.72,71564.66,73340.74
74565.7,72215.98,71404.11,73201.03
73648.1,71936.516,71452.09,72985.09
72766.39,71183.07,69994.88,72237.75
72188.26,70566.94,69368.61,71576.83
71626.33,69718.805,68592.0,70747.53
70032.06,69070.14,67744.94,70018.16
68998.27,68115.05,66487.68,68905.17
67945.42,67213.85,65451.490000000005,67879.164
66938.78,66327.46,64615.969999999994,66887.83
66223.97,65507.836,63705.170000000006,65985.32
65377.4,64374.06,62678.35,64712.324
64753.3,63679.664,62147.89000000001,63749.62
63815.399999999994,62835.637,61276.59,62777.613
63825.00000000001,62175.453,60791.51,61968.78
63293.93000000001,61281.375,59703.92,61223.42
62262.16,60639.734,58902.05999999999,60671.098
60881.299999999996,60175.027,58075.77,60296.11
59979.59,59530.38,57190.189999999995,59744.88
58844.3,58446.004,56584.63999999999,58717.2
58149.24999999999,57584.605,55345.61,57799.105
57111.87,56765.168,54898.06,56955.066
56441.82,56119.594,54126.59,56249.727
56127.96,55249.164,53468.44,55414.32
55648.51999999999,54695.44,52825.18,54796.766
55215.69,54371.19,52299.21,54395.266
54696.71,54152.46,51768.06,54123.496
54395.58,53832.676,50803.49,53985.652
53948.77,53696.227,50272.43,53429.69
54099.07,53559.87,50029.20999999999,52908.23
53459.59,53375.97,49670.25,52392.3
53501.74,53467.875,49038.79,52155.242
53408.14,53227.473,48704.03,51669.438
53424.22,53194.52,48586.44,51382.844
53623.37000000001,53170.426,48641.91,51117.914
53520.82,53254.47,48072.38,50914.152
53524.25,53378.445,47851.240000000005,50758.74
53779.56999999999,53482.83,47857.98000000001,50569.582
53951.99,53641.727,47882.880000000005,50381.88
54009.13,54286.03,47646.6,50240.164
54595.14000000001,54814.47,47684.58,50215.027
55157.509999999995,55375.742,48003.8,50122.48
56024.100000000006,56308.86,48315.9,50177.02
56544.27,57771.492,48386.38,50007.39
57558.69,59005.37,48309.25,50197.81
59153.33999999999,60005.0,48082.799999999996,50169.32
62124.85999999999,61146.332,48328.34,50216.086
64290.15,63154.55,48905.509999999995,50205.066
66326.4,65268.277,49418.51999999999,50957.56
68101.31,66935.305,49578.97,51744.32
70651.08,68207.32,50462.16,52460.645
71832.17,69710.625,51939.55,53091.266
72857.95,70497.8,52629.23,54133.312
73232.6,71194.86,53326.63999999999,54915.527
73281.82,71615.516,53994.19,55606.91
73626.6,72138.55,54930.88999999999,56098.312
73832.3,72026.516,55638.17,56747.926
73628.79,72087.13,56131.79000000001,57590.688
73087.95,72137.164,56962.56,58360.24
73187.45,72375.36,57643.35999999999,58917.066
73683.82,72093.984,58173.93,59432.582
73629.64,72031.1,58822.96000000001,60079.906
73215.46,72225.945,59366.96,60748.445
73535.39,72541.945,59653.3,61295.477
73599.8,72346.48,59782.04,61710.992
73877.04,72339.336,60096.66999999999,62112.566
73961.04,72319.72,60664.97000000001,62370.387
74006.83,72670.555,61029.73,62535.18
74035.28,72710.38,60893.68000000001,62743.113
73803.03,72644.08,61272.54,62885.895
72777.95,72546.85,61457.46,62914.96
72086.5,72582.84,60809.1,62814.074
71929.5,72027.48,60514.86000000001,62620.38
72000.61,71398.36,59951.74,62222.227
72440.76,71046.164,60043.259999999995,61876.848
71779.42,71136.516,59911.149999999994,61627.676
71639.11,71269.91,59136.18,61620.62
70844.47,70831.49,58598.59,61400.45
70709.92,70433.89,57938.62000000001,61117.332
70476.47,70042.055,57531.95,60559.125
70477.32,69804.22,56833.84,60007.785
70173.27,69758.305,56751.99,59820.082
70554.45,69881.46,56629.71,59769.793
69968.87,70108.445,57315.06,59691.652
69960.87,70577.055,57209.09,59770.37
69924.83,70649.414,57082.57,59868.527
71010.36,70892.51,57233.850000000006,60040.438
71577.7,71140.3,57999.55,60230.95
72382.41,71988.02,58863.57,60707.152
72903.13,72601.59,59702.79,61328.164
73154.48,73031.65,60448.58,61971.36
73087.71,72804.69,61361.98999999999,62412.055
72819.52,72603.05,61405.46,62870.53
72609.46,72158.805,61940.16,63218.203
72004.41,71601.05,61975.38,63382.723
71564.66,70587.28,61916.58,63119.64
71404.11,70008.78,61644.28,63008.77
71452.09,69466.49,61557.32,62763.61
69994.88,69091.76,61615.81,62538.79
69368.61,68367.62,60671.28999999999,62062.363
68592.0,67655.33,59641.81,61571.348
67744.94,66909.836,59108.850000000006,60941.414
66487.68,66332.766,58610.409999999996,60346.84
65451.490000000005,65022.395,56816.27,59437.605
64615.969999999994,64375.504,55725.23,58789.598
63705.170000000006,63548.89,55017.3,57982.348
62678.35,62934.035,54222.92,57321.383
62147.89000000001,61693.55,53514.83,56493.5
61276.59,61277.117,53431.909999999996,55871.516
60791.51,60763.836,52948.28999999999,55212.805
59703.92,60125.66,52439.6,54506.688
58902.05999999999,59172.36,52493.19,54399.695
58075.77,58044.06,51922.14,53983.086
57190.189999999995,57079.168,51430.16000000001,53520.113
56584.63999999999,56152.438,50459.37,52916.12
55345.61,54772.32,50020.16999999999,52081.8
54898.06,54242.36,49033.18,51507.074
54126.59,53302.715,48753.43,50631.645
53468.44,52796.41,48041.28,50082.273
52825.18,51889.098,46491.76,49368.246
52299.21,51504.582,45176.47,48841.082
51768.06,51021.34,44515.29,48290.69
50803.49,50674.734,44065.97,47859.395
50272.43,49979.66,44038.57,47006.867
50029.20999999999,49676.797,43537.67,46339.62
49670.25,49162.53,43102.01,45751.86
49038.79,48980.48,42538.2,45491.523
48704.03,48621.293,42071.03,45141.27
48586.44,48298.258,42151.97,44821.91
48641.91,48031.188,42033.67,44605.645
48072.38,47973.527,41828.67,44545.223
47851.240000000005,47915.56,42142.06,44417.12
47857.98000000001,47701.957,42031.22,44304.457
47882.880000000005,47437.5,42302.3,44196.523
47646.6,47405.86,42531.23,44241.258
47684.58,47411.547,43423.75,44142.484
48003.8,47386.652,43587.51,44201.2
48315.9,47358.65,43794.77,44211.676
48386.38,47671.176,43435.32,44385.773
48309.25,48335.27,43727.31,44289.78
48082.799999999996,48707.887,43955.78,44314.97
48328.34,48859.156,43979.32,44160.46
48905.509999999995,48949.48,43611.39,43873.367
49418.51999999999,49798.836,43526.27,43385.633
49578.97,50655.598,43804.38,43340.93
50462.16,51532.676,44539.4,43426.105
51939.55,52071.418,44615.9,43462.816
52629.23,53573.176,45582.85,43543.094
53326.63999999999,54177.76,46300.39,44116.492
53994.19,55201.65,46736.22,44979.66
54930.88999999999,55655.92,47364.9,45620.4
55638.17,56849.67,48798.149999999994,46380.805
56131.79000000001,57294.35,49173.81,47323.723
56962.56,57935.93,49812.91,48591.074
57643.35999999999,58275.348,50868.13,49587.824
58173.93,59372.914,52206.1,50710.84
58822.96000000001,59646.64,52759.01999999999,51519.2
59366.96,59869.75,53705.44,52419.242
59653.3,60150.344,54354.03,53288.395
59782.04,60918.824,55448.10999999999,54211.055
60096.66999999999,60798.465,55921.57,54564.957
60664.97000000001,60589.66,56123.5,54917.72
61029.73,60556.734,56656.57000000001,55416.848
60893.68000000001,61155.633,57174.719999999994,56031.57
61272.54,61152.32,57733.88999999999,56240.6
61457.46,60840.395,58234.259999999995,56256.164
60809.1,60743.363,58481.68,56509.273
60514.86000000001,61024.76,58563.76,56756.57
59951.74,60349.977,58485.86000000001,56468.71
60043.259999999995,59800.355,58087.78,56093.293
59911.149999999994,59177.215,57727.579999999994,55720.367
59136.18,59317.195,57330.88,55439.484
58598.59,59120.594,56877.29,54850.312
57938.62000000001,58367.74,56790.27,54327.168
57531.95,57737.56,56497.99,54011.527
56833.84,57456.883,56241.36,53706.902
56751.99,57028.016,55974.719999999994,53211.594
56629.71,56549.613,55344.89,52849.688
57315.06,56561.34,54892.32,52769.02
57209.09,56960.79,54707.53,52688.883
57082.57,57723.35,54198.240000000005,52753.824
57233.850000000006,58070.36,54354.28,52964.574
57999.55,58230.062,54428.02,53313.9
58863.57,58684.875,55059.2,53749.38
59702.79,59636.438,55877.63,54308.137
60448.58,60512.17,56581.770000000004,55058.348
61361.98999999999,61176.52,57767.65,55957.086
61405.46,61181.434,58188.72,56607.09
61940.16,61575.56,58653.92,57545.09
61975.38,61287.105,58647.37,58302.945
61916.58,61045.836,58978.1,59058.41
61644.28,60294.75,59152.8,59128.91
61557.32,59966.43,59069.2,59360.33
61615.81,59469.24,58417.689999999995,59419.84
60671.28999999999,59117.047,58206.13,59392.508
59641.81,58460.652,57910.15,58639.617
59108.850000000006,57937.836,57648.24,58169.734
58610.409999999996,57131.562,57000.06,57555.492
56816.27,56706.28,56650.35,57129.61
55725.23,55814.523,55792.94,56212.805
55017.3,54919.62,55103.83,55588.07
54222.92,54101.062,54210.46,54995.42
53514.83,53720.676,53509.51999999999,54637.53
53431.909999999996,52763.27,53568.63999999999,53836.902
52948.28999999999,52590.426,53392.17999999999,53586.86
52439.6,52588.715,53198.37,53479.004
52493.19,52387.246,53111.16,53213.113
51922.14,51564.945,53658.84,53045.176
51430.16000000001,50987.773,53491.13,53034.215
50459.37,50547.78,52780.79,53074.348
50020.16999999999,49956.9,51747.07,52873.832
49033.18,48682.805,50732.25,52070.902
48753.43,48141.67,49663.799999999996,51627.22
48041.28,47470.98,48874.689999999995,51050.246
46491.76,47105.918,48873.9,50567.312
45176.47,46326.35,48571.93,49760.098
44515.29,45404.117,48241.729999999996,48800.598
44065.97,44476.64,47548.02,47764.51
44038.57,43961.785,47276.76,47025.145
43537.67,43556.508,46614.01,46458.305
43102.01,43604.11,46593.22,46361.82
42538.2,43449.91,46008.62,46122.46
42071.03,43123.938,45875.11,45796.168
42151.97,42554.6,45695.35,45325.637
42033.67,42287.22,45614.46,45073.387
41828.67,42312.957,45775.38,45025.793
42142.06,42290.453,46387.66,45012.27
42031.22,42041.832,46462.3,44933.97
42302.3,42269.793,45997.63,45231.594
42531.23,42241.36,46558.53,45404.32
43423.75,42336.54,47154.52,45748.465
43587.51,42424.55,47881.8,46268.254
43794.77,43085.52,48105.43,47246.4
43435.32,43230.152,48568.26,47983.598
43727.31,43308.36,49412.74,48772.203
43955.78,43053.434,50798.509999999995,49701.324
43979.32,43316.832,52068.0,50945.598
43611.39,43585.715,53230.270000000004,52302.2
43526.27,43990.336,54675.19,53729.15
43804.38,44168.746,57516.93,55596.27
44539.4,44431.84,60144.93,57384.113
44615.9,44926.895,62179.19,59079.074
45582.85,45745.066,63889.39,61017.84
46300.39,45802.688,66741.11,64000.5
46736.22,47039.42,68409.71,66308.26
47364.9,47942.215,69866.32,68083.336
48798.149999999994,48650.332,70384.74,69124.445
49173.81,49509.16,70749.06,70380.74
49812.91,50671.12,71218.91,71229.33
50868.13,51157.047,71324.12,71191.016
52206.1,51608.69,71187.86,70664.62
52759.01999999999,52757.84,70742.55,70937.81
53705.44,53765.49,70943.68,71056.97
54354.03,54408.56,70896.62,70886.07
55448.10999999999,55205.12,71312.77,70850.34
55921.57,56277.688,72027.04,71736.42
56123.5,57031.543,72148.77,72231.95
56656.57000000001,57380.56,72390.5,72477.68
57174.719999999994,57445.414,72429.45,72434.41
57733.88999999999,57979.863,72132.77,73119.15
58234.259999999995,58198.83,72240.53,73400.016
58481.68,58321.723,72359.43,73565.516
58563.76,58479.996,72251.72,73809.49
58485.86000000001,58670.555,72217.29,74425.63
58087.78,58491.938,71600.52,74472.83
57727.579999999994,58075.098,72466.28,74280.51
57330.88,57602.953,71845.49,73968.055
56877.29,57250.5,72421.4,73885.88
56790.27,56820.543,72312.52,73476.99
56497.99,56186.54,71823.7,73035.72
56241.36,55969.656,71045.37,72731.32
55974.719999999994,55740.863,71355.2,72633.58
55344.89,55555.168,71368.56,72493.89
54892.32,55377.305,71185.72,72473.414
54707.53,55337.57,70623.34,72387.72
54198.240000000005,55550.535,70537.74,72211.16
54354.28,55838.14,70162.25,72166.68
54428.02,56072.11,70142.59,72222.586
55059.2,56936.344,70121.62,72500.414
55877.63,57459.297,70322.46,72588.74
56581.770000000004,58422.453,70920.07,72949.32
57767.65,59043.055,71394.39,73547.46
58188.72,59625.953,71968.55,73962.06
58653.92,59793.78,72647.22,73697.06
58647.37,59741.234,72985.1,73516.63
58978.1,59562.973,73098.93,73363.81
59152.8,59249.97,72948.92,73095.74
59069.2,58795.23,72639.87,72190.26
58417.689999999995,58771.168,72378.6,71979.17
58206.13,58396.105,72317.53,71859.2
57910.15,57909.6,71713.65,71498.61
57648.24,57139.285,71228.75,70412.1
57000.06,56986.848,70359.97,69919.37
56650.35,56622.867,69715.46,69509.58
55792.94,56383.758,69113.94,68976.14
55103.83,55836.07,67789.43,67844.43
54210.46,55773.305,66538.34,67121.84
53509.51999999999,55414.44,65822.09,66450.67
53568.63999999999,55217.875,64632.68000000001,65748.72
53392.17999999999,54546.312,63686.149999999994,64473.355
53198.37,54717.75,62522.77,63923.84
53111.16,54457.83,61415.80000000001,63477.773
53658.84,54207.074,60586.73,62948.027
53491.13,53851.023,60358.00000000001,62136.703
52780.79,53519.78,59163.25,61475.242
51747.07,53037.2,57911.77,60884.688
50732.25,52255.074,56825.24999999999,59993.484
49663.799999999996,51047.79,55810.08,58540.824
48874.689999999995,50047.535,54907.09,57371.438
48873.9,49092.156,54207.19,56340.39
48571.93,48367.832,53996.87,55457.547
48241.729999999996,47931.605,53120.73,54741.242
47548.02,47723.78,52909.439999999995,54386.344
47276.76,47604.812,52798.97000000001,54096.74
46614.01,47273.312,51858.73999999999,53715.848
46593.22,46991.016,51011.96000000001,52482.05
46008.62,46268.797,50577.5,51780.34
45875.11,46625.28,50175.84,51379.363
45695.35,46417.25,49771.520000000004,50987.254
45614.46,46268.973,49026.85999999999,50847.09
45775.38,46146.043,48912.23,50793.65
46387.66,46051.7,49048.03,50818.676
46462.3,46102.21,49325.670000000006,50966.113
45997.63,46518.16,49566.8,51360.87
46558.53,46799.22,49431.95,51645.574
47154.52,46762.414,49662.86,51697.66
47881.8,47255.863,49776.01,51946.902
48105.43,48310.848,50805.380000000005,52440.844
48568.26,49434.348,51259.67,53096.27
49412.74,50529.926,51529.16000000001,53721.87
50798.509999999995,51727.613,51840.28999999999,54354.297
52068.0,53575.746,54072.88,55233.312
53230.270000000004,55476.098,54614.76,56340.09
54675.19,57303.586,55276.96,57525.562
57516.93,58839.984,56742.15,58607.543
60144.93,60751.457,60002.1,59880.984
62179.19,62714.547,62139.14,61512.965
63889.39,64506.906,64228.74,63265.83
66741.11,65704.88,65900.32,64837.582
68409.71,66593.55,67438.55,66575.08
69866.32,67893.3,68403.75,68666.01
70384.74,68660.3,69162.24,70241.39
70749.06,69387.26,69603.28,71547.55
71218.91,70140.06,69895.19,72832.23
71324.12,70469.01,70301.2,73445.78
71187.86,70733.32,70215.16,73570.945
70742.55,70857.305,70693.08,73324.984
70943.68,71121.555,70946.87,73231.79
70896.62,71031.51,71166.18,72734.35
71312.77,71062.086,71434.71,72303.85
72027.04,71127.04,71652.81,72009.59
72148.77,71670.12,71708.15,72298.805
72390.5,72087.97,71756.13,72549.45
72429.45,72227.164,71611.22,72635.86
72132.77,72288.695,71460.44,72702.77
72240.53,72487.53,71089.64,73025.85
72359.43,72423.05,71231.88,73091.45
72251.72,72207.21,71501.92,73060.73
72217.29,72092.305,71168.92,73097.23
71600.52,72062.59,71115.65,73243.55
72466.28,71891.18,70863.27,73205.734
71845.49,71347.055,70753.39,72908.84
72421.4,71375.34,70838.53,72884.41
72312.52,71322.88,71017.77,72841.65
71823.7,71394.88,70921.22,72766.7
71045.37,71332.125,70406.43,72652.83
71355.2,70912.555,70277.77,72362.05
71368.56,70555.086,70633.76,72069.234
71185.72,70440.055,70556.56,71902.2
70623.34,70488.56,70168.06,71902.87
70537.74,70491.15,70238.45,71917.234
70162.25,70425.8,69718.14,71844.875
70142.59,70409.734,69584.53,71766.36
70121.62,70421.89,69441.98,71733.586
70322.46,70568.05,69424.55,71784.84
70920.07,70675.22,70134.91,71739.84
71394.39,70863.84,70819.79,71788.57
71968.55,71267.914,72004.43,72059.336
72647.22,71637.12,72991.66,72387.73
72985.1,71482.91,74047.59,72384.82
73098.93,71672.42,74691.03,72680.03
72948.92,71624.51,74691.79,72974.23
72639.87,71548.875,74986.08,73245.984
72378.6,70920.68,74920.95,73040.97
72317.53,70623.52,74652.53,73022.26
71713.65,70194.58,74492.44,72923.81
71228.75,69812.15,74636.45,72770.37
70359.97,68808.914,73910.82,71991.734
69715.46,68288.67,73563.66,71407.01
69113.94,67491.766,73166.35,70685.55
67789.43,66878.82,72257.17,69977.875
66538.34,65934.13,70804.02,68851.07
65822.09,65246.69,69513.33,67906.64
64632.68000000001,64375.35,68480.72,66903.945
63686.149999999994,63742.312,67777.16,66054.7
62522.77,62621.93,66472.99,64760.098
61415.80000000001,61830.566,65634.64,63797.45
60586.73,60865.742,64962.42,62853.305
60358.00000000001,59888.008,64043.59,61937.67
59163.25,59048.258,62720.23999999999,61000.59
57911.77,58114.445,61985.51000000001,60133.26
56825.24999999999,57174.94,60833.25,59320.438
55810.08,56098.766,59884.67,58384.957
54907.09,54858.48,58838.0,57229.445
54207.19,53954.71,57948.380000000005,56385.62
53996.87,53183.64,56955.67,55641.69
53120.73,52597.773,56353.56,55001.12
52909.439999999995,52173.4,55214.45,54339.562
52798.97000000001,51696.01,55049.81999999999,53707.65
51858.73999999999,51491.168,54097.85,53233.84
51011.96000000001,51460.082,53625.61,52958.293
50577.5,51146.477,53110.5,52193.473
50175.84,50417.16,52676.91,51483.793
49771.520000000004,50094.984,52329.71,51181.65
49026.85999999999,49846.375,52158.76,51009.96
48912.23,49510.777,51727.95,50879.016
49048.03,48996.023,51590.12000000001,50601.06
49325.670000000006,48671.926,51757.78999999999,50463.418
49566.8,48641.348,52138.36,50506.523
49431.95,48861.59,52473.97,50718.977
49662.86,49096.656,52526.24,51019.168
49776.01,49287.727,52739.06999999999,51223.004
50805.380000000005,49708.684,53050.28,51495.723
51259.67,50484.496,53390.4,51856.48
51529.16000000001,51697.895,53365.87,52630.832
51840.28999999999,53001.22,54020.68,53467.38
54072.88,54096.934,54493.280000000006,54152.3
54614.76,55548.227,55431.68,54841.69
55276.96,57726.156,55782.69,56198.195
56742.15,59249.074,56652.97,57336.637
60002.1,60125.95,58309.51000000001,58081.31
62139.14,61734.145,61116.28,59030.277
64228.74,63678.062,63075.84,60595.812
65900.32,65185.086,64830.88,62230.836
67438.55,66245.24,66774.48,63718.46
68403.75,67087.734,69496.09,65266.14
69162.24,67680.555,70746.15,66749.51
69603.28,68036.625,71453.56,67812.36
69895.19,68398.68,72112.14,68641.91
70301.2,68996.37,72988.71,69616.51
70215.16,69277.21,72977.51,70258.945
70693.08,69456.08,73142.63,70564.07
70946.87,69463.8,73189.29,70515.15
71166.18,69847.305,72860.93,70709.32
71434.71,70173.375,73041.77,70756.15
71652.81,70299.516,73351.69,70600.66
71708.15,70494.51,73256.21,70502.99
71756.13,70909.445,73346.07,70732.625
71611.22,71179.195,73554.88,70882.086
71460.44,71182.266,73642.07,70855.555
71089.64,71081.76,73810.97,70766.74
71231.88,71149.81,73907.24,70911.95
71501.92,71072.83,73974.43,70949.61
71168.92,70856.086,74029.23,70878.49
71115.65,70827.56,73881.52,70938.945
70863.27,70746.28,73588.68,71005.03
70753.39,70664.63,73347.7,71035.33
70838.53,70322.67,73265.1,70845.266
71017.77,70049.13,73125.25,70652.88
70921.22,70153.82,73563.3,70642.69
70406.43,70190.38,73352.19,70591.34
70277.77,69991.51,72913.85,70427.35
70633.76,69601.01,72234.48,70203.26
70556.56,69489.625,72861.3,70083.37
70168.06,69510.875,72563.39,70061.914
70238.45,69516.04,72496.52,70081.836
69718.14,69368.086,72360.09,70049.77
69584.53,69633.92,72590.12,70142.45
69441.98,69480.34,72350.46,70006.26
69424.55,69636.555,72601.18,69999.984
70134.91,69829.88,72419.38,70022.875
70819.79,70202.805,72759.92,70073.984
72004.43,70800.54,73224.61,70313.75
72991.66,71458.86,73748.6,70688.65
74047.59,72194.34,74022.39,71237.6
74691.03,72538.99,73865.88,71539.94
74691.79,72983.516,73858.22,72111.516
74986.08,73242.11,73915.24,72652.64
74920.95,73228.72,73620.61,73054.766
74652.53,72922.83,73722.06,73121.78
74492.44,72881.445,73318.56,73383.055
74636.45,72671.58,73144.0,73470.45
73910.82,72323.17,73030.75,73390.68
73563.66,71586.0,72412.52,72864.35
73166.35,71024.516,71955.46,72407.37
72257.17,70386.9,71190.91,71836.94
70804.02,69862.836,70442.23,71259.02
69513.33,68778.55,69130.91,70191.52
68480.72,67958.33,68087.4,69234.57
67777.16,67041.86,66979.71,68239.695
66472.99,66244.35,66483.62,67321.14
65634.64,65187.496,65174.87000000001,66154.8
64962.42,64376.246,64180.58,65208.63
64043.59,63525.785,63187.77,64337.2
62720.23999999999,62795.9,62529.56999999999,63611.203
61985.51000000001,62069.43,62492.91999999999,62733.14
60833.25,60906.26,62069.81,61693.484
59884.67,59985.227,60713.3,60851.844
58838.0,59076.266,59353.71000000001,60036.785
57948.380000000005,57956.086,58190.26999999999,58952.246
56955.67,57097.52,57150.35,58126.52
56353.56,56335.473,56322.4,57374.113
55214.45,55565.047,55653.84,56644.15
55049.81999999999,54703.02,54688.46,55800.48
54097.85,53950.555,54259.88,55004.008
53625.61,53564.867,53724.88,54444.816
53110.5,53068.57,52815.950000000004,53875.133
52676.91,52581.65,52391.38,53158.918
52329.71,52195.84,52057.66,52679.54
52158.76,51954.633,52042.37000000001,52425.293
51727.95,51739.66,51560.07,52248.418
51590.12000000001,51535.934,51706.219999999994,52162.734
51757.78999999999,51301.28,51536.6,52055.953
52138.36,51120.246,51300.21,52027.285
52473.97,51120.484,51318.1,52130.547
52526.24,51354.33,50756.62,52400.957
52739.06999999999,51657.2,50836.85,52782.316
53050.28,51898.47,51251.21000000001,53106.81
53390.4,52285.19,51335.16,53470.297
53365.87,53065.7,51329.48999999999,53894.684
54020.68,53846.57,51671.83000000001,54464.68
54493.280000000006,54502.527,52059.74,54934.363
55431.68,55562.707,52641.66999999999,55527.42
55782.69,57145.605,54378.55,56198.92
56652.97,58586.59,55181.70999999999,57148.29
58309.51000000001,59671.46,56127.94,57926.438
61116.28,60769.906,57768.77,58650.64
63075.84,62756.086,60527.89,59707.727
64830.88,64687.25,62931.78,61314.277
66774.48,66042.625,64831.78,62942.08
69496.09,66940.16,66602.96,64412.24
70746.15,67866.734,68696.53,66108.35
71453.56,68942.805,69920.07,68101.83
72112.14,69500.52,70902.85,69617.0
72988.71,69893.73,71675.81,70738.16
72977.51,70546.07,72093.2,71916.62
73142.63,71102.96,72342.69,72776.37
73189.29,71388.16,72645.94,73074.52
72860.93,71530.14,72669.7,73003.91
73041.77,71839.336,72239.3,73047.53
73351.69,71899.08,72545.68,72721.88
73256.21,71902.95,72997.85,72295.52
73346.07,72020.72,73109.79,72034.6
73554.88,72306.77,72800.82,72153.58
73642.07,72511.35,72838.06,72228.63
73810.97,72525.195,73099.72,72213.13
73907.24,72521.1,73228.78,72202.02
73974.43,72790.67,73871.8,72518.46
74029.23,72963.375,74193.25,72726.37
73881.52,72868.35,73794.57,72742.39
73588.68,72816.17,73459.79,72762.83
73347.7,72800.266,73369.91,72883.34
73265.1,72693.09,73575.9,72838.836
73125.25,72296.56,73618.06,72587.08
73563.3,72085.71,73297.53,72375.71
73352.19,71975.17,73332.71,72229.96
72913.85,72099.63,73223.18,72211.29
72234.48,71899.54,72769.74,72043.625
72861.3,71604.69,72387.25,71790.195
72563.39,71236.23,72045.56,71471.12
72496.52,71287.27,71816.09,71367.96
72360.09,71195.63,71619.95,71284.61
72590.12,71184.15,71288.43,71232.57
72350.46,71223.164,71473.21,71160.6
72601.18,71359.84,71143.03,71153.97
72419.38,71443.836,71097.54,71176.74
72759.92,71662.35,70909.36,71292.92
73224.61,71626.05,71375.76,71237.96
73748.6,71836.77,71944.42,71376.445
74022.39,72165.03,72521.93,71672.586
73865.88,72488.49,73459.33,72048.38
73858.22,72346.516,73438.62,72118.83
73915.24,72317.14,73190.55,72354.086
73620.61,72196.43,73251.28,72553.86
73722.06,72153.305,73401.52,72781.586
73318.56,71614.23,73632.15,72549.98
73144.0,71538.375,73539.57,72631.01
73030.75,71220.56,73667.48,72567.62
72412.52,70868.17,73484.0,72384.57
71955.46,70017.95,73572.37,71713.97
71190.91,69444.69,72912.0,71198.914
70442.23,68769.29,72274.33,70635.32
69130.91,68110.914,71378.23,70029.22
68087.4,67023.945,70372.62,68953.01
66979.71,66190.58,69622.29,68014.98
66483.62,65343.535,68700.62,67112.33
65174.87000000001,64578.605,67537.72,66231.56
64180.58,63609.695,66276.7,65060.555
63187.77,62817.344,65594.7,64052.39
62529.56999999999,61937.844,65015.34,63062.79
62492.91999999999,61069.08,64348.47,62106.97
62069.81,60307.02,62987.98000000001,61214.504
60713.3,59682.082,62149.93,60482.08
59353.71000000001,59217.504,61328.170000000006,59979.09
58190.26999999999,58425.117,60559.340000000004,59198.258
57150.35,57235.117,58855.729999999996,57970.855
56322.4,56208.727,57807.29,56914.453
55653.84,55333.824,57029.41000000001,56016.383
54688.46,54567.01,56472.45999999999,55241.1
54259.88,53788.715,54292.079999999994,54422.48
53724.88,53055.14,53862.76,53642.016
52815.950000000004,52627.945,53829.19,53150.57
52391.38,52253.203,52966.92,52797.32
52057.66,51487.914,52182.91,52399.613
52042.37000000001,51250.227,51886.75,52090.996
51560.07,50982.22,51729.4,51780.03
51706.219999999994,50968.098,51569.85,51700.43
51536.6,50792.703,50732.66,51558.344
51300.21,50817.67,50439.41,51564.613
51318.1,50797.914,50731.07,51602.656
50756.62,50704.48,50887.84,51613.316
50836.85,50756.695,51080.69000000001,51699.957
51251.21000000001,50416.008,51120.24999999999,51578.535
51335.16,50347.33,51532.15000000001,51593.438
51329.48999999999,50696.414,51880.54,51855.324
51671.83000000001,51298.383,52294.69000000001,52197.06
52059.74,51694.836,52335.2,52542.676
52641.66999999999,52414.867,52583.16,52965.836
54378.55,53358.066,52610.88,53475.95
55181.70999999999,55034.637,54027.08,54144.594
56127.94,57106.863,54774.590000000004,55370.902
57768.77,58727.926,55530.26,56473.906
60527.89,60067.8,57438.07,57387.34
62931.78,62092.035,59859.89,58474.473
64831.78,64069.875,62351.89,60114.06
66602.96,65639.87,63445.94,61915.496
68696.53,66683.625,65283.59,63639.973
69920.07,67693.66,68383.39,65374.008
70902.85,68454.11,69916.04,67206.89
71675.81,68915.805,70482.59,68575.29
72093.2,69419.13,71178.68,69817.555
72342.69,70177.06,72253.01,71115.73
72645.94,70661.79,72750.87,72016.82
72669.7,70894.336,72858.3,72466.32
72239.3,71068.62,73195.7,72516.42
72545.68,71491.164,72960.05,72662.74
72997.85,71491.82,72841.62,72367.6
73109.79,71545.86,73088.27,71997.69
72800.82,71786.99,73166.65,71811.336
72838.06,72274.336,73619.82,72071.64
73099.72,72336.67,73620.35,72101.57
73228.78,72251.945,73701.86,71977.49
73871.8,72265.0,73606.99,71932.07
74193.25,72533.83,73622.19,72218.75
73794.57,72841.734,73487.24,72547.03
73459.79,72934.78,73426.86,72686.89
73369.91,72792.81,72858.43,72660.33
73575.9,72625.26,72007.9,72675.016
73618.06,72564.875,71615.39,72659.28
73297.53,72408.09,71392.95,72503.86
73332.71,72331.02,71007.34,72344.305
73223.18,72262.61,70803.21,72214.96
72769.74,72251.94,70201.4,72047.96
72387.25,72049.83,70092.05,71761.58
72045.56,71719.21,68992.3,71393.91
71816.09,71562.805,68730.68,71089.336
71619.95,71276.73,68466.38,70733.734
71288.43,71012.21,68273.47,70448.695
71473.21,70847.37,68196.29,70252.8
71143.03,70805.15,67983.24,70059.35
71097.54,70808.984,67605.53,69918.695
70909.36,70846.64,67873.57,69865.445
71375.76,70904.57,67955.8,69821.7
71944.42,70930.71,68324.55,69738.42
72521.93,71166.375,68915.84,69801.336
73459.33,71595.875,69715.82,70133.53
73438.62,71948.766,70338.14,70543.88
73190.55,72075.18,70487.98,70873.8
73251.28,72100.6,70382.83,71313.984
73401.52,71955.54,70069.72,71600.14
73632.15,71837.664,70041.06,71854.49
73539.57,71472.09,69401.39,71773.88
73667.48,71490.984,69037.01,71991.09
73484.0,71303.266,68875.48,72002.87
73572.37,71077.58,68560.68,71920.14
72912.0,70338.0,68103.49,71300.68
72274.33,70028.5,67330.54,70959.17
71378.23,69455.875,66393.5,70452.66
70372.62,68862.45,65914.96,69857.13
69622.29,67707.87,65025.93000000001,68719.516
68700.62,67002.484,63889.67,67806.56
67537.72,66267.08,62871.37,66921.375
66276.7,65624.29,62301.4,66137.414
65594.7,64524.633,61609.54,64903.938
65015.34,63618.188,61162.97,63798.15
64348.47,62851.375,60454.14000000001,62846.31
62987.98000000001,62214.324,59671.62,62061.273
62149.93,61450.375,59055.96,61385.445
61328.170000000006,60331.28,58034.58,60433.082
60559.340000000004,59488.79,57297.58,59643.477
58855.729999999996,58683.69,56163.200000000004,58889.387
57807.29,57836.82,55218.23000000001,58012.38
57029.41000000001,56761.48,54332.44999999999,56968.832
56472.45999999999,55859.117,53736.07,56036.95
54292.079999999994,55097.53,52987.70999999999,55284.63
53862.76,54421.51,51230.88,54597.88
53829.19,53161.176,50330.780000000006,53446.844
52966.92,52532.992,49769.06,52718.426
52182.91,52328.96,49380.97,52359.39
51886.75,51892.695,48489.3,52061.176
51729.4,51608.02,48158.91,51360.965
51569.85,51385.668,47901.93,50754.832
50732.66,51350.633,47582.61,50365.742
50439.41,51335.508,46948.59,50128.113
50731.07,50945.715,46469.86,49610.43
50887.84,50645.16,46568.67,49220.223
51080.69000000001,50715.824,46673.77,49101.855
51120.24999999999,50917.89,46549.94,49080.742
51532.15000000001,51113.355,46310.96,49106.906
51880.54,51293.203,46427.4,49052.94
52294.69000000001,51767.586,46711.69,49139.023
52335.2,52517.383,47303.06,49136.867
52583.16,53220.215,47736.71,49307.742
52610.88,53831.152,47384.51,49334.93
54027.08,54587.703,47440.16,49334.754
54774.590000000004,55627.93,47833.75,48941.74
55530.26,57151.91,47730.35,49325.65
57438.07,58452.18,47632.77,49513.875
59859.89,59609.887,47800.41,49516.71
62351.89,61894.625,47745.28,49565.938
63445.94,63829.3,48210.99,50166.047
65283.59,65605.66,48146.51000000001,50920.32
68383.39,66453.99,48935.77999999999,51261.99
69916.04,67905.58,50630.32,51641.973
70482.59,68909.06,51159.54000000001,52726.35
71178.68,69755.79,52021.92,53627.74
72253.01,70000.66,52964.36,54207.24
72750.87,70625.49,54053.11,54699.758
72858.3,70928.71,55027.62,55669.25
73195.7,71218.09,55686.68,56838.86
72960.05,71243.19,56585.200000000004,57760.62
72841.62,71664.984,57361.01000000001,58600.223
73088.27,71548.61,57860.68,59346.133
73166.65,71419.42,58576.91,60025.46
73619.82,71473.69,59267.51,60564.0
73620.35,71819.95,59827.87,61073.305
73701.86,71913.13,60110.24,61591.145
73606.99,71856.01,60230.67,61960.09
73622.19,71778.8,60478.94,62131.95
73487.24,71926.75,61158.950000000004,62202.02
73426.86,71887.586,61659.66999999999,62284.91
72858.43,71694.52,61872.05,62252.184
72007.9,71505.64,62020.15,62179.316
71615.39,71381.63,61596.7,61944.96
71392.95,70882.25,61516.30000000001,61655.887
71007.34,70393.22,60926.08,61377.977
70803.21,70093.84,60280.39,61134.688
70201.4,69923.15,59824.61,60830.703
70092.05,69671.74,59770.54000000001,60620.426
68992.3,69142.09,60040.170000000006,60372.246
68730.68,68740.39,59607.92,60080.29
68466.38,68232.72,59157.65000000001,59465.645
68273.47,67846.28,58622.42,58895.297
68196.29,67711.87,58418.35,58618.84
67983.24,67698.586,57994.96,58405.75
67605.53,67956.77,57973.67,58280.09
67873.57,68074.664,57862.549999999996,58148.973
67955.8,68132.22,58240.51,58148.086
68324.55,68511.38,58353.53999999999,58353.055
68915.84,68814.14,58689.829999999994,58577.285
69715.82,69255.38,59456.75,58829.383
70338.14,69718.38,60539.85999999999,59288.836
70487.98,70118.305,60905.479999999996,59846.137
70382.83,69932.336,61715.54,60322.473
70069.72,69796.39,62368.12999999999,60783.887
70041.06,69385.26,62501.79,61082.387
69401.39,68853.195,62826.780000000006,61207.45
69037.01,67973.75,62465.50000000001,61029.69
68875.48,67449.99,61825.96,60958.34
68560.68,66937.43,61528.65,60781.152
68103.49,66574.414,61088.53,60628.383
67330.54,65648.74,60531.56,60159.1
66393.5,65310.94,60014.96000000001,60022.91
65914.96,64727.945,59386.41,59627.293
65025.93000000001,63975.07,58524.38999999999,59073.004
63889.67,62828.555,57280.71000000001,58311.68
62871.37,62398.938,56215.53,57867.227
62301.4,61618.805,55024.84999999999,57151.004
61609.54,60840.145,54313.84,56410.79
61162.97,59718.523,53993.0,55625.617
60454.14000000001,59515.65,53458.35,55135.727
59671.62,59112.06,53475.920000000006,54510.965
59055.96,58634.438,53048.94,53892.797
58034.58,57623.348,53602.079999999994,53883.36
57297.58,56743.94,53120.490000000005,53656.57
56163.200000000004,55919.55,52589.40000000001,53246.99
55218.23000000001,55126.656,51730.34,52700.67
54332.44999999999,53788.59,50719.76000000001,51811.74
53736.07,53021.297,49871.4,50977.305
52987.70999999999,52276.703,49743.329999999994,50134.297
51230.88,51754.367,49083.90000000001,49473.24
50330.780000000006,50896.98,47291.07,48786.645
49769.06,49901.746,46404.28,47784.2
49380.97,49033.938,45784.49,46899.637
48489.3,48528.8,45250.67,46313.676
48158.91,47966.727,44552.76,45556.78
47901.93,47653.535,43660.13,44939.508
47582.61,47340.887,43192.9,44497.902
46948.59,47177.76,42819.05,44272.742
46469.86,46877.03,42515.92,43964.633
46568.67,46556.375,42031.0,43700.926
46673.77,46230.496,41746.31,43506.055
46549.94,46275.816,42079.66,43543.477
46310.96,46320.152,42053.03,43530.97
46427.4,46384.812,42320.55,43646.926
46711.69,46264.66,42086.72,43605.81
47303.06,46148.867,42110.58,43655.035
47736.71,46280.375,42229.21,43788.87
47384.51,46751.406,42313.93,44238.273
47440.16,47086.105,42975.1,44510.7
47833.75,46932.656,43610.75,44432.28
47730.35,47082.504,43335.08,44163.13
47632.77,47576.062,42717.64,44245.64
47800.41,47739.445,42568.51,44076.64
47745.28,47958.332,43052.44,43780.117
48210.99,48831.793,43262.33,43235.82
48146.51000000001,49182.887,43595.2,42817.07
48935.77999999999,49828.406,43252.63,42729.414
50630.32,50311.562,43709.11,42605.09
51159.54000000001,51815.473,44899.04,42495.164
52021.92,52539.3,45403.77,42886.99
52964.36,53580.004,46363.66,43643.07
54053.11,54254.33,47070.34,44308.61
55027.62,55857.32,48065.170000000006,45084.31
55686.68,56594.637,48634.84,46021.707
56585.200000000004,57487.848,49444.01,47341.543
57361.01000000001,58060.195,50107.34,48458.164
57860.68,59269.957,51073.44,49587.984
58576.91,59677.67,51406.26999999999,50570.77
59267.51,59952.145,52344.29,51519.684
59827.87,60294.54,52693.36,52291.297
60110.24,61189.62,52844.55000000001,53131.316
60230.67,61249.797,53443.58,53762.28
60478.94,61200.223,54190.90000000001,54368.094
61158.950000000004,61084.93,55076.12,54735.566
61659.66999999999,61461.637,55123.58000000001,55216.293
61872.05,61579.92,55972.11,55616.37
62020.15,61716.016,56409.58,56058.31
61596.7,61638.668,56457.49,56366.13
61516.30000000001,61795.47,56680.83,56576.586
60926.08,61326.836,56060.66,56416.22
60280.39,60887.7,55743.77,56224.598
59824.61,60291.78,55522.63,55927.73
59770.54000000001,59927.99,55000.23,55454.73
60040.170000000006,59379.824,54231.37999999999,54822.53
59607.92,59078.44,54012.57,54564.734
59157.65000000001,59121.25,53588.25,54601.46
58622.42,59064.246,53128.170000000006,54308.336
58418.35,58592.363,52759.45999999999,53669.273
57994.96,58225.8,52882.25,53253.14
57973.67,58175.16,52514.28,53104.105
57862.549999999996,58286.867,52291.16,52961.11
58240.51,58510.055,52155.93000000001,52804.387
58353.53999999999,58790.7,52663.37,52962.96
58689.829999999994,59407.773,53113.05999999999,53428.66
59456.75,59843.434,54040.229999999996,53838.805
60539.85999999999,60491.25,54426.49999999999,54250.56
60905.479999999996,61239.965,55638.93,54937.484
61715.54,62098.11,56884.81,55906.79
62368.12999999999,61944.918,58423.079999999994,56512.61
62501.79,62262.473,58490.71,57369.062
62826.780000000006,62435.934,58459.49,58233.08
62465.50000000001,62165.742,58980.98999999999,58854.19
61825.96,61445.793,59056.719999999994,58926.844
61528.65,61060.383,58763.87,59132.61
61088.53,60257.08,58596.30000000001,59012.367
60531.56,59718.227,58182.43,58833.19
60014.96000000001,58702.547,57789.65,58069.414
59386.41,58324.48,57333.04,57810.77
58524.38999999999,57875.953,56754.36,57539.72
57280.71000000001,57394.668,56476.66000000001,57191.535
56215.53,56138.633,55973.28,56201.168
55024.84999999999,55523.734,55130.87,55752.504
54313.84,54750.684,54495.05,55229.383
53993.0,53993.676,53898.32,54661.055
53458.35,52926.223,53618.46000000001,53790.2
53475.920000000006,53061.074,53075.74,53723.312
53048.94,52825.125,52569.02999999999,53492.344
53602.079999999994,52785.387,52675.39,53325.133
53120.490000000005,52173.41,53256.78,53227.027
52589.40000000001,51868.25,53182.34,53349.0
51730.34,51596.73,52378.16,53469.92
50719.76000000001,50917.992,51364.299999999996,53293.1
49871.4,49667.125,50053.42,52550.05
49743.329999999994,48820.7,49481.44,51953.375
49083.90000000001,48100.184,48523.64,51327.594
47291.07,47856.605,47598.26,50984.082
46404.28,47094.37,46780.84,50242.484
45784.49,46009.812,46347.75,49195.367
45250.67,45250.83,45858.06,48303.508
44552.76,44862.656,44975.51,47678.367
43660.13,44363.1,44254.18,47088.53
43192.9,44022.93,43831.58,46750.52
42819.05,43485.625,43722.95,46239.926
42515.92,43094.527,43570.14,45864.855
42031.0,42622.875,43720.07,45457.863
41746.31,42511.207,43705.5,45304.09
42079.66,42220.74,43672.29,45073.273
42053.03,41961.758,43455.14,44916.4
42320.55,41942.47,43500.12,45006.605
42086.72,42090.312,43624.41,45300.617
42110.58,42206.062,43911.24,45620.29
42229.21,42086.113,44332.68,45870.977
42313.93,41899.254,44946.46,46209.98
42975.1,42007.617,45655.13,46815.066
43610.75,41975.41,46244.01,47398.656
43335.08,42341.145,46895.62,48349.555
42717.64,42989.74,48587.42,49840.848
42568.51,43196.816,49143.490000000005,51124.34
43052.44,42733.11,50380.159999999996,51922.055
43262.33,42692.484,52213.700000000004,53039.65
43595.2,43385.26,56410.63,55245.094
43252.63,44114.105,58976.48000000001,57497.965
43709.11,44687.027,60757.39,59317.016
44899.04,44789.31,62717.78,60868.523
45403.77,45106.27,65062.939999999995,63420.883
46363.66,46264.766,66602.49,65839.75
47070.34,47141.613,67808.69,67520.52
48065.170000000006,48053.86,68722.54,68686.47
48634.84,49195.09,69676.45,70184.48
49444.01,50060.57,69804.86,70993.016
50107.34,50687.17,69840.01,70959.92
51073.44,51301.75,69933.69,70537.58
51406.26999999999,52335.91,69905.24,70822.95
52344.29,52981.562,70209.06,70713.375
52693.36,53517.227,70129.94,70313.33
52844.55000000001,54256.98,69857.8,70109.12
53443.58,55155.715,70584.1,70843.51
54190.90000000001,55110.52,70577.82,70811.375
55076.12,55479.0,70480.76,70636.28
55123.58000000001,55947.086,70541.59,70704.6
55972.11,56736.605,70375.42,71654.14
56409.58,56654.727,70184.84,71873.85
56457.49,56798.387,70205.43,71953.52
56680.83,56902.668,70016.07,72163.77
56060.66,56924.754,69938.08,72593.99
55743.77,56767.543,69801.68,72609.21
55522.63,56064.043,69723.31,72210.805
55000.23,55551.895,69974.28,71704.19
54231.37999999999,55357.76,70305.2,71650.87
54012.57,54801.203,70057.3,71354.49
53588.25,53989.72,69910.54,70882.57
53128.170000000006,53608.297,69087.85,70517.64
52759.45999999999,53338.45,68583.25,70440.35
52882.25,52932.203,68317.2,70234.5
52514.28,52661.75,67946.99,70171.0
52291.16,52964.727,67510.79,70379.46
52155.93000000001,53328.566,67810.82,70538.875
52663.37,53716.11,67621.42,70654.11
53113.05999999999,54321.918,67204.25,70969.17
54040.229999999996,55433.797,67172.34,71549.66
54426.49999999999,56336.184,67718.39,71884.1
55638.93,57410.754,68538.79,72436.5
56884.81,57695.223,69214.21,72891.53
58423.079999999994,58407.945,69704.04,73229.016
58490.71,58592.586,70088.45,73050.055
58459.49,59176.7,70239.04,73318.45
58980.98999999999,58866.27,70202.05,73380.0
59056.719999999994,58657.99,70176.13,73089.5
58763.87,58367.86,70003.15,72207.06
58596.30000000001,58380.94,69672.85,71947.305
58182.43,57938.17,69572.5,71704.19
57789.65,57701.492,69579.05,71371.125
57333.04,56950.176,68762.59,70301.94
56754.36,56762.617,68099.38,69691.93
56476.66000000001,56326.117,67622.04,69159.1
55973.28,56111.223,66972.19,68582.73
55130.87,55675.61,66027.58,67486.73
54495.05,55787.09,64917.62,66869.79
53898.32,55349.188,63663.10999999999,66208.34
53618.46000000001,55218.53,62991.64,65565.57
53075.74,54596.277,62213.6,64378.69
52569.02999999999,54464.742,61229.13,63708.008
52675.39,53973.59,60351.62,63075.598
53256.78,53466.434,59478.58000000001,62333.867
53182.34,53254.566,59345.43,61533.004
52378.16,52981.8,58219.469999999994,60955.273
51364.299999999996,52565.99,56835.43000000001,60467.785
50053.42,51790.605,55804.97,59607.22
49481.44,50621.906,54845.399999999994,58111.227
48523.64,49406.145,53681.57,56861.39
47598.26,48646.523,52966.12,55991.43
46780.84,47902.85,52185.02,55181.46
46347.75,47026.785,50408.02999999999,54041.676
45858.06,46226.395,49554.71,53249.38
44975.51,45913.305,48902.02,52797.84
44254.18,45624.066,48192.57000000001,52430.133
43831.58,45179.41,47864.85,50821.316
43722.95,44217.844,47517.78,49782.91
43570.14,44254.44,47175.58,49300.914
43720.07,44076.48,47006.64,49039.543
43705.5,43932.49,46325.08,48970.918
43672.29,43921.582,46369.51,49032.004
43455.14,43878.31,46418.11,49115.418
43500.12,43834.63,46801.19,49232.152
43624.41,43667.64,47211.49,49250.855
43911.24,43631.71,47530.74,49295.562
44332.68,43805.215,47481.26,49417.574
44946.46,44291.39,47611.98,49690.574
45655.13,45218.574,47858.48,50122.28
46244.01,46345.52,48192.02999999999,50765.258
46895.62,47721.535,48725.78,51548.105
48587.42,49228.586,49570.02,52366.555
49143.490000000005,51059.9,50642.49,53226.387
50380.159999999996,53219.46,51436.950000000004,54520.902
52213.700000000004,54696.39,52418.58,55521.645
56410.63,56204.285,53939.48,56476.05
58976.48000000001,58481.375,57286.84,57739.29
60757.39,61451.11,59383.25,59830.82
62717.78,63457.043,61408.59,61830.76
65062.939999999995,64395.297,63471.14,63350.715
66602.49,65468.17,65060.38,65042.277
67808.69,66433.62,66092.99,66814.19
68722.54,67103.086,67238.63,68251.88
69676.45,67708.445,68268.13,69457.836
69804.86,68584.94,69216.23,70808.84
69840.01,69246.734,68851.34,71740.195
69933.69,69506.47,68865.74,72035.266
69905.24,69584.38,68634.42,71894.266
70209.06,69885.805,67677.24,71899.57
70129.94,70039.414,68464.58,71610.375
69857.8,70181.375,68610.56,71275.98
70584.1,70236.875,68725.93,70975.66
70577.82,70402.13,68904.31,70985.14
70480.76,70849.94,68730.12,71199.984
70541.59,70867.54,68926.05,71195.54
70375.42,70740.41,69189.99,71120.375
70184.84,70828.38,69613.61,71345.08
70205.43,70769.195,69436.89,71424.625
70016.07,70419.64,69605.01,71316.484
69938.08,70145.86,69979.41,71254.94
69801.68,70047.52,69382.1,71355.66
69723.31,69802.13,69182.69,71324.445
69974.28,69459.984,69374.64,71112.53
70305.2,69163.914,69024.7,70930.52
70057.3,69275.586,68601.72,70922.19
69910.54,69406.09,68433.72,70926.83
69087.85,69204.32,68086.51,70777.6
68583.25,69002.17,67703.96,70642.21
68317.2,68682.95,67706.71,70411.28
67946.99,68190.44,67403.37,70070.49
67510.79,67898.66,67043.52,69862.375
67810.82,67646.516,66974.53,69723.32
67621.42,67607.26,67352.38,69613.11
67204.25,67757.43,66954.59,69578.53
67172.34,68022.36,66754.2,69633.3
67718.39,68064.24,66555.24,69607.09
68538.79,68194.07,67015.38,69515.36
69214.21,68559.586,67743.85,69616.414
69704.04,69162.19,68978.57,69960.86
70088.45,69584.77,69898.3,70309.77
70239.04,69521.49,70765.38,70322.09
70202.05,69513.07,71128.28,70522.836
70176.13,69367.1,71540.1,70720.69
70003.15,69156.29,71483.15,70922.34
69672.85,68507.55,70525.35,70676.66
69572.5,68255.59,70231.82,70684.914
69579.05,67797.1,70083.37,70573.76
68762.59,67353.04,70582.34,70407.84
68099.38,66503.85,70245.02,69743.8
67622.04,65885.01,69412.66,69179.54
66972.19,65166.637,68345.5,68524.45
66027.58,64630.98,67480.75,67890.53
64917.62,63684.375,65903.44,66814.06
63663.10999999999,63094.32,64844.99,65959.125
62991.64,62366.08,63697.490000000005,65061.953
62213.6,61530.082,62029.530000000006,64116.453
61229.13,60543.496,60735.69999999999,62910.85
60351.62,59897.54,59735.369999999995,62039.945
59478.58000000001,59096.902,59355.6,61188.508
59345.43,58325.35,58412.44999999999,60377.855
58219.469999999994,57537.688,57767.31,59521.566
56835.43000000001,56791.465,57197.49,58756.215
55804.97,56023.9,56309.8,58044.902
54845.399999999994,55015.816,54954.62,57126.52
53681.57,53842.34,53660.399999999994,55932.62
52966.12,52998.17,53321.99,55052.055
52185.02,52153.688,52436.53,54217.96
50408.02999999999,51474.203,51457.15,53514.477
49554.71,50705.92,50049.68,52700.977
48902.02,49577.168,49611.30000000001,51660.547
48192.57000000001,48789.285,48928.55,50828.055
47864.85,48260.375,48396.62,50241.664
47517.78,47904.137,47503.71,49226.72
47175.58,47387.227,46829.21,48552.285
47006.64,47299.32,46682.43,48391.855
46325.08,47209.2,46531.51,48349.848
46369.51,47094.477,46074.63,48338.27
46418.11,46729.582,46468.77,48138.62
46801.19,46546.844,46419.84,48043.01
47211.49,46556.355,46097.16,48106.816
47530.74,46858.652,46347.6,48361.15
47481.26,47257.906,46384.62,48775.69
47611.98,47698.848,46161.84,49239.043
47858.48,48029.98,46120.1,49569.383
48192.02999999999,48685.69,46376.95,49928.707
48725.78,49393.277,46381.54,50434.543
49570.02,50268.613,47328.0,51032.387
50642.49,51378.47,48022.06,51693.95
51436.950000000004,53225.668,49468.12,52580.48
52418.58,54775.477,49742.52,53696.008
53939.48,56015.055,50673.89,54638.2
57286.84,57202.055,52522.35,55433.89
59383.25,59130.254,56923.28,56440.715
61408.59,61361.61,59316.16,58163.625
63471.14,62917.98,61245.39,59888.637
65060.38,64019.1,62787.4,61422.168
66092.99,65171.727,65031.21000000001,63035.3
67238.63,65964.72,66146.2,64677.21
68268.13,66394.96,66935.03,65837.91
69216.23,66988.1,67615.23,66878.21
68851.34,67932.42,68220.72,68106.13
68865.74,68589.68,68185.76,69084.766
68634.42,68703.89,68219.86,69449.26
67677.24,68643.836,68427.94,69386.85
68464.58,68757.914,68436.62,69338.87
68610.56,68475.08,68365.97,68910.414
68725.93,68536.24,68657.48,68600.086
68904.31,68729.68,69049.16,68487.12
68730.12,69050.375,68770.88,68657.195
68926.05,69334.836,68670.62,68852.95
69189.99,69197.195,68714.93,68756.95
69613.61,69142.555,68896.4,68720.96
69436.89,69378.73,69060.86,68989.945
69605.01,69664.336,69106.13,69297.484
69979.41,69449.125,69190.88,69245.766
69382.1,69315.42,68938.5,69251.805
69182.69,69481.86,68405.69,69440.625
69374.64,69266.01,68089.78,69368.77
69024.7,68724.516,67959.89,69014.484
68601.72,68592.125,67890.11,68844.22
68433.72,68505.42,67543.32,68639.68
68086.51,68222.875,67148.34,68381.125
67703.96,67829.734,66942.16,68091.1
67706.71,67493.65,66345.54,67849.83
67403.37,67334.83,66401.82,67674.11
67043.52,67167.92,66334.58,67513.2
66974.53,66966.086,66206.53,67406.336
67352.38,66826.66,66150.24,67354.1
66954.59,67057.96,65594.78,67400.67
66754.2,67417.82,65254.42999999999,67463.35
66555.24,67665.0,65117.53,67551.9
67015.38,67901.44,64955.63,67652.14
67743.85,68100.086,65093.52,67579.28
68978.57,68627.04,65602.79,67692.32
69898.3,69308.73,66322.35,67976.836
70765.38,70061.62,67452.53,68426.26
71128.28,70339.83,68896.13,68636.59
71540.1,70676.664,69397.17,69057.29
71483.15,70654.46,69770.32,69396.81
70525.35,70598.516,69650.72,69753.555
70231.82,69983.46,69296.06,69625.95
70083.37,69415.07,69226.08,69544.66
70582.34,68841.875,69084.25,69365.71
70245.02,68386.54,68655.79,69151.91
69412.66,67645.98,67922.81,68581.09
68345.5,67314.76,67312.99,68222.01
67480.75,66596.2,66768.47,67634.37
65903.44,65691.64,66438.87,66837.75
64844.99,64422.965,64923.19,65590.6
63697.490000000005,63576.156,64312.38,64551.91
62029.530000000006,62690.37,63573.71,63528.312
60735.69999999999,61939.94,62529.69999999999,62564.688
59735.369999999995,60422.582,61339.509999999995,61038.63
59355.6,59449.01,60491.67,59837.027
58412.44999999999,58459.99,59688.87999999999,58698.117
57767.31,57793.965,58642.25,57877.895
57197.49,56904.94,58075.659999999996,57082.777
56309.8,55892.055,57022.549999999996,56272.9
54954.62,55186.16,56085.12,55740.33
53660.399999999994,54446.25,54998.48999999999,55260.492
53321.99,53157.992,53438.94,54312.508
52436.53,52059.05,52794.94000000001,53429.184
51457.15,51479.043,52190.88,52830.17
50049.68,50883.23,51607.6,52153.773
49611.30000000001,49911.777,50202.94,51180.402
48928.55,48912.27,49373.700000000004,50139.92
48396.62,48398.438,49174.14,49432.285
47503.71,48016.586,48952.259999999995,48954.88
46829.21,47413.773,48397.6,48145.094
46682.43,46977.254,48176.18000000001,47662.164
46531.51,46502.88,47959.27,47288.25
46074.63,46358.297,47669.55,47249.258
46468.77,46227.598,47118.39,47290.598
46419.84,45958.875,47013.13,47265.92
46097.16,46038.812,47256.53,47472.19
46347.6,46034.465,47358.57,47630.03
46384.62,45852.91,47596.09,47617.586
46161.84,45898.043,47551.89,47815.19
46120.1,46071.586,47933.08,48074.344
46376.95,46113.562,48112.149999999994,48197.535
46381.54,46444.4,48473.16000000001,48333.98
47328.0,47012.44,48908.32,48757.17
48022.06,47652.582,49367.149999999994,49212.625
49468.12,49038.492,49826.28999999999,50049.92
49742.52,50928.957,50812.3,51039.098
50673.89,52864.96,51322.47000000001,52430.43
52522.35,53950.79,51975.51,53363.566
56923.28,55118.98,53728.75,54175.18
59316.16,57424.45,56967.61,55411.242
61245.39,60630.59,58545.5,57811.17
62787.4,62556.383,60240.43,60046.7
65031.21000000001,63514.508,62234.1,61860.426
66146.2,64311.54,64383.95999999999,63561.3
66935.03,65075.004,65325.97,65349.258
67615.23,65577.29,66377.72,66742.7
68220.72,65922.87,67158.39,67864.82
68185.76,66654.01,67815.42,69112.414
68219.86,67079.67,67877.62,69835.56
68427.94,67229.55,67801.73,69995.695
68436.62,67249.18,67826.43,69728.91
68365.97,67642.84,68172.69,69685.055
68657.48,67814.84,68338.18,69355.27
69049.16,67811.7,68489.2,68825.25
68770.88,68000.54,68530.45,68525.45
68670.62,68577.92,67820.95,68776.914
68714.93,68689.164,67442.27,68785.32
68896.4,68538.94,67372.43,68605.305
69060.86,68475.63,67488.62,68483.36
69106.13,68763.16,66824.02,68726.82
69190.88,68889.36,66631.13,68872.516
68938.5,68735.98,66714.08,68810.86
68405.69,68623.9,66448.34,68768.66
68089.78,68543.99,66129.49,68761.5
67959.89,68169.08,66003.25,68538.06
67890.11,67613.37,65871.84,68113.68
67543.32,67290.34,65579.15,67817.22
67148.34,67286.805,66282.51,67671.86
66942.16,67023.84,65715.92,67408.445
66345.54,66531.17,65264.41,67031.64
66401.82,66196.04,64922.98,66774.56
66334.58,65941.01,65373.88,66512.04
66206.53,65673.92,65024.27,66281.47
66150.24,65588.17,64619.15,66183.695
65594.78,65557.74,64373.32,66156.92
65254.42999999999,65834.734,64598.780000000006,66195.14
65117.53,65597.46,64326.35,65967.81
64955.63,65557.89,64609.04,65777.01
65093.52,65634.516,64876.82,65647.93
65602.79,65854.65,65330.9,65496.562
66322.35,66137.016,65724.55,65459.03
67452.53,66650.164,66817.96,65610.766
68896.13,67177.67,67725.13,65905.82
69397.17,67539.945,67570.11,66136.95
69770.32,68214.055,67891.33,66836.74
69650.72,68505.05,68085.62,67511.98
69296.06,68565.29,68170.34,68126.12
69226.08,68042.89,67680.98,68188.78
69084.25,67717.37,67448.09,68358.195
68655.79,67362.92,67369.87,68370.484
67922.81,66980.164,67145.36,68282.99
67312.99,65909.15,66763.4,67493.59
66768.47,65196.496,65567.82,66839.91
66438.87,64408.88,65037.39000000001,66101.484
64923.19,63839.137,64718.19999999999,65434.79
64312.38,62984.926,63028.08000000001,64441.9
63573.71,62283.01,61572.79000000001,63544.043
62529.69999999999,61673.766,60714.86,62729.438
61339.509999999995,61139.137,59684.69,61991.46
60491.67,60039.918,58410.51,60810.78
59688.87999999999,59235.363,57673.84999999999,59834.836
58642.25,58410.9,57332.41,58915.176
58075.659999999996,57647.63,56243.76,58108.69
57022.549999999996,56692.5,55640.80000000001,57172.492
56085.12,55783.56,55087.82,56307.137
54998.48999999999,54963.38,53958.26,55587.887
53438.94,54100.145,52934.38,54874.047
52794.94000000001,52940.29,52213.13999999999,53884.69
52190.88,51804.543,51272.48,52816.1
51607.6,51046.645,50086.65,52015.605
50202.94,50512.613,49005.869999999995,51430.008
49373.700000000004,49847.684,47778.64,50771.465
49174.14,48947.504,47340.3,49856.727
48952.259999999995,48268.746,46609.41,49084.305
48397.6,48007.23,46343.78,48663.094
48176.18000000001,47517.566,46164.7,48422.73
47959.27,47504.953,45952.16,48341.875
47669.55,47323.914,45840.27,48182.156
47118.39,47315.07,45315.96,48199.1
47013.13,47118.062,45027.04,48161.793
47256.53,46805.723,44598.63,48016.516
47358.57,46626.105,44551.07,47970.684
47596.09,46722.656,44535.15,48135.914
47551.89,46880.297,45094.5,48284.31
47933.08,47092.367,45115.14,48569.484
48112.149999999994,47285.555,45650.22,48832.914
48473.16000000001,47730.77,45727.98,49203.5
48908.32,48435.746,46072.53,49564.38
49367.149999999994,49171.805,46321.49,50126.39
49826.28999999999,50176.34,46779.89,50766.16
50812.3,51301.594,47440.21,51415.71
51322.47000000001,52842.63,48543.94,52022.348
51975.51,54263.86,49208.86,52950.418
53728.75,55245.12,50083.399999999994,53584.742
56967.61,56143.957,52089.840000000004,54054.598
58545.5,58266.203,54399.38,54813.746
60240.43,60763.645,55849.24999999999,56502.855
62234.1,62019.06,56952.97,57969.45
64383.95999999999,62909.027,58596.659999999996,59336.156
65325.97,64199.06,60473.78,60860.496
66377.72,65122.953,61871.79,62661.992
67158.39,65536.62,62891.25,64105.082
67815.42,66066.19,63504.63,65393.117
67877.62,66881.375,64122.56,66835.56
67801.73,67276.375,64269.57,67968.59
67826.43,67367.234,64304.9,68527.016
68172.69,67320.445,64304.85,68588.63
68338.18,67641.23,64249.04,68784.88
68489.2,67837.016,64396.85,68771.23
68530.45,68037.74,64566.91000000001,68630.38
67820.95,68192.82,65039.119999999995,68503.71
67442.27,68577.42,64767.6,68730.23
67372.43,68363.66,64177.63,68619.164
67488.62,67927.35,64019.41,68253.42
66824.02,67714.17,64017.09,68027.484
66631.13,67901.63,63827.15,68166.16
66714.08,67548.266,63968.65,68023.05
66448.34,66991.82,64053.380000000005,67677.77
66129.49,66727.22,63830.850000000006,67481.25
66003.25,66591.33,64027.18,67366.664
65871.84,66222.05,63928.04,67155.96
65579.15,65755.516,63614.71,66786.555
66282.51,65469.887,63347.670000000006,66527.64
65715.92,65372.367,62931.84,66265.75
65264.41,65655.12,62397.549999999996,66244.44
64922.98,65337.74,61988.89,65960.85
65373.88,64886.71,61639.73999999999,65616.43
65024.27,64783.582,61884.64,65345.18
64619.15,64965.094,61218.91,65206.223
64373.32,64876.457,60892.97,65036.418
64598.780000000006,64667.188,60779.25,64837.246
64326.35,64817.39,61074.73999999999,64682.957
64609.04,65025.07,60239.44999999999,64552.973
64876.82,65205.74,60427.77,64486.85
65330.9,65564.77,60596.26,64519.816
65724.55,66075.375,61198.91000000001,64573.89
66817.96,66549.016,61487.08000000001,64674.59
67725.13,67003.66,62223.82,64905.223
67570.11,67677.664,62761.88,65382.52
67891.33,67889.74,63419.98,65659.266
68085.62,67734.0,62998.99,65953.34
68170.34,67536.586,63003.45,66239.97
67680.98,67373.44,63134.59,66504.44
67448.09,66816.1,62747.95999999999,66304.29
67369.87,66379.41,62221.69,66200.3
67145.36,65955.81,62022.66999999999,66006.38
66763.4,65551.97,61427.37,65800.32
65567.82,64647.355,60733.84,65024.543
65037.39000000001,64186.883,60345.18000000001,64551.832
64718.19999999999,63225.02,59392.96,63692.89
63028.08000000001,62542.41,58839.13999999999,62884.72
61572.79000000001,61599.742,57410.649999999994,61750.805
60714.86,60772.953,56476.98,60687.703
59684.69,59678.68,55559.48999999999,59442.12
58410.51,58869.516,54744.18,58280.8
57673.84999999999,57617.074,54009.36,56834.84
57332.41,56762.094,53424.48,55566.29
56243.76,55945.535,53087.05999999999,54369.047
55640.80000000001,55427.39,52418.23,53511.08
55087.82,54191.15,52152.74999999999,52504.652
53958.26,53283.332,51714.61,51390.65
52934.38,52628.72,50825.55,50370.02
52213.13999999999,51738.24,49959.58,49168.58
51272.48,50469.99,48690.80999999999,47896.03
50086.65,49823.48,47648.44,46953.883
49005.869999999995,49135.723,46729.05,46166.223
47778.64,48352.168,45528.73,45448.18
47340.3,47331.137,44483.64,44795.625
46609.41,46538.996,44073.1,44137.938
46343.78,46139.906,43495.72,43830.414
46164.7,45782.49,43098.13,43580.297
45952.16,45481.453,42650.95,43957.57
45840.27,45488.13,41881.28,43984.023
45315.96,45370.7,41818.43,43875.793
45027.04,45354.613,41708.39,43872.48
44598.63,44972.77,41506.66,43691.62
44551.07,44705.445,40954.79,43618.688
44535.15,44389.016,40824.41,43491.37
45094.5,44259.86,40722.28,43520.953
45115.14,44238.23,40118.51,43531.625
45650.22,44731.406,40278.45,44004.54
45727.98,45090.293,40564.51,44312.934
46072.53,45845.61,40609.34,44849.605
46321.49,46573.2,40991.58,45073.113
46779.89,47392.395,40964.01,45561.074
47440.21,48267.156,40896.74,45897.742
48543.94,49293.453,41459.34,46258.395
49208.86,50822.508,42274.23,46441.387
50083.399999999994,52157.867,42221.6,46926.406
52089.840000000004,53029.832,42739.24,47067.18
54399.38,53965.668,42559.36,47107.96
55849.24999999999,56319.44,43207.09,47197.312
56952.97,58032.496,43627.14,47636.043
58596.659999999996,59021.78,43906.82,47904.035
60473.78,59676.61,44256.53,48126.566
61871.79,61333.13,45334.82,48516.984
62891.25,61800.168,46210.3,49210.457
63504.63,62863.777,47312.93,50232.188
64122.56,63474.24,48087.17999999999,51051.87
64269.57,64500.957,49679.84,51875.383
64304.9,64691.04,50539.4,52799.574
64304.85,64790.39,51414.69,53719.11
64249.04,64789.97,52103.70999999999,54487.426
64396.85,65240.062,53617.07,55251.113
64566.91000000001,65034.98,54067.44,55849.2
65039.119999999995,64961.582,55066.14,56437.23
64767.6,65011.81,55423.55000000001,56960.223
64177.63,65580.0,55374.13,57579.316
64019.41,65183.668,55500.94999999999,57774.98
64017.09,64539.96,55345.02,57716.617
63827.15,64164.027,55281.270000000004,57668.156
63968.65,64421.676,54817.31,57766.883
64053.380000000005,64062.492,55388.0,57655.4
63830.850000000006,63881.566,56231.89,57632.453
64027.18,63739.016,56302.7,57563.445
63928.04,63740.52,56648.77,57380.98
63614.71,63538.375,56364.14,57158.61
63347.670000000006,63296.89,56364.43,56942.582
62931.84,62818.64,56041.8,56610.848
62397.549999999996,62771.977,55592.42,56198.668
61988.89,62225.062,54981.3,55531.49
61639.73999999999,61632.074,54529.99,55015.277
61884.64,61198.04,54284.95,54591.152
61218.91,61293.902,54157.54,54276.54
60892.97,61415.21,53978.97,53986.273
60779.25,61251.9,53503.12,53776.65
61074.73999999999,61190.53,53409.35999999999,53669.31
60239.44999999999,61630.16,54181.37000000001,53740.582
60427.77,62096.355,54295.95,53807.355
60596.26,62022.582,54532.93000000001,53780.12
61198.91000000001,62279.797,54527.63,53960.145
61487.08000000001,62634.727,54919.15,54249.88
62223.82,63198.98,55835.270000000004,54562.406
62761.88,63568.633,56794.23,54881.324
63419.98,63910.402,57719.670000000006,55309.65
62998.99,63746.02,57828.89,55708.504
63003.45,63838.08,58218.450000000004,56213.28
63134.59,63316.066,58710.01,56411.06
62747.95999999999,62764.176,59131.77999999999,56540.906
62221.69,61988.85,58941.51,56465.285
62022.66999999999,61557.195,58586.39,56507.45
61427.37,60955.28,58400.41999999999,56316.87
60733.84,60492.54,57986.189999999995,56091.773
60345.18000000001,59420.41,57253.64,55386.906
59392.96,58780.59,56518.36,54963.176
58839.13999999999,58308.645,56029.99,54580.152
57410.649999999994,57673.656,55533.39,54039.79
56476.98,56477.63,54914.149999999994,53191.258
55559.48999999999,55697.49,53854.58,52522.473
54744.18,54948.66,52877.07,51784.332
54009.36,54306.086,52119.13,51087.496
53424.48,53136.227,51655.29,50272.67
53087.05999999999,52745.727,51211.97,49685.223
52418.23,52307.906,50490.94000000001,49018.562
52152.74999999999,51876.75,49889.08999999999,48420.27
51714.61,50941.094,50170.33,48139.46
50825.55,50211.445,49698.21,47682.85
49959.58,49690.34,48861.630000000005,47262.31
48690.80999999999,48940.633,47943.59,46645.496
47648.44,47767.977,47156.9,45913.96
46729.05,46923.18,46386.49,45118.785
45528.73,46052.33,45827.99,44308.33
44483.64,45363.465,45198.13,43625.086
44073.1,44233.863,44741.25,42815.19
43495.72,43526.19,44043.95,42137.52
43098.13,43148.613,43695.45,41708.395
42650.95,42840.04,43292.75,41327.73
41881.28,42380.066,42646.05,40721.64
41818.43,42303.906,42044.95,40305.547
41708.39,41874.34,41778.32,39819.34
41506.66,41780.49,41483.95,39716.44
40954.79,41567.33,41348.79,39520.22
40824.41,41558.52,41572.01,39552.254
40722.28,41259.83,41615.8,39393.02
40118.51,41106.12,41225.75,39370.07
40278.45,40942.74,40696.38,39238.703
40564.51,40666.555,40484.68,39193.414
40609.34,40563.773,40269.95,39308.332
40991.58,40749.566,40398.89,39626.395
40964.01,40822.457,40677.46,39687.14
40896.74,41109.55,40618.15,40104.6
41459.34,41105.04,40813.62,40283.426
42274.23,41025.934,40771.59,40371.336
42221.6,41701.785,40844.09,40528.29
42739.24,42653.58,40815.02,40980.91
42559.36,42980.613,40642.92,40962.836
43207.09,43566.145,40462.66,40914.555
43627.14,44420.066,39817.73,40325.44
43906.82,44984.016,39976.32,39867.344
44256.53,45658.715,40036.36,39646.36
45334.82,46222.582,40287.29,39446.38
46210.3,47421.89,40649.85,38978.355
47312.93,47368.855,41085.04,38633.85
48087.17999999999,48739.438,41756.02,39492.254
49679.84,49703.504,42584.93,40212.44
50539.4,51285.81,44471.18,40898.07
51414.69,52230.05,45028.11,41836.43
52103.70999999999,53085.77,45452.3,42992.156
53617.07,53688.445,46351.12,44044.223
54067.44,54864.547,47231.34,45049.652
55066.14,55648.465,48018.11,46114.633
55423.55000000001,55937.918,48721.259999999995,47000.547
55374.13,56344.355,49136.72000000001,47835.246
55500.94999999999,56991.86,49247.530000000006,48511.59
55345.02,56607.41,49440.66,48850.52
55281.270000000004,56284.574,49905.58999999999,49261.09
54817.31,56006.316,50590.770000000004,49495.164
55388.0,56129.15,51823.19000000001,49677.414
56231.89,55582.945,52597.96,49716.355
56302.7,55602.105,53022.26,50089.17
56648.77,56021.957,53278.0,50512.926
56364.14,56360.445,54012.19,50625.984
56364.43,56349.473,53885.30000000001,50558.652
56041.8,55960.004,53547.33999999999,50399.11
55592.42,55667.312,53156.80000000001,50239.938
54981.3,55643.734,52676.44,50071.344
54529.99,55093.992,52116.73000000001,49606.24
54284.95,54425.797,51692.22000000001,49229.53
54157.54,53882.234,51362.26,48912.492
53978.97,53933.805,50667.22,48701.375
53503.12,53754.293,50277.21,48307.7
53409.35999999999,53622.99,49970.07000000001,48266.746
54181.37000000001,53426.97,49665.64000000001,48271.758
54295.95,53708.742,49844.29,48407.254
54532.93000000001,54441.473,49553.66000000001,48665.15
54527.63,55034.094,49562.59,49050.08
54919.15,55463.457,50151.86,49387.53
55835.270000000004,55770.758,51414.59,49678.18
56794.23,56319.895,52102.219999999994,50002.523
57719.670000000006,57267.168,52882.47,50618.625
57828.89,58079.344,53572.22,51304.965
58218.450000000004,58374.652,53879.29,51936.387
58710.01,58397.246,53853.86,52456.957
59131.77999999999,58304.36,54325.17,52995.902
58941.51,58323.797,54526.98999999999,53604.734
58586.39,57775.777,54496.97,53787.734
58400.41999999999,57499.92,54462.37,54089.125
57986.189999999995,56980.664,54334.9,54171.895
57253.64,56528.37,54308.31,54180.75
56518.36,55550.3,53966.95,53636.76
56029.99,55055.504,53353.26,53439.31
55533.39,54462.137,53122.09,53152.65
54914.149999999994,54057.816,52552.26000000001,52922.13
53854.58,53095.617,52182.77999999999,52235.7
52877.07,52849.297,51523.34,52121.48
52119.13,52247.707,50628.74,51757.99
51655.29,51612.414,50263.8,51310.348
51211.97,50596.164,49897.0,50576.53
50490.94000000001,50486.87,49509.70999999999,50417.203
49889.08999999999,50388.37,49149.21000000001,50170.715
50170.33,49899.52,49202.79,49716.242
49698.21,49008.11,49904.49,49452.645
48861.630000000005,48533.72,49372.37,49534.836
47943.59,48194.95,48376.52,49564.535
47156.9,47447.19,47863.50000000001,49242.582
46386.49,46155.184,46781.48,48500.883
45827.99,45491.234,45932.38,47973.19
45198.13,44883.19,45012.2,47364.707
44741.25,44413.88,44607.99,46790.32
44043.95,43576.5,43660.75,45996.312
43695.45,43319.945,43079.49,45509.48
43292.75,42941.598,42752.15,44929.76
42646.05,42701.8,42001.34,44444.254
42044.95,42325.36,41090.24,44057.36
41778.32,42138.61,40462.07,43914.977
41483.95,41688.547,40219.82,43574.41
41348.79,41444.703,40152.73,43374.88
41572.01,41024.805,39543.25,43077.75
41615.8,40995.35,39386.47,43070.59
41225.75,41129.273,39334.33,43177.51
40696.38,41269.11,39250.07,43286.11
40484.68,41009.188,39184.24,43154.44
40269.95,40764.645,39395.38,43087.234
40398.89,40560.76,39786.08,43089.44
40677.46,40399.08,39713.98,43158.867
40618.15,40327.76,40260.13,43367.53
40813.62,40595.875,40758.76,43891.53
40771.59,40524.61,41269.16,44238.785
40844.09,40536.81,41693.67,44700.836
40815.02,40520.566,43110.23,45330.285
40642.92,40622.63,43347.97,46101.29
40462.66,40583.758,43787.99,46841.23
39817.73,40638.04,43916.07,47715.957
39976.32,40897.055,45226.24,49021.16
40036.36,40895.082,45887.53,50172.914
40287.29,41040.457,46494.0,51354.13
40649.85,41473.37,47406.75,52735.246
41085.04,41948.1,49017.75,54892.246
41756.02,42364.832,50014.26,56461.043
42584.93,42944.047,51037.01,57635.355
44471.18,43542.117,52098.64,58623.145
45028.11,44592.914,52909.72,60267.652
45452.3,45973.03,53370.43,62073.168
46351.12,46605.973,53878.04,63596.316
47231.34,46962.254,54066.939999999995,64785.535
48018.11,48088.97,54060.55,66568.5
48721.259999999995,48930.594,54361.11,67767.32
49136.72000000001,49582.594,54794.060000000005,68263.766
49247.530000000006,50144.1,55361.9,68372.99
49440.66,50815.84,55454.26000000001,68883.27
49905.58999999999,51016.855,55375.54,68731.16
50590.770000000004,51068.86,55268.12,68200.02
51823.19000000001,51357.92,55604.38999999999,67806.02
52597.96,52063.938,56518.520000000004,68343.17
53022.26,52865.164,57086.43,68870.95
53278.0,53238.668,57648.67,69278.21
54012.19,53297.133,57805.259999999995,69521.555
53885.30000000001,53479.258,57896.229999999996,70132.48
53547.33999999999,53699.363,57707.9,70630.64
53156.80000000001,53477.887,57614.22,70807.91
52676.44,53041.066,57182.92,70667.1
52116.73000000001,52717.184,57042.23,70642.305
51692.22000000001,52210.242,56747.10999999999,70339.32
51362.26,51601.035,56341.03999999999,69879.22
50667.22,51135.38,56148.69,69465.29
50277.21,50924.74,56056.52999999999,69310.26
49970.07000000001,50464.477,55837.670000000006,68971.305
49665.64000000001,50111.633,55624.91999999999,68660.85
49844.29,50077.516,55809.64,68534.945
49553.66000000001,50345.63,55855.79,68508.375
49562.59,50842.676,55446.719999999994,68587.24
50151.86,51291.76,55094.79,68757.76
51414.59,51981.48,55247.229999999996,68948.01
52102.219999999994,53010.95,55545.01000000001,69050.28
52882.47,54155.81,55953.159999999996,69590.95
53572.22,54764.49,57011.75,70144.69
53879.29,55197.68,57994.20999999999,70506.734
53853.86,55115.344,58627.87,70115.68
54325.17,54905.17,58751.75,69762.695
54526.98999999999,54550.94,58799.57,69436.4
54496.97,54655.703,58781.27999999999,69251.875
54462.37,54406.434,58790.23,68432.05
54334.9,54355.684,58646.0,68009.96
54308.31,54149.277,58581.18,67784.72
53966.95,53969.973,58077.8,67560.99
53353.26,53437.215,57133.700000000004,66666.81
53122.09,53265.16,56376.47,66271.19
52552.26000000001,52689.773,55826.48,65864.85
52182.77999999999,52551.457,55185.119999999995,65487.766
51523.34,51902.96,54195.34,64358.223
50628.74,51908.09,53034.62,63729.535
50263.8,51558.984,52322.24,63186.664
49897.0,51253.445,51658.7,62478.016
49509.70999999999,50749.566,51399.75,61229.875
49149.21000000001,50726.527,50663.86000000001,60558.76
49202.79,50370.36,49911.58,60025.402
49904.49,50153.78,49834.53999999999,59444.11
49372.37,49646.055,50050.58,58302.78
48376.52,49579.508,49562.50000000001,57781.65
47863.50000000001,49110.992,48709.350000000006,57310.74
46781.48,48243.938,47687.27,56392.83
45932.38,47327.645,46235.6,55051.438
45012.2,46376.582,44882.59,53900.3
44607.99,45587.297,44102.42,52883.637
43660.75,44834.24,43642.44,51862.387
43079.49,44180.453,41827.01,50752.438
42752.15,43472.164,41119.63,49696.336
42001.34,43068.875,40650.36,48803.965
41090.24,42844.055,39821.91,48114.25
40462.07,42321.117,39025.06,47407.93
40219.82,41780.758,38768.86,46875.14
40152.73,41238.465,38073.58,46430.22
39543.25,40883.05,37990.25,46236.22
39386.47,40631.32,38596.08,46161.15
39334.33,40256.566,38619.68,45968.703
39250.07,39965.727,38535.2,45802.395
39184.24,39865.508,38335.62,45758.895
39395.38,39747.88,38347.72,45646.277
39786.08,39777.68,38237.61,45663.8
39713.98,40040.418,38229.66,45811.55
40260.13,40641.74,38536.42,46185.68
40758.76,41232.94,39492.35,46396.168
41269.16,42140.35,39295.71,47005.957
41693.67,43297.316,39387.66,47738.566
43110.23,44611.03,39520.42,48518.656
43347.97,46231.355,40123.34,49233.2
43787.99,48158.254,39978.46,50385.324
43916.07,49322.477,40147.26,51110.605
45226.24,50174.758,40321.17,51581.79
45887.53,51119.28,40787.04,51733.938
46494.0,52053.62,40625.59,52029.086
47406.75,52437.03,40807.91,52001.395
49017.75,52523.14,41342.34,51714.984
50014.26,53361.04,42510.41,51167.79
51037.01,53327.15,43296.93,50661.36
52098.64,53876.527,43839.28,50457.934
52909.72,54171.094,45005.79,50166.414
53370.43,55509.06,45906.88,50321.293
53878.04,55645.46,46373.48,50373.957
54066.939999999995,55820.04,47362.5,50695.707
54060.55,56158.836,48130.76,51183.44
54361.11,56921.082,48908.68,51923.598
54794.060000000005,56623.16,49485.66,52264.316
55361.9,56663.258,50232.88,52787.75
55454.26000000001,56839.812,51305.530000000006,53399.785
55375.54,57662.87,52513.19000000001,54242.57
55268.12,57400.87,52886.81,54530.348
55604.38999999999,57044.754,53127.32,54700.516
56518.520000000004,56696.203,53573.81,54822.18
57086.43,57086.434,54100.13,55239.617
57648.67,57385.484,54407.73,55568.29
57805.259999999995,57595.79,54211.27,55828.496
57896.229999999996,57626.43,53854.54,55999.38
57707.9,57982.375,53811.7,56095.57
57614.22,57674.08,53554.420000000006,55622.297
57182.92,57237.2,53670.06,55163.844
57042.23,56897.195,53242.54,54750.535
56747.10999999999,56769.88,52965.63,54200.367
56341.03999999999,56260.242,52669.969999999994,53342.375
56148.69,55923.375,52539.2,52722.445
56056.52999999999,55525.254,52415.22,52190.76
55837.670000000006,55648.61,51695.329999999994,51819.54
55624.91999999999,55540.5,50910.76,51255.395
55809.64,55580.25,50740.9,50989.727
55855.79,55707.965,49950.259999999995,50934.367
55446.719999999994,56380.562,49670.15,51121.44
55094.79,56715.254,49278.2,51080.492
55247.229999999996,56848.855,49284.9,51194.934
55545.01000000001,56862.766,49685.89,51293.508
55953.159999999996,57212.664,49774.38999999999,51445.875
57011.75,57654.477,50040.54000000001,51538.684
57994.20999999999,58070.645,50729.67,51814.582
58627.87,58742.184,51309.079999999994,52332.08
58751.75,59065.387,52049.02,52814.402
58799.57,59353.527,52608.11,53335.14
58781.27999999999,59282.016,52493.56,53737.586
58790.23,59001.12,52077.04,53987.277
58646.0,58216.7,52291.6,53832.707
58581.18,57982.434,51666.65,53974.83
58077.8,57721.316,51172.81,54070.56
57133.700000000004,57435.5,50472.45,54130.176
56376.47,56400.793,49766.9,53693.06
55826.48,55698.023,48765.97,53465.2
55185.119999999995,54993.156,48295.939999999995,53155.75
54195.34,54455.207,47797.07,52880.527
53034.62,53341.91,46791.54,52209.59
52322.24,52733.223,46081.54,51852.336
51658.7,51928.785,46007.62,51286.523
51399.75,51367.64,45688.26,50733.164
50663.86000000001,50371.227,45643.17,49918.375
49911.58,50261.957,45588.37,49589.04
49834.53999999999,49851.688,45432.9,48963.5
50050.58,49293.25,45030.04,48211.223
49562.50000000001,48856.023,45090.02,47962.88
48709.350000000006,48539.098,45028.22,47853.97
47687.27,48125.5,44690.81,47577.92
46235.6,47419.49,44275.55,47026.02
44882.59,46215.324,43645.88,46242.633
44102.42,45371.21,43004.2,45570.547
43642.44,44410.633,42326.18,44721.168
41827.01,43777.266,41830.89,44027.664
41119.63,43040.168,41337.23,43438.906
40650.36,42203.31,40826.37,42726.9
39821.91,41488.285,40336.19,42083.223
39025.06,41157.48,39742.75,41681.957
38768.86,40475.188,39074.88,40546.06
38073.58,40114.742,38383.92,40012.926
37990.25,39921.945,37856.74,39795.535
38596.08,39562.168,37574.65,39515.207
38619.68,39192.684,37247.42,39320.46
38535.2,39535.258,37012.17,39617.887
38335.62,39661.65,36747.16,39814.55
38347.72,39637.68,36736.89,39959.824
38237.61,39358.887,36783.95,39958.473
38229.66,39369.312,36643.98,40239.29
38536.42,39247.25,36636.79,40407.246
39492.35,39135.504,36481.64,40599.32
39295.71,39186.426,36384.25,40864.61
39387.66,39822.656,36411.64,41603.33
39520.42,39909.85,36782.67,42042.617
40123.34,39873.02,36876.57,42369.336
39978.46,40137.37,37166.42,42679.855
40147.26,40735.918,36978.69,43272.496
40321.17,40926.223,37075.6,43625.266
40787.04,41162.383,37090.32,43822.32
40625.59,41860.863,37016.75,43967.96
40807.91,42595.11,36891.52,44157.254
41342.34,42831.082,36809.33,44116.715
42510.41,43085.785,37378.42,44100.824
43296.93,44120.76,38047.9,44002.848
43839.28,44163.508,38288.62,43452.098
45005.79,45289.652,38714.0,44028.883
45906.88,45778.195,39485.5,44435.887
46373.48,47350.63,40737.01,45258.883
47362.5,47978.766,41598.77,45733.71
48130.76,48386.08,42229.48,46243.785
48908.68,49051.234,43255.71,46970.08
49485.66,50195.98,44936.81,47914.4
50232.88,50572.44,46133.85,48555.875
51305.530000000006,50991.742,46604.72,49148.91
52513.19000000001,51375.266,47288.15,49618.637
52886.81,52428.66,48033.63,50482.53
53127.32,53066.46,48770.92,51243.543
53573.81,53195.445,49197.05,51752.324
54100.13,53180.684,49641.65,52043.023
54407.73,53729.96,50070.25,52443.258
54211.27,53957.38,50864.69,52642.887
53854.54,54108.395,51117.27999999999,52824.91
53811.7,53943.047,51140.05000000001,52713.723
53554.420000000006,53985.188,51201.71000000001,52572.305
53670.06,53795.445,50740.19999999999,52218.8
53242.54,53567.26,50306.08,51906.145
52965.63,53428.45,49799.26,51631.508
52669.969999999994,53444.24,48317.85,51251.906
52539.2,53024.383,47865.63,50664.17
52415.22,52706.004,47491.49,50259.61
51695.329999999994,52547.473,47291.08,49926.168
50910.76,52740.84,46817.75,49594.004
50740.9,52330.617,46411.68,48956.44
49950.259999999995,51868.035,46166.43,48480.21
49670.15,51857.066,45872.49,48281.14
49278.2,51844.58,45923.08,47993.906
49284.9,51608.438,45839.73,47543.695
49685.89,51641.035,45418.02,47480.39
49774.38999999999,51839.934,45007.66,47559.266
50040.54000000001,52335.84,44822.68,47774.05
50729.67,52570.844,45042.53,47712.293
51309.079999999994,52888.223,45629.34,47786.363
52049.02,53331.254,46447.6,47980.277
52608.11,53430.305,47277.51,48101.086
52493.56,53753.867,47355.37,48380.88
52077.04,54087.14,47834.14,48812.64
52291.6,53911.574,48055.38,49018.008
51666.65,53007.348,48460.07,48791.996
51172.81,52810.668,48278.26,48862.95
50472.45,52407.996,48305.03,48802.473
49766.9,51830.7,48144.71,48647.06
48765.97,50750.34,47887.56,48147.086
48295.939999999995,50074.188,47432.25,47861.855
47797.07,49340.516,47258.04,47463.21
46791.54,48800.51,46859.04,47127.312
46081.54,47928.285,46395.19,46646.758
46007.62,47264.05,45651.2,46270.227
45688.26,46653.855,44925.65,45782.367
45643.17,46426.906,44906.05,45505.83
45588.37,45773.562,44516.15,45118.27
45432.9,45650.074,44507.98,44963.84
45030.04,45536.39,44299.37,44638.098
45090.02,45346.855,43968.03,44287.793
45028.22,45064.797,44451.98,44473.543
44690.81,44856.324,44285.45,44601.11
44275.55,44759.31,43730.24,44430.723
43645.88,44520.76,42986.83,44116.83
43004.2,43931.332,42968.79,43758.137
42326.18,43715.23,42501.2,43493.19
41830.89,43316.016,41616.5,43007.332
41337.23,42962.76,41073.01,42566.34
40826.37,42332.766,39412.22,42128.586
40336.19,42120.844,38800.43,41866.34
39742.75,41755.92,38305.61,41447.016
39074.88,41431.453,37903.65,41067.55
38383.92,42427.66,37512.53,39958.336
37856.74,41962.39,36987.28,39860.875
37574.65,41615.69,36713.51,39488.914
37247.42,40966.285,36423.17,38997.457
37012.17,40262.715,36633.32,38469.67
36747.16,39836.414,36280.2,38209.87
36736.89,39408.8,36244.45,37976.348
36783.95,38971.77,36171.69,37783.332
36643.98,38431.637,36065.86,37465.457
36636.79,38193.17,35896.95,37566.65
36481.64,37829.023,36003.18,37643.418
36384.25,37458.812,36037.75,37753.16
36411.64,36976.094,36787.08,37629.78
36782.67,36662.113,37171.31,37878.94
36876.57,36363.562,37055.51,38150.023
37166.42,36282.51,36871.82,38549.242
36978.69,36330.91,37208.82,38794.062
37075.6,36591.74,36966.71,39389.85
37090.32,36638.51,37003.76,39926.277
37016.75,36824.918,36753.17,40487.863
36891.52,37612.11,36862.53,40957.19
36809.33,38232.418,36859.41,41457.645
37378.42,38626.566,36618.24,41836.227
38047.9,39016.797,37025.32,42071.324
38288.62,40012.254,37772.61,42164.22
38714.0,40535.8,38217.32,42394.016
39485.5,41218.426,38690.44,43036.656
40737.01,41637.582,39420.24,43570.312
41598.77,42672.344,40351.93,44238.477
42229.48,43737.516,40711.8,45164.67
43255.71,44488.79,41205.84,46327.33
44936.81,44961.97,42092.72,47435.39
46133.85,46011.45,43332.02,48918.773
46604.72,47211.816,44077.49,50753.723
47288.15,48117.56,44619.38,52450.832
48033.63,48423.47,45041.1,53661.53
48770.92,49127.676,46020.07,54922.56
49197.05,49636.844,46420.48,56049.29
49641.65,49953.484,47173.57,56793.523
50070.25,50125.047,47617.97,57165.477
50864.69,50585.12,48203.74,57593.066
51117.27999999999,50916.684,48606.36,57873.168
51140.05000000001,51185.703,48946.43,57885.52
51201.71000000001,51279.625,49252.06,57682.008
50740.19999999999,51421.46,49476.44000000001,57504.766
50306.08,51500.914,49205.840000000004,57249.33
49799.26,51087.605,48671.57,56775.035
48317.85,50634.023,48081.659999999996,56124.598
47865.63,50332.168,47822.3,55501.094
47491.49,49478.54,47388.74,54576.492
47291.08,48857.74,46917.4,53812.777
46817.75,48570.492,46517.64,53252.195
46411.68,48554.41,46266.32,52781.02
46166.43,48332.023,45943.67,52293.74
45872.49,48050.98,45763.46,52194.418
45923.08,47962.16,45587.83,52171.332
45839.73,48027.562,46086.42,52094.965
45418.02,48069.938,46073.61,52086.816
45007.66,48202.195,45863.32,52330.574
44822.68,48145.39,45858.23,52558.496
45042.53,48033.37,46634.13,52521.11
45629.34,47935.14,47101.63,52501.28
46447.6,48201.543,47909.8,52867.08
47277.51,48732.043,48622.149999999994,53397.63
47355.37,49241.7,49037.36,53686.426
47834.14,49745.688,49286.12000000001,54140.383
48055.38,49923.844,49444.60999999999,54637.96
48460.07,50085.98,49532.149999999994,55213.73
48278.26,49930.473,49357.42999999999,55309.14
48305.03,50015.652,49220.54,55635.08
48144.71,49915.5,49128.719999999994,55852.312
47887.56,49779.96,48901.35,56071.152
47432.25,49221.027,48891.409999999996,55645.99
47258.04,48904.258,48369.78,55452.043
46859.04,48588.57,47872.439999999995,55204.45
46395.19,48418.22,47524.49,55028.59
45651.2,47737.734,47058.84,54266.26
44925.65,47371.867,46597.86,53778.742
44906.05,46951.777,46182.38,53317.438
44516.15,46481.223,45766.63,52836.65
44507.98,45978.98,46368.09,52058.01
44299.37,45735.965,46243.92,51500.863
43968.03,45635.992,46133.91,51038.688
44451.98,45499.504,45964.6,50651.88
44285.45,44989.434,46775.82,49882.68
43730.24,44424.754,46343.05,49019.617
42986.83,44163.62,45814.85,48468.043
42968.79,43594.598,45038.03,47796.906
42501.2,42617.945,43931.58,46785.13
41616.5,42267.82,43048.16,46132.8
41073.01,42012.37,42179.27,45622.242
39412.22,41471.816,41490.55,45021.605
38800.43,40708.97,40534.41,44236.28
38305.61,39824.863,39934.43,43267.92
37903.65,39203.25,39764.87,42451.227
37512.53,38907.055,39318.03,41892.906
36987.28,37876.066,39047.39,40943.113
36713.51,37544.332,38575.15,40280.844
36423.17,37215.72,38289.57,39790.035
36633.32,36933.312,37989.4,39455.164
36280.2,36588.164,37953.27,39061.87
36244.45,36684.78,37843.88,39034.42
36171.69,36538.62,37696.94,38886.637
36065.86,36378.906,37668.64,38802.04
35896.95,36162.11,37714.58,38602.336
36003.18,36073.54,37720.86,38677.5
36037.75,35816.293,37755.18,38704.996
36787.08,35736.42,38004.37,38872.79
37171.31,35637.137,38342.55,38876.44
37055.51,35999.535,38543.99,39397.33
36871.82,36347.504,38945.71,39908.91
37208.82,36255.402,39149.07,40194.76
36966.71,36186.355,39521.94,40308.016
37003.76,36494.27,39900.39,40816.54
36753.17,36542.71,39990.96,41166.24
36862.53,36693.996,40363.41,41517.81
36859.41,37172.215,41486.41,41757.555
36618.24,37642.28,41865.07,42114.84
37025.32,38001.543,42663.37,42421.844
37772.61,38186.113,43577.93,42547.812
38217.32,38780.0,45186.96,42593.125
38690.44,39447.176,45937.24,43251.785
39420.24,40258.105,47024.59,43949.73
40351.93,40826.664,48146.35,44423.324
40711.8,41981.934,49269.55999999999,45053.316
41205.84,42898.863,49672.06999999999,45858.125
42092.72,43339.293,50302.479999999996,46538.695
43332.02,43736.9,50901.1,47070.2
44077.49,44923.39,51723.11,48007.457
44619.38,45920.293,52444.90000000001,49182.09
45041.1,46486.336,52995.89,50165.387
46020.07,46799.426,53182.600000000006,50911.004
46420.48,47454.76,53730.19999999999,51882.69
47173.57,48093.016,54025.52,53093.402
47617.97,48305.14,54119.62000000001,53994.4
48203.74,48627.914,54126.6,54805.375
48606.36,49163.887,54247.50000000001,55739.875
48946.43,49594.258,54518.380000000005,56720.164
49252.06,49659.207,55038.98,57145.97
49476.44000000001,49708.723,55231.94,57235.93
49205.840000000004,49962.758,55417.82,57307.652
48671.57,50193.582,55362.05999999999,57458.85
48081.659999999996,49913.42,55163.00000000001,57241.727
47822.3,49461.2,55149.51999999999,56702.84
47388.74,49131.38,55427.78,55976.1
46917.4,48962.406,54789.600000000006,55544.266
46517.64,48661.617,54397.16999999999,55152.21
46266.32,48347.203,54053.51000000001,54731.184
45943.67,48221.52,54159.03,54182.97
45763.46,48122.35,53868.5,53796.0
45587.83,47953.926,53869.82,53623.7
46086.42,47878.453,53650.72,53484.63
46073.61,47965.03,53814.41999999999,53218.89
45863.32,48303.805,53540.5,53187.734
45858.23,48518.03,53707.42,53382.887
46634.13,48478.54,53948.06,53531.78
47101.63,48514.61,54044.02999999999,53435.938
47909.8,49009.72,54519.48,53603.734
48622.149999999994,49570.414,55463.53,53983.41
49037.36,50159.03,56495.06,54453.926
49286.12000000001,50505.348,57041.41,54698.562
49444.60999999999,50778.99,57272.78,55031.562
49532.149999999994,50940.637,57399.95,55390.965
49357.42999999999,51010.246,57634.94,55698.707
49220.54,50694.54,57287.88,55550.234
49128.719999999994,50502.227,56922.64000000001,55500.633
48901.35,50341.285,56560.56999999999,55441.88
48891.409999999996,50217.297,56276.1,55395.84
48369.78,49628.863,56140.72000000001,54842.363
47872.439999999995,49433.74,55209.25,54648.367
47524.49,49143.613,54912.13,54406.734
47058.84,48746.043,54484.119999999995,54101.65
46597.86,47976.855,53268.39,53411.113
46182.38,47550.1,52341.06,52978.6
45766.63,47243.785,51342.189999999995,52599.008
46368.09,46959.816,50361.149999999994,52250.414
46243.92,46213.977,50133.119999999995,51517.793
46133.91,46366.152,49769.32000000001,51256.418
45964.6,46435.28,49267.05,51010.668
46775.82,46212.324,48835.02,50685.652
46343.05,45868.15,49073.06,50080.52
45814.85,45494.434,48469.17,49307.27
45038.03,45245.855,47711.7,48783.402
43931.58,44640.05,46893.61,48112.375
43048.16,43696.0,46311.15,47178.164
42179.27,42843.246,45746.09,46201.035
41490.55,42174.676,44803.48,45361.598
40534.41,41610.48,44204.01,44619.32
39934.43,40820.63,43312.45,43774.29
39764.87,40211.082,42692.25,42980.066
39318.03,39741.562,42029.15,42328.703
39047.39,39572.164,41814.44,41937.137
38575.15,38483.73,41198.17,42030.113
38289.57,37994.016,40857.28,41522.79
37989.4,38066.46,40641.19,41377.906
37953.27,37706.645,40557.54,40892.887
37843.88,37622.12,40463.16,40643.504
37696.94,37628.43,40412.87,40554.836
37668.64,37687.957,40375.44,40561.29
37714.58,37620.152,40118.33,40516.68
37720.86,37502.77,40089.52,40417.363
37755.18,37540.98,40121.94,40568.12
38004.37,37508.727,40260.62,40678.465
38342.55,37445.023,40333.98,40801.84
38543.99,37537.816,40725.35,40885.953
38945.71,37872.664,40881.18,41286.84
39149.07,38045.375,40936.67,41570.215
39521.94,38384.035,40988.05,41936.164
39900.39,38901.145,41207.68,42101.273
39990.96,39445.777,41095.14,42487.035
40363.41,39911.273,40996.36,42764.652
41486.41,40298.285,41057.66,42945.297
41865.07,41129.656,41120.94,42987.24
42663.37,42281.363,41347.45,43477.793
43577.93,42894.676,41339.33,43669.457
45186.96,43675.2,41682.62,43918.703
45937.24,45316.254,42831.93,44109.285
47024.59,45677.617,43342.2,44429.543
48146.35,46860.758,43901.47,45335.13
49269.55999999999,47678.15,44929.77,45964.625
49672.06999999999,49324.98,46110.71,46627.92
50302.479999999996,50214.32,46630.66,47335.35
50901.1,50715.46,47198.14,47861.918
51723.11,51282.87,47918.93,48380.465
52444.90000000001,52338.273,49208.98,48928.438
52995.89,53052.527,50020.16,49590.61
53182.600000000006,53578.13,50660.33999999999,50241.508
53730.19999999999,54041.76,50961.82,50806.5
54025.52,54576.62,50403.13,51206.246
54119.62000000001,54937.844,50489.33,51676.62
54126.6,55002.406,50811.43,52004.812
54247.50000000001,54947.895,51023.189999999995,52204.12
54518.380000000005,55164.62,51025.93000000001,52338.61
55038.98,55212.34,51364.71,52542.2
55231.94,55139.633,51719.36,52680.15
55417.82,55293.84,51750.85,52945.195
55362.05999999999,55631.168,51642.3,53110.87
55163.00000000001,55659.73,51526.450000000004,53301.098
55149.51999999999,55401.39,51402.48,53365.85
55427.78,55076.004,50974.4,53242.23
54789.600000000006,55044.383,50834.35,53079.258
54397.16999999999,55091.484,50460.490000000005,53130.605
54053.51000000001,54639.15,50087.409999999996,52875.645
54159.03,54135.594,49899.66,52495.195
53868.5,53995.277,49424.18,52127.812
53869.82,53982.293,48936.78999999999,51903.332
53650.72,53956.523,48784.94000000001,51810.984
53814.41999999999,54052.188,48958.450000000004,51806.78
53540.5,54365.855,49710.91,51849.723
53707.42,54641.734,49686.99,51877.97
53948.06,54841.336,49836.5,51990.992
54044.02999999999,55174.18,50197.9,52155.89
54519.48,55646.766,51081.69,52387.492
55463.53,55885.848,51847.79,52477.06
56495.06,56392.49,52902.97,52759.562
57041.41,57099.277,53989.46,53160.336
57272.78,57574.18,55220.96,53570.094
57399.95,57870.668,55536.67999999999,53895.56
57634.94,57894.652,55865.729999999996,54134.445
57287.88,57768.688,55985.939999999995,54273.85
56922.64000000001,57322.547,56044.03999999999,54241.28
56560.56999999999,56972.57,55794.09,54198.31
56276.1,56575.34,55661.2,54092.707
56140.72000000001,56157.914,55282.58,53914.047
55209.25,55409.574,55067.4,53564.047
54912.13,55231.67,54285.340000000004,53531.2
54484.119999999995,54669.848,53913.91,53211.125
53268.39,54282.484,53283.02,52925.312
52341.06,53495.344,52544.44,52492.152
51342.189999999995,52751.277,51588.6,52006.125
50361.149999999994,52050.15,50757.45,51455.96
50133.119999999995,51359.59,50083.72,50867.953
49769.32000000001,50225.266,49692.84,50125.098
49267.05,49891.76,49299.05,49698.45
48835.02,49617.816,48859.69999999999,49286.67
49073.06,49088.645,48483.16999999999,48750.957
48469.17,48386.45,48739.93000000001,48172.676
47711.7,47681.645,48352.649999999994,47426.99
46893.61,47130.54,47718.32,46845.887
46311.15,46422.574,46862.41,46212.785
45746.09,45362.6,45613.64,45494.51
44803.48,44817.492,44946.6,44975.977
44204.01,44376.688,44327.02,44525.69
43312.45,43824.816,43679.44,44013.47
42692.25,43019.555,42966.35,43449.47
42029.15,42528.242,42367.59,43001.613
41814.44,42078.656,41883.76,42575.406
41198.17,41685.875,41323.17,42215.727
40857.28,41249.297,40490.68,41587.645
40641.19,40978.863,40098.85,41149.234
40557.54,40686.625,40092.35,40823.926
40463.16,40581.4,40126.02,40702.805
40412.87,40300.56,40039.16,40468.016
40375.44,40340.63,40197.36,40528.547
40118.33,40287.332,40107.23,40542.113
40089.52,40269.69,39955.3,40584.74
40121.94,39931.395,39704.18,40375.703
40260.62,39796.664,39544.84,40478.684
40333.98,39634.3,39535.87,40576.13
40725.35,39503.664,39205.18,40723.723
40881.18,39347.4,39181.75,40710.38
40936.67,39432.7,39315.67,41005.46
40988.05,39425.477,39500.73,41157.367
41207.68,39457.184,39300.77,41282.234
41095.14,39722.36,39395.92,41253.938
40996.36,40109.56,39226.99,41442.152
41057.66,40297.152,38963.56,41444.81
41120.94,40392.293,38774.09,41359.14
41347.45,41056.566,38259.45,41088.55
41339.33,41447.37,38168.65,40909.387
41682.62,41836.797,38333.76,40728.957
42831.93,42207.152,38326.75,40510.16
43342.2,43487.71,38634.59,40362.46
43901.47,43855.375,38838.68,40652.09
44929.77,44946.2,39316.78,41431.51
46110.71,45450.016,39833.95,41836.406
46630.66,46981.145,40893.06,42374.523
47198.14,47953.125,41504.95,43071.527
47918.93,48615.84,41982.59,43738.26
49208.98,49106.836,42653.5,44276.28
50020.16,50298.5,43720.45,44818.133
50660.33999999999,51209.438,44557.55,45504.047
50961.82,51887.16,45222.76,46325.57
50403.13,52271.98,45558.7,46988.375
50489.33,52902.594,45443.19,47519.105
50811.43,52514.61,45874.4,47612.746
51023.189999999995,52237.133,46163.09,47921.63
51025.93000000001,52322.305,46647.25,48467.355
51364.71,52749.793,47075.67,49073.88
51719.36,52792.566,47978.079999999994,49501.28
51750.85,52700.145,48817.41,49832.625
51642.3,52775.375,49169.65,50190.258
51526.450000000004,52991.004,49765.27,50404.598
51402.48,52832.68,49658.310000000005,50511.082
50974.4,52463.836,49329.34,50601.22
50834.35,52135.664,48642.200000000004,50761.883
50460.490000000005,51963.402,48207.26999999999,50730.367
50087.409999999996,51660.473,47567.73,50651.613
49899.66,51224.61,47447.83,50512.664
49424.18,50744.902,46942.54,50281.64
48936.78999999999,50668.684,46633.05,49969.17
48784.94000000001,50240.297,46401.26,49448.99
48958.450000000004,49722.5,46195.93,49129.07
49710.91,49586.258,46016.87,48989.02
49686.99,50125.203,46634.49,48962.19
49836.5,50823.73,46541.91,48932.785
50197.9,51172.344,46662.28,49021.723
51081.69,51448.414,46844.31,49271.246
51847.79,52028.582,47934.65000000001,49631.53
52902.97,53012.914,48697.09999999999,50042.234
53989.46,53911.062,49650.159999999996,50526.367
55220.96,54802.484,50695.56,51021.805
55536.67999999999,55292.105,51903.99999999999,51412.145
55865.729999999996,56152.188,52349.78,52100.055
55985.939999999995,56319.598,52426.119999999995,52605.973
56044.03999999999,56251.074,52648.82,52968.395
55794.09,55652.53,53096.33999999999,52909.26
55661.2,55534.13,52981.91,53107.066
55282.58,55231.156,53045.38,53204.246
55067.4,54937.598,52707.03,53292.418
54285.340000000004,54076.22,52605.84,52921.945
53913.91,53841.504,52161.16,53001.406
53283.02,53340.652,51854.46,52835.66
52544.44,52967.586,51149.24999999999,52679.45
51588.6,52065.047,50926.2,52131.63
50757.45,51622.96,50040.41000000001,52015.914
50083.72,51034.02,49330.49999999999,51779.684
49692.84,50446.457,48925.32000000001,51483.12
49299.05,49530.727,48402.12,50886.168
48859.69999999999,49313.0,48262.68,50739.96
48483.16999999999,49098.258,48231.93,50558.008
48739.93000000001,48729.395,48552.59,50246.434
48352.649999999994,48160.184,48836.880000000005,49561.164
47718.32,47403.797,48225.64,49139.566
46862.41,47033.203,47524.35,48928.418
45613.64,46375.02,47211.26,48509.7
44946.6,45222.195,46296.56,47718.566
44327.02,44306.453,45411.16,47046.773
43679.44,43666.152,44909.83,46489.082
42966.35,43224.81,43967.5,46035.324
42367.59,42355.45,43331.98,45289.395
41883.76,41944.0,43487.44,44803.918
41323.17,41559.234,42871.9,44308.797
40490.68,41257.793,42413.72,43878.19
40098.85,40746.48,41684.33,43782.234
40092.35,40491.684,41278.32,43672.203
40126.02,40075.28,40963.07,43378.39
40039.16,40027.727,40626.37,43317.086
40197.36,39800.062,40373.15,43143.86
40107.23,39883.2,40063.59,43208.945
39955.3,39942.36,39808.5,43267.13
39704.18,39930.04,39859.5,43299.16
39544.84,39637.47,40212.26,43184.477
39535.87,39546.977,40318.42,43259.14
39205.18,39348.527,40275.35,43288.41
39181.75,39256.3,39971.13,43424.035
39315.67,38904.406,40629.16,43478.363
39500.73,38838.316,41065.13,43752.945
39300.77,38770.75,41320.28,44066.99
39395.92,38794.13,41440.39,44491.457
39226.99,38622.47,42375.37,44926.273
38963.56,38702.664,42749.95,45500.137
38774.09,38584.996,43018.66,45986.69
38259.45,38471.26,43234.87,46503.906
38168.65,38578.297,43894.42,47419.133
38333.76,38696.24,44596.65,48219.656
38326.75,38766.32,45464.96,48981.418
38634.59,39254.58,46438.86,49932.48
38838.68,39870.04,47795.47,51813.406
39316.78,40584.27,48202.83,52945.074
39833.95,40989.816,49311.39,53722.64
40893.06,41521.74,50002.280000000006,54380.098
41504.95,42408.35,50994.439999999995,55577.684
41982.59,43324.73,51174.89000000001,56611.64
42653.5,43885.336,52028.39,57525.4
43720.45,44366.887,52625.07,58371.098
44557.55,45225.55,53198.0,59899.85
45222.76,46102.94,53840.98999999999,61349.152
45558.7,46715.6,54314.11,62526.94
45443.19,47221.465,54482.36,63428.746
45874.4,47727.242,53647.97,64557.914
46163.09,47825.508,53341.87,65066.645
46647.25,47947.477,53536.530000000006,65148.37
47075.67,48127.523,53373.73,65099.03
47978.079999999994,48584.938,53166.16,65549.51
48817.41,48849.55,53509.58,65786.26
49169.65,49127.625,53799.89,65961.805
49765.27,49458.91,54040.52,66268.94
49658.310000000005,49741.344,54199.29,66944.24
49329.34,49884.258,54277.26,67447.33
48642.200000000004,49643.06,54002.93,67609.33
48207.26999999999,49190.586,54077.67,67525.84
47567.73,48809.7,53388.99,67564.75
47447.83,48300.246,52681.31999999999,67384.89
46942.54,47776.746,52248.34,67092.92
46633.05,47490.312,52291.84,66956.01
46401.26,47318.94,52711.100000000006,67043.42
46195.93,46973.836,52495.28,67036.77
46016.87,46817.055,52220.94,67109.695
46634.49,46813.97,52298.16,67245.52
46541.91,47234.766,52820.61,67426.25
46662.28,47914.57,52612.39,67849.305
46844.31,48617.004,52653.63,68316.23
47934.65000000001,49514.527,52790.47,68726.48
48697.09999999999,50564.22,53410.58,68844.55
49650.159999999996,51696.03,53870.66999999999,69269.555
50695.56,52488.035,54648.57,69746.39
51903.99999999999,53078.2,55897.18,70182.766
52349.78,53321.117,57720.63,70098.34
52426.119999999995,53560.49,58340.33000000001,70293.14
52648.82,53535.207,58514.81,70458.77
53096.33999999999,53291.418,58512.89,70390.414
52981.91,53031.49,58888.11,69561.61
53045.38,53192.785,58674.88,69271.92
52707.03,53026.668,58449.51,69067.086
52605.84,52968.074,58244.14,68786.125
52161.16,52461.816,57671.7,67647.47
51854.46,52358.63,56982.32,67005.945
51149.24999999999,52064.51,56746.04,66555.19
50926.2,51863.395,56307.12,66066.4
50040.41000000001,51238.7,55191.51,64660.832
49330.49999999999,51243.152,54233.36,63914.78
48925.32000000001,50727.516,53473.14,63238.668
48402.12,50380.895,52937.33,62443.543
48262.68,49790.637,52377.87000000001,61056.484
48231.93,49557.316,52039.83,60217.78
48552.59,49258.953,51803.86,59645.21
48836.880000000005,49183.21,51524.9,59204.883
48225.64,48836.414,51596.25,58165.36
47524.35,48566.062,50922.87,57650.44
47211.26,47990.715,50169.18,57151.06
46296.56,47318.055,49606.21,56412.16
45411.16,46611.812,48913.1,55331.773
44909.83,45905.043,47648.84,54525.04
43967.5,45247.05,46750.3,53771.984
43331.98,44791.074,46214.91,53139.02
