actual_mw_step_1,predicted_mw_step_1,actual_mw_step_96,predicted_mw_step_96
66114.8,68044.01,66399.16,67303.65
65745.48,67379.31,66095.85,67018.95
65831.14,67289.664,66086.65,66710.01
66097.46,67330.38,65938.28,66710.72
64986.21,67235.13,65462.39,66389.14
65064.63,66405.72,64985.74,66093.84
64837.55,66280.83,64624.65,65592.7
64688.13,66145.44,64291.08,65248.21
64041.07,66053.16,63937.56,64879.75
63823.44,65121.27,63498.84,64508.266
63329.79,64974.195,63316.87,63835.402
63416.06,64833.336,62769.86,63467.22
63354.7,64758.824,63015.31,63189.023
63601.16,63975.625,62894.86,62964.035
63212.0,63942.87,62655.68,62499.926
63412.88,63952.67,62613.42,62411.08
63706.2,64065.887,62665.94,62329.71
62842.97,63599.316,62925.71,62256.504
62603.36,63549.547,62446.66,61880.98
62608.54,63574.047,62155.26,61908.69
62634.69,63700.67,62218.64,61923.844
62119.49,63487.977,62265.92,61971.453
61447.82,63464.094,61875.85,61784.312
61205.91,63431.67,61176.81,62035.566
60647.44,63479.203,61165.0,62282.72
59887.57,64015.76,60744.01,62497.656
59090.74,64221.633,60194.68,63149.082
58404.26,64565.445,59134.34,63873.574
57595.32,64617.105,58534.5,64326.66
57103.93,62766.508,57937.86,64206.375
56789.25,61428.258,57098.09,62644.71
56098.48,60339.703,56478.29,61148.996
55551.27,59327.35,56144.43,59915.766
55344.38,57434.855,55985.92,58853.027
54611.67,56511.594,55741.65,57604.89
53407.12,55712.676,54939.25,56618.277
52363.0,54899.4,53766.17,55651.676
50940.67,52513.215,52587.71,54776.98
50091.27,51446.715,51512.43,52544.23
49145.77,50118.86,50367.01,51496.22
48468.03,48925.65,49631.91,50232.97
47470.18,47869.12,48806.58,49107.97
47193.64,46945.273,47812.53,48184.656
46347.85,46312.53,47384.15,47358.883
46008.07,45731.12,46765.35,46664.945
45548.38,45268.953,46490.39,46074.41
45247.89,44862.04,45696.63,45565.645
44931.39,44539.81,45563.31,45086.625
44547.95,44281.086,45122.56,44658.938
44524.75,43816.62,44890.48,44283.03
44642.36,44116.406,44352.46,43732.367
44290.96,44394.867,44333.34,43547.324
44240.11,44566.11,44119.5,43514.094
44326.7,44847.867,44319.53,43539.57
44539.03,45087.89,44422.4,43705.156
44742.02,45367.617,44389.48,43857.66
44787.4,45648.45,44518.26,44061.918
45052.08,46047.42,44772.76,44300.79
45473.6,46338.973,44945.25,44687.41
45908.14,46710.45,45107.08,45069.1
46227.97,47168.88,45429.45,45536.47
46605.74,47948.562,45916.97,46079.484
47086.68,48686.01,46838.53,46785.008
48342.36,49651.008,47259.31,47404.07
49819.66,51278.82,47852.4,47978.355
52896.41,54566.41,49319.66,48488.3
54991.52,57826.17,52569.76,49118.39
56848.92,60300.363,54610.91,50173.812
58169.77,62107.707,56238.55,51871.51
59389.38,63560.64,57651.64,54269.86
60438.76,64411.48,59135.97,57252.28
61782.72,64991.047,60406.62,59260.367
62281.93,65431.902,61342.09,60890.402
62211.6,66636.11,62175.49,62090.723
62799.99,66764.42,62401.85,63614.504
63334.2,67035.96,62610.06,64050.902
63584.36,67285.85,63076.96,64413.965
63675.02,67590.62,63467.84,64706.793
64128.32,67764.18,63394.48,65173.74
64361.62,67896.83,63779.25,65380.21
64606.92,67997.734,64260.84,65570.195
65290.04,68158.83,64844.71,65740.805
65751.53,68185.79,64429.93,66149.96
66221.79,68229.42,64246.05,66347.55
66640.59,68258.37,64594.36,66573.98
67701.31,68345.07,65021.12,66817.336
67995.71,68374.69,65193.29,67315.19
68193.59,68423.016,65779.55,67502.94
68036.12,68440.33,66253.13,67625.88
67448.55,68382.56,66525.64,67692.53
67066.75,68355.74,66166.18,67914.21
66935.12,68336.14,66034.78,67815.55
66872.5,68302.2,66089.29,67687.06
67045.83,68000.56,66123.28,67554.85
66813.48,67909.55,66061.6,67471.55
66399.16,67880.68,65994.02,67229.516
66095.85,67828.45,65935.53,66972.51
66086.65,67257.19,65539.83,66725.31
65938.28,67117.234,65223.34,66392.266
65462.39,67032.9,65194.81,66042.125
64985.74,66943.16,64990.36,65697.11
64624.65,66133.26,64857.03,65363.816
64291.08,65972.69,64863.32,64855.594
63937.56,65812.97,64652.73,64493.0
63498.84,65655.73,64036.67,64138.477
63316.87,64713.984,63281.85,63779.29
62769.86,64497.38,62769.89,63112.594
63015.31,64310.656,62218.73,62747.535
62894.86,64228.24,61899.85,62469.09
62655.68,63466.285,61675.19,62257.7
62613.42,63343.695,61731.97,61787.93
62665.94,63313.516,61679.58,61715.004
62925.71,63347.96,62041.69,61651.414
62446.66,62842.35,62037.26,61591.957
62155.26,62797.45,61804.34,61236.82
62218.64,62804.254,61540.77,61283.703
62265.92,62916.66,61551.67,61319.5
61875.85,62687.324,61590.5,61370.453
61176.81,62715.04,61472.89,61147.516
61165.0,62726.32,60585.89,61367.723
60744.01,62804.445,60469.46,61581.676
60194.68,63019.953,60090.83,61777.72
59134.34,63138.008,59582.51,62262.48
58534.5,63279.242,58864.49,62895.164
57937.86,63467.094,58080.45,63301.734
57098.09,62408.246,57311.16,63211.23
56478.29,61008.855,56766.2,61753.58
56144.43,59798.21,56180.34,60468.637
55985.92,58780.203,55801.63,59333.465
55741.65,56924.625,55806.59,58313.02
54939.25,55993.97,54934.59,56955.395
53766.17,55140.527,54237.96,55907.113
52587.71,54314.65,53196.05,54873.49
51512.43,51515.957,52254.64,53931.816
50367.01,50554.938,50966.18,51533.69
49631.91,49337.492,49833.27,50556.727
48806.58,48333.062,49148.15,49455.945
47812.53,47357.277,48637.54,48489.74
47384.15,46591.953,47831.22,47579.555
46765.35,46013.242,47180.08,46868.223
46490.39,45531.832,47020.32,46262.84
45696.63,45196.91,46831.38,45753.023
45563.31,44845.133,46204.49,45303.668
45122.56,44616.758,45839.99,44911.96
44890.48,44407.656,45414.82,44558.48
44352.46,44260.47,45201.2,44243.492
44333.34,44463.71,44649.48,43776.727
44119.5,44636.125,44772.9,43621.684
44319.53,44756.27,44530.78,43605.703
44422.4,45037.04,44623.28,43647.594
44389.48,45264.133,44743.05,43781.258
44518.26,45491.496,44764.16,43919.445
44772.76,45732.355,44607.03,44103.906
44945.25,46139.363,44730.81,44334.51
45107.08,46415.633,45040.17,44707.156
45429.45,46697.438,45397.88,45076.64
45916.97,47053.766,45860.06,45530.953
46838.53,47783.594,46093.46,46073.234
47259.31,48630.754,47465.42,46889.68
47852.4,49685.49,47924.48,47640.42
49319.66,51148.137,48681.77,48421.36
52569.76,54090.086,49925.31,49187.137
54610.91,57008.098,52589.91,50404.938
56238.55,59304.668,54311.51,51685.523
57651.64,61059.227,55958.31,53359.105
59135.97,62583.484,57413.88,55355.65
60406.62,63594.344,58815.97,57837.023
61342.09,64271.426,59966.57,59430.73
62175.49,64724.09,60783.37,60865.934
62401.85,65884.305,61598.07,62007.637
62610.06,65965.484,62613.53,63492.766
63076.96,66147.266,63032.47,63991.887
63467.84,66349.77,63216.26,64412.89
63394.48,66704.69,63497.26,64750.383
63779.25,66903.19,63305.93,65182.6
64260.84,67061.25,63779.67,65412.98
64844.71,67157.22,64568.0,65619.75
64429.93,67389.14,65159.74,65820.04
64246.05,67353.68,65466.29,66164.22
64594.36,67278.84,65644.16,66400.125
65021.12,67188.84,66276.79,66691.695
65193.29,67266.62,66614.77,67004.51
65779.55,67151.77,67006.54,67388.81
66253.13,67062.6,67265.44,67601.48
66525.64,66992.19,67531.57,67746.64
66166.18,67019.5,67472.12,67842.23
66034.78,66906.64,67382.19,67868.81
66089.29,66800.01,67082.72,67779.164
66123.28,66717.945,67008.61,67659.875
66061.6,66530.72,66844.03,67545.55
65994.02,66436.64,66886.61,67317.414
65935.53,66357.625,66434.71,67088.95
65539.83,66299.74,66059.8,66867.91
65223.34,65872.45,65562.16,66672.01
65194.81,65732.79,65516.11,66291.4
64990.36,65644.555,65321.6,65995.375
64857.03,65567.414,64906.42,65709.164
64863.32,64928.465,64485.77,65442.266
64652.73,64845.89,64460.7,64933.164
64036.67,64814.098,64182.1,64603.516
63281.85,64738.496,63736.36,64267.406
62769.89,63843.016,63216.14,63929.637
62218.73,63626.934,63004.18,63262.58
61899.85,63450.68,62746.26,62904.957
61675.19,63324.92,62503.5,62632.69
61731.97,62509.816,62214.9,62438.48
61679.58,62424.25,62560.76,61973.348
62041.69,62439.44,62363.69,61903.47
62037.26,62559.375,62153.12,61836.88
61804.34,62108.14,62290.59,61783.605
61540.77,62163.52,62092.39,61444.668
61551.67,62263.42,61738.56,61511.984
61590.5,62415.47,61806.78,61584.254
61472.89,62202.727,61931.96,61692.797
60585.89,62288.11,61699.41,61606.63
60469.46,62300.22,61038.11,61878.25
60090.83,62360.375,60488.64,62070.285
59582.51,62574.44,60185.83,62206.266
58864.49,62689.203,59633.59,62764.758
58080.45,62855.03,58880.97,63208.465
57311.16,63001.367,58248.86,63303.527
56766.2,61944.816,57426.39,62963.254
56180.34,60746.48,56830.94,61416.184
55801.63,59637.152,56439.87,60174.883
55806.59,58657.6,55799.93,59077.582
54934.59,56864.91,55351.62,58117.965
54237.96,55857.094,54731.36,56804.516
53196.05,54944.05,54129.77,55824.965
52254.64,54045.72,53087.93,54852.51
50966.18,51085.625,52054.9,53964.14
49833.27,50156.934,51198.92,51683.723
49148.15,49031.344,50259.24,50745.816
48637.54,48089.348,49492.33,49673.65
47831.22,47167.227,48570.94,48708.89
47180.08,46466.73,47792.14,47744.61
47020.32,45893.54,47324.83,47037.973
46831.38,45524.56,47117.66,46466.97
46204.49,45219.805,46689.1,45991.37
45839.99,44922.227,46228.46,45534.453
45414.82,44683.535,45856.19,45148.03
45201.2,44474.32,45422.59,44794.61
44649.48,44269.094,45367.86,44476.94
44772.9,44464.35,44799.4,43947.83
44530.78,44661.137,44748.72,43796.426
44623.28,44794.805,44613.58,43787.223
44743.05,45026.71,44525.82,43819.203
44764.16,45229.61,45080.77,43938.164
44607.03,45446.477,44941.12,44057.742
44730.81,45645.305,44858.92,44220.812
45040.17,45996.754,44936.67,44440.73
45397.88,46278.402,45734.86,44831.58
45860.06,46614.65,45988.63,45216.977
46093.46,47037.41,46273.41,45687.99
47465.42,47764.453,46747.81,46235.43
47924.48,48739.734,47880.23,47086.664
48681.77,49939.777,48325.55,47838.38
49925.31,51614.58,48904.26,48595.477
52589.91,54509.887,50304.9,49312.336
54311.51,57051.08,52932.09,50437.402
55958.31,59134.055,54839.3,51735.066
57413.88,60850.99,56481.12,53574.117
58815.97,62403.234,57773.55,55784.29
59966.57,63325.836,59405.91,58179.508
60783.37,63933.2,60145.42,59752.164
61598.07,64362.445,61358.7,61057.277
62613.53,65716.84,62222.55,62057.203
63032.47,65908.94,63212.99,63230.562
63216.26,66217.81,64007.18,63692.06
63497.26,66507.1,64358.6,64108.234
63305.93,66837.984,65040.01,64446.64
63779.67,67047.27,64814.84,64913.613
64568.0,67226.03,65038.33,65158.68
65159.74,67369.79,65732.99,65386.64
65466.29,67523.64,66206.05,65608.97
65644.16,67589.77,66619.25,66016.79
66276.79,67641.69,66899.25,66271.43
66614.77,67689.79,67154.78,66558.25
67006.54,67694.93,67379.09,66846.84
67265.44,67708.08,67421.6,67201.05
67531.57,67715.734,67499.67,67355.445
67472.12,67727.83,67817.94,67439.05
67382.19,67579.914,67791.99,67473.38
67082.72,67568.54,67357.85,67428.05
67008.61,67556.414,66860.88,67257.35
66844.03,67547.37,66707.4,67046.734
66886.61,67204.586,66169.55,66843.07
66434.71,67174.305,65780.4,66470.37
66059.8,67137.21,65151.87,66112.8
65562.16,67096.27,64938.78,65762.9
65516.11,66478.09,64404.13,65438.004
65321.6,66405.41,64073.59,64896.992
64906.42,66342.516,64032.45,64493.797
64485.77,66276.91,64421.66,64134.9
64460.7,65412.37,63677.46,63801.69
64182.1,65319.49,63774.48,63215.63
63736.36,65245.574,63960.14,62853.082
63216.14,65168.223,63765.46,62499.617
63004.18,64185.715,63063.36,62167.734
62746.26,64057.13,63102.21,61453.484
62503.5,63966.758,62739.21,61179.168
62214.9,63891.613,62204.73,60958.01
62560.76,63040.523,61855.32,60793.36
62363.69,62997.5,62037.85,60253.633
62153.12,62962.793,61851.86,60181.113
62290.59,62933.344,61693.52,60124.582
62092.39,62409.586,61830.21,60067.945
61738.56,62351.008,61661.71,59687.832
61806.78,62294.773,60859.39,59769.95
61931.96,62293.5,60551.75,59854.742
61699.41,62117.184,60359.83,59952.55
61038.11,62098.9,60214.11,59854.53
60488.64,62048.035,59310.4,59979.504
60185.83,61999.25,58893.93,59996.06
59633.59,62573.504,58421.95,59967.992
58880.97,62642.332,57589.31,60355.81
58248.86,62633.984,56687.57,60593.367
57426.39,62476.324,55777.23,60595.793
56830.94,60484.242,55186.01,60282.38
56439.87,59454.484,54624.66,59028.76
55799.93,58553.035,54162.92,57924.27
55351.62,57687.07,53736.76,56879.945
54731.36,55940.113,53367.46,55950.29
54129.77,55074.977,52720.54,54650.867
53087.93,54309.066,51976.67,53762.883
52054.9,53542.938,50853.6,52906.41
51198.92,50656.957,49938.8,52150.066
50259.24,49927.7,49038.36,50085.887
49492.33,49018.74,48655.24,49343.18
48570.94,48180.2,47994.16,48399.137
47792.14,47203.863,47232.01,47493.836
47324.83,46504.59,46359.04,46558.754
47117.66,45984.27,45783.44,45866.312
46689.1,45655.402,45224.59,45303.207
46228.46,45302.57,44727.43,44809.375
45856.19,45010.113,43990.0,44369.266
45422.59,44767.535,43501.24,44008.555
45367.86,44547.62,43157.74,43690.39
44799.4,44239.37,43151.45,43414.848
44748.72,44403.492,42349.21,42698.168
44613.58,44543.473,42303.05,42677.03
44525.82,44652.383,41954.76,42591.74
45080.77,44840.258,42138.36,42445.43
44941.12,45068.457,42229.9,42351.16
44858.92,45268.324,42020.24,42258.68
44936.67,45461.77,41765.36,42206.02
45734.86,45819.26,41919.75,42182.664
45988.63,46184.375,41908.46,42240.965
46273.41,46568.973,41813.15,42279.016
46747.81,46998.22,41733.95,42340.8
47880.23,47819.375,41801.71,42421.305
48325.55,48760.12,41889.35,42575.105
48904.26,49920.137,41654.8,42699.1
50304.9,51450.45,41287.91,42857.285
52932.09,54275.883,41783.54,43054.98
54839.3,56781.246,42491.75,43376.65
56481.12,58901.934,43194.31,43724.79
57773.55,60608.64,43814.94,44185.99
59405.91,62078.72,44585.42,44770.184
60145.42,62921.594,45505.2,45648.664
61358.7,63462.11,46119.9,46450.887
62222.55,63869.12,47079.29,47229.727
63212.99,65282.527,47913.19,47927.21
64007.18,65502.62,48804.67,49414.152
64358.6,65832.695,49579.11,50018.99
65040.01,66122.46,50299.18,50771.582
64814.84,66493.85,50974.26,51571.176
65038.33,66695.93,52129.7,52522.92
65732.99,66845.63,52672.41,53234.547
66206.05,66958.61,53277.1,53839.39
66619.25,67114.516,53904.63,54319.375
66899.25,67159.76,54380.22,54804.69
67154.78,67195.945,54727.75,55099.055
67379.09,67226.2,55210.86,55365.242
67421.6,67226.02,55345.85,55635.445
67499.67,67229.44,55424.58,55913.84
67817.94,67234.305,56255.03,56131.008
67791.99,67244.8,56693.91,56254.082
67357.85,67082.52,56227.76,56260.62
66860.88,67058.35,55366.95,55972.88
66707.4,67033.36,55015.73,55674.656
66169.55,67009.42,54503.77,55281.074
65780.4,66610.04,54120.89,54858.863
65151.87,66533.39,53147.28,54146.637
64938.78,66449.58,52667.22,53618.145
64404.13,66362.25,52726.93,53103.637
64073.59,65647.12,51884.01,52655.246
64032.45,65500.266,51090.44,51980.82
64421.66,65406.66,50735.22,51531.12
63677.46,65350.008,50571.32,51161.125
63774.48,64411.168,49889.85,50870.586
63960.14,64282.5,50160.02,50379.63
63765.46,64251.242,50647.57,50089.36
63063.36,64238.4,50397.89,49814.555
63102.21,63210.78,50071.52,49574.414
62739.21,63109.18,50306.65,49251.35
62204.73,63003.39,50243.5,49116.62
61855.32,62902.652,49857.0,49042.125
62037.85,62029.395,49796.72,49003.305
61851.86,61914.348,50569.39,48947.38
61693.52,61876.18,50459.47,48984.586
61830.21,61865.64,50128.05,49017.37
61661.71,61364.617,50452.57,49080.34
60859.39,61306.906,51195.79,49216.4
60551.75,61194.54,51499.66,49482.203
60359.83,61113.887,51282.71,49776.582
60214.11,60779.77,51077.32,50096.4
59310.4,60673.03,51170.89,50558.375
58893.93,60509.01,50536.29,50942.715
58421.95,60379.22,50252.35,51207.65
57589.31,60763.8,49897.71,51400.688
56687.57,60714.99,49216.42,52232.418
55777.23,60629.18,48529.63,52564.652
55186.01,60412.25,47928.04,52620.46
54624.66,58643.79,47210.26,52370.594
54162.92,57575.44,46947.17,51499.945
53736.76,56587.98,46657.38,50586.15
53367.46,55722.598,46592.61,49780.965
52720.54,54086.88,46854.06,49124.53
51976.67,53341.17,46802.38,48167.863
50853.6,52650.395,46412.5,47648.523
49938.8,51889.547,45405.45,47145.547
49038.36,49059.39,44866.66,46708.176
48655.24,48167.64,44085.9,45019.312
47994.16,47386.48,43496.13,44346.023
47232.01,46655.96,42969.64,43505.605
46359.04,45824.14,42134.93,42656.32
45783.44,45165.266,41204.11,41830.04
45224.59,44653.07,40529.02,41136.86
44727.43,44249.797,39979.93,40538.25
43990.0,43906.47,39425.02,40034.47
43501.24,43616.395,38324.94,39659.61
43157.74,43401.33,37758.49,39315.402
43151.45,43242.78,37412.23,39034.047
42349.21,42582.465,37152.5,38808.895
42303.05,42863.57,36545.78,37901.375
41954.76,42947.67,36317.23,37704.37
42138.36,42846.152,36113.86,37591.805
42229.9,42787.906,35877.3,37525.656
42020.24,42719.457,35977.0,37511.39
41765.36,42679.285,36012.97,37497.61
41919.75,42663.9,36052.87,37493.938
41908.46,42780.375,35901.53,37502.516
41813.15,42818.594,35672.36,37548.492
41733.95,42819.145,35616.24,37576.457
41801.71,42795.43,35781.55,37607.03
41889.35,42894.305,35051.69,37630.625
41654.8,42961.094,35394.21,37667.72
41287.91,43012.75,35790.56,37649.03
41783.54,43033.875,35578.06,37611.098
42491.75,43407.44,35915.87,37578.477
43194.31,43876.0,36396.82,37597.367
43814.94,44514.39,36552.85,37638.71
44585.42,45243.03,36994.74,37760.918
45505.2,46344.438,37324.12,37982.793
46119.9,47417.3,37486.23,38470.594
47079.29,48497.094,38008.54,38850.324
47913.19,49680.81,38730.92,39270.78
48804.67,51194.344,39209.04,39715.254
49579.11,51688.945,40332.28,40827.156
50299.18,52215.832,41298.05,41615.633
50974.26,52742.676,42090.94,42503.266
52129.7,53328.258,42813.57,43401.027
52672.41,53982.46,43456.25,44471.906
53277.1,54529.367,44266.34,45203.312
53904.63,55001.977,45176.26,45858.59
54380.22,55421.855,45764.89,46468.125
54727.75,55709.34,46691.66,47272.656
55210.86,55879.62,46809.16,47790.914
55345.85,55969.54,47255.56,48291.586
55424.58,56052.844,47931.82,48807.934
56255.03,56015.324,48581.85,49555.176
56693.91,55983.344,49150.18,50069.3
56227.76,55940.027,49577.72,50471.96
55366.95,55848.035,49433.47,50683.484
55015.73,55615.58,49414.08,50648.516
54503.77,55343.477,48780.71,50336.785
54120.89,55034.164,48322.5,49903.51
53147.28,54532.133,48132.83,49423.93
52667.22,53994.566,47766.1,48773.156
52726.93,53475.17,47085.15,48203.97
51884.01,53156.008,46868.35,47692.84
51090.44,52484.43,46410.16,47244.72
50735.22,51781.703,45748.11,46562.844
50571.32,51243.14,45647.71,46187.86
49889.85,50888.137,45568.93,45874.32
50160.02,50196.855,45543.64,45606.734
50647.57,49950.656,45438.82,44990.184
50397.89,50069.496,45310.14,44730.47
50071.52,50001.8,45080.3,44507.76
50306.65,49756.434,45152.51,44343.03
50243.5,49711.24,44920.54,44027.188
49857.0,49715.547,45137.05,44014.758
49796.72,49588.1,45729.85,44051.312
50569.39,49697.348,45822.59,44112.195
50459.47,50062.93,46068.3,44137.508
50128.05,50274.465,45618.83,44370.297
50452.57,50314.91,45895.99,44661.047
51195.79,50848.47,46551.97,45002.188
51499.66,51307.67,47323.8,45437.83
51282.71,51750.53,47536.13,46010.336
51077.32,51999.426,47677.05,46549.316
51170.89,52493.883,48028.55,47047.766
50536.29,52661.1,47951.03,47705.668
50252.35,52658.855,47550.85,48289.094
49897.71,52679.15,47388.02,48821.47
49216.42,53257.414,47298.41,49320.19
48529.63,52792.23,47442.47,50658.242
47928.04,52186.887,47239.23,51089.38
47210.26,51452.113,46816.58,51185.414
46947.17,49306.76,46340.82,51055.176
46657.38,48416.49,46681.25,50231.445
46592.61,47846.887,46460.22,49836.293
46854.06,47517.02,46646.86,49446.445
46802.38,46731.215,47406.27,49093.895
46412.5,46537.223,47495.96,48438.195
45405.45,46248.594,46885.22,48063.605
44866.66,45682.434,46286.75,47683.1
44085.9,43586.65,45630.14,47334.035
43496.13,42670.234,44843.66,45881.86
42969.64,41908.156,43985.71,45233.312
42134.93,41253.504,43213.69,44425.836
41204.11,40644.668,42574.92,43644.96
40529.02,40071.594,42098.86,42887.64
39979.93,39608.016,41564.24,42243.06
39425.02,39242.137,41129.48,41660.71
38324.94,39048.47,40601.55,41147.41
37758.49,38821.28,39823.74,40709.727
37412.23,38668.67,39454.38,40291.895
37152.5,38560.156,39075.84,39921.086
36545.78,37397.28,38913.36,39600.562
36317.23,37281.32,38879.77,39773.47
36113.86,37143.242,38878.98,39609.42
35877.3,37002.92,39161.44,39543.664
35977.0,36937.098,38994.79,39530.586
36012.97,36890.227,39217.31,39590.105
36052.87,36864.703,39313.75,39681.6
35901.53,36853.21,39283.5,39837.434
35672.36,36894.258,39351.93,40066.516
35616.24,36897.953,40185.72,40416.17
35781.55,36914.85,40627.91,40802.65
35051.69,36949.28,41250.99,41271.96
35394.21,37051.387,41955.67,41839.164
35790.56,37115.305,43462.64,42660.68
35578.06,37189.914,44106.09,43569.625
35915.87,37263.434,44713.51,44695.7
36396.82,37478.13,46337.92,46119.934
36552.85,37626.11,50010.07,48317.79
36994.74,37811.508,52187.37,50410.31
37324.12,38040.125,53865.28,52425.164
37486.23,38569.113,55400.05,54323.85
38008.54,38893.16,57111.69,56599.46
38730.92,39270.953,58445.98,58265.027
39209.04,39688.258,59544.07,59749.055
40332.28,41676.684,60575.91,60962.066
41298.05,42213.688,61338.18,62423.18
42090.94,42849.918,62089.64,63046.082
42813.57,43524.586,62451.39,63575.504
43456.25,44316.344,62879.83,63995.258
44266.34,44928.69,62577.36,64429.742
45176.26,45515.594,62895.13,64748.184
45764.89,46120.547,63474.22,65064.67
46691.66,46765.69,64107.86,65372.875
46809.16,47383.87,64826.82,65751.69
47255.56,47772.69,65074.41,66092.4
47931.82,48151.88,65416.0,66455.664
48581.85,48675.09,65999.13,66830.4
49150.18,49217.875,66225.23,67209.12
49577.72,49755.664,66640.52,67445.6
49433.47,50155.22,67202.49,67576.77
49414.08,50112.33,67250.93,67649.83
48780.71,49989.316,66535.47,67643.41
48322.5,49556.05,66174.26,67561.93
48132.83,49083.93,66263.24,67454.97
47766.1,48490.5,66204.05,67351.42
47085.15,48075.098,66103.71,67110.25
46868.35,47594.777,65696.8,66911.67
46410.16,47315.734,65098.87,66691.48
45748.11,46659.633,64909.82,66497.12
45647.71,46244.168,64505.36,66120.96
45568.93,46071.613,64575.51,65852.31
45543.64,45983.992,63891.7,65568.12
45438.82,45532.71,63599.36,65295.094
45310.14,45441.484,63930.75,64805.23
45080.3,45394.95,63235.49,64434.83
45152.51,45328.445,62740.22,64045.43
44920.54,44962.113,62285.66,63664.562
45137.05,44863.69,62128.39,63047.125
45729.85,44956.785,61749.56,62753.434
45822.59,45270.203,61583.96,62517.88
46068.3,45318.992,61539.32,62349.32
45618.83,45552.418,61851.19,61982.824
45895.99,45607.863,61634.71,61914.004
46551.97,45851.066,61528.19,61838.457
47323.8,46363.992,61514.46,61791.984
47536.13,46990.117,61275.38,61528.09
47677.05,47524.88,60817.8,61612.363
48028.55,47977.074,60782.62,61682.855
47951.03,48787.426,61063.26,61797.527
47550.85,49072.297,60867.41,61664.67
47388.02,49239.316,60154.57,61874.348
47298.41,49440.72,59883.79,62048.94
47442.47,50566.027,59671.93,62227.977
47239.23,50635.508,59019.68,62722.234
46816.58,50486.566,58220.94,63175.676
46340.82,50076.527,57644.3,63367.44
46681.25,48783.406,56626.67,63030.35
46460.22,48494.145,56227.48,61495.555
46646.86,48208.227,55813.97,60248.207
47406.27,48112.453,55433.74,59123.562
47495.96,47651.285,55337.64,58091.414
46885.22,47673.965,54821.1,56741.832
46286.75,47416.523,54233.04,55705.746
45630.14,47052.344,52978.28,54725.76
44843.66,44962.51,51967.95,53849.383
43985.71,44240.773,50775.28,51594.453
43213.69,43404.11,49808.07,50669.12
42574.92,42557.008,49121.93,49591.945
42098.86,41694.79,48127.83,48613.047
41564.24,40930.258,46594.17,47653.59
41129.48,40239.82,45848.95,46926.92
40601.55,39662.4,45583.57,46307.477
39823.74,39256.42,45328.89,45773.32
39454.38,38869.12,44485.41,45291.81
39075.84,38607.047,43940.56,44885.89
38913.36,38424.21,43657.17,44518.4
38879.77,39264.79,43538.37,44191.16
38878.98,39229.6,42353.7,43590.7
39161.44,39297.145,42470.72,43360.016
38994.79,39445.227,42335.7,43277.785
39217.31,39688.062,42450.91,43256.85
39313.75,39932.42,42864.15,43358.766
39283.5,40195.965,42917.75,43466.008
39351.93,40474.598,42763.94,43637.008
40185.72,40903.605,42940.62,43876.82
40627.91,41418.613,43371.7,44293.066
41250.99,42018.684,43613.97,44713.207
41955.67,42760.79,44282.15,45249.914
43462.64,43889.324,44991.52,45884.824
44106.09,45407.406,46451.14,46821.594
44713.51,47140.836,46683.56,47702.676
46337.92,49043.64,47620.1,48693.23
50010.07,51983.414,49193.73,49807.117
52187.37,55428.023,52245.9,51511.938
53865.28,58052.54,54231.82,53201.28
55400.05,59836.086,55508.18,55007.34
57111.69,61163.05,56798.54,56809.934
58445.98,62187.973,58992.04,59019.453
59544.07,63106.082,60138.65,60637.05
60575.91,63899.836,61508.71,61953.664
61338.18,65238.918,62252.62,62953.15
62089.64,65484.598,63339.63,64260.645
62451.39,65877.29,64036.26,64738.977
62879.83,66234.62,64325.75,65181.18
62577.36,66561.28,64707.51,65550.6
62895.13,66847.51,64639.89,65924.73
63474.22,67131.33,65273.63,66209.16
64107.86,67360.6,65877.19,66483.83
64826.82,67508.875,66541.77,66751.64
65074.41,67640.14,66782.06,67090.4
65416.0,67713.5,66965.04,67399.29
65999.13,67780.5,67248.83,67766.125
66225.23,67773.2,67548.87,68132.21
66640.52,67811.97,67732.6,68465.08
67202.49,67830.195,67503.03,68661.68
67250.93,67864.555,67522.86,68771.13
66535.47,67738.07,67603.55,68818.305
66174.26,67729.58,67351.81,68750.625
66263.24,67718.69,66625.81,68606.07
66204.05,67716.22,66579.92,68473.58
66103.71,67367.19,66660.42,68311.61
65696.8,67354.36,66446.18,68032.58
65098.87,67307.1,66294.6,67772.55
64909.82,67240.76,65781.91,67508.67
64505.36,66619.95,65363.63,67267.58
64575.51,66513.86,65236.23,66858.67
63891.7,66419.79,65412.85,66523.375
63599.36,66278.77,65209.56,66176.96
63930.75,65435.4,65122.84,65863.47
63235.49,65314.938,64726.83,65343.836
62740.22,65164.215,64763.06,64942.934
62285.66,65004.914,64047.65,64513.973
62128.39,64043.35,63587.83,64087.227
61749.56,63861.965,63032.72,63415.734
61583.96,63699.586,62679.61,63025.863
61539.32,63597.633,62421.25,62710.836
61851.19,62868.6,62259.72,62470.168
61634.71,62820.734,62224.47,62043.023
61528.19,62795.926,61959.89,61916.066
61514.46,62841.15,61890.89,61818.54
61275.38,62394.453,61994.68,61731.383
60817.8,62420.4,61711.62,61424.805
60782.62,62439.957,61481.62,61463.63
61063.26,62551.938,61418.17,61486.848
60867.41,62383.875,61541.38,61548.56
60154.57,62469.97,61407.67,61378.504
59883.79,62532.695,60769.34,61537.918
59671.93,62670.195,60246.29,61666.6
59019.68,63021.92,59994.63,61809.02
58220.94,63221.664,59283.18,62205.93
57644.3,63423.6,58601.87,62720.633
56626.67,63522.73,58045.51,63093.562
56227.48,62279.594,57188.95,62978.375
55813.97,61008.71,56383.8,61596.984
55433.74,59938.355,56141.95,60338.168
55337.64,59031.48,56116.0,59225.758
54821.1,57151.477,55581.96,58207.22
54233.04,56244.45,55046.25,56826.86
52978.28,55459.277,54303.45,55768.79
51967.95,54609.98,53532.02,54749.27
50775.28,51604.484,52330.22,53832.05
49808.07,50678.812,51408.28,51397.895
49121.93,49482.184,50299.66,50440.85
48127.83,48451.63,49367.23,49351.617
46594.17,47293.523,48738.19,48375.938
45848.95,46265.83,47301.69,47448.516
45583.57,45507.676,46817.35,46793.344
45328.89,44982.492,46452.56,46196.242
44485.41,44539.69,45987.85,45642.945
43940.56,44126.38,45508.45,45114.57
43657.17,43790.914,45151.51,44661.06
43538.37,43541.83,44998.54,44254.598
42353.7,43242.57,44638.85,43892.305
42470.72,43334.81,44031.32,43255.625
42335.7,43480.77,43755.49,43050.227
42450.91,43595.66,43319.34,42988.074
42864.15,43844.33,43319.77,42978.703
42917.75,44118.6,43485.49,43076.277
42763.94,44394.71,43665.11,43192.582
42940.62,44629.695,43378.51,43359.984
43371.7,45025.09,43668.76,43588.52
43613.97,45347.938,44342.17,43982.61
44282.15,45703.902,44812.22,44385.168
44991.52,46248.93,44912.76,44900.047
46451.14,47310.977,45395.98,45529.914
46683.56,48726.918,46530.16,46500.18
47620.1,50309.688,46884.01,47438.93
49193.73,52491.277,47525.06,48518.145
52245.9,55591.75,48727.24,49765.535
54231.82,58136.543,51833.46,51722.867
55508.18,60006.305,53743.93,53555.21
56798.54,61426.98,55099.48,55313.28
58992.04,62717.406,56395.55,56926.16
60138.65,63693.133,57841.82,58722.555
61508.71,64355.45,58733.24,60058.53
62252.62,64854.57,60028.94,61210.24
63339.63,66148.93,60619.99,62117.426
64036.26,66383.67,61799.96,63398.977
64325.75,66756.16,62493.58,63826.586
64707.51,67097.32,63146.37,64209.863
64639.89,67424.19,63566.86,64536.32
65273.63,67711.14,63298.04,64923.48
65877.19,67972.2,63597.96,65172.773
66541.77,68165.016,64353.59,65414.094
66782.06,68305.3,64878.53,65656.41
66965.04,68385.59,64960.77,66044.17
67248.83,68464.27,65210.11,66342.04
67548.87,68526.05,65573.99,66674.45
67732.6,68534.57,65887.12,67005.7
67503.03,68544.71,65954.31,67409.13
67522.86,68522.41,66365.53,67610.08
67603.55,68492.984,66425.18,67742.22
67351.81,68363.21,66072.7,67807.86
66625.81,68306.67,65668.0,67870.39
66579.92,68271.766,65659.7,67783.46
66660.42,68195.82,65690.66,67662.35
66446.18,67879.36,65581.24,67544.61
66294.6,67786.93,65876.32,67371.27
65781.91,67705.7,65642.28,67138.34
65363.63,67605.84,65237.24,66901.945
65236.23,67007.445,64657.33,66671.02
65412.85,66845.67,64548.45,66314.195
65209.56,66724.28,64370.22,65979.9
65122.84,66627.6,64015.24,65649.945
64726.83,65865.64,63638.65,65334.61
64763.06,65691.0,64072.67,64840.11
64047.65,65577.11,63973.09,64458.96
63587.83,65422.125,63321.08,64055.918
63032.72,64468.887,62592.67,63643.137
62679.61,64216.58,62355.62,62992.547
62421.25,64018.727,61874.11,62604.746
62259.72,63881.816,61645.16,62298.42
62224.47,63078.273,61570.99,62061.81
61959.89,62942.25,61844.67,61642.836
61890.89,62902.85,61524.51,61543.492
61994.68,62916.297,61298.47,61446.477
61711.62,62435.566,61417.68,61364.805
61481.62,62446.73,61408.12,61071.297
61418.17,62495.074,61199.86,61107.363
61541.38,62620.516,60824.65,61135.98
61407.67,62449.375,60846.87,61185.234
60769.34,62518.83,60411.83,61015.066
60246.29,62569.74,59818.64,61194.992
59994.63,62645.023,59638.73,61338.72
59283.18,62940.08,59351.54,61467.355
58601.87,63066.523,58942.48,61840.555
58045.51,63265.926,58113.37,62432.984
57188.95,63400.08,57388.42,62878.656
56383.8,62088.934,56594.85,62828.45
56141.95,60865.246,56075.21,61562.04
56116.0,59841.43,55899.89,60392.914
55581.96,59008.965,55795.13,59332.145
55046.25,57096.51,55662.94,58363.95
54303.45,56112.438,55073.9,56992.11
53532.02,55229.76,54398.45,55927.97
52330.22,54436.414,53328.09,54876.027
51408.28,51289.832,52051.25,53918.805
50299.66,50549.133,50972.81,51437.324
49367.23,49424.62,49849.24,50458.633
48738.19,48361.867,49149.86,49351.395
47301.69,47290.895,48398.18,48367.414
46817.35,46360.977,47470.47,47417.48
46452.56,45713.996,47060.99,46731.97
45987.85,45232.727,46432.64,46133.047
45508.45,44769.4,45868.42,45608.082
45151.51,44406.348,45333.24,45103.76
44998.54,44123.992,45045.2,44687.438
44638.85,43917.543,45080.15,44312.336
44031.32,43680.16,44640.91,43976.418
43755.49,43867.273,44081.52,43493.895
43319.34,43979.414,44193.96,43329.332
43319.77,44015.67,44047.04,43297.7
43485.49,44180.625,43969.7,43306.97
43665.11,44354.0,44242.64,43419.438
43378.51,44574.33,44135.58,43535.652
43668.76,44755.83,44170.83,43701.992
44342.17,45139.434,44583.39,43930.18
44812.22,45504.99,44707.41,44343.22
44912.76,45928.156,44765.36,44752.906
45395.98,46347.66,45174.6,45262.496
46530.16,47220.703,45601.34,45886.094
46884.01,48290.758,46819.05,46883.74
47525.06,49576.887,47211.12,47841.37
48727.24,51344.86,47827.32,48961.062
51833.46,54279.03,49241.08,50280.65
53743.93,56885.51,51966.01,52247.383
55099.48,58905.64,53577.2,53931.434
56395.55,60485.207,55136.19,55526.746
57841.82,61947.164,56673.47,56984.875
58733.24,62978.89,58203.06,58775.62
60028.94,63678.625,59350.14,60080.6
60619.99,64173.855,60383.62,61236.066
61799.96,65451.11,61352.57,62143.035
62493.58,65592.4,62187.32,63449.15
63146.37,65869.73,62826.4,63863.508
63566.86,66158.55,63377.63,64237.812
63298.04,66513.47,63634.45,64552.44
63597.96,66764.76,63329.93,65035.242
64353.59,66979.99,63647.5,65280.97
64878.53,67145.0,64142.75,65512.89
64960.77,67351.04,64538.01,65739.83
65210.11,67397.35,64386.6,66188.85
65573.99,67417.336,64843.27,66486.95
65887.12,67413.16,65177.25,66818.78
65954.31,67464.26,65975.47,67150.52
66365.53,67418.33,66397.72,67607.484
66425.18,67386.58,66997.01,67829.75
66072.7,67332.664,67534.52,67981.34
65668.0,67233.79,67798.84,68087.49
65659.7,67126.28,67081.91,68159.55
65690.66,67034.875,66488.06,68095.79
65581.24,66955.68,66421.55,68000.26
65876.32,66679.95,66280.57,67911.22
65642.28,66611.48,66426.05,67730.22
65237.24,66547.35,66413.64,67524.37
64657.33,66462.24,66134.74,67304.03
64548.45,65908.3,65634.91,67098.01
64370.22,65763.72,65477.23,66713.625
64015.24,65645.36,65789.75,66400.09
63638.65,65527.03,65517.09,66086.63
64072.67,64770.523,65009.8,65786.56
63973.09,64680.074,65143.49,65282.93
63321.08,64634.707,64535.15,64924.305
62592.67,64539.117,64308.74,64554.65
62355.62,63639.684,63768.02,64169.086
61874.11,63443.81,63508.21,63508.785
61645.16,63283.676,62892.99,63108.9
61570.99,63164.344,62501.79,62796.734
61844.67,62389.715,62484.53,62567.598
61524.51,62363.37,62859.55,62140.36
61298.47,62350.973,63007.46,62029.504
61417.68,62369.258,62864.12,61938.242
61408.12,61909.938,62719.47,61869.74
61199.86,61960.42,62480.44,61586.098
60824.65,62043.45,61997.94,61627.566
60846.87,62128.867,62310.71,61688.715
60411.83,61929.85,62553.71,61783.188
59818.64,61961.652,62298.34,61624.41
59638.73,61982.285,61631.73,61806.14
59351.54,62042.938,61303.7,61923.43
58942.48,62309.016,61011.19,62014.23
58113.37,62441.242,60116.23,62373.977
57388.42,62563.23,59194.01,62902.73
56594.85,62570.035,58375.26,63161.895
56075.21,61094.62,57942.27,62921.598
55899.89,59951.78,57411.92,61502.008
55795.13,58977.996,56724.48,60360.367
55662.94,58148.184,56832.18,59332.734
55073.9,56368.574,56409.02,58398.906
54398.45,55452.89,55507.53,57043.03
53328.09,54610.14,54596.84,56051.027
52051.25,53772.625,53508.39,55074.117
50972.81,50523.926,52387.21,54179.72
49849.24,49779.387,51234.58,51941.62
49149.86,48789.625,50327.78,50996.766
48398.18,47914.773,49462.68,49929.996
47470.47,46972.87,48647.55,48983.97
47060.99,46266.027,47945.22,48049.727
46432.64,45725.133,47336.45,47356.22
45868.42,45254.473,47008.64,46750.734
45333.24,44815.38,46496.74,46234.03
45045.2,44470.234,45878.63,45710.176
45080.15,44217.098,45508.96,45298.906
44640.91,44060.684,45114.43,44924.46
44081.52,43930.688,45097.08,44586.875
44193.96,44116.39,44574.41,43915.094
44047.04,44310.62,44468.47,43749.914
43969.7,44447.555,44402.54,43723.48
44242.64,44629.31,44307.47,43673.645
44135.58,44840.496,44688.22,43773.914
44170.83,45043.383,44478.06,43877.047
44583.39,45265.2,44493.75,44041.586
44707.41,45713.117,44492.46,44278.082
44765.36,46027.867,44849.71,44702.977
45174.6,46348.715,45180.88,45110.906
45601.34,46779.723,45613.87,45617.816
46819.05,47662.19,45996.78,46226.016
47211.12,48740.695,46961.83,47218.33
47827.32,50061.81,47451.97,48151.953
49241.08,51866.914,48271.06,49241.914
51966.01,54902.02,49435.87,50501.227
53577.2,57474.29,52247.66,52458.844
55136.19,59501.39,53915.44,54242.34
56673.47,61149.21,55546.6,56006.47
58203.06,62606.04,56864.26,57596.145
59350.14,63537.613,58509.17,59271.43
60383.62,64135.67,59443.03,60493.23
61352.57,64543.797,59940.62,61556.234
62187.32,65719.38,61425.15,62400.516
62826.4,65874.99,62606.16,63522.297
63377.63,66163.28,63031.99,63959.664
63634.45,66455.61,63180.52,64364.2
63329.93,66926.73,63367.12,64699.152
63647.5,67132.4,63149.87,65136.676
64142.75,67264.38,63642.5,65384.004
64538.01,67328.19,64611.6,65625.84
64386.6,67544.125,64967.32,65879.0
64843.27,67514.875,65194.29,66274.63
65177.25,67481.27,65467.58,66572.734
65975.47,67434.38,65949.53,66880.8
66397.72,67540.86,66471.92,67166.42
66997.01,67519.55,66259.33,67457.71
67534.52,67522.05,66659.12,67585.83
67798.84,67550.695,67027.79,67646.45
67081.91,67544.02,67286.65,67653.016
66488.06,67515.3,66732.86,67568.97
66421.55,67477.37,66442.52,67387.08
66280.57,67456.836,66073.7,67175.125
66426.05,67199.24,65859.23,66963.28
66413.64,67173.305,65612.88,66584.266
66134.74,67154.06,65261.89,66240.79
65634.91,67126.13,64752.46,65894.555
65477.23,66550.86,64232.76,65585.62
65789.75,66459.875,64187.41,65043.535
65517.09,66430.664,63890.71,64629.21
65009.8,66389.03,63481.75,64241.83
65143.49,65597.46,62770.21,63896.61
64535.15,65529.812,62384.13,63324.75
64308.74,65455.18,62141.38,62951.402
63768.02,65380.22,61883.07,62570.92
63508.21,64429.016,61468.08,62198.277
62892.99,64302.195,61670.05,61556.188
62501.79,64179.1,61258.85,61271.742
62484.53,64072.44,60556.93,61043.44
62859.55,63222.13,60026.64,60859.098
63007.46,63207.203,59757.87,60388.258
62864.12,63276.18,59793.75,60315.773
62719.47,63361.21,60066.27,60231.27
62480.44,62837.11,60045.82,60138.215
61997.94,62851.25,60101.81,59736.98
62310.71,62875.215,59623.66,59774.63
62553.71,62967.438,59612.1,59805.41
62298.34,62669.965,59393.1,59838.31
61631.73,62685.54,58923.67,59578.703
61303.7,62655.3,58262.58,59630.9
61011.19,62634.207,57599.07,59587.195
60116.23,62716.082,57114.71,59501.316
59194.01,62656.918,56352.02,59395.21
58375.26,62571.19,55305.33,59550.7
57942.27,62438.137,54547.57,59656.316
57411.92,61420.06,54062.97,59588.598
56724.48,60725.996,53500.74,58973.832
56832.18,60003.703,53131.04,58057.67
56409.02,59394.617,52809.67,57069.965
55507.53,57535.867,52692.51,56143.703
54596.84,56638.406,52312.18,54758.938
53508.39,55743.82,51740.23,53829.617
52387.21,54828.99,50750.61,52937.3
51234.58,51515.3,49971.69,52132.168
50327.78,50844.29,49299.01,50020.402
49462.68,49882.965,48422.81,49268.832
48647.55,48943.45,47442.91,48340.297
47945.22,47841.69,46841.19,47461.375
47336.45,47070.86,46241.89,46545.05
47008.64,46434.434,45780.39,45851.78
46496.74,45955.156,45024.38,45255.152
45878.63,45437.39,44645.99,44743.81
45508.96,45034.35,44117.76,44256.14
45114.43,44716.645,43299.93,43857.168
45097.08,44449.08,43009.38,43501.094
44574.41,44088.61,42480.21,43183.285
44468.47,44323.305,41639.38,42527.273
44402.54,44500.67,41006.39,42570.19
44307.47,44645.176,40739.37,42560.875
44688.22,44861.77,40688.16,42481.418
44478.06,45072.97,40028.53,42436.062
44493.75,45241.047,39881.32,42371.87
44492.46,45417.2,39752.85,42339.324
44849.71,45758.34,39757.94,42322.945
45180.88,46016.355,39359.5,42377.355
45613.87,46342.93,39341.62,42415.31
45996.78,46770.242,39407.5,42483.074
46961.83,47615.613,39402.27,42572.836
47451.97,48519.2,39804.18,42757.45
48271.06,49683.402,39420.76,42897.58
49435.87,51369.305,39120.46,43081.633
52247.66,54476.887,39356.96,43309.215
53915.44,57247.78,40516.73,43736.21
55546.6,59324.332,41113.86,44172.18
56864.26,60983.93,42010.27,44765.656
58509.17,62452.95,42773.2,45529.832
59443.03,63311.723,43590.3,46628.035
59940.62,63857.688,44387.82,47512.125
61425.15,64238.023,45689.74,48334.36
62606.16,65678.266,46633.13,49096.152
63031.99,65878.51,47830.87,50191.023
63180.52,66191.68,48921.13,50918.71
63367.12,66472.99,49820.97,51752.734
63149.87,66824.21,50739.65,52538.113
63642.5,66997.21,51260.14,53436.98
64611.6,67126.66,51854.76,53998.293
64967.32,67223.31,52736.77,54463.984
65194.29,67346.7,53087.83,54848.492
65467.58,67365.26,53653.99,55356.22
65949.53,67371.125,54059.16,55683.707
66471.92,67372.914,54283.84,56009.867
66259.33,67369.586,54872.21,56308.395
66659.12,67345.72,54781.63,56599.926
67027.79,67339.64,55117.2,56757.24
67286.65,67331.125,55461.85,56841.06
66732.86,67204.48,55849.99,56798.242
66442.52,67165.02,55562.82,56534.023
66073.7,67137.516,55469.32,56278.723
65859.23,67095.44,55619.51,55946.977
65612.88,66729.125,55208.07,55601.426
65261.89,66661.47,54584.75,54986.49
64752.46,66592.69,53801.32,54545.914
64232.76,66517.93,52894.08,54150.36
64187.41,65806.51,52473.35,53771.96
63890.71,65668.67,51763.71,53145.72
63481.75,65536.375,51178.61,52765.098
62770.21,65388.113,50882.25,52421.223
62384.13,64418.637,50727.25,52167.465
62141.38,64187.418,51010.8,51727.984
61883.07,63982.516,51028.57,51465.035
61468.08,63796.46,50964.88,51256.16
61670.05,62766.11,50824.31,51084.246
61258.85,62608.957,51045.4,50776.77
60556.93,62456.594,50824.76,50617.09
60026.64,62274.03,50416.66,50529.492
59757.87,61385.375,50142.99,50492.895
59793.75,61179.72,49845.18,50468.93
60066.27,61077.293,49871.71,50546.68
60045.82,61078.527,50144.33,50623.414
60101.81,60598.055,50491.66,50715.152
59623.66,60606.312,51822.32,50824.37
59612.1,60609.086,52020.56,51012.78
59393.1,60666.164,51560.46,51211.81
58923.67,60307.047,51237.16,51417.207
58262.58,60223.645,51236.83,51614.69
57599.07,60109.88,50739.63,51795.652
57114.71,59962.918,50493.51,51904.23
56352.02,59738.08,50569.68,51982.887
55305.33,59536.723,49894.18,52295.555
54547.57,59337.11,48573.08,52387.395
54062.97,59153.664,47739.64,52339.85
53500.74,58277.883,47991.95,52244.797
53131.04,57232.758,47487.26,51886.406
52809.67,56205.1,47352.49,51283.547
52692.51,55289.516,47991.65,50688.21
52312.18,53509.574,48039.9,50062.902
51740.23,52808.453,47657.78,49008.758
50750.61,52184.047,46789.64,48455.598
49971.69,51498.13,46387.24,47958.586
49299.01,48726.477,45920.04,47525.176
48422.81,48141.727,44504.37,45864.77
47442.91,47377.65,43849.58,45200.34
46841.19,46559.445,43279.2,44402.31
46241.89,45701.086,42721.17,43594.96
45780.39,45094.43,41512.2,42688.902
45024.38,44621.863,40937.97,41951.26
44645.99,44188.773,40320.04,41262.81
44117.76,43830.89,39519.77,40639.1
43299.93,43560.938,39027.44,40068.586
43009.38,43304.438,38505.45,39612.188
42480.21,43144.367,37797.68,39223.61
41639.38,42555.527,37484.89,38908.66
41006.39,42786.332,37091.86,38264.14
40739.37,42769.574,37210.64,37997.066
40688.16,42624.633,36747.66,37823.85
40028.53,42490.08,36897.15,37687.61
39881.32,42258.527,36551.82,37565.652
39752.85,42104.566,36600.23,37470.03
39757.94,42021.266,36319.65,37397.49
39359.5,42042.523,36408.57,37344.31
39341.62,41938.836,36119.42,37320.61
39407.5,41838.598,36057.08,37312.203
39402.27,41789.15,36332.38,37318.113
39804.18,41898.895,36215.93,37319.08
39420.76,42076.348,36444.27,37345.242
39120.46,42215.062,36176.8,37338.918
39356.96,42334.633,36159.65,37327.92
40516.73,42760.93,36034.32,37319.957
41113.86,43316.867,36382.78,37409.242
42010.27,43968.938,36415.4,37479.703
42773.2,44778.09,36939.56,37644.637
43590.3,45925.246,37312.22,37936.055
44387.82,46922.562,38011.76,38555.082
45689.74,47884.105,38497.48,39051.504
46633.13,48955.355,38777.04,39592.57
47830.87,50313.9,39537.02,40208.617
48921.13,50822.105,40235.27,41379.676
49820.97,51471.004,41442.98,42427.703
50739.65,52104.99,42189.78,43533.71
51260.14,52930.137,43041.76,44592.812
51854.76,53505.613,43579.14,45788.26
52736.77,54048.215,44042.05,46601.1
53087.83,54620.67,44540.35,47312.99
53653.99,55202.195,45035.15,47960.59
54059.16,55570.266,45620.17,48843.793
54283.84,55791.723,46511.83,49402.84
54872.21,55875.676,47180.03,49997.8
54781.63,55973.715,47823.92,50651.71
55117.2,55932.023,48393.79,51451.22
55461.85,55884.37,49000.05,51872.49
55849.99,55804.46,49742.98,52084.5
55562.82,55689.223,49809.87,52074.465
55469.32,55589.934,50104.79,51786.203
55619.51,55459.04,49550.95,51392.58
55208.07,55359.58,49260.47,50934.598
54584.75,55070.87,49032.54,50485.637
53801.32,54858.82,48514.96,49851.066
52894.08,54587.594,48080.39,49370.91
52473.35,54158.277,47533.83,48953.266
51763.71,53490.285,47369.36,48604.812
51178.61,52899.195,46750.95,47953.586
50882.25,52291.21,46709.59,47652.0
50727.25,51847.18,46407.83,47374.9
51010.8,51374.49,45807.49,47141.203
51028.57,51309.17,45595.28,46500.637
50964.88,51347.5,45633.19,46250.52
50824.31,51377.887,45262.44,45993.55
51045.4,51234.465,45016.48,45796.504
50824.76,51278.07,45115.86,45240.477
50416.66,51288.453,44962.2,45149.258
50142.99,51190.17,45206.81,45116.695
49845.18,51141.715,45369.58,45123.832
49871.71,50984.816,45705.17,44980.805
50144.33,51007.777,45842.04,45167.633
50491.66,51245.742,45750.13,45401.34
51822.32,51639.96,45831.91,45685.07
52020.56,52191.734,46615.61,45988.39
51560.46,52574.82,47125.93,46480.234
51237.16,52733.547,47026.41,46946.316
51236.83,52902.39,46934.66,47416.35
50739.63,52879.457,47719.27,47821.023
50493.51,52775.477,47700.24,48240.066
50569.68,52759.145,47697.85,48534.09
49894.18,53204.58,47459.55,48792.324
48573.08,52961.32,47697.06,49294.926
47739.64,52270.023,47498.83,49642.848
47991.95,51566.566,47258.72,49871.566
47487.26,50627.69,46623.3,50003.562
47352.49,49855.855,46519.17,50040.45
47991.65,49412.17,46551.25,49799.95
48039.9,49448.242,47190.19,49487.875
47657.78,48566.22,47643.16,49169.43
46789.64,48234.895,47826.3,48433.418
46387.24,47679.637,47325.68,48042.5
45920.04,47258.32,46624.92,47642.22
44504.37,44864.76,45609.2,47268.79
43849.58,43796.36,44997.77,45652.465
43279.2,42880.85,44477.54,45036.336
42721.17,42061.4,43597.07,44266.12
41512.2,41246.336,42950.47,43523.34
40937.97,40478.38,42244.1,42758.234
40320.04,39908.758,41891.96,42135.906
39519.77,39441.9,41664.76,41568.625
39027.44,39039.266,41107.26,41059.094
38505.45,38712.21,40520.22,40574.93
37797.68,38464.5,40176.68,40142.723
37484.89,38277.887,39786.61,39744.797
37091.86,37245.43,39157.3,39389.754
37210.64,37203.336,38711.19,39501.25
36747.66,37137.773,38793.28,39327.324
36897.15,36978.555,38652.81,39267.945
36551.82,36832.402,38508.72,39267.402
36600.23,36725.63,38968.59,39329.07
36319.65,36668.973,39013.73,39441.28
36408.57,36629.977,39039.26,39617.695
36119.42,36635.297,38910.25,39873.55
36057.08,36629.53,39870.51,40245.09
36332.38,36644.688,40200.01,40681.816
36215.93,36679.22,40710.66,41208.53
36444.27,36777.695,41214.79,41842.83
36176.8,36847.773,42657.33,42748.02
36159.65,36912.72,43540.95,43782.89
36034.32,36982.18,44255.84,45078.242
36382.78,37202.438,45617.8,46713.56
36415.4,37353.293,48794.64,49071.656
36939.56,37535.61,51216.7,51180.04
37312.22,37777.86,52912.44,53272.67
38011.76,38345.734,54305.79,55328.695
38497.48,38765.95,56234.57,57590.188
38777.04,39224.8,57470.43,59231.664
39537.02,39685.977,58630.0,60544.82
40235.27,41196.633,59729.23,61536.79
41442.98,41660.945,60714.03,62749.41
42189.78,42380.484,61477.17,63268.61
43041.76,43148.312,62047.61,63733.934
43579.14,44114.758,62202.55,64127.605
44042.05,44768.4,61817.32,64649.547
44540.35,45289.633,62247.3,64995.36
45035.15,45749.67,62960.84,65337.004
45620.17,46325.242,63830.28,65704.22
46511.83,46746.977,64277.42,66201.66
47180.03,47307.695,64218.88,66645.37
47823.92,47885.727,64327.61,67098.45
48393.79,48590.605,64696.73,67506.13
49000.05,49226.367,64939.55,67861.055
49742.98,49889.527,65504.4,68078.94
49809.87,50527.16,65946.9,68230.73
50104.79,50724.63,65766.76,68316.984
49550.95,50875.527,65511.31,68255.92
49260.47,50586.86,65312.55,68170.93
49032.54,50252.547,65412.07,68107.08
48514.96,49755.78,65907.14,68051.47
48080.39,49234.477,65914.07,67765.27
47533.83,48801.72,65517.88,67560.91
47369.36,48353.145,64919.73,67350.375
46750.95,47793.062,64493.79,67150.086
46709.59,47409.547,64488.1,66711.46
46407.83,47239.055,63838.98,66398.37
45807.49,47051.43,63649.58,66100.19
45595.28,46384.336,63290.54,65815.07
45633.19,46155.855,63407.08,65264.977
45262.44,46042.676,63091.57,64886.062
45016.48,45898.77,62999.89,64485.117
45115.86,45310.26,62746.75,64080.297
44962.2,45251.785,62806.62,63476.33
45206.81,45212.457,62565.16,63158.1
45369.58,45285.367,62261.13,62912.68
45705.17,45059.78,62009.29,62733.67
45842.04,45261.438,61887.07,62386.785
45750.13,45480.863,62128.38,62320.5
45831.91,45648.67,62098.02,62236.543
46615.61,45717.74,62280.09,62172.7
47125.93,46264.25,62135.6,61916.906
47026.41,46910.125,62161.39,61939.977
46934.66,47351.094,61889.41,61974.22
47719.27,47706.137,61753.22,62032.92
47700.24,48247.074,61446.93,61810.605
47697.85,48598.07,60876.28,61900.895
47459.55,48861.16,60734.81,61920.258
47697.06,49285.02,60384.7,61927.277
47498.83,49495.3,59679.06,61999.734
47258.72,49568.574,58674.42,62156.418
46623.3,49503.38,57907.71,62083.973
46519.17,49073.664,57381.26,61688.848
46551.25,48565.406,56644.47,60578.953
47190.19,48268.168,56639.04,59597.062
47643.16,48349.914,56386.32,58561.535
47826.3,47899.117,55828.74,57561.504
47325.68,47911.965,55500.09,56148.21
46624.92,47652.848,54831.41,55124.508
45609.2,47215.926,53531.48,54170.996
44997.77,44819.707,52753.51,53325.207
44477.54,44258.484,51388.53,51293.97
43597.07,43604.85,50596.15,50456.4
42950.47,42820.766,49607.95,49476.95
42244.1,41953.293,48729.2,48569.16
41891.96,41165.055,47882.56,47636.652
41664.76,40490.965,47080.27,46947.656
41107.26,39918.344,46596.69,46355.0
40520.22,39394.484,46151.51,45845.203
40176.68,38919.086,45519.59,45320.79
39786.61,38572.977,45350.13,44908.594
39157.3,38321.152,45046.66,44532.0
38711.19,39087.37,44825.48,44191.848
38793.28,39023.605,44415.66,43384.523
38652.81,39060.457,43955.44,43197.812
38508.72,39144.684,43699.04,43146.562
38968.59,39314.492,43581.02,43136.562
39013.73,39542.117,43943.18,43183.508
39039.26,39789.414,43732.84,43277.65
38910.25,40058.49,43555.83,43427.105
39870.51,40410.555,43848.21,43637.465
40200.01,40889.344,44147.39,43981.504
40710.66,41415.93,44092.71,44356.43
41214.79,42044.72,44403.84,44827.82
42657.33,42918.336,45037.56,45397.06
43540.95,44176.414,46055.77,46265.355
44255.84,45826.086,46489.77,47118.44
45617.8,47757.312,47304.03,48116.297
48794.64,50698.434,48569.8,49299.61
51216.7,54149.48,51065.56,51309.207
52912.44,57032.875,52661.29,53293.32
54305.79,59027.11,54291.84,55265.04
56234.57,60520.664,55935.47,57104.867
57470.43,61640.316,57524.19,59210.418
58630.0,62558.61,58616.59,60659.21
59729.23,63351.754,59556.69,61813.59
60714.03,64629.61,60576.15,62666.984
61477.17,64933.58,61428.93,63872.824
62047.61,65381.035,62112.75,64291.438
62202.55,65824.11,62608.79,64670.797
61817.32,66369.59,63176.87,64987.285
62247.3,66667.05,62990.92,65472.86
62960.84,66882.54,63582.54,65768.086
63830.28,67040.77,64312.52,66064.09
64277.42,67247.41,64969.34,66395.19
64218.88,67349.89,65217.38,66889.73
64327.61,67418.195,65494.34,67297.33
64696.73,67449.945,65877.28,67698.18
64939.55,67474.016,66215.79,68052.53
65504.4,67484.71,66631.28,68356.625
65946.9,67529.73,67134.59,68540.75
65766.76,67560.38,67379.59,68654.96
65511.31,67426.58,67554.96,68720.14
65312.55,67386.73,67004.49,68660.945
65412.07,67387.234,66537.04,68614.65
65907.14,67399.61,66485.59,68543.89
65914.07,67075.97,66466.43,68472.92
65517.88,67041.125,66372.12,68224.67
64919.73,66986.71,66207.18,68072.56
64493.79,66898.55,65809.15,67912.336
64488.1,66267.83,65456.78,67765.93
63838.98,66112.03,65382.78,67377.0
63649.58,65950.06,65117.92,67150.305
63290.54,65820.945,64830.29,66920.64
63407.08,65023.156,64758.47,66698.25
63091.57,64905.195,64736.18,66201.84
62999.89,64820.03,64348.53,65912.97
62746.75,64761.805,63584.94,65602.44
62806.62,64011.98,63313.99,65291.793
62565.16,63963.934,62948.58,64674.766
62261.13,63940.156,62662.43,64289.52
62009.29,63936.17,62560.48,63927.684
61887.07,63284.438,62246.2,63651.28
62128.38,63262.523,62281.44,63206.285
62098.02,63299.695,62065.84,63067.047
62280.09,63372.434,62193.11,62949.406
62135.6,62932.66,62135.27,62861.58
62161.39,62958.08,61696.52,62575.9
61889.41,63029.586,61419.29,62583.688
61753.22,63101.812,61298.58,62606.066
61446.93,62746.492,61471.7,62652.324
60876.28,62780.277,61611.72,62416.312
60734.81,62769.08,61207.9,62468.96
60384.7,62777.344,60861.71,62481.438
59679.06,62541.234,60711.24,62477.523
58674.42,62462.562,59917.71,62399.52
57907.71,62348.617,59067.72,62456.867
57381.26,62223.016,58295.38,62399.016
56644.47,61816.1,57780.16,62174.3
56639.04,61261.902,57419.62,61482.508
56386.32,60732.656,57239.55,60653.918
55828.74,60161.34,56957.35,59772.51
55500.09,58274.92,56731.03,58891.86
54831.41,57367.484,55879.19,57490.914
53531.48,56476.754,55000.19,56467.03
52753.51,55456.594,53673.82,55469.188
51388.53,52221.664,52786.38,54586.664
50596.15,51737.145,51575.65,52473.32
49607.95,50859.785,50706.2,51612.098
48729.2,49820.14,49650.38,50588.277
47882.56,48520.25,49144.4,49636.88
47080.27,47523.555,48207.88,48663.477
46596.69,46653.47,47768.58,47938.188
46151.51,45964.13,47481.21,47309.977
45519.59,45292.625,46973.06,46773.953
45350.13,44780.867,46589.62,46200.832
45046.66,44417.125,46115.19,45748.723
44825.48,44119.06,45784.01,45336.65
44415.66,43660.19,45776.24,44962.156
43955.44,43900.715,45119.95,44273.22
43699.04,44057.64,44842.3,44153.535
43581.02,44172.97,44629.74,44175.523
43943.18,44365.16,44549.13,44246.375
43732.84,44584.81,44951.14,44391.03
43555.83,44758.527,44952.77,44546.918
43848.21,44906.816,44840.39,44736.57
44147.39,45230.17,44964.62,44972.87
44092.71,45482.36,45357.49,45346.582
44403.84,45714.13,45705.48,45692.516
45037.56,46024.555,46071.33,46113.062
46055.77,46740.203,46420.35,46632.465
46489.77,47596.7,47571.84,47442.88
47304.03,48689.96,47978.01,48244.08
48569.8,50361.176,48814.42,49209.62
51065.56,53410.285,49564.37,50320.285
52661.29,56199.78,51827.18,51915.996
54291.84,58405.6,53821.28,53635.727
55935.47,60198.055,55167.83,55435.984
57524.19,61848.336,56583.71,57098.25
58616.59,62937.543,58363.53,59254.586
59556.69,63675.76,59603.33,60737.54
60576.15,64193.703,60616.29,61999.64
61428.93,65612.484,61599.51,62915.5
62112.75,65834.06,62401.66,64310.91
62608.79,66172.45,63193.58,64703.656
63176.87,66499.69,63610.94,65052.17
62990.92,66992.44,64041.89,65347.465
63582.54,67201.32,63907.23,65853.8
64312.52,67317.18,64325.73,66126.23
64969.34,67365.69,64959.54,66414.42
65217.38,67504.64,65622.58,66730.65
65494.34,67474.0,65957.79,67283.586
65877.28,67432.09,66313.59,67703.88
66215.79,67388.93,66724.81,68107.125
66631.28,67408.3,67295.13,68450.38
67134.59,67361.99,67442.71,68726.38
67379.59,67330.96,67877.07,68925.91
67554.96,67300.586,68142.79,69060.45
67004.49,67221.07,68279.08,69143.79
66537.04,67148.33,67295.31,69079.484
66485.59,67067.45,67135.44,69079.57
66466.43,66996.266,67216.18,69060.92
66372.12,66741.1,67244.51,69039.51
66207.18,66664.68,66974.9,68788.3
65809.15,66604.18,66629.82,68690.51
65456.78,66538.6,66313.41,68580.44
65382.78,66065.016,65979.35,68486.1
65117.92,65983.59,65964.98,68097.44
64830.29,65921.87,65947.63,67913.09
64758.47,65858.2,65710.69,67718.83
64736.18,65216.363,65417.76,67528.91
64348.53,65156.758,65348.03,67028.766
63584.94,65098.098,64775.24,66771.33
63313.99,65006.78,64428.78,66482.46
62948.58,64232.785,64010.87,66196.59
62662.43,64125.4,63906.55,65585.86
62560.48,64047.773,63368.85,65210.965
62246.2,64011.656,63147.15,64834.973
62281.44,63312.21,62920.21,64538.023
62065.84,63284.062,62914.89,64048.695
62193.11,63290.766,62655.17,63880.04
62135.27,63349.7,62603.82,63743.79
61696.52,62885.562,62692.36,63647.77
61419.29,62910.203,62590.05,63338.617
61298.58,62962.336,62227.48,63342.676
61471.7,63037.094,62407.08,63364.438
61611.72,62706.36,62405.04,63406.59
61207.9,62759.66,62292.5,63182.254
60861.71,62777.92,61863.98,63248.86
60711.24,62767.508,61405.01,63296.516
59917.71,62612.348,61289.31,63362.344
59067.72,62482.047,60572.39,63463.867
58295.38,62309.57,59941.99,63620.844
57780.16,62107.645,59212.38,63627.867
57419.62,61574.37,58366.0,63416.684
57239.55,60944.0,57986.16,62532.016
56957.35,60383.297,57629.56,61696.66
56731.03,59843.297,57369.95,60830.348
55879.19,58201.39,57215.74,60017.285
55000.19,57339.145,56668.6,58672.586
53673.82,56452.617,55993.28,57749.324
52786.38,55445.24,54781.46,56842.44
51575.65,52131.797,53838.94,56038.508
50706.2,51666.625,52743.95,54017.47
49650.38,50834.223,52019.45,53118.094
49144.4,49849.586,51128.05,52093.727
48207.88,48746.188,50874.11,51111.605
47768.58,47867.06,49720.71,50082.668
47481.21,47180.883,49235.33,49274.785
46973.06,46666.805,48863.84,48597.53
46589.62,46097.105,48460.0,48021.953
46115.19,45701.484,47992.82,47414.965
45784.01,45359.445,47715.18,46930.23
45776.24,45078.6,47383.46,46497.566
45119.95,44733.445,47108.95,46111.586
44842.3,45021.645,46839.93,45478.36
44629.74,45235.645,46616.31,45364.19
44549.13,45386.816,46449.61,45402.406
44951.14,45614.902,46279.43,45490.453
44952.77,45844.492,46348.37,45656.832
44840.39,46056.336,46223.19,45796.0
44964.62,46244.12,46046.01,45965.203
45357.49,46609.574,45972.71,46171.723
45705.48,46919.594,46336.38,46525.508
46071.33,47314.695,46549.77,46843.06
46420.35,47817.57,46864.91,47228.652
47571.84,48730.12,47379.81,47688.895
47978.01,49846.9,48571.61,48440.453
48814.42,51294.16,49099.06,49139.133
49564.37,53337.36,49239.83,49977.15
51827.18,56164.254,50132.73,50959.285
53821.28,58405.047,52247.36,52475.156
55167.83,60301.45,53914.56,54147.004
56583.71,61764.023,55291.63,55880.016
58363.53,63125.2,56637.51,57481.523
59603.33,63920.445,58229.03,59463.54
60616.29,64485.92,59436.99,60755.906
61599.51,64914.402,60849.17,61961.574
62401.66,66377.29,61887.67,62904.996
63193.58,66623.88,62636.52,64191.188
63610.94,66977.984,63134.74,64626.242
64041.89,67278.84,63740.22,65002.812
63907.23,67713.914,64390.54,65312.625
64325.73,67863.69,64217.57,65838.07
64959.54,67953.06,64605.13,66127.83
65622.58,67980.125,65202.91,66424.445
65957.79,68114.07,65920.8,66767.17
66313.59,68099.91,66404.97,67339.6
66724.81,68077.84,66687.23,67796.1
67295.13,68044.97,67269.31,68223.11
67442.71,68037.484,67565.32,68587.48
67877.07,68021.96,67833.37,68854.125
68142.79,68012.41,67998.35,69057.84
68279.08,68000.04,68609.14,69197.79
67295.31,67890.484,68907.02,69300.63
67135.44,67858.22,67763.85,69222.36
67216.18,67837.05,67367.89,69239.37
67244.51,67831.375,67626.85,69235.01
66974.9,67562.2,67794.32,69219.14
66629.82,67542.484,67560.85,68944.59
66313.41,67526.66,67255.86,68860.52
65979.35,67521.586,67071.27,68762.875
65964.98,67039.664,66545.41,68672.28
65947.63,67009.44,66183.09,68253.93
65710.69,67006.76,66174.49,68091.195
65417.76,67001.14,65960.22,67910.234
65348.03,66324.09,65709.67,67744.58
64775.24,66287.29,65761.55,67208.445
64428.78,66227.77,65358.67,66968.7
64010.87,66175.78,64752.07,66715.09
63906.55,65359.414,64339.76,66464.14
63368.85,65286.27,64211.82,65855.91
63147.15,65214.7,63851.3,65516.07
62920.21,65177.797,63358.18,65153.7
62914.89,64440.47,63414.29,64843.83
62655.17,64393.258,63661.89,64325.32
62603.82,64374.992,63021.43,64161.51
62692.36,64394.117,63366.2,64044.79
62590.05,63893.527,63246.96,63966.29
62227.48,63929.93,63339.03,63665.875
62407.08,63972.07,62964.08,63682.207
62405.04,64034.477,63037.19,63732.08
62292.5,63680.25,63063.29,63800.77
61863.98,63703.105,62620.94,63596.477
61405.01,63712.69,62339.42,63719.445
61289.31,63716.22,62167.28,63817.77
60572.39,63601.242,61938.2,63942.69
59941.99,63528.28,61475.93,64065.855
59212.38,63425.383,60795.51,64339.02
58366.0,63294.914,60282.37,64529.03
57986.16,62756.61,59782.32,64552.676
57629.56,62348.516,59070.98,63719.543
57369.95,61956.03,58884.8,62882.82
57215.74,61617.027,58715.45,62019.977
56668.6,60175.547,58267.4,61193.145
55993.28,59536.71,57450.07,59733.895
54781.46,58845.312,56457.9,58785.88
53838.94,58001.207,55406.45,57890.242
52743.95,54775.645,54969.55,57077.125
52019.45,54460.03,53993.71,55053.293
51128.05,53579.06,53174.42,54051.508
50874.11,52599.89,52162.48,53106.91
49720.71,51367.64,51332.06,52144.598
49235.33,50237.652,50281.26,51108.496
48863.84,49362.773,49598.28,50298.176
48460.0,48680.348,49259.21,49610.887
47992.82,47954.2,48639.78,49026.297
47715.18,47423.816,48046.18,48410.707
47383.46,47008.35,47705.26,47923.574
47108.95,46658.137,47396.33,47480.527
46839.93,46271.86,47114.65,47077.613
46616.31,46626.586,46981.32,46323.848
46449.61,46911.855,46712.43,46244.477
46279.43,47106.723,46545.56,46336.242
46348.37,47347.89,46391.04,46488.727
46223.19,47460.562,46659.69,46732.613
46046.01,47553.508,46497.36,46915.707
45972.71,47626.62,46446.74,47115.832
46336.38,47863.363,46634.49,47306.52
46549.77,48062.047,47016.38,47685.977
46864.91,48345.64,47282.12,47993.613
47379.81,48727.91,47450.94,48357.17
48571.61,49564.08,48073.26,48771.656
49099.06,50535.047,48954.16,49440.07
49239.83,51817.258,49611.7,49997.508
50132.73,53339.32,49885.34,50613.707
52247.36,56095.426,50974.29,51280.508
53914.56,58578.94,53291.09,52304.945
55291.63,60567.707,55035.01,53661.73
56637.51,62037.35,56322.95,55542.215
58229.03,63291.25,57545.04,57457.4
59436.99,64039.117,59465.05,59717.527
60849.17,64608.44,60507.79,61275.113
61887.67,65078.203,61566.69,62516.633
62636.52,66548.39,62545.7,63418.18
63134.74,66849.92,63432.83,64391.484
63740.22,67221.81,63976.42,64806.71
64390.54,67531.72,64194.03,65181.473
64217.57,67903.61,64708.03,65495.395
64605.13,68064.77,64685.56,66111.21
65202.91,68159.375,65198.28,66402.836
65920.8,68215.805,65876.18,66720.305
66404.97,68298.86,66463.37,67087.36
66687.23,68332.18,66628.86,67793.55
67269.31,68344.68,66712.86,68252.08
67565.32,68348.37,67094.06,68681.59
67833.37,68283.39,67646.12,69057.33
67998.35,68280.625,67565.04,69422.29
68609.14,68269.49,67805.35,69574.16
68907.02,68269.03,67972.67,69688.35
67763.85,68089.17,67986.53,69763.06
67367.89,68061.19,67343.01,69708.16
67626.85,68032.57,66855.89,69637.164
67794.32,68010.78,66824.26,69550.5
67560.85,67674.53,66657.95,69444.01
67255.86,67649.3,65917.68,69114.83
67071.27,67619.875,65644.08,68906.445
66545.41,67595.55,65436.26,68670.96
66183.09,67053.03,64841.23,68457.35
66174.49,66994.945,64467.98,67945.125
65960.22,66948.66,64440.42,67596.41
65709.67,66914.17,64212.65,67246.734
65761.55,66181.766,63973.29,66919.4
65358.67,66138.26,63528.49,66300.19
64752.07,66098.7,63199.72,65928.92
64339.76,66037.25,63010.01,65542.734
64211.82,65214.047,62266.58,65204.375
63851.3,65142.707,62349.29,64583.875
63358.18,65094.86,62580.31,64229.523
63414.29,65050.855,62302.74,63870.555
63661.89,64339.08,62177.91,63602.523
63021.43,64346.355,62631.88,63125.637
63366.2,64351.35,62649.18,62992.934
63246.96,64414.594,62579.16,62883.258
63339.03,63912.03,62315.9,62786.37
62964.08,63979.33,62707.33,62411.83
63037.19,64055.668,62043.24,62435.727
63063.29,64128.098,61898.26,62480.77
62620.94,63743.86,61432.89,62519.555
62339.42,63776.242,61185.42,62158.57
62167.28,63808.805,60868.14,62194.42
61938.2,63867.77,60762.16,62193.37
61475.93,63759.39,60338.2,62170.9
60795.51,63777.633,59437.23,62026.645
60282.37,63762.836,58600.73,62095.406
59782.32,63766.996,57636.8,62031.63
59070.98,63285.29,56938.27,61812.098
58884.8,62936.176,56206.22,60817.523
58715.45,62655.234,55976.1,59867.96
58267.4,62394.742,56061.54,58965.74
57450.07,60839.812,55269.6,58125.445
56457.9,60153.96,54951.98,56762.402
55406.45,59404.09,54572.03,55936.46
54969.55,58571.184,53241.97,55155.58
53993.71,55608.39,52043.82,54474.65
53174.42,55567.08,51096.25,52541.906
52162.48,54790.336,50218.53,51812.44
51332.06,53759.508,49051.27,51020.4
50281.26,52255.84,48346.55,50231.145
49598.28,51017.5,47686.0,49322.793
49259.21,50060.008,46669.28,48653.78
48639.78,49380.13,46113.6,48072.305
48046.18,48622.65,45664.18,47578.008
47705.26,48086.54,44479.92,47039.426
47396.33,47668.992,43964.69,46614.62
47114.65,47327.9,43475.67,46214.566
46981.32,46596.94,42797.31,45851.008
46712.43,46905.023,42688.91,44960.574
46545.56,47147.285,42194.85,45076.613
46391.04,47312.566,42206.52,45084.492
46659.69,47539.93,42083.33,45033.77
46497.36,47691.582,41677.29,44962.89
46446.74,47774.406,41482.39,44858.863
46634.49,47871.645,41102.58,44769.773
47016.38,48197.023,41171.48,44701.992
47282.12,48418.668,40934.84,44668.03
47450.94,48703.957,40695.3,44641.16
48073.26,49034.062,40486.08,44630.035
48954.16,49830.94,40674.65,44636.7
49611.7,50674.25,40976.35,44680.562
49885.34,51849.312,40903.53,44697.42
50974.29,53299.035,40601.5,44749.71
53291.09,56165.043,40745.05,44829.43
55035.01,58731.188,41679.81,45015.387
56322.95,60731.523,42144.37,45177.984
57545.04,62150.754,43077.9,45435.637
59465.05,63453.188,43704.74,45782.91
60507.79,64165.37,44789.03,46378.62
61566.69,64728.5,45865.81,46959.758
62545.7,65198.082,46299.26,47601.742
63432.83,66711.13,47233.22,48265.605
63976.42,66970.21,47963.72,49491.54
64194.03,67300.39,48742.76,50322.055
64708.03,67558.44,49512.99,51250.258
64685.56,68031.81,50419.33,52135.08
65198.28,68173.9,51342.02,53151.71
65876.18,68278.836,51883.45,53821.312
66463.37,68363.305,52452.69,54378.344
66628.86,68621.44,52953.97,54857.74
66712.86,68688.51,52963.35,55479.773
67094.06,68744.89,53149.62,55914.26
67646.12,68808.33,53851.46,56368.438
67565.04,68846.59,54223.35,56815.08
67805.35,68839.19,54885.61,57252.78
67972.67,68870.48,55269.63,57476.664
67986.53,68901.914,55468.86,57540.33
67343.01,68769.26,55415.58,57490.355
66855.89,68751.41,54981.28,57197.383
66824.26,68737.98,54635.18,56842.773
66657.95,68701.95,54538.61,56420.633
65917.68,68310.68,54139.5,55952.47
65644.08,68239.58,53340.22,55307.73
65436.26,68159.15,52965.29,54790.59
64841.23,68093.99,52755.37,54287.746
64467.98,67393.83,52444.07,53854.1
64440.42,67221.47,52150.78,53271.746
64212.65,67118.555,52001.52,52864.473
63973.29,67017.22,51846.96,52505.99
63528.49,66103.62,51733.01,52227.145
63199.72,65940.77,51437.65,51765.926
63010.01,65775.31,51443.78,51457.656
62266.58,65686.875,51011.46,51168.32
62349.29,64674.617,50755.23,50930.273
62580.31,64545.25,50623.46,50590.363
62302.74,64457.61,50728.32,50461.332
62177.91,64421.617,50540.95,50400.883
62631.88,63607.223,50480.49,50366.617
62649.18,63651.027,50750.88,50310.645
62579.16,63766.176,50834.25,50373.32
62315.9,63895.02,51167.45,50463.75
62707.33,63327.33,50829.1,50561.555
62043.24,63470.633,51309.11,50793.094
61898.26,63589.36,51015.81,51108.97
61432.89,63710.11,51287.41,51458.89
61185.42,63279.19,51272.24,51793.445
60868.14,63281.312,51273.35,52222.934
60762.16,63313.223,50938.67,52567.367
60338.2,63376.633,50863.53,52815.207
59437.23,63163.727,50469.81,52997.547
58600.73,62935.71,49626.92,53700.957
57636.8,62679.617,48903.86,53863.3
56938.27,62450.965,48629.27,53782.363
56206.22,61637.227,47837.21,53512.945
55976.1,60813.062,47099.66,52628.484
56061.54,60040.207,47243.24,51757.516
55269.6,59349.363,46869.39,50910.02
54951.98,57279.977,47090.24,50208.79
54572.03,56471.26,46850.59,49120.867
53241.97,55768.34,46341.34,48569.02
52043.82,54957.234,45435.51,48061.75
51096.25,52048.312,45016.72,47623.207
50218.53,51424.938,43963.1,46249.047
49051.27,50492.36,43126.38,45586.652
48346.55,49490.18,42477.4,44784.87
47686.0,48370.44,41873.46,43978.84
46669.28,47642.05,41160.08,43094.88
46113.6,46958.656,40295.18,42394.68
45664.18,46443.59,40067.43,41754.242
44479.92,45912.39,39651.09,41174.418
43964.69,45450.797,39080.45,40671.176
43475.67,45117.105,38904.52,40243.414
42797.31,44866.875,38726.19,39861.406
42688.91,44147.562,38272.15,39540.62
42194.85,44640.617,37856.79,38715.22
42206.52,44729.81,37833.2,38487.11
42083.33,44644.656,37773.58,38361.46
41677.29,44481.613,37708.92,38260.79
41482.39,44238.17,37673.7,38162.945
41102.58,44044.367,37614.82,38095.383
41171.48,43885.82,37307.23,38045.812
40934.84,43823.492,37263.48,38020.61
40695.3,43697.336,37339.21,38028.715
40486.08,43521.176,37464.86,38053.918
40674.65,43320.992,37509.93,38075.055
40976.35,43249.168,36232.22,38081.35
40903.53,43217.758,37170.67,38084.332
40601.5,43223.93,37149.03,38049.457
40745.05,43220.1,37040.04,37997.938
41679.81,43436.555,37150.47,37944.332
42144.37,43754.69,37047.54,37952.445
43077.9,44162.402,37020.94,37933.18
43704.74,44765.66,37225.85,37978.28
44789.03,45711.273,37969.92,38128.88
45865.81,46695.77,38954.69,38573.26
46299.26,47858.594,39139.37,38964.516
47233.22,48975.97,39636.49,39429.64
47963.72,50467.785,40174.31,39957.1
48742.76,50935.348,41170.51,41074.47
49512.99,51443.88,41402.6,41912.098
50419.33,51972.92,42095.74,42834.6
51342.02,52843.5,42843.4,43746.45
51883.45,53548.258,43755.75,44862.56
52452.69,54171.793,44275.16,45637.52
52953.97,54767.926,44946.35,46342.9
52963.35,55427.086,45793.38,46992.453
53149.62,55810.32,46373.16,47845.594
53851.46,56073.645,46403.77,48374.97
54223.35,56294.117,46890.9,48929.69
54885.61,56457.984,47445.91,49525.29
55269.63,56491.55,47944.48,50316.363
55468.86,56425.484,48177.55,50757.29
55415.58,56306.203,48437.72,51011.312
54981.28,56069.11,49054.16,51038.273
54635.18,55753.066,49105.78,50870.973
54538.61,55398.402,48930.72,50471.88
54139.5,55060.31,48444.18,49982.305
53340.22,54615.848,48163.41,49471.664
52965.29,54137.785,47989.54,48915.883
52755.37,53677.402,47529.64,48398.78
52444.07,53323.43,47151.12,47955.215
52150.78,52786.715,46638.42,47594.9
52001.52,52395.19,46321.03,47103.477
51846.96,52121.83,46413.51,46779.125
51733.01,51949.66,46070.85,46508.414
51437.65,51611.82,46140.35,46296.793
51443.78,51367.684,46408.34,45802.43
51011.46,51312.285,46083.4,45587.457
50755.23,51140.38,45787.13,45388.29
50623.46,50884.73,45636.93,45230.32
50728.32,50743.004,45828.28,44930.85
50540.95,50817.65,45755.14,44916.95
50480.49,50804.82,45607.66,44971.57
50750.88,50947.83,45950.11,45072.973
50834.25,51086.24,46538.89,45160.73
51167.45,51305.074,46952.64,45472.58
50829.1,51607.445,47192.48,45821.418
51309.11,51976.105,47495.41,46225.02
51015.81,52204.402,48451.36,46701.586
51287.41,52362.016,48490.7,47255.863
51272.24,52655.14,48546.39,47759.44
51273.35,53106.902,48637.7,48189.492
50938.67,53225.945,49293.27,48559.758
50863.53,53252.195,49231.36,48941.035
50469.81,53295.85,49044.3,49232.492
49626.92,53568.6,48738.03,49497.9
48903.86,53132.85,48722.43,50146.574
48629.27,52531.664,48416.96,50487.574
47837.21,52038.63,48048.78,50660.938
47099.66,50338.28,47597.04,50701.234
47243.24,49254.7,47898.38,50289.5
46869.39,48838.86,48049.28,49964.82
47090.24,48422.566,48383.59,49601.086
46850.59,47560.613,48370.68,49272.63
46341.34,47269.766,48097.68,48519.324
45435.51,46892.7,47541.8,48165.188
45016.72,46331.344,46705.83,47807.047
43963.1,44472.62,46172.5,47474.26
43126.38,43516.062,45013.55,46130.605
42477.4,42676.582,44331.19,45531.3
41873.46,41972.215,43776.91,44778.145
41160.08,41309.61,43373.75,44055.496
40295.18,40753.156,41866.89,43305.598
40067.43,40251.676,41406.58,42711.707
39651.09,39868.67,40888.75,42169.727
39080.45,39590.113,40680.98,41689.184
38904.52,39323.887,40415.51,41234.35
38726.19,39142.164,40228.85,40824.188
38272.15,39016.977,40104.92,40442.305
37856.79,37689.21,39938.16,40100.297
37833.2,37659.43,39774.1,40293.668
37773.58,37603.36,39743.49,40123.492
37708.92,37461.492,39611.02,40072.812
37673.7,37307.812,39741.08,40075.58
37614.82,37212.773,39527.43,40124.875
37307.23,37155.562,39513.43,40251.58
37263.48,37111.53,39667.14,40447.715
37339.21,37108.22,39873.85,40714.16
37464.86,37111.258,40424.3,41055.918
37509.93,37134.22,40555.26,41470.316
36232.22,37175.664,40894.51,41949.574
37170.67,37230.055,41379.96,42505.285
37149.03,37305.242,42752.18,43256.367
37040.04,37375.523,43714.86,44074.703
37150.47,37447.98,44164.43,45059.25
37047.54,37647.934,45674.92,46292.59
37020.94,37754.156,49634.76,48384.168
37225.85,37890.438,51733.78,50553.254
37969.92,38069.72,53458.03,52747.79
38954.69,38572.594,55105.35,54819.17
39139.37,38965.855,57197.11,57041.348
39636.49,39368.234,58403.02,58631.977
40174.31,39796.97,59484.55,60069.055
41170.51,41500.47,60564.92,61219.043
41402.6,42009.97,61513.84,62649.758
42095.74,42573.95,62178.8,63233.42
42843.4,43165.598,62623.11,63727.438
43755.75,43972.82,62941.51,64131.227
44275.16,44576.47,62801.47,64566.51
44946.35,45054.195,62907.45,64877.08
45793.38,45508.664,63595.88,65184.918
46373.16,46193.51,64752.82,65495.582
46403.77,46666.5,64979.84,65920.42
46890.9,46939.348,65040.05,66303.97
47445.91,47242.727,65115.17,66714.555
47944.48,47730.203,65384.79,67114.78
48177.55,48113.43,65177.34,67486.36
48437.72,48429.973,65632.94,67718.31
49054.16,48709.86,65662.53,67862.24
49105.78,49105.98,65822.92,67929.97
48930.72,49207.367,65803.1,67882.59
48444.18,49102.23,65537.41,67781.95
48163.41,48751.78,65401.44,67653.96
47989.54,48259.504,65558.5,67532.33
47529.64,47958.562,65376.92,67283.05
47151.12,47622.67,65237.62,67077.22
46638.42,47333.67,64837.36,66871.65
46321.03,46716.91,64360.6,66686.59
46413.51,46405.43,63944.7,66319.68
46070.85,46326.062,63927.78,66058.33
46140.35,46202.09,63601.35,65797.45
46408.34,45794.47,63279.78,65548.05
46083.4,45866.78,63247.36,65061.484
45787.13,45829.023,62979.75,64719.645
45636.93,45757.78,62272.47,64342.098
45828.28,45371.156,61844.39,63956.008
45755.14,45396.242,61624.17,63320.91
45607.66,45465.023,61401.6,62972.824
45950.11,45528.36,61033.75,62698.48
46538.89,45573.555,60988.07,62505.562
46952.64,45923.715,60923.61,62104.312
47192.48,46365.062,60831.16,62006.895
47495.41,46793.055,60969.35,61912.062
48451.36,47266.11,61212.52,61840.344
48490.7,47907.207,60869.0,61538.188
48546.39,48347.703,60539.2,61566.992
48637.7,48668.785,60695.81,61616.66
49293.27,49065.97,60465.08,61695.777
49231.36,49426.5,59933.73,61514.72
49044.3,49613.25,59531.53,61669.2
48738.03,49690.0,59291.53,61762.01
48722.43,49999.797,59251.5,61812.477
48416.96,49987.78,58481.82,61890.28
48048.78,49874.016,57707.88,62071.492
47597.04,49658.66,56829.46,62091.605
47898.38,48968.156,56277.04,61817.242
48049.28,48724.21,56059.15,60772.223
48383.59,48611.38,55809.87,59731.52
48370.68,48688.2,55692.32,58725.652
48097.68,47913.457,55334.26,57774.277
47541.8,47631.47,54602.74,56473.44
46705.83,47233.4,53746.85,55490.234
46172.5,46701.727,52696.13,54536.965
45013.55,45016.156,51719.5,53663.55
44331.19,44279.336,50335.25,51439.254
43776.91,43475.86,49241.23,50582.0
43373.75,42727.96,48606.18,49607.695
41866.89,41963.266,47924.27,48716.336
41406.58,41095.496,46736.64,47816.523
40888.75,40399.676,46253.35,47153.324
40680.98,39809.64,45716.46,46590.797
40415.51,39395.297,45320.16,46111.684
40228.85,39056.926,44893.21,45610.582
40104.92,38818.086,44513.63,45224.867
39938.16,38653.22,44464.35,44875.047
39774.1,39561.03,44211.4,44563.082
39743.49,39555.777,43926.15,43628.086
39611.02,39632.13,43735.92,43466.5
39741.08,39745.773,43655.08,43432.004
39527.43,39936.04,43710.19,43435.836
39513.43,40134.484,43627.01,43493.562
39667.14,40348.906,43589.19,43587.22
39873.85,40590.773,43778.43,43730.395
40424.3,40913.676,43905.66,43919.758
40555.26,41297.383,44451.28,44217.703
40894.51,41690.06,44933.0,44506.805
41379.96,42130.96,45244.73,44858.508
42752.18,42773.074,45841.05,45285.035
43714.86,43693.758,46745.4,45920.15
44164.43,44970.49,47086.3,46484.46
45674.92,46484.973,47831.37,47097.46
49634.76,49299.027,49080.82,47782.086
51733.78,53114.066,51439.37,49097.566
53458.03,56120.42,53005.89,50700.562
55105.35,58181.953,54522.9,52752.703
57197.11,59825.83,55826.27,54974.023
58403.02,60931.707,57438.54,57802.707
59484.55,61848.164,58686.69,59614.44
60564.92,62696.742,59903.76,61052.453
61513.84,64349.375,60651.17,62060.61
62178.8,64748.258,61332.46,63386.668
62623.11,65241.594,61945.38,63816.6
62941.51,65700.27,62409.28,64197.32
62801.47,66144.28,62741.27,64513.645
62907.45,66480.46,63074.48,64959.33
63595.88,66763.49,63433.0,65219.855
64752.82,66991.07,64128.81,65480.492
64979.84,67200.03,64678.81,65762.52
65040.05,67303.03,65019.71,66241.336
65115.17,67361.445,65715.51,66624.734
65384.79,67389.586,66377.67,67018.47
65177.34,67372.67,66735.17,67382.53
65632.94,67360.7,67285.86,67750.31
65662.53,67354.734,67641.48,67946.81
65822.92,67318.234,67644.83,68070.664
65803.1,67159.7,67903.19,68144.734
65537.41,67113.734,67253.4,68140.33
65401.44,67058.19,66844.79,68090.305
65558.5,66999.83,66960.33,68011.65
65376.92,66673.41,66996.31,67926.38
65237.62,66604.6,66723.36,67707.445
64837.36,66543.07,66643.47,67531.25
64360.6,66469.68,66717.87,67354.42
63944.7,65905.94,66485.46,67191.72
63927.78,65784.2,65766.18,66835.72
63601.35,65707.59,65970.85,66592.516
63279.78,65634.445,65280.74,66344.38
63247.36,64914.703,65323.4,66113.36
62979.75,64822.062,65304.25,65655.62
62272.47,64745.305,64995.79,65350.746
61844.39,64637.156,64365.36,65015.918
61624.17,63821.19,64006.27,64669.0
61401.6,63681.42,64313.12,64041.645
61033.75,63575.625,63795.7,63660.934
60988.07,63500.566,63647.32,63349.363
60923.61,62810.69,63164.44,63130.242
60831.16,62752.035,62896.7,62716.824
60969.35,62742.83,62654.51,62609.477
61212.52,62805.57,62967.68,62512.5
60869.0,62373.715,62939.52,62440.21
60539.2,62385.875,62935.16,62129.566
60695.81,62419.766,62698.78,62156.875
60465.08,62503.133,62503.7,62205.945
59933.73,62152.156,62440.84,62289.195
59531.53,62108.023,61924.2,62124.727
59291.53,62087.016,61377.94,62335.74
59251.5,62091.914,60768.28,62509.05
58481.82,62017.934,60256.09,62663.77
57707.88,61929.414,59698.96,63055.625
56829.46,61820.32,58772.66,63437.035
56277.04,61592.88,58062.02,63509.7
56059.15,60512.07,57652.41,63246.15
55809.87,59548.633,57442.8,61875.36
55692.32,58657.547,57370.71,60720.95
55334.26,57879.28,57112.63,59703.695
54602.74,56196.01,56696.46,58805.926
53746.85,55259.586,55981.2,57569.156
52696.13,54388.957,54841.45,56684.055
51719.5,53539.496,53736.55,55856.34
50335.25,50689.31,52698.93,55104.285
49241.23,49915.883,51818.6,52825.53
48606.18,48923.797,50862.53,51893.676
47924.27,48050.09,49890.06,50792.734
46736.64,47095.473,48882.69,49765.96
46253.35,46231.363,48068.91,48805.8
45716.46,45566.492,47561.73,48021.312
45320.16,45035.746,46932.46,47360.156
44893.21,44537.04,46425.27,46805.89
44513.63,44182.582,46103.13,46229.824
44464.35,43931.484,45900.34,45804.11
44211.4,43740.92,45773.85,45376.71
43926.15,43106.207,45355.25,44997.445
43735.92,43359.492,44790.21,43962.14
43655.08,43547.965,44582.01,43787.098
43710.19,43723.336,44476.64,43763.434
43627.01,43972.824,44264.7,43775.617
43589.19,44197.133,44037.0,43845.453
43778.43,44424.03,43970.92,43955.4
43905.66,44674.754,44126.8,44122.625
44451.28,45009.363,44318.61,44331.742
44933.0,45323.5,44483.41,44651.434
45244.73,45694.22,44819.05,44981.926
45841.05,46105.918,45197.44,45389.39
46745.4,46915.45,45858.67,45884.3
47086.3,47888.42,46955.85,46606.73
47831.37,49131.938,47484.89,47278.645
49080.82,50892.926,48300.61,47989.734
51439.37,53686.254,49495.31,48700.11
53005.89,56062.92,52346.13,49808.84
54522.9,57978.484,54176.85,51068.934
55826.27,59563.277,55607.36,52796.848
57438.54,61162.414,56955.64,54832.523
58686.69,62301.82,58528.57,57557.676
59903.76,63138.73,59395.14,59294.32
60651.17,63734.51,60632.7,60838.66
61332.46,65121.18,61629.83,62001.89
61945.38,65339.01,62473.94,63585.71
62409.28,65674.42,62844.67,64058.906
62741.27,65999.91,63315.04,64469.344
63074.48,66438.81,63641.33,64803.96
63433.0,66736.26,63390.14,65247.008
64128.81,66985.016,63837.36,65477.062
64678.81,67172.336,64178.51,65702.336
65019.71,67413.39,64456.79,65946.17
65715.51,67490.47,64966.31,66333.734
66377.67,67542.336,65335.56,66657.4
66735.17,67579.33,65624.42,67021.73
67285.86,67644.02,66090.4,67395.38
67641.48,67654.54,66977.48,67752.75
67644.83,67659.63,67890.89,67965.7
67903.19,67656.195,67962.66,68098.07
67253.4,67576.67,68023.84,68188.71
66844.79,67547.31,66861.5,68166.695
66960.33,67515.59,66290.65,68082.31
66996.31,67487.65,65906.23,67980.15
66723.36,67227.586,65841.37,67870.69
66643.47,67186.34,65657.58,67604.24
66717.87,67161.71,64981.25,67373.5
66485.46,67145.55,64197.23,67169.69
65766.18,66677.984,63993.98,67004.05
65970.85,66612.5,63230.09,66626.64
65280.74,66588.31,63192.18,66330.87
65323.4,66540.695,63488.6,66059.75
65304.25,65872.19,63481.67,65820.22
64995.79,65829.76,63589.14,65373.76
64365.36,65796.84,63614.7,65024.207
64006.27,65745.836,63003.98,64661.82
64313.12,64923.25,62752.05,64308.332
63795.7,64886.21,62780.53,63698.06
63647.32,64844.11,62791.93,63336.848
63164.44,64834.09,62405.73,63033.645
62896.7,64056.453,61904.0,62801.395
62654.51,64000.797,61520.17,62355.434
62967.68,63981.54,61478.5,62240.227
62939.52,64037.94,61354.83,62148.02
62935.16,63487.3,61494.04,62072.816
62698.78,63538.254,60922.66,61729.152
62503.7,63596.312,60887.52,61787.695
62440.84,63643.37,61014.86,61834.887
61924.2,63280.875,61045.4,61946.17
61377.94,63261.47,60770.31,61833.195
60768.28,63232.76,60008.87,62129.91
60256.09,63188.08,59303.07,62368.887
59698.96,63153.996,59034.75,62569.72
58772.66,63074.188,58327.88,63235.766
58062.02,62953.086,57468.5,63774.164
57652.41,62860.543,56901.27,63868.633
57442.8,61940.492,56348.22,63456.41
57370.71,61167.355,55597.84,61604.805
57112.63,60515.418,55487.17,60358.54
56696.46,59883.19,55208.12,59310.41
55981.2,58193.79,54705.91,58365.703
54841.45,57283.863,53810.13,57096.703
53736.55,56322.63,52774.92,56173.496
52698.93,55366.78,51439.12,55302.766
51818.6,52485.844,50577.84,54524.57
50862.53,51874.72,49855.95,52408.707
49890.06,50825.695,48821.24,51427.746
48882.69,49731.266,47975.37,50224.223
48068.91,48467.984,46939.5,49113.914
47561.73,47516.195,45976.18,48162.023
46932.46,46783.67,45573.8,47337.273
46425.27,46167.754,44960.83,46646.715
46103.13,45521.707,44668.44,46062.656
45900.34,45095.703,44122.03,45510.297
45773.85,44769.164,43827.77,45040.55
45355.25,44523.305,43805.58,44623.93
44790.21,43905.582,43668.27,44257.22
44582.01,44115.055,42873.14,43479.402
44476.64,44291.742,42690.41,43440.79
44264.7,44462.598,42701.69,43494.875
44037.0,44693.91,42878.15,43562.32
43970.92,44869.93,42812.87,43699.83
44126.8,45065.4,42766.25,43834.516
44318.61,45287.605,42759.48,44028.598
44483.41,45648.324,42921.77,44283.977
44819.05,45906.63,43450.06,44712.742
45197.44,46226.375,43719.57,45123.46
45858.67,46627.28,43966.48,45613.523
46955.85,47476.61,44425.7,46189.383
47484.89,48512.54,45331.02,47117.395
48300.61,49844.06,45906.35,47948.16
49495.31,51729.117,46659.16,48892.832
52346.13,54744.367,47822.86,49972.02
54176.85,57290.08,50720.12,52047.32
55607.36,59265.83,52317.67,53951.203
56955.64,60805.09,53527.77,55844.44
58528.57,62328.85,55023.83,57591.254
59395.14,63288.273,56279.1,59450.695
60632.7,63918.562,57461.39,60720.004
61629.83,64369.297,58523.41,61711.445
62473.94,65708.42,59415.28,62427.37
62844.67,65904.46,59844.02,63432.383
63315.04,66227.52,60389.98,63744.62
63641.33,66556.7,61080.05,64021.547
63390.14,66951.336,61514.67,64253.027
63837.36,67199.46,61142.17,64611.96
64178.51,67421.78,61478.26,64811.41
64456.79,67585.41,62119.78,65016.24
64966.31,67741.32,62694.09,65227.023
65335.56,67818.0,62714.57,65606.63
65624.42,67867.195,63042.28,65884.4
66090.4,67899.445,63624.2,66198.75
66977.48,67892.45,63913.81,66510.766
67890.89,67915.164,64231.53,66908.51
67962.66,67940.41,64676.24,67105.64
68023.84,67960.7,65437.89,67245.21
66861.5,67830.266,65850.42,67337.39
66290.65,67802.53,65471.58,67389.516
65906.23,67776.85,65347.14,67312.09
65841.37,67738.734,65358.07,67212.76
65657.58,67365.086,65495.39,67105.69
64981.25,67298.87,64831.27,66893.195
64197.23,67238.39,64691.26,66669.76
63993.98,67172.54,64278.1,66452.93
63230.09,66555.86,63587.11,66282.26
63192.18,66370.39,63174.41,65938.414
63488.6,66225.93,63066.62,65662.484
63481.67,66152.29,62808.77,65403.254
63589.14,65384.523,62847.21,65153.914
63614.7,65244.67,62371.07,64680.03
63003.98,65171.016,61519.58,64374.01
62752.05,65088.117,61025.2,64073.27
62780.53,64198.414,61010.03,63771.523
62791.93,64079.324,60950.42,63173.03
62405.73,64004.344,60543.05,62807.11
61904.0,63924.76,60081.94,62502.156
61520.17,63066.45,59703.77,62282.973
61478.5,62908.39,59849.52,61836.746
61354.83,62857.25,59845.76,61736.484
61494.04,62843.78,59621.73,61632.79
60922.66,62303.547,60210.39,61545.63
60887.52,62254.21,60045.06,61177.17
61014.86,62257.85,59900.84,61170.68
61045.4,62361.22,59514.03,61161.027
60770.31,62146.223,59474.16,61171.137
60008.87,62158.71,59190.07,60927.71
59303.07,62099.195,58410.74,61072.242
59034.75,62018.69,58094.93,61194.906
58327.88,62320.45,57773.5,61270.703
57468.5,62348.5,56931.98,61194.664
56901.27,62373.344,55932.99,61375.31
56348.22,62274.887,55407.4,61495.195
55597.84,60695.312,55132.56,61452.887
55487.17,59535.906,54807.16,60782.324
55208.12,58563.227,54724.66,59854.01
54705.91,57671.508,54554.32,58879.62
53810.13,55858.523,54217.97,57957.19
52774.92,54875.145,53472.63,56573.152
51439.12,53949.3,52443.06,55599.66
50577.84,53009.004,51432.01,54622.746
49855.95,50175.68,50615.07,53680.52
48821.24,49321.227,49570.22,51503.574
47975.37,48332.414,48762.81,50553.625
46939.5,47440.617,47934.27,49543.957
45976.18,46426.06,47099.75,48641.562
45573.8,45640.355,46737.36,47702.6
44960.83,45077.496,46139.36,47017.195
44668.44,44616.98,45631.67,46438.883
44122.03,44233.254,45009.92,45953.336
43827.77,43942.145,44190.32,45460.79
43805.58,43733.47,43617.23,45077.465
43668.27,43605.688,43378.98,44735.39
42873.14,43345.01,43131.62,44430.53
42690.41,43409.645,42596.38,43635.52
42701.69,43466.113,42804.27,43507.555
42878.15,43563.49,42657.59,43497.574
42812.87,43809.14,42868.17,43517.594
42766.25,44007.742,42991.99,43623.395
42759.48,44216.91,43132.37,43725.516
42921.77,44421.543,43160.12,43885.777
43450.06,44786.59,43193.38,44112.46
43719.57,45082.645,43907.47,44536.58
43966.48,45397.215,44120.96,44928.695
44425.7,45770.836,44375.58,45393.086
45331.02,46666.73,44792.54,45934.527
45906.35,47683.895,45924.0,46871.332
46659.16,49004.332,46698.24,47714.695
47822.86,50545.492,47170.5,48764.55
50720.12,52831.473,48208.15,50119.664
52317.67,54979.438,50484.87,52479.035
53527.77,56702.984,51955.83,54308.062
55023.83,58007.73,53483.1,55968.05
56279.1,59358.17,54849.24,57432.355
57461.39,60420.777,56600.13,59018.688
58523.41,61430.473,57543.37,60155.91
59415.28,62255.375,58586.25,61067.156
59844.02,63759.145,59478.17,61758.773
60389.98,63963.742,60351.51,62874.414
61080.05,64238.78,60896.44,63234.824
61514.67,64490.484,61242.93,63558.348
61142.17,64868.14,61548.52,63831.46
61478.26,65146.18,61490.58,64232.98
62119.78,65473.36,61879.98,64459.938
62694.09,65806.61,62251.61,64693.15
62714.57,66173.61,62948.99,64947.23
63042.28,66310.08,63125.64,65362.426
63624.2,66372.5,63346.93,65666.92
63913.81,66403.85,63658.79,65982.74
64231.53,66432.14,63881.83,66267.93
64676.24,66397.945,63944.98,66562.75
65437.89,66377.32,64432.73,66677.22
65850.42,66393.99,65046.42,66742.01
65471.58,66311.9,65602.39,66757.12
65347.14,66270.086,65096.1,66672.945
65358.07,66237.18,64793.26,66511.16
65495.39,66210.79,64925.96,66318.336
64831.27,65907.34,64536.89,66129.695
64691.26,65818.23,63850.15,65716.19
64278.1,65747.63,63430.91,65349.688
63587.11,65664.14,62572.79,64992.508
63174.41,65037.906,61939.61,64677.363
63066.62,64857.094,61425.57,64119.914
62808.77,64727.406,60962.22,63700.516
62847.21,64610.703,60383.6,63329.684
62371.07,63881.81,59826.47,63013.68
61519.58,63735.043,60100.77,62482.727
61025.2,63520.547,59623.33,62163.133
61010.03,63313.723,59506.76,61851.41
60950.42,62436.25,59475.5,61537.613
60543.05,62276.047,59460.35,60919.426
60081.94,62147.867,59513.73,60635.695
59703.77,62021.426,59260.56,60415.92
59849.52,61214.195,58893.21,60240.055
59845.76,61116.88,59441.62,59765.07
59621.73,61080.164,59138.51,59682.258
60210.39,61068.918,59204.84,59590.227
60045.06,60642.53,58892.2,59505.453
59900.84,60661.152,58293.64,59113.25
59514.03,60717.88,57795.8,59119.594
59474.16,60742.83,57655.71,59121.676
59190.07,60376.727,57916.56,59149.215
58410.74,60305.156,57514.33,58911.695
58094.93,60176.57,56844.97,58958.887
57773.5,60061.79,56405.04,58909.07
56931.98,59716.445,55985.72,58780.188
55932.99,59450.934,55102.14,58354.633
55407.4,59159.055,54225.32,58198.797
55132.56,58887.926,53600.49,57959.906
54807.16,58308.42,52976.61,57674.973
54724.66,57613.77,52703.68,57313.18
54554.32,56954.77,52749.96,56678.914
54217.97,56323.812,52409.64,55892.117
53472.63,54631.742,51801.3,55059.473
52443.06,53818.75,50965.6,53689.965
51432.01,52993.168,50077.35,52761.203
50615.07,52179.18,48857.69,51846.71
49570.22,49315.14,48040.15,51008.062
48762.81,48596.68,46927.46,49063.48
47934.27,47818.32,46173.21,48305.637
47099.75,47059.543,45525.57,47409.996
46737.36,46137.668,44837.24,46566.574
46139.36,45550.465,43043.84,45653.367
45631.67,45031.47,42395.9,44966.234
45009.92,44591.945,41827.02,44375.184
44190.32,44107.992,41443.36,43875.746
43617.23,43720.473,41006.61,43378.816
43378.98,43399.934,40856.56,43002.688
43131.62,43164.91,40614.26,42675.85
42596.38,42696.637,40177.4,42394.582
42804.27,42735.66,39815.79,41610.29
42657.59,42812.61,39474.12,41594.9
42868.17,42882.348,39072.02,41475.64
42991.99,43105.21,38926.09,41289.613
43132.37,43302.1,38865.72,41151.69
43160.12,43511.594,39127.84,41049.125
43193.38,43725.77,38918.38,40996.58
43907.47,44095.312,38859.03,40981.824
44120.96,44436.74,38861.84,41039.35
44375.58,44767.35,38769.08,41078.96
44792.54,45131.54,38767.1,41139.516
45924.0,45942.953,38713.35,41218.61
46698.24,46888.5,38869.91,41380.64
47170.5,48196.79,39079.81,41512.254
48208.15,49693.46,39132.4,41677.117
50484.87,51971.4,39142.85,41891.9
51955.83,53784.816,39820.73,42250.656
53483.1,55324.52,40117.42,42613.26
54849.24,56703.086,40676.0,43117.406
56600.13,58242.504,41274.01,43800.34
57543.37,59478.137,42423.42,44798.625
58586.25,60493.668,43288.54,45626.49
59478.17,61237.805,44148.12,46405.88
60351.51,62829.793,45149.38,47123.9
60896.44,63077.04,46307.2,48135.805
61242.93,63380.47,46868.98,48815.156
61548.52,63649.68,47512.57,49636.387
61490.58,64034.953,48353.25,50464.973
61879.98,64300.395,49081.28,51422.47
62251.61,64590.23,49578.33,52054.12
62948.99,64871.79,50275.42,52566.973
63125.64,65199.504,51079.22,52965.094
63346.93,65355.16,51415.12,53439.37
63658.79,65443.258,51956.18,53681.523
63881.83,65491.086,52241.14,53913.414
63944.98,65497.86,52562.22,54149.05
64432.73,65480.7,52617.25,54458.66
65046.42,65472.508,52896.95,54620.977
65602.39,65477.176,53371.27,54707.504
65096.1,65332.82,53438.79,54702.047
64793.26,65297.33,53197.51,54530.58
64925.96,65267.5,53227.64,54255.137
64536.89,65251.742,52808.8,53906.938
63850.15,64838.594,52656.81,53516.152
63430.91,64734.69,52131.07,52913.836
62572.79,64629.87,51645.16,52407.402
61939.61,64476.53,50703.87,51924.324
61425.57,63710.797,50337.75,51490.87
60962.22,63448.543,49714.38,50906.387
60383.6,63209.855,49151.88,50490.484
59826.47,62960.84,48864.04,50163.04
60100.77,62042.36,48765.07,49891.56
59623.33,61808.54,48974.86,49494.38
59506.76,61594.086,48826.81,49219.168
59475.5,61437.6,48571.85,48980.37
59460.35,60609.633,47957.21,48751.805
59513.73,60486.086,47813.37,48492.355
59260.56,60442.312,47648.7,48355.85
58893.21,60409.58,47841.07,48320.46
59441.62,59735.75,47815.45,48333.11
59138.51,59742.58,47895.77,48357.113
59204.84,59755.508,48139.35,48434.09
58892.2,59825.64,48387.74,48527.906
58293.64,59349.01,48486.57,48625.938
57795.8,59221.69,48502.0,48772.363
57655.71,59116.223,48314.17,48986.84
57916.56,59066.086,47930.64,49212.133
57514.33,58610.004,48287.71,49436.42
56844.97,58448.395,48491.97,49607.113
56405.04,58273.656,47830.56,49746.79
55985.72,58093.566,47553.33,49782.73
55102.14,57518.957,47167.85,49728.668
54225.32,57180.094,46685.07,49595.625
53600.49,56852.066,45694.85,49491.062
52976.61,56561.61,45245.48,49344.484
52703.68,55940.008,45038.66,49152.484
52749.96,55260.4,45215.26,49074.754
52409.64,54635.22,45581.89,48675.72
51801.3,54001.32,45436.3,48201.785
50965.6,52287.047,44991.44,47706.375
50077.35,51489.02,44453.53,46806.617
48857.69,50701.99,43735.56,46233.734
48040.15,49808.555,43345.82,45677.902
46927.46,47206.273,42821.07,45174.316
46173.21,46282.36,42030.13,43552.49
45525.57,45417.51,41137.79,42925.797
44837.24,44671.387,40388.45,42149.22
43043.84,43863.21,39773.96,41370.21
42395.9,43083.168,38577.85,40556.926
41827.02,42533.85,37885.18,39874.27
41443.36,42135.67,37597.76,39270.79
41006.61,41774.82,37276.73,38758.24
40856.56,41533.4,36965.41,38343.98
40614.26,41365.89,36665.28,38003.984
40177.4,41222.09,36455.34,37735.523
39815.79,40185.1,36235.91,37529.145
39474.12,40324.68,35833.57,36653.582
39072.02,40293.8,35494.74,36416.484
38926.09,40144.15,35539.63,36265.32
38865.72,40022.93,35529.42,36157.33
39127.84,39925.418,35536.74,36094.82
38918.38,39907.824,35349.01,36051.54
38859.03,39877.652,35315.37,36027.53
38861.84,39903.605,35213.99,36010.297
38769.08,39914.848,35220.97,36029.1
38767.1,39979.504,35232.11,36038.03
38713.35,40099.91,35303.73,36057.33
38869.91,40342.945,35295.97,36075.805
39079.81,40515.133,35465.87,36122.97
39132.4,40696.633,35188.88,36123.336
39142.85,40858.953,35415.03,36115.992
39820.73,41232.55,35142.44,36106.46
40117.42,41536.72,35477.9,36183.918
40676.0,41869.227,35482.64,36260.24
41274.01,42297.984,35650.15,36448.82
42423.42,43098.25,35969.49,36801.215
43288.54,43871.758,36688.28,37600.38
44148.12,44726.926,37339.28,38214.59
45149.38,45648.133,37987.58,38857.29
46307.2,47341.902,38658.54,39517.83
46868.98,48166.53,39749.82,40648.69
47512.57,48923.7,40588.82,41609.68
48353.25,49506.07,40907.54,42562.203
49081.28,50139.31,41744.01,43422.59
49578.33,50574.1,42519.8,44398.676
50275.42,50929.86,42983.46,45011.508
51079.22,51321.004,43483.95,45539.36
51415.12,51878.996,44229.38,46017.098
51956.18,52289.707,44420.5,46729.97
52241.14,52702.645,44972.85,47163.004
52562.22,53039.1,45723.98,47622.52
52617.25,53351.055,46308.24,48126.855
52896.95,53460.676,46814.58,48829.81
53371.27,53476.027,47454.44,49214.97
53438.79,53437.938,47770.6,49450.844
53197.51,53303.555,47804.41,49521.527
53227.64,53084.098,47243.91,49422.46
52808.8,52874.707,47080.8,49107.305
52656.81,52624.117,46390.67,48708.918
52131.07,52272.445,46226.64,48294.297
51645.16,51940.617,45967.38,47728.03
50703.87,51597.484,45233.07,47231.812
50337.75,51096.883,45162.55,46780.105
49714.38,50484.895,44945.04,46390.35
49151.88,49912.434,44772.6,45805.66
48864.04,49376.312,44434.49,45451.895
48765.07,48958.523,44225.8,45153.574
48974.86,48531.75,44137.56,44901.438
48826.81,48409.875,44178.41,44372.12
48571.85,48320.61,43896.91,44121.875
47957.21,48178.945,43435.37,43899.273
47813.37,47780.43,43712.25,43717.062
47648.7,47524.25,43718.03,43431.73
47841.07,47423.48,43899.83,43426.78
47815.45,47563.52,43872.51,43460.832
47895.77,47733.39,44016.32,43530.84
48139.35,47804.152,44352.25,43622.832
48387.74,48070.598,44437.45,43885.49
48486.57,48403.965,44143.84,44188.473
48502.0,48780.617,44342.99,44545.434
48314.17,48874.188,44651.7,44983.156
47930.64,48916.01,44634.28,45513.723
48287.71,48847.6,44854.4,45990.727
48491.97,49039.38,45088.26,46397.05
47830.56,49093.527,45365.06,46581.883
47553.33,48838.594,44757.5,46802.906
47167.85,48584.164,44806.3,46931.67
46685.07,48283.266,44706.32,47012.793
45694.85,47862.574,45020.11,46916.28
45245.48,47334.48,44667.75,47026.066
45038.66,46834.67,44653.19,47137.18
45215.26,46260.508,44408.77,47250.16
45581.89,45969.176,44469.31,47641.484
45436.3,45915.574,44926.07,47688.25
44991.44,45772.84,45075.11,47635.25
44453.53,44913.477,44826.6,47522.016
43735.56,44459.125,44944.1,47110.93
43345.82,43961.46,44483.37,46754.47
42821.07,43576.855,43704.56,46358.9
42030.13,41289.97,42989.58,45976.336
41137.79,40634.574,42076.88,44368.14
40388.45,39943.633,41360.74,43790.055
39773.96,39273.344,40651.65,43090.887
38577.85,38675.68,40025.48,42422.18
37885.18,38107.71,39393.71,41731.023
37597.76,37698.582,39164.47,41175.67
37276.73,37427.473,39212.77,40666.043
36965.41,37278.312,38716.4,40205.355
36665.28,37134.75,38131.66,39762.387
36455.34,37027.062,37930.9,39368.25
36235.91,36942.508,37360.06,39004.523
35833.57,35857.06,37147.28,38679.21
35494.74,35743.08,36825.92,38878.297
35539.63,35618.344,36639.24,38706.824
35529.42,35520.797,36682.95,38650.42
35536.74,35489.266,36501.3,38653.78
35349.01,35461.566,36658.38,38716.418
35315.37,35445.03,36511.64,38825.758
35213.99,35439.07,36591.04,39001.066
35220.97,35480.92,36709.65,39253.562
35232.11,35491.695,37400.56,39632.32
35303.73,35511.75,37782.21,40067.848
35295.97,35543.71,38053.0,40601.12
35465.87,35653.613,38626.38,41259.62
35188.88,35708.363,40431.98,42243.27
35415.03,35753.406,40972.91,43371.33
35142.44,35807.742,41917.2,44863.895
35477.9,35990.605,43405.12,46850.406
35482.64,36110.25,46763.34,49570.47
35650.15,36277.44,48587.45,51741.168
35969.49,36538.676,50130.77,53684.2
36688.28,37288.715,51440.23,55380.496
37339.28,37868.78,53002.35,56997.305
37987.58,38464.168,54046.89,58221.242
38658.54,39032.0,55395.85,59212.77
39749.82,40899.42,56558.37,59976.164
40588.82,41471.742,57698.69,60892.324
40907.54,42070.836,58123.85,61339.715
41744.01,42605.465,58786.19,61717.887
42519.8,43273.316,59590.33,62019.258
42983.46,43840.953,59789.98,62393.586
43483.95,44321.28,60372.18,62688.984
44229.38,44751.83,60872.07,63020.227
44420.5,45268.34,61306.06,63394.535
44972.85,45586.746,61724.22,63911.59
45723.98,45941.84,62053.53,64382.71
46308.24,46383.87,62652.15,64857.73
46814.58,46819.277,62513.92,65277.793
47454.44,47250.934,63263.14,65610.234
47770.6,47752.906,64279.89,65831.55
47804.41,48135.105,64103.45,65975.52
47243.91,48172.18,64243.01,66065.61
47080.8,47856.953,63684.56,65972.86
46390.67,47548.875,63034.03,65901.125
46226.64,46986.414,62562.46,65815.11
45967.38,46366.023,62260.91,65727.484
45233.07,46005.047,62593.86,65396.15
45162.55,45535.95,62688.27,65167.633
44945.04,45313.37,62458.43,64943.633
44772.6,44787.246,62301.91,64762.133
44434.49,44585.86,61889.27,64324.81
44225.8,44382.98,62213.62,64059.555
44137.56,44229.723,62044.82,63816.508
44178.41,43768.78,61767.43,63605.33
43896.91,43719.266,61818.48,63121.492
43435.37,43645.96,61247.85,62875.277
43712.25,43489.707,60907.54,62579.95
43718.03,43225.75,60342.12,62244.43
43899.83,43235.074,59798.95,61609.742
43872.51,43341.01,59490.05,61256.938
44016.32,43433.242,58815.48,60983.254
44352.25,43498.45,58885.47,60799.52
44437.45,43730.145,58948.19,60437.4
44143.84,43969.34,59027.2,60356.61
44342.99,44086.38,59253.42,60278.94
44651.7,44405.723,59121.25,60218.984
44634.28,44718.65,59040.1,59941.195
44854.4,45006.98,58824.08,59957.086
45088.26,45364.246,58780.34,59971.15
45365.06,45723.668,58448.53,60001.33
44757.5,45931.887,58306.15,59627.965
44806.3,45791.066,57763.79,59599.5
44706.32,45693.652,57686.09,59507.746
45020.11,45454.93,57326.37,59370.9
44667.75,45475.418,56124.94,58573.227
44653.19,45413.824,55331.9,58287.992
44408.77,45371.63,54845.05,58011.617
44469.31,45325.56,54574.63,57749.61
44926.07,45142.42,54316.49,57372.48
45075.11,45160.94,54092.95,56902.18
44826.6,45188.113,53702.21,56248.863
44944.1,44772.715,52842.32,55451.992
44483.37,44667.402,51994.58,54001.758
43704.56,44414.746,51041.42,52990.383
42989.58,43976.555,49768.59,52041.273
42076.88,41538.344,48802.09,51198.746
41360.74,40896.777,47617.72,49582.656
40651.65,40211.85,46818.72,48774.53
40025.48,39523.555,46157.33,47871.855
39393.71,38846.945,45481.75,47034.71
39164.47,38238.785,44818.25,46181.49
39212.77,37771.633,44357.19,45510.55
38716.4,37439.7,44022.06,44934.93
38131.66,37174.836,43736.84,44456.75
37930.9,36927.547,42762.9,43967.344
37360.06,36753.19,42452.08,43578.453
37147.28,36610.598,42214.59,43224.883
36825.92,37625.035,41935.95,42913.504
36639.24,37553.164,41350.95,42417.04
36682.95,37583.58,41462.74,42333.766
36501.3,37681.85,41293.2,42346.66
36658.38,37861.26,41452.27,42364.168
36511.64,38048.953,41475.25,42431.88
36591.04,38220.18,41551.59,42513.344
36709.65,38401.7,41391.99,42643.78
37400.56,38692.36,41488.62,42826.465
37782.21,39029.348,42184.41,43178.04
38053.0,39426.44,42522.41,43541.887
38626.38,39869.355,42802.59,43985.61
40431.98,40634.164,43136.32,44528.19
40972.91,41831.844,44359.3,45398.24
41917.2,43214.566,45192.85,46247.13
43405.12,44854.684,45897.6,47324.59
46763.34,47379.53,47002.86,48723.57
48587.45,50392.21,50203.55,51065.062
50130.77,52835.492,51947.71,52977.24
51440.23,54733.414,53199.98,54750.12
53002.35,56388.29,54367.07,56376.438
54046.89,57502.805,56179.56,58022.74
55395.85,58354.004,57301.57,59232.945
56558.37,59094.266,58122.04,60171.67
57698.69,60440.51,59455.52,60883.266
58123.85,60709.9,60410.01,61865.836
58786.19,61120.715,60864.68,62230.695
59590.33,61560.785,61433.7,62569.965
59789.98,62126.125,62026.14,62867.445
60372.18,62613.965,61435.68,63223.195
60872.07,63158.72,61468.03,63514.504
61306.06,63687.69,61779.49,63844.816
61724.22,64200.598,62304.17,64217.734
62053.53,64526.766,61831.84,64665.984
62652.15,64747.62,62359.09,65101.586
62513.92,64909.07,63113.62,65521.344
63263.14,64968.03,64090.73,65886.56
64279.89,65049.617,64359.72,66127.14
64103.45,65134.227,64561.81,66296.05
64243.01,65187.047,65580.64,66421.3
63684.56,65053.516,65852.83,66493.86
63034.03,65045.734,65150.66,66365.016
62562.46,65032.906,64862.96,66287.87
62260.91,64988.43,64695.37,66206.47
62593.86,64574.52,64885.37,66129.4
62688.27,64501.625,64652.85,65781.016
62458.43,64445.66,64051.88,65564.85
62301.91,64393.12,63702.9,65360.336
61889.27,63789.73,63337.57,65212.242
62213.62,63659.977,63051.9,64782.895
62044.82,63615.164,62501.42,64468.727
61767.43,63575.67,62246.4,64258.047
61818.48,62845.836,61458.34,64048.93
61247.85,62762.402,61163.04,63500.023
60907.54,62672.832,60838.11,63206.926
60342.12,62573.79,60609.91,62907.117
59798.95,61753.35,60223.45,62564.926
59490.05,61579.7,59849.37,61855.45
58815.48,61456.516,59608.61,61452.47
58885.47,61319.992,59758.05,61127.66
58948.19,60624.05,60126.98,60894.57
59027.2,60544.65,60601.36,60482.04
59253.42,60551.812,60794.81,60373.754
59121.25,60628.484,60541.17,60276.047
59040.1,60087.215,60505.29,60195.457
58824.08,60087.22,59945.39,59906.793
58780.34,60104.684,59367.77,59917.863
58448.53,60118.793,59445.84,59927.746
58306.15,59453.48,59223.86,59940.223
57763.79,59298.03,58786.91,59515.08
57686.09,59140.402,57885.27,59473.785
57326.37,59040.562,57602.11,59361.38
56124.94,58116.832,57018.9,59178.934
55331.9,57675.844,56337.39,58309.676
54845.05,57275.812,55596.34,57984.28
54574.63,56925.06,55253.71,57682.617
54316.49,56235.86,55031.1,57432.395
54092.95,55806.69,54919.21,57156.15
53702.21,55349.883,55107.58,56749.332
52842.32,54805.156,54633.78,56124.656
51994.58,53018.7,53503.63,55338.766
51041.42,52087.387,52286.92,53881.324
49768.59,51259.53,51155.21,52875.93
48802.09,50449.332,50142.87,51915.246
47617.72,48034.484,49303.76,51036.805
46818.72,47311.766,47864.86,49283.01
46157.33,46471.875,46919.02,48461.086
45481.75,45674.08,46508.75,47531.664
44818.25,44795.07,46041.57,46663.734
44357.19,44079.11,44911.41,45776.55
44022.06,43494.44,44288.87,45099.234
43736.84,43050.49,43643.14,44512.297
42762.9,42617.65,43467.18,44014.094
42452.08,42203.098,42815.18,43501.918
42214.59,41889.58,42275.97,43101.074
41935.95,41651.086,41997.02,42741.184
41350.95,41355.027,41838.94,42419.39
41462.74,41455.242,41569.44,41929.727
41293.2,41567.1,41443.56,41886.297
41452.27,41637.96,41918.6,41938.207
41475.25,41826.008,42000.2,42003.82
41551.59,42009.53,41846.3,42116.496
41391.99,42211.195,41645.75,42232.35
41488.62,42360.16,41853.25,42396.477
42184.41,42627.844,42072.23,42621.004
42522.41,42916.918,42684.15,43010.703
42802.59,43232.164,42803.1,43405.168
43136.32,43602.086,43173.95,43871.92
44359.3,44316.938,43924.13,44420.742
45192.85,45271.28,45043.05,45320.508
45897.6,46615.36,45451.94,46216.12
47002.86,48427.72,45895.27,47336.664
50203.55,51240.28,47207.08,48814.23
51947.71,53621.906,50281.05,51184.027
53199.98,55421.473,52061.59,53026.25
54367.07,56831.3,53339.59,54727.477
56179.56,58324.887,54391.49,56323.84
57301.57,59430.65,56012.73,57942.047
58122.04,60256.61,57608.38,59134.01
59455.52,60837.01,58583.76,60072.64
60410.01,62193.05,59085.81,60774.39
60864.68,62416.477,59839.55,61764.6
61433.7,62734.094,60326.3,62120.938
62026.14,63052.496,60567.09,62453.344
61435.68,63473.547,60794.6,62727.387
61468.03,63793.49,60925.21,62982.453
61779.49,64134.594,61037.71,63226.312
62304.17,64471.41,61685.81,63507.004
61831.84,64802.152,62843.18,63843.07
62359.09,64982.406,63326.48,64210.47
63113.62,65121.227,63944.18,64615.605
64090.73,65243.89,64529.6,65037.133
64359.72,65322.12,65021.18,65415.844
64561.81,65382.156,65387.39,65620.93
65580.64,65451.652,66045.0,65806.58
65852.83,65528.95,66061.24,65952.16
65150.66,65408.547,65623.17,66062.9
64862.96,65419.766,64690.24,65899.14
64695.37,65451.133,63788.67,65832.625
64885.37,65471.38,63277.13,65765.39
64652.85,65130.56,63189.74,65703.8
64051.88,65113.57,63131.59,65332.65
63702.9,65079.15,63373.11,65086.957
63337.57,65052.375,63130.16,64885.75
63051.9,64432.094,62733.54,64716.36
62501.42,64258.203,62917.67,64245.645
62246.4,64196.754,63101.09,63980.76
61458.34,64106.555,62793.52,63736.016
61163.04,63157.516,62331.46,63501.277
60838.11,62953.387,62116.03,62950.523
60609.91,62792.355,61901.99,62683.14
60223.45,62627.105,62040.96,62409.43
59849.37,61647.188,61472.13,62129.18
59608.61,61404.293,60970.09,61511.19
59758.05,61216.773,60737.17,61166.926
60126.98,61121.805,60578.11,60869.9
60601.36,60421.68,60491.43,60691.453
60794.81,60429.97,60577.0,60352.086
60541.17,60521.992,60437.88,60305.156
60505.29,60600.938,60254.63,60251.066
59945.39,59991.14,60049.07,60199.85
59367.77,59952.45,59785.31,59924.35
59445.84,59906.12,59307.82,59936.945
59223.86,59872.21,59315.4,59937.504
58786.91,59108.613,59663.99,59950.492
57885.27,58952.234,59734.32,59455.285
57602.11,58745.715,59085.61,59347.06
57018.9,58557.78,58511.32,59194.734
56337.39,57534.26,57962.42,58991.51
55596.34,57138.13,57045.09,58056.64
55253.71,56775.438,57317.79,57678.508
55031.1,56477.27,56647.09,57317.97
54919.21,55901.344,56628.97,57025.863
55107.58,55580.996,56503.11,56721.324
54633.78,55269.324,56192.01,56250.582
53503.63,54806.83,55425.02,55548.01
52286.92,52901.613,54599.83,54711.043
51155.21,51862.215,53184.43,53264.32
50142.87,50924.453,52080.19,52319.344
49303.76,50102.137,51124.94,51394.676
47864.86,47691.945,50077.12,50564.37
46919.02,46977.094,48192.37,48849.793
46508.75,46150.004,47259.19,48058.527
46041.57,45445.062,46704.62,47169.336
44911.41,44651.184,45849.43,46346.633
44288.87,43936.445,45218.02,45456.766
43643.14,43329.785,44719.51,44800.184
43467.18,42813.246,43973.37,44222.215
42815.18,42361.516,43688.64,43725.83
42275.97,41999.47,43142.26,43199.89
41997.02,41686.418,42927.74,42802.33
41838.94,41444.582,42486.33,42439.867
41569.44,41238.918,42119.41,42118.47
41443.56,41358.992,41733.74,41896.332
41918.6,41449.59,41854.05,41880.348
42000.2,41641.72,41928.18,41970.34
41846.3,41922.21,42128.87,42064.156
41645.75,42138.75,41788.97,42201.6
41853.25,42337.414,41540.67,42307.195
42072.23,42585.543,41919.54,42473.0
42684.15,42980.684,42090.89,42704.465
42803.1,43349.445,42191.41,43121.797
43173.95,43682.42,42379.17,43506.15
43924.13,44112.688,42820.44,44009.21
45043.05,45067.367,43350.47,44612.758
45451.94,46199.812,44706.0,45575.36
45895.27,47568.777,45465.2,46497.79
47207.08,49239.863,45896.25,47635.684
50281.05,51922.367,46821.94,49068.73
52061.59,54106.676,49543.06,51440.19
53339.59,55862.617,51118.35,53243.484
54391.49,57305.113,52381.18,54846.19
56012.73,58745.83,53473.9,56319.58
57608.38,59649.746,55675.28,57791.605
58583.76,60284.71,57059.91,58912.934
59085.81,60711.82,58157.02,59775.742
59839.55,62011.87,59380.28,60420.33
60326.3,62177.785,59861.39,61291.293
60567.09,62473.586,60507.27,61597.934
60794.6,62764.965,60695.48,61895.758
60925.21,63087.105,61174.65,62173.875
61037.71,63390.54,61096.1,62480.0
61685.81,63704.85,61508.92,62736.73
62843.18,64038.39,62305.93,63037.277
63326.48,64354.957,62692.39,63373.1
63944.18,64588.484,62797.18,63752.914
64529.6,64771.023,63097.44,64158.094
65021.18,64898.61,63863.02,64605.875
65387.39,64903.56,64400.94,65026.426
66045.0,64989.188,64775.19,65301.65
66061.24,65084.957,65151.3,65548.484
65623.17,65177.97,65901.56,65729.836
64690.24,64975.97,66001.6,65846.59
63788.67,64989.805,65301.44,65755.17
63277.13,65007.113,65274.27,65712.88
63189.74,65028.207,65191.47,65568.23
63131.59,64622.633,65484.95,65478.383
63373.11,64571.28,64977.15,65107.59
63130.16,64584.297,64313.77,64868.69
62733.54,64571.133,64059.21,64631.6
62917.67,63913.516,64048.78,64471.55
63101.09,63873.79,63335.91,63988.277
62793.52,63845.746,62831.75,63674.04
62331.46,63780.094,62562.97,63395.656
62116.03,62849.113,62591.4,63134.79
61901.99,62794.8,62527.74,62659.75
62040.96,62745.77,61839.34,62352.773
61472.13,62714.145,61544.37,62059.08
60970.09,61707.906,61372.33,61768.668
60737.17,61613.2,61612.28,61201.664
60578.11,61516.504,61186.6,60837.758
60491.43,61457.785,60638.38,60531.695
60577.0,60570.934,60842.65,60319.887
60437.88,60507.156,61324.31,59936.816
60254.63,60461.34,60790.21,59802.22
60049.07,60411.703,60006.81,59661.39
59785.31,59643.754,59777.76,59527.56
59307.82,59544.36,60088.86,59235.17
59315.4,59450.86,60136.02,59239.695
59663.99,59399.133,59835.49,59202.613
59734.32,58654.18,59655.6,59194.45
59085.61,58555.64,60147.1,58797.723
58511.32,58441.09,59673.06,58733.4
57962.42,58291.797,59192.86,58575.285
57045.09,57288.48,58573.12,58322.848
57317.79,56907.99,57874.84,57323.176
56647.09,56714.07,56930.7,56946.2
56628.97,56482.305,56177.25,56583.125
56503.11,56012.684,55727.61,56285.324
56192.01,55757.29,55706.99,55960.734
55425.02,55485.656,55845.25,55725.586
54599.83,55057.254,55104.37,55232.28
53184.43,53262.426,54201.15,54530.617
52080.19,52279.883,53446.35,53119.508
51124.94,51385.43,52553.54,52165.09
50077.12,50621.76,51585.86,51246.22
48192.37,48136.992,50583.89,50402.562
47259.19,47269.55,49192.53,48705.57
46704.62,46368.977,48262.69,47892.51
45849.43,45627.88,47235.88,46991.656
45218.02,44710.297,46528.79,46174.65
44719.51,44075.81,45216.83,45284.01
43973.37,43545.207,44614.4,44642.3
43688.64,43045.438,44007.89,44085.496
43142.26,42564.57,43731.12,43605.363
42927.74,42214.195,42922.78,43067.98
42486.33,41949.71,42761.93,42670.74
42119.41,41705.08,42310.2,42307.84
41733.74,41676.355,41983.61,41981.742
41854.05,41734.15,41545.38,41563.652
41928.18,41826.91,41354.84,41534.824
42128.87,41951.918,41427.34,41600.312
41788.97,42209.438,41427.47,41666.406
41540.67,42365.633,41388.27,41782.04
41919.54,42508.5,41477.59,41870.56
42090.89,42732.477,41562.59,42024.07
42191.41,43117.543,41605.21,42246.703
42379.17,43350.25,41906.95,42662.797
42820.44,43608.68,42083.08,43052.406
43350.47,43986.918,42390.72,43519.312
44706.0,44842.0,42807.35,44067.17
45465.2,45946.656,44343.97,45001.906
45896.25,47371.57,45182.97,45892.492
46821.94,49062.18,46079.81,47028.215
49543.06,51697.074,47001.2,48535.86
51118.35,53817.082,49652.73,50888.74
52381.18,55459.066,51680.55,52599.54
53473.9,56732.906,52982.18,54209.625
55675.28,58036.27,54188.87,55690.375
57059.91,59094.117,55550.48,57109.07
58157.02,59930.504,56853.51,58106.67
59380.28,60528.996,57977.41,58885.066
59861.39,61755.438,58967.86,59487.535
60507.27,61920.145,59925.69,60378.707
60695.48,62187.742,60487.47,60692.04
61174.65,62449.1,61066.87,60997.94
61096.1,62795.02,61784.87,61271.598
61508.92,63113.65,61411.75,61612.48
62305.93,63513.062,61854.24,61862.254
62692.39,63935.664,62524.1,62137.7
62797.18,64292.184,62949.3,62442.8
63097.44,64540.39,63371.22,62913.445
63863.02,64742.47,63570.85,63274.402
64400.94,64918.766,64024.05,63618.28
64775.19,64980.715,64261.98,63905.977
65151.3,65108.918,64585.51,64163.664
65901.56,65230.008,65022.85,64282.78
66001.6,65347.027,65637.1,64343.492
65301.44,65235.555,65632.76,64355.344
65274.27,65296.754,64732.68,64207.242
65191.47,65279.37,64842.55,64056.984
65484.95,65317.23,64786.15,63884.47
64977.15,64934.242,64870.65,63719.082
64313.77,64887.86,64262.95,63309.2
64059.21,64796.4,63901.78,62995.523
64048.78,64752.773,63911.99,62680.76
63335.91,64047.414,62974.66,62405.027
62831.75,63803.387,62616.6,61858.46
62562.97,63590.64,62370.66,61472.523
62591.4,63376.297,61817.52,61120.242
62527.74,62565.34,61796.6,60812.98
61839.34,62366.164,61631.04,60299.773
61544.37,62178.42,61384.39,59999.176
61372.33,62045.266,60568.59,59717.355
61612.28,61218.766,60316.04,59447.996
61186.6,61072.71,60422.52,58957.47
60638.38,60946.445,60665.45,58690.496
60842.65,60837.95,60858.55,58480.668
61324.31,60099.145,61258.37,58334.773
60790.21,60036.77,61538.16,58029.348
60006.81,59964.656,61150.99,57983.89
59777.76,59865.227,60888.84,57923.402
60088.86,59197.496,60812.38,57869.59
60136.02,59223.918,60681.73,57573.723
59835.49,59284.09,60442.38,57627.883
59655.6,59356.582,60382.69,57661.93
60147.1,58686.36,59980.51,57663.867
59673.06,58697.773,59402.94,57013.598
59192.86,58647.17,58593.48,56899.33
58573.12,58511.72,58176.38,56728.22
57874.84,57432.957,57815.28,56482.133
56930.7,57077.18,57312.51,55367.83
56177.25,56724.9,56516.86,54966.695
55727.61,56393.496,56013.32,54636.55
55706.99,55574.633,55755.36,54325.12
55845.25,55310.582,55321.2,53948.617
55104.37,55142.133,54705.75,53776.742
54201.15,54875.55,54310.46,53412.4
53446.35,53672.867,53376.13,52871.055
52553.54,52829.855,52395.5,51569.305
51585.86,51974.918,51230.35,50684.42
50583.89,51155.05,50062.63,49865.973
49192.53,48455.516,49129.05,49144.836
48262.69,47748.21,47395.34,47736.875
47235.88,46865.105,46582.13,47066.734
46528.79,45989.78,45862.71,46296.152
45216.83,44970.633,45084.13,45569.793
44614.4,44133.547,44861.94,44717.35
44007.89,43452.184,44538.54,44103.32
43731.12,42881.445,44117.62,43539.586
42922.78,42337.96,43631.38,43041.562
42761.93,41892.504,42822.36,42475.21
42310.2,41578.914,42402.53,42062.766
41983.61,41299.383,41663.49,41682.055
41545.38,40995.742,40541.38,41340.492
41354.84,41033.055,39628.26,40292.098
41427.34,41051.766,39765.35,40386.637
41427.47,41123.652,40080.29,40348.97
41388.27,41315.207,41110.02,40266.94
41477.59,41472.035,41118.38,40176.324
41562.59,41666.832,40997.47,40088.69
41605.21,41881.473,40107.2,40025.11
41906.95,42244.527,39650.72,39994.902
42083.08,42510.477,39451.85,40039.473
42390.72,42773.477,39431.12,40081.227
42807.35,43094.594,39484.39,40131.58
44343.97,43833.543,39934.76,40197.867
45182.97,44901.566,40917.8,40358.75
46079.81,46337.04,40749.78,40499.996
47001.2,48168.42,40261.43,40663.863
49652.73,50610.906,40402.8,40893.42
51680.55,52644.242,40705.56,41272.71
52982.18,54378.44,40919.2,41620.008
54188.87,55789.57,41565.58,42077.53
55550.48,57277.152,42513.87,42693.707
56853.51,58367.69,43968.87,43761.527
57977.41,59196.86,44953.79,44674.06
58967.86,59763.92,45753.53,45563.227
59925.69,61139.492,46608.71,46406.188
60487.47,61305.58,47288.82,47916.664
61066.87,61559.39,48345.0,48831.707
61784.87,61809.863,49097.85,49807.367
61411.75,62208.11,50237.56,50720.54
61854.24,62495.42,51236.36,51679.695
62524.1,62817.94,52302.98,52376.797
62949.3,63114.305,53878.45,52905.527
63371.22,63480.387,54642.07,53310.137
63570.85,63637.562,54808.71,53786.23
64024.05,63742.57,54684.9,54093.527
64261.98,63822.484,54844.41,54386.484
64585.51,63907.42,54394.99,54669.07
65022.85,63958.047,54639.51,54977.17
65637.1,64011.48,55032.05,55164.51
65632.76,64061.562,55429.97,55251.72
64732.68,63940.89,55831.22,55239.066
64842.55,63934.598,55987.6,55052.023
64786.15,63951.96,55755.94,54802.02
64870.65,63967.92,55393.72,54481.055
64262.95,63655.645,55151.95,54139.715
63901.78,63646.566,54502.63,53760.83
63911.99,63637.797,53934.44,53316.594
62974.66,63641.586,53810.46,52908.594
62616.6,63060.06,53541.46,52505.332
62370.66,63001.984,52256.17,51958.414
61817.52,62963.367,52092.47,51581.348
61796.6,62894.4,51959.52,51316.19
61631.04,62087.82,51950.93,51011.066
61384.39,62007.5,51812.39,50690.406
60568.59,61947.617,51186.3,50395.848
60316.04,61843.95,50984.67,50140.652
60422.52,60903.96,50792.89,49937.54
60665.45,60811.336,50709.46,49628.254
60858.55,60802.676,50551.0,49464.2
61258.37,60847.406,50456.52,49348.38
61538.16,60060.44,50354.75,49351.332
61150.99,60137.586,50551.82,49256.17
60888.84,60184.688,50714.01,49302.875
60812.38,60220.117,50962.36,49365.21
60681.73,59373.977,51002.86,49438.848
60442.38,59383.21,51125.18,49475.11
60382.69,59387.62,50698.1,49577.598
59980.51,59354.285,50754.3,49679.1
59402.94,58315.406,50412.73,49755.99
58593.48,58156.973,50946.1,49525.062
58176.38,57978.535,49851.78,49443.555
57815.28,57797.79,49389.11,49248.824
57312.51,56475.02,49229.14,48985.59
56516.86,56153.88,48419.42,48286.465
56013.32,55868.953,47953.42,47915.875
55755.36,55550.125,47198.27,47553.5
55321.2,54723.117,47114.59,47257.86
54705.75,54450.62,47192.59,47272.375
54310.46,54160.164,47433.4,47129.477
53376.13,53850.723,47039.98,46837.125
52395.5,52446.082,46237.1,46447.418
51230.35,51553.504,46130.39,45558.45
50062.63,50692.016,45232.0,44961.426
49129.05,49866.004,44378.61,44398.414
47395.34,47418.793,44013.22,43897.64
46582.13,46523.39,42983.77,42397.47
45862.71,45660.566,42254.97,41771.434
45084.13,44909.938,41357.33,40977.42
44861.94,43985.645,40586.3,40174.395
44538.54,43456.85,39807.2,39316.523
44117.62,43016.793,39681.14,38611.414
43631.38,42626.492,39364.53,37951.2
42822.36,42127.062,38669.53,37366.977
42402.53,41723.04,37964.32,36848.438
41663.49,41402.01,37915.09,36418.594
40541.38,41086.51,37792.67,36064.406
39628.26,39739.598,37289.05,35781.984
39765.35,39877.38,37216.99,35156.402
40080.29,39939.746,37020.62,34953.457
41110.02,39950.12,36560.45,34833.305
41118.38,40047.344,36485.1,34768.523
40997.47,40074.28,36450.5,34732.156
40107.2,40104.902,36174.19,34707.39
39650.72,40056.29,35962.42,34695.566
39451.85,40052.133,36108.44,34696.46
39431.12,40001.96,36080.48,34728.93
39484.39,39928.1,36130.21,34741.61
39934.76,39873.13,36202.16,34751.83
40917.8,39995.652,36269.16,34762.184
40749.78,40286.383,36280.34,34812.28
40261.43,40482.043,36300.37,34818.64
40402.8,40599.88,36155.52,34812.984
40705.56,41005.586,35937.03,34803.78
40919.2,41371.816,36295.19,34877.35
41565.58,41809.332,36580.96,34930.67
42513.87,42441.555,36703.85,35102.734
43968.87,43610.617,37062.9,35528.562
44953.79,44798.67,38053.02,36551.965
45753.53,46059.418,38798.0,37388.742
46608.71,47300.152,39705.88,38184.258
47288.82,49147.266,40337.35,38922.938
48345.0,49610.54,41169.63,40585.605
49097.85,50235.92,41891.15,41502.26
50237.56,50888.324,42467.21,42399.152
51236.36,51815.62,42786.17,43228.0
52302.98,52644.09,43358.03,44158.094
53878.45,53365.195,44064.01,44804.5
54642.07,54014.242,45122.1,45367.48
54808.71,54650.996,46189.62,45887.03
54684.9,54942.125,46523.65,46590.32
54844.41,55076.586,47107.14,47067.445
54394.99,55126.492,47417.75,47576.02
54639.51,55195.613,47716.69,48104.36
55032.05,55129.02,49163.65,48737.145
55429.97,55046.215,50115.21,49100.42
55831.22,54955.184,51037.44,49309.227
55987.6,54872.89,50899.91,49339.227
55755.94,54782.66,50954.73,49102.17
55393.72,54646.484,50664.02,48712.242
55151.95,54467.996,49771.21,48257.883
54502.63,54365.22,49097.6,47819.957
53934.44,54086.47,47916.92,47288.836
53810.46,53802.07,47710.95,46820.25
53541.46,53533.164,47998.71,46365.047
52256.17,53156.758,47341.19,45964.195
52092.47,52701.027,45982.9,45489.297
51959.52,52397.11,46052.23,45136.1
51950.93,52078.258,46659.62,44859.695
51812.39,51821.957,46395.85,44636.547
51186.3,51528.938,45852.14,44313.57
50984.67,51170.836,45983.2,44078.43
50792.89,50905.617,45973.36,43846.01
50709.46,50598.414,45796.39,43668.53
50551.0,50392.62,45591.53,43528.582
50456.52,50233.543,44973.2,43475.383
50354.75,50186.055,44808.57,43471.77
50551.82,50106.863,44785.81,43520.582
50714.01,50118.98,45273.83,43761.965
50962.36,50228.14,45610.44,44035.117
51002.86,50392.285,46014.57,44331.836
51125.18,50497.82,46181.03,44675.023
50698.1,50443.918,47196.75,45251.363
50754.3,50368.24,47749.75,45760.77
50412.73,50380.727,47902.62,46167.54
50946.1,50100.105,48097.51,46475.566
49851.78,50032.203,48096.04,46530.27
49389.11,49717.938,47343.15,46695.418
49229.14,49397.973,47224.82,46767.977
48419.42,48824.94,46804.74,46804.56
47953.42,48407.137,47207.31,46479.6
47198.27,48097.42,47251.69,46475.617
47114.59,47756.145,47309.8,46450.816
47192.59,47441.28,47283.93,46427.0
47433.4,47279.656,47437.43,46664.688
47039.98,47251.32,47479.44,46789.22
46237.1,47080.93,47206.21,46838.625
46130.39,46142.367,46831.12,46808.203
45232.0,45840.46,46565.27,46617.156
44378.61,45358.355,45953.06,46290.715
44013.22,44811.52,44891.55,45896.355
42983.77,42718.555,44283.01,45497.117
42254.97,41709.523,43850.55,43613.43
41357.33,40839.668,43183.82,42988.617
40586.3,39992.676,42457.24,42227.094
39807.2,39101.105,41853.79,41495.73
39681.14,38415.45,41209.61,40718.855
39364.53,37926.047,40511.5,40128.004
38669.53,37549.094,40312.34,39590.31
37964.32,37215.88,39983.74,39105.11
37915.09,36944.4,39138.55,38615.805
37792.67,36781.26,38746.3,38199.363
37289.05,36672.883,38692.87,37818.47
37216.99,35642.8,38607.27,37478.758
37020.62,35608.78,38407.73,37638.617
36560.45,35538.82,38381.16,37499.133
36485.1,35370.664,38280.33,37469.79
36450.5,35198.508,38331.88,37493.21
36174.19,35075.15,37700.48,37566.117
35962.42,34996.746,38047.66,37686.406
36108.44,34952.797,38028.99,37872.81
36080.48,34968.176,38054.92,38134.293
36130.21,34967.492,38746.34,38514.004
36202.16,34982.46,38892.74,38945.234
36269.16,35011.125,39489.93,39466.914
36280.34,35104.07,40142.05,40102.945
36300.37,35162.69,41748.65,41033.22
36155.52,35227.32,42574.83,42088.285
35937.03,35285.1,43553.7,43471.688
36295.19,35473.86,45378.78,45320.277
36580.96,35597.766,48538.49,48040.293
36703.85,35774.016,50445.6,50227.77
37062.9,36044.75,51962.52,52185.137
38053.02,36875.312,53178.12,53935.88
38798.0,37620.832,54963.97,55622.83
39705.88,38389.797,56300.05,56936.137
40337.35,39161.57,57381.01,58009.97
41169.63,41130.46,58253.66,58855.75
41891.15,41706.465,59396.49,59930.242
42467.21,42358.54,60166.87,60395.812
42786.17,42960.887,60404.29,60799.273
43358.03,43586.29,60750.77,61153.535
44064.01,44007.39,60620.21,61491.67
45122.1,44457.477,61203.82,61810.69
46189.62,45071.42,61638.22,62165.656
46523.65,45932.086,61886.11,62546.38
47107.14,46474.406,61906.96,63011.645
47417.75,47046.055,61879.96,63470.64
47716.69,47485.043,62439.91,63950.68
49163.65,47929.598,63558.0,64407.57
50115.21,48660.74,64530.34,64747.652
51037.44,49240.688,65343.44,65012.074
50899.91,49689.098,65560.44,65222.516
50954.73,49769.703,64971.82,65386.305
50664.02,49779.824,64360.83,65351.484
49771.21,49665.926,64261.72,65282.14
49097.6,49296.91,64393.16,65189.414
47916.92,48750.492,64166.25,65112.39
47710.95,47933.562,64451.57,64825.71
47998.71,47439.047,64287.23,64609.992
47341.19,47388.938,63265.36,64412.715
45982.9,46930.316,62702.69,64265.906
46052.23,46043.113,61815.79,63866.594
46659.62,45821.39,61274.83,63587.66
46395.85,46074.027,60908.87,63346.453
45852.14,45928.1,60483.67,63108.145
45983.2,45647.7,60804.69,62606.844
45973.36,45661.582,60467.58,62238.484
45796.39,45741.117,60359.88,61841.89
45591.53,45660.39,60188.72,61425.562
44973.2,45551.227,61050.85,60812.082
44808.57,45293.805,60904.22,60482.04
44785.81,45172.45,60686.5,60253.926
45273.83,45161.08,60618.22,60071.957
45610.44,45370.9,60440.61,59750.277
46014.57,45689.883,60124.71,59690.098
46181.03,46105.44,59974.26,59626.44
47196.75,46502.63,59971.56,59593.516
47749.75,47096.04,59518.13,59351.547
47902.62,47648.766,59030.99,59436.46
48097.51,48012.84,58699.97,59513.355
48096.04,48112.266,58626.08,59601.9
47343.15,48130.906,58428.38,59294.61
47224.82,47934.496,58253.63,59324.848
46804.74,47814.703,57874.24,59245.188
47207.31,47399.52,57609.98,59084.61
47251.69,47396.93,56967.64,58187.273
47309.8,47429.617,55992.66,57778.68
47283.93,47460.812,55846.9,57354.016
47437.43,47468.535,55986.91,56972.62
47479.44,47446.49,55930.17,56574.51
47206.21,47448.23,55162.88,56413.04
46831.12,47351.707,54212.8,56000.695
46565.27,46931.668,53452.79,55350.89
45953.06,46679.7,52458.63,54047.727
44891.55,46354.6,51541.17,53042.312
44283.01,45847.727,50811.33,52074.402
43850.55,43701.438,49776.14,51219.246
43183.82,43132.113,48070.41,49347.723
42457.24,42435.695,47174.95,48477.81
41853.79,41692.22,46511.62,47464.7
41209.61,40870.08,46295.41,46524.47
40511.5,40171.47,45394.73,45452.332
40312.34,39506.71,44552.97,44729.453
39983.74,38969.97,44060.24,44121.58
39138.55,38492.797,43708.07,43627.67
38746.3,38038.508,42799.12,43043.703
38692.87,37710.164,42240.98,42672.145
38607.27,37496.562,42033.81,42349.355
38407.73,38214.594,42099.2,42075.125
38381.16,38134.8,41832.29,41652.234
38280.33,38181.758,41620.75,41633.844
38331.88,38283.31,41600.05,41666.86
37700.48,38489.08,41613.52,41709.75
38047.66,38655.82,41542.41,41833.703
38028.99,38889.24,41854.29,41931.742
38054.92,39119.96,41826.92,42075.086
38746.34,39458.754,41799.08,42295.688
38892.74,39852.125,42087.7,42706.5
39489.93,40266.957,42384.98,43093.965
40142.05,40795.21,42315.28,43582.016
41748.65,41734.37,42715.92,44162.797
42574.83,43122.598,44700.37,45125.734
43553.7,44895.395,45989.61,46063.1
45378.78,46940.105,46685.49,47220.95
48538.49,49931.617,47837.97,48728.645
50445.6,52856.49,50962.03,51305.246
51962.52,55152.1,52897.3,53304.844
53178.12,56811.453,53972.61,55040.688
54963.97,58171.195,55276.75,56597.742
56300.05,59012.574,56889.09,58153.33
57381.01,59677.406,58019.11,59301.125
58253.66,60332.188,58858.27,60182.918
59396.49,61699.016,59560.84,60837.312
60166.87,62118.508,60391.8,61758.855
60404.29,62565.086,61021.88,62084.086
60750.77,62945.82,61549.09,62385.242
60620.21,63294.082,62102.85,62644.63
61203.82,63605.918,61808.74,62902.656
61638.22,63989.42,62206.94,63137.574
61886.11,64374.734,62833.1,63375.508
61906.96,64754.844,63389.26,63651.758
61879.96,65013.977,63670.68,63992.215
62439.91,65195.656,63838.88,64332.473
63558.0,65353.574,64325.66,64702.17
64530.34,65432.082,64668.71,65066.676
65343.44,65542.41,65363.45,65359.547
65560.44,65661.09,65554.11,65550.74
64971.82,65762.38,66026.68,65722.91
64360.83,65628.82,65961.22,65816.9
64261.72,65591.48,64506.21,65716.41
64393.16,65566.39,64533.74,65615.41
64166.25,65568.64,64710.2,65531.547
64451.57,65231.58,64689.59,65425.367
64287.23,65216.375,63723.58,65151.78
63265.36,65190.39,62804.03,64920.348
62702.69,65149.3,62991.72,64730.0
61815.79,64521.95,61779.43,64566.79
61274.83,64348.223,61646.16,64215.555
60908.87,64193.3,61334.38,63890.535
60483.67,64016.617,61267.8,63638.195
60804.69,63126.78,60428.17,63383.89
60467.58,62906.676,60904.01,62960.406
60359.88,62713.293,60514.11,62635.387
60188.72,62567.03,59276.82,62262.816
61050.85,61773.125,59026.9,61902.22
60904.22,61748.15,59443.99,61359.42
60686.5,61765.188,59058.1,61013.047
60618.22,61758.633,58393.2,60756.63
60440.61,61130.7,58643.32,60587.484
60124.71,61113.93,58669.11,60254.332
59974.26,61118.484,58386.25,60154.125
59971.56,61167.812,58686.88,60084.652
59518.13,60612.465,58512.42,60003.414
59030.99,60574.652,58598.3,59778.52
58699.97,60527.12,58269.19,59829.492
58626.08,60475.055,58868.02,59877.215
58428.38,59868.156,59428.53,59932.63
58253.63,59768.215,59116.12,59673.285
57874.24,59689.21,58149.87,59694.08
57609.98,59599.312,57781.03,59623.1
56967.64,58702.207,57288.45,59457.047
55992.66,58361.152,56582.08,58684.918
55846.9,57968.562,56006.55,58376.047
55986.91,57644.9,55423.02,58022.4
55930.17,56960.62,55374.35,57722.22
55162.88,56553.043,55079.73,57451.008
54212.8,55954.004,54780.44,57215.566
53452.79,55229.273,54038.68,56622.176
52458.63,53222.336,53155.35,55815.887
51541.17,52314.55,52298.25,54439.61
50811.33,51555.277,51226.39,53456.414
49776.14,50934.08,50075.38,52494.344
48070.41,48399.523,48715.41,51635.344
47174.95,47486.49,47538.85,49715.773
46511.62,46577.742,46594.03,48816.55
46295.41,45777.875,46231.75,47760.062
45394.73,44904.266,45665.07,46784.06
44552.97,44249.574,44784.94,45678.867
44060.24,43641.277,44329.51,44930.086
43708.07,43160.246,44007.12,44297.09
42799.12,42630.086,43448.91,43769.41
42240.98,42234.875,42512.33,43164.82
42033.81,41907.492,42126.57,42770.402
42099.2,41669.836,42002.76,42418.703
41832.29,41428.668,41715.16,42109.14
41620.75,41576.793,41366.76,41844.523
41600.05,41652.883,40962.89,41833.867
41613.52,41751.32,41153.41,41904.656
41542.41,41995.39,41367.13,41973.133
41854.29,42182.996,41279.48,42136.074
41826.92,42416.953,40970.14,42257.508
41799.08,42615.453,41245.11,42432.19
42087.7,42922.164,41599.08,42666.332
42384.98,43109.535,41875.2,43123.562
42315.28,43393.0,42033.7,43525.527
42715.92,43708.18,42479.51,44000.32
44700.37,44586.945,42956.96,44565.07
45989.61,45957.496,44516.3,45572.21
46685.49,47773.74,45272.42,46512.465
47837.97,49798.723,46158.68,47688.715
50962.03,52629.805,47127.23,49194.246
52897.3,54833.457,50084.69,51681.027
53972.61,56445.477,51902.63,53540.645
55276.75,57582.91,53397.93,55182.156
56889.09,58785.367,54575.97,56605.09
58019.11,59704.043,56162.43,58001.297
58858.27,60503.625,57151.13,59071.367
59560.84,61124.074,58137.52,59912.383
60391.8,62413.438,59012.0,60542.117
61021.88,62607.65,59910.7,61496.777
61549.09,62860.906,60690.91,61777.42
62102.85,63091.99,60747.68,62029.03
61808.74,63312.555,60701.26,62232.883
62206.94,63532.41,60089.58,62464.61
62833.1,63780.64,60142.99,62644.047
63389.26,64100.066,60614.65,62823.004
63670.68,64435.953,61467.43,63025.008
63838.88,64738.402,61620.21,63333.8
64325.66,64997.176,61949.39,63590.03
64668.71,65188.812,62420.13,63903.164
65363.45,65268.586,62670.08,64191.676
65554.11,65384.664,62901.39,64493.15
66026.68,65517.29,63811.38,64679.215
65961.22,65601.04,64129.33,64831.062
64506.21,65423.316,63922.38,64967.332
64533.74,65377.125,63559.11,64968.18
64710.2,65391.11,63445.53,64851.406
64689.59,65396.863,63121.05,64707.26
63723.58,65042.297,62177.33,64555.773
62804.03,64932.33,62401.24,64304.35
62991.72,64825.613,62394.3,64091.242
61779.43,64754.867,62204.75,63870.4
61646.16,64015.902,61441.88,63703.863
61334.38,63696.953,61207.76,63315.047
61267.8,63495.195,61065.1,63008.11
60428.17,63323.44,60890.57,62711.07
60904.01,62504.875,60230.39,62438.934
60514.11,62331.332,60431.27,61975.902
59276.82,62151.555,59839.27,61645.773
59026.9,61930.406,59438.92,61295.348
59443.99,61151.188,59403.76,60930.56
59058.1,60988.29,58478.41,60313.633
58393.2,60881.61,57959.18,59965.105
58643.32,60805.81,57587.62,59715.12
58669.11,60162.586,57445.16,59528.305
58386.25,60055.49,57705.03,59170.316
58686.88,60036.848,57965.47,59113.465
58512.42,60069.19,58089.55,59055.79
58598.3,59570.727,57616.58,58996.457
58269.19,59555.684,57691.92,58746.066
58868.02,59574.105,57822.93,58819.555
59428.53,59694.848,58076.5,58874.934
59116.12,59337.47,58009.46,58954.48
58149.87,59302.934,57562.02,58709.883
57781.03,59200.5,57161.45,58792.863
57288.45,59095.34,57095.45,58768.094
56582.08,58354.785,56724.53,58666.83
56006.55,58038.703,56063.72,58041.11
55423.02,57732.758,55329.88,57880.652
55374.35,57452.996,54880.84,57699.613
55079.73,56818.742,54679.66,57519.156
54780.44,56247.13,54915.89,57331.375
54038.68,55612.34,54352.31,57106.61
53155.35,54911.63,53355.72,56536.22
52298.25,52919.18,52384.48,55758.723
51226.39,52091.504,51558.29,54389.375
50075.38,51343.863,50525.04,53393.82
48715.41,50625.145,49459.75,52408.613
47538.85,47955.84,48326.06,51513.082
46594.03,47018.477,47239.8,49653.01
46231.75,46085.723,46714.23,48748.188
45665.07,45353.07,45771.7,47697.16
44784.94,44473.188,45081.78,46724.08
44329.51,43824.613,43875.75,45627.156
44007.12,43308.08,43477.32,44897.676
43448.91,42907.21,42823.49,44278.082
42512.33,42414.78,42087.73,43773.18
42126.57,42045.13,41672.1,43187.93
42002.76,41762.664,41310.06,42813.98
41715.16,41556.4,40898.51,42486.16
41366.76,41427.83,40996.71,42190.668
40962.89,41501.64,40737.34,42009.402
41153.41,41518.977,40457.34,41971.56
41367.13,41608.598,40368.21,42036.547
41279.48,41888.598,40731.56,42099.234
40970.14,42103.21,40801.01,42250.688
41245.11,42269.42,40794.62,42351.758
41599.08,42456.133,40781.96,42505.28
41875.2,42862.13,41168.21,42720.645
42033.7,43115.453,41368.52,43154.965
42479.51,43415.37,41728.17,43546.812
42956.96,43880.227,42177.5,44040.0
44516.3,44929.867,42796.77,44632.11
45272.42,46269.98,43833.59,45661.902
46158.68,47901.81,44473.27,46618.523
47127.23,49796.395,45406.43,47824.996
50084.69,52274.465,46739.6,49337.414
51902.63,54384.89,48904.03,51871.43
53397.93,55983.79,50263.81,53766.88
54575.97,57108.387,51317.34,55459.938
56162.43,58203.62,52428.01,56954.11
57151.13,59093.902,53555.47,58465.457
58137.52,59895.465,54552.88,59573.824
59012.0,60548.766,55786.23,60419.312
59910.7,61799.98,56669.9,61038.598
60690.91,61963.0,57745.71,62134.535
60747.68,62180.375,58471.13,62412.61
60701.26,62316.816,59495.69,62682.664
60089.58,62429.387,59939.78,62928.63
60142.99,62531.7,60237.6,63169.65
60614.65,62687.086,60457.63,63386.645
61467.43,62936.797,60879.86,63618.29
61620.21,63298.402,61103.25,63864.312
61949.39,63568.184,61614.74,64151.246
62420.13,63794.14,61949.69,64476.75
62670.08,63917.945,62444.1,64836.82
62901.39,63973.88,63073.55,65191.88
63811.38,64003.88,63625.53,65409.87
64129.33,64099.047,64265.44,65610.36
63922.38,64214.59,65052.19,65744.484
63559.11,64144.586,65491.41,65801.11
63445.53,64082.33,64689.95,65695.86
63121.05,64017.316,64427.66,65609.305
62177.33,63917.59,64425.14,65490.305
62401.24,63483.863,64067.94,65363.945
62394.3,63390.387,63172.43,65013.234
62204.75,63291.72,62647.38,64810.92
61441.88,63243.11,62810.71,64647.984
61207.76,62584.35,62893.82,64493.312
61065.1,62327.082,62315.73,64091.934
60890.57,62121.13,61952.08,63828.94
60230.39,61970.426,62327.03,63644.082
60431.27,61224.1,61792.81,63452.28
59839.27,61043.92,61749.72,63012.9
59438.92,60861.92,61837.68,62761.21
59403.76,60722.07,61641.0,62468.965
58478.41,60017.953,61383.23,62177.12
57959.18,59806.145,61328.13,61611.82
57587.62,59673.9,61164.81,61253.97
57445.16,59583.793,60827.47,61006.617
57705.03,58952.25,60717.86,60820.19
57965.47,58930.38,60271.34,60482.01
58089.55,59001.74,60087.82,60425.066
57616.58,59099.344,59830.49,60317.54
57691.92,58627.516,60057.81,60268.36
57822.93,58679.28,59825.03,60007.52
58076.5,58801.39,59169.25,60064.39
58009.46,58980.113,58995.77,60141.652
57562.02,58590.8,59646.62,60211.95
57161.45,58571.684,59516.37,59932.71
57095.45,58539.035,58755.36,59932.89
56724.53,58524.63,58325.68,59847.305
56063.72,57865.777,58087.48,59676.746
55329.88,57596.56,57706.83,58977.484
54880.84,57315.984,56610.26,58718.973
54679.66,57033.98,56189.53,58431.066
54915.89,56456.42,55877.79,58107.527
54352.31,56135.266,55034.76,57758.445
53355.72,55626.926,54036.25,57354.773
52384.48,54935.016,53327.44,56661.56
51558.29,52852.19,52356.44,55844.36
50525.04,51900.605,51318.67,54513.6
49459.75,51075.72,50360.2,53578.14
48326.06,50323.613,49394.03,52665.55
47239.8,47733.125,48304.7,51836.51
46714.23,46891.914,46340.92,50113.027
45771.7,46137.312,45861.47,49216.24
45081.78,45380.52,45436.99,48169.637
43875.75,44434.53,45125.89,47196.15
43477.32,43702.49,44215.76,46045.992
42823.49,43149.934,43686.8,45270.848
42087.73,42690.02,42923.37,44610.258
41672.1,42144.414,42688.94,44076.707
41310.06,41839.957,42125.71,43445.68
40898.51,41604.316,41845.25,43026.82
40996.71,41391.453,41681.16,42637.19
40737.34,41356.836,41645.22,42291.496
40457.34,41423.12,41177.73,41915.188
40368.21,41448.168,40868.06,41841.344
40731.56,41484.08,40688.14,41870.56
40801.01,41737.18,41020.57,41907.46
40794.62,41962.867,40932.95,42041.54
40781.96,42180.164,40986.11,42139.77
41168.21,42348.383,40753.31,42290.0
41368.52,42757.918,40994.4,42513.605
41728.17,43028.023,41499.12,42975.14
42177.5,43412.44,41646.37,43377.45
42796.77,43940.64,41927.11,43848.645
43833.59,45129.3,42629.64,44398.66
44473.27,46462.49,43848.04,45392.63
45406.43,48031.86,44434.08,46274.29
46739.6,49785.402,45140.45,47395.418
48904.03,52270.48,46139.01,48854.36
50263.81,54248.94,48840.53,51369.957
51317.34,55775.266,50672.54,53113.258
52428.01,56857.574,51845.52,54682.055
53555.47,57936.184,53260.56,56069.62
54552.88,58598.98,55136.52,57477.977
55786.23,59187.445,56224.12,58484.582
56669.9,59811.24,56658.72,59279.78
57745.71,61384.195,57750.19,59874.94
58471.13,61741.457,58607.87,60807.438
59495.69,62135.43,59188.82,61081.633
59939.78,62500.832,59675.79,61346.69
60237.6,62791.434,60117.68,61600.926
60457.63,63070.773,60248.82,61889.312
60879.86,63353.336,60613.41,62084.277
61103.25,63662.277,61347.78,62285.266
61614.74,63946.715,61561.95,62483.4
61949.69,64284.652,61611.3,62793.555
62444.1,64585.38,61990.56,63043.914
63073.55,64835.062,61831.37,63299.844
63625.53,64894.617,62183.25,63544.92
64265.44,65026.777,62238.21,63732.0
65052.19,65143.312,62435.46,63808.63
65491.41,65221.797,62806.74,63834.21
64689.95,65073.516,62809.38,63810.004
64427.66,65078.938,62260.67,63612.11
64425.14,65083.914,62188.0,63395.52
64067.94,65071.047,61738.68,63144.03
63172.43,64653.477,61503.72,62918.453
62647.38,64618.81,61060.33,62503.414
62810.71,64600.312,60646.35,62150.52
62893.82,64561.61,60445.67,61800.254
62315.73,63945.984,59555.27,61485.773
61952.08,63797.15,59382.72,60972.438
62327.03,63709.734,58854.4,60590.246
61792.81,63645.234,58296.41,60249.047
61749.72,62822.71,57822.29,59960.02
61837.68,62687.48,57620.5,59483.06
61641.0,62566.605,57158.27,59180.6
61383.23,62479.992,56641.48,58877.73
61328.13,61646.973,56219.67,58581.496
61164.81,61469.67,56644.43,58089.11
60827.47,61400.973,56327.5,57881.06
60717.86,61327.57,55934.31,57726.055
60271.34,60605.195,55838.45,57597.57
60087.82,60458.67,56398.38,57231.707
59830.49,60320.273,56306.96,57183.508
60057.81,60292.74,56117.19,57129.12
59825.03,59734.54,55975.36,57081.105
59169.25,59695.27,55712.29,56758.1
58995.77,59685.92,55717.67,56825.97
59646.62,59679.94,55696.03,56869.805
59516.37,59236.168,55705.85,56904.43
58755.36,59154.734,55334.08,56486.26
58325.68,59025.453,54684.08,56469.062
58087.48,58884.824,54541.24,56361.414
57706.83,58138.43,54265.08,56191.87
56610.26,57921.97,53710.55,55446.93
56189.53,57663.51,52862.21,55118.125
55877.79,57399.527,52507.75,54750.28
55034.76,56770.4,52399.05,54382.188
54036.25,56369.367,52523.41,53910.055
53327.44,55826.945,52139.81,53722.793
52356.44,55174.71,51477.57,53480.473
51318.67,53117.535,50316.55,53088.58
50360.2,52182.7,49394.93,52056.96
49394.03,51374.242,48540.43,51199.426
48304.7,50623.668,47604.52,50345.207
46340.92,47993.008,46600.87,49572.223
45861.47,46866.363,45429.95,48064.383
45436.99,45937.85,44713.81,47261.613
45125.89,45199.215,44114.92,46287.523
44215.76,44312.246,43667.11,45347.977
43686.8,43665.57,42849.54,44235.35
42923.37,43126.055,42127.75,43461.617
42688.94,42652.594,41749.68,42796.355
42125.71,42151.86,41210.0,42243.203
41845.25,41843.76,40690.45,41655.457
41681.16,41601.656,40469.09,41251.266
41645.22,41412.57,40393.85,40899.883
41177.73,41201.03,40098.93,40599.598
40868.06,41230.6,39734.52,39764.586
40688.14,41228.477,39521.04,39802.51
41020.57,41237.816,39276.02,39754.797
40932.95,41466.906,39497.4,39657.777
40986.11,41652.035,39100.0,39613.316
40753.31,41853.61,38957.18,39580.227
40994.4,41977.383,38989.7,39573.996
41499.12,42308.445,38685.01,39586.426
41646.37,42558.98,38542.86,39670.344
41927.11,42825.016,38547.98,39727.81
42629.64,43195.938,38679.76,39792.656
43848.04,44277.3,39002.04,39871.367
44434.08,45584.516,39782.92,40039.02
45140.45,47110.63,39834.33,40148.816
46139.01,48760.848,40033.55,40278.375
48840.53,51089.652,40356.5,40445.766
50672.54,53121.14,40874.77,40804.18
51845.52,54724.21,40747.47,41147.23
53260.56,55810.227,41264.71,41635.605
55136.52,56885.137,41837.87,42328.2
56224.12,57651.535,43250.98,43548.516
56658.72,58386.52,43847.73,44533.17
57750.19,59094.824,44599.55,45424.594
58607.87,60612.96,45225.59,46222.117
59188.82,60883.156,46299.97,47801.473
59675.79,61169.82,47071.46,48534.457
60117.68,61421.01,47927.02,49395.86
60248.82,61673.195,48771.83,50247.824
60613.41,61879.13,49320.24,51233.457
61347.78,62136.445,49894.78,51876.297
61561.95,62437.582,50351.81,52387.87
61611.3,62785.41,50790.32,52786.51
61990.56,63037.203,51135.05,53271.105
61831.37,63221.52,51728.03,53536.72
62183.25,63330.94,51860.95,53786.85
62238.21,63351.13,52538.24,54045.477
62435.46,63361.617,52622.7,54355.688
62806.74,63383.633,53174.75,54519.184
62809.38,63394.83,53465.16,54607.383
62260.67,63182.258,53075.18,54629.8
62188.0,63101.38,52363.95,54510.816
61738.68,63008.22,52251.64,54314.176
61503.72,62879.516,52338.44,54066.445
61060.33,62385.86,52163.58,53774.32
60646.35,62151.23,51352.73,53291.766
60445.67,61886.254,51079.95,52862.16
59555.27,61659.305,50487.17,52443.344
59382.72,60940.89,50390.2,52027.83
58854.4,60620.973,50568.36,51465.45
58296.41,60322.184,50690.25,51066.973
57822.29,60056.457,50701.94,50773.145
57620.5,59293.605,50578.9,50542.777
57158.27,59028.797,50563.83,50174.43
56641.48,58832.723,50627.77,49972.332
56219.67,58663.88,49863.05,49798.586
56644.43,57964.297,49714.67,49664.133
56327.5,57835.582,49745.06,49407.824
55934.31,57761.625,49518.41,49286.797
55838.45,57703.113,49415.71,49248.16
56398.38,57087.438,49515.55,49300.953
56306.96,57072.3,50225.56,49283.777
56117.19,57113.91,50163.82,49404.434
55975.36,57175.383,49224.59,49554.27
55712.29,56707.5,49234.99,49720.625
55717.67,56704.734,48808.0,49748.734
55696.03,56777.992,48769.68,49961.02
55705.85,56875.25,48839.71,50136.832
55334.08,56398.758,48882.93,50277.59
54684.08,56336.477,49028.51,50133.773
54541.24,56239.062,48754.51,50123.277
54265.08,56157.176,48678.89,50000.652
53710.55,55335.79,48373.88,49794.395
52862.21,55028.008,47894.71,49354.055
52507.75,54672.23,47180.0,49027.8
52399.05,54309.31,47159.27,48656.76
52523.41,53450.477,47295.12,48267.62
52139.81,53236.64,47062.4,48024.59
51477.57,53007.1,46555.66,47673.11
50316.55,52665.41,45976.29,47286.49
49394.93,51005.28,45463.04,46881.367
48540.43,50128.383,45358.76,46174.08
47604.52,49345.23,44544.59,45612.953
46600.87,48582.703,43616.98,45082.883
45429.95,46247.547,43141.03,44600.44
44713.81,45307.11,42557.23,43226.32
44114.92,44466.086,41655.14,42559.805
43667.11,43752.43,40929.84,41700.836
42849.54,42931.867,40662.13,40820.8
42127.75,42368.91,39679.26,39863.457
41749.68,41893.03,38958.28,39099.074
41210.0,41549.797,38311.88,38415.96
40690.45,41138.543,37390.34,37836.87
40469.09,40896.188,36713.26,37348.32
40393.85,40725.523,36487.17,36964.31
40098.93,40609.02,36238.07,36661.164
39734.52,39500.965,36137.67,36432.633
39521.04,39644.312,35889.0,35771.734
39276.02,39649.434,35160.85,35599.656
39497.4,39541.86,35057.48,35498.742
39100.0,39493.69,35258.94,35431.69
38957.18,39404.105,35153.88,35400.69
38989.7,39366.117,34850.19,35368.004
38685.01,39384.645,34793.83,35354.707
38542.86,39429.965,34624.08,35350.79
38547.98,39408.6,34683.47,35385.344
38679.76,39421.49,34474.51,35399.17
39002.04,39526.418,34701.55,35415.85
39782.92,39842.816,35061.7,35427.426
39834.33,40223.637,35259.63,35471.574
40033.55,40542.59,35340.38,35471.055
40356.5,40846.555,35416.04,35466.504
40874.77,41409.902,35810.31,35464.562
40747.47,41849.14,35899.59,35548.984
41264.71,42171.14,36048.87,35616.07
41837.87,42600.938,36115.62,35766.258
43250.98,43442.07,36364.33,36038.45
43847.73,44366.703,36691.84,36752.43
44599.55,45246.4,37448.96,37339.52
45225.59,46163.297,38016.72,37958.84
46299.97,48075.63,38781.92,38606.555
47071.46,48749.805,39589.5,39930.953
47927.02,49482.465,40598.7,40840.477
48771.83,50214.15,41288.94,41818.277
49320.24,51049.6,41997.72,42735.336
49894.78,51614.15,42546.66,43792.816
50351.81,52085.15,43119.13,44492.055
50790.32,52486.3,43744.49,45108.508
51135.05,52931.926,44524.74,45669.723
51728.03,53207.406,45394.63,46488.246
51860.95,53411.562,45897.64,46990.492
52538.24,53496.96,46516.61,47505.76
52622.7,53575.992,46631.03,48059.504
53174.75,53484.51,47556.06,48920.23
53465.16,53375.867,48190.28,49427.184
53075.18,53259.414,48709.75,49788.36
52363.95,53056.984,48737.34,49955.816
52251.64,52749.832,48587.32,50009.41
52338.44,52496.695,48701.01,49713.87
52163.58,52305.008,48465.69,49310.812
51352.73,52007.125,48301.84,48871.633
51079.95,51694.586,47874.11,48291.97
50487.17,51430.25,47773.46,47770.01
50390.2,51091.004,47654.99,47275.277
50568.36,50670.156,46886.61,46832.254
50690.25,50490.32,46611.68,46211.445
50701.94,50453.945,46612.73,45856.195
50578.9,50449.492,46465.09,45557.79
50563.83,50234.652,46455.49,45300.3
50627.77,50119.582,46479.72,44795.72
49863.05,50095.438,46092.17,44587.234
49714.67,49923.492,46199.25,44404.29
49745.06,49698.004,45893.82,44233.93
49518.41,49584.42,46076.28,43909.74
49415.71,49509.176,45745.82,43885.797
49515.55,49515.527,45791.16,43897.91
50225.56,49540.605,45901.1,43988.09
50163.82,49699.836,46391.57,44077.77
49224.59,49845.54,46351.12,44379.168
49234.99,49732.043,45446.89,44695.65
48808.0,49683.17,45079.47,45042.242
48769.68,49489.34,46170.77,45489.242
48839.71,49417.77,47004.44,46067.344
48882.93,49440.727,47157.93,46575.12
49028.51,49359.496,47557.02,46988.13
48754.51,49305.56,46706.33,47107.65
48678.89,49191.414,45967.35,47372.785
48373.88,49094.25,46147.74,47527.027
47894.71,48940.36,45968.87,47591.59
47180.0,48683.51,45959.67,47326.07
47159.27,48347.824,45883.48,47325.21
47295.12,48174.266,45943.58,47302.227
47062.4,47969.79,45729.94,47253.062
46555.66,47679.195,46574.51,47507.867
45976.29,47293.883,46633.06,47543.117
45463.04,46827.43,46148.2,47446.05
45358.76,45783.0,45853.54,47285.812
44544.59,45422.98,46443.33,46901.406
43616.98,44901.152,45747.1,46515.35
43141.03,44267.62,44995.11,46087.05
42557.23,42017.58,44141.89,45677.414
41655.14,41116.56,42621.74,44098.242
40929.84,40193.926,41827.29,43446.67
40662.13,39348.312,41276.21,42671.47
39679.26,38667.11,40905.99,41934.598
38958.28,38035.594,40308.92,41101.875
38311.88,37523.02,40026.18,40492.69
37390.34,37135.34,39753.32,39939.402
36713.26,36878.63,39501.49,39443.36
36487.17,36669.875,39042.72,38914.156
36238.07,36533.312,38949.03,38494.98
36137.67,36435.21,38656.94,38111.945
35889.0,35543.535,38341.46,37769.91
35160.85,35448.305,38262.01,38012.703
35057.48,35298.766,38315.8,37878.668
35258.94,35147.67,38475.53,37844.46
35153.88,35081.582,38542.11,37864.293
34850.19,35026.96,38777.02,37933.344
34793.83,34991.953,38780.23,38046.32
34624.08,34975.227,38864.79,38220.055
34683.47,35010.01,39168.16,38475.266
34474.51,35019.105,39217.63,38847.574
34701.55,35033.668,39402.06,39263.35
35061.7,35066.28,39817.07,39768.117
35259.63,35187.855,40314.07,40388.188
35340.38,35257.08,42103.21,41349.656
35416.04,35321.88,43274.37,42439.395
35810.31,35385.6,44238.27,43887.137
35899.59,35599.4,45958.36,45843.82
36048.87,35700.004,49052.66,48637.484
36115.62,35815.656,51265.63,50787.25
36364.33,35962.438,52918.39,52677.742
36691.84,36500.027,54377.41,54325.92
37448.96,36882.63,56209.71,55914.37
38016.72,37410.965,57454.04,57090.37
38781.92,38054.246,58410.28,58037.89
39589.5,40186.844,59458.29,58768.2
40598.7,40945.484,60988.57,59686.76
41288.94,41823.797,61783.35,60103.457
41997.72,42647.953,62234.44,60447.723
42546.66,43569.61,62578.32,60745.633
43119.13,44162.582,62372.87,61034.562
43744.49,44661.01,62736.34,61315.125
44524.74,45120.02,63311.45,61635.73
45394.63,45736.355,63606.93,61977.81
45897.64,46287.69,63671.8,62346.914
46516.61,46757.77,64214.28,62747.75
46631.03,47241.156,64791.66,63167.88
47556.06,47610.766,65220.56,63549.746
48190.28,48107.723,65047.18,63811.863
48709.75,48530.766,65618.32,64004.773
48737.34,48822.5,66041.63,64122.41
48587.32,48834.2,66126.03,64170.27
48701.01,48721.402,65925.92,64053.457
48465.69,48659.227,65593.51,63915.832
48301.84,48498.074,65979.4,63780.305
47874.11,48176.523,66340.99,63660.105
47773.46,47890.74,65597.02,63365.24
47654.99,47706.33,65622.19,63137.84
46886.61,47541.727,65247.48,62920.637
46611.68,46851.832,64309.81,62717.297
46612.73,46505.938,63891.71,62340.26
46465.09,46395.43,63547.13,62097.723
46455.49,46291.957,63576.74,61863.383
46479.72,46014.375,63181.82,61620.797
46092.17,46018.305,62941.89,61135.26
46199.25,45884.11,62489.04,60807.61
45893.82,45926.805,62358.48,60441.926
46076.28,45676.316,61647.46,60051.258
45745.82,45727.63,61054.32,59479.156
45791.16,45630.023,60342.44,59180.62
45901.1,45713.33,59907.94,58964.754
46391.57,45802.89,59818.08,58792.504
46351.12,46139.67,59633.95,58465.945
45446.89,46358.105,59500.36,58405.766
45079.47,46119.17,59249.66,58330.95
46170.77,46006.348,59301.55,58245.277
47004.44,46453.43,59426.69,58004.645
47157.93,47041.81,59511.63,58038.504
47557.02,47390.89,59086.22,58061.844
46706.33,47601.21,59465.42,58127.07
45967.35,47415.977,59281.41,57834.367
46147.74,47118.098,58772.42,57820.17
45968.87,47039.727,58412.89,57703.8
45959.67,46750.71,57709.59,57512.625
45883.48,46659.992,57280.0,56779.508
45943.58,46633.734,56691.36,56487.0
45729.94,46635.887,56331.21,56156.83
46574.51,46687.49,56573.27,55843.047
46633.06,46898.23,56232.18,55588.805
46148.2,46958.113,55470.76,55265.105
45853.54,46792.105,54572.05,54640.74
46443.33,46356.008,53769.96,53830.16
45747.1,46368.785,52508.98,52400.723
44995.11,46088.086,51157.47,51389.848
44141.89,45681.46,50076.89,50451.1
42621.74,43620.684,49080.16,49633.395
41827.29,42710.844,47784.36,48037.754
41276.21,41811.2,47038.49,47239.418
40905.99,41007.336,46167.05,46312.11
40308.92,40185.14,45414.77,45454.004
40026.18,39461.336,45117.56,44518.59
39753.32,38844.754,44654.81,43876.055
39501.49,38311.61,44279.12,43325.4
39042.72,37846.19,43771.67,42863.92
38949.03,37434.242,43379.72,42340.043
38656.94,37140.66,43105.6,41989.98
38341.46,36907.734,43069.42,41680.12
38262.01,37648.62,42814.2,41409.348
38315.8,37571.336,42216.64,40979.08
38475.53,37620.477,42036.58,40972.57
38542.11,37746.71,42202.19,41041.684
38777.02,37961.33,42280.43,41108.875
38780.23,38225.688,42305.64,41236.14
38864.79,38501.992,42185.74,41347.04
39168.16,38811.066,42249.96,41506.332
39217.63,39274.574,42431.09,41737.562
39402.06,39689.805,42899.49,42142.84
39817.07,40150.066,43220.86,42528.47
40314.07,40723.24,43649.51,43013.203
42103.21,41761.99,44041.44,43593.766
43274.37,43435.07,45395.49,44516.07
44238.27,45619.938,46192.48,45417.55
45958.36,47817.17,46644.22,46563.574
49052.66,50604.066,48173.34,48083.88
51265.63,53052.89,50746.96,50616.25
52918.39,54938.633,52477.04,52525.086
54377.41,56209.617,53751.9,54167.574
56209.71,57360.855,55120.53,55605.684
57454.04,58197.566,56518.98,57024.742
58410.28,59035.0,57140.12,58095.703
59458.29,59754.953,58118.08,58943.484
60988.57,61069.312,58923.58,59577.4
61783.35,61394.355,60032.1,60362.492
62234.44,61747.03,60316.36,60656.387
62578.32,62100.844,61032.71,60924.96
62372.87,62468.383,61236.53,61169.41
62736.34,62827.67,61046.74,61410.676
63311.45,63222.53,61745.09,61630.84
63606.93,63600.484,62398.74,61876.08
63671.8,63886.418,62970.57,62160.055
64214.28,64120.367,63516.48,62486.59
64791.66,64304.242,63973.09,62833.395
65220.56,64441.312,64002.46,63215.33
65047.18,64470.684,64513.84,63578.684
65618.32,64528.39,64597.25,63808.594
66041.63,64584.2,64906.34,64008.867
66126.03,64612.562,65471.51,64135.39
65925.92,64463.32,65246.48,64241.195
65593.51,64442.633,64546.94,64114.188
65979.4,64436.805,64302.29,63998.07
66340.99,64451.445,64264.68,63880.004
65597.02,64139.133,64191.93,63788.094
65622.19,64102.8,64094.14,63442.043
65247.48,64085.277,63965.78,63248.24
64309.81,64050.832,63668.25,63077.312
63891.71,63469.625,63445.37,62934.098
63547.13,63390.727,63015.6,62516.85
63576.74,63325.312,62899.42,62280.773
63181.82,63264.523,62755.78,62075.125
62941.89,62476.97,62601.0,61900.81
62489.04,62351.215,62535.77,61433.75
62358.48,62225.727,61885.89,61172.27
61647.46,62126.965,61371.02,60875.074
61054.32,61291.38,61148.6,60569.984
60342.44,61099.027,60825.27,60031.34
59907.94,60939.754,60397.76,59790.305
59818.08,60805.82,60267.84,59622.473
59633.95,60105.99,60230.62,59517.266
59500.36,60020.805,60365.6,59260.637
59249.66,60007.125,59977.54,59266.844
59301.55,59998.93,60157.06,59261.156
59426.69,59506.08,60059.43,59256.234
59511.63,59526.727,59800.25,59063.67
59086.22,59598.766,59575.14,59136.434
59465.42,59645.684,59612.16,59183.027
59281.41,59101.547,59669.08,59232.164
58772.42,59023.098,59486.69,58868.13
58412.89,58915.6,58899.22,58827.945
57709.59,58780.992,58800.6,58708.844
57280.0,57911.418,58305.34,58522.832
56691.36,57606.9,57650.71,57858.504
56331.21,57336.78,56987.31,57619.94
56573.27,57094.66,56885.87,57403.273
56232.18,56613.793,56846.94,57210.785
55470.76,56213.79,56308.77,56712.363
54572.05,55614.03,55326.5,56036.227
53769.96,54873.055,54608.87,55187.773
52508.98,52837.19,53527.16,54308.902
51157.47,51857.914,52274.97,52928.66
50076.89,50990.6,51158.89,51970.57
49080.16,50230.4,50005.41,51058.758
47784.36,47824.18,49367.06,50264.098
47038.49,47025.094,47853.1,48607.797
46167.05,46210.914,47142.71,47828.09
45414.77,45414.582,46469.75,46903.227
45117.56,44459.51,45986.96,46037.76
44654.81,43889.562,45000.43,45069.996
44279.12,43421.805,44567.98,44395.984
43771.67,43040.1,44295.48,43812.113
43379.72,42539.98,43603.12,43314.48
43105.6,42229.125,43354.92,42753.406
43069.42,41985.2,42914.52,42363.375
42814.2,41817.234,42716.72,42017.28
42216.64,41499.508,42223.51,41710.164
42036.58,41621.086,41707.28,41378.06
42202.19,41753.5,41916.9,41451.133
42280.43,41961.875,41950.24,41604.09
42305.64,42293.965,41898.08,41752.66
42185.74,42562.523,41741.54,41980.05
42249.96,42789.418,42107.42,42141.906
42431.09,43011.977,42247.53,42344.812
42899.49,43387.777,42343.04,42603.695
43220.86,43671.64,42529.13,43086.016
43649.51,43999.047,42810.69,43524.652
44041.44,44429.402,43357.55,44043.625
45395.49,45265.168,43689.68,44662.68
46192.48,46342.477,44873.45,45742.742
46644.22,47829.3,45746.14,46778.797
48173.34,49680.324,46843.6,48052.875
50746.96,52799.996,47934.28,49675.14
52477.04,54918.234,50581.2,52250.52
53751.9,56492.42,52180.07,54024.707
55120.53,57700.418,53744.64,55536.023
56518.98,58975.836,54869.15,56855.36
57140.12,59795.25,56542.9,58073.914
58118.08,60361.508,57633.1,58994.223
58923.58,60777.36,58760.09,59736.883
60032.1,61882.93,59713.78,60298.01
60316.36,62017.15,58869.66,60987.918
61032.71,62275.45,60860.9,61257.508
61236.53,62845.797,60891.67,61812.41
61046.74,63210.793,61042.42,62107.33
61745.09,63470.715,60950.75,62286.863
62398.74,63770.85,61323.75,62435.57
62970.57,64082.473,61577.53,62594.68
63516.48,64354.633,62032.84,62767.188
63973.09,64544.586,62204.49,63024.906
64002.46,64690.42,62333.48,63239.56
64513.84,64792.625,62987.14,63486.055
64597.25,64811.332,63108.08,63743.426
64906.34,64876.555,63552.28,63984.242
65471.51,64926.26,64276.09,64115.703
65246.48,64987.957,64512.82,64213.137
64546.94,64799.184,64883.61,64276.023
64302.29,64761.57,64412.99,64203.84
64264.68,64748.156,64351.43,64080.98
64191.93,64748.035,64100.12,63942.04
64094.14,64351.312,64166.25,63830.926
63965.78,64358.22,63944.48,63533.68
63668.25,64368.61,63687.46,63302.95
63445.37,64361.75,63391.51,63078.117
63015.6,63737.27,62222.04,62891.5
62899.42,63687.977,62203.81,62472.223
62755.78,63673.13,62291.18,62188.125
62601.0,63674.906,61589.2,61910.016
62535.77,62858.86,60994.75,61651.6
61885.89,62829.83,60905.79,61143.562
61371.02,62775.977,60734.74,60829.156
61148.6,62735.33,60194.4,60499.445
60825.27,61841.098,59804.87,60151.57
60397.76,61766.508,59773.68,59587.58
60267.84,61697.195,59355.73,59324.465
60230.62,61656.46,59199.81,59132.723
60365.6,60889.188,58966.21,58988.723
59977.54,60847.023,59035.66,58701.637
60157.06,60797.105,58911.65,58682.64
60059.43,60787.13,58757.97,58663.418
59800.25,60173.28,58814.19,58652.86
59575.14,60083.727,58459.96,58487.87
59612.16,60021.145,58448.71,58606.13
59669.08,59996.11,58328.15,58712.086
59486.69,59453.953,58018.18,58828.03
58899.22,59376.645,58001.1,58662.637
58800.6,59275.1,57367.82,58772.477
58305.34,59196.004,57036.15,58776.926
57650.71,58538.82,56765.06,58699.668
56987.31,58329.76,56262.7,58153.844
56885.87,58132.89,56073.78,58058.19
56846.94,57987.4,55979.57,57968.953
56308.77,57121.56,56049.08,57869.832
55326.5,56451.438,56053.83,57513.79
54608.87,55656.555,55245.61,56993.094
53527.16,54867.883,54168.16,56241.3
52274.97,52825.816,53034.94,55383.4
51158.89,51890.4,51590.74,53998.973
50005.41,51088.56,50607.45,52986.27
49367.06,50380.582,49307.29,51999.082
47853.1,48088.516,48532.33,51113.734
47142.71,47295.316,47416.02,49407.027
46469.75,46513.04,46501.86,48524.812
45986.96,45814.42,45770.82,47513.875
45000.43,45009.11,45294.32,46588.08
44567.98,44384.97,44438.26,45591.79
44295.48,43893.215,43767.21,44892.617
43603.12,43522.254,43745.23,44300.863
43354.92,43048.312,43607.67,43804.594
42914.52,42751.664,43002.78,43276.62
42716.72,42490.35,42712.88,42896.156
42223.51,42287.484,42245.4,42558.523
41707.28,42218.38,42094.83,42260.18
41916.9,42216.617,41502.04,42094.977
41950.24,42285.227,41384.24,42084.348
41898.08,42378.17,41507.62,42170.875
41741.54,42599.977,41539.5,42240.508
42107.42,42740.32,41725.47,42394.07
42247.53,42951.844,41593.74,42503.266
42343.04,43163.035,41539.96,42663.164
42529.13,43543.145,41833.37,42884.473
42810.69,43778.168,42231.82,43320.496
43357.55,44049.293,42549.4,43722.547
43689.68,44468.227,42937.62,44216.816
44873.45,45366.22,43370.87,44799.203
45746.14,46443.63,44850.44,45810.164
46843.6,47917.11,45781.15,46772.27
47934.28,49939.152,46670.73,47993.05
50581.2,52866.83,48047.59,49552.33
52180.07,54931.633,50759.45,52159.137
53744.64,56507.883,52286.67,54056.73
54869.15,57792.69,53459.2,55710.99
56542.9,59087.742,54574.37,57146.152
57633.1,60035.906,56093.84,58505.33
58760.09,60730.92,57246.55,59527.895
59713.78,61205.867,58102.34,60337.21
58869.66,62188.156,58891.65,60929.06
60860.9,62224.727,59784.8,61710.355
60891.67,62422.438,60177.11,61945.797
61042.42,62528.13,60715.46,62154.734
60950.75,62611.223,60884.69,62320.11
61323.75,62712.66,60930.04,62554.688
61577.53,62871.35,61483.35,62704.344
62032.84,63086.465,62085.8,62860.586
62204.49,63397.645,62624.2,63032.57
62333.48,63611.344,62742.43,63361.848
62987.14,63748.754,62680.49,63597.82
63108.08,63845.297,63031.13,63878.8
63552.28,63876.12,63619.96,64162.977
64276.09,63877.297,64201.28,64450.49
64512.82,63910.71,64347.7,64606.5
64883.61,63944.508,64445.94,64725.918
64412.99,63842.062,64676.62,64798.387
64351.43,63821.797,64056.17,64724.17
64100.12,63815.29,64032.05,64618.613
64166.25,63815.24,63694.94,64495.754
63944.48,63466.32,63690.04,64389.77
63687.46,63420.73,63478.67,64094.117
63391.51,63372.727,63344.79,63878.82
62222.04,63333.72,63235.14,63676.766
62203.81,62643.1,62767.77,63493.2
62291.18,62497.734,62572.42,63048.375
61589.2,62416.797,62191.99,62752.54
60994.75,62287.605,61916.88,62477.688
60905.79,61464.79,61681.5,62217.266
60734.74,61292.48,61925.45,61683.758
60194.4,61185.984,61543.63,61365.902
59804.87,61065.562,60940.29,61053.26
59773.68,60251.656,60589.24,60718.203
59355.73,60135.055,60447.74,60096.496
59199.81,60056.086,60053.42,59783.074
58966.21,60029.945,59748.69,59552.52
59035.66,59392.426,59738.87,59391.41
58911.65,59388.367,59879.63,59047.652
58757.97,59453.117,59599.74,59012.824
58814.19,59551.9,59468.81,58974.715
58459.96,59118.562,59494.94,58951.57
58448.71,59156.54,59440.65,58725.945
58328.15,59249.902,59063.72,58829.742
58018.18,59340.883,58920.37,58931.156
58001.1,58794.18,58877.22,59047.73
57367.82,58719.324,58872.29,58773.707
57036.15,58608.71,58125.41,58875.53
56765.06,58505.027,57787.52,58876.938
56262.7,57804.297,57433.51,58796.742
56073.78,57544.055,56671.31,58147.28
55979.57,57366.09,56357.87,58015.566
56049.08,57237.86,56647.05,57882.73
56053.83,56741.875,56891.98,57748.035
55245.61,56251.465,56380.64,57479.69
54168.16,55581.65,55623.44,57007.086
53034.94,54783.785,54799.8,56290.477
51590.74,52652.883,53599.19,55461.164
50607.45,51614.34,52429.43,54082.5
49307.29,50737.652,51458.01,53102.145
48532.33,49933.086,50251.54,52135.84
47416.02,47536.387,49274.62,51263.09
46501.86,46751.598,48125.41,49596.105
45770.82,45950.785,47516.9,48703.992
45294.32,45224.566,46702.79,47693.035
44438.26,44423.93,46014.73,46766.17
43767.21,43811.297,45116.44,45731.562
43745.23,43280.426,44320.08,45014.918
43607.67,42937.938,44000.59,44404.453
43002.78,42583.7,43936.13,43888.133
42712.88,42300.6,43538.46,43315.81
42245.4,42073.758,43018.43,42905.242
42094.83,41861.11,42771.05,42534.152
41502.04,41933.0,42520.37,42204.273
41384.24,41950.016,41899.31,41886.145
41507.62,41976.555,41711.52,41824.145
41539.5,42055.797,41645.62,41878.08
41725.47,42290.043,41884.76,41931.926
41593.74,42498.41,41807.88,42078.258
41539.96,42692.406,41689.71,42182.047
41833.37,42877.277,41811.78,42345.664
42231.82,43296.875,42035.61,42585.523
42549.4,43603.28,42450.9,43060.75
42937.62,43957.6,42790.91,43481.812
43370.87,44428.543,42929.32,43980.69
44850.44,45477.266,43680.49,44563.37
45781.15,46829.832,44858.56,45606.188
46670.73,48603.0,45205.19,46563.945
48047.59,50659.062,46308.51,47788.11
50759.45,53408.617,48047.6,49368.63
52286.67,55371.098,50491.6,51945.27
53459.2,56858.25,52103.35,53684.73
54574.37,57994.12,53537.67,55283.375
56093.84,59166.594,54671.25,56702.01
57246.55,60105.66,56196.54,58087.918
58102.34,60839.688,57224.45,59067.883
58891.65,61336.633,58407.6,59832.96
59784.8,62349.645,59257.08,60406.53
60177.11,62442.97,60020.57,61311.586
60715.46,62593.67,60358.17,61558.938
60884.69,62697.156,60739.59,61797.586
60930.04,62847.75,61217.42,62002.758
61483.35,62995.39,61471.52,62340.324
62085.8,63222.188,61843.47,62520.703
62624.2,63509.613,62431.68,62711.453
62742.43,63926.246,62877.54,62916.71
62680.49,64127.94,63267.64,63364.566
63031.13,64251.49,63632.33,63625.125
63619.96,64335.742,63989.23,63889.992
64201.28,64416.453,64492.99,64130.688
64347.7,64450.547,64711.82,64368.99
64445.94,64487.66,64916.22,64471.98
64676.62,64506.836,65138.51,64515.297
64056.17,64371.695,64865.91,64500.664
64032.05,64330.09,63940.19,64329.45
63694.94,64306.125,63545.69,64127.566
63690.04,64262.047,63495.45,63902.05
63478.67,63870.258,63150.06,63688.91
63344.79,63785.027,62983.2,63239.008
63235.14,63705.766,62615.73,62888.01
62767.77,63639.797,62296.9,62548.93
62572.42,62963.64,61753.29,62238.85
62191.99,62777.51,61329.82,61655.24
61916.88,62622.324,61119.77,61257.87
61681.5,62487.42,60769.38,60898.19
61925.45,61716.125,60374.32,60591.96
61543.63,61595.76,60387.95,60055.973
60940.29,61508.742,60007.3,59747.684
60589.24,61387.25,59580.85,59434.89
60447.74,60569.855,59357.13,59130.76
60053.42,60454.305,59583.25,58614.17
59748.69,60393.11,59213.57,58406.37
59738.87,60370.125,58625.83,58252.57
59879.63,59727.1,58598.95,58132.43
59599.74,59758.78,58874.51,57808.43
59468.81,59828.453,58720.93,57780.31
59494.94,59943.562,58571.11,57740.383
59440.65,59463.16,58338.26,57705.594
59063.72,59560.37,58146.8,57428.83
58920.37,59658.85,57891.78,57502.645
58877.22,59751.72,57777.68,57560.57
58872.29,59087.336,57751.54,57620.3
58125.41,59024.78,57119.03,57082.457
57787.52,58909.004,56421.84,57030.785
57433.51,58799.535,56349.37,56882.496
56671.31,57965.023,56077.73,56654.645
56357.87,57674.03,55373.88,55740.043
56647.05,57472.58,54767.05,55428.527
56891.98,57373.53,54751.66,55131.465
56380.64,57068.723,54757.89,54876.508
55623.44,56862.043,54339.18,54685.844
54799.8,56515.92,53420.46,54477.734
53599.19,56019.16,52398.59,53993.49
52429.43,54079.29,51147.67,53336.086
51458.01,53064.87,49919.16,51954.46
50251.54,52134.23,49333.83,51012.086
49274.62,51244.97,48414.27,50093.363
48125.41,48498.445,47497.16,49285.7
47516.9,47681.613,46745.32,47826.223
46702.79,46894.34,46033.04,47062.547
46014.73,46149.824,45350.12,46155.5
45116.44,45205.797,44753.8,45288.07
44320.08,44514.28,43597.03,44297.184
44000.59,43879.336,43362.99,43573.777
43936.13,43402.57,42966.91,42939.234
43538.46,42940.734,42506.61,42398.047
43018.43,42629.69,41654.27,41832.94
42771.05,42337.004,40982.85,41417.66
42520.37,42105.438,40706.99,41053.117
41899.31,41882.203,40285.95,40738.676
41711.52,41871.465,39618.57,39900.6
41645.62,41863.195,39465.14,39969.68
41884.76,41898.074,39423.11,39955.957
41807.88,42138.832,39158.47,39892.984
41689.71,42309.414,39053.63,39861.727
41811.78,42478.324,38938.17,39826.742
42035.61,42679.688,38842.08,39818.832
42450.9,43097.96,38938.52,39829.938
42790.91,43408.703,38780.64,39909.836
42929.32,43759.453,38796.21,39958.414
43680.49,44134.574,38769.53,40023.32
44858.56,45181.1,38750.52,40110.207
45205.19,46383.566,39227.76,40299.19
46308.51,47774.91,39400.14,40435.203
48047.6,49621.37,39498.04,40625.16
50491.6,52436.492,39829.48,40863.414
52103.35,54352.77,40651.84,41269.03
53537.67,55892.91,40597.64,41662.773
54671.25,57142.04,41035.53,42186.03
56196.54,58476.56,41539.94,42881.15
57224.45,59479.043,42755.14,44055.99
58407.6,60242.965,43690.31,45071.348
59257.08,60768.266,44536.4,45990.82
60020.57,61994.816,45619.09,46834.727
60358.17,62104.03,46753.79,48280.168
60739.59,62271.066,47664.52,49024.12
61217.42,62397.434,48445.38,49800.832
61471.52,62680.5,49200.79,50524.344
61843.47,62868.523,50015.78,51337.535
62431.68,63112.83,50588.17,51869.734
62877.54,63380.496,50944.6,52298.0
63267.64,63858.953,51513.63,52628.65
63632.33,64033.53,51789.98,53122.402
63989.23,64138.75,51915.78,53344.74
64492.99,64205.12,52405.61,53555.586
64711.82,64311.96,52709.52,53771.125
64916.22,64351.562,52949.34,54067.074
65138.51,64391.168,53271.72,54206.086
64865.91,64409.273,53764.57,54271.086
63940.19,64281.066,53699.19,54255.902
63545.69,64218.27,53462.98,54089.637
63495.45,64150.42,53566.3,53841.0
63150.06,64077.875,53143.42,53525.17
62983.2,63620.984,52607.41,53171.844
62615.73,63470.14,52090.3,52627.168
62296.9,63302.742,51948.39,52146.152
61753.29,63127.83,51755.32,51685.453
61329.82,62399.117,51227.11,51268.07
61119.77,62135.258,50538.7,50720.312
60769.38,61925.703,50441.02,50324.81
60374.32,61743.625,50089.79,49997.527
60387.95,60964.86,49572.67,49732.965
60007.3,60784.258,49770.22,49366.684
59580.85,60562.035,49660.37,49040.73
59357.13,60279.703,49455.21,48717.395
59583.25,59513.13,49005.87,48535.82
59213.57,59449.035,49110.41,48313.207
58625.83,59420.6,48962.63,48247.71
58598.95,59377.906,48848.2,48249.008
58874.51,58733.902,48545.28,48300.344
58720.93,58762.816,49113.34,48331.805
58571.11,58846.312,49046.85,48445.31
58338.26,58964.305,49139.52,48568.938
58146.8,58415.1,49260.34,48713.03
57891.78,58450.67,49479.49,48821.08
57777.68,58521.195,49420.49,49049.6
57751.54,58605.5,49382.73,49280.816
57119.03,57809.023,49315.9,49475.855
56421.84,57602.918,49760.99,49338.934
56349.37,57385.43,49745.02,49344.434
56077.73,57223.734,49404.96,49250.336
55373.88,56129.52,48622.55,49081.734
54767.05,55725.746,48073.47,48570.15
54751.66,55367.703,47722.39,48310.945
54757.89,55100.125,48053.77,48047.8
54339.18,54565.15,47993.58,47829.33
53420.46,54325.145,47887.55,47873.465
52398.59,53963.582,47202.05,47740.305
51147.67,53470.934,46887.42,47495.26
49919.16,51506.68,46115.69,47172.555
49333.83,50521.03,45658.58,46408.68
48414.27,49738.36,45005.48,45792.586
47497.16,49000.688,44271.54,45186.48
46745.32,46647.76,43405.1,44645.113
46033.04,45881.312,42129.92,43152.08
45350.12,45123.73,41598.01,42490.297
44753.8,44412.656,41193.39,41675.754
43597.03,43565.082,40389.24,40855.727
43362.99,42853.754,39448.8,39946.09
42966.91,42360.312,38953.6,39227.605
42506.61,41975.062,38456.37,38567.652
41654.27,41553.516,38105.69,37986.312
40982.85,41215.29,37597.26,37448.324
40706.99,40920.863,36983.91,37029.02
40285.95,40704.445,36789.91,36689.15
39618.57,39472.83,36699.31,36425.42
39465.14,39586.875,36377.57,35824.055
39423.11,39580.562,36010.98,35614.867
39158.47,39489.117,35712.48,35487.03
39053.63,39384.867,35732.18,35390.504
38938.17,39287.832,35670.98,35317.406
38842.08,39242.496,35536.83,35262.727
38938.52,39223.867,35625.52,35231.023
38780.64,39278.75,35557.3,35221.234
38796.21,39235.414,35415.21,35242.223
38769.53,39223.758,35480.73,35250.773
38750.52,39267.867,35362.15,35256.688
39227.76,39474.016,35188.04,35257.945
39400.14,39713.625,35497.1,35282.035
39498.04,39969.164,35475.37,35274.414
39829.48,40203.668,35582.44,35263.652
40651.84,40726.523,35366.3,35252.78
40597.64,41203.21,36091.51,35307.5
41035.53,41590.125,35718.31,35355.906
41539.94,42090.527,35945.88,35502.105
42755.14,43061.137,36263.76,35830.9
43690.31,44063.05,37142.24,36729.312
44536.4,45130.848,37855.97,37479.965
45619.09,46210.008,38632.18,38230.6
46753.79,47990.754,39353.24,38944.594
47664.52,48674.508,40214.08,40426.508
48445.38,49365.984,41013.26,41308.02
49200.79,49951.676,41762.91,42193.246
50015.78,50599.285,42235.79,43002.566
50588.17,51050.484,42880.3,43908.336
50944.6,51419.81,43681.14,44517.445
51513.63,51730.727,44295.94,45053.527
51789.98,52277.426,45019.96,45548.402
51915.78,52572.773,45439.07,46249.83
52405.61,52761.71,45923.5,46722.41
52709.52,52894.24,46231.71,47220.766
52949.34,53016.2,46759.06,47753.832
53271.72,52965.79,47302.55,48418.973
53764.57,52877.34,47696.75,48800.2
53699.19,52793.973,48152.6,49018.805
53462.98,52657.355,48445.34,49070.766
53566.3,52498.004,48496.96,48920.133
53143.42,52367.86,48350.88,48613.016
52607.41,52214.082,48172.02,48241.26
52090.3,51900.535,47935.45,47863.426
51948.39,51628.883,47486.07,47317.57
51755.32,51408.11,47193.5,46883.54
51227.11,51210.375,46794.3,46485.92
50538.7,50772.53,46452.13,46142.74
50441.02,50349.293,46226.92,45626.465
50089.79,50066.938,46102.85,45313.23
49572.67,49777.19,45942.88,45039.895
49770.22,49264.285,45543.27,44808.74
49660.37,49122.004,45660.55,44410.84
49455.21,49036.254,45389.71,44205.973
49005.87,48941.883,45227.17,44024.445
49110.41,48648.562,45162.42,43879.312
48962.63,48599.65,45194.5,43709.062
48848.2,48585.574,44834.5,43713.523
48545.28,48601.52,44737.54,43757.277
49113.34,48507.543,44912.99,43843.895
49046.85,48742.37,45732.2,44035.44
49139.52,48913.3,45880.7,44333.58
49260.34,49135.0,46093.37,44671.895
49479.49,49334.355,46444.35,45060.504
49420.49,49539.43,47256.3,45493.367
49382.73,49741.176,47580.5,45953.953
49315.9,49905.78,47390.94,46320.027
49760.99,49767.406,47660.07,46599.82
49745.02,49735.766,47744.98,46537.15
49404.96,49665.223,47617.32,46651.805
48622.55,49501.324,47515.38,46744.418
48073.47,49017.8,47637.34,46815.895
47722.39,48614.19,47543.46,46652.496
48053.77,48361.113,47780.18,46741.93
47993.58,48401.203,48215.0,46826.336
47887.55,48259.523,48387.73,46903.95
47202.05,48057.023,48300.22,47279.676
46887.42,47683.133,47677.04,47383.797
46115.69,47388.594,47279.34,47398.816
45658.58,46394.06,47055.79,47337.12
45005.48,45875.22,46914.89,47048.734
44271.54,45344.926,46512.98,46721.707
43405.1,44784.42,45920.18,46332.324
42129.92,42504.28,45313.15,45935.906
41598.01,41371.78,44479.93,44355.008
41193.39,40482.65,43888.92,43720.824
40389.24,39741.71,43456.53,42966.312
39448.8,38927.562,42968.82,42246.12
38953.6,38275.254,42413.73,41438.13
38456.37,37772.086,41928.03,40849.4
38105.69,37377.395,41282.05,40321.09
37597.26,37086.047,41002.17,39852.824
36983.91,36862.188,40651.76,39360.81
36789.91,36693.227,40397.42,38960.883
36699.31,36584.96,40144.75,38590.832
36377.57,35717.066,40025.39,38257.152
36010.98,35659.656,39721.22,38344.656
35712.48,35544.47,39622.53,38176.062
35732.18,35369.695,39763.7,38133.125
35670.98,35240.793,39569.52,38153.44
35536.83,35160.97,39131.68,38222.758
35625.52,35116.65,39256.7,38359.934
35557.3,35098.824,39238.07,38559.375
35415.21,35123.53,39370.25,38826.297
35480.73,35130.633,39995.47,39196.406
35362.15,35153.383,40321.6,39633.12
35188.04,35183.363,40957.27,40158.418
35497.1,35276.652,41588.68,40794.61
35475.37,35341.33,43382.93,41742.93
35582.44,35404.31,44319.95,42835.42
35366.3,35467.824,45573.43,44309.125
36091.51,35644.5,47398.24,46320.883
35718.31,35758.273,50560.16,49090.438
35945.88,35867.727,52404.78,51193.625
36263.76,36053.945,53784.31,53073.918
37142.24,36733.75,55127.72,54747.098
37855.97,37332.094,56810.22,56420.41
38632.18,38050.74,57903.01,57661.047
39353.24,38797.125,59126.94,58672.613
40214.08,40813.344,60388.46,59463.223
41013.26,41459.785,61283.49,60411.586
41762.91,42143.17,62129.02,60826.07
42235.79,42805.83,62685.46,61169.01
42880.3,43500.297,63091.33,61444.992
43681.14,43985.418,63182.96,61874.15
44295.94,44502.305,63561.13,62137.793
45019.96,44975.453,64257.21,62425.094
45439.07,45587.414,64455.75,62746.445
45923.5,45975.105,64892.94,63309.15
46231.71,46362.367,65368.52,63724.34
46759.06,46681.152,65882.6,64134.07
47302.55,47112.617,66376.84,64502.5
47696.75,47528.344,66612.66,64872.695
48152.6,47887.63,67220.21,65073.25
48445.34,48196.8,67592.11,65201.61
48496.96,48328.566,67621.43,65279.15
48350.88,48338.21,67051.8,65253.848
48172.02,48222.863,66837.77,65183.45
47935.45,48047.914,66837.28,65094.527
47486.07,47699.535,67132.89,65009.33
47193.5,47316.18,67068.14,64772.05
46794.3,47005.492,67044.29,64589.4
46452.13,46673.816,67093.95,64410.64
46226.92,46194.645,66321.09,64258.406
46102.85,45944.32,66005.56,63908.363
45942.88,45816.113,66041.76,63673.125
45543.27,45718.5,65620.19,63447.523
45660.55,45315.65,65293.37,63243.887
45389.71,45279.598,65137.47,62797.25
45227.17,45185.758,64986.64,62509.93
45162.42,45124.586,64740.82,62191.594
45194.5,44986.2,64193.39,61854.492
44834.5,44997.535,63959.68,61290.477
44737.54,44916.742,63765.05,60981.94
44912.99,44915.184,63238.58,60749.082
45732.2,45039.785,63121.45,60591.02
45880.7,45484.94,63155.27,60290.83
46093.37,45852.695,63233.66,60236.21
46444.35,46233.293,63351.4,60185.062
47256.3,46693.72,63329.56,60160.945
47580.5,47243.562,62603.34,59948.516
47390.94,47703.176,62066.16,60014.703
47660.07,47902.234,62217.11,60076.375
47744.98,47933.758,61857.0,60160.3
47617.32,47947.36,61361.84,59787.234
47515.38,47897.0,60655.51,59786.484
47637.34,47832.176,60505.33,59683.625
47543.46,47519.137,60099.1,59520.805
47780.18,47419.4,60071.19,58614.625
48215.0,47471.527,59759.79,58280.574
48387.73,47635.348,60087.95,57950.523
48300.22,47605.305,60178.2,57658.05
47677.04,47571.08,59433.42,57266.86
47279.34,47400.93,58484.81,56898.965
47055.79,47233.68,56957.76,56327.297
46914.89,47072.1,56084.0,55574.918
46512.98,46911.58,55097.33,54074.688
45920.18,46695.996,54141.13,52983.38
45313.15,46384.71,52957.42,51976.312
44479.93,44321.793,52087.34,51105.285
43888.92,43814.92,51045.31,49493.098
43456.53,43106.406,50386.62,48680.168
42968.82,42402.04,49525.66,47774.918
42413.73,41551.33,48809.19,46946.305
41928.03,40832.5,47932.87,46018.586
41282.05,40198.273,47521.41,45385.24
41002.17,39593.008,47045.44,44843.797
40651.76,39060.75,46322.68,44388.266
40397.42,38591.26,45253.93,43855.2
40144.75,38194.113,45298.26,43490.75
40025.39,37873.883,44771.82,43164.97
39721.22,38490.164,44681.06,42879.035
39622.53,38431.363,44206.84,42299.66
39763.7,38456.94,44203.92,42289.258
39569.52,38544.74,44252.7,42348.41
39131.68,38683.29,44380.19,42397.312
39256.7,38823.914,44454.16,42482.75
39238.07,39060.934,44410.85,42565.973
39370.25,39342.906,44224.16,42700.938
39995.47,39761.484,44201.03,42901.89
40321.6,40237.84,44733.42,43271.35
40957.27,40745.13,44773.81,43641.367
41588.68,41396.035,45078.31,44108.13
43382.93,42560.24,45780.04,44666.266
44319.95,44416.7,47484.48,45572.38
45573.43,46598.902,48375.89,46496.832
47398.24,48800.035,49714.75,47708.9
50560.16,51434.617,51010.16,49347.93
52404.78,53654.04,54096.32,52073.76
53784.31,55444.004,55376.85,54093.055
55127.72,56790.47,56424.69,55815.934
56810.22,58190.73,57509.9,57338.473
57903.01,59278.89,58945.14,58888.277
59126.94,60271.77,60261.14,59966.684
60388.46,61072.383,61418.64,60801.863
61283.49,62346.83,62171.4,61415.016
62129.02,62583.43,63199.71,62191.47
62685.46,62907.273,63737.43,62460.055
63091.33,63213.227,64259.34,62714.656
63182.96,63729.457,64715.74,62926.855
63561.13,64086.67,64260.58,63305.277
64257.21,64448.992,64753.21,63515.91
64455.75,64751.746,65684.33,63752.57
64892.94,65148.145,66220.52,64031.965
65368.52,65270.977,66470.88,64584.54
65882.6,65339.477,66756.75,64965.797
66376.84,65380.14,67139.27,65325.906
66612.66,65467.414,67537.8,65633.02
67220.21,65486.395,67847.57,65928.81
67592.11,65509.656,68504.44,66088.05
67621.43,65522.2,68900.99,66191.72
67051.8,65434.03,69080.64,66257.24
66837.77,65410.465,68020.58,66197.336
66837.28,65400.316,67885.82,66144.914
67132.89,65395.375,68077.01,66070.98
67068.14,65145.17,68153.76,66009.734
67044.29,65145.688,67957.48,65750.55
67093.95,65157.098,67718.61,65578.8
66321.09,65177.87,67417.3,65419.09
66005.56,64729.977,66948.12,65289.03
66041.76,64722.273,66633.17,64917.81
65620.19,64739.86,66575.6,64705.617
65293.37,64753.54,66226.68,64499.33
65137.47,64110.645,65980.95,64317.95
64986.64,64112.277,66433.6,63862.652
64740.82,64132.816,65811.61,63612.54
64193.39,64151.8,65875.01,63343.844
63959.68,63404.03,65834.74,63066.258
63765.05,63407.1,65493.72,62510.27
63238.58,63425.918,64726.16,62217.266
63121.45,63438.914,64892.92,61998.19
63155.27,62720.918,64568.75,61848.953
63233.66,62751.85,64573.02,61555.758
63351.4,62803.746,64419.22,61521.32
63329.56,62870.695,64624.18,61493.535
62603.34,62205.6,64568.2,61482.027
62066.16,62174.59,63987.9,61257.844
62217.11,62111.58,63722.4,61315.766
61857.0,62046.96,63522.67,61368.773
61361.84,61167.645,63582.47,61432.32
60655.51,60977.89,63315.24,61025.906
60505.33,60755.188,62512.52,60985.145
60099.1,60579.336,62257.0,60872.668
60071.19,59615.25,62225.06,60729.156
59759.79,59450.508,62070.69,59968.684
60087.95,59326.848,61363.2,59788.62
60178.2,59311.5,61394.2,59626.9
59433.42,58806.926,61532.59,59462.176
58484.81,58581.504,60812.3,58856.203
56957.76,58235.984,59823.28,58242.055
56084.0,57631.562,58631.53,57460.938
55097.33,55691.836,57378.09,56600.293
54141.13,54664.97,56395.83,55064.41
52957.42,53733.812,55436.86,54017.184
52087.34,52875.09,53932.82,53030.668
51045.31,50254.137,52991.55,52136.586
50386.62,49675.7,51680.74,50399.457
49525.66,48909.773,50856.97,49618.125
48809.19,48131.805,50015.88,48751.31
47932.87,47101.92,49321.27,47946.855
47521.41,46366.66,48338.32,47031.277
47045.44,45779.465,47942.26,46399.793
46322.68,45294.664,47293.72,45851.84
45253.93,44677.867,46743.82,45381.316
45298.26,44180.38,46333.45,44840.195
44771.82,43873.43,46000.34,44454.176
44681.06,43588.79,45618.69,44099.535
44206.84,43061.633,45292.09,43785.035
44203.92,43282.32,44611.98,43298.336
44252.7,43564.316,44473.08,43389.78
44380.19,43847.535,44366.88,43570.914
44454.16,44215.71,44358.64,43736.492
44410.85,44480.695,44217.64,43953.727
44224.16,44698.31,44348.89,44130.26
44201.03,44860.98,44415.68,44331.57
44733.42,45166.316,44456.4,44574.27
44773.81,45432.746,45317.04,44991.297
45078.31,45713.824,45611.86,45375.2
45780.04,46073.81,45858.61,45836.125
47484.48,46945.324,46289.44,46379.56
48375.89,48078.72,48015.33,47306.5
49714.75,49606.145,49082.42,48213.293
51010.16,51693.336,50221.07,49409.812
54096.32,54714.43,51742.02,51000.246
55376.85,56929.688,54548.74,53681.586
56424.69,58635.562,55955.56,55619.11
57509.9,59842.64,57200.76,57222.887
58945.14,60977.887,58434.98,58623.305
60261.14,61609.527,60053.89,60039.863
61418.64,62132.426,61007.69,60999.992
62171.4,62586.88,62030.7,61756.11
63199.71,63872.1,62895.91,62328.87
63737.43,64051.723,63766.05,63134.094
64259.34,64353.082,64195.01,63404.21
64715.74,64668.305,64434.48,63657.375
64260.58,65168.402,64769.77,63874.71
64753.21,65474.047,64254.97,64162.934
65684.33,65733.12,65122.16,64366.84
66220.52,65930.945,65635.95,64589.43
66470.88,66229.484,66172.02,64857.586
66756.75,66316.88,66380.63,65311.285
67139.27,66368.06,66741.83,65682.34
67537.8,66398.875,67199.92,66055.414
67847.57,66432.08,67757.72,66389.914
68504.44,66446.41,68058.08,66715.24
68900.99,66472.95,68237.29,66885.625
69080.64,66502.76,68602.71,67001.05
68020.58,66391.38,68570.45,67074.055
67885.82,66392.68,68367.87,67051.09
68077.01,66402.484,68425.4,67009.44
68153.76,66433.61,68302.49,66952.83
67957.48,66146.46,68597.88,66895.59
67718.61,66157.58,68085.35,66627.734
67417.3,66177.96,67825.58,66467.945
66948.12,66198.04,67786.64,66310.02
66633.17,65694.69,67510.79,66180.51
66575.6,65698.92,67778.99,65771.12
66226.68,65717.44,67731.26,65558.125
65980.95,65733.44,67195.66,65366.062
66433.6,65006.15,67279.55,65188.453
65811.61,65033.023,67073.14,64683.33
65875.01,65049.14,66629.93,64437.38
65834.74,65090.63,65534.67,64185.977
65493.72,64256.45,65178.59,63932.332
64726.16,64270.34,65301.99,63329.277
64892.92,64283.605,64601.14,63038.875
64568.75,64306.723,63845.56,62805.86
64573.02,63505.82,63568.06,62665.31
64419.22,63525.53,63764.23,62336.277
64624.18,63557.92,63609.81,62292.875
64568.2,63593.793,63282.21,62247.055
63987.9,62847.195,63164.02,62221.707
63722.4,62807.566,63184.8,61958.414
63522.67,62753.223,62858.04,61993.48
63582.47,62691.543,62548.69,62011.777
63315.24,61864.473,62381.94,62062.324
62512.52,61740.67,62323.98,61563.004
62257.0,61589.81,61868.48,61482.82
62225.06,61469.445,61590.48,61346.1
62070.69,60633.105,61331.46,61215.94
61363.2,60530.754,61176.77,60640.574
61394.2,60412.176,60871.31,60600.86
61532.59,60364.562,60679.87,60512.957
60812.3,59903.586,60350.47,60310.133
59823.28,59702.84,59743.95,59412.707
58631.53,59400.324,59028.78,58671.53
57378.09,58948.516,58061.06,57835.633
56395.83,57103.34,57073.66,56987.297
55436.86,56153.434,55843.3,55523.996
53932.82,55236.164,54882.14,54529.02
52991.55,54257.32,53461.03,53557.496
51680.74,51410.59,52411.15,52674.965
50856.97,50818.402,51354.7,50984.977
50015.88,49999.105,50067.0,50210.824
49321.27,49197.836,49278.24,49347.406
48338.32,48188.586,48885.79,48560.72
47942.26,47458.87,48253.5,47702.523
47293.72,46884.86,48183.72,47085.11
46743.82,46371.297,47716.41,46553.887
46333.45,45801.086,47194.38,46097.363
46000.34,45427.016,47030.14,45613.89
45618.69,45123.777,46720.46,45247.5
45292.09,44863.55,46523.33,44911.39
44611.98,44706.56,45954.0,44609.94
44473.08,44851.305,45297.92,44312.625
44366.88,45012.28,45164.54,44338.01
44358.64,45139.445,44893.44,44471.57
44217.64,45359.766,44636.19,44595.516
44348.89,45477.027,44797.74,44768.957
44415.68,45615.53,45054.08,44903.137
44456.4,45758.363,44982.83,45077.176
45317.04,46058.633,45101.68,45290.586
45611.86,46391.586,45496.17,45674.125
45858.61,46778.55,45989.87,46015.094
46289.44,47231.605,46158.86,46435.76
48015.33,48188.266,46265.83,46945.95
49082.42,49426.832,47891.99,47826.36
50221.07,51166.062,48848.72,48675.773
51742.02,53391.83,49658.87,49821.617
54548.74,56436.707,51281.53,51359.08
55955.56,58449.973,54321.09,54065.277
57200.76,59987.246,55946.61,56024.324
58434.98,61063.35,57103.53,57654.164
60053.89,62068.797,57952.81,59084.22
61007.69,62580.36,59536.38,60552.742
62030.7,62989.43,60445.85,61586.164
62895.91,63356.188,61551.88,62413.438
63766.05,64680.426,62373.66,63034.89
64195.01,64860.7,63295.62,63910.195
64434.48,65166.348,63794.5,64199.34
64769.77,65481.695,63893.69,64485.008
64254.97,65919.336,63877.97,64736.336
65122.16,66235.83,63820.65,64984.51
65635.95,66531.555,64385.26,65204.156
66172.02,66756.23,64904.25,65448.28
66380.63,67018.79,65167.07,65744.84
66741.83,67123.69,65626.39,66121.72
67199.92,67192.11,66430.59,66522.47
67757.72,67246.34,66863.48,66919.42
68058.08,67295.805,67372.89,67273.22
68237.29,67312.055,67422.18,67473.56
68602.71,67330.21,67481.07,67643.2
68570.45,67346.3,67585.66,67748.62
68367.87,67229.984,67707.79,67797.32
68425.4,67227.516,66973.91,67638.8
68302.49,67240.86,66809.99,67546.79
68597.88,67255.055,67088.14,67441.695
68085.35,66998.42,67487.75,67408.45
67825.58,67139.11,67506.23,67215.0
67786.64,67270.836,66767.96,67139.28
67510.79,67360.87,65982.22,66986.125
67778.99,66848.96,65182.57,66836.52
67731.26,66877.77,64849.64,66365.84
67195.66,66924.61,65127.34,66133.11
67279.55,66947.65,64996.1,65902.375
67073.14,66196.38,64700.26,65680.875
66629.93,66203.82,64411.78,65121.117
65534.67,66212.6,64070.96,64846.555
65178.59,66196.945,64029.81,64575.695
65301.99,65262.984,63675.64,64287.973
64601.14,65265.46,63536.61,63682.043
63845.56,65250.64,63150.41,63420.02
63568.06,65236.75,63045.98,63208.28
63764.23,64365.176,62712.69,63070.79
63609.81,64351.7,62779.74,62751.105
63282.21,64348.355,62703.67,62724.633
63164.02,64344.703,62872.97,62696.742
63184.8,63564.79,62672.69,62673.43
62858.04,63520.016,62206.43,62415.594
62548.69,63444.68,61604.18,62470.867
62381.94,63384.957,61539.5,62502.527
62323.98,62497.836,61556.24,62541.418
61868.48,62338.836,61220.46,62056.88
61590.48,62165.88,60777.84,61959.945
61331.46,62030.355,60458.78,61792.47
61176.77,61084.664,60280.26,61612.285
60871.31,60904.844,60293.85,60929.73
60679.87,60778.816,60143.57,60822.46
60350.47,60694.625,60434.65,60694.793
59743.95,60198.656,60222.19,60497.57
59028.78,59945.348,59116.27,59835.0
58061.06,59618.84,58345.54,59178.1
57073.66,59169.06,57352.07,58393.082
55843.3,57372.895,56052.53,57567.617
54882.14,56382.215,55034.81,56135.258
53461.03,55426.863,53898.93,55166.59
52411.15,54436.082,52817.25,54211.02
51354.7,51609.133,51993.24,53330.297
50067.0,51009.516,50551.07,51770.016
49278.24,50089.56,49538.77,50920.652
48885.79,49236.523,48750.37,49975.01
48253.5,48304.68,48383.14,49106.22
48183.72,47626.348,47281.75,48166.027
47716.41,47133.17,46836.39,47480.14
47194.38,46686.82,46507.0,46885.984
47030.14,46148.273,46074.22,46372.46
46720.46,45812.6,45629.14,45829.258
46523.33,45517.703,45148.68,45404.453
45954.0,45269.78,44997.01,45014.668
45297.92,45371.844,44668.56,44663.45
45164.54,45405.625,44219.77,44481.74
44893.44,45492.133,43821.6,44441.273
44636.19,45554.49,44037.4,44532.332
44797.74,45718.926,44022.84,44615.082
45054.08,45860.027,43722.6,44783.42
44982.83,46051.523,43702.49,44894.44
45101.68,46209.875,43638.25,45045.875
45496.17,46546.086,43742.0,45254.746
45989.87,46789.938,43813.34,45676.73
46158.86,47136.902,44174.0,46058.125
46265.83,47533.92,44388.83,46522.547
47891.99,48332.676,45131.52,47071.297
48848.72,49318.34,46786.43,48038.324
49658.87,50648.66,47605.97,48947.44
51281.53,52292.195,48675.51,50149.562
54321.09,55280.19,49944.51,51752.945
55946.61,57654.707,52797.19,54474.457
57103.53,59625.69,54690.67,56348.426
57952.81,61115.57,56198.67,58074.39
59536.38,62462.63,57386.59,59618.57
60445.85,63156.137,58551.89,61119.324
61551.88,63648.63,59661.82,62109.633
62373.66,64045.484,60583.81,62868.64
63295.62,65439.66,61410.26,63438.19
63794.5,65613.43,62436.38,64309.043
63893.69,65949.02,63040.55,64596.98
63877.97,66295.164,63491.95,64885.57
63820.65,66708.89,63820.16,65139.46
64385.26,67061.8,63429.3,65504.34
64904.25,67409.58,63748.1,65741.875
65167.07,67729.45,64317.77,65993.65
65626.39,68018.5,64809.28,66269.875
66430.59,68208.03,65053.64,66650.734
66863.48,68331.18,65060.71,66962.68
67372.89,68402.75,65585.88,67261.86
67422.18,68363.234,65907.54,67505.0
67481.07,68386.07,66094.61,67641.17
67585.66,68396.43,66322.83,67696.016
67707.79,68392.13,66514.69,67697.03
66973.91,68172.87,66633.45,67666.555
66809.99,68134.76,65772.31,67419.52
67088.14,68109.195,65272.38,67180.22
67487.75,68112.49,65276.07,66925.87
67506.23,67696.875,65359.09,66686.414
66767.96,67677.94,64975.52,66202.984
65982.22,67617.42,64288.4,65812.87
65182.57,67552.24,64168.57,65424.566
64849.64,66821.195,63404.61,65071.953
65127.34,66706.8,63506.63,64464.562
64996.1,66628.734,63589.37,64038.29
64700.26,66530.36,63441.97,63660.293
64411.78,65590.28,63261.73,63342.652
64070.96,65449.36,63229.99,62823.56
64029.81,65343.74,62834.2,62512.832
63675.64,65262.438,62326.07,62201.95
63536.61,64305.566,61872.55,61896.54
63150.41,64215.938,62166.7,61448.152
63045.98,64134.14,61909.27,61239.723
62712.69,64116.902,61515.09,61088.45
62779.74,63311.082,61225.33,60968.945
62703.67,63282.08,61517.36,60723.617
62872.97,63306.87,61363.4,60689.59
62672.69,63374.895,61037.48,60640.49
62206.43,62677.86,60915.33,60595.195
61604.18,62618.484,60541.46,60343.383
61539.5,62530.33,60173.51,60387.656
61556.24,62468.742,59908.94,60412.008
61220.46,61637.08,59763.87,60436.586
60777.84,61441.562,59483.91,59830.31
60458.78,61260.723,58954.09,59695.277
60280.26,61109.97,58602.96,59451.836
60293.85,60174.387,58440.1,59153.395
60143.57,59981.15,57816.51,58237.555
60434.65,59851.152,57864.22,57969.918
60222.19,59801.383,57719.77,57725.133
59116.27,59382.793,57547.01,57501.383
58345.54,59056.195,56583.15,57247.85
57352.07,58645.105,55701.53,56875.13
56052.53,58107.77,54465.92,56294.086
55034.81,56215.24,53355.16,55596.285
53898.93,55233.152,52143.91,54200.844
52817.25,54291.316,51304.17,53247.04
51993.24,53410.684,50358.53,52323.3
50551.07,50803.82,49472.64,51501.785
49538.77,50081.246,48399.66,50197.234
48750.37,49235.44,47833.43,49424.027
48383.14,48451.055,46966.45,48511.08
47281.75,47603.027,46315.28,47641.836
46836.39,46894.45,44687.71,46682.375
46507.0,46318.332,44333.01,45956.85
46074.22,45864.258,44246.38,45316.13
45629.14,45366.867,43759.71,44759.72
45148.68,45001.047,42542.21,44192.14
44997.01,44666.297,42127.49,43743.816
44668.56,44410.395,41500.78,43341.207
44219.77,44518.945,41172.8,42984.395
43821.6,44505.344,40632.22,42139.46
44037.4,44455.145,40047.46,42219.81
44022.84,44488.094,39891.11,42237.535
43722.6,44671.594,39801.06,42196.816
43702.49,44742.758,39893.23,42172.605
43638.25,44849.3,39658.74,42127.215
43742.0,44970.816,39420.98,42095.54
43813.34,45298.05,39260.43,42078.023
44174.0,45482.055,39356.09,42124.953
44388.83,45745.996,39452.05,42148.152
45131.52,46063.844,39325.47,42190.062
46786.43,46976.938,39526.86,42249.33
47605.97,48168.28,40026.12,42406.438
48675.51,49669.574,40022.56,42524.426
49944.51,51556.97,40044.31,42687.777
52797.19,54216.008,40709.83,42900.926
54690.67,56159.81,41597.09,43285.04
56198.67,57856.07,41876.18,43672.805
57386.59,59330.293,41916.26,44182.52
58551.89,60926.19,42307.99,44839.88
59661.82,61928.91,43601.01,45940.72
60583.81,62636.77,44287.96,46933.297
61410.26,63109.355,45229.46,47871.016
62436.38,64528.754,46370.06,48750.492
63040.55,64693.137,47434.81,50195.387
63491.95,64957.996,48535.67,51071.285
63820.16,65185.46,49162.38,51966.61
63429.3,65553.17,49984.6,52778.63
63748.1,65750.8,50740.71,53695.41
64317.77,65984.875,51474.03,54279.766
64809.28,66256.65,52407.2,54751.152
65053.64,66626.0,52885.03,55123.215
65060.71,66821.73,52940.13,55700.3
65585.88,66935.02,53167.42,55966.516
65907.54,67005.07,53697.0,56215.957
66094.61,67006.89,53644.25,56447.38
66322.83,67004.34,53709.84,56773.723
66514.69,66997.43,54231.08,56876.53
66633.45,66991.58,54497.65,56890.75
65772.31,66774.516,54491.19,56824.562
65272.38,66660.74,54378.06,56646.316
65276.07,66520.3,54330.55,56334.49
65359.09,66378.22,54096.6,55963.13
64975.52,65859.68,53564.15,55570.86
64288.4,65658.47,53380.6,55013.996
64168.57,65408.008,53077.99,54491.707
63404.61,65188.492,53279.39,53999.41
63506.63,64433.0,52796.74,53556.42
63589.37,64179.906,53007.32,53010.336
63441.97,64030.676,52940.83,52577.926
63261.73,63936.996,52372.76,52222.36
63229.99,63284.65,52384.56,51942.42
62834.2,63179.65,52130.21,51596.027
62326.07,63099.69,51969.55,51320.934
61872.55,62999.28,51821.11,51059.277
62166.7,62034.57,51209.02,50569.26
61909.27,61960.484,51375.27,50431.76
61515.09,61945.0,51309.6,50335.703
61225.33,61936.234,50477.24,50324.18
61517.36,61281.934,50525.13,50358.81
61363.4,61296.555,50633.35,50460.676
61037.48,61361.844,51152.81,50549.824
60915.33,61435.69,50951.13,50648.535
60541.46,60825.668,50969.09,50767.266
60173.51,60799.215,51758.96,50847.89
59908.94,60781.215,51464.99,50982.34
59763.87,60760.75,51228.81,51087.133
59483.91,59857.473,51055.99,51144.01
58954.09,59637.645,51037.91,50850.53
58602.96,59427.773,50515.14,50700.65
58440.1,59238.434,50178.2,50480.508
57816.51,58176.19,49812.98,50212.492
57864.22,57808.344,49585.08,49668.543
57719.77,57552.676,49650.14,49328.664
57547.01,57318.312,49158.89,49021.547
56583.15,56717.656,49007.33,48755.68
55701.53,56346.613,48311.53,48816.84
54465.92,55913.65,47425.07,48627.188
53355.16,55347.707,46985.79,48318.71
52143.91,53552.64,46562.66,47944.15
51304.17,52500.703,46389.87,47183.977
50358.53,51571.75,45917.68,46607.453
49472.64,50722.727,45387.63,46053.895
48399.66,48441.77,45045.18,45569.344
47833.43,47609.36,44268.5,44309.59
46966.45,46833.656,43695.9,43713.33
46315.28,46050.395,43478.97,42912.652
44687.71,45154.867,43012.59,42117.395
44333.01,44262.87,41888.72,41246.703
44246.38,43639.047,41377.27,40538.844
43759.71,43247.89,40864.08,39870.25
42542.21,42852.812,40653.68,39256.48
42127.49,42451.742,39792.17,38671.92
41500.78,42164.65,39373.07,38199.484
41172.8,41905.43,39062.23,37783.668
40632.22,40767.086,38570.55,37437.562
40047.46,40966.18,37877.26,36898.324
39891.11,40935.305,37442.3,36642.344
39801.06,40790.26,37124.58,36461.234
39893.23,40655.535,37301.01,36304.89
39658.74,40536.85,36858.93,36142.164
39420.98,40455.645,36835.13,36015.92
39260.43,40398.87,36547.38,35929.562
39356.09,40396.777,36389.5,35884.17
39452.05,40345.9,36727.61,35843.953
39325.47,40342.695,36831.06,35808.656
39526.86,40386.574,37039.61,35775.445
40026.12,40649.703,36875.38,35745.01
40022.56,40931.617,36932.09,35727.562
40044.31,41181.09,36917.9,35695.805
40709.83,41391.4,37176.18,35671.363
41597.09,41931.18,37230.55,35665.71
41876.18,42416.637,37772.43,35711.44
41916.26,42869.727,37638.7,35770.945
42307.99,43282.98,37737.84,35932.977
43601.01,44132.773,37424.53,36244.742
44287.96,45082.93,37832.29,36996.33
45229.46,46047.453,38341.89,37659.3
46370.06,47078.668,39140.1,38327.03
47434.81,48909.816,39481.94,38968.32
48535.67,49592.137,40578.76,40323.75
49162.38,50385.766,41458.63,41057.332
49984.6,50945.863,42489.59,41880.633
50740.71,51611.434,43024.38,42698.08
51474.03,52004.457,43573.8,43565.504
52407.2,52388.926,43955.67,44222.797
52885.03,52865.523,44828.93,44831.79
52940.13,53583.137,45296.41,45400.54
53167.42,53900.31,45665.14,46023.766
53697.0,54151.58,46307.68,46537.883
53644.25,54403.758,46965.58,47065.547
53709.84,54614.74,47787.1,47628.73
54231.08,54566.58,48096.24,48178.89
54497.65,54543.15,48730.63,48641.402
54491.19,54486.457,49102.51,48958.516
54378.06,54395.875,49424.47,49113.06
54330.55,54233.023,49072.25,48967.785
54096.6,54069.99,48809.49,48736.707
53564.15,53879.664,48655.75,48411.47
53380.6,53522.125,47999.48,48043.945
53077.99,53236.29,47865.92,47440.86
53279.39,52946.78,47839.72,46982.742
52796.74,52807.965,47989.64,46565.035
53007.32,52410.176,47923.38,46212.293
52940.83,52269.32,47604.86,45674.797
52372.76,52160.934,47342.65,45380.633
52384.56,51890.234,47222.31,45145.633
52130.21,51601.105,46473.85,44977.074
51969.55,51384.324,45980.62,44612.61
51821.11,51223.11,45392.26,44491.047
51209.02,51108.75,44772.41,44399.336
51375.27,50713.99,44289.67,44300.812
51309.6,50638.504,45180.89,44097.71
50477.24,50648.23,45150.3,44116.0
50525.13,50309.05,44784.48,44188.08
50633.35,50213.84,44836.03,44312.246
51152.81,50282.457,45077.22,44436.95
50951.13,50677.54,45348.07,44751.777
50969.09,50889.383,45106.29,45117.97
51758.96,50955.195,45966.95,45491.207
51464.99,51353.035,46364.38,45856.152
51228.81,51519.277,46746.38,46309.98
51055.99,51537.203,47155.35,46677.082
51037.91,50989.07,46810.78,46929.71
50515.14,50640.07,46776.05,46777.93
50178.2,50209.824,46281.81,46855.234
49812.98,49831.945,46166.31,46875.68
49585.08,49139.58,46261.29,46878.543
49650.14,48790.965,47330.6,46770.6
49158.89,48693.484,47843.86,46825.406
49007.33,48484.516,48108.01,46876.777
48311.53,48442.32,47893.96,46910.953
47425.07,48042.324,47025.72,47310.934
46985.79,47493.754,46260.61,47267.004
46562.66,47061.84,45795.94,47104.152
46389.87,46117.98,45306.0,46898.684
45917.68,45763.594,45517.63,46387.574
45387.63,45385.89,44956.51,45985.1
45045.18,45003.773,44289.56,45522.3
44268.5,43345.645,43627.69,45090.312
43695.9,42652.008,42966.31,43760.14
43478.97,41945.375,42499.84,43169.66
43012.59,41386.19,41774.87,42488.21
41888.72,40695.83,41050.5,41858.773
41377.27,40060.26,40109.85,41220.914
40864.08,39531.96,39565.1,40698.906
40653.68,39077.496,39429.97,40242.727
39792.17,38687.035,39072.27,39842.94
39373.07,38353.44,38714.81,39468.305
39062.23,38097.133,38259.79,39126.99
38570.55,37903.805,37863.79,38815.195
37877.26,37002.977,37766.91,38526.19
37442.3,36869.227,37680.21,38922.86
37124.58,36722.66,37520.1,38805.41
37301.01,36491.363,37546.86,38806.254
36858.93,36273.566,37624.04,38878.742
36835.13,36114.875,37749.21,38981.58
36547.38,36029.84,37735.53,39129.965
36389.5,35976.004,37697.99,39349.543
36727.61,35955.39,38014.64,39651.14
36831.06,35961.734,38897.61,40101.484
37039.61,35982.215,39402.41,40575.816
36875.38,36022.777,40028.17,41126.99
36932.09,36124.4,40563.64,41780.316
36917.9,36191.97,41580.34,42737.348
37176.18,36264.445,42579.4,43738.3
37230.55,36354.164,43987.59,45055.652
37772.43,36585.895,45831.8,46867.707
37638.7,36722.586,49431.04,49922.188
37737.84,36857.195,51349.97,52299.812
37424.53,37047.496,52316.32,54356.59
37832.29,37676.04,53589.64,56143.133
38341.89,38166.64,55742.55,57770.598
39140.1,38738.043,56668.64,59007.32
39481.94,39396.14,57697.91,60059.81
40578.76,41484.36,58635.05,60923.676
41458.63,42101.68,59317.39,62016.555
42489.59,42777.83,59868.35,62588.027
43024.38,43506.3,60301.84,63028.29
43573.8,44326.54,60272.18,63318.812
43955.67,44831.406,59796.95,63511.68
44828.93,45218.297,60159.33,63763.58
45296.41,45675.707,60734.52,64016.77
45665.14,46220.836,61143.55,64307.664
46307.68,46534.594,61382.61,64610.453
46965.58,46902.074,61727.86,64984.73
47787.1,47286.67,62248.79,65429.88
48096.24,47805.844,62949.99,65897.016
48730.63,48130.61,63545.47,66179.47
49102.51,48536.38,64046.18,66412.23
49424.47,48875.47,64252.67,66547.42
49072.25,49073.695,65444.36,66633.34
48809.49,48935.67,64560.77,66415.93
48655.75,48684.7,64199.7,66238.5
47999.48,48438.83,64809.64,66046.37
47865.92,47831.113,64292.21,65879.53
47839.72,47547.46,64088.83,65496.68
47989.64,47417.53,63691.2,65217.547
47923.38,47440.1,63462.0,64968.035
47604.86,47172.254,63230.82,64780.645
47342.65,47020.5,62881.14,64394.914
47222.31,46893.766,62709.87,64130.62
46473.85,46815.934,62383.65,63877.72
45980.62,46231.074,62033.0,63654.63
45392.26,45917.72,61908.52,63209.594
44772.41,45644.582,61455.01,62930.297
44289.67,45354.457,61134.98,62616.273
45180.89,44859.293,60678.76,62263.523
45150.3,44988.055,60601.79,61730.42
44784.48,45107.727,60443.1,61459.12
44836.03,45147.527,60232.56,61276.56
45077.22,45145.98,59189.65,61119.258
45348.07,45299.582,59278.1,60838.07
45106.29,45564.754,59410.77,60806.016
45966.95,45705.414,59633.18,60776.547
46364.38,46139.406,59529.01,60739.832
46746.38,46466.414,59184.22,60515.46
47155.35,46834.844,59162.05,60604.06
46810.78,47166.984,59384.53,60664.887
46776.05,47101.918,59205.1,60698.89
46281.81,47011.953,59157.84,60286.883
46166.31,46815.492,59176.14,60206.656
46261.29,46703.19,59218.82,60041.547
47330.6,46261.83,58998.48,59814.016
47843.86,46386.145,58858.9,58897.39
48108.01,46567.64,58756.14,58475.03
47893.96,46699.477,58901.22,58050.297
47025.72,46893.832,58132.41,57674.12
46260.61,46740.586,57167.52,57196.516
45795.94,46491.3,56140.71,56856.68
45306.0,46232.797,55182.05,56288.95
45517.63,45746.035,53937.47,55537.402
44956.51,45529.42,52663.97,54021.77
44289.56,45195.805,51685.4,52881.164
43627.69,44778.203,50680.67,51818.516
42966.31,42645.65,49919.62,50929.367
42499.84,41950.78,48143.02,49421.543
41774.87,41320.695,46989.42,48618.484
41050.5,40676.492,46534.14,47729.535
40109.85,39937.7,45738.65,46922.695
39565.1,39290.97,44282.06,46044.375
39429.97,38761.527,43642.42,45420.387
39072.27,38371.76,43224.83,44888.438
38714.81,38041.383,42996.92,44443.48
38259.79,37777.047,42561.55,43952.91
37863.79,37573.297,42487.77,43610.156
37766.91,37411.586,42163.27,43315.395
37680.21,38550.188,42154.86,43065.562
37520.1,38430.402,42045.39,42792.66
37546.86,38448.17,41897.19,42801.383
37624.04,38558.016,41967.48,42834.742
37749.21,38763.94,42181.13,42853.25
37735.53,38952.74,41784.13,42960.906
37697.99,39121.82,42034.42,43009.65
38014.64,39280.977,42119.68,43118.85
38897.61,39589.395,42187.11,43302.414
39402.41,39934.05,42529.53,43704.85
40028.17,40336.082,42671.78,44064.53
40563.64,40834.76,43304.66,44528.746
41580.34,41714.54,43835.75,45056.883
42579.4,42698.727,45164.56,45907.32
43987.59,44028.35,45961.29,46688.688
45831.8,45830.3,46883.48,47685.62
49431.04,48715.242,48426.51,48993.79
51349.97,51807.566,52016.61,51466.586
52316.32,54203.645,54186.81,53677.26
53589.64,55885.688,55302.88,55583.76
55742.55,57350.293,56610.84,57224.105
56668.64,58396.734,58396.55,58750.453
57697.91,59226.457,59581.27,59977.746
58635.05,59953.625,60441.22,60993.94
59317.39,61356.97,60915.54,61811.08
59868.35,61678.67,61213.49,62852.61
60301.84,61987.562,61878.58,63344.062
60272.18,62189.4,62499.28,63746.695
59796.95,62205.133,62707.17,64071.754
60159.33,62212.63,61810.71,64243.35
60734.52,62222.816,61946.19,64473.9
61143.55,62293.145,62417.82,64756.09
61382.61,62410.902,62854.59,65102.4
61727.86,62591.66,62687.8,65463.348
62248.79,62888.598,63042.91,65903.625
62949.99,63278.992,63693.78,66398.195
63545.47,63611.445,64281.77,66867.164
64046.18,63944.84,64340.38,67142.51
64252.67,64257.734,64903.85,67399.625
65444.36,64523.566,65125.65,67578.1
64560.77,64610.08,65394.2,67721.266
64199.7,64645.57,64620.06,67544.93
64809.64,64642.86,64351.16,67433.42
64292.21,64721.48,64850.28,67296.016
64088.83,64297.344,65017.02,67139.63
63691.2,64152.527,65073.6,66661.93
63462.0,63978.836,64651.49,66387.88
63230.82,63840.914,64265.82,66165.19
62881.14,63243.82,63760.59,66006.19
62709.87,63023.082,63869.15,65549.47
62383.65,62867.04,63612.31,65211.016
62033.0,62765.08,63200.26,64964.348
61908.52,62136.906,62932.37,64749.895
61455.01,62005.59,62970.64,64235.61
61134.98,61906.965,62646.46,63903.18
60678.76,61824.188,62034.38,63587.7
60601.79,61198.035,61555.4,63238.215
60443.1,61050.953,61090.91,62623.047
60232.56,60997.836,61008.49,62322.82
59189.65,60939.297,60362.83,62118.465
59278.1,60318.72,60082.76,61958.754
59410.77,60228.438,60488.04,61623.51
59633.18,60251.824,60776.59,61576.63
59529.01,60318.26,60546.77,61501.336
59184.22,59841.508,60559.56,61440.53
59162.05,59822.086,60474.07,61119.22
59384.53,59873.723,60101.01,61120.52
59205.1,59941.22,59714.48,61095.816
59157.84,59296.03,59675.4,61072.855
59176.14,59171.92,59383.16,60416.28
59218.82,59065.062,59417.0,60253.242
58998.48,58947.543,59269.29,60028.4
58858.9,57908.406,59065.73,59765.63
58756.14,57477.21,58932.84,58703.105
58901.22,57097.594,59071.73,58238.133
58132.41,56780.68,58908.48,57793.54
57167.52,55938.387,58224.04,57397.246
56140.71,55330.465,57213.08,56909.67
55182.05,54646.164,56263.23,56567.86
53937.47,53951.242,55117.6,55996.277
52663.97,52305.23,54080.99,55254.566
51685.4,51485.63,52917.44,53771.016
50680.67,50810.133,51874.38,52695.598
49919.62,50219.477,50708.77,51683.54
48143.02,48171.53,49571.2,50830.26
46989.42,47306.965,48108.61,49365.74
46534.14,46428.516,47307.74,48614.66
45738.65,45716.484,46532.93,47753.21
44282.06,44868.215,45908.91,46944.695
43642.42,44098.996,44528.84,46050.164
43224.83,43498.758,44008.28,45415.23
42996.92,43061.58,43439.77,44864.938
42561.55,42642.957,43140.9,44392.008
42487.77,42366.383,42689.96,43871.1
42163.27,42182.68,42479.07,43498.85
42154.86,42026.24,42479.53,43163.633
42045.39,41846.6,42670.95,42863.03
41897.19,42001.414,41928.18,42615.316
41967.48,42093.527,41540.1,42601.926
42181.13,42190.797,41605.68,42635.656
41784.13,42461.203,41876.87,42658.58
42034.42,42596.094,42007.02,42746.688
42119.68,42772.008,41952.32,42787.47
42187.11,42916.52,42003.43,42878.02
42529.53,43211.668,42240.44,43032.78
42671.78,43382.0,42740.6,43404.062
43304.66,43613.21,42880.06,43730.543
43835.75,44032.902,43371.49,44139.543
45164.56,44916.08,44029.16,44611.23
45961.29,45921.58,45666.88,45453.184
46883.48,47173.48,46604.31,46225.156
48426.51,48762.57,47467.96,47230.996
52016.61,51653.56,48889.43,48601.04
54186.81,53973.88,52429.18,51208.117
55302.88,55828.42,54447.94,53207.277
56610.84,57073.03,55368.46,54921.21
58396.55,58265.33,56601.98,56495.977
59581.27,59201.75,57940.06,58019.04
60441.22,60179.75,58753.85,59232.617
60915.54,61087.465,59749.32,60224.727
61213.49,62644.273,60702.41,60997.84
61878.58,63064.594,61381.34,62017.406
62499.28,63446.17,62063.61,62451.67
62707.17,63755.88,62248.68,62805.2
61810.71,63872.15,62488.55,63091.754
61946.19,63978.88,62257.77,63321.375
62417.82,64093.785,62668.33,63558.047
62854.59,64258.75,63374.43,63826.1
62687.8,64435.094,63509.43,64135.395
63042.91,64674.297,63519.83,64501.1
63693.78,65024.105,64098.69,64903.46
64281.77,65417.48,64726.68,65364.26
64340.38,65640.016,64991.93,65817.734
64903.85,65807.97,65135.53,66134.82
65125.65,65942.68,65372.43,66393.06
65394.2,66051.27,65755.29,66549.06
64620.06,65846.734,65902.06,66649.52
64351.16,65694.78,65275.7,66534.95
64850.28,65531.746,64849.37,66448.82
65017.02,65459.85,65206.63,66299.6
65073.6,64992.953,65233.82,66099.734
64651.49,64909.047,64608.06,65750.625
64265.82,64831.793,64231.31,65502.14
63760.59,64753.6,63802.98,65273.17
63869.15,64082.656,63010.93,65061.76
63612.31,63837.06,62683.16,64677.926
63200.26,63715.316,62582.88,64424.96
62932.37,63613.28,62630.85,64207.37
62970.64,62902.41,62484.56,64007.227
62646.46,62724.344,62608.99,63560.49
62034.38,62617.613,62143.8,63313.766
61555.4,62483.44,61848.29,63067.31
61090.91,61746.574,61361.52,62812.27
61008.49,61567.574,61353.96,62282.32
60362.83,61504.07,60922.13,61984.848
60082.76,61399.977,60520.36,61772.98
60488.04,60729.9,60679.31,61629.055
60776.59,60693.574,61043.69,61260.336
60546.77,60731.758,60722.27,61205.453
60559.56,60779.273,60893.08,61154.895
60474.07,60200.04,60906.93,61121.086
60101.01,60155.516,60879.17,60798.35
59714.48,60119.906,60768.25,60857.418
59675.4,60076.75,60967.65,60900.906
59383.16,59260.82,61342.88,60930.473
59417.0,59081.305,61528.39,60236.324
59269.29,58940.434,61319.75,60106.496
59065.73,58799.805,60799.99,59891.992
58932.84,57762.74,60825.49,59700.723
59071.73,57432.01,60585.11,58754.516
58908.48,57214.656,60381.12,58377.26
58224.04,57005.4,59910.72,57973.426
57213.08,56243.65,59098.64,57627.52
56263.23,55810.227,58163.64,57094.73
55117.6,55336.12,57203.82,56718.65
54080.99,54799.242,55876.23,56106.254
52917.44,53221.977,54684.17,55359.598
51874.38,52384.656,52907.53,53834.234
50708.77,51650.555,51826.65,52804.69
49571.2,50992.74,50513.77,51810.918
48108.61,48746.58,49891.33,51031.52
47307.74,47877.105,49266.42,49504.383
46532.93,47062.695,47837.19,48716.875
45908.91,46303.344,46574.77,47823.004
44528.84,45381.63,46079.87,47030.45
44008.28,44608.195,45807.95,46123.863
43439.77,43996.633,45498.01,45494.656
43140.9,43499.375,45604.94,44946.008
42689.96,43003.0,44896.68,44475.68
42479.07,42685.613,44510.6,43941.164
42479.53,42447.207,43668.67,43560.59
42670.95,42275.055,43056.47,43235.01
41928.18,41961.363,42940.19,42948.176
41540.1,42008.75,42585.12,42765.79
41605.68,42012.008,42273.25,42741.95
41876.87,42060.266,42413.19,42773.965
42007.02,42290.72,42534.93,42803.46
41952.32,42485.9,42378.57,42920.184
42003.43,42669.42,42627.25,42972.156
42240.44,42834.047,42825.88,43069.086
42740.6,43199.28,42881.5,43240.508
42880.06,43448.664,43425.28,43648.117
43371.49,43706.94,43794.66,43996.414
44029.16,44112.87,44158.7,44422.05
45666.88,45159.766,44637.61,44915.77
46604.31,46473.742,46016.33,45805.906
47467.96,48131.887,46807.26,46593.836
48889.43,49960.45,47652.61,47614.496
52429.18,52566.133,49516.92,48985.92
54447.94,54483.25,52661.4,51673.688
55368.46,55934.25,54706.47,53670.71
56601.98,56975.58,55699.92,55334.61
57940.06,58163.113,57104.78,56882.93
58753.85,59128.656,58938.63,58381.555
59749.32,60035.574,60109.92,59544.96
60702.41,60786.105,61007.38,60465.16
61381.34,62220.965,61891.53,61206.06
62063.61,62529.67,63092.72,62338.59
62248.68,62852.605,63698.01,62751.55
62488.55,63098.156,63676.51,63121.766
62257.77,63270.117,63951.83,63411.617
62668.33,63419.36,63222.91,63591.312
63374.43,63594.11,63483.01,63835.31
63509.43,63833.08,63970.9,64112.01
63519.83,64138.273,64183.94,64410.836
64098.69,64492.203,63616.84,64687.824
64726.68,64898.367,64025.08,65081.27
64991.93,65253.22,64790.51,65550.7
65135.53,65417.906,65348.04,66031.23
65372.43,65530.824,65772.76,66198.445
65755.29,65569.22,66485.14,66505.2
65902.06,65600.07,67164.14,66734.56
65275.7,65412.6,67414.61,66840.336
64849.37,65277.973,66781.99,66654.29
65206.63,65068.367,66888.76,66635.21
65233.82,64885.21,66888.46,66498.82
64608.06,64483.61,66706.92,66405.96
64231.31,64286.133,66403.34,65949.914
63802.98,64099.523,66062.34,65679.03
63010.93,63886.285,66269.41,65434.527
62683.16,63253.68,65220.61,65236.402
62582.88,63015.56,64821.08,64729.06
62630.85,62879.14,64935.06,64472.516
62484.56,62810.586,64460.35,64244.867
62608.99,62230.773,63946.45,64019.47
62143.8,62174.152,63886.33,63511.406
61848.29,62115.297,63825.35,63234.67
61361.52,62077.617,63336.62,62951.37
61353.96,61458.234,62800.83,62687.43
60922.13,61376.594,63043.82,62123.44
60520.36,61351.67,62100.48,61829.65
60679.31,61337.87,62121.28,61629.746
61043.69,60700.258,62322.38,61489.5
60722.27,60706.75,62248.53,61174.52
60893.08,60754.53,62481.61,61149.5
60906.93,60877.543,61498.02,61104.305
60879.17,60270.23,61906.13,61087.867
60768.25,60276.918,62924.26,60831.035
60967.65,60319.07,62530.72,60844.152
61342.88,60382.25,61992.08,60803.082
61528.39,59559.906,62141.93,60722.754
61319.75,59480.316,62157.18,60084.82
60799.99,59358.543,61688.09,59836.523
60825.49,59261.062,61267.8,59586.203
60585.11,58279.258,61496.13,59332.855
60381.12,57977.566,61452.3,58442.13
59910.72,57694.35,61131.84,58009.035
59098.64,57422.97,60671.37,57590.727
58163.64,56521.918,59654.88,57199.234
57203.82,56052.945,58882.6,56640.074
55876.23,55552.5,57773.17,56181.305
54684.17,55012.66,56629.76,55532.26
52907.53,53360.527,55438.14,54732.473
51826.65,52498.46,53813.62,53280.043
50513.77,51750.332,52575.37,52285.664
49891.33,51114.11,51507.13,51371.02
49266.42,48907.3,50434.68,50597.8
47837.19,48136.242,48734.84,49108.21
46574.77,47278.316,47955.36,48384.934
46079.87,46450.426,47229.28,47559.703
45807.95,45506.56,46507.61,46814.438
45498.01,44940.934,45196.94,45957.098
45604.94,44474.973,44747.57,45352.918
44896.68,44149.51,44541.41,44811.855
44510.6,43636.05,44314.54,44353.043
43668.67,43303.906,44112.55,43864.625
43056.47,42973.543,43890.46,43492.62
42940.19,42682.22,43410.76,43148.797
42585.12,42300.37,42990.77,42850.125
42273.25,42309.234,42485.96,42770.46
42413.19,42308.137,42104.58,42754.844
42534.93,42374.21,42113.88,42789.6
42378.57,42608.934,42469.8,42815.4
42627.25,42769.418,42215.44,42970.97
42825.88,42977.656,42330.06,43047.043
42881.5,43203.15,42195.88,43171.426
43425.28,43602.008,42575.91,43369.28
43794.66,43884.91,43158.09,43837.75
44158.7,44201.945,43296.92,44195.277
44637.61,44577.875,43632.01,44600.805
46016.33,45473.004,44287.66,45056.16
46807.26,46432.54,45632.4,45958.355
47652.61,47569.25,46477.67,46713.28
49516.92,48984.688,47369.9,47679.426
52661.4,51970.99,48979.76,48963.664
54706.47,54013.785,52088.06,51645.46
55699.92,55684.637,53942.01,53540.152
57104.78,57004.266,55362.55,55173.094
58938.63,58456.8,56932.27,56596.477
60109.92,59541.66,58875.45,57958.0
61007.38,60395.855,59693.91,58931.906
61891.53,61019.676,60444.69,59738.32
63092.72,62513.844,61521.97,60403.312
63698.01,62795.668,62635.7,61349.742
63676.51,63123.023,63146.93,61807.54
63951.83,63391.633,63259.8,62170.992
63222.91,63575.36,63601.54,62463.29
63483.01,63779.375,63414.26,62557.035
63970.9,63994.42,63415.88,62765.855
64183.94,64212.51,63795.77,62972.887
63616.84,64391.234,64128.17,63208.355
64025.08,64639.113,64089.93,63377.24
64790.51,64980.81,64126.03,63665.03
65348.04,65379.594,64617.6,63992.047
65772.76,65506.418,65001.53,64327.72
66485.14,65811.016,64538.11,64472.523
67164.14,66062.16,64584.01,64649.348
67414.61,66206.12,64843.73,64778.5
66781.99,66034.57,65044.36,64831.28
66888.76,66146.49,64517.83,64574.984
66888.46,66178.39,64497.17,64356.773
66706.92,66233.22,64285.67,64112.188
66403.34,65768.61,63689.96,63878.484
66062.34,65710.625,63230.33,63349.727
66269.41,65644.0,62981.57,62968.19
65220.61,65599.805,62595.55,62632.96
64821.08,64810.227,61823.76,62344.82
64935.06,64651.375,61464.79,61800.36
64460.35,64557.21,61250.29,61434.21
63946.45,64427.59,60725.18,61119.047
63886.33,63592.016,60295.94,60855.516
63825.35,63434.664,60264.81,60399.863
63336.62,63311.758,60101.3,60179.82
62800.83,63213.7,59715.3,59945.785
63043.82,62402.152,59679.51,59681.58
62100.48,62278.36,59544.32,59207.94
62121.28,62154.133,58963.37,59007.957
62322.38,62087.668,58617.1,58875.4
62248.53,61377.07,58502.36,58771.48
62481.61,61271.54,59171.84,58463.258
61498.02,61229.688,59079.39,58444.82
61906.13,61116.58,59063.55,58387.297
62924.26,60435.87,59192.17,58327.457
62530.72,60393.062,59428.25,57979.84
61992.08,60288.926,58963.26,57969.426
62141.93,60129.758,58957.2,57928.715
62157.18,59202.223,59067.22,57845.586
61688.09,58935.184,59057.14,57099.49
61267.8,58721.977,58496.84,56856.594
61496.13,58531.246,58471.51,56534.707
61452.3,57468.85,58698.97,56142.46
61131.84,57148.438,58669.4,55067.793
60671.37,56887.17,58200.44,54643.68
59654.88,56610.5,57317.37,54255.008
58882.6,55694.03,56487.25,53917.355
57773.17,55231.156,55375.71,53408.887
56629.76,54735.17,54133.29,53095.78
55438.14,54159.203,53145.16,52635.05
53813.62,52564.137,52040.52,52097.22
52575.37,51739.297,51311.31,50987.523
51507.13,51086.73,50223.85,50163.63
50434.68,50536.33,49113.13,49344.945
48734.84,48389.305,48552.59,48660.51
47955.36,47509.285,47463.88,47297.875
47229.28,46731.633,46569.54,46606.195
46507.61,46082.613,45573.45,45806.145
45196.94,45267.98,44945.03,45054.285
44747.57,44592.332,43699.12,44194.75
44541.41,44059.42,42635.76,43558.883
44314.54,43678.703,42295.41,42988.71
44112.55,43273.086,42111.41,42500.547
43890.46,43017.453,41544.59,42009.28
43410.76,42799.11,41068.52,41628.363
42990.77,42585.895,40947.83,41302.348
42485.96,42294.082,40855.76,41025.87
42104.58,42262.617,40271.48,40147.6
42113.88,42238.32,40217.45,40210.883
42469.8,42270.61,39968.12,40149.023
42215.44,42550.707,39810.43,40016.72
42330.06,42708.617,40094.0,39930.406
42195.88,42884.895,39689.94,39844.61
42575.91,43029.07,39657.78,39791.812
43158.09,43436.36,39692.26,39775.043
43296.92,43710.836,39725.42,39847.926
43632.01,43944.867,39760.22,39864.53
44287.66,44246.69,39653.38,39897.027
45632.4,45146.883,39732.45,39946.12
46477.67,46101.32,39934.8,40115.1
47369.9,47250.832,39898.12,40235.85
48979.76,48670.0,39925.6,40412.113
52088.06,51551.703,40199.95,40646.773
53942.01,53415.332,41021.29,41068.453
55362.55,54973.77,41586.15,41465.168
56932.27,56257.406,41648.41,42004.594
58875.45,57690.24,42490.85,42695.32
59693.91,58722.234,43884.14,43783.023
60444.69,59560.625,44648.09,44658.1
61521.97,60171.438,45340.88,45485.9
62635.7,61615.645,46025.91,46248.26
63146.93,61929.562,47048.41,47631.516
63259.8,62211.76,47935.91,48353.22
63601.54,62439.625,48576.82,49146.953
63414.26,62497.855,49243.13,49961.203
63415.88,62637.613,49997.29,50801.13
63795.77,62741.234,50437.79,51483.723
64128.17,62878.016,50982.99,52070.766
64089.93,62964.938,51255.82,52551.53
64126.03,63192.6,51841.11,52962.543
64617.6,63465.234,52172.43,53261.527
65001.53,63776.113,52311.91,53506.42
64538.11,63876.613,52599.38,53719.99
64584.01,63987.902,53155.49,53917.41
64843.73,64063.14,53552.91,54087.566
65044.36,64082.05,53245.78,54219.277
64517.83,63782.785,53198.79,54280.297
64497.17,63619.758,53095.96,54137.543
64285.67,63459.54,53077.42,53921.273
63689.96,63270.92,53135.49,53612.992
63230.33,62596.23,52463.27,53241.58
62981.57,62296.727,51659.34,52608.14
62595.55,62056.195,50843.95,52068.14
61823.76,61846.156,50744.08,51554.492
61464.79,61169.406,50215.35,51092.473
61250.29,60903.67,49686.0,50471.844
60725.18,60716.914,49061.55,50040.13
60295.94,60557.125,48437.45,49717.15
60264.81,59919.0,48094.88,49484.527
60101.3,59784.67,48065.41,49160.855
59715.3,59699.316,48077.19,48989.91
59679.51,59607.363,47834.88,48864.855
59544.32,59002.855,47816.4,48751.5
58963.37,58891.047,48046.53,48594.414
58617.1,58824.53,47643.91,48521.844
58502.36,58773.21,47813.74,48513.74
59171.84,58180.664,47917.45,48561.406
59079.39,58176.95,48820.64,48658.71
59063.55,58187.188,48894.08,48778.79
59192.17,58219.992,49333.33,48896.0
59428.25,57620.97,49705.8,49014.703
58963.26,57567.645,49849.89,49094.68
58957.2,57527.203,49797.9,49174.855
59067.22,57505.668,49943.17,49185.383
59057.14,56558.453,50093.73,49116.73
58496.84,56371.97,50304.26,48735.008
58471.51,56190.902,49918.14,48429.21
58698.97,56023.88,49884.84,48076.84
58669.4,54896.527,50077.96,47702.97
58200.44,54653.375,50441.38,47144.727
57317.37,54409.676,50103.16,46786.87
56487.25,54129.69,49486.04,46433.07
55375.71,53249.758,48746.47,46117.625
54133.29,52886.516,47899.51,46124.31
53145.16,52504.67,46993.26,45901.992
52040.52,52122.93,46341.91,45570.6
51311.31,50904.71,45750.62,45201.84
50223.85,50280.043,45353.72,44729.96
49113.13,49659.84,44587.25,44243.445
48552.59,49059.984,43910.76,43745.43
47463.88,47162.66,43222.13,43281.03
46569.54,46348.453,42331.62,41949.69
45573.45,45564.785,41438.12,41326.45
44945.03,44810.066,40841.39,40571.707
43699.12,43934.64,40142.2,39823.992
42635.76,43258.32,39328.56,39136.06
42295.41,42658.67,38763.72,38525.164
42111.41,42258.87,38289.98,37994.516
41544.59,41892.46,37916.34,37549.195
41068.52,41630.668,37302.61,37236.527
40947.83,41407.36,36912.59,36947.965
40855.76,41242.055,36895.82,36728.12
40271.48,39830.586,36661.02,36564.125
40217.45,39907.613,36187.33,35969.387
39968.12,39887.746,36042.93,35786.555
39810.43,39756.52,35876.64,35665.164
40094.0,39650.65,35659.83,35575.19
39689.94,39585.203,35563.51,35551.383
39657.78,39525.535,35645.23,35508.57
39692.26,39506.836,35467.23,35482.855
39725.42,39562.32,35622.94,35467.477
39760.22,39552.125,35493.84,35508.21
39653.38,39578.266,35390.0,35514.934
39732.45,39644.832,35437.23,35530.33
39934.8,39885.93,35807.51,35543.547
39898.12,40093.035,35625.67,35611.016
39925.6,40273.867,35365.94,35615.438
40199.95,40437.062,35589.83,35617.76
41021.29,40870.043,35609.54,35621.324
41586.15,41234.457,36447.62,35733.71
41648.41,41645.12,36660.79,35812.203
42490.85,41990.945,36926.8,35978.355
43884.14,42847.09,37073.53,36266.938
44648.09,43724.99,37273.59,37000.61
45340.88,44634.195,37598.32,37613.613
46025.91,45548.465,38492.62,38238.977
47048.41,47452.426,39524.56,38843.56
47935.91,48317.023,40636.2,40354.477
48576.82,49168.68,41171.73,41032.92
49243.13,49844.035,42066.01,41815.234
49997.29,50468.38,42735.69,42628.668
50437.79,50990.266,43745.47,43580.133
50982.99,51416.7,44374.43,44239.63
51255.82,51812.348,45134.7,44796.523
51841.11,52174.04,45839.65,45287.547
52172.43,52526.066,46479.76,45920.594
52311.91,52825.598,47059.2,46332.67
52599.38,53048.918,46972.45,46739.984
53155.49,53237.953,47827.91,47147.832
53552.91,53350.273,48794.61,47725.332
53245.78,53384.395,49082.91,48138.133
53198.79,53282.89,49389.52,48547.227
53095.96,53050.477,49912.73,48854.7
53077.42,52787.195,49694.02,48978.094
53135.49,52540.28,48979.87,48882.684
52463.27,52328.97,48345.66,48653.64
51659.34,51919.387,48046.69,48339.094
50843.95,51532.15,47540.51,47768.406
50744.08,51111.777,47043.19,47278.1
50215.35,50821.465,46881.24,46808.03
49686.0,50357.6,46322.45,46386.492
49061.55,49938.96,46148.0,45782.156
48437.45,49521.15,45668.95,45403.92
48094.88,49084.684,45835.43,45091.72
48065.41,48631.16,45592.56,44849.64
48077.19,48327.715,45832.75,44487.17
47834.88,48192.215,45498.95,44312.844
47816.4,48036.426,45462.28,44165.64
48046.53,47939.758,45503.91,44027.555
47643.91,47909.84,45397.9,43956.12
47813.74,47782.14,45105.38,43956.508
47917.45,47843.918,45440.58,44005.742
48820.64,47945.105,45750.17,44091.637
48894.08,48247.688,46123.96,44432.83
49333.33,48453.19,46250.48,44728.953
49705.8,48721.38,46636.3,45042.656
49849.89,48819.844,47102.4,45383.336
49797.9,48826.594,47945.57,45825.184
49943.17,48795.543,47749.62,46209.176
50093.73,48778.77,47768.02,46486.133
50304.26,48354.734,48046.45,46671.24
49918.14,48143.93,48160.98,46493.934
49884.84,47892.285,47748.65,46500.035
50077.96,47721.957,48008.39,46451.844
50441.38,47090.156,48364.56,46411.67
50103.16,46978.074,49074.43,46207.906
49486.04,46835.65,48694.31,46306.566
48746.47,46618.04,48372.73,46386.465
47899.51,46250.035,47841.48,46444.195
46993.26,45953.26,47239.11,46757.324
46341.91,45625.242,46654.84,46814.434
45750.62,45312.152,46276.56,46736.312
45353.72,44839.168,45931.97,46581.496
44587.25,44413.273,46052.38,46209.883
43910.76,43905.484,45218.9,45830.445
43222.13,43385.293,44695.24,45402.453
42331.62,41239.31,43888.44,44995.12
41438.12,40308.426,43284.44,43514.54
40841.39,39479.562,42665.36,42952.793
40142.2,38796.33,41960.52,42269.754
39328.56,38259.45,41399.33,41609.004
38763.72,37760.434,40435.15,40930.1
38289.98,37400.83,39908.22,40369.33
37916.34,37158.805,39643.43,39851.945
37302.61,37079.117,39188.67,39387.13
36912.59,36948.58,38855.1,38979.594
36895.82,36855.008,38537.82,38605.26
36661.02,36790.12,38312.41,38269.71
36187.33,35582.695,37920.89,37976.91
36042.93,35467.703,37616.77,38049.6
35876.64,35342.434,37619.32,37913.11
35659.83,35226.92,37610.26,37872.562
35563.51,35192.51,37631.34,37883.46
35645.23,35159.957,37749.61,37986.375
35467.23,35150.32,38052.48,38113.19
35622.94,35148.14,37796.04,38314.227
35493.84,35213.203,37941.47,38606.133
35390.0,35230.766,38602.3,39057.617
35437.23,35252.746,39052.86,39526.29
35807.51,35282.586,39602.56,40061.61
35625.67,35407.1,40141.07,40689.258
35365.94,35451.906,42233.58,41630.13
35589.83,35485.023,43516.95,42620.395
35609.54,35522.664,44922.82,43919.016
36447.62,35694.97,46629.14,45717.93
36660.79,35780.992,50398.65,48637.883
36926.8,35871.023,53212.49,50777.77
37073.53,35981.78,55116.9,52678.152
37273.59,36415.633,56269.67,54350.336
37598.32,36728.543,57844.09,55975.156
38492.62,37129.234,58996.79,57194.523
39524.56,37687.125,59837.85,58222.215
40636.2,40222.133,60638.6,59078.336
41171.73,41127.04,61598.82,60179.33
42066.01,41998.59,62234.62,60837.17
42735.69,42899.953,62553.87,61374.617
43745.47,43834.793,62775.33,61778.9
44374.43,44599.906,62688.55,61984.367
45134.7,45205.54,63274.61,62239.168
45839.65,45761.133,64052.92,62503.797
46479.76,46301.39,64272.38,62776.035
47059.2,46739.34,64569.75,62971.637
46972.45,47131.723,65039.22,63325.453
47827.91,47303.3,65471.43,63750.97
48794.61,47625.223,65774.88,64213.61
49082.91,48103.227,66105.79,64492.2
49389.52,48426.152,66413.64,64827.94
49912.73,48643.59,66304.74,65108.195
49694.02,48741.742,66382.15,65326.586
48979.87,48746.43,65489.42,65194.46
48345.66,48506.1,65230.76,65156.242
48046.69,48159.6,65183.22,65063.703
47540.51,47714.69,65399.56,64951.97
47043.19,47354.824,65285.6,64456.797
46881.24,47012.26,64984.34,64142.87
46322.45,46806.367,64974.37,63873.816
46148.0,46307.215,64186.94,63665.29
45668.95,46056.438,63985.31,63193.13
45835.43,45804.316,63992.13,62914.8
45592.56,45799.86,63785.66,62688.137
45832.75,45596.34,63299.6,62504.76
45498.95,45596.715,63104.04,62084.605
45462.28,45530.234,62617.07,61821.836
45503.91,45535.85,62304.03,61559.61
45397.9,45600.16,61632.32,61266.4
45105.38,45531.977,61187.13,60780.473
45440.58,45459.84,60697.92,60520.22
45750.17,45605.65,60097.41,60346.332
46123.96,45969.48,59977.12,60248.75
46250.48,46154.77,60262.6,60061.32
46636.3,46338.387,60143.44,60054.105
47102.4,46603.395,60445.04,60034.34
47945.57,47030.984,60628.97,60026.52
47749.62,47328.1,60338.95,59829.816
47768.02,47416.68,60087.05,59887.945
48046.45,47451.96,60391.96,59889.023
48160.98,47345.73,60463.94,59853.76
47748.65,47274.07,60401.89,59202.688
48008.39,47106.555,60050.1,58916.51
48364.56,47081.574,60299.73,58581.703
49074.43,46701.566,60541.38,58220.496
48694.31,46816.926,60691.98,57038.203
48372.73,46750.777,60329.88,56561.51
47841.48,46624.61,59302.38,56139.832
47239.11,46298.46,58341.56,55792.473
46654.84,46096.46,57349.09,55339.895
46276.56,45901.863,56192.65,55068.285
45931.97,45734.48,54900.72,54607.98
46052.38,45518.703,53824.38,53991.11
45218.9,45395.79,52987.73,52719.844
44695.24,45063.387,52313.35,51713.383
43888.44,44730.387,51130.13,50767.145
43284.44,42605.184,50128.12,49978.723
42665.36,41897.227,48737.98,48486.867
41960.52,41182.992,47797.65,47733.605
41399.33,40451.152,47061.74,46886.16
40435.15,39704.645,46485.9,46105.93
39908.22,38957.016,44773.47,45234.168
39643.43,38337.43,44377.16,44649.574
39188.67,37880.8,43885.07,44146.336
38855.1,37600.844,43494.16,43719.15
38537.82,37355.984,42981.79,43256.945
38312.41,37185.594,42377.78,42933.457
37920.89,37069.0,42251.36,42655.453
37616.77,38029.87,41997.17,42413.617
37619.32,37920.98,41463.85,42156.43
37610.26,37945.51,41168.26,42160.1
37631.34,38043.477,41555.99,42195.758
37749.61,38283.19,41854.31,42216.0
38052.48,38491.6,41814.25,42342.176
37796.04,38718.918,41856.39,42424.86
37941.47,38919.758,42121.47,42556.95
38602.3,39285.26,42277.5,42763.438
39052.86,39644.92,42824.38,43190.67
39602.56,40049.773,42918.42,43577.023
40141.07,40549.477,43577.85,44047.15
42233.58,41526.344,44337.52,44580.504
43516.95,43058.516,45717.05,45443.777
44922.82,45043.086,46693.68,46212.344
46629.14,47181.39,47757.12,47178.35
50398.65,49937.094,49686.38,48472.48
53212.49,52447.453,53236.66,51125.47
55116.9,54592.906,55398.19,53351.66
56269.67,56235.176,57042.71,55269.324
57844.09,57721.863,58121.98,56895.79
58996.79,58687.062,59424.0,58523.543
59837.85,59535.383,60208.19,59721.023
60638.6,60256.71,61403.81,60713.9
61598.82,61755.445,62046.82,61519.75
62234.62,62105.395,62820.09,62421.6
62553.87,62435.742,63314.77,62923.215
62775.33,62728.414,63493.32,63316.33
62688.55,62923.992,63312.29,63610.242
63274.61,63164.594,62884.39,63628.258
64052.92,63424.164,63105.75,63839.76
64272.38,63666.633,63421.84,64063.035
64569.75,63779.797,63589.6,64305.69
65039.22,64015.926,63383.07,64436.57
65471.43,64281.176,63675.12,64755.344
65774.88,64582.42,64215.61,65150.727
66105.79,64739.547,64718.08,65574.47
66413.64,65074.637,64965.63,65820.21
66304.74,65389.785,65712.17,66091.27
66382.15,65636.65,65979.22,66263.86
65489.42,65518.434,66163.14,66387.18
65230.76,65585.81,65688.68,66179.53
65183.22,65641.23,65706.65,66054.27
65399.56,65682.94,65821.43,65899.68
65285.6,65251.168,65683.74,65758.03
64984.34,65231.4,65597.16,65339.938
64974.37,65209.89,65255.86,65050.94
64186.94,65194.82,64775.92,64809.176
63985.31,64451.008,63996.93,64642.086
63992.13,64331.457,64096.23,64229.81
63785.66,64250.676,63788.33,63957.926
63299.6,64176.004,63067.01,63713.64
63104.04,63329.645,62577.57,63476.86
62617.07,63174.492,62418.8,63020.613
62304.03,63035.523,62062.86,62742.715
61632.32,62914.883,61173.1,62458.57
61187.13,62100.598,60559.97,62144.99
60697.92,61895.65,60760.63,61607.883
60097.41,61715.742,60254.1,61314.52
59977.12,61563.38,59761.87,61105.586
60262.6,60891.496,59697.14,60959.74
60143.44,60789.207,60395.14,60697.98
60445.04,60737.184,60311.1,60665.63
60628.97,60753.223,60428.19,60623.85
60338.95,60122.684,60513.54,60587.996
60087.05,60006.13,60682.96,60357.082
60391.96,59918.582,60548.93,60406.363
60463.94,59876.49,60530.48,60415.336
60401.89,58943.54,60694.55,60404.695
60050.1,58718.027,60685.93,59830.234
60299.73,58502.38,60330.03,59568.258
60541.38,58350.63,60616.64,59254.62
60691.98,57083.582,60981.29,58886.895
60329.88,56791.258,61257.83,57683.94
59302.38,56481.113,61039.3,57148.625
58341.56,56070.117,60333.1,56684.75
57349.09,55037.438,59459.44,56294.06
56192.65,54428.266,58426.98,55840.203
54900.72,53804.734,57310.43,55635.004
53824.38,53199.504,55980.12,55220.375
52987.73,51859.926,54951.44,54613.5
52313.35,51197.812,53895.34,53293.508
51130.13,50699.53,53016.92,52234.348
50128.12,50257.12,51651.19,51227.805
48737.98,48230.52,50453.49,50388.535
47797.65,47412.074,48812.89,48879.676
47061.74,46617.21,47812.6,48090.527
46485.9,45908.457,46861.45,47205.41
44773.47,45103.23,46011.17,46393.71
44377.16,44344.79,44850.54,45501.863
43885.07,43785.004,44363.6,44888.258
43494.16,43337.906,43977.38,44355.53
42981.79,42883.58,43335.94,43903.617
42377.78,42562.566,43147.61,43425.29
42251.36,42280.105,42982.3,43073.008
41997.17,42082.266,42702.61,42763.926
41463.85,41748.832,42629.24,42491.39
41168.26,41773.61,42654.53,42239.15
41555.99,41780.133,42841.66,42233.15
41854.31,41873.78,42953.03,42274.35
41814.25,42175.61,43001.14,42310.793
41856.39,42404.21,42781.27,42460.867
42121.47,42622.48,43001.36,42545.242
42277.5,42846.332,43035.37,42676.89
42824.38,43232.98,43083.17,42874.555
42918.42,43519.25,43326.0,43314.516
43577.85,43807.906,43839.34,43699.008
44337.52,44300.54,44317.46,44166.133
45717.05,45407.617,44995.04,44701.844
46693.68,46601.816,46021.79,45601.137
47757.12,48024.035,47192.55,46410.344
49686.38,49800.805,48517.29,47450.766
53236.66,53083.98,50500.78,48864.926
55398.19,55369.64,54236.39,51663.97
57042.71,57135.79,56878.37,53825.188
58121.98,58445.91,58544.43,55648.47
59424.0,59872.59,59599.06,57232.395
60208.19,60783.73,60592.92,58785.973
61403.81,61474.832,61553.63,59963.5
62046.82,61981.695,62391.99,60930.027
62820.09,63272.773,63090.66,61701.656
63314.77,63554.78,63849.29,62549.797
63493.32,63840.82,64186.23,63049.324
63312.29,64086.39,64598.76,63437.805
62884.39,64098.902,64574.1,63726.215
63105.75,64279.055,63321.48,63769.195
63421.84,64429.676,63495.63,63941.637
63589.6,64559.867,63944.13,64126.25
63383.07,64547.098,64367.64,64346.383
63675.12,64697.496,64086.59,64506.402
64215.61,64912.348,64588.34,64805.508
64718.08,65207.086,65152.25,65178.977
64965.63,65424.555,65078.11,65611.84
65712.17,65754.984,64521.37,65919.28
65979.22,66032.37,64597.3,66240.96
66163.14,66232.484,64896.23,66511.42
65688.68,66034.65,65069.46,66723.0
65706.65,65996.32,64907.99,66627.26
65821.43,65951.03,64874.26,66598.28
65683.74,65886.64,64947.45,66530.95
65597.16,65322.883,65396.86,66459.49
65255.86,65120.125,65408.02,66077.84
64775.92,64938.094,64808.3,65853.555
63996.93,64779.035,64758.77,65693.2
64096.23,64036.164,64238.6,65546.8
63788.33,63809.746,64055.55,65112.305
63067.01,63642.023,63715.86,64849.344
62577.57,63429.438,63388.92,64627.945
62418.8,62703.742,63436.91,64429.715
62062.86,62505.35,63748.31,63925.223
61173.1,62391.59,63467.79,63664.867
60559.97,62247.793,62744.84,63389.336
60760.63,61544.258,62165.69,63111.01
60254.1,61393.344,61858.32,62538.305
59761.87,61291.895,61582.67,62244.793
59697.14,61218.414,60951.29,62035.535
60395.14,60656.016,60937.45,61904.92
60311.1,60661.363,61424.73,61635.54
60428.19,60720.723,61459.85,61616.168
60513.54,60824.24,61631.25,61603.938
60682.96,60303.15,61624.57,61594.11
60548.93,60289.18,62387.97,61334.004
60530.48,60280.45,62594.64,61398.28
60694.55,60265.523,62508.07,61422.055
60685.93,59412.84,62803.82,61433.703
60330.03,59185.035,62542.58,60754.812
60616.64,59001.844,62213.67,60501.145
60981.29,58860.973,62455.38,60205.01
61257.83,57714.418,62494.17,59883.2
61039.3,57459.203,62687.15,58781.297
60333.1,57227.2,61692.92,58345.94
59459.44,56905.734,60665.44,57953.973
58426.98,55972.105,59711.15,57651.82
57310.43,55499.31,58422.4,57303.1
55980.12,54985.953,57466.14,57009.79
54951.44,54419.625,56270.8,56467.28
53895.34,53028.83,55245.6,55749.598
53016.92,52254.2,54335.82,54245.01
51651.19,51617.477,53286.56,53169.586
50453.49,51046.812,51865.09,52189.168
48812.89,48832.71,50870.78,51388.207
47812.6,47886.03,49538.26,49787.215
46861.45,46991.996,48545.41,49016.94
46011.17,46180.234,47726.88,48118.97
44850.54,45223.492,47554.28,47293.914
44363.6,44473.23,46846.94,46316.258
43977.38,43886.938,46333.19,45651.758
43335.94,43433.715,45969.85,45058.773
43147.61,42918.05,45798.06,44541.273
42982.3,42603.574,45069.89,43966.305
42702.61,42369.79,44476.25,43557.66
42629.24,42173.08,44180.5,43186.562
42654.53,41963.227,44294.52,42865.23
42841.66,42057.434,43995.22,42664.105
42953.03,42176.58,43762.42,42686.258
43001.14,42325.777,43729.11,42745.273
42781.27,42653.984,43827.3,42784.926
43001.36,42866.42,43677.33,42895.426
43035.37,43113.15,43420.65,42945.367
43083.17,43339.99,43207.8,43041.074
43326.0,43754.074,43291.37,43204.785
43839.34,43996.61,43657.93,43608.094
44317.46,44320.3,44099.86,43964.91
44995.04,44739.273,44359.62,44401.39
46021.79,45714.43,45175.17,44921.492
47192.55,46669.855,47346.9,45822.645
48517.29,47991.695,47916.96,46632.02
50500.78,49842.07,49301.91,47698.39
54236.39,53297.215,51052.73,49157.13
56878.37,55694.453,54135.47,52013.285
58544.43,57647.56,56704.89,54043.49
59599.06,59129.773,58449.8,55769.082
60592.92,60476.88,59645.63,57340.605
61553.63,61166.855,60896.37,59025.54
62391.99,61638.867,61731.44,60234.934
63090.66,61993.047,62491.59,61204.332
63849.29,63216.51,63095.48,61923.895
64186.23,63526.355,63878.91,62913.312
64598.76,63862.305,64545.73,63336.547
64574.1,64153.613,64968.46,63668.758
63321.48,64201.84,65021.05,63914.18
63495.63,64332.785,64482.36,64073.19
63944.13,64455.344,64799.41,64270.625
64367.64,64604.402,64986.91,64498.85
64086.59,64689.008,65228.61,64761.72
64588.34,64950.03,65583.12,65018.07
65152.25,65291.484,65897.65,65381.184
65078.11,65670.805,66251.47,65789.93
64521.37,65829.2,66631.98,66194.08
64597.3,65961.64,66797.34,66415.14
64896.23,66059.555,67016.11,66642.3
65069.46,66140.18,67676.33,66821.88
64907.99,65895.34,67661.24,66936.7
64874.26,65809.41,66844.94,66746.66
64947.45,65714.48,66599.14,66663.195
65396.86,65636.26,66466.88,66516.64
65408.02,65195.547,66349.14,66378.68
64808.3,65120.773,66333.48,65941.36
64758.77,65035.62,66342.42,65652.55
64238.6,64981.355,66044.82,65400.094
64055.55,64322.793,65585.39,65233.92
63715.86,64110.195,65297.08,64781.004
63388.92,63973.93,65377.65,64506.945
63436.91,63882.64,64922.01,64299.004
63748.31,63233.39,64816.52,64114.83
63467.79,63183.98,64892.43,63629.547
62744.84,63166.758,64341.18,63357.6
62165.69,63140.25,63957.94,63115.508
61858.32,62433.492,63498.57,62854.08
61582.67,62291.824,62933.6,62301.59
60951.29,62234.664,62525.77,62012.984
60937.45,62180.234,61847.89,61816.492
61424.73,61583.754,61934.62,61697.055
61459.85,61581.78,61637.06,61412.992
61631.25,61668.43,61608.23,61427.418
61624.57,61774.02,61401.0,61416.773
62387.97,61130.152,61439.07,61409.367
62594.64,61156.78,61623.66,61098.574
62508.07,61207.9,61291.28,61142.656
62803.82,61254.156,61446.75,61137.03
62542.58,60399.953,61765.16,61098.617
62213.67,60202.05,61898.24,60262.043
62455.38,60026.0,61568.37,60000.742
62494.17,59907.293,61738.58,59742.67
62687.15,58743.156,62287.13,59465.75
61692.92,58520.684,62821.78,58381.28
60665.44,58194.566,62294.34,57972.363
59711.15,57822.207,61484.45,57559.523
58422.4,56968.047,60597.19,57197.402
57466.14,56356.805,59575.62,56802.645
56270.8,55691.76,58572.13,56561.52
55245.6,55002.36,57470.68,56077.34
54335.82,53329.594,56439.87,55418.434
53286.56,52613.168,55681.05,53999.7
51865.09,52078.434,54342.36,52941.945
50870.78,51626.03,53264.89,51952.953
49538.26,49446.453,52412.96,51116.227
48545.41,48556.03,51833.09,49651.42
47726.88,47693.816,50700.2,48888.637
47554.28,46962.55,49734.1,48049.664
46846.94,46125.203,48987.77,47290.75
46333.19,45582.65,47483.7,46386.973
45969.85,45093.457,46560.17,45768.496
45798.06,44673.312,46245.34,45228.926
45069.89,44184.645,45942.77,44767.887
44476.25,43805.49,45430.18,44229.746
44180.5,43445.03,44980.49,43847.97
44294.52,43159.688,45052.13,43497.023
43995.22,42834.586,45155.91,43180.117
43762.42,42834.277,45008.48,42912.617
43729.11,42849.92,44770.38,42954.062
43827.3,42906.14,44939.25,43027.277
43677.33,43144.72,45199.54,43075.19
43420.65,43295.684,45477.09,43211.656
43207.8,43424.47,45340.72,43263.242
43291.37,43535.3,46055.6,43364.5
43657.93,43865.062,46118.91,43537.383
44099.86,44074.35,45877.61,43954.746
44359.62,44343.332,45902.17,44306.46
45175.17,44666.207,45970.45,44727.52
47346.9,45567.52,46792.22,45223.94
47916.96,46680.938,47936.7,46135.926
49301.91,47995.566,48634.83,46924.94
51052.73,49935.43,49909.74,47936.344
54135.47,53408.902,51445.87,49299.277
56704.89,55563.875,54800.15,52151.668
58449.8,57354.64,57524.53,54257.297
59645.63,58823.773,59400.32,56086.25
60896.37,60297.137,60412.82,57684.938
61731.44,60987.188,61714.66,59352.836
62491.59,61398.168,62506.14,60491.46
63095.48,61637.094,63196.78,61373.723
63878.91,63004.535,63628.73,62021.207
64545.73,63237.29,64542.8,63097.633
64968.46,63516.656,65018.49,63483.68
65021.05,63783.918,65333.4,63803.477
64482.36,64027.0,65731.61,64089.246
64799.41,64273.773,65714.03,64314.656
64986.91,64533.06,65798.76,64540.105
65228.61,64789.066,66184.95,64805.59
65583.12,65012.97,66574.38,65131.71
65897.65,65321.594,66372.83,65423.46
66251.47,65625.54,66272.04,65791.79
66631.98,65929.38,66613.61,66157.86
66797.34,66071.2,67228.1,66512.55
67016.11,66247.23,67641.4,66617.63
67676.33,66403.52,68167.23,66759.57
67661.24,66534.234,68512.21,66825.836
66844.94,66346.336,68527.95,66825.86
66599.14,66358.84,67612.04,66484.25
66466.88,66347.3,67255.54,66278.31
66349.14,66337.586,66842.18,66044.79
66333.48,65897.58,66408.52,65810.92
66342.42,65837.85,66108.28,65182.184
66044.82,65783.06,65544.41,64742.66
65585.39,65743.125,65444.56,64338.668
65297.08,64991.516,64611.22,63963.344
65377.65,64791.055,64395.25,63279.242
64922.01,64676.305,64126.75,62839.184
64816.52,64528.848,63097.54,62456.504
64892.43,63670.55,62711.18,62149.93
64341.18,63515.438,62981.92,61605.31
63957.94,63377.254,62310.22,61317.2
63498.57,63253.562,61985.42,61057.785
62933.6,62409.4,61484.66,60792.46
62525.77,62198.715,61512.99,60271.594
61847.89,62071.555,61195.44,60066.555
61934.62,61961.023,60380.14,59919.266
61637.06,61277.297,60333.83,59815.227
61608.23,61213.137,60656.97,59477.84
61401.0,61227.29,60392.74,59433.387
61439.07,61264.434,60608.93,59378.043
61623.66,60564.273,60545.41,59316.258
61291.28,60547.797,60337.81,58961.953
61446.75,60511.355,60116.62,58970.566
61765.16,60487.63,59791.51,58912.01
61898.24,59487.324,59795.11,58812.836
61568.37,59368.86,59836.44,57955.688
61738.58,59274.797,59551.98,57676.0
62287.13,59209.76,59867.22,57329.875
62821.78,58185.004,60316.15,56928.87
62294.34,58113.504,60361.69,55907.285
61484.45,57959.84,59523.54,55525.52
60597.19,57727.445,58596.97,55164.184
59575.62,56825.16,57248.75,54839.11
58572.13,56496.324,55504.79,54470.234
57470.68,56152.03,54460.95,54160.47
56439.87,55742.09,53312.17,53658.805
55681.05,54407.926,52283.73,53030.953
54342.36,53502.29,51544.01,51761.594
53264.89,52649.273,50550.43,50848.32
52412.96,51929.484,49476.75,49971.637
51833.09,49661.03,48791.34,49219.066
50700.2,48891.75,47718.45,47833.7
49734.1,48099.773,46521.8,47107.27
48987.77,47426.19,45718.96,46265.88
47483.7,46573.934,45210.82,45483.703
46560.17,45956.742,44140.29,44588.973
46245.34,45398.688,43723.57,43921.715
45942.77,44981.375,43336.56,43317.484
45430.18,44483.57,42534.92,42793.527
44980.49,44151.234,42033.01,42261.523
45052.13,43851.246,41265.94,41855.92
45155.91,43652.75,40908.44,41501.64
45008.48,43209.883,40728.14,41196.734
44770.38,43231.53,40196.39,40285.71
44939.25,43297.316,40158.51,40454.5
45199.54,43430.477,40067.02,40515.07
45477.09,43761.39,39859.89,40494.977
45340.72,44015.117,40024.56,40545.562
46055.6,44236.22,39967.38,40546.727
46118.91,44516.21,39602.15,40584.023
45877.61,44974.652,39560.01,40638.902
45902.17,45182.31,39742.1,40804.19
45970.45,45392.695,39673.12,40880.055
46792.22,45632.594,39670.24,40966.03
47936.7,46404.477,39969.5,41073.977
48634.83,47078.344,40418.69,41317.95
49909.74,47931.902,40446.22,41473.473
51445.87,49127.68,40504.69,41660.992
54800.15,51999.74,40985.68,41891.047
57524.53,54291.324,42315.65,42342.92
59400.32,56337.98,43365.68,42740.375
60412.82,57997.23,43460.06,43251.42
61714.66,59822.945,43612.06,43886.18
62506.14,60722.625,44928.51,44927.844
63196.78,61302.895,45694.73,45866.797
63628.73,61672.332,46777.84,46805.95
64542.8,63559.875,47520.38,47675.977
65018.49,63763.953,48620.3,48908.01
65333.4,64057.96,49430.52,49637.984
65731.61,64365.29,50197.32,50427.23
65714.03,64698.656,50559.74,51208.848
65798.76,64963.664,50734.98,51894.555
66184.95,65253.168,51100.14,52504.867
66574.38,65583.84,51938.24,53020.918
66372.83,65878.0,52552.06,53444.72
66272.04,66180.46,52505.31,53794.28
66613.61,66421.06,52925.46,54055.32
67228.1,66643.08,53399.68,54273.656
67641.4,66657.43,53728.13,54478.184
68167.23,66770.305,54341.52,54673.59
68512.21,66851.805,54563.05,54837.344
68527.95,66897.68,54622.41,54947.48
67612.04,66622.92,54597.47,54974.215
67255.54,66601.71,53985.2,54775.01
66842.18,66582.266,53420.82,54502.94
66408.52,66534.82,53060.48,54148.523
66108.28,65947.06,52312.57,53751.535
65544.41,65799.67,52010.99,53125.605
65444.56,65629.74,51426.51,52574.234
64611.22,65436.734,50799.83,52053.586
64395.25,64498.934,50096.77,51583.254
64126.75,64169.42,49769.07,50964.145
63097.54,63877.15,49257.01,50525.273
62711.18,63538.945,48774.54,50187.996
62981.92,62586.6,48677.66,49929.926
62310.22,62303.633,48458.69,49588.945
61985.42,62083.43,48605.79,49374.12
61484.66,61934.65,48346.52,49185.055
61512.99,61128.504,48181.26,49018.227
61195.44,60967.785,48469.19,48855.78
60380.14,60878.67,48582.72,48803.992
60333.83,60775.637,48440.54,48839.75
60656.97,60073.035,48354.88,48927.535
60392.74,59994.383,49248.83,49083.906
60608.93,59973.426,49677.81,49269.79
60545.41,60022.945,49869.43,49478.03
60337.81,59350.04,49981.48,49716.953
60116.62,59258.992,50297.72,49926.87
59791.51,59180.934,50092.29,50144.9
59795.11,59094.707,49943.9,50268.84
59836.44,58074.84,49678.95,50282.39
59551.98,57861.32,49643.78,49790.754
59867.22,57687.875,49726.57,49489.39
60316.15,57567.777,49993.37,49139.387
60361.69,56574.668,50484.61,48785.99
59523.54,56400.355,51105.27,48152.24
58596.97,56158.754,50508.7,47838.92
57248.75,55861.055,49635.16,47537.734
55504.79,55101.684,49153.31,47272.504
54460.95,54701.793,48308.12,47342.44
53312.17,54290.047,47680.11,47190.6
52283.73,53807.484,46627.46,46910.0
51544.01,52347.934,46349.17,46562.336
50550.43,51555.766,45944.15,46008.195
49476.75,50830.11,45353.52,45449.344
48791.34,50143.25,44350.16,44859.062
47718.45,48077.586,43831.18,44310.387
46521.8,47246.742,43004.37,42988.438
45718.96,46388.312,42261.96,42314.91
45210.82,45628.242,41159.33,41519.105
44140.29,44792.203,40745.6,40734.273
43723.57,44157.613,39665.03,39951.258
43336.56,43685.633,39239.89,39316.582
42534.92,43336.164,38715.05,38769.883
42033.01,42926.223,38254.69,38316.867
41265.94,42659.242,37567.03,37962.656
40908.44,42397.59,37223.62,37670.8
40728.14,42180.42,36993.5,37445.125
40196.39,40788.164,37173.02,37276.113
40158.51,40795.6,36949.28,36856.71
40067.02,40730.383,36798.64,36642.617
39859.89,40575.5,36442.45,36501.46
40024.56,40464.312,36548.58,36387.414
39967.38,40343.867,36431.88,36347.965
39602.15,40286.21,36219.49,36271.613
39560.01,40237.332,36198.61,36219.977
39742.1,40299.094,36272.74,36191.54
39673.12,40305.45,36145.81,36246.582
39670.24,40344.91,35946.46,36250.15
39969.5,40451.562,36135.67,36257.195
40418.69,40808.766,36217.12,36269.637
40446.22,41105.188,36744.62,36351.39
40504.69,41369.027,36694.15,36358.85
40985.68,41603.258,36732.51,36367.047
42315.65,42188.65,36952.97,36383.12
43365.68,42761.484,37436.18,36513.375
43460.06,43465.215,37521.61,36585.188
43612.06,44046.062,37568.68,36726.586
44928.51,44950.82,37483.4,36980.91
45694.73,45890.8,38129.73,37629.445
46777.84,46904.305,38818.8,38306.492
47520.38,48032.92,39717.3,39134.086
48620.3,49693.773,40799.11,39947.234
49430.52,50475.598,41557.64,41620.777
50197.32,51159.043,42264.69,42420.69
50559.74,51699.504,43478.97,43305.258
50734.98,52024.203,44124.37,44182.363
51100.14,52228.383,44575.82,45164.97
51938.24,52390.05,44923.45,45841.98
52552.06,52654.26,45432.43,46469.4
52505.31,52965.55,46082.54,47072.758
52925.46,53158.33,46073.45,47861.117
53399.68,53358.223,46664.73,48414.457
53728.13,53544.617,47442.62,48943.977
54341.52,53674.855,47953.46,49485.785
54563.05,53743.86,48271.47,50224.918
54622.41,53719.86,48326.01,50732.81
54597.47,53620.54,48588.94,51153.902
53985.2,53418.027,48873.66,51440.47
53420.82,53163.1,48797.57,51497.523
53060.48,52860.844,48274.84,51279.402
52312.57,52561.324,48088.99,50934.97
52010.99,52041.305,47754.88,50504.816
51426.51,51652.973,47409.45,49833.082
50799.83,51232.35,47156.57,49234.766
50096.77,50757.41,46448.49,48684.047
49769.07,50073.11,45566.21,48193.37
49257.01,49583.605,45318.08,47539.68
48774.54,49122.11,45158.59,47141.375
48677.66,48689.113,45255.59,46787.504
48458.69,48363.934,44664.03,46523.242
48605.79,48116.465,44366.3,46063.336
48346.52,48131.082,44055.61,45893.98
48181.26,48068.242,44236.53,45754.188
48469.19,47992.73,44042.63,45611.816
48582.72,48069.406,44497.02,45404.68
48440.54,48224.16,44680.88,45438.39
48354.88,48289.633,45013.41,45547.035
49248.83,48357.71,45222.22,45686.22
49677.81,48757.69,46041.48,45917.324
49869.43,49225.41,46396.23,46265.47
49981.48,49623.4,46690.9,46641.45
50297.72,49755.78,46905.2,47034.53
50092.29,49858.164,48290.49,47435.355
49943.9,49809.594,48537.61,47888.57
49678.95,49680.723,48815.43,48219.246
49643.78,48953.734,49034.66,48438.3
49726.57,48548.54,49117.06,48008.73
49993.37,48376.54,48916.15,48020.977
50484.61,48337.906,49405.68,47972.355
51105.27,47871.72,50104.51,47914.81
50508.7,47879.414,50767.78,47540.492
49635.16,47732.992,50557.75,47568.496
49153.31,47452.617,49758.84,47578.676
48308.12,47160.312,48722.31,47604.47
47680.11,46846.523,48052.74,47939.33
46627.46,46567.312,47511.77,48035.22
46349.17,46166.305,47419.35,47977.8
45944.15,45697.633,47210.52,47826.062
45353.52,45289.38,46785.98,47393.95
44350.16,44847.125,45986.98,46950.133
43831.18,44227.51,45088.19,46449.8
43004.37,42211.32,44436.96,45972.04
42261.96,41355.93,43425.53,44516.523
41159.33,40639.016,42448.69,43887.273
40745.6,39934.434,42027.23,43176.402
39665.03,39381.297,41478.53,42511.79
39239.89,38819.707,40495.14,41783.39
38715.05,38397.875,40057.0,41238.43
38254.69,38089.566,39693.1,40737.516
37567.03,37941.883,39333.99,40284.2
37223.62,37773.22,38841.18,39844.625
36993.5,37658.855,38404.3,39471.273
37173.02,37576.953,38544.2,39130.598
36949.28,36450.82,38559.1,38832.395
36798.64,36354.816,38360.09,39156.516
36442.45,36234.164,38090.67,39013.9
36548.58,36090.984,38062.03,38987.61
36431.88,36052.047,38126.08,39022.152
36219.49,36008.527,38165.2,39131.73
36198.61,35985.47,38116.11,39278.926
36272.74,35980.57,38191.04,39497.938
36145.81,36053.906,38442.99,39799.914
35946.46,36065.85,39372.92,40247.89
36135.67,36082.766,39559.71,40730.64
36217.12,36124.273,40260.53,41289.492
36744.62,36268.12,41252.44,41938.08
36694.15,36351.953,42747.7,42885.42
36732.51,36426.68,43554.21,43884.344
36952.97,36499.598,45285.22,45197.05
37436.18,36735.555,47412.47,47019.21
37521.61,36848.97,51392.67,50042.9
37568.68,36959.47,53827.53,52237.867
37483.4,37071.44,55781.58,54151.207
38129.73,37502.258,57033.4,55820.83
38818.8,37923.734,58905.25,57480.54
39717.3,38640.17,59763.04,58689.133
40799.11,39532.77,60459.92,59672.324
41557.64,42103.438,61534.3,60482.29
42264.69,42932.383,62422.85,61451.67
43478.97,43736.984,62312.59,61987.047
44124.37,44594.75,62755.28,62401.445
44575.82,45368.055,62967.82,62710.86
44923.45,45844.03,62518.89,62912.426
45432.43,46232.523,62756.57,63152.066
46082.54,46615.27,62976.25,63413.605
46073.45,47083.062,63307.67,63707.668
46664.73,47284.75,63443.83,63989.902
47442.62,47599.74,63666.95,64389.79
47953.46,48072.88,64177.84,64852.098
48271.47,48538.01,64614.16,65302.598
48326.01,48838.62,64762.64,65540.57
48588.94,48954.82,65217.76,65775.1
48873.66,49080.03,65468.34,65936.95
48797.57,49109.31,65599.48,66035.16
48274.84,48990.836,65521.17,65826.984
48088.99,48636.875,65180.1,65668.68
47754.88,48354.69,65211.16,65485.973
47409.45,47884.766,65236.37,65342.68
47156.57,47541.027,65196.73,64923.906
46448.49,47296.91,64833.91,64644.895
45566.21,46880.797,64671.42,64431.152
45318.08,46161.285,64183.02,64252.418
45158.59,45851.35,63943.56,63832.305
45255.59,45636.03,64225.12,63589.875
44664.03,45595.62,63867.2,63393.46
44366.3,45113.3,63500.54,63225.85
44055.61,44968.453,63465.73,62790.867
44236.53,44864.94,63175.3,62532.11
44042.63,44884.508,63129.39,62254.875
44497.02,44696.008,62775.61,61939.406
44680.88,44869.133,62533.53,61418.0
45013.41,45106.426,62029.0,61168.414
45222.22,45390.97,61729.91,61011.242
46041.48,45699.535,61602.49,60927.82
46396.23,46215.105,61711.4,60693.48
46690.9,46716.754,61595.83,60690.207
46905.2,47178.266,61576.14,60666.562
48290.49,47619.73,61547.38,60663.258
48537.61,48298.0,61509.34,60381.94
48815.43,48674.84,61338.17,60414.895
49034.66,48905.223,61509.04,60385.574
49117.06,48685.332,61725.23,60321.723
48916.15,48613.92,61718.74,59605.86
49405.68,48502.418,61704.73,59385.22
50104.51,48546.14,62180.8,59108.387
50767.78,48167.78,62440.24,58804.81
50557.75,48258.96,61770.19,57742.49
49758.84,48221.47,60743.26,57358.973
48722.31,48029.273,59977.9,57006.387
48052.74,47448.96,59125.71,56707.926
47511.77,47224.605,57917.73,56323.414
47419.35,47055.15,57013.55,56001.164
47210.52,46958.543,55827.43,55458.773
46785.98,46827.0,54806.81,54764.996
45986.98,46599.438,53355.5,53353.418
45088.19,46248.176,52373.66,52331.438
44436.96,45799.67,51402.64,51403.766
43425.53,43762.137,50399.86,50654.12
42448.69,42969.6,49198.82,49247.168
42027.23,42142.117,48213.03,48533.344
41478.53,41438.68,47418.92,47726.047
40495.14,40673.105,46782.2,46969.523
40057.0,39956.812,46300.71,46106.58
39693.1,39369.85,45961.26,45518.848
39333.99,38901.5,45525.44,45033.957
38841.18,38556.01,45084.47,44638.035
38404.3,38248.195,44561.67,44174.74
38544.2,38013.65,44254.27,43862.793
38559.1,37866.24,43703.48,43561.996
38360.09,38758.523,43400.68,43296.574
38090.67,38622.008,42998.09,42915.44
38062.03,38609.68,42743.08,42890.18
38126.08,38675.58,42654.07,42891.43
38165.2,38877.113,42768.8,42880.047
38116.11,39067.973,42637.93,42977.207
38191.04,39251.8,42850.73,43031.594
38442.99,39441.332,42924.43,43149.953
39372.92,39782.266,43292.87,43329.902
39559.71,40182.453,43343.53,43736.703
40260.53,40606.008,43436.47,44112.695
41252.44,41166.984,44036.61,44570.34
42747.7,42361.477,44686.54,45111.703
43554.21,43922.547,46076.77,45988.242
45285.22,45696.402,46629.42,46780.484
47412.47,47844.63,48301.34,47775.883
51392.67,50712.3,50064.82,49100.934
53827.53,53232.977,54041.93,51675.633
55781.58,55197.996,56348.82,53833.59
57033.4,56667.25,58145.7,55694.316
58905.25,58077.797,59159.22,57310.168
59763.04,58975.652,61044.24,58978.344
60459.92,59751.03,61822.41,60207.227
61534.3,60481.324,62235.56,61188.82
62422.85,61908.01,62922.08,61952.184
62312.59,62311.113,63572.05,63041.047
62755.28,62680.9,64256.75,63592.55
62967.82,63033.76,64563.41,64053.094
62518.89,63289.58,64352.57,64364.574
62756.57,63511.86,64045.9,64495.242
62976.25,63734.094,64108.5,64772.195
63307.67,63939.1,64344.09,65043.906
63443.83,64092.51,64589.38,65347.47
63666.95,64384.453,64466.29,65571.51
64177.84,64751.938,65028.48,66049.234
64614.16,65126.72,65250.76,66580.305
64762.64,65264.438,66144.12,67165.76
65217.76,65435.64,66371.42,67425.86
65468.34,65574.26,67301.65,67741.76
65599.48,65674.31,67638.45,67976.21
65521.17,65456.477,67939.43,68161.01
65180.1,65456.027,66251.56,67964.09
65211.16,65429.715,65927.33,67892.79
65236.37,65441.883,66157.46,67803.42
65196.73,64971.71,65825.75,67711.4
64833.91,64904.14,66215.23,67234.4
64671.42,64849.33,65496.75,66961.47
64183.02,64783.375,64907.71,66711.93
63943.56,64083.285,64376.94,66550.58
64225.12,63936.938,64316.36,66071.93
63867.2,63907.605,63867.07,65797.945
63500.54,63862.15,63854.33,65579.01
63465.73,63134.68,63521.69,65391.87
63175.3,63035.01,63930.37,64929.18
63129.39,62978.543,63080.05,64653.734
62775.61,62974.156,62972.14,64382.242
62533.53,62292.01,62682.17,64075.523
62029.0,62204.332,62736.06,63532.1
61729.91,62127.367,62300.46,63222.266
61602.49,62088.324,61596.79,63002.715
61711.4,61409.688,61604.66,62869.24
61595.83,61316.85,61895.34,62614.86
61576.14,61259.164,61722.55,62556.996
61547.38,61235.938,61771.8,62526.297
61509.34,60491.957,61496.54,62483.12
61338.17,60370.938,61360.23,62273.105
61509.04,60262.523,61403.03,62295.84
61725.23,60194.355,61702.65,62273.05
61718.74,59248.59,61385.99,62212.78
61704.73,59071.348,61892.67,61656.375
62180.8,58929.47,62080.55,61475.254
62440.24,58866.008,62805.04,61212.46
61770.19,57792.15,63448.18,60910.12
60743.26,57509.38,63790.3,59929.94
59977.9,57148.953,62772.52,59520.26
59125.71,56777.64,61703.96,59141.844
57917.73,55801.543,60895.57,58811.254
57013.55,55166.74,59261.58,58347.316
55827.43,54561.957,58216.22,57972.05
54806.81,53973.12,57236.27,57389.758
53355.5,52552.13,55805.2,56612.598
52373.66,51860.08,54395.65,55083.3
51402.64,51309.61,53053.19,54018.73
50399.86,50848.59,52024.35,53069.14
49198.82,48886.926,51079.93,52279.88
48213.03,48142.75,49425.17,50596.01
47418.92,47384.78,48368.06,49854.863
46782.2,46675.332,47473.77,49000.07
46300.71,45820.93,46903.52,48207.008
45961.26,45248.773,45569.67,47342.25
45525.44,44800.133,45016.89,46737.777
45084.47,44419.57,44535.46,46199.457
44561.67,43947.28,44335.78,45756.625
44254.27,43626.934,43679.53,45276.05
43703.48,43357.1,43274.67,44897.508
43400.68,43103.42,42855.35,44550.164
42998.09,42587.27,42664.06,44236.695
42743.08,42632.023,42463.94,44048.98
42654.07,42654.29,42176.61,43987.26
42768.8,42695.562,42007.52,43975.535
42637.93,42931.586,41970.69,43961.27
42850.73,43101.957,42293.88,44101.03
42924.43,43313.156,42448.84,44168.203
43292.87,43493.844,42307.95,44285.473
43343.53,43877.188,42484.37,44476.727
43436.47,44060.86,43121.22,44912.42
44036.61,44242.17,43326.57,45271.766
44686.54,44598.46,43652.48,45711.586
46076.77,45463.887,44060.18,46212.477
46629.42,46410.62,45820.12,47120.14
48301.34,47387.12,46679.46,47932.395
50064.82,48828.316,48085.83,49008.78
54041.93,51829.9,49989.4,50432.46
56348.82,54370.64,54264.45,53131.89
58145.7,56421.6,56927.74,55201.08
59159.22,57969.957,58747.14,56958.18
61044.24,59608.33,60218.35,58477.21
61822.41,60667.234,61444.31,59967.984
62235.56,61419.54,62184.49,61073.918
62922.08,61896.535,62544.03,61913.805
63572.05,63385.52,63448.8,62600.12
64256.75,63746.67,63722.66,63405.203
64563.41,64111.4,64308.65,63875.258
64352.57,64416.457,64410.03,64238.285
64045.9,64609.86,64387.5,64538.457
64108.5,64909.793,63376.88,64486.85
64344.09,65165.88,63601.86,64694.08
64589.38,65403.207,63932.32,64903.516
64466.29,65508.766,64627.37,65140.254
65028.48,65810.44,64096.95,65135.773
65250.76,66148.32,64202.0,65425.91
66144.12,66570.36,64258.49,65774.74
66371.42,66782.98,64867.13,66150.516
67301.65,67146.64,65067.81,66309.4
67638.45,67482.16,64978.42,66578.625
67939.43,67753.65,65478.0,66863.24
66251.56,67593.055,65409.38,67050.41
65927.33,67600.59,64609.65,66848.01
66157.46,67605.41,64575.55,66758.74
65825.75,67606.96,64149.93,66606.58
66215.23,67048.664,63891.43,66479.18
65496.75,66969.7,64147.01,65987.49
64907.71,66842.25,63951.77,65654.04
64376.94,66735.36,64151.63,65444.664
64316.36,65973.33,63731.06,65272.246
63867.07,65801.81,63417.42,64812.508
63854.33,65687.95,63174.39,64524.168
63521.69,65634.01,62515.28,64245.625
63930.37,64938.29,62095.08,64026.426
63080.05,64863.953,61881.35,63535.668
62972.14,64772.508,61625.54,63233.906
62682.17,64700.805,61147.74,62973.195
62736.06,64003.023,60445.59,62677.414
62300.46,63922.152,60850.0,62169.85
61596.79,63897.023,60631.57,61868.742
61604.66,63861.598,60105.29,61629.68
61895.34,63250.12,59955.91,61473.86
61722.55,63183.258,60767.2,61210.43
61771.8,63207.316,61160.04,61210.93
61496.54,63215.734,60962.82,61171.1
61360.23,62517.406,60958.39,61150.15
61403.03,62349.35,60883.5,60975.824
61702.65,62215.08,60537.19,61019.58
61385.99,62095.297,60620.12,61024.39
61892.67,61127.824,60776.21,61007.992
62080.55,60982.52,60515.35,60483.645
62805.04,60881.246,60583.59,60297.703
63448.18,60844.266,61727.66,60061.203
63790.3,59914.73,62364.1,59761.24
62772.52,59718.227,61875.14,58765.742
61703.96,59419.43,60961.98,58386.594
60895.57,59042.36,59978.81,58057.906
59261.58,58043.914,58805.36,57762.547
58216.22,57279.34,57612.4,57432.754
57236.27,56500.68,56094.93,57085.5
55805.2,55713.633,55055.35,56475.03
54395.65,54020.223,54205.73,55679.06
53053.19,53191.492,53180.23,54153.94
52024.35,52553.12,52073.26,53102.227
51079.93,52047.375,50857.62,52149.336
49425.17,49842.19,49932.44,51368.05
48368.06,48876.17,49442.73,49886.117
47473.77,47891.93,48834.94,49142.926
46903.52,47019.28,47960.74,48292.312
45569.67,46116.117,47119.14,47499.21
45016.89,45356.547,45801.76,46634.51
44535.46,44749.918,45556.34,46014.406
44335.78,44295.992,45096.56,45471.75
43679.53,43869.25,44511.35,45005.906
43274.67,43530.164,43445.37,44490.918
42855.35,43250.29,42954.87,44107.29
42664.06,43007.438,42755.61,43758.63
42463.94,42952.758,42510.93,43451.11
42176.61,42916.688,42286.04,43465.58
42007.52,42890.86,42064.39,43437.42
41970.69,42888.25,42391.8,43450.15
42293.88,43112.906,42215.19,43453.375
42448.84,43335.06,42882.56,43627.848
42307.95,43561.297,42961.09,43703.03
42484.37,43721.977,42981.88,43831.47
43121.22,44080.52,43028.36,44022.125
43326.57,44363.08,43332.59,44495.36
43652.48,44668.977,43507.45,44853.336
44060.18,45054.094,43848.12,45284.37
45820.12,45970.42,44918.92,45781.734
46679.46,47165.84,46409.42,46693.184
48085.83,48547.527,47678.76,47460.17
49989.4,50289.816,48591.12,48452.37
54264.45,53329.516,50159.34,49784.535
56927.74,55570.94,54329.57,52406.746
58747.14,57428.293,56947.16,54383.84
60218.35,58880.188,58745.77,56101.375
61444.31,60343.38,59908.94,57613.664
62184.49,61268.277,60224.36,59168.76
62544.03,61895.516,60729.86,60317.766
63448.8,62353.656,61293.62,61223.49
63722.66,63569.83,62032.8,61948.43
64308.65,63869.324,63091.76,62646.12
64410.03,64148.53,63484.47,63134.965
64387.5,64387.195,63574.45,63503.914
63376.88,64306.82,63675.1,63750.17
63601.86,64420.41,62700.31,63631.086
63932.32,64502.9,63413.96,63775.58
64627.37,64580.824,63939.09,63919.35
64096.95,64433.258,63922.75,64060.875
64202.0,64509.984,63542.18,63978.21
64258.49,64631.117,63812.49,64131.99
64867.13,64775.418,64149.69,64343.72
65067.81,64805.27,64788.39,64610.137
64978.42,64997.496,65798.87,64715.156
65478.0,65232.203,66308.96,64966.617
65409.38,65408.285,66715.11,65211.67
64609.65,65115.87,67095.55,65397.812
64575.55,64875.13,65888.33,65189.496
64149.93,64648.867,65891.56,65049.582
63891.43,64431.08,65529.72,64860.863
64147.01,63796.938,65359.15,64669.016
63951.77,63524.64,64700.18,64178.785
64151.63,63381.953,64565.64,63855.516
63731.06,63313.297,64096.48,63584.18
63417.42,62742.35,63331.56,63344.887
63174.39,62517.793,63159.24,62848.664
62515.28,62366.47,63264.72,62521.918
62095.08,62254.906,62995.41,62221.867
61881.35,61655.992,62648.59,61949.04
61625.54,61471.15,62885.36,61449.887
61147.74,61405.32,62364.5,61162.81
60445.59,61328.96,61741.08,60891.965
60850.0,60756.535,61134.35,60608.08
60631.57,60655.94,60914.17,60102.797
60105.29,60595.37,60677.07,59869.68
59955.91,60571.715,60306.78,59718.86
60767.2,60069.62,60124.62,59609.086
61160.04,60151.586,60149.9,59358.125
60962.82,60295.22,59623.2,59361.35
60958.39,60445.21,59597.32,59361.086
60883.5,60056.32,59813.48,59375.348
60537.19,60027.223,59718.7,59243.664
60620.12,60027.08,59533.64,59392.668
60776.21,60057.23,59708.34,59494.637
60515.35,59295.062,60177.69,59569.92
60583.59,59065.562,60791.11,59252.47
61727.66,58868.914,60975.59,59124.473
62364.1,58798.805,61768.01,58936.688
61875.14,57855.934,62593.25,58704.383
60961.98,57578.2,62487.11,57854.066
59978.81,57255.516,61652.41,57517.28
58805.36,56860.98,60390.69,57200.566
57612.4,56060.53,59320.22,56922.676
56094.93,55424.82,57856.48,56623.246
55055.35,54754.688,56821.3,56344.31
54205.73,54119.633,55843.21,55805.023
53180.23,52487.57,54810.08,55088.13
52073.26,51833.26,54280.51,53710.902
50857.62,51281.66,53366.43,52697.38
49932.44,50759.84,52252.21,51733.867
49442.73,48710.85,51295.63,50913.016
48834.94,47947.82,50100.18,49430.383
47960.74,47231.06,49233.62,48668.375
47119.14,46537.06,48558.04,47809.203
45801.76,45680.285,47828.04,47020.953
45556.34,44939.523,46520.54,46149.535
45096.56,44386.83,45950.47,45517.914
44511.35,43934.86,45424.82,44957.18
43445.37,43426.203,45149.29,44469.977
42954.87,43000.21,45131.84,43953.613
42755.61,42664.902,44964.38,43562.543
42510.93,42423.17,44712.21,43212.184
42286.04,42467.547,44404.25,42903.438
42064.39,42475.734,43991.93,42882.68
42391.8,42486.27,44192.91,42862.973
42215.19,42573.176,44190.46,42893.855
42882.56,42850.914,44280.41,42920.703
42961.09,43136.367,44402.64,43096.26
42981.88,43401.363,44512.22,43189.418
43028.36,43617.914,44652.07,43334.883
43332.59,44040.188,44857.64,43543.2
43507.45,44262.484,45347.95,44007.207
43848.12,44514.305,45778.38,44372.023
44918.92,44891.727,46112.29,44794.145
46409.42,46052.418,46661.49,45266.285
47678.76,47365.434,47940.86,46151.496
48591.12,49021.6,48824.24,46899.38
50159.34,50866.926,50049.1,47888.816
54329.57,53747.03,51670.62,49239.777
56947.16,55809.652,54541.96,51902.41
58745.77,57563.547,56612.79,53786.1
59908.94,58950.92,58531.55,55464.19
60224.36,60324.418,59601.67,56961.344
60729.86,61069.617,59748.33,58502.05
61293.62,61552.56,60546.05,59589.156
62032.8,61899.547,61144.95,60461.6
63091.76,62915.43,61845.91,61171.105
63484.47,63153.082,62757.13,61818.92
63574.45,63395.875,63245.25,62345.344
63675.1,63571.48,63504.16,62773.773
62700.31,63419.617,63506.26,63091.69
63413.96,63480.305,62819.24,63044.297
63939.09,63534.6,63074.77,63243.047
63922.75,63569.023,63424.64,63433.586
63542.18,63348.516,63843.29,63619.656
63812.49,63368.3,63875.58,63532.746
64149.69,63476.863,64189.54,63724.527
64788.39,63669.703,64138.1,63976.383
65798.87,63725.63,64805.08,64256.242
66308.96,64044.24,65700.57,64334.727
66715.11,64343.637,66068.01,64523.887
67095.55,64561.258,65887.45,64667.38
65888.33,64324.297,66025.16,64745.715
65891.56,64180.33,64786.5,64439.14
65529.72,64038.848,64100.17,64188.62
65359.15,63843.2,63759.59,63906.92
64700.18,63194.582,63352.78,63634.223
64565.64,62882.02,62968.05,63045.63
64096.48,62654.1,62072.76,62608.215
63331.56,62434.88,61358.65,62233.227
63159.24,61741.28,60945.24,61912.4
63264.72,61497.484,60366.97,61332.637
62995.41,61360.445,60081.65,60957.46
62648.59,61263.676,59605.1,60635.203
62885.36,60678.035,59251.67,60374.586
62364.5,60590.25,58620.59,59931.49
61741.08,60533.0,58612.07,59694.746
61134.35,60482.195,57657.95,59432.65
60914.17,59898.047,57045.95,59148.723
60677.07,59792.64,57344.42,58707.35
60306.78,59753.52,57285.75,58561.566
60124.62,59727.277,57167.52,58466.227
60149.9,59216.555,57484.8,58384.65
59623.2,59169.465,58265.86,58100.805
59597.32,59165.312,58187.4,58097.19
59813.48,59215.496,58267.0,58075.008
59718.7,58756.68,58186.84,58055.0
59533.64,58726.363,58211.24,57830.164
59708.34,58716.234,57967.74,57941.586
60177.69,58742.254,57933.29,57988.645
60791.11,58152.203,58038.26,57970.582
60975.59,58081.188,58413.75,57377.684
61768.01,58043.527,58419.68,57187.43
62593.25,58089.83,59230.02,56886.992
62487.11,57349.914,59776.76,56521.543
61652.41,57217.316,59270.11,55618.145
60390.69,56976.83,58210.52,55261.28
59320.22,56623.344,57088.72,54920.617
57856.48,55903.023,56438.16,54606.61
56821.3,55457.344,55301.63,54196.652
55843.21,54983.676,54461.71,53827.82
54810.08,54473.77,53345.79,53281.79
54280.51,52893.53,52390.95,52636.043
53366.43,52132.523,51707.24,51402.7
52252.21,51503.566,51060.95,50501.69
51295.63,50962.414,50045.11,49643.36
50100.18,48838.973,48956.93,48917.94
49233.62,48060.06,47948.83,47576.586
48558.04,47315.86,46979.84,46852.125
47828.04,46660.438,46469.28,46012.84
46520.54,45826.168,46082.06,45215.652
45950.47,45122.453,44711.94,44323.59
45424.82,44521.117,43999.1,43657.84
45149.29,44012.246,43258.22,43062.25
45131.84,43511.94,42705.56,42551.348
44964.38,43223.426,42402.71,42050.062
44712.21,42991.473,41798.01,41668.6
44404.25,42788.38,41242.55,41340.016
43991.93,42672.457,41158.96,41060.58
44192.91,42716.41,40930.46,40385.746
44190.46,42839.273,40690.57,40505.75
44280.41,42992.086,40472.01,40511.566
44402.64,43335.527,40555.28,40449.367
44512.22,43586.367,40678.98,40469.727
44652.07,43832.984,40537.31,40447.57
44857.64,44067.055,40716.97,40464.785
45347.95,44503.29,40652.28,40511.85
45778.38,44804.47,40827.8,40703.668
46112.29,45145.12,40837.51,40820.95
46661.49,45527.723,41032.05,40962.332
47940.86,46411.977,41217.94,41123.195
48824.24,47328.996,41776.99,41447.766
50049.1,48545.32,41672.2,41654.05
51670.62,50195.312,41817.22,41857.746
54541.96,53320.992,42090.91,42063.914
56612.79,55371.16,43255.98,42474.594
58531.55,57117.7,43807.24,42798.64
59601.67,58579.9,44222.01,43219.215
59748.33,60018.83,44509.28,43750.64
60546.05,60681.02,45705.91,44656.883
61144.95,61135.46,46234.91,45514.78
61845.91,61494.695,47352.24,46456.785
62757.13,62717.586,48481.66,47372.15
63245.25,62933.137,49493.71,48505.684
63504.16,63220.68,50110.86,49275.86
63506.26,63461.375,50476.64,50109.0
62819.24,63390.61,51396.67,50951.83
63074.77,63499.766,51111.98,51600.527
63424.64,63576.312,51560.88,52273.66
63843.29,63642.266,52206.21,52853.43
63875.58,63432.434,52869.33,53332.562
64189.54,63535.816,53133.39,53564.473
64138.1,63720.004,53593.14,53850.594
64805.08,63914.68,53571.81,54075.766
65700.57,63910.08,54114.36,54261.316
66068.01,64114.207,54059.87,54386.0
65887.45,64252.22,54315.77,54534.2
66025.16,64275.043,54467.52,54657.168
64786.5,63892.355,54636.15,54719.39
64100.17,63633.547,53771.61,54562.11
63759.59,63318.402,53468.61,54311.336
63352.78,62993.73,53227.17,53956.133
62968.05,62273.434,52734.92,53533.973
62072.76,61942.29,52584.71,52883.035
61358.65,61625.734,52291.13,52280.562
60945.24,61346.26,51924.05,51702.355
60366.97,60700.4,51431.48,51176.5
60081.65,60460.41,50667.08,50558.996
59605.1,60278.707,50513.81,50083.734
59251.67,60152.48,50333.28,49719.605
58620.59,59577.344,49739.94,49447.594
58612.07,59432.586,49837.27,49156.496
57657.95,59333.18,49606.71,48951.418
57045.95,59210.37,49235.65,48778.438
57344.42,58591.914,49028.71,48630.39
57285.75,58481.37,48666.95,48532.906
57167.52,58429.723,48558.51,48507.89
57484.8,58397.24,48594.22,48564.97
58265.86,57883.02,48575.38,48672.3
58187.4,57884.95,49272.41,48846.52
58267.0,57925.445,49751.83,49040.93
58186.84,57990.805,49933.64,49255.02
58211.24,57491.836,50256.19,49493.996
57967.74,57448.195,50603.86,49615.387
57933.29,57410.395,50651.56,49822.793
58038.26,57380.086,50732.27,49943.07
58413.75,56544.246,50903.42,49961.418
58419.68,56395.81,50997.78,49553.55
59230.02,56283.46,51177.57,49330.086
59776.76,56250.496,51911.33,49076.133
59270.11,55430.625,52192.86,48810.15
58210.52,55214.508,52283.99,48380.793
57088.72,54931.652,51404.92,48122.285
56438.16,54613.08,50476.41,47856.305
55301.63,53919.49,49824.7,47615.96
54461.71,53514.49,48856.16,47722.78
53345.79,53092.035,48247.74,47479.73
52390.95,52631.21,47548.53,47105.52
51707.24,51135.812,46938.3,46692.86
51060.95,50494.805,46321.38,46006.023
50045.11,49969.67,45671.37,45429.84
48956.93,49454.83,44766.41,44859.16
47948.83,47525.918,44278.63,44343.516
46979.84,46686.59,42914.09,43061.594
46469.28,45903.55,42279.35,42402.38
46082.06,45272.188,41691.81,41594.543
44711.94,44564.297,41265.22,40793.258
43999.1,43998.13,40223.32,40028.332
43258.22,43540.324,39625.69,39381.914
42705.56,43169.09,39075.05,38815.996
42402.71,42809.18,38870.75,38339.605
41798.01,42597.074,38168.73,37994.63
41242.55,42393.34,37736.24,37687.727
41158.96,42197.066,37308.38,37449.914
40930.46,40857.0,37086.02,37272.977
40690.57,41003.637,36528.28,36831.777
40472.01,41001.97,36283.43,36603.984
40555.28,40890.797,36126.5,36441.945
40678.98,40854.176,36021.08,36316.793
40537.31,40780.375,36104.76,36250.387
40716.97,40737.727,36093.64,36163.17
40652.28,40745.14,36146.56,36095.984
40827.8,40848.375,35963.81,36044.53
40837.51,40864.766,36477.82,36056.543
41032.05,40902.914,36587.0,36045.15
41217.94,41013.305,36575.08,36048.54
41776.99,41335.43,36748.23,36053.16
41672.2,41640.586,36926.92,36105.508
41817.22,41879.312,36913.67,36100.93
42090.91,42113.004,37007.96,36093.12
43255.98,42632.645,37043.72,36085.758
43807.24,43181.645,37558.15,36161.336
44222.01,43754.39,37837.39,36184.92
44509.28,44325.926,37902.05,36255.53
45705.91,45200.703,38230.89,36407.64
46234.91,46143.688,38824.11,36916.97
47352.24,47119.78,39632.5,37437.297
48481.66,48300.06,40534.33,38133.055
49493.71,49940.83,41470.55,38914.027
50110.86,50855.63,41956.07,40593.1
50476.64,51590.902,42772.54,41412.18
51396.67,52104.05,43484.1,42333.93
51111.98,52448.887,44179.98,43256.105
51560.88,52659.484,45116.27,44259.2
52206.21,52868.594,45438.76,44968.01
52869.33,53128.863,46359.07,45568.418
53133.39,53285.668,46883.06,46105.363
53593.14,53524.312,47281.03,46767.227
53571.81,53731.117,47680.15,47233.85
54114.36,53820.027,48422.8,47688.75
54059.87,53835.438,48803.1,48137.445
54315.77,53755.54,48648.24,48755.63
54467.52,53628.637,49233.42,49212.04
54636.15,53468.86,49482.65,49643.06
53771.61,53240.027,49442.93,49945.25
53468.61,52954.48,48978.15,50051.668
53227.17,52675.242,48566.62,49903.484
52734.92,52416.734,48516.03,49607.652
52584.71,52004.227,47826.93,49216.562
52291.13,51718.48,47678.16,48591.387
51924.05,51449.926,47402.42,48030.164
51431.48,51170.074,46932.23,47518.934
50667.08,50711.875,46089.52,47083.26
50513.81,50196.42,45658.88,46495.63
50333.28,49876.13,45584.62,46148.816
49739.94,49647.58,45670.39,45875.742
49837.27,49193.613,44953.36,45660.348
49606.71,49034.95,44756.99,45329.543
49235.65,48908.086,44564.64,45193.215
49028.71,48742.55,44402.23,45067.336
48666.95,48606.24,44019.54,44975.32
48558.51,48400.547,44211.77,44921.184
48594.22,48368.355,44208.03,44977.844
48575.38,48463.336,44233.85,45075.086
49272.41,48559.547,44376.42,45211.652
49751.83,48913.31,45970.77,45481.74
49933.64,49374.727,46377.82,45792.332
50256.19,49748.598,46865.29,46132.32
50603.86,49872.562,47519.63,46502.977
50651.56,49954.168,47986.08,46810.33
50732.27,49958.23,48480.6,47172.88
50903.42,49925.89,48875.99,47437.793
50997.78,49535.242,49158.28,47625.016
51177.57,49311.867,48983.51,47371.355
51911.33,49257.684,49561.51,47399.707
52192.86,49334.793,50467.42,47381.39
52283.99,49037.996,50906.96,47360.344
51404.92,48925.395,51255.77,47122.797
50476.41,48713.082,50391.21,47148.023
49824.7,48408.906,49649.25,47144.74
48856.16,47955.105,48923.53,47139.58
48247.74,47527.918,48163.64,47434.37
47548.53,47189.953,47354.97,47497.88
46938.3,46854.918,47293.75,47444.777
46321.38,46343.977,47351.87,47314.84
45671.37,45843.23,47248.49,47034.816
44766.41,45357.895,46323.27,46644.49
44278.63,44781.742,45810.88,46198.074
42914.09,42679.613,44909.11,45763.78
42279.35,41547.49,44057.05,44421.82
41691.81,40667.504,42938.4,43839.297
41265.22,39920.508,42249.12,43153.09
40223.32,39335.195,41736.83,42511.67
39625.69,38772.2,40952.13,41827.805
39075.05,38361.93,40460.25,41304.7
38870.75,38080.89,40300.66,40826.46
38168.73,37986.48,40064.6,40395.97
37736.24,37848.01,39910.92,39982.47
37308.38,37752.875,39565.29,39621.66
37086.02,37681.766,39527.61,39294.258
36528.28,36583.832,39450.18,39001.32
36283.43,36428.69,39322.21,39327.62
36126.5,36258.637,39233.31,39191.047
36021.08,36100.688,39401.91,39163.723
36104.76,36029.547,39470.6,39196.938
36093.64,35982.246,39724.14,39296.523
36146.56,35960.043,40011.89,39433.727
35963.81,35953.418,40192.65,39642.1
36477.82,36006.164,40340.89,39934.156
36587.0,36029.96,40719.79,40369.48
36575.08,36060.336,41138.65,40835.35
36748.23,36097.11,41765.12,41375.926
36926.92,36231.836,42208.4,42011.773
36913.67,36299.586,43657.04,42946.688
37007.96,36360.9,44523.53,43927.465
37043.72,36423.133,45922.97,45224.746
37558.15,36645.457,48035.26,47031.973
37837.39,36752.438,52149.67,50013.848
37902.05,36862.156,54878.53,52192.496
38230.89,36965.16,56939.14,54120.426
38824.11,37386.703,58656.02,55823.492
39632.5,37733.06,60793.91,57528.35
40534.33,38325.34,61371.27,58765.664
41470.55,39177.848,62199.3,59782.125
41956.07,41795.438,62704.33,60601.227
42772.54,42671.008,63980.95,61650.777
43484.1,43551.613,64383.78,62254.67
44179.98,44322.242,64774.9,62740.562
45116.27,45051.03,64981.88,63079.438
45438.76,45642.863,64469.57,63262.344
46359.07,46042.645,64684.79,63475.68
46883.06,46530.79,65470.78,63699.227
47281.03,46949.97,65617.95,63939.3
47680.15,47258.18,66249.49,64129.477
48422.8,47536.58,66924.66,64452.535
48803.1,47922.332,67246.14,64842.36
48648.24,48231.855,67511.54,65255.258
49233.42,48308.875,67551.29,65463.598
49482.65,48579.062,67728.32,65736.86
49442.93,48768.66,67680.85,65946.6
48978.15,48738.19,67605.47,66081.414
48566.62,48497.156,67270.31,65870.17
48516.03,48200.473,66826.64,65749.055
47826.93,48047.934,66877.21,65585.31
47678.16,47521.73,66701.67,65419.035
47402.42,47267.19,66935.61,64965.93
46932.23,47067.625,66786.85,64688.766
46089.52,46812.09,66608.09,64467.773
45658.88,46186.438,66013.54,64292.23
45584.62,45865.047,65695.32,63890.023
45670.39,45736.895,65584.09,63656.69
44953.36,45734.7,65414.57,63455.79
44756.99,45290.46,65302.06,63285.586
44564.64,45157.938,65181.2,62867.957
44402.23,45096.28,64635.22,62617.043
44019.54,45079.32,64498.29,62351.45
44211.77,44880.547,64287.57,62056.438
44208.03,44928.05,63751.53,61552.53
44233.85,45022.18,63264.26,61318.9
44376.42,45160.914,62954.02,61175.16
45970.77,45353.82,62920.31,61086.05
46377.82,45968.99,63554.97,60842.117
46865.29,46530.074,63173.67,60842.652
47519.63,47074.227,63354.78,60835.94
47986.08,47510.836,63453.76,60832.586
48480.6,47779.375,63105.61,60560.4
48875.99,48034.98,62943.62,60600.91
49158.28,48248.516,63079.14,60602.594
48983.51,48120.016,63448.21,60584.39
49561.51,48013.527,63547.94,59968.49
50467.42,48121.61,63776.43,59762.08
50906.96,48363.07,64787.25,59473.188
51255.77,48109.297,64906.25,59154.11
50391.21,48131.406,63917.84,58109.527
49649.25,47921.48,62263.22,57683.957
48923.53,47630.734,61323.82,57286.453
48163.64,46984.76,60348.18,56933.633
47354.97,46673.203,59075.29,56406.1
47293.75,46425.156,58033.99,56002.195
47351.87,46347.305,56771.32,55406.023
47248.49,46445.418,55662.07,54675.156
46323.27,46352.97,54615.45,53280.05
45810.88,46050.004,53640.19,52236.684
44909.11,45765.625,52303.53,51273.535
44057.05,43916.305,51304.76,50494.18
42938.4,43217.89,50236.42,49068.254
42249.12,42406.43,49443.67,48341.75
41736.83,41667.79,48355.71,47506.812
40952.13,40920.07,47992.66,46746.668
40460.25,40238.758,46932.73,45911.586
40300.66,39666.51,46457.83,45344.383
40064.6,39235.926,46497.95,44857.434
39910.92,38933.92,45631.08,44447.266
39565.29,38657.99,45287.7,44012.375
39527.61,38439.72,45020.83,43706.734
39450.18,38286.176,44660.94,43438.457
39322.21,39259.71,44195.28,43207.273
39233.31,39151.145,43769.6,42744.24
39401.91,39172.0,43969.26,42713.23
39470.6,39282.47,44035.33,42728.0
39724.14,39511.855,44063.02,42738.96
40011.89,39751.16,44228.46,42840.176
40192.65,40010.516,44338.81,42911.13
40340.89,40274.97,44375.03,43034.805
40719.79,40685.195,44513.56,43226.55
41138.65,41091.332,44825.34,43627.52
41765.12,41572.344,45326.13,44001.492
42208.4,42205.367,45643.83,44462.875
43657.04,43399.375,46288.41,44998.527
44523.53,44998.082,47673.94,45883.195
45922.97,46817.723,48823.39,46704.81
48035.26,48824.188,50229.21,47797.574
52149.67,51630.246,51596.07,49337.586
54878.53,53981.086,54772.63,52156.664
56939.14,55895.61,57114.68,54073.93
58656.02,57365.582,59102.5,55786.887
60793.91,58865.46,60452.12,57353.44
61371.27,59769.977,61691.37,59040.28
62199.3,60463.547,62113.01,60235.145
62704.33,61029.633,62620.5,61178.887
63980.95,62634.99,63293.17,61893.1
64383.78,62957.08,63896.76,62819.805
64774.9,63256.168,64042.89,63283.383
64981.88,63517.797,64499.7,63646.887
64469.57,63743.81,64758.51,63915.57
64684.79,63942.992,64726.18,64009.082
65470.78,64168.9,65324.76,64193.703
65617.95,64409.914,65708.63,64392.16
66249.49,64552.64,65668.47,64612.24
66924.66,64827.69,65979.73,64722.316
67246.14,65146.008,65853.57,64999.637
67511.54,65486.273,66238.92,65336.047
67551.29,65649.5,66357.42,65691.984
67728.32,65945.03,66444.86,65837.33
67680.85,66179.13,66754.68,66052.21
67605.47,66331.73,67014.1,66223.99
67270.31,66142.17,66968.72,66318.625
66826.64,66188.13,66485.37,66093.16
66877.21,66208.7,66527.08,65962.17
66701.67,66231.484,66505.45,65819.01
66935.61,65767.766,66716.75,65693.05
66786.85,65759.45,66548.58,65276.086
66608.09,65755.94,66572.03,65050.727
66013.54,65735.32,66464.61,64871.184
65695.32,65011.438,65876.23,64748.082
65584.09,64927.812,65661.67,64345.23
65414.57,64860.22,65401.91,64146.688
65302.06,64808.56,65434.55,63983.113
65181.2,63982.355,65352.54,63847.645
64635.22,63906.758,65104.32,63439.086
64498.29,63826.797,64614.52,63243.0
64287.57,63778.164,64225.71,63038.707
63751.53,62977.3,63655.97,62810.344
63264.26,62867.906,63511.23,62329.508
62954.02,62775.574,63244.74,62135.23
62920.31,62694.125,63038.1,62028.453
63554.97,61971.43,62853.02,61976.453
63173.67,61944.453,62959.82,61745.08
63354.78,61902.633,63015.63,61757.54
63453.76,61891.5,63301.9,61767.95
63105.61,61220.02,63328.96,61782.758
62943.62,61115.812,62590.86,61525.09
63079.14,61041.758,62466.76,61586.59
63448.21,61017.773,63108.93,61607.7
63547.94,60196.438,63294.25,61601.51
63776.43,60107.047,63887.63,61012.156
64787.25,60071.61,64326.82,60830.297
64906.25,60142.29,65074.13,60629.27
63917.84,59169.305,65047.3,60416.62
62263.22,58975.844,64230.11,59584.11
61323.82,58605.97,62788.15,59281.4
60348.18,58195.242,62096.06,59018.094
59075.29,57026.867,61002.9,58792.41
58033.99,56242.273,60164.43,58209.59
56771.32,55416.645,59053.23,57559.24
55662.07,54579.844,57772.87,56699.273
54615.45,52653.938,56418.12,55775.668
53640.19,51840.883,55400.63,54142.75
52303.53,51231.59,54457.39,53082.11
51304.76,50729.273,53364.17,52101.656
50236.42,48851.574,52147.27,51300.22
49443.67,48176.47,50719.18,49816.875
48355.71,47531.81,49896.16,49093.92
47992.66,46896.508,49011.85,48260.04
46932.73,46194.254,48166.85,47495.312
46457.83,45649.773,47304.42,46644.754
46497.95,45198.906,46484.05,46062.535
45631.08,44892.31,46015.38,45553.91
45287.7,44439.043,45934.37,45118.766
45020.83,44142.93,45195.45,44643.234
44660.94,43908.91,44810.14,44292.75
44195.28,43705.656,44299.11,43979.82
43769.6,42988.54,44069.08,43698.99
43969.26,43041.938,43924.35,43350.41
44035.33,43149.76,43572.93,43345.414
44063.02,43273.227,43789.35,43388.797
44228.46,43539.61,43779.47,43408.28
44338.81,43753.41,43949.89,43511.137
44375.03,43976.316,44002.33,43577.312
44513.56,44185.508,43967.57,43692.4
44825.34,44582.293,44223.69,43875.312
45326.13,44826.23,44637.82,44278.93
45643.83,45132.53,44966.05,44649.934
46288.41,45485.895,45563.32,45111.535
47673.94,46372.977,46349.21,45651.93
48823.39,47312.58,48175.53,46604.344
50229.21,48590.668,49246.2,47471.73
51596.07,50363.324,50262.3,48606.47
54772.63,53461.8,52308.14,50150.93
57114.68,55543.684,55960.85,53092.05
59102.5,57365.027,58381.14,55134.332
60452.12,58916.215,60196.23,56871.207
61691.37,60549.996,61719.37,58414.383
62113.01,61329.07,63423.12,60081.73
62620.5,61790.367,63881.94,61214.74
63293.17,62093.1,64420.2,62117.23
63896.76,63535.008,64920.27,62798.504
64042.89,63756.22,65184.89,63860.59
64499.7,64020.96,65035.07,64277.086
64758.51,64293.824,65139.85,64601.74
64726.18,64478.93,65138.57,64838.33
65324.76,64706.867,65177.56,64935.016
65708.63,64938.613,65093.99,65110.797
65668.47,65158.234,65527.74,65298.227
65979.73,65217.227,65866.12,65499.95
65853.57,65444.96,66462.61,65582.33
66238.92,65677.45,66717.2,65842.89
66357.42,65939.984,66887.64,66169.81
66444.86,65994.47,66934.79,66529.11
66754.68,66165.38,67679.01,66631.125
67014.1,66303.37,67851.05,66871.41
66968.72,66385.93,68249.68,67042.47
66485.37,66127.4,68005.46,67158.516
66527.08,66116.17,67733.48,66899.59
66505.45,66128.68,67274.67,66793.02
66716.75,66142.336,67434.68,66645.74
66548.58,65683.08,67404.0,66494.65
66572.03,65657.55,66863.83,65991.5
66464.61,65651.56,66490.65,65705.79
65876.23,65661.66,66090.43,65469.926
65661.67,64952.688,65315.19,65306.383
65401.91,64889.754,65009.24,64830.734
65434.55,64846.656,64850.84,64579.363
65352.54,64847.5,65039.71,64369.508
65104.32,64085.125,64546.2,64185.625
64614.52,64054.67,64475.18,63717.594
64225.71,64025.008,64185.36,63475.145
63655.97,64003.605,64451.49,63244.625
63511.23,63161.926,63688.44,63009.57
63244.74,63072.254,63174.73,62503.32
63038.1,63017.266,62621.56,62277.47
62853.02,62977.67,62165.13,62144.574
62959.82,62244.42,61658.72,62070.562
63015.63,62166.58,61473.15,61837.43
63301.9,62147.92,61595.03,61872.527
63328.96,62169.742,62103.55,61879.07
62590.86,61561.184,62096.47,61886.72
62466.76,61463.316,62252.64,61656.434
63108.93,61411.28,62113.8,61709.16
63294.25,61441.695,62456.74,61723.188
63887.63,60829.055,62754.27,61719.156
64326.82,60830.734,63447.72,61262.82
65074.13,60894.168,63880.8,61141.45
65047.3,61007.05,64638.65,60980.008
64230.11,60354.332,64437.18,60799.51
62788.15,60228.137,63207.78,60248.777
62096.06,59965.85,61940.0,60022.094
61002.9,59698.867,60814.29,59765.863
60164.43,58640.22,59656.41,59439.273
59053.23,57915.062,59156.09,58532.867
57772.87,57097.11,58077.86,57715.07
56418.12,56231.39,56886.42,56811.203
55400.63,54009.113,56018.52,55920.5
54457.39,53134.742,55417.73,54416.156
53364.17,52472.918,54317.71,53384.062
52147.27,51954.094,53128.36,52406.023
50719.18,49891.16,52082.67,51601.21
49896.16,49152.418,50713.0,50074.9
49011.85,48451.098,49649.74,49343.05
48166.85,47818.82,48890.19,48505.906
47304.42,47015.73,48296.34,47738.242
46484.05,46451.023,47382.46,46888.035
46015.38,45918.79,46980.08,46297.6
45934.37,45480.375,46540.93,45782.14
45195.45,45046.15,46255.98,45344.805
44810.14,44694.36,45639.38,44880.812
44299.11,44406.418,45414.53,44529.203
44069.08,44146.277,45093.59,44207.895
43924.35,43575.023,44680.84,43921.37
43572.93,43632.824,43659.36,43698.19
43789.35,43643.812,43635.73,43673.688
43779.47,43712.36,43710.91,43701.1
43949.89,43927.46,44055.32,43715.91
44002.33,44109.91,44262.6,43830.04
43967.57,44293.445,44226.25,43896.0
44223.69,44455.22,44099.01,44012.04
44637.82,44840.984,44433.1,44195.613
44966.05,45092.105,44807.74,44614.895
45563.32,45385.824,45176.74,44980.88
46349.21,45815.04,45646.37,45438.438
48175.53,46887.89,46035.17,45975.906
49246.2,48067.094,47503.34,46946.777
50262.3,49529.758,48633.18,47817.55
52308.14,51410.617,49875.47,48956.27
55960.85,54728.45,51761.92,50465.848
58381.14,56809.64,55209.21,53360.973
60196.23,58526.69,57788.46,55442.566
61719.37,59961.848,59860.42,57191.613
63423.12,61495.676,60910.64,58720.91
63881.94,62210.562,61613.74,60335.914
64420.2,62611.195,61937.5,61469.688
64920.27,62828.086,62657.45,62360.875
65184.89,64286.29,63399.09,63025.668
65035.07,64449.18,63883.61,63874.33
65139.85,64630.02,64438.16,64285.66
65138.57,64817.277,64870.78,64599.145
65177.56,64978.42,65074.37,64825.81
65093.99,65180.895,65318.41,64872.457
65527.74,65373.77,65729.0,65041.273
65866.12,65575.36,66079.56,65223.938
66462.61,65634.734,66243.18,65426.535
66717.2,65859.16,66054.38,65471.402
66887.64,66082.99,66373.75,65716.39
66934.79,66325.625,66713.96,66036.336
67679.01,66327.17,67184.55,66387.82
67851.05,66584.72,67510.4,66505.36
68249.68,66786.92,68172.56,66778.34
68005.46,66953.56,68570.45,67005.73
67733.48,66696.625,68715.07,67171.414
67274.67,66730.266,68219.15,66966.21
67434.68,66746.63,67835.93,66934.95
67404.0,66779.234,67465.86,66866.27
66863.83,66316.836,67159.29,66783.59
66490.65,66288.77,67259.9,66327.14
66090.43,66255.87,67024.1,66083.195
65315.19,66227.25,66517.77,65893.17
65009.24,65440.4,66172.28,65769.36
64850.84,65270.938,65919.99,65313.48
65039.71,65128.637,66026.34,65114.016
64546.2,65037.38,65731.28,64957.07
64475.18,64172.832,65483.92,64827.67
64185.36,64014.94,66111.63,64366.832
64451.49,63905.77,65522.23,64195.984
63688.44,63903.766,65415.4,64048.78
63174.73,63117.867,65019.85,63897.83
62621.56,62968.68,64739.1,63399.95
62165.13,62853.86,64566.08,63179.594
61658.72,62752.0,64374.45,63037.14
61473.15,62010.484,63894.02,62982.188
61595.03,61881.777,63305.9,62722.875
62103.55,61816.85,63376.67,62778.344
62096.47,61828.508,63451.72,62817.992
62252.64,61247.83,63599.45,62848.293
62113.8,61190.64,63294.06,62569.72
62456.74,61147.305,63306.29,62608.87
62754.27,61156.305,63579.13,62619.617
63447.72,60596.68,63887.44,62602.9
63880.8,60596.984,64489.2,62075.582
64638.65,60651.426,64914.7,61925.453
64437.18,60768.664,65170.37,61764.266
63207.78,60241.03,64774.09,61585.84
61940.0,60040.188,64167.68,61005.938
60814.29,59751.164,62862.07,60754.74
59656.41,59405.387,61717.2,60471.72
59156.09,58348.047,60923.52,60145.004
58077.86,57620.14,60439.44,59302.11
56886.42,56805.555,59045.69,58496.098
56018.52,55978.137,58068.72,57604.26
55417.73,53794.926,57195.44,56740.918
54317.71,52977.637,55977.01,55217.12
53128.36,52334.477,54909.31,54232.824
52082.67,51828.062,53894.09,53319.418
50713.0,49750.44,52651.98,52578.188
49649.74,48991.7,51022.34,50967.27
48890.19,48254.34,50073.92,50252.797
48296.34,47619.668,49106.59,49416.2
47382.46,46842.688,48368.29,48628.54
46980.08,46288.547,47482.63,47696.06
46540.93,45832.535,46891.42,47064.867
46255.98,45442.305,46465.68,46509.344
45639.38,44991.566,46101.22,46020.098
45414.53,44650.58,45188.27,45447.83
45093.59,44380.645,44862.24,45036.824
44680.84,44150.08,44524.98,44647.785
43659.36,43737.82,44174.99,44309.742
43635.73,43662.633,44024.77,43954.793
43710.91,43652.566,43908.63,43945.363
44055.32,43701.785,43931.58,43978.348
44262.6,43979.457,43975.44,43998.965
44226.25,44210.72,44075.9,44132.25
44099.01,44426.594,44237.14,44208.92
44433.1,44608.715,44273.9,44330.574
44807.74,45042.883,44278.54,44511.633
45176.74,45315.414,44641.47,44973.98
45646.37,45638.242,45027.85,45349.797
46035.17,46069.53,45304.09,45805.41
47503.34,47089.88,46016.32,46339.87
48633.18,48188.92,47200.45,47350.273
49875.47,49605.824,47747.13,48225.293
51761.92,51412.7,48597.76,49368.805
55209.21,54668.887,50629.9,50926.797
57788.46,56702.75,54602.03,54047.855
59860.42,58452.96,57037.44,56204.387
60910.64,59964.625,58888.37,58008.11
61613.74,61541.312,60582.3,59535.074
61937.5,62333.383,62296.93,61142.504
62657.45,62803.67,62769.56,62193.348
63399.09,63085.77,63399.91,63001.797
63883.61,64447.133,64036.04,63590.86
64438.16,64657.125,65064.76,64733.36
64870.78,64900.164,65608.39,65127.426
65074.37,65134.223,65877.75,65459.08
65318.41,65253.883,66149.93,65746.375
65729.0,65474.344,66492.9,65861.78
66079.56,65688.2,66759.03,66067.87
66243.18,65897.625,67238.94,66271.055
66054.38,65906.17,67392.44,66505.23
66373.75,66117.54,67520.49,66593.67
66713.96,66377.94,67724.76,66881.32
67184.55,66651.7,68020.48,67217.69
67510.4,66662.91,68106.48,67516.9
68172.56,66890.39,68360.07,67488.945
68570.45,67092.67,68671.54,67633.195
68715.07,67246.7,69139.76,67729.84
68219.15,66986.74,68854.05,67774.59
67835.93,67051.04,68706.76,67400.055
67465.86,67099.26,68604.22,67243.03
67159.29,67124.21,68605.09,67051.875
67259.9,66643.234,68559.06,66835.71
67024.1,66650.164,67952.51,66187.45
66517.77,66668.58,67247.63,65792.164
66172.28,66677.81,66495.85,65449.867
65919.99,65941.86,65697.35,65156.496
66026.34,65868.18,65284.95,64503.664
65731.28,65824.625,64922.16,64138.016
65483.92,65764.36,64262.12,63847.83
66111.63,64870.33,63927.03,63594.75
65522.23,64845.727,66067.44,63095.113
65415.4,64786.69,63366.25,62876.4
65019.85,64742.23,62898.69,62682.617
64739.1,63888.1,62550.99,62474.79
64566.08,63780.996,62718.56,61960.4
64374.45,63730.176,62304.51,61758.125
63894.02,63698.547,62148.49,61617.832
63305.9,62914.688,61968.79,61514.15
63376.67,62792.367,61644.71,61193.633
63451.72,62745.97,61620.4,61208.62
63599.45,62722.96,61459.56,61198.91
63294.06,62030.707,61588.73,61200.484
63306.29,61931.934,61370.24,60866.68
63579.13,61896.42,61129.97,60916.01
63887.44,61891.383,61395.32,60892.668
64489.2,61170.695,61272.35,60824.92
64914.7,61130.15,62156.44,60119.188
65170.37,61167.81,62274.67,59849.24
64774.09,61210.21,62703.41,59506.746
64167.68,60523.625,62498.96,59155.145
62862.07,60360.156,61321.4,58277.016
61717.2,60089.984,60207.34,57939.527
60923.52,59771.297,59260.36,57569.477
60439.44,58802.24,58073.57,57259.324
59045.69,58146.42,56938.57,56789.37
58068.72,57366.65,55997.48,56284.668
57195.44,56627.953,54917.27,55627.984
55977.01,54447.742,53686.78,54905.926
54909.31,53724.234,53142.61,53441.86
53894.09,53192.484,52405.75,52548.918
52651.98,52799.5,51637.39,51730.414
51022.34,50565.934,50264.97,51062.867
50073.92,49741.445,48762.73,49680.367
49106.59,48981.324,47955.03,48991.36
48368.29,48308.887,47114.38,48158.664
47482.63,47433.14,46291.35,47352.31
46891.42,46857.56,45197.07,46392.363
46465.68,46352.73,44622.87,45685.117
46101.22,45921.105,43924.17,45064.445
45188.27,45372.867,43738.9,44536.0
44862.24,44942.293,43574.22,43979.55
44524.98,44590.047,43070.03,43564.355
44174.99,44310.227,42469.35,43190.008
44024.77,43754.52,42143.7,42874.35
43908.63,43735.35,41162.02,41832.516
43931.58,43726.25,40791.23,41886.758
43975.44,43746.938,40771.4,41813.312
44075.9,43967.03,40850.34,41664.86
44237.14,44146.203,41687.02,41581.625
44273.9,44350.926,41577.25,41491.86
44278.54,44532.03,41562.8,41451.547
44641.47,44942.188,41604.26,41457.266
45027.85,45182.35,41782.0,41547.188
45304.09,45478.68,41655.17,41592.227
46016.32,45834.754,41736.84,41659.73
47200.45,46852.555,41955.79,41756.56
47747.13,47826.65,41789.7,41979.336
48597.76,48920.8,41855.53,42145.2
50629.9,50266.58,42246.06,42358.887
54602.03,53441.812,42598.59,42645.484
57037.44,55581.75,43241.1,43179.125
58888.37,57392.94,44191.12,43659.86
60582.3,58813.598,44577.01,44264.266
62296.93,60567.742,44943.04,44978.81
62769.56,61656.32,45908.96,46104.754
63399.91,62452.984,46276.2,46984.94
64036.04,62933.754,47273.25,47835.832
65064.76,64802.207,48266.24,48606.027
65608.39,65068.65,50030.54,50141.117
65877.75,65299.46,50868.74,50966.63
66149.93,65530.168,51855.36,51872.56
66492.9,65738.72,52020.36,52779.742
66759.03,65929.38,51468.83,53703.547
67238.94,66099.77,51654.63,54474.055
67392.44,66288.51,52261.31,55160.746
67520.49,66393.26,53025.92,55692.176
67724.76,66583.79,54214.85,56170.055
68020.48,66798.32,54775.5,56535.523
68106.48,66999.69,55419.63,56838.53
68360.07,67021.05,55727.53,57121.4
68671.54,67221.13,55893.03,57397.63
69139.76,67409.94,55921.33,57645.195
68854.05,67565.945,56416.53,57794.66
68706.76,67320.67,56311.5,57859.06
68604.22,67352.86,55920.53,57720.965
68605.09,67380.125,55811.27,57466.54
68559.06,67383.67,56079.2,57200.7
67952.51,66888.16,55298.17,56840.605
67247.63,66804.195,54458.26,56286.773
66495.85,66721.625,54053.85,55756.168
65697.35,66579.3,53669.26,55226.535
65284.95,65672.086,52700.59,54747.758
64922.16,65369.543,52550.29,54102.79
64262.12,65104.332,52026.32,53581.867
63927.03,64798.32,51121.71,53237.91
66067.44,63884.094,51654.76,52940.062
63366.25,63892.953,51834.49,52564.938
62898.69,63554.82,51849.07,52364.844
62550.99,63303.75,51464.23,52219.13
62718.56,62434.258,50793.83,52067.395
62304.51,62214.973,50973.17,51932.406
62148.49,62058.49,50576.8,51841.297
61968.79,61953.15,50318.04,51859.57
61644.71,61225.453,50479.72,51931.527
61620.4,61070.336,51147.55,52064.277
61459.56,60976.04,51090.09,52195.73
61588.73,60904.69,51230.05,52328.566
61370.24,60101.85,52034.15,52490.453
61129.97,59942.965,52338.17,52563.92
61395.32,59828.047,52314.66,52562.93
61272.35,59787.6,52326.48,52499.348
62156.44,58795.73,52414.2,52387.91
62274.67,58693.07,53267.27,51901.023
62703.41,58615.812,53557.93,51512.64
62498.96,58608.652,53892.6,51089.305
61321.4,57741.03,53116.24,50657.29
60207.34,57498.055,52504.62,50062.117
59260.36,57162.33,51691.76,49659.53
58073.57,56893.85,50943.73,49290.203
56938.57,56220.055,49689.57,48967.668
55997.48,55635.08,48497.4,49128.15
54917.27,55062.89,47686.61,48871.516
53686.78,54498.945,46835.84,48479.27
53142.61,52696.34,46379.2,48036.46
52405.75,52147.723,46378.87,47301.42
51637.39,51719.977,45622.19,46668.06
50264.97,51349.43,44593.26,46070.117
48762.73,49387.984,43665.7,45539.754
47955.03,48439.617,42461.05,44347.332
47114.38,47582.87,42115.59,43710.543
46291.35,46813.457,41169.59,42906.844
45197.07,45877.316,40856.87,42084.023
44622.87,45145.83,40729.24,41251.254
43924.17,44582.016,39977.02,40530.95
43738.9,44114.637,39513.3,39876.34
43574.22,43694.836,39150.16,39306.008
43070.03,43467.64,38614.53,38826.32
42469.35,43247.547,38238.85,38414.676
42143.7,43032.645,38053.94,38076.08
41162.02,41580.293,37501.78,37809.855
40791.23,41544.086,36857.8,37154.855
40771.4,41406.43,36499.07,36887.492
40850.34,41201.55,36582.54,36716.21
41687.02,41050.656,36419.4,36581.12
41577.25,40960.336,36521.56,36518.824
41562.8,40912.9,36432.29,36455.883
41604.26,40944.3,36374.38,36408.62
41782.0,41085.934,36282.02,36371.234
41655.17,41190.66,36399.15,36413.19
41736.84,41278.68,36554.77,36404.8
41955.79,41422.734,36349.63,36391.844
41789.7,41785.82,36199.88,36380.67
41855.53,42024.176,36309.9,36415.562
42246.06,42278.598,36034.36,36403.195
42598.59,42600.094,36007.97,36392.957
43241.1,43242.586,36451.76,36398.293
44191.12,43718.676,37445.28,36500.023
44577.01,44325.043,37340.9,36562.57
44943.04,44886.625,37430.2,36688.65
45908.96,45794.36,37626.51,36919.33
46276.2,46565.664,38643.86,37508.79
47273.25,47263.82,38767.12,38013.31
48266.24,48095.168,39397.55,38598.953
50030.54,50051.258,40078.12,39301.42
50868.74,51190.016,41234.89,41264.195
51855.36,52176.656,42198.18,42041.957
52020.36,53056.55,42998.23,42921.227
51468.83,53698.76,44206.47,43849.21
51654.63,53879.047,45371.22,44952.59
52261.31,54076.996,46061.54,45761.85
53025.92,54368.75,46497.37,46509.984
54214.85,54811.79,47887.61,47207.7
54775.5,55344.355,48545.78,48063.22
55419.63,55754.73,49091.52,48651.98
55727.53,56094.74,49768.16,49237.324
55893.03,56300.05,49969.33,49806.938
55921.33,56367.918,50271.58,50537.523
56416.53,56318.766,51336.83,51137.637
56311.5,56296.355,51914.35,51686.062
55920.53,56132.027,52199.57,52056.61
55811.27,55900.36,51286.5,52188.234
56079.2,55733.812,51132.01,52077.992
55298.17,55589.13,51187.59,51811.984
54458.26,55221.97,51174.46,51465.96
54053.85,54815.164,50771.42,50806.99
53669.26,54396.094,50644.6,50267.105
52700.59,53982.973,50337.99,49733.496
52550.29,53172.74,50319.7,49266.766
52026.32,52639.516,49248.03,48695.17
51121.71,52191.574,49240.3,48349.227
51654.76,51522.59,48948.16,48091.74
51834.49,51346.336,48778.14,47890.08
51849.07,51375.695,49163.25,47585.105
51464.23,51433.79,48386.86,47486.14
50793.83,51311.445,47576.49,47398.25
50973.17,50978.766,47463.37,47368.836
50576.8,50929.047,47723.82,47266.83
50318.04,50812.543,47370.19,47329.992
50479.72,50695.473,47646.63,47478.08
51147.55,50754.86,48287.04,47694.746
51090.09,51018.066,49448.5,48012.043
51230.05,51139.133,49494.02,48409.03
52034.15,51283.01,49558.5,48810.37
52338.17,51366.508,49575.29,49209.13
52314.66,51379.062,50504.09,49520.6
52326.48,51333.832,51143.55,49884.953
52414.2,51289.27,51313.23,50093.48
53267.27,50740.24,51270.67,50173.824
53557.93,50641.594,51739.95,49734.61
53892.6,50559.914,52233.08,49620.57
53116.24,50540.082,52042.11,49576.234
52504.62,49859.87,51810.32,49538.945
51691.76,49538.035,51675.87,49364.51
50943.73,49191.58,50662.33,49373.87
49689.57,48831.82,49499.54,49363.3
48497.4,48388.344,49320.84,49338.184
47686.61,47885.89,49060.67,49718.75
46835.84,47430.22,48454.77,49688.39
46379.2,46930.766,48196.08,49533.77
46378.87,46207.477,48209.71,49301.297
45622.19,45889.09,48566.71,48640.984
44593.26,45362.258,48114.59,48188.266
43665.7,44601.945,47060.24,47713.96
42461.05,42061.547,46091.65,47268.918
42115.59,41042.336,45386.93,45889.297
41169.59,40327.348,44573.15,45259.6
40856.87,39683.758,43907.56,44529.688
40729.24,39251.574,43471.28,43812.69
39977.02,38906.16,44129.84,43086.8
39513.3,38603.684,43525.82,42495.406
39150.16,38386.723,43488.95,41970.34
38614.53,38296.72,42865.89,41495.1
38238.85,38172.71,42526.61,41035.504
38053.94,38085.96,42237.41,40613.914
37501.78,38031.758,42230.61,40226.03
36857.8,36897.14,41778.94,39878.29
36499.07,36698.43,41552.14,40255.25
36582.54,36515.133,41506.57,40078.03
36419.4,36371.383,41702.99,40042.582
36521.56,36329.688,41705.4,40065.594
36432.29,36304.375,42102.93,40178.65
36374.38,36287.754,41992.44,40334.74
36282.02,36266.504,42467.96,40544.594
36399.15,36326.91,42828.05,40863.57
36554.77,36326.977,43465.51,41326.76
36349.63,36336.22,43878.71,41862.94
36199.88,36350.875,44722.34,42587.812
36309.9,36441.258,45578.3,43444.117
36034.36,36482.492,46069.71,44621.016
36007.97,36518.11,47242.12,45952.137
36451.76,36562.91,48565.99,47650.53
37445.28,36759.984,50828.06,49903.89
37340.9,36863.82,55499.65,53382.473
37430.2,36946.766,57432.97,56035.707
37626.51,37038.14,59097.88,58110.344
38643.86,37403.78,60504.02,59872.953
38767.12,37652.03,62204.53,61580.633
39397.55,37946.9,63017.05,62898.36
40078.12,38465.164,63946.36,64022.305
41234.89,41611.46,64540.9,64851.387
42198.18,42566.57,64882.27,65777.57
42998.23,43477.934,65785.87,66367.734
44206.47,44375.46,65900.6,66857.336
45371.22,45550.055,66118.77,67245.7
46061.54,46457.91,65363.76,67526.26
46497.37,47185.637,65474.7,67855.59
47887.61,47709.637,65632.77,68218.39
48545.78,48560.293,66310.19,68710.36
49091.52,49159.4,66252.98,69101.09
49768.16,49699.73,66237.36,69658.88
49969.33,50225.047,66407.55,70227.28
50271.58,50535.375,67307.02,70758.52
51336.83,50720.496,67805.23,70947.09
51914.35,51115.75,68008.05,71230.8
52199.57,51368.125,68003.53,71425.055
51286.5,51428.76,68175.56,71596.68
51132.01,51056.324,67603.37,71366.805
51187.59,50778.645,67755.75,71328.55
51174.46,50662.562,67629.29,71262.42
50771.42,50372.812,67715.53,71183.0
50644.6,50147.215,67770.07,70671.664
50337.99,49980.965,68027.39,70397.58
50319.7,49788.89,66989.39,70068.02
49248.03,49510.734,66249.47,69742.32
49240.3,48957.082,65916.08,68995.57
48948.16,48790.188,65727.44,68531.64
48778.14,48590.074,64953.32,68110.24
49163.25,48249.95,64651.42,67689.766
48386.86,48350.96,64946.33,66956.84
47576.49,48086.586,64263.1,66485.97
47463.37,47768.766,63321.22,66082.05
47723.82,47422.72,62856.41,65655.875
47370.19,47479.973,63666.54,64967.043
47646.63,47469.23,62741.13,64501.848
48287.04,47632.31,62375.1,64118.83
49448.5,47951.29,61719.96,63853.785
49494.02,48568.746,62506.26,63433.61
49558.5,48891.227,62429.66,63337.004
49575.29,49075.79,62195.25,63239.13
50504.09,49166.766,62259.34,63173.766
51143.55,49534.555,63041.78,62874.76
51313.23,49902.652,62649.55,62860.184
51270.67,50083.3,62564.7,62857.17
51739.95,49805.746,63068.89,62841.56
52233.08,49917.516,63594.03,62284.766
52042.11,50106.97,64469.63,62073.96
51810.32,50155.027,64847.26,61812.605
51675.87,49558.934,64505.52,61503.953
50662.33,49381.79,63292.13,60595.277
49499.54,48905.07,62134.53,60201.785
49320.84,48253.473,60950.94,59783.96
49060.67,47851.867,59775.05,59348.47
48454.77,47673.715,58698.13,58533.14
48196.08,47481.695,57616.54,57831.746
48209.71,47348.83,56656.11,57007.188
48566.71,47380.484,55382.56,56121.03
48114.59,47448.887,54555.38,54694.027
47060.24,47341.727,53594.37,53706.637
46091.65,46973.47,52193.1,52803.95
45386.93,45148.79,51175.08,52080.027
44573.15,44448.7,49720.69,50571.727
43907.56,43606.59,48839.06,49809.184
43471.28,42743.645,48047.77,48914.586
44129.84,41948.855,47204.23,48093.69
43525.82,41492.19,46882.05,47205.2
43488.95,41007.094,46368.53,46576.26
42865.89,40646.566,45805.43,46034.773
42526.61,40284.812,45806.84,45572.797
42237.41,39923.574,45801.98,45072.9
42230.61,39615.023,45504.95,44711.652
41778.94,39395.953,44967.36,44393.875
41552.14,40511.71,44878.41,44117.117
41506.57,40458.293,44607.12,43825.79
41702.99,40553.04,44045.08,43735.65
41705.4,40690.758,44221.21,43680.527
42102.93,40909.258,44195.84,43646.496
41992.44,41174.58,44362.99,43730.875
42467.96,41416.277,44391.35,43786.41
42828.05,41798.473,44533.68,43915.02
43465.51,42380.36,44919.49,44109.543
43878.71,43012.305,45881.64,44504.332
44722.34,43810.78,46236.12,44825.34
45578.3,44783.78,46617.41,45249.66
46069.71,46140.7,47631.63,45773.09
47242.12,47289.45,49441.12,46651.043
48565.99,48647.71,50526.05,47462.105
50828.06,50350.8,51532.14,48549.613
55499.65,53555.293,53201.96,50096.566
57432.97,56563.273,55566.88,53010.938
59097.88,58755.37,57908.07,55010.098
60504.02,60270.965,59910.36,56793.19
62204.53,61835.46,61429.76,58385.42
63017.05,62853.42,63067.47,60037.89
63946.36,63756.492,63710.24,61232.816
64540.9,64429.016,64462.24,62205.715
64882.27,65832.78,65019.88,62963.504
65785.87,66095.75,65700.24,63836.164
65900.6,66372.93,66324.49,64395.24
66118.77,66622.55,66930.6,64858.844
65363.76,66819.914,67193.68,65191.465
65474.7,67017.06,66544.94,65262.15
65632.77,67218.85,67107.06,65483.734
66310.19,67482.945,66920.63,65699.18
66252.98,67556.3,67285.91,65911.15
66237.36,67778.305,67976.22,65933.62
66407.55,68020.484,68289.38,66168.58
67307.02,68319.945,68516.72,66477.5
67805.23,68372.26,69024.71,66870.336
68008.05,68616.5,69238.04,67038.3
68003.53,68761.484,69957.19,67346.305
68175.56,68865.11,70228.63,67592.98
67603.37,68559.1,70157.17,67759.77
67755.75,68523.625,69429.95,67518.234
67629.29,68480.5,69543.88,67382.22
67715.53,68415.03,69373.53,67172.734
67770.07,67902.27,69409.96,67017.625
68027.39,67833.93,69475.25,66550.01
66989.39,67753.305,69236.26,66302.08
66249.47,67632.54,68532.72,66071.16
65916.08,66940.06,68052.54,65937.19
65727.44,66802.92,67828.13,65499.35
64953.32,66705.9,67627.66,65253.21
64651.42,66572.984,67089.79,65024.273
64946.33,65833.9,66588.07,64835.184
64263.1,65687.87,66511.81,64347.363
63321.22,65579.664,65956.74,64129.65
62856.41,65406.227,65319.87,63903.406
63666.54,64597.0,64681.9,63660.645
62741.13,64448.98,64719.05,63054.168
62375.1,64250.977,64438.96,62829.023
61719.96,64084.75,64139.32,62683.8
62506.26,63206.285,64280.18,62603.88
62429.66,63035.895,64649.04,62195.83
62195.25,62872.844,64856.6,62180.934
62259.34,62710.902,64913.36,62176.65
63041.78,61855.92,65204.46,62186.297
62649.55,61660.137,64385.67,61749.656
62564.7,61504.293,64291.91,61634.68
63068.89,61382.35,64770.22,61445.49
63594.03,60295.824,64756.96,61229.65
64469.63,60080.09,65577.42,60260.9
64847.26,59995.875,65577.44,59960.457
64505.52,59898.824,65605.28,59655.477
63292.13,58998.562,65187.84,59333.918
62134.53,58596.305,64130.95,58444.22
60950.94,58134.215,63100.1,58049.6
59775.05,57631.22,61884.31,57624.094
58698.13,56499.918,60986.08,57187.746
57616.54,55825.348,60325.41,56458.11
56656.11,55251.57,59647.53,55849.934
55382.56,54763.74,58343.85,55155.363
54555.38,53605.895,57033.77,54442.594
53594.37,53138.746,56097.11,53403.434
52193.1,52748.637,54520.58,52634.08
51175.08,52344.438,53587.41,51935.82
49720.69,50402.457,52508.73,51357.855
48839.06,49443.74,51139.05,50144.664
48047.77,48506.645,49907.0,49497.375
47204.23,47664.016,49104.83,48691.746
46882.05,46699.297,48084.67,47902.676
46368.53,46070.023,47051.81,47047.86
45805.43,45537.31,46667.72,46427.695
45806.84,45069.29,46289.24,45874.242
45801.98,44630.88,46106.72,45397.484
45504.95,44375.332,46362.71,44887.633
44967.36,44150.57,46058.77,44505.39
44878.41,43926.375,45810.35,44152.117
44607.12,43451.6,45455.69,43838.36
44045.08,43458.383,45593.18,43551.61
44221.21,43388.887,45725.21,43450.12
44195.84,43397.1,45883.32,43393.703
44362.99,43587.055,45778.76,43335.68
44391.35,43760.805,45735.14,43408.332
44533.68,43958.754,45900.7,43450.285
44919.49,44165.492,45895.52,43553.703
45881.64,44588.027,46149.05,43708.883
46236.12,44961.05,46079.1,44109.37
46617.41,45351.848,46547.89,44446.125
47631.63,45822.25,47126.35,44876.316
49441.12,46936.742,47534.49,45389.76
50526.05,48128.273,48906.57,46312.34
51532.14,49581.375,49901.83,47115.74
53201.96,51406.24,50877.0,48152.258
55566.88,54572.133,52719.14,49617.51
57908.07,56593.93,55561.51,52327.83
59910.36,58354.87,57825.89,54230.395
61429.76,59844.785,59525.32,56047.082
63067.47,61435.297,61151.47,57724.65
63710.24,62241.28,62270.65,59569.02
64462.24,62755.99,62629.51,60831.86
65019.88,63099.73,63415.49,61880.973
65700.24,64498.145,63605.41,62686.5
66324.49,64773.35,64537.86,63752.664
66930.6,65057.42,65022.21,64331.938
67193.68,65335.133,65295.93,64808.055
66544.94,65468.348,64741.91,65110.293
67107.06,65724.35,64456.64,65226.453
66920.63,65985.09,64631.12,65393.227
67285.91,66211.92,65126.68,65566.53
67976.22,66232.375,65712.64,65716.81
68289.38,66475.23,65722.54,65704.664
68516.72,66721.086,66034.08,65870.28
69024.71,67008.27,65644.84,66092.67
69238.04,67088.164,66067.42,66401.2
69957.19,67365.39,66180.25,66257.95
70228.63,67643.96,66741.51,66608.93
70157.17,67840.05,66933.45,66936.3
69429.95,67637.17,67713.36,67204.31
69543.88,67655.305,67818.37,67041.516
69373.53,67647.65,67292.75,67001.91
69409.96,67671.2,67173.5,66926.41
69475.25,67214.71,67110.77,66827.65
69236.26,67210.17,67426.48,66275.09
68532.72,67166.8,66867.76,65996.09
68052.54,67143.44,66125.08,65758.51
67828.13,66422.125,65950.67,65622.86
67627.66,66297.7,65398.47,65100.67
67089.79,66191.625,65151.53,64864.56
66588.07,66088.63,65050.53,64675.617
66511.81,65268.86,64893.28,64484.86
65956.74,65173.016,64190.07,63969.066
65319.87,65078.703,63260.66,63726.977
64681.9,64973.08,62757.28,63564.562
64719.05,64088.562,62135.25,63395.17
64438.96,63978.89,61626.29,62857.17
64139.32,63898.656,61787.01,62637.535
64280.18,63834.188,61323.28,62468.58
64649.04,62976.297,61028.53,62403.223
64856.6,62855.25,61039.13,62088.21
64913.36,62807.887,61696.81,62157.938
65204.46,62787.043,61580.91,62182.996
64385.67,61866.28,61566.56,62218.66
64291.91,61617.273,61847.17,62027.445
64770.22,61443.402,61150.83,62043.164
64756.96,61339.695,61433.59,61948.953
65577.42,59937.3,61757.15,61750.266
65577.44,59788.41,62675.71,60852.016
65605.28,59681.266,63143.71,60625.906
65187.84,59573.016,63492.5,60392.44
64130.95,58547.71,62835.95,60116.09
63100.1,58204.62,62080.43,59323.35
61884.31,57819.312,60834.57,58984.18
60986.08,57407.453,59829.11,58651.652
60325.41,56358.707,58970.68,58288.086
59647.53,55832.918,57542.05,57635.727
58343.85,55348.07,56578.45,57097.367
57033.77,54866.965,55735.53,56466.625
56097.11,53699.773,55280.59,55825.312
54520.58,53204.47,54615.04,54906.15
53587.41,52790.25,53414.75,54206.97
52508.73,52451.047,52005.87,53555.12
51139.05,50732.227,50938.34,53021.203
49907.0,49993.82,49376.84,51687.848
49104.83,49171.676,48622.11,51013.18
48084.67,48402.81,47871.39,50177.63
47051.81,47444.375,47493.45,49367.555
46667.72,46715.715,46850.06,48466.312
46289.24,46142.703,46259.4,47776.453
46106.72,45678.656,45303.97,47151.242
46362.71,45198.703,45123.5,46621.047
46058.77,44966.438,44407.51,46048.66
45810.35,44744.47,44074.7,45617.79
45455.69,44545.004,43548.99,45222.92
45593.18,43739.223,43495.21,44882.92
45725.21,43755.17,43671.18,42155.184
45883.32,43797.766,43298.59,42232.484
45778.76,43865.527,42836.0,42251.715
45735.14,44103.195,42850.78,42182.74
45900.7,44293.414,43138.17,42135.85
45895.52,44521.914,42897.28,42014.39
46149.05,44727.527,42876.74,41900.945
46079.1,45149.156,42545.95,41793.086
46547.89,45368.812,42355.7,41737.805
47126.35,45661.566,42018.27,41653.438
47534.49,46041.074,41800.42,41566.72
48906.57,46924.445,41816.04,41484.297
49901.83,47784.953,41419.69,41435.5
50877.0,48926.844,40695.94,41330.934
52719.14,50426.844,40266.1,41221.023
55561.51,53526.41,40057.49,41130.844
57825.89,55668.84,40171.51,41143.203
59525.32,57668.664,40044.88,41091.926
61151.47,59323.516,40083.45,41075.21
62270.65,61209.766,40314.98,41086.91
62629.51,62050.246,41222.02,41277.61
63415.49,62583.734,41352.85,41397.746
63605.41,62914.652,42121.98,41601.78
64537.86,64610.008,42575.09,41897.836
65022.21,64830.89,43614.08,44143.637
65295.93,65097.17,44405.13,44657.82
64741.91,65326.32,45170.34,45262.76
64456.64,65512.52,45804.35,45933.03
64631.12,65695.516,46541.89,46673.27
65126.68,65910.67,46817.48,47296.305
65712.64,66127.234,47506.25,47883.37
65722.54,66185.59,48181.32,48418.664
66034.08,66382.67,48844.7,48947.793
65644.84,66600.984,49543.62,49349.977
66067.42,66803.65,50224.11,49707.598
66180.25,66718.38,50737.79,50025.992
66741.51,66878.516,51256.54,50404.21
66933.45,67041.33,52052.85,50781.938
67713.36,67159.875,52243.75,51185.223
67818.37,66881.4,52461.29,51521.496
67292.75,66877.14,52908.83,51733.36
67173.5,66850.69,52538.71,51738.44
67110.77,66808.63,51588.72,51576.64
67426.48,66188.19,51694.77,51314.91
66867.76,66095.92,50874.41,50812.957
66125.08,65948.01,50194.36,50287.7
65950.67,65800.22,49657.01,49773.062
65398.47,65042.992,49113.68,49301.59
65151.53,64808.47,48766.2,48760.457
65050.53,64651.645,48267.28,48343.332
64893.28,64535.316,48084.55,48003.16
64190.07,63842.984,47714.22,47723.7
63260.66,63634.3,47720.76,47389.535
62757.28,63490.87,47047.14,47176.164
62135.25,63371.523,47354.84,46997.33
61626.29,62582.684,47133.15,46860.938
61787.01,62424.32,47226.98,46774.09
61323.28,62366.996,47021.66,46770.758
61028.53,62344.297,46894.46,46811.32
61039.13,61662.61,46783.54,46914.777
61696.81,61600.58,47159.32,47150.777
61580.91,61605.43,47663.05,47401.793
61566.56,61619.92,48310.78,47673.242
61847.17,61043.414,48817.35,47945.695
61150.83,60948.418,49553.5,48119.43
61433.59,60835.426,49737.99,48273.543
61757.15,60712.242,50305.63,48372.555
62675.71,59574.434,50706.14,48437.062
63143.71,59432.47,51585.3,48452.367
63492.5,59334.965,51930.34,48479.594
62835.95,59226.164,52111.48,48467.79
62080.43,58432.14,51760.36,48433.555
60834.57,58084.676,51387.16,48424.656
59829.11,57710.56,50622.84,48335.56
58970.68,57324.29,49819.27,48206.492
57542.05,56361.555,49434.36,48060.24
56578.45,55861.383,48497.28,47899.785
55735.53,55427.863,47925.04,47693.06
55280.59,55067.07,47517.04,47467.09
54615.04,54116.527,47301.01,47251.29
53414.75,53796.355,47438.33,46932.17
52005.87,53461.58,46754.18,46678.113
50938.34,53056.23,45824.75,46421.4
49376.84,51132.633,45276.74,46187.543
48622.11,50121.656,44289.51,44847.316
47871.39,49140.066,43539.38,44468.64
47493.45,48257.586,42681.46,43880.39
46850.06,47379.742,42028.73,43221.625
46259.4,46733.188,41258.07,42465.137
45303.97,46174.246,40514.84,41820.066
45123.5,45663.902,39831.75,41232.45
44407.51,45206.184,39250.77,40711.473
44074.7,44861.31,38852.17,40233.535
43548.99,44582.125,38333.06,39800.555
43495.21,44335.535,38309.51,39395.76
43671.18,41719.4,38425.94,39026.51
43298.59,42340.176,38086.32,39747.85
42836.0,42769.246,38001.35,39558.473
42850.78,42989.324,37957.89,39491.715
43138.17,43195.934,38014.35,39479.95
42897.28,43307.44,38339.73,39608.824
42876.74,43382.633,38351.04,39704.223
42545.95,43425.95,38545.56,39848.71
42355.7,43492.5,38534.16,40044.188
42018.27,43476.01,39248.18,40412.895
41800.42,43429.57,39708.19,40708.07
41816.04,43391.51,40117.62,41019.293
41419.69,43432.39,40428.62,41353.97
40695.94,43380.918,41770.02,42075.82
40266.1,43279.22,42233.45,42608.004
40057.49,43031.605,43126.58,43524.914
40171.51,42994.504,44354.42,44400.59
40044.88,42839.72,46944.07,46431.69
40083.45,42629.844,48700.83,47967.723
40314.98,42426.816,50361.76,49530.043
41222.02,42257.273,51542.92,51071.64
41352.85,42214.406,53479.71,52925.297
42121.98,42290.637,53852.27,53628.508
42575.09,42745.562,54483.97,54612.824
43614.08,45993.137,55188.51,55881.85
44405.13,46230.93,55808.99,58097.918
45170.34,46788.758,56275.65,58847.62
45804.35,47447.992,56740.31,59617.418
46541.89,48143.406,57237.65,60303.76
46817.48,48766.477,57892.39,60747.504
47506.25,49148.688,58360.95,61105.68
48181.32,49465.9,58739.6,61377.84
48844.7,49663.53,58982.01,61626.727
49543.62,49877.004,58828.41,61790.18
50224.11,50059.13,58929.9,62011.98
50737.79,50196.32,59190.03,62277.785
51256.54,50159.555,59335.76,62588.2
52052.85,50236.12,59494.35,62839.875
52243.75,50430.363,60103.87,63143.55
52461.29,50615.16,60486.06,63473.7
52908.83,50645.54,60827.35,63835.92
52538.71,50830.586,60737.02,63996.16
51588.72,50852.914,60269.89,64049.47
51694.77,50675.11,59999.34,63939.508
50874.41,50426.21,59939.69,63700.87
50194.36,50150.64,59851.59,63065.562
49657.01,49841.887,59450.72,62556.91
49113.68,49558.24,58631.5,62096.293
48766.2,49093.633,57961.4,61681.594
48267.28,48809.586,57992.0,61022.41
48084.55,48548.637,57833.27,60660.215
47714.22,48376.055,57747.02,60370.4
47720.76,47995.24,57522.71,60138.27
47047.14,47856.016,57289.85,59696.383
47354.84,47591.824,56723.8,59570.2
47133.15,47569.22,56537.73,59456.914
47226.98,47391.457,56102.25,59327.867
47021.66,47344.656,55719.8,58881.914
46894.46,47283.645,55173.83,58881.492
46783.54,47257.875,55217.66,58921.805
47159.32,47299.11,55171.4,58991.94
47663.05,47387.28,55559.97,58681.35
48310.78,47636.5,56043.44,58846.0
48817.35,47985.945,56125.06,58924.637
49553.5,48488.86,56233.34,58954.42
49737.99,48751.02,56670.41,58260.29
50305.63,48912.496,56655.67,58152.277
50706.14,49093.723,56837.86,57993.13
51585.3,49077.74,57264.35,57792.71
51930.34,49216.195,58048.7,56859.43
52111.48,49310.492,58244.89,56619.133
51760.36,49364.65,58299.3,56399.938
51387.16,49062.84,57716.86,56189.22
50622.84,48985.707,56985.77,55660.984
49819.27,48857.43,55477.34,55488.332
49434.36,48689.613,54429.06,55289.523
48497.28,48408.402,53607.33,55100.8
47925.04,48129.832,52351.99,54927.785
47517.04,47870.99,51709.67,54511.496
47301.01,47655.113,51214.28,53925.316
47438.33,47320.695,50064.68,53247.54
46754.18,47276.867,49042.72,52023.625
45824.75,47048.285,48174.53,51309.336
45276.74,46637.97,47425.31,50664.727
44289.51,44169.918,46477.73,50133.168
43539.38,43354.844,45922.84,49049.47
42681.46,42588.188,45234.19,48457.836
42028.73,41838.56,44501.18,47701.094
41258.07,41217.29,43559.1,46923.742
40514.84,40576.56,42437.23,46020.242
39831.75,40019.11,41970.54,45394.27
39250.77,39552.406,41788.3,44830.105
38852.17,39269.59,41048.86,44339.375
38333.06,38990.297,40747.69,43838.336
38309.51,38781.926,40612.4,43476.773
38425.94,38646.47,40382.59,43168.434
38086.32,39929.105,40093.2,42899.113
38001.35,39712.652,39782.16,41722.53
37957.89,39703.723,39394.5,41703.457
38014.35,39796.484,39201.85,41621.07
38339.73,40042.617,39187.74,41523.336
38351.04,40274.426,39227.4,41532.984
38545.56,40506.61,39339.53,41531.625
38534.16,40760.027,39697.63,41564.31
39248.18,41157.836,39912.05,41630.016
39708.19,41537.875,40268.12,41798.65
40117.62,42017.727,40343.17,41897.51
40428.62,42640.082,40360.0,42002.19
41770.02,43913.004,40539.96,42120.66
42233.45,45347.28,40856.35,42359.1
43126.58,46636.0,41125.18,42520.844
44354.42,47889.18,41400.41,42701.555
46944.07,50019.773,41665.66,42931.95
48700.83,51965.523,41796.07,43422.87
50361.76,53750.188,42095.14,43808.64
51542.92,55420.023,42992.82,44296.758
53479.71,57249.18,43589.6,44845.71
53852.27,58392.844,44600.01,45787.63
54483.97,59183.516,45227.81,46503.316
55188.51,59834.438,45477.66,47209.203
55808.99,61410.42,46352.34,47856.445
56275.65,61589.305,47628.37,49350.336
56740.31,61759.21,48411.44,49961.984
57237.65,61921.527,49436.1,50654.24
57892.39,62046.242,49981.35,51363.875
58360.95,62181.79,50306.24,52212.305
58739.6,62305.44,50938.75,52904.926
58982.01,62428.777,51579.09,53530.023
58828.41,62415.156,51994.55,54052.746
58929.9,62395.91,52213.08,54492.758
59190.03,62382.61,52794.32,54829.695
59335.76,62399.027,53143.18,55091.62
59494.35,62268.04,53060.79,55290.812
60103.87,62225.414,53534.01,55436.66
60486.06,62289.457,54099.97,55608.594
60827.35,62428.46,54498.49,55800.867
60737.02,62381.89,54476.02,55992.434
60269.89,62425.7,54914.91,56041.008
59999.34,62489.613,54545.17,56066.895
59939.69,62561.332,54108.84,55980.43
59851.59,62269.223,53632.16,55803.99
59450.72,62233.305,52961.67,55319.832
58631.5,62193.594,52240.67,54791.246
57961.4,62093.035,52188.21,54215.016
57992.0,61497.65,51487.14,53630.79
57833.27,61312.65,50872.72,52953.598
57747.02,61195.805,50310.87,52337.766
57522.71,61110.754,49932.69,51850.242
57289.85,60440.38,49571.41,51463.05
56723.8,60270.453,49573.54,51106.562
56537.73,60160.613,49394.49,50834.176
56102.25,60075.89,49254.78,50654.82
55719.8,59310.008,48937.3,50524.043
55173.83,59188.72,49149.56,50417.03
55217.66,59119.668,48901.33,50277.984
55171.4,59109.473,49166.98,50230.832
55559.97,58413.86,48885.46,50269.26
56043.44,58435.89,49159.01,50483.34
56125.06,58503.324,49275.43,50637.453
56233.34,58582.97,49808.18,50800.625
56670.41,57890.28,49987.45,50970.45
56655.67,57862.57,50002.91,51104.09
56837.86,57807.17,50272.44,51154.64
57264.35,57696.953,50362.84,51136.664
58048.7,56552.363,50874.25,51103.13
58244.89,56298.6,52139.42,50746.805
58299.3,56086.25,52610.38,50648.086
57716.86,55867.656,52649.77,50468.402
56985.77,55290.336,51897.13,50226.875
55477.34,54933.84,51562.99,49776.273
54429.06,54501.07,50227.54,49483.863
53607.33,54128.223,49342.74,49161.367
52351.99,53112.23,48699.26,48848.03
51709.67,52576.36,48293.98,48684.203
51214.28,52141.742,47788.31,48262.09
50064.68,51753.957,47048.51,47790.72
49042.72,50376.223,46287.88,47341.938
48174.53,49890.71,46783.33,46697.86
47425.31,49436.055,46348.75,46241.76
46477.73,49023.168,45592.14,45806.707
45922.84,47490.14,44721.78,45425.883
45234.19,46734.223,43996.33,44548.688
44501.18,46066.72,43506.4,43994.32
43559.1,45412.99,42722.09,43283.355
42437.23,44605.844,42249.74,42538.703
41970.54,44052.332,41925.21,41789.074
41788.3,43647.72,41306.69,41109.25
41048.86,43372.406,40776.77,40494.836
40747.69,43031.844,40230.5,39960.848
40612.4,42848.93,38869.22,39545.688
40382.59,42723.17,38280.64,39172.766
40093.2,42604.582,38269.97,38873.285
39782.16,41121.555,38233.12,38638.39
39394.5,41045.617,37968.81,38044.195
39201.85,40909.277,37764.62,37799.367
39187.74,40718.527,37832.55,37644.36
39227.4,40604.297,37734.69,37525.68
39339.53,40478.23,38270.52,37492.926
39697.63,40430.453,38395.69,37432.633
39912.05,40487.016,38489.06,37397.004
40268.12,40691.574,38525.87,37386.46
40343.17,40889.27,38566.06,37454.53
40360.0,41116.45,38396.11,37489.742
40539.96,41360.344,38595.91,37519.285
40856.35,41788.59,38614.21,37537.473
41125.18,42133.094,39202.94,37591.695
41400.41,42477.156,38716.8,37600.035
41665.66,42833.727,38653.4,37609.3
41796.07,43485.39,38582.54,37620.355
42095.14,43851.15,38798.25,37698.42
42992.82,44238.445,38936.66,37753.82
43589.6,44765.883,38937.2,37858.97
44600.01,45807.49,39295.99,38031.39
45227.81,46627.99,39639.58,38456.15
45477.66,47466.008,39932.13,38843.39
46352.34,48185.71,40423.23,39311.805
47628.37,50332.47,41007.31,39851.29
48411.44,50939.082,42297.54,41665.848
49436.1,51507.473,42903.02,42317.207
49981.35,52128.555,43906.33,42970.953
50306.24,52840.703,44700.48,43679.88
50938.75,53309.918,45530.75,44597.953
51579.09,53773.81,46410.43,45320.277
51994.55,54200.15,47284.61,45987.992
52213.08,54593.84,47671.96,46626.082
52794.32,54886.504,48219.54,47400.09
53143.18,55128.508,48918.95,47955.46
53060.79,55283.098,49276.83,48511.914
53534.01,55353.03,49816.66,49075.76
54099.97,55353.94,50461.74,49820.973
54498.49,55310.504,51206.83,50345.176
54476.02,55216.54,51931.7,50954.293
54914.91,54994.83,52235.28,51628.555
54545.17,54756.97,51894.94,52316.727
54108.84,54463.605,51307.15,52588.125
53632.16,54158.023,51172.06,52637.047
52961.67,53678.82,50948.94,52476.324
52240.67,53259.41,50824.5,51982.25
52188.21,52865.617,50453.65,51310.668
51487.14,52550.453,50466.01,50641.33
50872.72,52084.36,50050.53,50040.645
50310.87,51669.75,50429.61,49341.258
49932.69,51329.836,50356.61,48767.01
49571.41,51036.99,50226.12,48322.03
49573.54,50713.594,49740.21,47977.637
49394.49,50457.74,49591.53,47659.98
49254.78,50284.21,49443.45,47464.99
48937.3,50159.08,49181.88,47332.547
49149.56,50034.406,48877.97,47234.938
48901.33,49911.863,49342.04,47273.89
49166.98,49827.01,49228.55,47225.87
48885.46,49867.863,49377.97,47239.516
49159.01,49888.566,49184.36,47310.188
49275.43,49824.04,49787.99,47841.71
49808.18,49840.35,50155.35,48176.668
49987.45,49961.734,50576.86,48549.82
50002.91,49969.234,50853.95,48923.008
50272.44,49861.35,50885.9,49500.316
50362.84,49845.508,51206.68,49781.22
50874.25,49852.07,51885.81,49943.074
52139.42,49610.99,52744.0,50029.91
52610.38,49693.434,53688.05,49885.62
52649.77,49792.95,53541.6,49947.7
51897.13,49869.324,53048.61,49980.273
51562.99,49435.2,52461.95,49859.883
50227.54,49322.484,52075.75,49982.812
49342.74,49086.445,51271.26,50028.207
48699.26,48817.277,50430.69,49999.06
48293.98,48255.17,49824.9,49923.934
47788.31,47988.016,49652.64,49819.176
47048.51,47730.227,49123.91,49562.047
46287.88,47411.88,48586.14,49245.71
46783.33,46616.523,48643.18,48922.707
46348.75,46490.176,49228.21,48346.73
45592.14,46271.3,48857.06,47919.605
44721.78,45927.055,48288.06,47478.086
43996.33,44348.703,47647.0,47068.402
43506.4,43418.227,46787.22,45813.332
42722.09,42682.258,45995.15,45229.06
42249.74,41953.59,45378.1,44542.934
41925.21,41363.22,44582.37,43887.836
41306.69,40852.547,43994.27,43297.055
40776.77,40407.92,43428.07,42743.508
40230.5,40042.715,42900.85,42228.93
38869.22,39832.855,42296.83,41762.88
38280.64,39484.297,41589.17,41406.67
38269.97,39220.797,41324.96,41015.785
38233.12,39052.46,41148.02,40663.082
37968.81,37527.06,41108.61,40352.664
37764.62,37478.855,40818.92,40608.88
37832.55,37440.81,40658.58,40448.273
37734.69,37343.688,40603.42,40405.65
38270.52,37276.58,40705.82,40429.39
38395.69,37252.11,40948.34,40579.867
38489.06,37258.816,41036.06,40742.766
38525.87,37285.28,41076.8,40980.055
38566.06,37378.863,41078.94,41287.445
38396.11,37435.79,41943.74,41743.953
38595.91,37486.79,42172.38,42227.777
38614.21,37556.29,42713.5,42803.457
39202.94,37693.5,43652.07,43455.523
38716.8,37819.945,45439.9,44378.938
38653.4,37883.01,46519.69,45303.355
38582.54,37935.957,47755.35,46479.812
38798.25,38097.75,49708.94,48086.316
38936.66,38192.65,53728.28,51063.824
38937.2,38288.75,56115.76,53593.535
39295.99,38372.855,58022.69,55763.047
39639.58,38738.457,59863.45,57552.805
39932.13,38969.223,61371.38,59299.836
40423.23,39265.645,62144.44,60506.277
41007.31,39707.875,62584.45,61489.246
42297.54,42714.83,63329.26,62283.414
42903.02,44032.758,64482.16,63291.707
43906.33,45162.297,65284.93,63987.52
44700.48,46224.477,65686.16,64544.227
45530.75,47159.293,65760.72,64958.266
46410.43,47861.99,65204.23,65087.832
47284.61,48477.984,65477.48,65323.84
47671.96,49025.74,65844.17,65548.18
48219.54,49303.88,65924.26,65766.54
48918.95,49648.79,66267.41,65688.37
49276.83,50027.723,66541.74,65887.875
49816.66,50321.484,66879.48,66141.695
50461.74,50420.156,67012.43,66438.39
51206.83,50623.953,66545.42,66426.25
51931.7,50832.258,67009.42,66689.03
52235.28,51029.062,67317.4,66944.11
51894.94,50988.33,67114.37,67138.74
51307.15,50958.41,66250.3,66869.945
51172.06,50843.746,66235.28,66719.33
50948.94,50765.613,66321.35,66535.41
50824.5,50468.875,66429.22,66359.11
50453.65,50345.33,66591.95,65827.95
50466.01,50215.582,66388.56,65515.254
50050.53,50190.633,65610.0,65272.49
50429.61,49920.19,64705.01,65073.242
50356.61,49966.414,64121.69,64653.684
50226.12,50057.156,64044.85,64376.883
49740.21,50140.074,63366.11,64143.375
49591.53,50043.29,63014.73,63935.78
49443.45,49972.527,63241.59,63555.664
49181.88,49962.664,63029.44,63284.887
48877.97,49920.74,62534.99,63000.023
49342.04,49914.004,62129.36,62672.35
49228.55,49921.844,62143.34,62272.46
49377.97,49963.54,61504.55,62042.53
49184.36,50050.895,61660.79,61902.086
49787.99,50206.652,61335.62,61814.04
50155.35,50269.883,61583.8,61752.773
50576.86,50411.184,61576.05,61794.438
50853.95,50559.293,62078.33,61823.984
50885.9,50696.68,62044.38,61853.67
51206.68,50646.445,62631.66,61857.46
51885.81,50688.24,62743.42,61982.863
52744.0,50790.027,63678.94,62085.58
53688.05,50726.168,64662.78,62127.03
53541.6,50795.137,65898.61,61639.977
53048.61,50866.61,65868.78,61350.258
52461.95,50890.36,65676.31,61013.598
52075.75,50523.15,65131.87,60675.727
51271.26,50422.277,64441.03,59846.562
50430.69,50268.11,62995.62,59546.98
49824.9,50080.58,61814.77,59274.188
49652.64,49399.254,61089.79,58975.316
49123.91,49199.75,59954.8,58478.25
48586.14,49003.785,59432.27,57842.598
48643.18,48804.812,58359.3,57077.54
49228.21,48258.973,57313.94,56267.42
48857.06,48293.543,56518.11,55020.582
48288.06,48220.11,55697.16,54084.293
47647.0,48052.45,54390.36,53220.99
46787.22,46538.484,53444.32,52503.242
45995.15,45669.54,51713.47,50895.246
45378.1,44811.375,50725.37,50132.562
44582.37,44033.66,49758.51,49254.465
43994.27,43173.59,49166.81,48455.62
43428.07,42491.977,47836.9,47604.21
42900.85,41898.562,47119.8,46988.73
42296.83,41395.56,46692.77,46459.21
41589.17,41000.977,46414.91,46011.766
41324.96,40588.77,45219.78,45536.09
41148.02,40266.297,44923.16,45188.637
41108.61,39999.27,44878.72,44888.36
40818.92,40653.836,44629.14,44636.387
40658.58,40441.21,44066.71,44295.89
40603.42,40397.496,43960.28,44281.613
40705.82,40445.977,44042.53,44298.83
40948.34,40658.047,44088.22,44322.633
41036.06,40921.36,44136.94,44429.31
41076.8,41239.54,44376.25,44529.164
41078.94,41603.83,44762.98,44686.35
41943.74,42139.453,44876.72,44911.043
42172.38,42801.492,45949.93,45303.074
42713.5,43425.516,46496.07,45698.387
43652.07,44127.29,47193.32,46184.67
45439.9,45418.64,48174.67,46736.258
46519.69,46925.594,49104.84,47554.664
47755.35,48352.496,49766.64,48349.01
49708.94,49723.6,50982.02,49387.5
53728.28,52436.652,52365.12,50764.22
56115.76,55003.082,55588.96,53423.137
58022.69,57411.64,57863.01,55829.86
59863.45,59178.76,59717.37,57950.766
61371.38,60843.89,61509.54,59618.297
62144.44,61499.316,63164.83,61312.523
62584.45,61894.195,64346.69,62532.76
63329.26,62183.66,65035.95,63526.54
64482.16,63663.145,65734.12,64301.406
65284.93,63900.55,67051.6,65639.43
65686.16,64220.16,67652.13,66244.66
65760.72,64567.445,67943.96,66719.86
65204.23,64839.684,68120.43,67088.33
65477.48,65106.152,66851.29,67221.77
65844.17,65386.35,67073.55,67447.56
65924.26,65656.89,67766.69,67664.1
66267.41,65681.85,67480.82,67866.0
66541.74,65977.74,67000.12,67898.43
66879.48,66318.66,67406.41,68122.016
67012.43,66673.195,67589.99,68413.32
66545.42,66642.734,67826.94,68731.43
67009.42,66867.01,68342.09,68794.484
67317.4,67063.92,69466.18,69002.67
67114.37,67196.5,69915.33,69190.266
66250.3,66871.9,70054.13,69310.28
66235.28,66824.55,69904.19,69085.62
66321.35,66786.33,69163.41,69016.914
66429.22,66738.02,68977.19,68933.7
66591.95,66143.42,69245.62,68865.19
66388.56,66043.91,69199.3,68322.984
65610.0,65937.766,68838.13,68019.63
64705.01,65754.64,68383.68,67769.016
64121.69,64897.96,67635.7,67535.766
64044.85,64570.094,67079.99,66937.195
63366.11,64341.625,66735.49,66654.56
63014.73,64102.54,66694.64,66426.61
63241.59,63421.523,66539.55,66233.65
63029.44,63245.1,66017.93,65742.625
62534.99,63146.21,65583.15,65508.543
62129.36,63041.164,65173.98,65297.25
62143.34,62535.18,64512.92,65089.062
61504.55,62406.215,64382.67,64583.156
61660.79,62285.34,64320.16,64344.945
61335.62,62250.67,64089.36,64165.555
61583.8,61823.61,63867.81,64060.87
61576.05,61740.26,63755.41,63836.703
62078.33,61717.92,63677.37,63834.324
62044.38,61769.35,64120.65,63801.95
62631.66,61484.727,64284.8,63813.066
62743.42,61537.266,64563.83,63706.61
63678.94,61644.273,64657.93,63835.28
64662.78,61836.707,65379.06,63868.42
65898.61,61488.074,65990.54,63801.61
65868.78,61676.38,66318.5,63287.45
65676.31,61779.516,65979.63,63157.49
65131.87,61814.97,65648.48,62961.895
64441.03,61175.844,65196.45,62779.574
62995.62,60977.5,63595.83,62191.902
61814.77,60629.277,62740.83,61784.266
61089.79,60153.816,61613.99,61266.645
59954.8,58558.01,60420.84,60675.53
59432.27,57532.996,59693.3,59609.957
58359.3,56663.047,58624.37,58772.16
57313.94,55850.234,57586.35,57892.367
56518.11,54128.605,56935.19,57008.9
55697.16,53414.535,56392.43,55617.26
54390.36,52882.547,55540.15,54665.68
53444.32,52471.285,54376.73,53823.656
51713.47,50528.0,53399.71,53170.17
50725.37,49751.69,52549.23,51375.03
49758.51,48949.117,51676.45,50631.516
49166.81,48272.965,50578.45,49728.016
47836.9,47559.19,49657.66,48889.246
47119.8,47009.125,48179.16,48039.35
46692.77,46534.664,47369.33,47405.734
46414.91,46156.53,47470.47,46858.54
45219.78,45783.582,47136.61,46396.26
44923.16,45418.785,46886.99,45957.676
44878.72,45151.16,46410.57,45587.945
44629.14,44982.812,45795.18,45262.316
44066.71,44703.17,45521.58,44967.664
43960.28,44759.656,44861.12,44853.504
44042.53,44856.633,44384.32,44841.586
44088.22,44954.715,44566.7,44849.418
44136.94,45163.934,44640.22,44871.504
44376.25,45328.7,45011.03,45008.707
44762.98,45533.914,45505.54,45074.496
44876.72,45773.414,45710.09,45194.875
45949.93,46149.383,45761.47,45372.45
46496.07,46488.41,46688.65,45774.98
47193.32,46857.54,47248.62,46140.76
48174.67,47308.59,47668.92,46643.66
49104.84,48231.72,48452.99,47212.71
49766.64,49134.42,49867.74,48133.363
50982.02,50309.41,50619.1,48999.152
52365.12,51852.223,51464.92,50122.86
55588.96,54786.9,53081.26,51605.727
57863.01,57108.473,56396.07,54460.504
59717.37,59171.926,58554.22,56728.22
61509.54,60704.656,59972.51,58650.332
63164.83,62279.508,61589.87,60234.875
64346.69,62981.17,63360.16,61866.56
65035.95,63423.613,64263.05,62965.574
65734.12,63720.902,65257.9,63858.31
67051.6,65663.99,65755.47,64534.242
67652.13,65820.836,65642.37,65713.586
67943.96,65996.336,65790.63,66190.055
68120.43,66212.23,65706.64,66572.125
66851.29,66410.766,66082.08,66851.77
67073.55,66596.31,65432.65,66921.3
67766.69,66804.5,65621.52,67099.3
67480.82,67029.56,65644.04,67298.92
67000.12,67143.48,65686.49,67500.3
67406.41,67349.69,65961.55,67525.87
67589.99,67576.195,65745.78,67754.58
67826.94,67806.22,65971.29,68075.05
68342.09,67811.83,66725.61,68459.28
69466.18,68018.29,67046.7,68625.54
69915.33,68240.98,67648.29,68893.31
70054.13,68410.55,68167.63,69104.36
69904.19,68208.26,68615.12,69245.79
69163.41,68259.52,68645.51,69054.12
68977.19,68269.625,68437.3,68989.46
69245.62,68292.64,68174.1,68897.53
69199.3,67819.1,68317.59,68807.46
68838.13,67783.62,68628.77,68321.44
68383.68,67757.664,68741.38,68019.99
67635.7,67692.82,68497.21,67774.625
67079.99,66927.64,67740.32,67593.59
66735.49,66790.83,67951.41,67121.64
66694.64,66671.85,67341.56,66861.4
66539.55,66562.72,67315.42,66646.39
66017.93,65711.164,66483.94,66468.81
65583.15,65541.11,66163.9,66003.17
65173.98,65387.312,65738.59,65802.56
64512.92,65251.03,65271.82,65611.29
64382.67,64448.53,64425.45,65423.47
64320.16,64313.836,63627.86,64944.633
64089.36,64225.9,63071.38,64713.44
63867.81,64151.77,62823.93,64537.36
63755.41,63518.43,62873.04,64421.367
63677.37,63422.285,62882.97,64200.32
64120.65,63346.594,63037.73,64260.504
64284.8,63363.395,63455.29,64281.97
64563.83,62938.523,63852.08,64302.008
64657.93,62980.22,64533.87,64275.6
65379.06,63046.164,64388.84,64488.555
65990.54,63122.92,65008.12,64622.43
66318.5,62900.074,65663.89,64686.324
65979.63,63014.297,66543.29,64602.44
65648.48,63045.21,66174.15,64657.125
65196.45,63086.805,65966.29,64643.4
63595.83,62462.457,65352.21,64555.113
62740.83,62110.395,64089.05,63813.24
61613.99,61706.46,62887.49,63215.17
60420.84,61117.24,62179.94,62521.062
59693.3,58992.656,60760.7,61795.758
58624.37,58041.105,59445.42,60460.32
57586.35,57143.81,58720.97,59564.016
56935.19,56323.055,58056.45,58672.316
56392.43,54554.375,57253.02,57806.59
55540.15,53905.062,56036.29,56472.387
54376.73,53423.625,55331.29,55578.074
53399.71,53093.617,54264.61,54748.137
52549.23,50875.312,53192.39,54072.99
51676.45,50050.484,52434.68,52093.88
50578.45,49164.59,51632.99,51341.812
49657.66,48443.66,51073.3,50466.59
48179.16,47744.58,50169.9,49622.35
47369.33,47267.195,49502.06,48750.44
47470.47,46848.0,48552.7,48099.32
47136.61,46560.637,48544.01,47520.58
46886.99,46269.58,47817.83,47037.258
46410.57,46056.855,47172.76,46583.06
45795.18,45859.934,46455.13,46195.25
45521.58,45647.367,46439.33,45852.04
44861.12,45343.785,46137.5,45551.84
44384.32,45324.867,45671.21,45725.527
44566.7,45298.016,45429.66,45673.586
44640.22,45338.29,45719.0,45663.953
45011.03,45562.008,45776.91,45664.754
45505.54,45718.47,45937.52,45808.965
45710.09,45925.727,45611.77,45879.184
45761.47,46129.21,46152.99,45997.785
46688.65,46532.4,46532.91,46171.688
47248.62,46817.816,47170.0,46557.793
47668.92,47179.055,47069.46,46878.207
48452.99,47584.086,47685.15,47331.94
49867.74,48537.516,48500.72,47876.05
50619.1,49488.695,49157.49,48804.285
51464.92,50739.477,49927.74,49634.41
53081.26,52226.19,51073.39,50711.92
56396.07,55070.535,52629.67,52115.977
58554.22,57182.305,55607.09,54906.53
59972.51,59102.31,57917.09,57151.547
61589.87,60602.88,59433.93,59055.918
63360.16,62253.746,60947.09,60644.035
64263.05,62953.58,62859.41,62222.656
65257.9,63384.242,63694.14,63320.867
65755.47,63666.855,63962.04,64234.258
65642.37,65644.16,64499.41,64929.66
65790.63,65771.09,65733.84,66045.52
65706.64,65988.35,66220.98,66543.04
66082.08,66239.266,66929.46,66950.58
65432.65,66475.68,67321.5,67248.91
65621.52,66724.695,66639.09,67355.38
65644.04,67002.78,67010.69,67536.59
65686.49,67272.49,67440.17,67731.36
65961.55,67388.914,67700.5,67944.61
65745.78,67673.81,67489.56,67982.93
65971.29,67980.164,67540.06,68222.914
66725.61,68305.766,67614.37,68561.9
67046.7,68352.71,68287.27,68938.44
67648.29,68545.66,68808.81,69105.555
68167.63,68693.164,69144.11,69413.984
68615.12,68803.94,69361.79,69671.36
68645.51,68531.016,69196.0,69874.78
68437.3,68575.62,68845.29,69694.45
68174.1,68607.97,68866.66,69678.46
68317.59,68631.62,68828.29,69605.41
68628.77,68164.805,68380.23,69532.19
68741.38,68143.19,69131.97,68996.58
68497.21,68137.914,68527.13,68714.61
67740.32,68128.44,67559.65,68472.85
67951.41,67379.516,67851.46,68299.75
67341.56,67282.06,66888.54,67756.53
67315.42,67176.28,66879.17,67492.68
66483.94,67094.98,66684.35,67242.55
66163.9,66193.33,66670.28,67032.84
65738.59,66053.94,65824.78,66505.38
65271.82,65924.086,65746.58,66228.555
64425.45,65793.38,65537.8,65990.19
63627.86,64953.758,64856.93,65747.125
63071.38,64748.676,64133.65,65229.438
62823.93,64602.742,63479.05,64935.49
62873.04,64478.55,63494.85,64708.95
62882.97,63824.777,63178.42,64541.08
63037.73,63789.36,63992.33,64291.203
63455.29,63788.594,64299.07,64293.133
63852.08,63810.562,63974.79,64256.766
64533.87,63470.1,63849.59,64247.086
64388.84,63608.414,64082.98,64174.906
65008.12,63740.207,63635.51,64367.83
65663.89,63909.29,64171.77,64544.17
66543.29,64186.938,64923.11,64676.734
66174.15,64386.79,65884.9,64744.086
65966.29,64532.023,65909.89,64965.54
65352.21,64627.055,65349.13,65070.18
64089.05,64078.84,64867.29,65076.01
62887.49,63650.535,64163.43,64428.434
62179.94,63069.45,63037.95,63841.508
60760.7,62408.61,62184.09,63149.508
59445.42,60068.97,61371.28,62434.477
58720.97,58875.168,59577.04,61105.18
58056.45,57893.82,59009.66,60262.05
57253.02,57095.246,58266.53,59406.875
56036.29,55349.57,57474.08,58578.758
55331.29,54693.996,57197.91,57317.35
54264.61,54230.69,56376.22,56430.38
53192.39,53911.434,55271.36,55603.688
52434.68,51566.074,54066.27,54900.76
51632.99,50640.555,52812.12,52844.52
51073.3,49706.62,51925.99,52110.188
50169.9,48939.285,51210.0,51232.45
49502.06,48185.043,50563.15,50407.707
48552.7,47725.93,49843.67,49551.17
48544.01,47315.094,49247.05,48904.5
47817.83,47017.05,49099.03,48333.52
47172.76,46678.734,48261.4,47835.805
46455.13,46393.2,47131.65,47334.254
46439.33,46114.395,46773.21,46925.445
46137.5,45927.39,46640.85,46555.863
45671.21,45938.285,46470.64,46231.406
45429.66,45970.113,45850.67,46263.934
45719.0,46014.363,45824.23,46252.08
45776.91,46086.25,45828.54,46285.234
45937.52,46343.85,45971.45,46291.945
45611.77,46482.2,46161.65,46414.832
46152.99,46598.48,46230.65,46473.016
46532.91,46778.535,46316.18,46578.43
47170.0,47195.457,46477.04,46753.062
47069.46,47433.66,46649.08,47158.9
47685.15,47684.375,47000.37,47501.832
48500.72,48036.67,47736.89,47929.016
49157.49,48957.414,48391.68,48440.266
49927.74,49708.22,49650.28,49315.383
51073.39,50709.387,50200.84,50132.03
52629.67,52003.746,51223.39,51159.844
55607.09,54772.395,52630.67,52468.918
57917.09,56901.254,56350.13,55038.023
59433.93,58883.17,58599.99,57223.934
60947.09,60455.35,60638.58,59255.492
62859.41,62173.656,62285.0,60906.188
63694.14,63011.438,64359.58,62467.203
63962.04,63570.77,65249.72,63498.938
64499.41,63916.867,65987.27,64312.96
65733.84,65829.42,66629.51,64985.586
66220.98,65958.47,67306.65,66061.414
66929.46,66202.805,67483.31,66600.21
67321.5,66479.35,67669.63,67055.08
66639.09,66692.73,67890.51,67421.555
67010.69,66917.35,67252.74,67523.016
67440.17,67177.97,67297.17,67766.914
67700.5,67467.984,67987.88,68006.74
67489.56,67556.97,68481.89,68230.04
67540.06,67853.4,67734.29,68202.86
67614.37,68202.41,67659.46,68451.266
68287.27,68537.54,67819.74,68767.25
68808.81,68545.47,68288.63,69146.54
69144.11,68833.06,68350.29,69161.086
69361.79,69078.3,68472.44,69370.54
69196.0,69272.805,68559.01,69512.375
68845.29,68901.81,68262.9,69599.87
68866.66,68942.95,68373.37,69253.41
68828.29,68961.875,67813.1,69095.984
68380.23,68976.04,67353.86,68919.82
69131.97,68301.8,67434.01,68742.234
68527.13,68270.84,67769.58,68069.36
67559.65,68205.39,67059.61,67670.64
67851.46,68084.39,66415.21,67284.93
66888.54,67251.875,65666.67,66935.48
66879.17,67027.39,65527.13,66256.16
66684.35,66869.72,65292.64,65866.766
66670.28,66762.08,65212.55,65541.84
65824.78,65952.74,64959.02,65281.227
65746.58,65714.58,64872.79,64710.586
65537.8,65589.2,64366.89,64474.887
64856.93,65493.81,63532.74,64242.586
64133.65,64693.92,62964.05,64015.36
63479.05,64455.516,62665.48,63527.05
63494.85,64292.754,62309.45,63361.14
63178.42,64170.953,62307.95,63259.15
63992.33,63438.055,62324.48,63221.363
64299.07,63391.0,62933.45,62984.42
63974.79,63376.184,62875.05,63046.89
63849.59,63332.695,63211.08,63120.19
64082.98,62893.1,63261.24,63175.242
63635.51,62900.207,64150.99,62873.79
64171.77,62903.18,64135.13,62849.38
64923.11,62991.664,64856.67,62734.15
65884.9,63144.312,65538.34,62591.32
65909.89,63378.375,66540.11,62112.062
65349.13,63556.62,65782.24,62078.418
64867.29,63633.75,65194.36,61987.336
64163.43,63246.797,64776.64,61818.4
63037.95,62720.64,63017.67,61288.773
62184.09,62057.54,61551.3,60840.316
61371.28,61333.445,60328.49,60303.223
59577.04,59199.805,59315.0,59742.598
59009.66,58122.324,57977.84,58652.688
58266.53,57288.57,57215.17,57850.47
57474.08,56655.117,56267.06,57047.137
57197.91,55088.66,55546.46,56274.062
56376.22,54674.434,55059.89,54827.74
55271.36,54358.117,54455.38,54038.94
54066.27,54108.043,53379.37,53322.855
52812.12,51888.668,52055.52,52732.086
51925.99,51066.727,50862.26,51256.0
51210.0,50173.55,50263.26,50592.953
50563.15,49390.664,49537.82,49750.25
49843.67,48471.566,48495.9,48917.742
49247.05,47878.816,47453.99,47940.5
49099.03,47348.93,46833.62,47222.324
48261.4,46920.508,46751.84,46573.945
47131.65,46374.883,46027.86,45991.727
46773.21,45932.465,45381.27,45386.484
46640.85,45586.51,44919.88,44917.188
46470.64,45341.71,44479.92,44494.293
45850.67,45085.312,44123.81,44124.816
45824.23,45025.133,43635.45,42922.4
45828.54,45044.758,43319.55,42894.11
45971.45,45072.79,43127.07,42791.37
46161.65,45274.734,43098.19,42624.9
46230.65,45431.848,42991.86,42550.164
46316.18,45611.79,42832.16,42449.375
46477.04,45812.758,43028.46,42407.227
46649.08,46192.492,42735.72,42396.348
47000.37,46437.434,42777.7,42505.902
47736.89,46732.58,43005.88,42566.902
48391.68,47144.566,43009.1,42650.36
49650.28,47962.867,43370.82,42755.93
50200.84,48818.484,44064.05,43001.703
51223.39,49847.656,44221.81,43154.25
52630.67,51108.086,44138.69,43358.527
56350.13,53612.945,44504.43,43635.004
58599.99,55844.145,44886.42,44192.12
60638.58,58033.74,45476.76,44678.926
62285.0,59889.652,45653.67,45265.438
64359.58,61860.617,46539.65,45907.883
65249.72,62912.203,47469.01,46825.133
65987.27,63620.844,47974.15,47500.86
66629.51,64134.81,48250.25,48117.195
67306.65,65801.02,49060.58,48732.297
67483.31,66018.96,50452.19,49892.363
67669.63,66241.61,51536.47,50591.617
67890.51,66480.67,52041.57,51363.395
67252.74,66559.94,52629.97,52171.945
67297.17,66753.63,53071.94,52927.723
67987.88,66944.22,53755.62,53591.508
68481.89,67131.14,54355.54,54150.332
67734.29,67011.625,54964.39,54593.086
67659.46,67165.08,55520.1,54880.484
67819.74,67337.09,55586.16,55131.297
68288.63,67569.59,55950.56,55331.402
68350.29,67378.63,55968.54,55503.723
68472.44,67566.305,56412.07,55628.688
68559.01,67670.95,56986.7,55440.066
68262.9,67833.59,57254.01,55636.062
68373.37,67302.53,57199.86,55700.87
67813.1,67219.31,56497.81,55487.25
67353.86,67094.35,56603.42,55165.28
67434.01,66954.72,56306.66,54725.227
67769.58,66210.11,55731.17,54218.598
67059.61,66108.9,55258.49,53546.18
66415.21,65960.914,54633.04,52916.613
65666.67,65765.58,54203.13,52309.812
65527.13,65009.3,53446.8,51781.145
65292.64,64783.004,53228.93,51230.785
65212.55,64615.92,52810.66,50799.63
64959.02,64494.36,52703.77,50497.664
64872.79,63775.637,52039.34,50272.246
64366.89,63602.727,51512.89,50055.625
63532.74,63454.785,50929.39,49860.023
62964.05,63293.426,50392.08,49676.293
62665.48,62597.895,50310.16,49512.824
62309.45,62368.11,50651.82,49460.508
62307.95,62189.266,50457.51,49447.438
62324.48,62104.508,50621.11,49543.48
62933.45,61518.4,50937.2,49707.92
62875.05,61467.84,51595.25,50075.016
63211.08,61480.844,51892.06,50313.01
63261.24,61528.57,52284.32,50544.035
64150.99,60572.453,52508.34,50753.027
64135.13,60522.965,53402.19,50925.59
64856.67,60484.195,53691.98,50926.953
65538.34,60530.605,54069.92,50872.42
66540.11,59649.004,55126.82,50799.094
65782.24,59702.46,55640.15,50897.605
65194.36,59619.63,55329.99,50809.727
64776.64,59513.46,54728.57,50677.105
63017.67,58859.824,53730.01,50528.55
61551.3,58494.74,52804.89,50649.418
60328.49,58063.887,51642.86,50276.188
59315.0,57604.277,50604.29,49822.2
57977.84,56677.332,49761.0,49356.836
57215.17,56077.543,48654.81,48801.258
56267.06,55593.977,47889.86,48221.324
55546.46,55181.33,47201.96,47655.46
55059.89,54118.18,46882.22,47148.77
54455.38,53798.793,46536.92,46326.832
53379.37,53526.875,45921.06,45846.45
52055.52,53224.008,45108.28,45388.516
50862.26,51134.586,44441.7,44976.84
50263.26,50111.78,44074.18,43785.32
49537.82,49079.863,43177.02,43217.68
48495.9,48185.27,42375.47,42467.43
47453.99,47195.613,41770.75,41690.25
46833.62,46489.29,41440.63,40869.227
46751.84,45936.516,40964.01,40198.47
46027.86,45550.492,40610.28,39608.695
45381.27,45103.062,40050.9,39119.97
44919.88,44796.07,39579.44,38733.227
44479.92,44544.582,39092.73,38407.855
44123.81,44330.035,38582.25,38137.195
43635.45,42757.18,38187.59,37919.906
43319.55,42813.67,38197.97,37548.492
43127.07,42800.7,37786.87,37375.49
43098.19,42692.92,37600.1,37270.008
42991.86,42639.84,37752.9,37170.734
42832.16,42536.895,37623.29,37117.906
43028.46,42491.477,37386.85,37061.125
42735.72,42540.56,37507.06,37024.28
42777.7,42665.31,37323.46,37005.41
43005.88,42735.344,37594.62,37017.83
43009.1,42811.305,37653.24,37008.344
43370.82,42860.99,37817.88,37024.54
44064.05,43113.21,38178.04,37056.676
44221.81,43375.867,38055.95,37146.047
44138.69,43649.867,38153.85,37189.46
44504.43,43895.375,38468.65,37220.504
44886.42,44413.637,38678.34,37252.453
45476.76,44783.164,39100.07,37372.39
45653.67,45236.52,39455.55,37458.656
46539.65,45651.21,40053.42,37591.566
47469.01,46499.727,40297.03,37783.86
47974.15,47220.836,40955.05,38225.79
48250.25,47920.293,41301.12,38565.02
49060.58,48599.82,41505.84,38960.65
50452.19,50223.18,41929.71,39470.145
51536.47,50985.254,43335.59,41385.098
52041.57,51756.16,44349.15,42043.28
52629.97,52381.62,44976.95,42784.7
53071.94,52927.996,45815.58,43552.824
53755.62,53411.848,46414.86,44470.453
54355.54,53897.5,47049.56,45192.71
54964.39,54341.074,47924.8,45835.258
55520.1,54711.293,48669.81,46385.504
55586.16,55054.24,48946.66,46928.18
55950.56,55267.707,49565.31,47345.203
55968.54,55429.375,50074.65,47749.312
56412.07,55445.51,50629.03,48119.18
56986.7,55427.93,50846.51,48499.207
57254.01,55383.86,51763.5,48843.816
57199.86,55275.305,52222.45,49241.797
56497.81,54931.77,52234.97,49652.48
56603.42,54572.38,52014.91,49891.156
56306.66,54274.223,52146.18,49981.832
55731.17,53988.832,52040.08,49880.69
55258.49,53461.29,51078.0,49639.08
54633.04,53101.555,50273.56,49148.05
54203.13,52726.36,49979.97,48683.914
53446.8,52403.586,49446.11,48235.656
53228.93,51760.81,49151.71,47848.184
52810.66,51425.508,48856.59,47312.445
52703.77,51175.24,48713.25,46989.53
52039.34,51045.375,48164.49,46742.773
51512.89,50578.004,47859.81,46570.496
50929.39,50252.758,48157.95,46233.996
50392.08,49985.996,47467.96,46136.8
50310.16,49774.074,47091.41,46065.12
50651.82,49666.812,46984.24,46022.547
50457.51,49846.2,47414.7,45874.445
50621.11,50012.008,47239.02,45975.33
50937.2,50286.133,47175.41,46193.125
51595.25,50615.844,47282.27,46472.14
51892.06,50935.984,47645.01,46780.227
52284.32,51210.418,47921.53,47340.54
52508.34,51462.26,48871.36,47978.324
53402.19,51618.72,49428.62,48616.387
53691.98,51688.117,50246.52,49064.434
54069.92,51739.39,50942.11,49486.35
55126.82,51811.39,52070.78,49754.465
55640.15,52277.582,53183.36,49926.664
55329.99,52337.082,54082.93,49924.652
54728.57,52332.41,54081.64,50107.145
53730.01,52251.18,53683.3,50218.78
52804.89,51771.62,52671.09,50245.035
51642.86,51244.336,52427.18,50637.207
50604.29,50630.43,51627.39,50565.7
49761.0,49983.957,51218.32,50417.184
48654.81,48582.332,50383.98,50230.66
47889.86,47867.867,49694.48,49788.45
47201.96,47289.08,49158.85,49436.477
46882.22,46793.883,49084.2,49049.387
46536.92,45982.094,48684.31,48699.383
45921.06,45592.555,48625.97,48083.977
45108.28,45182.188,48296.6,47716.18
44441.7,44717.168,47621.19,47342.54
44074.18,43214.754,46758.77,47008.664
43177.02,42486.543,46123.61,46063.33
42375.47,41885.09,45232.02,45508.598
41770.75,41359.26,44207.48,44863.645
41440.63,40875.42,43880.53,44253.33
40964.01,40520.055,43108.37,43602.016
40610.28,40242.273,42390.34,43104.22
40050.9,40044.547,41976.38,42654.055
39579.44,39916.39,41448.31,42249.63
39092.73,39792.32,41038.59,41846.64
38582.25,39696.06,40619.46,41499.508
38187.59,39615.54,40263.86,41181.664
38197.97,38477.08,40134.02,40890.598
37786.87,38344.457,40114.77,41361.023
37600.1,38141.22,39546.7,41099.812
37752.9,37923.258,39360.62,40975.62
37623.29,37799.586,39208.58,40918.62
37386.85,37698.688,39172.01,40936.336
37507.06,37622.133,39321.39,40978.36
37323.46,37581.496,39330.96,41076.633
37594.62,37603.523,39577.03,41253.098
37653.24,37609.992,40282.11,41578.547
37817.88,37633.23,40529.72,41964.18
38178.04,37673.195,41306.59,42458.062
38055.95,37842.977,42275.38,43061.34
38153.85,37937.758,44169.06,43941.15
38468.65,38040.22,45036.09,44865.74
38678.34,38146.625,46220.47,46089.758
39100.07,38416.73,48467.1,47798.03
39455.55,38547.3,52375.0,51149.17
40053.42,38684.41,54832.5,53867.227
40297.03,38843.355,56352.86,56123.27
40955.05,39264.67,58732.33,57958.0
41301.12,39503.195,61649.46,59745.74
41505.84,39764.223,62531.3,60938.207
41929.71,40131.91,63150.03,61889.973
43335.59,42852.203,63787.0,62649.965
44349.15,43818.87,64651.02,63499.59
44976.95,44896.145,64974.94,63964.613
45815.58,45862.51,65272.16,64334.246
46414.86,46824.71,65202.37,64615.84
47049.56,47416.457,64449.55,64714.855
47924.8,47870.156,64456.15,64823.64
48669.81,48311.688,64965.93,64925.89
48946.66,48713.516,64909.15,65022.1
49565.31,48956.152,64962.23,65106.016
50074.65,49253.113,64808.78,65235.93
50629.03,49519.188,65055.88,65398.664
50846.51,49721.07,65560.43,65594.96
51763.5,49887.625,65826.63,65804.7
52222.45,50272.832,66233.6,65990.69
52234.97,50600.242,66232.39,66132.78
52014.91,50566.15,66387.71,66210.04
52146.18,50517.453,66424.14,66135.695
52040.08,50521.3,66280.29,65979.72
51078.0,50469.88,66270.36,65806.03
50273.56,49754.17,66151.4,65646.13
49979.97,49186.395,66593.22,65385.535
49446.11,48853.54,66279.72,65150.215
49151.71,48530.848,66172.63,64954.402
48856.59,47982.98,65620.75,64786.62
48713.25,47763.477,65370.02,64418.06
48164.49,47672.22,64897.4,64165.273
47859.81,47504.242,64504.05,63939.434
48157.95,47061.734,64317.74,63734.45
47467.96,47092.477,64323.24,63274.555
47091.41,46957.82,63828.69,63021.742
46984.24,46866.617,63537.12,62746.605
47414.7,46677.086,62891.84,62465.984
47239.02,46827.79,62669.22,61889.52
47175.41,47031.938,62470.31,61720.84
47282.27,47238.543,62241.68,61637.695
47645.01,47506.227,62174.45,61587.777
47921.53,47833.324,62602.38,61264.117
48871.36,48214.62,63035.12,61389.523
49428.62,48757.22,63370.62,61561.137
50246.52,49281.01,63595.33,61785.6
50942.11,49586.082,63874.78,61714.66
52070.78,49908.695,64064.78,62058.336
53183.36,50304.938,65206.54,62324.234
54082.93,50686.516,66724.71,62559.79
54081.64,50934.992,67574.25,62411.805
53683.3,51090.285,67299.13,62654.81
52671.09,51100.598,67187.06,62800.016
52427.18,51015.44,66641.64,62858.83
51627.39,50791.984,65112.64,62729.957
51218.32,50488.17,63861.99,62309.95
50383.98,50228.973,62735.66,61712.82
49694.48,49632.25,61825.24,61040.906
49158.85,49205.42,60677.74,59645.973
49084.2,48845.453,59772.12,58753.434
48684.31,48668.902,58877.37,57806.43
48625.97,47980.64,57867.15,56901.758
48296.6,47807.293,56802.15,55459.867
47621.19,47597.88,55930.04,54527.215
46758.77,47269.383,54645.36,53686.3
46123.61,45878.875,53568.52,53012.402
45232.02,44972.727,51904.2,51609.492
44207.48,44119.734,51018.07,50925.586
43880.53,43318.5,50076.93,50098.125
43108.37,42601.016,49332.27,49318.39
42390.34,42025.477,48164.12,48480.906
41976.38,41530.203,47804.52,47860.082
41448.31,41136.92,47523.39,47322.977
41038.59,40808.293,46867.59,46863.258
40619.46,40525.082,46199.7,46361.867
40263.86,40322.258,45839.86,45977.83
40134.02,40187.223,45790.85,45629.44
40114.77,40879.477,45735.8,45338.54
39546.7,40791.625,45252.51,44791.83
39360.62,40810.07,45198.61,44667.49
39208.58,40893.91,45104.4,44589.684
39172.01,41098.547,45026.69,44530.45
39321.39,41277.773,45372.29,44593.062
39330.96,41465.223,45581.45,44640.4
39577.03,41639.074,46052.43,44745.906
40282.11,41968.58,46159.51,44908.703
40529.72,42277.16,46729.96,45284.176
41306.59,42644.805,47228.26,45621.824
42275.38,43150.477,47735.13,46056.05
44169.06,44205.805,48628.42,46582.254
45036.09,45616.97,49703.52,47519.266
46220.47,47360.945,50400.17,48368.816
48467.1,49305.953,51764.15,49498.746
52375.0,52363.797,53485.84,51085.496
54832.5,55058.836,56841.05,53943.355
56352.86,57287.047,58666.87,56038.0
58732.33,58999.598,60335.74,57949.56
61649.46,60784.0,61802.42,59657.34
62531.3,61888.53,63801.05,61419.6
63150.03,62678.5,64685.27,62673.742
63787.0,63168.04,65250.15,63652.95
64651.02,64376.414,65622.54,64374.17
64974.94,64488.652,65943.24,65046.367
65272.16,64682.266,66338.35,65418.81
65202.37,64943.797,66579.98,65684.06
64449.55,65013.113,66962.22,65855.664
64456.15,65114.25,66466.55,65775.0
64965.93,65197.96,66664.98,65848.53
64909.15,65255.797,67047.64,65919.59
64962.23,65184.832,67155.85,66005.84
64808.78,65213.26,67017.23,65969.586
65055.88,65251.617,67247.79,66058.92
65560.43,65343.977,67435.94,66210.98
65826.63,65373.938,67786.82,66409.47
66233.6,65461.75,68116.19,66528.34
66232.39,65494.77,68784.3,66698.26
66387.71,65457.484,69146.41,66818.42
66424.14,65228.9,69479.11,66884.484
66280.29,65174.188,69105.19,66767.125
66270.36,65107.4,68824.59,66600.06
66151.4,65047.953,68573.1,66441.25
66593.22,64713.62,68175.25,66314.79
66279.72,64704.938,67964.31,65965.195
66172.63,64692.812,67552.39,65717.98
65620.75,64688.21,66899.06,65557.28
65370.02,64223.027,66261.51,65414.47
64897.4,64146.703,65848.16,65014.0
64504.05,64074.984,65852.65,64787.25
64317.74,64013.586,65974.71,64575.65
64323.24,63407.695,65532.37,64379.484
63828.69,63350.605,65857.74,63887.703
63537.12,63305.113,65508.38,63654.926
62891.84,63305.16,65102.59,63429.33
62669.22,62637.13,64611.74,63176.203
62470.31,62573.445,64649.24,62572.234
62241.68,62595.945,64533.39,62382.344
62174.45,62660.32,64521.46,62313.35
62602.38,62145.824,64386.31,62304.984
63035.12,62256.875,64748.66,62056.223
63370.62,62481.34,65038.38,62196.273
63595.33,62740.383,65523.6,62318.906
63874.78,62447.61,66081.23,62442.74
64064.78,62603.074,66078.45,62368.06
65206.54,62755.375,66793.35,62582.758
66724.71,62994.33,67909.67,62756.836
67574.25,63146.54,68961.85,62922.574
67299.13,63364.168,69208.71,63154.812
67187.06,63503.8,68667.74,63512.094
66641.64,63587.75,68216.95,63748.48
65112.64,62869.85,67533.18,63856.91
63861.99,62417.164,66159.28,63355.156
62735.66,61893.62,64764.99,62678.008
61825.24,61342.29,63731.45,61841.125
60677.74,59501.305,62653.53,61002.18
59772.12,58724.848,61388.28,59471.867
58877.37,58005.605,60233.12,58586.402
57867.15,57399.453,58936.48,57691.48
56802.15,55683.332,58120.46,56814.918
55930.04,55085.29,57663.41,55443.84
54645.36,54614.723,56719.21,54543.22
53568.52,54194.57,55230.55,53708.02
51904.2,52181.25,54219.01,53014.81
51018.07,51339.91,52561.31,51484.758
50076.93,50486.543,51211.79,50785.41
49332.27,49705.355,50445.0,49910.18
48164.12,48810.56,49642.03,49087.85
47804.52,48105.34,48694.03,48244.867
47523.39,47551.348,48079.51,47604.59
46867.59,47100.277,47801.78,47051.156
46199.7,46563.68,47263.08,46587.715
45839.86,46178.465,46474.12,46105.105
45790.85,45882.84,46208.55,45738.875
45735.8,45676.855,46041.58,45407.535
45252.51,44736.156,45715.03,45111.266
45198.61,44725.086,45173.93,44816.48
45104.4,44742.242,45316.24,44802.582
45026.69,44766.562,45566.96,44819.246
45372.29,44958.324,45560.38,44837.875
45581.45,45160.766,45500.43,45015.41
46052.43,45405.547,45946.47,45144.727
46159.51,45682.797,46368.62,45325.53
46729.96,46123.805,46794.82,45557.938
47228.26,46439.574,47030.43,46010.78
47735.13,46796.1,47235.43,46400.953
48628.42,47226.645,47994.55,46912.93
49703.52,48252.16,48516.87,47514.6
50400.17,49198.094,50082.76,48535.637
51764.15,50490.85,50409.41,49402.74
53485.84,52459.67,51448.89,50512.617
56841.05,56078.434,53058.86,51966.832
58666.87,58393.26,56806.42,54906.773
60335.74,60178.355,59150.99,57194.086
61802.42,61499.418,60647.81,59244.664
63801.05,62850.44,62004.97,60961.883
64685.27,63421.156,64439.83,62713.043
65250.15,63746.723,65611.42,63853.434
65622.54,63930.465,66382.76,64759.21
65943.24,65315.812,67215.15,65446.297
66338.35,65380.79,67903.42,66087.9
66579.98,65540.97,68525.65,66599.5
66962.22,65757.75,68693.7,67009.54
66466.55,65822.45,68830.59,67265.08
66664.98,65996.12,68772.58,67262.164
67047.64,66156.81,69032.53,67367.52
67155.85,66320.016,69341.52,67458.31
67017.23,66306.67,69354.9,67573.984
67247.79,66427.55,69372.38,67469.17
67435.94,66581.23,69752.66,67594.914
67786.82,66729.68,69949.71,67796.05
68116.19,66703.79,70299.06,68033.41
68784.3,66799.305,70380.41,68046.9
69146.41,66865.914,70632.46,68307.31
69479.11,66935.24,70715.03,68584.1
69105.19,66796.19,70477.28,68816.305
68824.59,66806.09,69920.13,68645.8
68573.1,66823.66,69273.21,68572.78
68175.25,66844.89,69695.83,68446.52
67964.31,66361.77,69801.69,68309.14
67552.39,66265.93,69390.03,67790.56
66899.06,66179.7,69490.59,67477.05
66261.51,66070.47,69369.64,67254.49
65848.16,65362.74,68856.33,67050.93
65852.65,65173.137,68545.73,66549.35
65974.71,65035.37,68224.89,66247.15
65532.37,64969.625,67176.77,65985.06
65857.74,64238.695,67277.27,65787.01
65508.38,64189.965,67048.26,65222.316
65102.59,64188.64,66612.16,64956.152
64611.74,64199.227,66013.6,64707.824
64649.24,63493.3,65461.59,64456.836
64533.39,63473.836,65598.93,63846.992
64521.46,63532.11,65647.82,63552.3
64386.31,63606.297,65248.28,63356.65
64748.66,63031.03,65410.53,63247.703
65038.38,63030.652,65490.44,62948.688
65523.6,63075.35,65220.36,63065.074
66081.23,63164.203,65345.25,63203.88
66078.45,62908.355,65768.84,63362.79
66793.35,62948.547,65574.21,63426.312
67909.67,63063.1,66238.49,63754.516
68961.85,63226.895,67413.49,64016.25
69208.71,63632.105,68190.01,64269.156
68667.74,63810.586,68185.8,64687.543
68216.95,63931.035,67786.28,65091.523
67533.18,64011.203,67527.92,65338.79
66159.28,63097.07,67147.66,65478.992
64764.99,62616.938,65903.03,64748.875
63731.45,62029.297,64910.31,64067.2
62653.53,61395.848,64142.6,63220.875
61388.28,59244.965,62814.93,62373.39
60233.12,58281.086,61326.59,60781.93
58936.48,57400.49,60700.71,59883.066
58120.46,56601.6,59702.19,58973.96
57663.41,54878.79,58357.17,58096.727
56719.21,54206.098,57327.18,56659.39
55230.55,53707.79,56709.82,55767.64
54219.01,53302.27,55772.52,54955.777
52561.31,51430.36,54468.95,54276.7
51211.79,50618.617,53065.04,52615.145
50445.0,49797.035,52077.26,51842.473
49642.03,49114.023,51155.34,50896.39
48694.03,48340.69,49809.57,50009.133
48079.51,47767.727,48960.04,49071.645
47801.78,47281.84,48338.22,48378.973
47263.08,46912.773,47982.11,47780.566
46474.12,46472.543,47367.33,47271.47
46208.55,46130.273,46769.77,46735.305
46041.58,45870.617,46307.34,46319.46
45715.03,45670.64,46533.12,45945.125
45173.93,45048.145,46108.11,45621.32
45316.24,45038.48,45903.94,45338.58
45566.96,45086.473,45993.25,45289.516
45560.38,45160.02,45801.19,45295.453
45500.43,45438.277,45648.52,45332.223
45946.47,45641.234,45735.44,45517.816
46368.62,45920.28,45873.43,45643.848
46794.82,46228.06,45950.97,45821.742
47030.43,46759.15,46039.66,46051.023
47235.43,47063.625,47003.4,46524.363
47994.55,47380.887,47276.67,46917.63
48516.87,47820.98,47568.75,47425.105
50082.76,48813.535,48177.91,48032.93
50409.41,49768.89,49674.6,49102.05
51448.89,50931.258,50439.12,50000.48
53058.86,52578.434,51109.29,51129.113
56806.42,56204.4,52717.26,52589.285
59150.99,58710.07,55821.47,55545.086
60647.81,60753.902,57977.52,57836.953
62004.97,62226.6,59695.19,59899.344
64439.83,63685.934,61485.44,61577.434
65611.42,64340.28,63873.94,63237.504
66382.76,64734.414,65115.57,64299.938
67215.15,64950.32,65921.46,65160.227
67903.42,66500.56,66132.9,65803.71
68525.65,66659.414,66579.07,66362.77
68693.7,66845.125,67313.27,66819.805
68830.59,67017.734,67564.15,67168.44
68772.58,67108.79,67630.85,67369.59
69032.53,67277.34,67233.19,67281.75
69341.52,67441.984,67713.56,67372.11
69354.9,67630.52,68098.06,67466.33
69372.38,67589.61,67948.4,67538.53
69752.66,67788.54,68254.04,67396.59
69949.71,68035.836,68395.31,67486.51
70299.06,68274.67,68647.06,67606.84
70380.41,68214.31,68938.11,67767.51
70632.46,68426.46,68691.33,67708.89
70715.03,68644.66,69094.09,67908.414
70477.28,68828.984,69516.89,68101.29
69920.13,68582.59,69451.52,68243.01
69273.21,68587.79,68984.48,68014.11
69695.83,68572.04,68853.24,67866.18
69801.69,68587.38,68870.18,67667.39
69390.03,68046.42,68640.16,67476.15
69490.59,67918.89,68559.73,67029.04
69369.64,67867.36,68237.26,66759.54
68856.33,67785.99,68135.73,66559.06
68545.73,67045.54,67990.86,66402.59
68224.89,66845.89,67512.3,65923.99
67176.77,66683.95,67234.39,65634.62
67277.27,66507.33,66640.01,65376.938
67048.26,65700.34,66565.05,65161.234
66612.16,65543.086,66417.9,64622.97
66013.6,65416.848,66237.88,64348.67
65461.59,65304.016,65515.18,64104.582
65598.93,64521.93,64633.33,63859.438
65647.82,64398.992,64512.19,63283.07
65248.28,64376.164,64104.04,63035.56
65410.53,64362.17,64154.28,62906.05
65490.44,63846.688,63978.96,62872.227
65220.36,63886.918,64293.81,62727.496
65345.25,63963.457,64184.68,62892.203
65768.84,64087.95,64688.04,63054.375
65574.21,64095.664,64988.42,63206.887
66238.49,64204.207,65156.27,63294.96
67413.49,64387.766,65793.57,63576.805
68190.01,64652.242,67055.89,63838.473
68185.8,65285.137,67552.53,64110.98
67786.28,65400.555,67798.39,64884.426
67527.92,65385.863,67096.18,65082.164
67147.66,65339.625,66633.46,65048.086
65903.03,63814.766,66070.38,64890.55
64910.31,63307.164,65045.38,63769.613
64142.6,62752.57,63835.65,63045.66
62814.93,62176.664,63093.61,62218.633
61326.59,60208.254,62133.49,61442.453
60700.71,59336.66,60794.41,60009.582
59702.19,58603.043,60127.82,59155.25
58357.17,57943.6,58972.85,58288.773
57327.18,56265.508,58118.07,57469.465
56709.82,55668.01,57244.55,56192.715
55772.52,55236.125,56277.68,55370.79
54468.95,54889.17,55278.99,54619.32
53065.04,52809.45,54082.75,54005.434
52077.26,51886.816,52612.08,52572.35
51155.34,50936.0,51546.83,51815.715
49809.57,50113.734,51012.16,50848.957
48960.04,49099.96,50330.52,49916.164
48338.22,48416.98,48927.41,48893.727
47982.11,47850.08,48215.36,48130.72
47367.33,47396.594,47918.23,47454.055
46769.77,46867.03,47531.53,46873.98
46307.34,46490.6,46840.29,46298.055
46533.12,46176.383,46299.91,45854.875
46108.11,45993.164,46107.33,45472.12
45903.94,45758.836,45633.23,45135.977
45993.25,45684.72,45208.2,45155.906
45801.19,45693.03,45101.15,45154.47
45648.52,45706.39,45152.68,45172.29
45735.44,45931.234,45028.62,45195.906
45873.43,46085.395,44991.98,45398.86
45950.97,46287.945,45134.4,45488.867
46039.66,46494.28,45173.24,45628.35
47003.4,46935.33,45534.14,45821.98
47276.67,47263.92,46130.67,46323.004
47568.75,47594.19,46475.23,46703.703
48177.91,47967.59,46914.25,47185.87
49674.6,48946.062,47381.92,47754.598
50439.12,49837.68,48703.49,48852.543
51109.29,50957.684,49679.98,49714.73
52717.26,52367.85,50801.56,50765.68
55821.47,55755.324,52391.7,52061.414
57977.52,58181.742,55948.03,54783.273
59695.19,60301.03,58052.86,56913.543
61485.44,62003.926,59922.35,59034.78
63873.94,63764.797,61732.53,60936.137
65115.57,64616.383,63939.13,62932.73
65921.46,65157.586,65211.41,64072.008
66132.9,65458.914,65542.65,64965.48
66579.07,66723.734,65850.87,65683.59
67313.27,66869.06,66629.03,66290.95
67564.15,67024.664,67218.05,66807.484
67630.85,67147.836,67390.74,67188.67
67233.19,67101.25,67891.66,67438.05
67713.56,67225.46,67978.47,67359.57
68098.06,67368.35,68252.03,67487.06
67948.4,67481.17,68940.02,67631.55
68254.04,67362.21,69027.29,67761.03
68395.31,67515.74,68759.29,67660.32
68647.06,67664.86,68717.3,67836.99
68938.11,67826.37,69008.84,68097.63
68691.33,67699.336,69347.04,68406.69
69094.09,67843.695,68935.97,68448.4
69516.89,67980.766,69929.47,68708.09
69451.52,68081.73,70409.47,68915.766
68984.48,67800.86,70572.96,69082.125
68853.24,67782.516,70477.2,68765.08
68870.18,67762.234,70327.73,68574.055
68640.16,67742.03,70051.09,68371.96
68559.73,67256.71,69427.48,68159.28
68237.26,67177.56,69101.48,67548.15
68135.73,67107.11,68480.75,67175.77
67990.86,67055.125,67581.24,66884.43
67512.3,66348.7,66754.82,66628.02
67234.39,66155.234,65772.62,66000.195
66640.01,65993.97,65606.99,65645.836
66565.05,65846.586,65447.57,65345.71
66417.9,65054.203,64821.38,65062.65
66237.88,64894.207,64783.19,64513.656
65515.18,64816.95,64272.72,64262.97
64633.33,64728.742,63932.93,64055.836
64512.19,63956.992,63754.75,63819.887
64104.04,63828.484,63919.0,63313.844
64154.28,63765.543,63203.87,63134.33
63978.96,63795.254,62675.86,63052.496
64293.81,63315.305,62905.0,63052.45
64184.68,63317.945,62892.23,62903.637
64688.04,63348.363,63053.85,63007.234
64988.42,63438.707,63359.48,63081.484
65156.27,63346.414,63765.32,63116.598
65793.57,63411.84,64757.91,62801.387
67055.89,63554.76,65564.82,62665.082
67552.53,63786.094,66527.72,62547.723
67798.39,64261.977,67277.93,62469.613
67096.18,64385.086,67296.2,62658.707
66633.46,64389.688,66386.5,62703.066
66070.38,64340.785,66091.83,62680.293
65045.38,62748.008,65609.01,62529.246
63835.65,62220.46,63331.71,61968.383
63093.61,61603.16,62040.74,61364.105
62133.49,61023.062,60691.62,60679.152
60794.41,59094.81,59716.97,59985.32
60127.82,58269.28,58599.14,58696.133
58972.85,57569.566,57097.82,57844.06
58118.07,56937.63,55681.31,56977.312
57244.55,55440.625,54851.88,56184.773
56277.68,54850.016,53996.75,54896.727
55278.99,54375.695,53274.04,54126.977
54082.75,53987.04,52190.36,53424.023
52612.08,52018.71,51334.88,52849.406
51546.83,51181.434,50575.97,51410.58
51012.16,50327.598,49675.5,50692.395
50330.52,49620.355,48994.08,49753.08
48927.41,48768.887,47992.99,48820.15
48215.36,48091.043,45906.94,47816.75
47918.23,47500.754,45324.74,47010.39
47531.53,47040.03,45073.83,46293.55
46840.29,46543.61,44504.65,45687.016
46299.91,46161.117,43795.75,45148.016
46107.33,45836.027,43339.65,44703.453
45633.23,45587.92,43041.66,44321.74
45208.2,45342.152,42715.37,43986.906
45101.15,45225.344,42319.83,43046.215
45152.68,45162.48,42076.64,43117.934
45028.62,45152.457,41702.87,43073.59
44991.98,45378.07,41745.6,42967.92
45134.4,45511.258,41754.47,42904.656
45173.24,45697.9,41573.12,42842.754
45534.14,45890.688,41627.4,42834.836
46130.67,46389.254,41676.75,42856.746
46475.23,46709.707,42152.92,42969.812
46914.25,47063.266,42624.11,43032.83
47381.92,47500.836,42696.31,43111.754
48703.49,48567.027,42879.05,43210.65
49679.98,49517.52,43101.71,43425.91
50801.56,50707.24,43272.03,43608.492
52391.7,52225.81,43252.68,43843.516
55948.03,55407.457,43831.27,44144.953
58052.86,57609.59,44908.33,44699.82
59922.35,59537.73,45593.13,45229.215
61732.53,61169.562,46225.99,45872.656
63939.13,63025.77,46795.95,46598.633
65211.41,63909.727,48152.91,47639.36
65542.65,64463.047,48879.79,48433.08
65850.87,64801.094,49800.13,49183.367
66629.03,66119.03,50176.67,49876.05
67218.05,66329.805,50347.06,51297.227
67390.74,66547.17,50832.65,51942.727
67891.66,66750.53,51620.71,52621.39
67978.47,66806.87,52230.65,53314.83
68252.03,67012.875,53091.02,54051.055
68940.02,67231.98,53625.48,54660.84
69027.29,67444.1,54298.23,55177.38
68759.29,67407.32,54851.76,55600.14
68717.3,67619.05,55423.1,55919.42
69008.84,67869.41,56032.83,56170.137
69347.04,68135.695,56227.77,56370.234
68935.97,68074.4,56231.97,56559.227
69929.47,68234.38,56047.37,56653.47
70409.47,68418.82,55981.55,56789.77
70572.96,68587.48,56554.31,56931.457
70477.2,68296.5,56395.41,57049.793
70327.73,68328.56,56446.75,57017.957
70051.09,68381.35,55873.14,56929.22
69427.48,68380.586,55294.2,56743.934
69101.48,67770.2,55094.26,56457.375
68480.75,67663.06,54984.91,55980.926
67581.24,67567.92,54694.04,55459.133
66754.82,67380.89,54439.32,54918.477
65772.62,66532.25,53938.03,54426.074
65606.99,66162.875,53723.68,53888.727
65447.57,65940.7,53585.23,53413.723
64821.38,65757.43,53045.0,53026.652
64783.19,64965.508,52686.17,52731.207
64272.72,64773.58,52612.64,52407.305
63932.93,64668.848,52308.23,52170.14
63754.75,64589.14,52333.59,52020.906
63919.0,63911.434,52023.13,51922.562
63203.87,63788.93,52098.77,51864.41
62675.86,63663.613,52045.61,51755.406
62905.0,63569.586,52376.08,51743.293
62892.23,62971.46,52527.04,51835.22
63053.85,62827.258,53160.44,52208.492
63359.48,62783.836,53448.23,52425.94
63765.32,62784.14,53891.8,52659.59
64757.91,62236.566,54466.48,52900.348
65564.82,62219.164,55793.75,53608.93
66527.72,62306.953,56086.63,54123.29
67277.93,62472.06,57197.44,54573.02
67296.2,62826.03,57458.48,54858.58
66386.5,62849.07,56628.1,55607.953
66091.83,62750.223,56313.68,55425.87
65609.01,62574.78,55871.0,55054.668
63331.71,61605.812,55121.87,54592.82
62040.74,60863.25,53920.88,53741.25
60691.62,60119.656,52697.44,52944.484
59716.97,59361.977,51749.61,52111.74
58599.14,57558.766,51034.2,51344.754
57097.82,56788.453,50039.28,50138.45
55681.31,56143.26,49531.79,49465.305
54851.88,55615.465,48730.4,48842.81
53996.75,54244.17,48283.52,48324.836
53274.04,53834.957,48201.64,47594.13
52190.36,53517.31,47587.81,47131.508
51334.88,53208.992,46860.72,46671.773
50575.97,51262.73,46225.79,46250.164
49675.5,50318.53,45370.94,45000.824
48994.08,49363.707,44453.49,44311.18
47992.99,48515.06,43703.18,43464.305
45906.94,47559.1,42707.08,42643.53
45324.74,46625.258,41011.26,41872.562
45073.83,45966.914,40495.82,41215.75
44504.65,45545.1,40166.94,40655.656
43795.75,45173.79,39395.56,40184.48
43339.65,44874.176,39242.94,39841.766
43041.66,44627.27,38830.0,39536.656
42715.37,44401.195,38360.2,39295.555
42319.83,42949.9,37968.61,39117.695
42076.64,42951.367,37961.36,38548.055
41702.87,42868.207,37588.02,38290.117
41745.6,42686.17,37396.17,38117.344
41754.47,42544.047,37534.05,37972.18
41573.12,42411.633,37537.04,37886.426
41627.4,42362.145,37589.32,37786.473
41676.75,42390.97,37528.89,37708.836
42152.92,42522.688,37190.86,37647.773
42624.11,42653.8,37959.77,37651.062
42696.31,42855.86,38437.17,37619.453
42879.05,43067.86,38164.55,37614.977
43101.71,43454.64,37895.44,37642.395
43272.03,43770.05,38576.12,37744.023
43252.68,44088.55,38630.94,37774.87
43831.27,44356.316,38516.52,37804.195
44908.33,44924.035,38423.78,37835.766
45593.13,45426.53,38550.73,37971.07
46225.99,45955.324,38880.43,38048.965
46795.95,46515.516,39182.81,38166.344
48152.91,47381.99,39281.15,38336.414
48879.79,48193.92,40058.04,38766.613
49800.13,48992.68,40568.45,39102.484
50176.67,49884.53,41010.12,39563.047
50347.06,51971.867,41405.83,40105.36
50832.65,52406.094,41976.07,41795.61
51620.71,52785.605,43120.38,42333.34
52230.65,53247.992,43989.27,42963.67
53091.02,53814.25,44674.86,43650.59
53625.48,54338.87,44810.0,44535.547
54298.23,54814.64,45319.09,45334.906
54851.76,55283.312,45826.26,46114.535
55423.1,55738.42,46647.16,46831.184
56032.83,56112.23,47635.52,47507.344
56227.77,56443.383,48524.1,48036.39
56231.97,56726.516,48971.1,48516.22
56047.37,56894.105,49442.77,48948.945
55981.55,56940.754,50612.45,49359.363
56554.31,56898.09,51387.89,49706.61
56395.41,56837.06,51879.65,50088.008
56446.75,56605.62,51671.11,50485.94
55873.14,56350.887,51389.09,50787.35
55294.2,56037.184,51251.37,50905.484
55094.26,55675.71,50644.94,50859.2
54984.91,55211.047,50150.07,50664.75
54694.04,54866.688,49434.62,50296.406
54439.32,54577.594,48455.76,49833.668
53938.03,54349.61,48326.73,49370.566
53723.68,53967.97,47777.94,48938.105
53585.23,53686.04,47358.51,48522.69
53045.0,53503.594,47254.32,48179.246
52686.17,53288.105,47324.65,47909.453
52612.64,52976.633,47057.49,47708.363
52308.23,52707.95,47643.56,47548.508
52333.59,52528.51,47271.67,47432.54
52023.13,52469.688,47064.44,47340.023
52098.77,52415.746,46974.63,47275.133
52045.61,52276.773,47633.61,47292.223
52376.08,52257.85,47449.2,47381.184
52527.04,52377.93,47765.1,47519.223
53160.44,52727.55,48423.13,47704.79
53448.23,52841.24,49030.6,48053.04
53891.8,53000.844,49161.88,48440.516
54466.48,53196.207,49693.79,48831.227
55793.75,54226.895,50674.28,49186.484
56086.63,54416.355,51571.55,49589.38
57197.44,54527.395,52186.34,49992.22
57458.48,54686.21,53390.37,50338.715
56628.1,55134.188,53579.62,50651.043
56313.68,54843.215,54080.28,51711.656
55871.0,54556.69,53580.2,51864.793
55121.87,54289.668,53233.98,51833.863
53920.88,53181.812,52776.28,51704.887
52697.44,52583.605,52319.1,51241.445
51749.61,51926.12,51287.2,50851.773
51034.2,51282.49,50437.01,50414.34
50039.28,49535.12,49592.87,50011.523
49531.79,48843.008,49431.6,49167.703
48730.4,48344.9,49104.84,48786.38
48283.52,47842.668,48648.62,48411.105
48201.64,47095.08,48610.57,48080.57
47587.81,46801.93,48878.51,47623.312
46860.72,46440.477,48244.71,47305.344
46225.79,46030.156,47420.5,46994.055
45370.94,44581.918,46713.4,46725.062
44453.49,43482.33,45246.93,45638.812
43703.18,42587.9,44020.27,45096.76
42707.08,41888.23,43181.65,44421.21
41011.26,41329.363,42564.74,43776.93
40495.82,40810.184,42162.98,43162.58
40166.94,40462.574,41557.45,42645.61
39395.56,40219.293,41342.61,42202.082
39242.94,40087.38,41021.71,41818.79
38830.0,39968.785,40758.61,41514.57
38360.2,39876.21,40482.95,41202.375
37968.61,39805.207,40220.05,40923.54
37961.36,38681.805,40211.82,40680.824
37588.02,38540.32,39901.87,41044.62
37396.17,38353.035,39684.17,40852.434
37534.05,38154.78,39406.8,40785.2
37537.04,38054.117,39672.36,40775.562
37589.32,37973.652,40083.01,40868.22
37528.89,37925.35,40201.42,40951.586
37190.86,37890.945,40228.53,41112.527
37959.77,37929.492,40247.92,41366.914
38437.17,37950.336,41029.33,41855.914
38164.55,37993.83,41713.16,42360.83
37895.44,38037.55,42104.42,42944.973
38576.12,38189.836,42815.6,43598.297
38630.94,38288.92,44789.32,44616.855
38516.52,38384.15,46353.14,45584.523
38423.78,38460.383,47913.46,46840.848
38550.73,38696.58,50013.86,48551.1
38880.43,38783.195,53691.12,52025.39
39182.81,38870.875,56096.26,54905.19
39281.15,38966.336,58289.66,57278.426
40058.04,39336.766,60312.67,59190.188
40568.45,39518.336,62472.78,60984.31
41010.12,39732.074,63491.08,62167.445
41405.83,39994.598,64396.04,63098.906
41976.07,42607.555,65013.77,63842.53
43120.38,43378.62,65700.49,64380.043
43989.27,44279.555,65787.41,64946.754
44674.86,45227.086,66140.3,65402.14
44810.0,46277.19,66768.11,65734.07
45319.09,46845.145,66631.87,65799.3
45826.26,47295.867,66736.65,65975.4
46647.16,47686.93,67155.48,66150.95
47635.52,48156.094,67456.77,66345.55
48524.1,48610.355,67266.42,66408.93
48971.1,49055.043,67654.8,66638.02
49442.77,49360.4,67753.76,66876.43
50612.45,49554.035,68089.8,67192.94
51387.89,49952.28,68034.17,67349.17
51879.65,50354.305,68332.77,67619.875
51671.11,50686.414,68121.07,67867.03
51389.09,50640.91,67895.43,68011.734
51251.37,50537.473,67547.6,67799.62
50644.94,50419.47,67539.07,67613.59
50150.07,50145.203,68161.39,67368.914
49434.62,49671.94,68470.75,67151.1
48455.76,49240.3,68777.19,66750.53
48326.73,48759.477,68458.03,66484.63
47777.94,48533.24,67430.19,66281.89
47358.51,48124.79,67110.34,66129.41
47254.32,47874.797,66671.72,65734.89
47324.65,47777.457,66082.53,65506.63
47057.49,47785.46,65639.63,65319.28
47643.56,47634.023,65251.81,65147.684
47271.67,47737.355,65190.83,64724.008
47064.44,47743.492,65167.4,64517.992
46974.63,47750.184,64890.06,64292.99
47633.61,47787.777,64375.19,64037.45
47449.2,47947.688,64663.78,63496.812
47765.1,48042.234,63867.34,63349.98
48423.13,48234.63,63638.48,63294.375
49030.6,48726.48,63269.0,63292.668
49161.88,48990.402,63481.31,63025.504
49693.79,49188.31,63499.19,63152.637
50674.28,49454.938,63671.42,63251.645
51571.55,50429.273,64101.23,63345.555
52186.34,50757.41,65384.36,63327.043
53390.37,51063.82,66127.51,63549.203
53579.62,51471.207,67056.6,63776.7
54080.28,52360.883,67752.99,64053.195
53580.2,52484.29,66992.55,64999.53
53233.98,52416.82,66255.46,65102.04
52776.28,52283.312,65643.79,64948.945
52319.1,51756.22,65440.35,64663.613
51287.2,51397.43,65070.72,63302.58
50437.01,50872.664,63969.08,62571.49
49592.87,50311.234,62727.75,61771.613
49431.6,48897.43,61675.64,60994.11
49104.84,48484.938,59784.97,59589.11
48648.62,48166.773,59250.6,58725.867
48610.57,47855.78,58125.29,57852.895
48878.51,47325.84,57256.48,57020.805
48244.71,47285.902,57131.85,55764.637
47420.5,47072.258,56308.27,54933.805
46713.4,46751.797,55026.91,54139.016
45246.93,45541.484,54267.42,53460.2
44020.27,44630.105,53205.97,51922.24
43181.65,43723.41,52358.06,51102.29
42564.74,42955.047,51628.77,50105.93
42162.98,42218.414,50491.63,49200.777
41557.45,41647.36,49296.28,48299.72
41342.61,41155.34,48743.76,47616.875
41021.71,40780.79,48395.79,47041.26
40758.61,40507.27,47809.87,46565.562
40482.95,40269.28,46771.4,46122.266
40220.05,40088.754,46404.47,45771.055
40211.82,39952.94,46148.25,45460.062
39901.87,40758.01,45774.01,45188.617
39684.17,40644.297,45473.13,45083.562
39406.8,40681.805,45243.76,44990.3
39672.36,40781.21,45224.99,44918.094
40083.01,41048.184,45103.37,44867.945
40201.42,41292.312,45287.15,44966.504
40228.53,41544.633,45606.02,45032.492
40247.92,41777.04,45680.59,45157.137
41029.33,42182.25,45835.91,45342.914
41713.16,42569.855,46585.03,45764.727
42104.42,43055.973,47167.95,46127.28
42815.6,43623.73,47863.79,46586.008
44789.32,44784.93,48346.73,47129.082
46353.14,46473.848,49629.05,48083.918
47913.46,48816.19,50533.41,48911.168
50013.86,51417.31,51710.29,49946.207
53691.12,54819.336,53288.53,51265.98
56096.26,57445.42,56497.54,54027.797
58289.66,59577.305,58854.78,56525.016
60312.67,61275.293,60596.09,58908.094
62472.78,62943.01,62304.04,60912.125
63491.08,63904.023,64233.41,62729.562
64396.04,64491.816,65417.02,63896.484
65013.77,64770.812,65898.56,64787.918
65700.49,65604.33,66044.51,65461.36
65787.41,65694.836,66549.19,65699.14
66140.3,65811.055,66843.79,66211.02
66768.11,65972.85,67073.89,66591.48
66631.87,65991.5,67001.0,66834.52
66736.65,66185.99,66272.11,66722.77
67155.48,66399.05,66824.69,66861.69
67456.77,66645.31,67268.57,67006.44
67266.42,66709.84,67192.76,67108.26
67654.8,66952.15,66894.52,66953.75
67753.76,67163.414,67061.29,67074.875
68089.8,67406.484,67402.14,67245.99
68034.17,67402.234,67553.86,67459.25
68332.77,67619.19,67839.96,67395.89
68121.07,67852.984,68537.65,67624.91
67895.43,67998.695,68864.18,67840.05
67547.6,67716.695,68862.5,68012.3
67539.07,67720.79,68182.66,67738.42
68161.39,67702.97,67851.64,67579.164
68470.75,67722.37,67829.7,67393.49
68777.19,67258.41,68034.94,67215.7
68458.03,67259.75,68570.14,66790.92
67430.19,67253.23,68434.35,66568.25
67110.34,67195.9,67926.12,66404.48
66671.72,66483.53,67044.79,66274.67
66082.53,66363.01,66344.15,65876.04
65639.63,66243.82,66376.79,65668.516
65251.81,66117.24,66294.05,65493.965
65190.83,65307.75,66113.49,65326.242
65167.4,65183.938,65999.22,64902.457
64890.06,65115.438,65747.08,64691.812
64375.19,65064.12,65483.09,64496.223
64663.78,64322.992,64834.55,64274.44
63867.34,64281.734,64348.67,63768.273
63638.48,64231.46,63816.32,63612.68
63269.0,64231.758,63782.74,63534.613
63481.31,63678.305,63534.48,63513.977
63499.19,63683.28,63439.71,63278.246
63671.42,63737.176,63533.38,63390.16
64101.23,63836.87,63707.39,63503.37
65384.36,63866.49,64178.65,63619.516
66127.51,64106.914,64644.28,63703.76
67056.6,64397.848,65500.57,63973.465
67752.99,64719.81,66791.15,64291.453
66992.55,65108.434,67344.65,64782.227
66255.46,64984.984,67638.7,66143.83
65643.79,64758.72,67238.83,66341.805
65440.35,64444.523,66747.66,66229.64
65070.72,62126.504,66380.1,65987.5
63969.08,61637.76,65846.34,64490.734
62727.75,61058.918,64784.45,63696.016
61675.64,60391.13,63632.3,62798.7
59784.97,58457.984,62500.42,61960.617
59250.6,57528.07,61324.71,60488.43
58125.29,56842.242,60337.5,59615.887
57256.48,56243.633,59082.14,58741.223
57131.85,54808.43,58308.61,57904.684
56308.27,54307.043,57547.98,56625.61
55026.91,53915.81,56511.94,55773.992
54267.42,53572.164,55079.57,54966.37
53205.97,51556.066,53961.13,54278.625
52358.06,50891.312,52734.18,52666.293
51628.77,50175.78,51825.27,51793.227
50491.63,49532.934,50879.55,50707.375
49296.28,48710.594,50052.27,49706.746
48743.76,48045.47,49310.56,48717.598
48395.79,47514.48,48918.21,47989.82
47809.87,47099.47,48216.56,47373.47
46771.4,46655.53,47642.87,46865.43
46404.47,46256.848,46667.2,46394.14
46148.25,45947.727,45994.13,46014.28
45774.01,45710.83,45861.52,45684.633
45473.13,45275.727,45540.26,45398.03
45243.76,45298.773,45066.9,45401.742
45224.99,45290.71,44837.42,45313.047
45103.37,45299.1,44851.33,45264.906
45287.15,45489.47,45059.92,45241.65
45606.02,45640.24,45359.35,45373.12
45680.59,45841.766,45587.26,45461.883
45835.91,46036.043,45500.37,45614.45
46585.03,46458.387,45861.82,45834.33
47167.95,46757.227,46567.03,46319.418
47863.79,47108.785,46758.29,46730.133
48346.73,47559.875,47284.42,47243.68
49629.05,48567.36,47924.47,47833.316
50533.41,49522.66,50073.66,48854.566
51710.29,50811.32,51175.72,49701.953
53288.53,52693.535,52378.99,50757.418
56497.54,56766.37,54042.76,52097.957
58854.78,59515.977,57283.97,54818.332
60596.09,61571.438,59775.96,57223.5
62304.04,62929.066,61755.04,59546.445
64233.41,64177.22,63398.44,61460.695
65417.02,64665.71,65655.91,63223.203
65898.56,64941.703,67047.11,64288.8
66044.51,65093.1,67599.03,65119.97
66549.19,66282.164,67883.03,65752.664
66843.79,66430.58,68154.4,65993.766
67073.89,66578.09,68491.88,66532.766
67001.0,66745.45,68801.52,66951.9
66272.11,66714.56,68771.34,67230.79
66824.69,66904.0,68256.31,67119.664
67268.57,67119.055,68512.4,67258.01
67192.76,67287.38,68754.89,67381.16
66894.52,67167.62,68928.91,67491.7
67061.29,67330.055,69206.62,67285.13
67402.14,67505.84,69196.15,67374.01
67553.86,67680.6,69234.24,67503.69
67839.96,67479.39,69592.73,67675.26
68537.65,67637.91,69948.93,67557.34
68864.18,67799.62,70473.33,67775.04
68862.5,67940.47,70474.9,68005.16
68182.66,67631.94,70295.17,68174.555
67851.64,67625.555,69607.48,67919.945
67829.7,67621.16,69388.12,67801.04
68034.94,67602.93,69597.98,67625.61
68570.14,67120.83,69386.1,67451.09
68434.35,67150.47,69328.79,67020.07
67926.12,67179.266,68751.62,66747.08
67044.79,67174.17,68453.48,66540.41
66344.15,66436.96,67914.04,66376.96
66376.79,66266.125,67404.83,65968.18
66294.05,66151.47,67172.49,65740.22
66113.49,66049.98,67034.21,65542.016
65999.22,65253.19,66738.31,65362.223
65747.08,65126.65,66604.34,64922.023
65483.09,65068.656,65867.7,64697.82
64834.55,65045.03,65774.64,64471.84
64348.67,64324.86,65137.53,64221.965
63816.32,64216.703,65258.1,63687.78
63782.74,64151.375,64803.3,63531.812
63534.48,64173.645,64753.11,63482.14
63439.71,63765.895,64616.9,63507.984
63533.38,63759.992,64665.02,63303.48
63707.39,63851.71,64840.85,63482.047
64178.65,63988.742,65278.0,63656.348
64644.28,64426.715,65683.15,63810.87
65500.57,64661.914,66031.37,64014.14
66791.15,64991.086,66906.58,64428.047
67344.65,65368.125,68218.54,64996.94
67638.7,65833.36,68692.47,65759.28
67238.83,65804.36,68939.09,66827.17
66747.66,65691.87,68318.33,66893.81
66380.1,65515.527,67931.56,66729.76
65846.34,63234.97,67534.76,66468.47
64784.45,62735.137,66369.14,64802.684
63632.3,62148.6,64976.17,63957.1
62500.42,61483.21,63650.28,63046.906
61324.71,59449.426,62917.23,62222.414
60337.5,58557.504,61831.78,60757.02
59082.14,57777.09,60732.83,59856.47
58308.61,57054.664,59993.28,58949.293
57547.98,55516.516,59154.34,58078.26
56511.94,54866.562,58272.64,56740.277
55079.57,54341.375,57326.09,55889.04
53961.13,53877.805,55778.92,55088.035
52734.18,51801.824,54515.65,54421.57
51825.27,51082.566,52658.03,52808.168
50879.55,50320.668,51522.9,51952.984
50052.27,49589.625,50614.79,50887.574
49310.56,48759.91,49538.8,49903.805
48918.21,48151.11,48430.85,48901.695
48216.56,47659.785,48129.69,48160.023
47642.87,47200.094,47681.62,47516.586
46667.2,46719.81,47311.72,46970.992
45994.13,46290.426,46515.99,46464.32
45861.52,45926.33,46158.06,46051.266
45540.26,45669.605,45925.21,45684.996
45066.9,45485.695,45237.88,45365.293
44837.42,45450.29,44883.0,45497.887
44851.33,45418.812,44630.97,45426.6
45059.92,45434.58,44769.79,45387.164
45359.35,45691.254,44752.24,45363.86
45587.26,45898.21,44906.21,45502.33
45500.37,46127.52,45020.27,45592.242
45861.82,46325.336,44808.88,45728.117
46567.03,46783.36,44972.58,45925.344
46758.29,47100.7,45563.92,46374.234
47284.42,47416.383,46241.35,46751.184
47924.47,47831.26,46967.09,47238.766
50073.66,48866.94,47519.68,47802.797
51175.72,50031.41,49245.66,48809.227
52378.99,51577.35,50300.08,49649.816
54042.76,53733.13,51176.57,50715.805
57283.97,57635.62,52756.11,52073.23
59775.96,60123.293,56296.08,54897.297
61755.04,62048.047,58389.84,57199.746
63398.44,63344.594,60579.19,59375.695
65655.91,64476.64,62280.22,61237.34
67047.11,64926.566,64340.92,63072.234
67599.03,65190.414,65558.52,64164.277
67883.03,65341.73,66324.94,65026.242
68154.4,66416.97,67012.43,65680.586
68491.88,66590.81,67431.15,66021.086
68801.52,66748.19,67528.5,66560.086
68771.34,66902.02,67849.0,66991.11
68256.31,66841.91,67858.67,67267.42
68512.4,67016.234,67832.82,67145.7
68754.89,67191.29,68129.77,67252.625
68928.91,67361.49,68749.72,67372.67
69206.62,67232.766,68786.21,67463.836
69196.15,67408.67,68275.72,67279.15
69234.24,67572.66,68543.97,67359.68
69592.73,67731.8,68952.76,67486.445
69948.93,67531.69,69275.29,67656.11
70473.33,67702.75,69244.27,67584.78
70474.9,67865.06,69399.82,67796.18
70295.17,67965.81,69737.6,68017.67
69607.48,67665.77,69835.97,68188.88
69388.12,67682.57,69547.12,67956.68
69597.98,67703.37,69325.42,67835.39
69386.1,67731.95,69275.15,67678.58
69328.79,67311.734,69642.72,67502.5
68751.62,67287.766,69593.95,67091.65
68453.48,67264.664,69397.15,66850.47
67914.04,67253.06,69031.0,66684.914
67404.83,66606.15,68378.38,66552.54
67172.49,66530.13,67742.76,66167.52
67034.21,66470.08,67080.43,65960.94
66738.31,66418.56,66937.12,65800.07
66604.34,65593.05,66458.6,65664.77
65867.7,65479.215,66118.88,65235.027
65774.64,65342.58,65461.03,65014.58
65137.53,65273.332,64984.96,64838.984
65258.1,64456.41,64622.35,64645.695
64803.3,64388.7,65110.95,64103.516
64753.11,64367.18,64751.25,63891.96
64616.9,64421.867,64428.95,63796.535
64665.02,63996.426,64212.87,63795.227
64840.85,64024.69,64535.18,63588.133
65278.0,64136.19,64754.19,63763.363
65683.15,64282.855,65112.36,63927.203
66031.37,64816.816,65589.83,64094.945
66906.58,65032.18,67000.44,64330.082
68218.54,65328.54,68247.78,64771.01
68692.47,65666.125,69764.04,65294.477
68939.09,66018.28,70285.29,65853.97
68318.33,66055.68,70481.99,66809.8
67931.56,65976.17,69632.27,66818.734
67534.76,65859.586,69134.46,66644.99
66369.14,63610.836,68449.79,66402.37
64976.17,62997.855,66657.08,64852.734
63650.28,62264.953,65409.29,64048.19
62917.23,61489.195,64369.4,63143.57
61831.78,59451.992,63497.19,62311.574
60732.83,58544.09,61596.88,60843.516
59993.28,57750.484,60381.2,59954.598
59154.34,57095.164,59553.38,59065.0
58272.64,55594.58,58374.93,58217.08
57326.09,55026.78,57757.12,56927.77
55778.92,54579.5,56330.67,56079.453
54515.65,54204.33,54920.05,55303.227
52658.03,52168.043,54171.73,54671.22
51522.9,51284.613,52878.9,53106.17
50614.79,50389.246,51655.69,52295.94
49538.8,49616.848,50929.93,51300.203
48430.85,48718.594,50171.19,50370.664
48129.69,48029.742,48340.77,49408.824
47681.62,47508.19,47741.48,48670.21
47311.72,47066.57,47188.73,48017.508
46515.99,46627.207,46805.53,47459.24
46158.06,46249.562,46089.45,46931.348
45925.21,45945.977,45619.05,46500.637
45237.88,45708.414,45443.53,46116.434
44883.0,45487.35,45222.59,45788.56
44630.97,45419.312,44878.61,45863.414
44769.79,45358.902,44815.5,45772.43
44752.24,45355.71,44749.87,45737.242
44906.21,45573.35,44608.82,45711.73
45020.27,45740.188,44603.14,45842.047
44808.88,45929.562,44511.52,45898.957
44972.58,46089.395,44427.93,46014.37
45563.92,46506.77,44606.74,46194.844
46241.35,46792.406,44589.81,46653.773
46967.09,47200.93,44803.09,47024.535
47519.68,47752.47,45800.81,47491.844
49245.66,48951.35,46764.33,48040.65
50300.08,50167.203,48120.31,49068.004
51176.57,51708.824,49252.15,49916.918
52756.11,53618.57,50471.32,50983.043
56296.08,57079.004,52199.05,52338.03
58389.84,59340.39,55707.05,55135.12
60579.19,61248.37,58349.88,57374.86
62280.22,62784.547,60594.19,59543.9
64340.92,64228.51,62299.58,61424.188
65558.52,64826.023,64371.73,63325.227
66324.94,65157.27,65930.28,64457.465
67012.43,65313.18,67063.71,65334.477
67431.15,66400.76,67683.52,66035.195
67528.5,66576.6,68451.83,66712.38
67849.0,66752.695,68846.28,67288.414
67858.67,66913.67,69050.2,67746.91
67832.82,66841.8,68846.33,68014.2
68129.77,66998.54,68200.37,67922.27
68749.72,67183.99,68052.26,68050.54
68786.21,67348.555,68375.14,68157.516
68275.72,67244.99,68440.49,68301.89
68543.97,67394.82,67877.21,68158.92
68952.76,67568.23,67826.93,68345.18
69275.29,67744.2,68348.08,68618.234
69244.27,67601.17,68429.43,68955.11
69399.82,67762.03,68452.08,68976.54
69737.6,67914.6,68399.1,69227.56
69835.97,68033.96,69140.78,69411.07
69547.12,67772.6,69335.73,69506.28
69325.42,67807.695,68470.13,69130.42
69275.15,67847.01,67804.54,68886.25
69642.72,67848.71,67626.68,68608.89
69593.95,67453.414,66897.07,68337.99
69397.15,67455.125,66398.88,67683.76
69031.0,67488.59,65727.12,67236.305
68378.38,67504.08,65240.5,66827.13
67742.76,66857.234,64416.8,66462.484
67080.43,66772.54,64185.1,65796.65
66937.12,66693.01,63796.45,65369.676
66458.6,66650.79,63320.08,65003.676
66118.88,65774.98,63057.4,64686.312
65461.03,65594.29,63336.37,64137.613
64984.96,65427.5,62782.2,63785.438
64622.35,65263.402,62528.62,63455.863
65110.95,64409.82,62088.12,63112.65
64751.25,64338.582,62217.68,62573.58
64428.95,64323.59,62130.2,62379.773
64212.87,64358.4,61774.79,62260.582
64535.18,63935.688,61883.29,62207.92
64754.19,63995.07,62047.57,62014.0
65112.36,64121.027,62244.01,62185.105
65589.83,64295.598,62568.63,62337.93
67000.44,64759.004,62958.05,62487.473
68247.78,65062.332,63780.34,62789.293
69764.04,65368.76,64921.35,63220.95
70285.29,65652.984,66021.29,63562.285
70481.99,66153.86,66086.03,63829.363
69632.27,66173.45,66782.43,64557.824
69134.46,66105.484,66143.09,64593.367
68449.79,66028.3,65896.66,64363.14
66657.08,63957.598,64851.17,64009.043
65409.29,63308.08,63711.52,62531.246
64369.4,62589.375,62485.03,61716.85
63497.19,61878.97,61664.7,60870.43
61596.88,59835.594,60174.4,60069.133
60381.2,58866.79,58651.36,58666.527
59553.38,58024.543,57603.25,57803.453
58374.93,57331.96,56296.81,56929.992
57757.12,55800.09,55492.44,56107.2
56330.67,55257.484,55289.19,54889.047
54920.05,54818.344,54342.16,54123.496
54171.73,54444.78,53720.25,53428.047
52878.9,52385.695,53243.2,52853.2
51655.69,51573.28,51451.36,51428.082
50929.93,50687.223,50124.36,50726.234
50171.19,49938.973,49009.44,49805.293
48340.77,49102.55,48465.39,48915.332
47741.48,48348.293,47960.49,47988.277
47188.73,47744.582,47295.94,47246.664
46805.53,47254.434,46794.23,46590.223
46089.45,46784.766,46347.43,46031.18
45619.05,46414.234,45630.83,45525.63
45443.53,46107.188,45092.33,45099.836
45222.59,45885.52,45276.74,44730.844
44878.61,45754.938,44813.14,44416.55
44815.5,45649.22,44107.38,43659.438
44749.87,45588.71,44103.69,43681.77
44608.82,45552.57,43709.93,43569.78
44603.14,45733.86,43795.55,43399.438
44511.52,45847.473,43724.72,43297.555
44427.93,45995.02,43345.28,43235.67
44606.74,46154.688,43381.86,43221.242
44589.81,46607.652,43469.88,43255.344
44803.09,46800.945,43647.2,43360.68
45800.81,47026.508,43829.36,43422.727
46764.33,47484.707,43989.41,43511.055
48120.31,48649.99,44176.64,43622.16
49252.15,49730.37,44581.52,43849.26
50471.32,51045.95,44743.58,44018.53
52199.05,52612.26,44939.71,44244.61
55707.05,55689.707,45374.07,44516.324
58349.88,57957.465,46263.64,45065.812
60594.19,60024.89,46826.48,45551.867
62299.58,61781.13,47413.92,46169.312
64371.73,63694.81,47993.64,46871.273
65930.28,64652.61,48972.62,47872.195
67063.71,65249.04,49583.27,48666.92
67683.52,65597.73,50766.86,49391.566
68451.83,66943.68,51280.99,50053.273
68846.28,67180.25,51990.6,51473.406
69050.2,67384.65,52298.71,52145.555
68846.33,67544.234,53559.03,52874.35
68200.37,67555.125,54346.86,53562.766
68052.26,67717.26,55276.74,54258.164
68375.14,67870.97,55804.28,54892.3
68440.49,68077.11,55952.89,55435.547
67877.21,68011.53,56179.7,55920.457
67826.93,68192.42,55852.76,56268.67
68348.08,68395.1,56054.19,56603.36
68429.43,68648.336,55786.3,56859.133
68452.08,68536.19,55952.45,57059.89
68399.1,68732.52,56458.2,57160.754
69140.78,68867.43,56741.73,57304.17
69335.73,68995.78,56608.99,57434.43
68470.13,68623.55,56674.63,57516.445
67804.54,68485.81,56461.51,57402.406
67626.68,68288.5,56115.46,57140.285
66897.07,68076.69,55946.79,56776.92
66398.88,67245.39,55831.73,56339.332
65727.12,66829.8,55928.35,55789.004
65240.5,66436.43,55628.5,55210.285
64416.8,66090.18,54517.81,54665.062
64185.1,65274.836,54211.91,54181.656
63796.45,64924.594,53899.11,53672.98
63320.08,64671.375,53884.78,53243.703
63057.4,64465.414,53300.57,52939.04
63336.37,63770.363,53159.78,52709.816
62782.2,63564.324,52805.48,52429.47
62528.62,63436.066,52352.16,52241.96
62088.12,63353.54,52220.18,52104.824
62217.68,62744.598,51635.53,51992.582
62130.2,62674.965,51858.24,51921.348
61774.79,62679.625,51929.96,51939.65
61883.29,62714.285,51989.39,52073.73
62047.57,62385.55,52226.94,52296.21
62244.01,62461.363,52097.33,52707.51
62568.63,62594.562,52422.24,53057.184
62958.05,62763.195,52757.69,53426.453
63780.34,63033.035,53677.7,53787.273
64921.35,63165.098,54915.1,54342.336
66021.29,63410.227,56289.19,54753.21
66086.03,63703.85,57297.51,55100.867
66782.43,64078.316,57261.18,55360.06
66143.09,64125.777,57020.95,56140.266
65896.66,63993.35,56102.68,55995.957
64851.17,63817.92,55586.73,55672.395
63711.52,61824.137,55132.17,55261.61
62485.03,61091.547,54126.55,54465.297
61664.7,60353.797,52969.37,53737.62
60174.4,59665.746,52033.68,52983.098
58651.36,57783.77,51110.29,52286.125
57603.25,57057.805,50916.46,51088.445
56296.81,56496.074,50434.81,50458.586
55492.44,56028.797,49751.84,49903.195
55289.19,54771.973,49207.02,49452.41
54342.16,54463.31,49580.52,48698.27
53720.25,54178.223,48844.07,48288.895
53243.2,53921.953,48042.61,47859.02
51451.36,52103.316,47250.06,47499.15
50124.36,51047.625,46608.65,46495.258
49009.44,49913.625,45811.67,45827.703
48465.39,48886.09,45341.61,44968.895
47960.49,47899.555,44591.64,44097.086
47295.94,47263.62,43239.71,43181.55
46794.23,46734.5,42461.9,42453.164
46347.43,46322.336,42212.97,41756.156
45630.83,45926.664,41407.64,41197.31
45092.33,45616.434,40803.51,40717.824
45276.74,45350.547,40365.85,40322.254
44813.14,45192.035,39932.22,40002.434
44107.38,44095.598,39216.08,39765.766
44103.69,44132.473,38193.14,39276.54
43709.93,44095.36,38047.08,39013.645
43795.55,43914.184,37844.7,38861.844
43724.72,43778.836,37811.07,38758.86
43345.28,43641.555,37966.99,38692.016
43381.86,43547.227,37930.85,38605.4
43469.88,43563.547,37753.57,38547.96
43647.2,43701.47,37341.6,38512.242
43829.36,43787.793,37037.8,38574.477
43989.41,43879.773,37094.65,38573.07
44176.64,43980.203,38124.61,38610.97
44581.52,44236.723,38008.1,38657.918
44743.58,44463.414,38401.34,38748.523
44939.71,44743.094,38393.57,38802.332
45374.07,45065.41,38182.29,38833.344
46263.64,45728.023,38179.62,38855.426
46826.48,46318.902,38039.88,39024.11
47413.92,46950.113,38100.55,39123.35
47993.64,47612.266,38889.71,39259.79
48972.62,48593.78,38486.64,39438.156
49583.27,49448.777,39051.39,39867.523
50766.86,50299.363,39500.17,40224.41
51280.99,51262.105,39353.58,40646.477
51990.6,53285.94,39806.74,41073.363
52298.71,53853.094,41001.36,42720.72
53559.03,54271.6,41651.49,43297.02
54346.86,54787.434,42643.53,43982.902
55276.74,55315.508,43252.53,44736.5
55804.28,55833.113,44403.88,45745.242
55952.89,56262.035,44922.59,46596.523
56179.7,56637.547,45980.68,47414.875
55852.76,56945.68,46869.0,48161.79
56054.19,57170.684,47625.13,48907.33
55786.3,57339.33,48432.71,49462.83
55952.45,57410.8,48899.64,49959.58
56458.2,57411.82,48936.32,50429.594
56741.73,57404.746,49852.68,50916.805
56608.99,57338.434,50120.35,51305.633
56674.63,57182.055,50425.17,51758.047
56461.51,56910.387,50822.66,52217.293
56115.46,56577.004,51051.81,52584.867
55946.79,56231.18,51585.56,52749.992
55831.73,55909.562,51982.01,52761.508
55928.35,55492.348,51925.15,52612.305
55628.5,55211.055,52136.53,52272.63
54517.81,54943.16,52073.87,51808.797
54211.91,54488.977,51505.32,51328.844
53899.11,53943.312,50946.93,50865.066
53884.78,53547.984,50396.32,50379.06
53300.57,53354.918,49761.12,49977.367
53159.78,53063.684,49306.32,49657.523
52805.48,52747.54,48660.12,49404.82
52352.16,52467.29,48097.37,49172.996
52220.18,52252.695,47921.39,49045.703
51635.53,52173.797,48033.67,48956.164
51858.24,52035.934,48144.0,48882.086
51929.96,52060.566,48058.33,48872.63
51989.39,52230.86,48014.19,48895.453
52226.94,52453.855,47941.31,48969.953
52097.33,52962.395,47700.49,49105.363
52422.24,53034.15,47903.98,49521.062
52757.69,53248.574,48085.91,49937.93
53677.7,53451.188,48649.41,50378.723
54915.1,54304.875,49552.51,50780.215
56289.19,54475.96,51262.78,51375.48
57297.51,54704.156,53028.84,51751.15
57261.18,54866.65,54653.73,52047.535
57020.95,55227.5,55408.47,52307.484
56102.68,54994.656,56243.62,53158.18
55586.73,54704.93,55987.65,53237.336
55132.17,54471.27,55646.65,53165.945
54126.55,53590.582,54987.22,52998.273
52969.37,53069.406,54545.96,52554.156
52033.68,52509.93,53975.95,52175.285
51110.29,51970.07,53437.24,51742.742
50916.46,50432.402,52603.27,51335.652
50434.81,50029.59,52367.68,50469.56
49751.84,49697.54,51216.38,50063.758
49207.02,49351.516,50133.05,49674.5
49580.52,48480.492,49358.52,49338.797
48844.07,48415.12,48967.17,48849.688
48042.61,48103.61,48753.49,48529.67
47250.06,47727.895,48340.21,48208.87
46608.65,46368.957,48065.82,47921.47
45811.67,45207.008,48321.16,47104.21
45341.61,44238.773,47739.89,46529.062
44591.64,43486.75,46939.97,45782.168
43239.71,42703.023,46175.07,45066.805
42461.9,42043.04,45431.05,44375.03
42212.97,41491.844,44672.35,43805.33
41407.64,41136.055,44085.61,43302.36
40803.51,40860.33,43560.88,42861.336
40365.85,40661.23,43691.99,42492.5
39932.22,40523.867,43811.07,42130.523
39216.08,40438.742,43496.73,41804.137
38193.14,39809.848,43313.47,41515.117
38047.08,39592.082,43068.58,42380.867
37844.7,39386.383,42772.11,42140.47
37811.07,39149.812,42749.16,42033.227
37966.99,38987.855,42656.3,41995.777
37930.85,38862.586,42611.7,42097.645
37753.57,38783.062,42524.39,42198.727
37341.6,38734.234,42660.17,42369.105
37037.8,38793.7,43028.32,42628.656
37094.65,38760.29,43233.03,43076.457
38124.61,38750.656,43456.59,43545.727
38008.1,38780.703,43504.83,44122.035
38401.34,38884.867,43524.4,44782.066
38393.57,38970.957,44215.36,45722.305
38182.29,39046.28,44517.11,46611.363
38179.62,39107.07,45478.7,47672.188
38039.88,39356.445,46308.6,49011.254
38100.55,39457.96,48187.73,51504.7
38889.71,39547.258,49193.22,54128.957
38486.64,39659.312,50476.56,56789.27
39051.39,39979.805,52152.22,59097.77
39500.17,40153.207,55232.14,61321.246
39353.58,40347.543,57858.22,62728.85
39806.74,40464.484,60161.12,63813.234
41001.36,42805.97,61825.22,64643.094
41651.49,43607.688,63208.57,65274.9
42643.53,44439.758,64101.9,65978.02
43252.53,45337.688,64961.01,66599.336
44403.88,46423.547,65733.67,67039.766
44922.59,47244.875,66375.34,67201.69
45980.68,47871.305,66343.44,67391.08
46869.0,48505.934,66207.74,67532.47
47625.13,49163.836,66124.62,67648.9
48432.71,49662.965,65609.51,67507.3
48899.64,50132.24,65826.59,67643.88
48936.32,50516.277,66158.45,67798.98
49852.68,50679.24,66501.43,67947.47
50120.35,51011.137,66915.12,67790.805
50425.17,51252.734,67336.56,68047.42
50822.66,51416.65,67882.14,68359.984
51051.81,51452.734,68535.91,68657.92
51585.56,51451.74,69249.45,68348.305
51982.01,51560.918,69321.46,68324.88
51925.15,51670.953,69643.58,68196.72
52136.53,51477.676,69745.33,68032.79
52073.87,51444.32,69368.43,67460.65
51505.32,51406.99,69169.99,67194.28
50946.93,51200.535,69442.87,66994.64
50396.32,50747.004,69397.2,66818.46
49761.12,50417.75,69332.1,66290.05
49306.32,50125.09,69113.43,66079.78
48660.12,49905.742,68406.4,65857.195
48097.37,49497.062,67771.35,65653.14
47921.39,49246.004,67593.6,65170.156
48033.67,49153.895,67189.41,64923.586
48144.0,49180.613,66945.74,64701.47
48058.33,49226.094,66644.99,64494.38
48014.19,49201.418,66234.93,63980.83
47941.31,49226.41,65840.05,63759.15
47700.49,49258.49,65329.46,63640.414
47903.98,49509.93,64924.92,63608.754
48085.91,49497.26,63924.59,63475.934
48649.41,49569.277,63798.81,63639.496
49552.51,49755.4,63805.56,63755.43
51262.78,50592.645,64299.86,63831.766
53028.84,51128.242,65133.52,63793.055
54653.73,51785.426,66558.29,63891.65
55408.47,52372.766,67959.91,63887.977
56243.62,53372.14,68401.45,63857.25
55987.65,53603.98,68131.66,63756.17
55646.65,53663.13,67636.11,63861.51
54987.22,53575.305,67095.9,63841.566
54545.96,53062.195,66490.74,63731.086
53975.95,52739.2,66620.62,63307.305
53437.24,52437.562,66469.99,62828.363
52603.27,52152.684,65937.66,62234.62
52367.68,51033.355,65191.89,61591.39
51216.38,50682.258,64663.91,60365.832
50133.05,50144.344,63659.2,59511.195
49358.52,49545.902,62585.02,58658.312
48967.17,48632.105,61708.68,57827.258
48753.49,48262.477,60868.39,56565.973
48340.21,48044.4,60077.52,55716.355
48065.82,47844.61,59011.17,54916.812
48321.16,47211.2,57920.06,54232.797
47739.89,46556.715,57486.81,52804.117
46939.97,45817.527,56528.82,52130.734
46175.07,45135.438,55577.61,51190.81
45431.05,44373.17,54370.06,50307.305
44672.35,43768.79,52734.23,49376.35
44085.61,43220.55,51353.24,48691.61
43560.88,42738.484,50354.45,48101.74
43691.99,42323.367,49622.16,47609.723
43811.07,41997.484,49152.01,47131.418
43496.73,41749.516,48422.68,46767.426
43313.47,41527.51,48142.97,46452.227
43068.58,42437.637,47587.64,46181.586
42772.11,42275.703,47222.2,46379.797
42749.16,42269.18,46990.23,46284.58
42656.3,42333.07,46754.06,46228.875
42611.7,42538.27,46408.09,46212.453
42524.39,42735.81,45933.56,46337.445
42660.17,42977.555,45987.27,46447.664
43028.32,43295.42,46312.88,46616.035
43233.03,43862.176,46392.27,46824.3
43456.59,44369.453,46090.13,47190.355
43504.83,44888.08,46511.93,47517.926
43524.4,45372.703,46741.08,47912.566
44215.36,46116.453,47061.72,48366.89
44517.11,46818.29,47654.15,49093.45
45478.7,47529.94,48180.16,49706.39
46308.6,48453.863,48421.38,50445.793
48187.73,50172.055,49102.46,51394.9
49193.22,52153.824,50415.36,53380.402
50476.56,54248.55,51191.45,55330.504
52152.22,56317.676,52228.8,57541.8
55232.14,58981.105,53917.58,59630.477
57858.22,60965.57,57456.77,61778.797
60161.12,62628.92,59964.24,63058.312
61825.22,63845.777,61912.55,64103.76
63208.57,65450.055,63228.75,64950.12
64101.9,65952.51,64445.13,65641.266
64961.01,66332.484,64885.46,66323.31
65733.67,66620.29,65692.82,66903.96
66375.34,66815.83,66465.99,67331.0
66343.44,67022.64,67259.95,67492.58
66207.74,67182.28,67888.89,67694.766
66124.62,67321.09,67864.06,67858.0
65609.51,67231.55,67965.36,67989.3
65826.59,67350.03,68130.14,67876.91
66158.45,67466.92,68206.75,67950.05
66501.43,67551.47,68258.11,68047.78
66915.12,67317.63,68284.71,68192.07
67336.56,67514.97,68420.81,68061.51
67882.14,67792.77,68513.11,68287.87
68535.91,68085.78,68552.64,68567.38
69249.45,67799.0,69141.7,68831.9
69321.46,67955.69,69125.13,68586.15
69643.58,68029.664,69551.16,68594.836
69745.33,68092.016,69530.26,68545.55
69368.43,67569.71,69395.28,68458.17
69169.99,67546.66,68823.44,67880.25
69442.87,67536.21,68541.95,67570.25
69397.2,67548.28,68290.89,67326.83
69332.1,66915.91,68506.03,67153.03
69113.43,66928.445,68696.37,66672.94
68406.4,66891.914,68362.49,66422.85
67771.35,66814.74,67927.76,66219.1
67593.6,66059.04,67411.36,66044.375
67189.41,65930.05,67334.4,65594.35
66945.74,65820.81,67016.49,65379.414
66644.99,65780.39,67105.76,65205.547
66234.93,65046.14,66999.27,65033.61
65840.05,64951.992,66796.62,64583.1
65329.46,64901.57,66476.94,64382.324
64924.92,64864.125,66184.03,64265.46
63924.59,64264.504,66010.41,64239.266
63798.81,64166.508,65778.01,64106.61
63805.56,64135.848,65466.04,64232.875
64299.86,64122.16,65833.07,64332.785
65133.52,63641.426,66314.85,64415.17
66558.29,63658.523,67275.24,64451.367
67959.91,63822.656,68351.31,64508.164
68401.45,64052.875,69618.52,64499.086
68131.66,63929.5,69946.34,64499.605
67636.11,64022.42,69293.35,64584.082
67095.9,64030.52,68931.09,64751.547
66490.74,63924.332,68654.2,64830.9
66620.62,62592.14,68365.28,64832.477
66469.99,62149.133,67870.25,64392.055
65937.66,61757.594,67249.68,63838.375
65191.89,61330.773,66671.49,63125.66
64663.91,59510.33,66034.28,62348.473
63659.2,58831.043,65392.21,60867.914
62585.02,58182.047,64136.65,59974.0
61708.68,57534.637,62898.56,59104.918
60868.39,55895.85,62253.69,58289.85
60077.52,55194.824,61539.42,57069.215
59011.17,54637.26,60759.3,56249.05
57920.06,54180.293,59940.33,55489.742
57486.81,52351.055,58999.27,54857.21
56528.82,51766.383,58718.26,53882.06
55577.61,51126.14,57923.3,53453.79
54370.06,50625.312,56397.53,52926.367
52734.23,49980.254,55645.96,52380.836
51353.24,49506.56,54054.33,51408.715
50354.45,49008.492,52977.75,50708.633
49622.16,48532.516,51996.46,50056.152
49152.01,47959.797,51225.28,49472.67
48422.68,47597.566,49923.93,48742.805
48142.97,47265.832,49200.97,48265.617
47587.64,47010.555,49097.37,47842.15
47222.2,46424.586,48809.03,47475.88
46990.23,46400.375,48346.72,47424.656
46754.06,46399.45,48275.33,47334.715
46408.09,46399.516,48017.58,47269.668
45933.56,46536.098,48063.76,47247.93
45987.27,46613.793,47280.34,47344.79
46312.88,46748.453,47426.97,47426.67
46392.27,46916.258,47399.03,47560.746
46090.13,47190.0,47354.71,47735.316
46511.93,47299.547,47442.39,48046.38
46741.08,47466.86,47655.64,48307.637
47061.72,47664.812,47754.28,48636.973
47654.15,48171.727,48013.37,49033.035
48180.16,48637.45,48633.52,49682.305
48421.38,49247.77,48922.59,50235.633
49102.46,49949.324,49543.13,50880.027
50415.36,51661.46,50048.74,51639.785
51191.45,53352.21,51311.37,53143.1
52228.8,55141.02,52024.79,54573.242
53917.58,56784.133,53059.18,56350.414
57456.77,59074.836,54545.48,58260.812
59964.24,60768.535,57491.71,60628.76
61912.55,62249.9,59887.5,62005.375
63228.75,63352.312,61256.17,63249.348
64445.13,65265.117,62540.14,64370.53
64885.46,65736.98,63932.21,65648.2
65692.82,66063.89,64522.49,66346.34
66465.99,66344.63,65168.09,66934.34
67259.95,66616.04,65848.44,67349.06
67888.89,66840.04,66743.85,67516.914
67864.06,67045.08,67072.64,67661.055
67965.36,67218.664,66784.59,67790.17
68130.14,67267.875,66949.21,67908.66
68206.75,67449.414,66596.95,67799.69
68258.11,67627.47,66718.98,67876.66
68284.71,67810.914,67070.75,67982.45
68420.81,67713.02,66983.3,68127.87
68513.11,67917.03,67446.99,67985.88
68552.64,68140.75,67317.0,68199.055
69141.7,68356.6,67540.8,68472.625
69125.13,68135.19,67791.98,68750.69
69551.16,68262.805,67661.04,68570.57
69530.26,68387.71,67657.74,68622.69
69395.28,68478.86,67824.51,68623.19
68823.44,68008.44,67982.12,68582.91
68541.95,67981.62,67780.26,68119.92
68290.89,67951.84,67695.48,67845.26
68506.03,67909.74,67880.77,67621.14
68696.37,67244.77,67663.26,67448.38
68362.49,67178.69,68238.49,67000.7
67927.76,67112.914,68043.09,66744.78
67411.36,67044.12,67602.39,66526.51
67334.4,66247.74,67105.52,66329.83
67016.49,66139.875,67174.52,65882.266
67105.76,66077.125,66989.69,65653.0
66999.27,66071.74,66726.45,65472.598
66796.62,65308.492,66652.93,65313.69
66476.94,65262.04,66168.4,64894.062
66184.03,65246.914,65775.35,64708.17
66010.41,65251.08,65545.27,64599.42
65778.01,64739.71,65400.75,64593.5
65466.04,64709.707,65053.71,64509.242
65833.07,64718.695,64792.19,64686.02
66314.85,64789.32,65128.91,64838.5
67275.24,64926.676,65680.55,64969.324
68351.31,65079.836,67164.28,65077.844
69618.52,65339.51,68428.3,65338.074
69946.34,65652.16,69136.23,65574.97
69293.35,66124.32,69591.84,65766.56
68931.09,66186.234,68671.56,66451.49
68654.2,66175.24,68158.58,66634.805
68365.28,66337.33,67791.88,66782.66
67870.25,64976.617,67616.26,67258.43
67249.68,64556.387,67988.14,66155.19
66671.49,64101.727,67624.81,65480.023
66034.28,63622.617,67067.85,64631.816
65392.21,61622.035,66505.82,63710.973
64136.65,60944.414,65162.33,61934.91
62898.56,60188.68,64049.74,61032.516
62253.69,59420.27,62948.17,60209.164
61539.42,57859.117,62200.28,59467.902
60759.3,57133.848,61667.68,58389.37
59940.33,56558.43,61360.24,57744.188
58999.27,56125.26,60804.23,57162.02
58718.26,54203.832,59753.95,56665.28
57923.3,54117.41,58530.36,56102.645
56397.53,53907.473,57990.0,56126.234
55645.96,53599.793,56901.61,55781.53
54054.33,52877.156,55756.12,55237.934
52977.75,52358.21,54772.16,54164.207
51996.46,51829.484,54009.73,53311.59
51225.28,51318.63,52956.14,52509.336
49923.93,50609.887,52344.52,51806.016
49200.97,50080.8,50730.56,50994.586
49097.37,49741.99,50051.58,50535.215
48809.03,48944.848,49487.33,49415.73
48346.72,47777.414,49246.73,48941.91
48275.33,47741.945,48124.43,48297.812
48017.58,47750.727,47858.8,48220.137
48063.76,47749.777,47553.49,48164.07
47280.34,47902.562,47256.89,48149.316
47426.97,47930.816,47170.16,48254.25
47399.03,48015.11,47247.45,48320.957
47354.71,48106.48,47208.8,48433.684
47442.39,48311.945,47217.44,48583.67
47655.64,48434.938,47494.28,48876.11
47754.28,48594.805,47614.99,49118.797
48013.37,48779.836,47580.33,49429.6
48633.52,49231.332,47604.57,49805.992
48922.59,49644.94,47907.33,50408.215
49543.13,50137.51,47957.42,50894.95
50048.74,50772.484,48183.43,51445.992
51311.37,52142.945,48708.66,52072.348
52024.79,53465.863,49484.25,53233.95
53059.18,54897.887,49746.34,54265.07
54545.48,56307.92,50340.84,55541.23
57491.71,58565.418,50938.37,57014.703
59887.5,60170.445,53207.95,59283.85
61256.17,61772.832,54795.17,60951.58
62540.14,63075.375,56096.95,62588.992
63932.21,65602.33,57215.93,64139.55
64522.49,66098.37,58681.64,65804.1
65168.09,66464.9,59330.22,66750.89
65848.44,66781.234,59936.24,67473.13
66743.85,67129.58,61025.59,67965.07
67072.64,67371.914,62004.26,68142.86
66784.59,67596.67,62507.46,68318.55
66949.21,67773.59,62582.37,68438.04
66596.95,67829.23,62623.84,68534.35
66718.98,67981.13,62371.02,68402.14
67070.75,68151.98,62908.41,68432.41
66983.3,68343.59,63490.37,68497.13
67446.99,68211.81,63761.81,68613.74
67317.0,68396.61,63203.05,68464.81
67540.8,68550.125,63496.47,68648.15
67791.98,68675.13,63756.43,68889.22
67661.04,68322.42,63760.51,69136.09
67657.74,68320.67,63761.71,68900.336
67824.51,68304.77,63977.98,68920.516
67982.12,68280.62,64134.66,68896.125
67780.26,67766.625,64081.1,68838.83
67695.48,67670.64,63144.6,68387.34
67880.77,67600.32,62738.16,68102.55
67663.26,67562.21,62489.2,67861.66
68238.49,66991.375,62272.36,67669.086
68043.09,66977.46,62505.97,67172.41
67602.39,66985.984,62262.82,66871.625
67105.52,66982.164,61669.32,66601.67
67174.52,66283.73,61312.54,66356.02
66989.69,66242.625,61505.78,65805.5
66726.45,66247.68,61037.77,65544.56
66652.93,66267.45,60766.27,65338.4
66168.4,65525.84,60382.82,65156.54
65775.35,65488.465,60334.02,64664.492
65545.27,65484.33,59802.09,64461.477
65400.75,65508.02,59840.16,64350.727
65053.71,65098.316,59647.03,64355.344
64792.19,65083.777,59433.71,64390.76
65128.91,65106.96,59182.87,64672.215
65680.55,65173.848,59285.03,64942.2
67164.28,65565.87,59737.38,65187.57
68428.3,65785.52,61301.43,65600.086
69136.23,66110.52,62607.79,66185.51
69591.84,66407.234,63388.56,66718.57
68671.56,67214.01,63643.72,67105.586
68158.58,67214.516,63704.3,68041.12
67791.88,67161.984,63577.57,68236.05
67616.26,67062.49,63316.01,68242.64
67988.14,65434.676,63044.4,68171.66
67624.81,65093.902,62884.99,67386.016
67067.85,64716.64,62336.58,66866.164
66505.82,64270.44,62136.22,66178.91
65162.33,62219.84,61894.87,65353.562
64049.74,61426.36,60404.76,63412.99
62948.17,60632.684,59279.32,62424.992
62200.28,59859.57,58462.32,61562.242
61667.68,58289.297,57991.63,60801.81
61360.24,57596.285,57051.77,59723.08
60804.23,57074.5,56618.22,59027.88
59753.95,56679.203,56049.61,58408.027
58530.36,55266.2,55654.25,57879.316
57990.0,55027.008,55060.04,57593.547
56901.61,54755.086,54354.42,57436.69
55756.12,54430.363,53541.59,57052.938
54772.16,53663.125,52245.01,56476.62
54009.73,53149.473,50521.72,55500.914
52956.14,52672.62,49503.82,54694.117
52344.52,52165.297,48788.43,53896.49
50730.56,51456.223,48320.42,53152.2
50051.58,50806.516,47061.48,52181.008
49487.33,50235.07,46513.16,51478.973
49246.73,49760.055,45933.37,50837.586
48124.43,48685.67,45472.94,50275.25
47858.8,48569.953,44748.98,49356.06
47553.49,48500.395,44564.04,49276.344
47256.89,48444.72,44449.54,49189.793
47170.16,48536.074,43898.52,49118.3
47247.45,48580.145,43456.61,49131.65
47208.8,48654.008,43414.59,49130.555
47217.44,48729.664,43377.0,49175.152
47494.28,48930.14,43308.21,49262.133
47614.99,49059.34,43578.66,49483.996
47580.33,49196.95,43675.44,49669.895
47604.57,49330.36,43765.31,49915.133
47907.33,49679.4,43339.28,50203.39
47957.42,49960.42,43992.92,50697.855
48183.43,50303.992,44232.63,51114.15
48708.66,50746.547,44369.25,51590.758
49484.25,51860.223,44503.25,52107.18
49746.34,52878.945,44786.57,53040.246
50340.84,53985.07,44772.02,53826.24
50938.37,55201.32,45103.93,54803.46
53207.95,57242.094,45222.3,56054.168
54795.17,58718.188,45989.96,58448.707
56096.95,60007.8,46744.21,60302.98
57215.93,61169.0,47324.21,61955.01
58681.64,64031.184,47921.93,63317.926
59330.22,64836.766,48847.15,65343.285
59936.24,65380.844,49562.34,66389.945
61025.59,65779.86,50391.78,67230.08
62004.26,66181.44,51278.39,67825.12
62507.46,66449.516,52393.9,68195.56
62582.37,66632.19,53081.48,68410.91
62623.84,66745.8,53590.72,68553.64
62371.02,66792.94,53718.46,68654.11
62908.41,66811.09,53710.08,68641.625
63490.37,66845.72,53994.87,68667.805
63761.81,66906.98,54117.61,68715.7
63203.05,66836.99,54463.03,68829.53
63496.47,66797.67,54702.62,68919.055
63756.43,66766.64,55056.41,69114.25
63760.51,66732.53,55463.19,69351.48
63761.71,66421.68,55920.98,69565.586
63977.98,66266.984,56288.17,69584.24
64134.66,66160.92,56785.29,69620.69
64081.1,66084.21,57154.23,69621.2
63144.6,65779.86,57187.86,69582.664
62738.16,65591.08,57628.92,69243.88
62489.2,65449.703,57498.79,68919.59
62272.36,65342.816,57148.17,68614.266
62505.97,64928.24,57311.97,68359.97
62262.82,64811.113,57088.33,67832.07
61669.32,64746.277,56793.66,67463.13
61312.54,64692.242,56527.2,67166.31
61505.78,64131.555,55886.52,66933.8
61037.77,64058.918,55629.11,66366.68
60766.27,64026.93,55096.77,66141.625
60382.82,64015.508,54957.97,65989.17
60334.02,63387.855,54610.91,65869.76
59802.09,63362.977,55309.49,65400.73
59840.16,63370.875,54959.85,65277.79
59647.03,63421.22,54973.97,65207.754
59433.71,63167.777,54997.59,65215.22
59182.87,63254.96,55063.61,65032.113
59285.03,63383.73,54875.84,65232.938
59737.38,63523.234,55483.65,65440.344
61301.43,63502.348,56082.05,65609.62
62607.79,63718.5,58202.46,65903.22
63388.56,63999.727,59011.1,66063.89
63643.72,64257.07,59342.37,66080.97
63704.3,64514.28,59449.96,66040.49
63577.57,64515.46,59065.74,66509.125
63316.01,64451.92,58644.43,66517.195
63044.4,64332.83,58336.18,66388.305
62884.99,63454.633,57838.19,65918.25
62336.58,62985.434,57705.59,64731.258
62136.22,62535.32,57031.27,63993.77
61894.87,62134.38,56559.98,63211.42
60404.76,60746.652,56214.7,62469.613
59279.32,60216.797,55002.61,60996.465
58462.32,59748.36,53997.84,60292.098
57991.63,59338.4,53177.31,59620.79
57051.77,58343.863,52611.82,59012.08
56618.22,57945.652,51938.57,58013.605
56049.61,57614.9,51509.32,57452.4
55654.25,57304.0,50975.53,56930.082
55060.04,56060.285,50668.01,56467.836
54354.42,55602.426,51000.46,55248.938
53541.59,54929.414,50080.55,54661.305
52245.01,54191.14,49310.83,53786.066
50521.72,53231.258,48467.68,52830.39
49503.82,52219.95,47523.21,51598.695
48788.43,51319.332,46735.54,50648.695
48320.42,50585.508,46090.6,49791.824
47061.48,49937.633,45570.26,49047.0
46513.16,49322.04,44301.78,48195.703
45933.37,48834.97,43758.5,47590.754
45472.94,48434.03,43105.55,47064.656
44748.98,47928.766,42654.37,46618.363
44564.04,47754.684,42000.26,44646.273
44449.54,47647.34,41487.98,44567.484
43898.52,47583.113,41449.22,44338.582
43456.61,47554.555,41215.9,44033.83
43414.59,47498.89,41098.08,43738.914
43377.0,47444.703,40797.06,43497.367
43308.21,47351.86,40661.79,43340.867
43578.66,47251.73,40580.45,43245.83
43675.44,47157.203,40627.64,43215.367
43765.31,47158.184,40598.13,43189.715
43339.28,47273.92,40644.55,43185.617
43992.92,47508.758,40670.45,43199.527
44232.63,47907.055,40897.14,43268.99
44369.25,48397.82,40912.82,43340.57
44503.25,48920.984,41257.65,43462.19
44786.57,49780.09,41490.54,43479.016
44772.02,50322.523,42253.09,43758.477
45103.93,50738.79,42318.11,44033.875
45222.3,51180.254,42424.89,44393.395
45989.96,52185.83,43215.16,44932.223
46744.21,52799.05,43999.98,45816.37
47324.21,53434.727,44518.98,46388.91
47921.93,54036.883,44903.2,46903.484
48847.15,57499.594,45388.6,47438.367
49562.34,58156.387,46677.79,49185.105
50391.78,58835.76,47128.64,49747.76
51278.39,59429.57,47599.69,50326.582
52393.9,60648.42,48721.28,51078.496
53081.48,61076.477,49995.25,52228.168
53590.72,61396.04,50565.0,52954.77
53718.46,61616.4,51341.49,53654.633
53710.08,62139.734,52052.33,54309.863
53994.87,62143.254,52941.41,55230.23
54117.61,62156.61,53474.31,55769.293
54463.03,62196.066,53530.27,56200.707
54702.62,62412.445,53717.97,56564.918
55056.41,62391.656,53925.49,57067.08
55463.19,62410.086,54236.14,57303.445
55920.98,62395.77,54482.87,57552.46
56288.17,62292.387,54733.04,57775.754
56785.29,62193.895,54975.99,57994.996
57154.23,62142.8,55212.83,58055.062
57187.86,62040.414,55645.8,58028.17
57628.92,61711.145,55700.82,57882.66
57498.79,61549.63,55583.57,57515.348
57148.17,61387.633,55615.49,57076.402
57311.97,61180.89,55447.74,56552.242
57088.33,60676.88,55607.39,56032.363
56793.66,60427.316,55369.18,55313.39
56527.2,60197.438,55110.22,54744.82
55886.52,59974.65,55155.11,54263.76
55629.11,59328.812,54278.66,53898.656
55096.77,59040.008,53798.51,53428.2
54957.97,58757.44,53548.53,53161.14
54610.91,58522.133,52995.5,52986.68
55309.49,58093.12,52647.93,52870.02
54959.85,57982.605,52709.34,52597.656
54973.97,57877.098,52581.81,52548.523
54997.59,57814.65,52012.26,52598.9
55063.61,58021.164,51943.27,52788.758
54875.84,57954.695,52315.77,53067.152
55483.65,57900.617,52287.69,53447.598
56082.05,57888.344,52669.53,53850.582
58202.46,58321.957,53599.23,54196.086
59011.1,58407.484,55836.29,54670.54
59342.37,58500.168,56663.87,54887.844
59449.96,58550.39,57889.38,55010.88
59065.74,59121.047,58434.8,55045.594
58644.43,58926.92,58110.42,55576.133
58336.18,58776.14,57510.2,55419.305
57838.19,58650.34,57145.02,55127.18
57705.59,57206.133,57067.07,54754.457
57031.27,56942.668,56225.68,54191.098
56559.98,56746.902,55397.73,53396.355
56214.7,56582.5,54644.11,52633.043
55002.61,55617.64,54145.05,51948.516
53997.84,55353.086,53174.69,50944.453
53177.31,55100.19,51710.99,50288.062
52611.82,54847.016,51109.87,49699.973
51938.57,54110.42,50380.36,49213.938
51509.32,53825.395,49568.59,48622.867
50975.53,53608.04,49066.06,48231.18
50668.01,53391.027,48938.91,47865.81
51000.46,52092.094,48674.93,47544.46
50080.55,51226.184,48684.67,46614.566
49310.83,50263.594,48459.88,46092.86
48467.68,49346.188,47464.42,45352.727
47523.21,48435.125,46613.78,44571.047
46735.54,47577.438,45777.64,43999.81
46090.6,46828.67,45413.61,43298.312
45570.26,46242.17,44683.21,42616.23
44301.78,45744.992,43889.55,41965.63
43758.5,45277.914,42225.24,41351.508
43105.55,44953.656,41498.98,40739.676
42654.37,44707.953,41028.15,40176.734
42000.26,41333.656,40591.82,41786.707
41487.98,41405.69,39835.69,38436.805
41449.22,41269.215,39495.64,38124.406
41215.9,41040.92,38728.51,37924.6
41098.08,40848.46,38551.04,37758.05
40797.06,40729.508,38779.44,37654.453
40661.79,40635.14,38655.34,37532.97
40580.45,40550.46,38059.82,37439.812
40627.64,40515.133,38229.55,37357.887
40598.13,40489.414,38599.94,37312.953
40644.55,40510.06,38522.34,37250.195
40670.45,40605.152,38100.08,37218.695
40897.14,40857.945,38162.79,37190.055
40912.82,41108.5,38526.59,37252.1
41257.65,41371.89,38640.21,37238.43
41490.54,41644.074,38778.07,37214.438
42253.09,42109.24,38635.23,37177.582
42318.11,42463.207,39103.53,37234.484
42424.89,42740.688,39101.49,37224.234
43215.16,42977.633,38425.55,37225.547
43999.98,43674.566,38369.05,37251.062
44518.98,44159.156,38267.36,37431.69
44903.2,44654.492,38335.58,37485.836
45388.6,45134.918,38776.13,37487.656
46677.79,47573.113,38955.15,37466.984
47128.64,48740.293,39423.9,38758.367
47599.69,49805.895,39799.61,39245.016
48721.28,50734.133,40430.34,39859.66
49995.25,51963.926,41069.14,40579.74
50565.0,52760.293,42241.08,41898.547
51341.49,53332.594,43345.93,42795.723
52052.33,53864.56,44366.28,43696.863
52941.41,54543.44,45090.17,44557.543
53474.31,55099.58,45823.21,45823.43
53530.27,55602.273,46390.41,46549.45
53717.97,56022.562,46936.47,47238.812
53925.49,56402.19,47308.95,47874.812
54236.14,56641.027,48081.55,48839.53
54482.87,56826.21,48835.06,49315.527
54733.04,56921.316,48932.47,49786.594
54975.99,56894.316,49694.56,50298.31
55212.83,56806.25,50458.05,51024.695
55645.8,56664.004,51441.56,51427.535
55700.82,56463.727,52019.06,51685.344
55583.57,56077.99,52050.79,51752.16
55615.49,55685.55,51822.46,51529.523
55447.74,55305.145,51532.81,51068.38
55607.39,54965.715,51319.72,50563.805
55369.18,54451.45,50709.94,50076.445
55110.22,54104.332,50151.44,49531.562
55155.11,53826.594,49574.34,49047.22
54278.66,53674.465,49279.47,48670.582
53798.51,53312.664,48673.45,48390.406
53548.53,52995.637,48468.79,48133.477
52995.5,52828.047,48486.93,47983.336
52647.93,52710.996,48234.16,47854.805
52709.34,52539.176,48096.44,47739.105
52581.81,52510.43,48507.04,47664.316
52012.26,52528.92,48346.85,47691.816
51943.27,52519.887,48347.32,47800.594
52315.77,52642.965,48114.51,47975.28
52287.69,52681.887,48280.05,48430.793
52669.53,52721.207,48732.02,48947.79
53599.23,52805.45,49318.79,49458.336
55836.29,53294.36,50364.6,49908.57
56663.87,53510.5,52326.03,50416.613
57889.38,53709.684,53342.49,50808.383
58434.8,53908.156,53959.5,51086.97
58110.42,54692.734,54520.84,51314.4
57510.2,54522.77,54846.69,52052.47
57145.02,54359.883,54455.57,52232.785
57067.07,54200.957,54400.97,52225.465
56225.68,53351.434,53914.3,52138.023
55397.73,52965.23,53293.94,51832.36
54644.11,52661.53,52864.06,51456.07
54145.05,52416.355,52571.8,51016.844
53174.69,51191.062,51884.16,50613.098
51710.99,50827.676,51360.13,49919.54
51109.87,50377.77,50368.22,49519.953
50380.36,50044.69,50049.12,49121.215
49568.59,49306.83,49308.37,48769.188
49066.06,48899.19,48881.63,48320.984
48938.91,48573.945,48141.68,48011.227
48674.93,48387.043,47735.89,47710.883
48684.67,47675.406,47636.01,47461.223
48459.88,46908.69,47827.4,47333.848
47464.42,46196.344,47346.59,46909.95
46613.78,45368.32,46394.48,46268.13
45777.64,44704.723,45844.85,45583.168
45413.61,43924.297,44865.32,45052.254
44683.21,43335.977,44238.11,44393.414
43889.55,42829.438,43670.12,43771.395
42225.24,42452.83,43021.98,43197.85
41498.98,41926.965,42351.11,42630.78
41028.15,41523.367,41875.33,42074.895
40591.82,41234.336,41708.09,41559.848
39835.69,38274.773,41509.18,41099.3
39495.64,38116.914,40980.35,41139.227
38728.51,37969.758,41012.58,40866.918
38551.04,37683.035,40958.69,40738.555
38779.44,37433.406,40884.66,40670.473
38655.34,37237.145,40241.71,40680.117
38059.82,37124.332,40291.53,40717.98
38229.55,37045.777,40564.96,40813.19
38599.94,37053.75,40642.22,40980.062
38522.34,37039.96,40515.8,41288.117
38100.08,37032.08,40887.67,41630.188
38162.79,36984.21,41345.34,42048.336
38526.59,37073.242,41698.89,42555.86
38640.21,37072.273,42384.26,43236.75
38778.07,37074.805,42898.8,43852.883
38635.23,37080.24,43502.83,44522.88
39103.53,37235.42,44153.98,45280.3
39101.49,37288.695,45293.59,46466.664
38425.55,37331.24,46245.27,47673.55
38369.05,37345.754,47777.73,49219.37
38267.36,37572.918,49986.04,51269.61
38335.58,37602.18,53272.91,54446.527
38776.13,37630.945,56133.1,56778.76
38955.15,37678.04,58351.73,58626.58
39423.9,39489.812,60355.64,60051.055
39799.61,40071.04,62672.4,62324.113
40430.34,40713.49,63454.4,63373.055
41069.14,41463.523,63786.05,64195.29
42241.08,42924.625,64665.42,64772.234
43345.93,43912.977,65679.67,65362.02
44366.28,44911.13,65893.81,65559.53
45090.17,45843.902,66304.87,65682.5
45823.21,47053.035,66518.18,65800.34
46390.41,47681.902,65946.44,66082.55
46936.47,48184.188,66201.11,66171.586
47308.95,48603.03,67064.35,66331.03
48081.55,49171.277,67304.23,66531.12
48835.06,49519.02,67441.01,66943.72
48932.47,49890.87,67743.51,67237.83
49694.56,50111.582,68042.6,67587.77
50458.05,50548.58,68100.33,67923.266
51441.56,50882.203,68140.18,68188.86
52019.06,51234.242,68172.35,68257.305
52050.79,51457.258,67853.41,68247.15
51822.46,51363.426,68118.56,68181.266
51532.81,51220.8,67502.66,67931.94
51319.72,51051.973,67501.87,67662.41
50709.94,50902.906,67723.19,67451.13
50151.44,50371.668,68042.58,67276.21
49574.34,50018.32,68592.79,66905.72
49279.47,49706.445,67973.75,66654.76
48673.45,49507.773,67348.29,66457.09
48468.79,48965.64,67095.0,66262.0
48486.93,48752.613,67336.98,65780.85
48234.16,48705.637,67465.15,65535.0
48096.44,48662.51,67203.86,65313.46
48507.04,48587.773,66476.83,65082.297
48346.85,48656.473,66837.1,64497.363
48347.32,48697.547,66408.34,64261.883
48114.51,48768.266,66160.32,64129.81
48280.05,49023.875,65726.94,64066.145
48732.02,49027.37,65529.37,63828.863
49318.79,49198.1,65423.08,63958.527
50364.6,49473.383,65537.99,64083.707
52326.03,50289.418,66288.21,64247.39
53342.49,50888.676,67700.83,64462.863
53959.5,51348.27,68846.53,64911.36
54520.84,51652.22,69299.5,65199.363
54846.69,52657.734,69602.33,65380.71
54455.57,52782.977,68989.28,66601.336
54400.97,52809.426,68511.76,66751.51
53914.3,52846.85,68116.55,66696.32
53293.94,52456.87,67746.33,66511.016
52864.06,52184.703,67415.89,65378.68
52571.8,51929.77,66647.96,64517.44
51884.16,51722.11,66388.6,63500.004
51360.13,50621.203,65706.07,62527.566
50368.22,50183.168,64337.7,61108.523
50049.12,49623.22,63018.65,60343.625
49308.37,49268.766,62173.98,59571.242
48881.63,48483.36,61162.09,58851.43
48141.68,48153.047,59526.67,57981.71
47735.89,47795.777,58408.31,57291.41
47636.01,47541.57,57459.72,56635.695
47827.4,47107.273,56431.24,56043.004
47346.59,46788.88,56064.37,54719.027
46394.48,46277.168,55048.32,53926.973
45844.85,45557.26,53775.3,52897.047
44865.32,45046.9,52595.87,51900.117
44238.11,44307.203,51266.85,51066.836
43670.12,43679.08,50413.21,50227.99
43021.98,43140.918,49725.51,49496.26
42351.11,42761.11,49182.3,48860.64
41875.33,42237.273,47939.73,48151.223
41708.09,41798.246,48005.45,47575.79
41509.18,41471.348,47498.89,47063.68
40980.35,41025.24,46960.15,46605.363
41012.58,40913.906,46204.11,45814.426
40958.69,40919.93,45953.89,45640.12
40884.66,40950.062,45925.62,45481.3
40241.71,41053.926,45323.21,45344.5
40291.53,41141.324,45456.73,45313.266
40564.96,41269.473,45502.62,45265.773
40642.22,41416.617,45629.16,45273.746
40515.8,41643.586,45761.46,45346.863
40887.67,41789.89,46042.29,45604.773
41345.34,41997.64,46100.22,45838.527
41698.89,42296.418,46486.69,46174.312
42384.26,42842.25,46839.01,46571.035
42898.8,43416.305,47375.04,47181.29
43502.83,44134.48,47667.84,47640.883
44153.98,45019.773,48388.88,48162.86
45293.59,46201.22,49017.17,48750.82
46245.27,47614.273,50421.84,49794.91
47777.73,49315.92,51333.13,50730.637
49986.04,51561.047,52154.99,52024.242
53272.91,55060.555,53699.65,53865.36
56133.1,57660.234,56497.49,56821.305
58351.73,59717.184,58473.14,58834.742
60355.64,61250.668,60457.75,60436.07
62672.4,63892.816,62738.85,61689.33
63454.4,64594.1,64412.38,63860.37
63786.05,65128.0,65018.7,64780.61
64665.42,65475.496,65705.65,65554.49
65679.67,65908.22,66464.34,66121.48
65893.81,66133.74,66898.96,66675.266
66304.87,66299.07,67200.89,66915.81
66518.18,66476.67,67629.11,67112.66
65946.44,66603.09,67683.17,67263.555
66201.11,66682.01,67077.73,67490.81
67064.35,66826.664,67309.52,67576.41
67304.23,67048.81,67385.33,67723.05
67441.01,67167.266,67724.13,67940.81
67743.51,67441.51,67758.62,68240.67
68042.6,67740.3,67751.1,68533.32
68100.33,68003.05,68155.28,68863.72
68140.18,67849.914,68557.59,69150.734
68172.35,67890.2,68982.4,69228.086
67853.41,67923.79,69258.03,69272.05
68118.56,67900.25,69074.41,69245.1
67502.66,67402.54,69063.63,69188.32
67501.87,67255.88,68536.07,68774.875
67723.19,67157.164,68259.44,68452.93
68042.58,67108.484,68628.01,68157.195
68592.79,66489.96,68933.57,67934.71
67973.75,66499.47,68868.68,67454.53
67348.29,66461.414,68703.77,67190.67
67095.0,66367.48,68091.04,66970.16
67336.98,65552.32,67495.87,66787.84
67465.15,65465.3,67334.49,66281.77
67203.86,65431.188,66822.1,66049.766
66476.83,65387.934,66683.82,65861.48
66837.1,64572.617,66367.63,65679.88
66408.34,64523.42,66545.29,65124.04
66160.32,64478.36,66312.5,64890.0
65726.94,64446.08,65984.26,64717.633
65529.37,63965.27,65443.45,64633.94
65423.08,63978.29,66003.52,64380.137
65537.99,64036.38,66111.05,64491.605
66288.21,64128.297,66533.94,64607.496
67700.83,64642.188,67351.99,64774.42
68846.53,64941.523,68549.34,65039.125
69299.5,65258.246,69413.31,65586.53
69602.33,65534.965,70020.32,66009.09
68989.28,67184.0,70321.58,66321.28
68511.76,67213.625,69891.07,67607.84
68116.55,67192.58,69461.18,67658.375
67746.33,67121.68,69500.94,67543.375
67415.89,65354.32,69394.49,67345.67
66647.96,64929.59,69108.65,66223.336
66388.6,64450.926,68203.41,65480.74
65706.07,64001.418,67667.82,64541.195
64337.7,62085.83,67087.0,63528.883
63018.65,61336.34,65901.0,61739.562
62173.98,60495.996,64604.99,60868.016
61162.09,59749.375,63377.38,60068.46
59526.67,58111.52,62387.22,59335.062
58408.31,57185.5,61813.37,58346.184
57459.72,56449.438,60808.73,57640.63
56431.24,55885.074,59598.12,56978.547
56064.37,54145.895,58985.58,56390.16
55048.32,53436.066,57886.71,55523.28
53775.3,52598.61,57097.95,55112.67
52595.87,51840.88,55586.54,54346.008
51266.85,50869.164,54631.93,53395.31
50413.21,50170.535,53537.34,52198.77
49725.51,49563.04,52140.52,51150.66
49182.3,49034.168,51389.75,50216.523
47939.73,48302.824,50705.29,49425.78
48005.45,47762.32,49663.68,48550.367
47498.89,47419.883,48947.96,47897.79
46960.15,47112.812,48110.45,47308.99
46204.11,45254.75,47836.54,46786.395
45953.89,45192.938,48056.58,45633.234
45925.62,45178.715,47728.05,45525.39
45323.21,45191.06,47491.68,45432.477
45456.73,45307.895,47072.32,45347.27
45502.62,45421.258,46853.16,45366.055
45629.16,45564.312,46841.89,45363.418
45761.46,45730.562,46875.86,45412.348
46042.29,46116.53,46739.4,45520.43
46100.22,46355.605,47546.24,45814.836
46486.69,46591.477,47794.55,46079.605
46839.01,46890.027,47628.86,46437.87
47375.04,47561.54,47956.58,46866.2
47667.84,48123.387,48847.12,47532.84
48388.88,48790.574,49270.93,48041.79
49017.17,49668.426,49509.41,48599.355
50421.84,51548.81,50320.27,49222.332
51333.13,53271.96,51466.17,50360.824
52154.99,55065.348,52173.2,51391.08
53699.65,56698.4,53132.72,52779.945
56497.49,59082.12,54801.29,54664.68
58473.14,60496.914,58223.86,57552.508
60457.75,61618.0,60537.41,59395.31
62738.85,62487.527,62377.86,60864.94
64412.38,64714.62,64072.14,62020.566
65018.7,65197.312,66087.27,63844.535
65705.65,65567.164,66531.99,64717.574
66464.34,65847.87,66822.33,65441.812
66898.96,66248.28,67552.88,65995.016
67200.89,66438.24,68153.77,66512.71
67629.11,66611.734,68867.84,66709.75
67683.17,66768.42,68743.14,66855.34
67077.73,66947.3,69141.22,66970.62
67309.52,67090.555,68870.66,67157.02
67385.33,67292.25,69042.01,67235.93
67724.13,67520.625,69027.46,67362.484
67758.62,67676.72,69075.73,67515.92
67751.1,67906.15,69243.32,67759.5
68155.28,68142.52,69363.04,68006.2
68557.59,68371.7,69579.27,68301.19
68982.4,68318.25,69533.05,68589.23
69258.03,68441.84,69788.86,68726.67
69074.41,68524.92,70305.47,68826.51
69063.63,68579.32,70420.91,68893.74
68536.07,68173.8,70624.27,68929.29
68259.44,68122.54,69879.81,68670.12
68628.01,68075.984,69865.97,68436.484
68933.57,68075.7,69852.87,68217.71
68868.68,67391.18,69761.05,68061.11
68703.77,67354.94,69972.46,67581.05
68091.04,67313.5,69556.31,67348.93
67495.87,67238.87,69262.61,67154.59
67334.49,66283.695,68745.77,66993.39
66822.1,66134.234,68810.12,66458.266
66683.82,65976.836,68604.14,66253.39
66367.63,65837.66,68431.46,66086.19
66545.29,64883.48,68242.98,65938.59
66312.5,64787.535,68692.9,65376.188
65984.26,64724.875,68169.38,65187.438
65443.45,64680.113,67861.45,65038.016
66003.52,64216.566,67583.21,64971.32
66111.05,64298.164,67634.77,64734.293
66533.94,64418.89,67433.82,64884.723
67351.99,64578.555,67722.6,65062.453
68549.34,65770.1,68466.28,65330.656
69413.31,66161.48,69874.8,66319.375
70020.32,66519.4,70726.29,67317.01
70321.58,66812.38,70825.25,67913.18
69891.07,68100.375,71010.15,68199.42
69461.18,68099.125,70581.09,68391.83
69500.94,68069.01,69851.92,68249.19
69394.49,68043.03,69770.38,68050.31
69108.65,66915.03,69419.85,67821.92
68203.41,66647.66,69034.29,66833.52
67667.82,66305.98,68169.76,66179.48
67087.0,65956.55,67541.41,65323.625
65901.0,64082.117,67114.37,64371.72
64604.99,63410.965,65629.03,62592.527
63377.38,62643.598,64348.23,61702.16
62387.22,61817.79,63460.49,60884.805
61813.37,60077.76,62516.31,60132.246
60808.73,59230.52,61737.6,59121.363
59598.12,58471.914,60919.27,58422.24
58985.58,57790.348,59906.61,57784.28
57886.71,56187.062,59199.81,57236.746
57097.95,55302.812,58821.98,56456.65
55586.54,54130.2,57700.81,55938.16
54631.93,53038.74,56686.21,55163.816
53537.34,51718.8,55449.18,54306.504
52140.52,51056.062,53906.22,53184.195
51389.75,50522.95,53097.09,52187.07
50705.29,50076.14,52112.6,51215.844
49663.68,49317.453,51515.15,50339.227
48947.96,48875.04,50287.17,49335.574
48110.45,48451.24,49594.01,48619.03
47836.54,48031.137,49160.94,47989.117
48056.58,45603.08,48744.28,47448.7
47728.05,45727.36,48028.86,45888.125
47491.68,45873.266,48131.5,45915.406
47072.32,45995.414,47795.37,45947.94
46853.16,46199.617,47546.58,45976.31
46841.89,46340.758,47154.11,46088.88
46875.86,46495.72,47067.38,46164.234
46739.4,46654.207,47258.64,46276.727
47546.24,46942.098,47301.37,46427.477
47794.55,47191.613,47598.61,46732.406
47628.86,47446.684,47710.84,47002.336
47956.58,47667.293,47969.72,47341.094
48847.12,48216.08,48228.56,47739.02
49270.93,48716.76,48360.77,48346.72
49509.41,49325.758,48984.39,48832.734
50320.27,50014.85,49699.21,49368.48
51466.17,51631.305,50148.44,49974.883
52173.2,53038.71,51420.07,51111.754
53132.72,54543.11,52106.02,52160.812
54801.29,56048.754,53358.74,53523.73
58223.86,58683.516,54713.51,55286.168
60537.41,60332.9,58099.54,58047.773
62377.86,61701.867,60655.06,59898.703
64072.14,62693.258,62766.3,61402.83
66087.27,64885.375,64532.44,62554.246
66531.99,65341.79,66548.8,64101.855
66822.33,65692.67,67274.19,64948.137
67552.88,65994.734,67470.41,65621.125
68153.77,66512.586,67885.3,66077.53
68867.84,66732.25,68803.59,66492.19
68743.14,66940.99,69190.77,66640.84
69141.22,67108.5,69604.65,66712.266
68870.66,67366.27,69835.38,66748.664
69042.01,67520.664,69248.88,66847.41
69027.46,67699.36,69429.26,66824.9
69075.73,67859.72,69598.83,66810.67
69243.32,67994.195,69625.85,66843.71
69363.04,68190.78,69651.8,67016.24
69579.27,68384.086,69901.24,67166.51
69533.05,68567.09,70033.94,67397.875
69788.86,68497.67,70248.86,67662.55
70305.47,68612.08,70464.94,67961.16
70420.91,68727.27,71231.31,68102.95
70624.27,68820.69,71391.03,68210.89
69879.81,68494.47,71164.68,68268.305
69865.97,68492.4,70670.09,68256.75
69852.87,68521.52,70568.73,68124.35
69761.05,68558.91,70594.86,68006.28
69972.46,67644.13,70697.49,67645.266
69556.31,67572.87,71038.24,67237.15
69262.61,67593.97,70894.37,67122.75
68745.77,67596.67,70165.88,67050.555
68810.12,66673.0,69578.45,66973.0
68604.14,66613.23,69326.16,66600.445
68431.46,66555.11,69376.54,66467.49
68242.98,66495.734,69357.17,66389.83
68692.9,65525.4,69129.35,66325.31
68169.38,65470.22,69179.33,65946.96
67861.45,65400.07,69076.81,65844.23
67583.21,65338.586,68835.28,65776.9
67634.77,64901.355,68439.46,65789.55
67433.82,64872.68,68258.78,65743.31
67722.6,64863.223,68394.9,66043.45
68466.28,64892.344,69012.44,66363.97
69874.8,66136.61,69800.58,66785.44
70726.29,66304.94,70825.25,68256.35
70825.25,66481.09,71454.19,69145.15
71010.15,66615.625,71919.72,69512.67
70581.09,67525.836,72113.83,69667.17
69851.92,67500.17,71931.94,69585.01
69770.38,67447.77,71480.87,69449.266
69419.85,67410.484,71323.39,69266.266
69034.29,66036.94,70840.42,69063.69
68169.76,65832.01,70563.1,68131.59
67541.41,65585.99,69883.01,67529.88
67114.37,65327.598,69237.35,66804.66
65629.03,63659.344,68528.15,65999.05
64348.23,63079.703,66813.22,64346.836
63460.49,62400.1,65552.43,63438.258
62516.31,61684.734,64472.7,62574.83
61737.6,59950.438,63529.59,61765.418
60919.27,59015.297,62529.84,60659.4
59906.61,58109.402,61646.94,59899.547
59199.81,57243.496,60431.8,59214.875
58821.98,55437.41,59763.65,58660.33
57700.81,54402.383,59190.11,57832.895
56686.21,53251.285,58024.37,57230.965
55449.18,52326.227,56871.04,56408.727
53906.22,51313.26,55848.32,55532.965
53097.09,50806.97,54730.12,54332.707
52112.6,50434.81,53520.32,53334.793
51515.15,50127.86,52421.78,52371.375
50287.17,49619.137,51676.88,51497.676
49594.01,49286.863,50486.99,50467.098
49160.94,48957.48,49764.82,49717.39
48744.28,48677.605,49362.08,49067.586
48028.86,46764.39,49115.41,48514.477
48131.5,46833.047,48636.99,47544.645
47795.37,46994.062,48471.89,47485.234
47546.58,47102.64,48357.2,47455.188
47154.11,47292.05,48328.3,47434.875
47067.38,47406.89,47240.06,47492.03
47258.64,47547.965,47083.42,47526.027
47301.37,47730.465,47236.27,47617.793
47598.61,48000.586,47757.66,47748.54
47710.84,48203.49,47545.91,47971.31
47969.72,48396.707,47582.77,48190.184
48228.56,48604.89,47843.61,48454.527
48360.77,48953.57,48006.77,48738.766
48984.39,49201.1,48989.36,49042.133
49699.21,49566.938,49245.2,49302.832
50148.44,50067.0,49564.57,49584.555
51420.07,50930.4,50277.19,49934.31
52106.02,51898.02,51566.48,50590.527
53358.74,53028.547,52287.76,51342.75
54713.51,54353.81,53690.13,52385.844
58099.54,56451.184,55312.57,53815.89
60655.06,58196.664,58784.38,56138.703
62766.3,59959.574,61180.59,58046.227
64532.44,61493.297,62807.04,59693.008
66548.8,63763.484,64336.21,60996.957
67274.19,64441.77,66540.11,62782.703
67470.41,64961.812,67079.0,63896.207
67885.3,65379.605,67424.82,64809.46
68803.59,66248.75,67962.04,65508.742
69190.77,66598.055,68182.73,66142.35
69604.65,66894.45,68706.6,66463.945
69835.38,67176.516,69127.2,66709.266
69248.88,67654.19,69211.38,66911.734
69429.26,67836.63,69791.35,67179.055
69598.83,68032.59,69947.6,67257.51
69625.85,68237.45,70329.84,67347.77
69651.8,68418.08,70323.67,67450.06
69901.24,68554.805,70220.89,67744.375
70033.94,68675.125,70308.92,67918.875
70248.86,68767.82,70434.81,68138.81
70464.94,68696.23,70493.02,68344.72
71231.31,68746.31,70887.8,68514.87
71391.03,68849.58,71345.64,68549.19
71164.68,68930.63,71620.34,68549.9
70670.09,68662.8,71492.44,68523.35
70568.73,68669.336,71108.01,68281.37
70594.86,68635.695,70575.16,67900.15
70697.49,68670.82,70279.92,67554.95
71038.24,67971.3,70177.45,67091.93
70894.37,67926.61,70162.43,66429.91
70165.88,67956.664,69610.19,66017.555
69578.45,67978.49,69197.35,65700.15
69326.16,67219.27,68463.12,65458.773
69376.54,67192.664,68375.62,64888.45
69357.17,67230.56,67967.43,64688.812
69129.35,67265.195,67878.96,64560.062
69179.33,66569.25,67516.59,64457.438
69076.81,66576.01,66433.28,63984.445
68835.28,66567.68,66078.42,63711.316
68439.46,66807.76,65865.18,63852.832
68258.78,66854.9,65785.89,63815.0
68394.9,66990.45,66032.19,63640.492
69012.44,67150.81,66071.84,63952.992
69800.58,67382.22,66506.35,64380.297
70825.25,68776.39,67143.4,64987.805
71454.19,69032.69,68117.32,66697.49
71919.72,69231.06,68612.1,67290.58
72113.83,69409.44,68993.53,67470.24
71931.94,69134.16,68880.38,67493.75
71480.87,69127.0,68821.54,67122.26
71323.39,69078.305,68340.08,66957.33
70840.42,69033.47,67913.72,66679.4
70563.1,67911.67,67655.12,66346.62
69883.01,67611.45,67062.27,65449.59
69237.35,67320.3,66259.69,64776.547
68528.15,66987.03,65589.53,63943.5
66813.22,65323.17,64657.39,63099.758
65552.43,64437.207,63371.31,61636.555
64472.7,63537.51,62187.75,60762.457
63529.59,62676.133,61182.04,59890.75
62529.84,61030.297,60339.34,59085.664
61646.94,60221.895,59605.84,58011.957
60431.8,59600.53,59036.65,57310.957
59763.65,59133.11,58084.68,56674.39
59190.11,57806.34,57368.84,56150.355
58024.37,57289.344,56829.82,55754.664
56871.04,56281.664,55861.03,55198.605
55848.32,55274.8,54809.91,54368.723
54730.12,54016.97,53750.97,53462.67
53520.32,53275.88,52036.13,52400.14
52421.78,52681.59,51075.86,51432.53
51676.88,52161.996,50442.75,50508.11
50486.99,51471.68,49512.84,49676.75
49764.82,50944.22,48972.32,48880.36
49362.08,50457.79,48296.85,48210.844
49115.41,50061.64,47671.54,47627.11
48636.99,48768.69,47334.38,47130.977
48471.89,48608.312,46309.29,45336.08
48357.2,48501.543,45919.57,45322.18
48328.3,48380.355,45620.03,45132.566
47240.06,48452.895,45167.24,44906.734
47083.42,48335.234,44814.1,44704.54
47236.27,48280.715,44865.14,44552.902
47757.66,48282.945,45026.29,44472.0
47545.91,48507.688,44758.23,44448.277
47582.77,48561.312,44686.25,44480.58
47843.61,48620.043,44664.57,44514.176
48006.77,48719.79,44780.81,44560.895
48989.36,49042.477,44903.9,44607.727
49245.2,49352.32,44979.71,44682.637
49564.57,49717.195,44956.44,44739.62
50277.19,50154.086,44894.73,44811.543
51566.48,51175.207,44974.08,44902.918
52287.76,52140.5,45539.04,45061.105
53690.13,53200.867,45389.5,45205.766
55312.57,54454.934,45161.11,45392.1
58784.38,56719.156,45401.42,45629.9
61180.59,58496.984,46289.48,46044.402
62807.04,60121.664,46885.23,46504.65
64336.21,61330.266,47109.32,47073.617
66540.11,64110.863,47853.48,47712.383
67079.0,64634.824,48596.91,49269.64
67424.82,65043.777,49168.98,50026.72
67962.04,65407.062,49875.01,50826.742
68182.73,66061.85,50988.28,51653.73
68706.6,66332.375,52869.24,52762.23
69127.2,66603.734,53902.08,53636.285
69211.38,66877.46,54818.5,54493.426
69791.35,67285.52,55679.32,55288.55
69947.6,67516.98,56075.1,56189.64
70329.84,67736.53,56452.77,56770.594
70323.67,67947.164,57105.85,57233.6
70220.89,68173.414,57613.95,57590.977
70308.92,68345.77,58386.48,57983.49
70434.81,68532.25,58495.56,58227.383
70493.02,68697.625,58596.9,58476.766
70887.8,68658.96,59039.1,58738.258
71345.64,68764.336,59111.65,58983.117
71620.34,68872.19,59366.15,59142.617
71492.44,68985.84,59574.65,59220.48
71108.01,68759.94,59608.19,59218.645
70575.16,68805.65,59497.27,58970.445
70279.92,68846.46,59179.44,58682.36
70177.45,68886.77,58764.04,58311.395
70162.43,68358.03,58240.04,57899.523
69610.19,68368.76,57599.74,57254.336
69197.35,68356.95,57046.69,56727.32
68463.12,68335.59,56487.45,56264.81
68375.62,67388.555,55897.82,55873.746
67967.43,67252.4,55772.05,55328.63
67878.96,67119.28,55527.31,54990.965
67516.59,67026.75,55061.81,54777.723
66433.28,66136.84,54937.47,54637.934
66078.42,65942.125,55082.74,54391.11
65865.18,65849.53,54840.79,54224.043
65785.89,65815.74,54787.24,54082.094
66032.19,66035.95,54675.33,54043.613
66071.84,66120.516,54818.55,54316.668
66506.35,66226.88,54978.4,54750.797
67143.4,66357.71,55446.07,55434.168
68117.32,67811.91,56496.16,56294.883
68612.1,67984.17,58355.07,58322.258
68993.53,68154.18,59286.64,58872.105
68880.38,68304.62,59997.33,59120.12
68821.54,67777.63,60132.81,59195.19
68340.08,67740.0,59812.78,59140.367
67913.72,67651.32,59469.3,58945.28
67655.12,67528.75,58867.96,58653.42
67062.27,66220.8,58404.98,58304.348
66259.69,65791.45,58098.51,57713.51
65589.53,65268.1,57536.94,57089.406
64657.39,64681.406,57064.78,56353.277
63371.31,62346.324,56310.06,55587.52
62187.75,61493.902,54801.53,54108.684
61182.04,60703.6,53372.37,53059.062
60339.34,60005.082,52538.19,52222.887
59605.84,58598.21,51949.23,51601.49
59036.65,58020.535,51555.73,50920.035
58084.68,57574.574,51049.35,50499.406
57368.84,57225.047,50741.07,50128.92
56829.82,56313.027,50357.52,49827.188
55861.03,55718.008,51033.6,50382.23
54809.91,54955.242,50444.14,49999.066
53750.97,54185.293,49639.15,49363.87
52036.13,53137.727,48857.85,48614.844
51075.86,52279.406,48212.65,47763.21
50442.75,51493.6,47504.27,46867.344
49512.84,50845.023,46614.18,45961.637
48972.32,50065.312,46317.25,45099.023
48296.85,49550.004,45811.67,44318.04
47671.54,49088.91,45629.35,43613.773
47334.38,48680.11,45408.43,43005.867
46309.29,46118.29,44983.85,42503.76
45919.57,46273.516,43976.25,41741.67
45620.03,46247.453,43749.27,41371.227
45167.24,46046.414,43610.11,41119.9
44814.1,45786.992,43413.34,40897.64
44865.14,45494.504,43021.23,40698.965
45026.29,45277.723,42578.35,40534.22
44758.23,45150.75,42584.21,40418.625
44686.25,45069.82,42508.11,40346.67
44664.57,44970.965,42090.27,40317.88
44780.81,44868.35,42086.51,40314.15
44903.9,44780.836,41996.23,40307.176
44979.71,44762.223,42000.84,40286.566
44956.44,44732.14,42075.0,40258.7
44894.73,44720.15,41937.2,40218.89
44974.08,44730.785,42062.96,40177.742
45539.04,44895.19,41728.42,40134.645
45389.5,45146.516,41950.63,40121.645
45161.11,45396.2,42026.44,40065.266
45401.42,45616.39,41970.21,40014.613
46289.48,46086.53,42032.75,39974.0
46885.23,46552.566,41701.55,39993.914
47109.32,47049.727,41649.96,39993.465
47853.48,47499.03,41999.69,40026.867
48596.91,49526.594,42407.3,40097.445
49168.98,50495.312,42914.82,40671.816
49875.01,51509.535,43107.94,41131.6
50988.28,52449.984,43620.62,41733.65
52869.24,53571.105,44558.52,42458.04
53902.08,54419.418,45643.52,43692.918
54818.5,55102.9,46482.17,44687.35
55679.32,55711.426,47284.3,45678.367
56075.1,56447.438,47981.49,46592.29
56452.77,56930.93,48957.0,47788.98
57105.85,57352.65,49701.19,48525.02
57613.95,57757.965,50156.32,49214.188
58386.48,58166.43,50930.09,49854.47
58495.56,58515.504,51408.0,50843.523
58596.9,58785.11,51802.57,51388.832
59039.1,58981.047,52401.46,52010.098
59111.65,59055.902,52861.17,52726.477
59366.15,59104.875,53635.4,53696.723
59574.65,59089.23,54307.78,54142.406
59608.19,59016.668,54463.44,54352.86
59497.27,58729.184,54201.92,54320.305
59179.44,58503.7,53984.52,54087.086
58764.04,58278.9,53673.27,53539.0
58240.04,58048.844,53303.14,52945.484
57599.74,57553.906,53003.59,52380.305
57046.69,57207.066,52895.72,51723.227
56487.45,56920.56,52824.96,51178.01
55897.82,56661.69,52565.86,50735.875
55772.05,56200.055,51481.41,50396.68
55527.31,55915.47,51411.92,49978.867
55061.81,55753.27,50680.19,49806.43
54937.47,55594.62,50786.67,49685.83
55082.74,55566.812,50392.73,49595.543
54840.79,55466.33,50672.64,49362.52
54787.24,55452.695,50477.96,49371.566
54675.33,55496.934,50504.88,49450.91
54818.55,56380.965,50719.5,49608.707
54978.4,56476.62,51558.2,49855.62
55446.07,56673.477,51988.04,50454.55
56496.16,56940.37,52649.57,51200.586
58355.07,58491.99,54107.55,52078.49
59286.64,58791.06,55200.43,54239.047
59997.33,59049.254,56310.79,55287.035
60132.81,59208.535,56767.26,55917.125
59812.78,59171.684,56880.68,56276.41
59469.3,58891.312,57372.68,56529.543
58867.96,58627.992,57414.14,56574.34
58404.98,58352.938,57211.38,56468.594
58098.51,57655.87,56888.86,56299.35
57536.94,57234.48,56053.04,55952.453
57064.78,56820.94,55404.69,55600.42
56310.06,56453.49,54809.69,55138.965
54801.53,55297.11,54434.04,54664.43
53372.37,54453.555,54637.19,53621.652
52538.19,53513.35,54018.51,53019.44
51949.23,52768.453,53284.67,52489.98
51555.73,51565.87,52607.37,52074.906
51049.35,51128.117,52961.19,51648.453
50741.07,50751.652,52709.85,51332.434
50357.52,50472.75,52446.28,51032.926
51033.6,50757.133,52312.01,50775.875
50444.14,50484.402,53117.12,51645.496
49639.15,49992.47,52582.83,51276.8
48857.85,49327.215,52012.14,50695.566
48212.65,48536.44,51302.47,50060.547
47504.27,47776.043,49608.24,49373.48
46614.18,47043.41,48685.82,48707.67
46317.25,46325.258,48027.71,48058.035
45811.67,45804.348,47393.93,47456.914
45629.35,45348.906,46606.6,46858.05
45408.43,45022.54,46002.09,46273.484
44983.85,44760.82,46205.72,45721.1
43976.25,42377.742,45852.99,45219.555
43749.27,42390.52,45157.21,45321.14
43610.11,42353.934,44782.96,44862.15
43413.34,42244.984,44840.96,44639.484
43021.23,42064.805,44733.12,44509.74
42578.35,41832.426,44209.51,44439.777
42584.21,41566.656,44278.64,44448.258
42508.11,41370.914,44439.04,44519.78
42090.27,41225.82,44541.98,44643.848
42086.51,41136.023,44671.75,44829.64
41996.23,41084.023,44745.7,45029.824
42000.84,41053.117,44887.32,45321.676
42075.0,41030.543,45223.64,45713.754
41937.2,41042.64,46019.0,46223.96
42062.96,41051.297,46544.54,46764.004
41728.42,41070.54,47096.34,47366.86
41950.63,41093.76,47599.49,48057.707
42026.44,41115.527,49536.69,49041.918
41970.21,41137.562,50409.71,50195.777
42032.75,41153.73,51487.07,51728.79
41701.55,41222.68,53380.47,53724.31
41649.96,41249.367,56455.74,56461.117
41999.69,41276.08,59010.96,58792.164
42407.3,41333.227,61313.42,60793.305
42914.82,42485.473,63246.31,62378.613
43107.94,43188.047,65771.76,64487.434
43620.62,43937.86,67057.57,65770.375
44558.52,44793.92,67494.83,66834.82
45643.52,46070.137,68045.51,67553.42
46482.17,46986.516,68428.81,68273.94
47284.3,47836.305,68954.72,68676.72
47981.49,48545.473,69676.39,68935.984
48957.0,49442.137,70153.49,69115.67
49701.19,50011.824,69816.27,69204.26
50156.32,50492.586,70472.63,69290.36
50930.09,50834.57,70694.25,69389.875
51408.0,51456.617,71163.31,69558.81
51802.57,51756.688,70956.14,69732.086
52401.46,52053.887,70937.98,70005.45
52861.17,52431.23,71112.13,70286.5
53635.4,52936.137,70892.12,70573.875
54307.78,53300.023,70993.98,70759.58
54463.44,53631.09,71190.07,70898.17
54201.92,53792.266,71234.56,70983.59
53984.52,53653.066,71165.54,71021.17
53673.27,53485.71,71144.42,70916.2
53303.14,53273.6,71128.64,70813.305
53003.59,53034.12,71531.58,70669.05
52895.72,52561.086,71455.4,70537.56
52824.96,52341.707,71396.44,70301.19
52565.86,52238.96,71233.67,70086.29
51481.41,52131.664,70891.43,69887.266
51411.92,51480.695,70374.46,69739.51
50680.19,51222.293,70412.63,69515.11
50786.67,50935.348,70723.66,69337.695
50392.73,50905.87,70597.81,69208.336
50672.64,50734.484,70436.62,69166.766
50477.96,50763.55,70440.56,69109.89
50504.88,50813.9,70274.15,69156.914
50719.5,50935.957,70091.06,69144.46
51558.2,51775.457,69471.95,69075.234
51988.04,52196.477,69325.45,69229.49
52649.57,52635.59,69380.39,69621.18
54107.55,53148.53,69801.68,70182.625
55200.43,54954.766,70881.48,70860.34
56310.79,55557.652,72055.25,72094.72
56767.26,56113.25,72487.83,72540.73
56880.68,56430.984,72642.94,72673.79
57372.68,56702.312,72298.23,72717.01
57414.14,56704.195,72470.62,72258.02
57211.38,56691.324,72105.93,72160.84
56888.86,56637.926,72084.89,72023.42
56053.04,56334.906,71893.72,71877.18
55404.69,56003.613,71583.23,71130.54
54809.69,55670.03,70527.58,70758.79
54434.04,55338.76,70235.73,70282.45
54637.19,54622.594,69747.56,69733.23
54018.51,54437.516,67760.03,68368.56
53284.67,54069.816,66369.52,67236.24
52607.37,53563.74,65623.44,66102.04
52961.19,52488.824,64462.78,65085.543
52709.85,52343.832,62416.75,63711.52
52446.28,52162.934,61624.33,62851.617
52312.01,51964.46,60942.78,62113.44
53117.12,52650.836,59950.91,61493.95
52582.83,52807.477,59106.27,60684.047
52012.14,52560.445,58638.49,60007.69
51302.47,52136.105,57755.62,59087.508
49608.24,51455.105,56812.97,58104.82
48685.82,50426.027,55625.96,56805.445
48027.71,49468.523,54434.82,55794.19
47393.93,48659.41,53694.4,54866.656
46606.6,47936.055,52816.2,54045.727
46002.09,47266.664,51175.23,53058.21
46205.72,46703.73,50783.7,52351.82
45852.99,46341.285,50221.37,51728.094
45157.21,45747.316,49712.01,51196.844
44782.96,45377.844,48980.71,50398.39
44840.96,45112.85,48751.63,50049.406
44733.12,44993.605,48611.69,49762.992
44209.51,44941.94,48386.75,49531.254
44278.64,44913.816,48160.27,49386.42
44439.04,44968.832,47900.3,49292.24
44541.98,45112.918,48072.28,49288.766
44671.75,45378.234,47961.14,49344.727
44745.7,45685.316,48491.31,49506.684
44887.32,46016.406,48640.83,49670.266
45223.64,46362.93,48364.31,49892.82
46019.0,46824.125,48417.82,50177.44
46544.54,47405.195,49318.67,50606.63
47096.34,48072.703,49807.8,50985.824
47599.49,48832.234,50262.18,51418.754
49536.69,49886.93,50952.82,51926.492
50409.71,51439.08,52681.18,52780.902
51487.07,53140.105,53374.73,53633.83
53380.47,55046.84,54552.71,54733.652
56455.74,57858.73,55542.57,56166.12
59010.96,60446.03,59005.63,58633.816
61313.42,62656.082,61389.63,60893.617
63246.31,64210.586,63161.57,62866.883
65771.76,66647.44,64658.27,64380.22
67057.57,67273.18,67107.82,66802.41
67494.83,67731.23,68202.81,67915.375
68045.51,68075.266,68865.07,68800.62
68428.81,68424.69,69237.88,69421.77
68954.72,68565.72,69729.64,69751.195
69676.39,68675.4,70229.89,69968.305
70153.49,68786.2,70496.47,70072.125
69816.27,68966.07,70543.61,70170.49
70472.63,69090.96,70540.29,70131.234
70694.25,69263.086,70810.9,70156.664
71163.31,69487.055,70978.04,70213.31
70956.14,69712.695,71118.87,70331.59
70937.98,69987.37,70918.13,70471.586
71112.13,70223.086,70962.4,70666.16
70892.12,70459.3,71362.47,70929.5
70993.98,70532.57,71607.05,71148.26
71190.07,70673.24,71273.27,71273.83
71234.56,70768.66,71587.23,71352.17
71165.54,70817.586,71677.33,71402.25
71144.42,70586.16,71780.02,71416.375
71128.64,70581.734,71588.76,71359.64
71531.58,70599.51,71417.84,71268.55
71455.4,70652.09,71669.08,71203.59
71396.44,70264.72,71555.25,71080.58
71233.67,70255.23,71179.13,70857.33
70891.43,70262.05,70343.23,70648.85
70374.46,70282.79,70062.89,70432.25
70412.63,69774.484,69155.02,70267.97
70723.66,69798.2,69840.62,69979.61
70597.81,69929.73,69671.44,69759.14
70436.62,70104.84,69306.36,69571.58
70440.56,69655.81,69030.19,69458.086
70274.15,69826.234,69381.57,69311.09
70091.06,70052.195,69209.75,69228.875
69471.95,70273.555,68828.35,69073.96
69325.45,70293.69,68582.04,68928.23
69380.39,70556.49,68541.91,69004.86
69801.68,70816.305,68677.17,69312.18
70881.48,71066.42,69186.6,69766.05
72055.25,71947.91,69906.31,70377.12
72487.83,72221.625,70622.86,71779.75
72642.94,72413.5,71153.73,72305.266
72298.23,72540.46,71322.11,72482.53
72470.62,72262.85,71340.88,72551.33
72105.93,72168.34,72093.97,72158.27
72084.89,72045.54,71730.98,72076.55
71893.72,71942.375,71301.47,71979.23
71583.23,70940.97,71370.27,71880.734
70527.58,70627.96,70541.12,71175.5
70235.73,70228.32,69510.87,70800.81
69747.56,69880.21,69101.21,70361.516
67760.03,68166.195,68610.78,69846.73
66369.52,67212.92,67944.28,68495.875
65623.44,66319.195,66862.08,67388.62
64462.78,65579.18,65714.93,66287.68
62416.75,63826.484,64604.17,65295.676
61624.33,63100.65,63404.38,63918.496
60942.78,62618.395,62664.08,63062.707
59950.91,62275.938,61640.08,62335.906
59106.27,60785.574,60720.19,61720.26
58638.49,60042.926,60337.25,60966.184
57755.62,59057.996,59530.1,60295.47
56812.97,58057.992,58323.43,59390.09
55625.96,56653.246,57802.71,58432.797
54434.82,55776.703,56553.51,57154.195
53694.4,54966.484,55645.08,56151.977
52816.2,54256.45,54615.85,55217.344
51175.23,53257.445,53880.79,54383.242
50783.7,52463.67,52109.59,53386.17
50221.37,51858.566,51629.4,52658.95
49712.01,51370.547,51403.2,52014.773
48980.71,50113.625,50857.93,51461.297
48751.63,49966.3,50565.26,50806.914
48611.69,49842.734,50333.28,50472.254
48386.75,49724.89,50165.69,50194.863
48160.27,49692.914,49978.85,49959.504
47900.3,49668.004,49003.67,49840.35
48072.28,49684.816,48848.36,49743.79
47961.14,49758.55,49137.81,49721.895
48491.31,49913.97,49283.51,49765.375
48640.83,50069.168,49317.88,49938.523
48364.31,50221.25,49574.07,50094.055
48417.82,50326.188,49847.77,50317.83
49318.67,50589.53,50199.69,50596.523
49807.8,50907.227,51393.48,51034.18
50262.18,51302.242,51527.52,51390.72
50952.82,51763.637,51951.26,51790.38
52681.18,52671.72,52546.58,52269.414
53374.73,53747.086,54046.86,53132.957
54552.71,55007.54,54467.86,53968.473
55542.57,56654.79,55301.76,55056.438
59005.63,59258.266,56288.55,56498.09
61389.63,61527.965,58307.06,59091.418
63161.57,63334.254,60617.06,61359.41
64658.27,64544.46,62573.16,63294.074
67107.82,67653.91,64179.28,64723.64
68202.81,68275.84,66547.1,66912.914
68865.07,68727.375,67328.1,67975.36
69237.88,69059.414,67730.32,68817.734
69729.64,69476.94,68051.84,69414.53
70229.89,69683.984,68745.94,69759.04
70496.47,69836.13,69180.07,69907.42
70543.61,70009.37,69353.25,69977.195
70540.29,70220.56,68877.53,70047.56
70810.9,70395.69,68767.35,70078.92
70978.04,70579.62,69091.0,70097.36
71118.87,70766.13,69270.61,70138.38
70918.13,70930.31,69389.59,70257.85
70962.4,71076.305,69503.38,70424.99
71362.47,71259.69,69534.31,70648.805
71607.05,71413.55,69939.47,70901.0
71273.27,71442.62,70091.59,71122.19
71587.23,71498.14,70295.17,71275.05
71677.33,71559.58,70888.0,71341.31
71780.02,71593.45,71048.78,71401.35
71588.76,71440.18,70759.91,71451.63
71417.84,71433.77,70235.38,71376.56
71669.08,71504.16,70100.15,71246.836
71555.25,71513.42,69868.81,71092.11
71179.13,71100.445,70179.82,70981.81
70343.23,71018.25,70140.14,70768.47
70062.89,70884.17,70099.66,70558.664
69155.02,70808.91,69759.64,70374.14
69840.62,70113.89,69122.06,70298.94
69671.44,70071.89,68497.9,70003.58
69306.36,70089.734,68231.28,69853.8
69030.19,70140.9,68056.32,69691.03
69381.57,69564.56,67880.19,69557.24
69209.75,69626.51,68295.08,69311.5
68828.35,69728.11,68094.74,69254.26
68582.04,69833.53,67750.81,69131.36
68541.91,69769.38,67314.11,68987.14
68677.17,69973.69,67374.33,69005.26
69186.6,70216.62,67638.96,69259.77
69906.31,70463.555,68159.46,69696.625
70622.86,71694.28,69036.67,70259.195
71153.73,71948.31,69890.47,71710.555
71322.11,72172.77,70253.83,72213.59
71340.88,72336.375,70374.02,72320.87
72093.97,72086.086,70246.72,72324.945
71730.98,72054.19,70288.87,71874.6
71301.47,71992.484,69899.48,71747.68
71370.27,71894.16,69471.16,71620.31
70541.12,70918.34,69415.39,71497.195
69510.87,70484.58,68912.75,70730.41
69101.21,70023.83,68530.29,70338.32
68610.78,69586.32,68105.19,69813.93
67944.28,67706.984,67304.74,69213.61
66862.08,66895.125,66420.51,67673.234
65714.93,66133.65,65290.83,66605.7
64604.17,65425.742,64340.95,65562.16
63404.38,63732.21,63607.83,64649.504
62664.08,63111.812,62876.19,63356.133
61640.08,62694.875,62105.34,62565.09
60720.19,62352.562,61269.84,61859.793
60337.25,60982.953,60281.86,61275.625
59530.1,60411.258,59611.3,60701.117
58323.43,59470.41,58570.27,60075.65
57802.71,58475.15,57354.99,59204.98
56553.51,57087.58,56574.49,58264.715
55645.08,56219.426,55551.5,57026.258
54615.85,55470.613,54386.32,56051.676
53880.79,54775.664,53561.11,55133.645
52109.59,53808.055,52926.14,54305.36
51629.4,53004.047,51682.22,53320.01
51403.2,52374.992,51017.26,52600.59
50857.93,51918.023,50912.73,51965.73
50565.26,50682.336,50415.35,51418.85
50333.28,50587.445,49826.68,50983.094
50165.69,50493.1,49434.21,50714.484
49978.85,50371.688,49266.78,50457.992
49003.67,50371.184,48899.66,50238.633
48848.36,50266.64,48264.85,50133.47
49137.81,50226.18,48224.52,50037.316
49283.51,50273.41,48242.94,50008.613
49317.88,50469.17,48429.52,50047.94
49574.07,50579.81,48633.35,50216.34
49847.77,50726.875,48696.44,50344.83
50199.69,50906.297,48851.56,50536.66
51393.48,51298.594,48975.8,50793.008
51527.52,51709.312,49970.91,51230.473
51951.26,52100.74,50112.76,51570.527
52546.58,52543.875,50416.74,51939.168
54046.86,53459.164,50952.2,52376.082
54467.86,54393.082,52383.06,53181.457
55301.76,55411.547,53058.98,53929.766
56288.55,56627.49,53879.69,54891.84
58307.06,58968.582,55241.01,56180.598
60617.06,60712.06,58415.16,58580.79
62573.16,62389.41,60823.52,60821.816
64179.28,63722.406,62829.46,62862.44
66547.1,67035.09,64604.97,64453.418
67328.1,67761.016,66486.74,66657.38
67730.32,68308.695,67219.77,67781.195
68051.84,68732.19,67421.1,68638.984
68745.94,69320.78,67882.13,69197.414
69180.07,69543.3,68240.4,69432.71
69353.25,69720.45,68819.66,69467.37
68877.53,69898.31,69260.0,69494.17
68767.35,70208.2,69490.64,69475.16
69091.0,70360.31,68319.89,69443.43
69270.61,70523.48,67988.13,69412.24
69389.59,70711.78,68459.16,69411.79
69503.38,70914.25,68696.42,69434.016
69534.31,71062.17,69412.62,69473.555
69939.47,71166.82,69449.06,69573.75
70091.59,71250.45,69560.36,69747.76
70295.17,71247.016,69560.0,69949.36
70888.0,71255.42,69635.31,70019.68
71048.78,71317.234,69940.28,70069.11
70759.91,71381.164,69921.23,70064.56
70235.38,71192.69,70166.66,70025.84
70100.15,71097.77,70397.97,69818.12
69868.81,71042.4,70093.42,69600.375
70179.82,71027.484,70158.27,69403.52
70140.14,70663.86,70142.39,69257.22
70099.66,70584.34,69681.41,68955.47
69759.64,70548.945,68999.92,68735.55
69122.06,70588.62,68150.38,68541.07
68497.9,69898.82,67416.61,68376.11
68231.28,69802.87,68212.45,67954.31
68056.32,69737.19,68476.02,67751.234
67880.19,69698.08,68006.01,67621.49
68295.08,68954.6,67895.85,67571.05
68094.74,69020.45,67637.85,67309.78
67750.81,69130.86,67189.26,67316.05
67314.11,69182.14,66770.48,67382.9
67374.33,68978.516,66528.15,67554.08
67638.96,69092.555,66094.66,67823.305
68159.46,69332.38,66095.19,68306.664
69036.67,69541.94,66765.06,68736.03
69890.47,71154.836,67890.06,69285.66
70253.83,71464.72,69286.55,71150.63
70374.02,71649.26,69978.12,72388.98
70246.72,71762.51,70338.44,72863.82
70288.87,71391.125,70250.95,73051.086
69899.48,71260.39,70303.08,72764.78
69471.16,71151.734,70152.65,72782.305
69415.39,71024.03,70105.79,72751.28
68912.75,69898.72,69894.66,72693.17
68530.29,69455.75,70089.18,72048.85
68105.19,68999.83,69594.43,71719.734
67304.74,68563.36,69107.59,71303.67
66420.51,66458.67,68341.46,70795.97
65290.83,65743.09,66806.24,69378.41
64340.95,65037.504,65599.49,68230.7
63607.83,64473.77,64803.15,67170.16
62876.19,63109.766,64014.22,66241.72
62105.34,62653.13,62982.06,64910.87
61269.84,62290.47,62159.02,64050.945
60281.86,61991.926,61325.36,63312.133
59611.3,60748.86,60324.63,62710.637
58570.27,60179.926,59937.93,61883.688
57354.99,59327.094,59204.87,61234.504
56574.49,58427.055,58160.48,60377.965
55551.5,57182.117,57433.49,59484.297
54386.32,56348.656,56179.77,58308.332
53561.11,55498.06,55073.16,57378.37
52926.14,54691.105,54477.34,56504.05
51682.22,53684.023,53556.95,55700.336
51017.26,52889.156,51220.8,54712.438
50912.73,52231.754,50511.13,53966.36
50415.35,51779.53,50698.79,53303.344
49826.68,50727.32,50218.35,52723.09
49434.21,50667.434,49463.92,51986.938
49266.78,50580.996,48955.67,51812.76
48899.66,50486.836,48860.37,51597.473
48264.85,50500.11,48940.4,51389.21
48224.52,50427.438,48347.7,51249.523
48242.94,50399.223,48255.97,51120.71
48429.52,50410.195,48079.98,51065.918
48633.35,50580.38,48034.23,51062.008
48696.44,50668.312,48031.2,51176.24
48851.56,50754.004,48425.3,51292.49
48975.8,50867.676,48736.13,51486.242
49970.91,51206.14,48966.09,51730.812
50112.76,51613.37,49669.31,52136.35
50416.74,52034.938,50382.61,52500.453
50952.2,52548.617,50775.12,52917.72
52383.06,53670.31,50711.8,53392.73
53058.98,54881.754,52392.58,54188.66
53879.69,56208.22,53159.66,54963.05
55241.01,57678.945,54082.86,55950.145
58415.16,60047.074,55163.79,57270.773
60823.52,61940.04,57792.3,59633.617
62829.46,63626.04,60255.68,61937.23
64604.97,64925.688,62040.36,64025.895
66486.74,67653.44,63950.27,65636.016
67219.77,68281.36,66124.66,68150.664
67421.1,68757.37,66689.18,69270.76
67882.13,69086.43,67426.2,70133.19
68240.4,69454.11,68235.52,70696.945
68819.66,69541.72,69236.95,71007.85
69260.0,69661.53,70139.65,71180.56
69490.64,69756.07,70411.87,71280.43
68319.89,69939.13,70443.68,71338.74
67988.13,70010.164,69942.35,71310.08
68459.16,70098.8,70229.12,71364.81
68696.42,70200.14,70218.86,71484.74
69412.62,70250.3,70128.04,71623.21
69449.06,70326.32,70125.32,71817.336
69560.36,70358.836,69904.39,71986.97
69560.0,70348.34,70167.13,72148.67
69635.31,70083.89,69586.26,72284.64
69940.28,69958.99,69169.96,72328.24
69921.23,69859.64,69040.51,72333.56
70166.66,69769.445,69616.47,72301.164
70397.97,69383.41,70004.33,72263.45
70093.42,69310.99,70754.49,72008.71
70158.27,69248.67,70529.21,71804.47
70142.39,69233.74,70121.37,71560.82
69681.41,68773.0,69560.97,71301.94
68999.92,68692.34,69448.89,70731.66
68150.38,68607.96,69127.77,70351.11
67416.61,68523.8,68273.79,70016.69
68212.45,67765.02,67142.08,69737.586
68476.02,67764.27,67111.78,69090.53
68006.01,67882.48,67057.53,68817.945
67895.85,68028.06,66756.87,68591.445
67637.85,67524.45,66608.06,68432.18
67189.26,67635.69,66743.88,67924.01
66770.48,67794.164,66420.06,67752.89
66528.15,67960.72,65973.58,67616.03
66094.66,67974.73,65698.17,67552.49
66095.19,68157.45,66045.85,67513.7
66765.06,68375.56,66221.4,67859.29
67890.06,68719.95,66665.93,68321.26
69286.55,70456.16,67594.12,68868.1
69978.12,71020.984,68451.81,70564.98
70338.44,71459.2,68463.44,70952.61
70250.95,71757.58,68474.58,70977.39
70303.08,71542.11,68669.96,70911.875
70152.65,71514.195,68408.18,70403.92
70105.79,71478.33,67819.25,70139.3
69894.66,71428.68,67588.64,69810.96
70089.18,70411.31,67338.58,69427.05
69594.43,70085.586,66573.9,68328.14
69107.59,69721.13,65623.64,67557.164
68341.46,69322.125,64842.21,66641.86
66806.24,67316.61,63917.53,65684.47
65599.49,66476.27,62431.94,63942.848
64803.15,65798.164,61159.12,63033.6
64014.22,65287.973,60069.7,62179.06
62982.06,63900.09,59326.06,61406.465
62159.02,63468.93,58876.87,60422.1
61325.36,63152.367,57809.06,59742.47
60324.63,62887.47,57095.0,59127.3
59937.93,61347.49,56559.7,58620.68
59204.87,60742.793,56730.39,58098.04
58160.48,59850.152,55923.06,57520.047
57433.49,58917.434,54873.12,56672.746
56179.77,57681.25,54201.28,55767.06
55073.16,56795.71,52939.16,54738.37
54477.34,55947.5,51967.9,53782.418
53556.95,55209.973,51298.82,52893.6
51220.8,54238.652,50926.69,52111.32
50511.13,53262.51,48837.96,51312.336
50698.79,52530.02,48184.43,50666.637
50218.35,52104.277,47426.02,50105.258
49463.92,51180.88,46978.5,49624.78
48955.67,51039.66,46666.66,47840.332
48860.37,50923.438,46135.93,47842.684
48940.4,50839.156,45872.92,47655.715
48347.7,50896.844,45638.88,47431.3
48255.97,50870.594,45176.02,47249.62
48079.98,50887.78,45026.64,47082.41
48034.23,50913.805,44998.22,46982.02
48031.2,51062.734,44869.57,46933.37
48425.3,51143.117,45162.04,46954.56
48736.13,51292.438,45294.86,46967.055
48966.09,51474.383,45253.55,46993.066
49669.31,51842.7,45358.2,47019.83
50382.61,52211.266,45201.48,47094.168
50775.12,52697.01,45219.53,47125.21
50711.8,53209.363,45541.62,47168.465
52392.58,54015.164,45536.95,47222.574
53159.66,54953.94,45214.1,47363.88
54082.86,55990.51,44947.88,47462.176
55163.79,57201.457,45165.49,47595.344
57792.3,59343.266,45016.07,47778.062
60255.68,61146.645,45510.42,48151.254
62040.36,62859.375,45786.28,48506.67
63950.27,64280.414,46332.04,48953.44
66124.66,67598.55,46996.76,49466.625
66689.18,68381.914,48145.79,50997.344
67426.2,68978.31,49120.11,51665.86
68235.52,69420.55,49796.77,52382.63
69236.95,69949.7,50494.13,53120.8
70139.65,70241.984,51496.03,54134.41
70411.87,70482.34,52476.67,54909.914
70443.68,70671.11,53067.88,55685.875
69942.35,70919.94,54095.07,56419.023
70229.12,71086.75,55244.59,57286.402
70218.86,71271.07,56118.42,57831.53
70128.04,71397.54,57059.9,58255.258
70125.32,71541.29,57272.35,58562.68
69904.39,71605.43,57319.45,58960.99
70167.13,71630.16,57712.04,59114.258
69586.26,71659.51,57889.37,59262.074
69169.96,71502.266,57836.95,59439.01
69040.51,71361.26,58401.39,59680.95
69616.47,71191.1,58707.3,59822.496
70004.33,71096.4,59157.71,59891.734
70754.49,70742.445,58470.99,59905.87
70529.21,70705.6,58339.62,59796.625
70121.37,70646.08,58224.48,59552.938
69560.97,70535.29,58042.93,59234.926
69448.89,69993.88,57942.11,58865.86
69127.77,69818.34,57125.51,58394.453
68273.79,69687.37,56823.81,57921.457
67142.08,69513.055,56743.91,57500.02
67111.78,68755.61,56586.08,57127.84
67057.53,68546.734,56159.11,56710.074
66756.87,68417.78,55712.55,56374.465
66608.06,68334.805,55984.42,56175.76
66743.88,67770.88,55074.29,56044.26
66420.06,67722.44,55474.15,55972.56
65973.58,67717.5,54978.44,55879.984
65698.17,67698.06,55486.5,55802.805
66045.85,67728.54,55751.92,55785.086
66221.4,67767.72,55729.82,56225.9
66665.93,67836.164,55788.46,56577.52
67594.12,67927.4,56863.85,57122.863
68451.81,68851.05,57920.11,57792.918
68463.44,68954.73,59251.88,59664.562
68474.58,68983.836,59812.95,60158.18
68669.96,68966.13,59991.99,60347.5
68408.18,68215.87,60026.68,60368.74
67819.25,67909.99,59927.15,60394.496
67588.64,67563.516,60047.38,60166.34
67338.58,67215.75,59823.47,59853.336
66573.9,65190.695,59468.08,59487.605
65623.64,64519.59,59572.64,58955.617
64842.21,63893.242,59153.32,58349.277
63917.53,63331.043,58849.18,57690.203
62431.94,61668.047,58567.55,57017.312
61159.12,61085.902,56942.51,55896.844
60069.7,60584.137,55582.83,54924.195
59326.06,60139.883,54656.46,54146.09
58876.87,59114.684,54186.23,53559.64
57809.06,58744.53,53379.0,52944.57
57095.0,58361.523,52690.18,52537.43
56559.7,57999.938,52443.65,52181.496
56730.39,56730.113,52459.17,51884.02
55923.06,56332.22,52035.26,52076.406
54873.12,55679.547,51493.13,51651.38
54201.28,54834.336,50708.46,51014.58
52939.16,53739.152,49676.61,50303.836
51967.9,52680.32,48355.57,49480.215
51298.82,51667.926,47351.9,48653.17
50926.69,50842.676,46731.18,47818.9
48837.96,50092.67,46250.06,47020.07
48184.43,49306.62,45161.07,46188.09
47426.02,48738.977,44553.43,45479.1
46978.5,48295.336,43939.97,44841.316
46666.66,46329.53,43598.97,44284.68
46135.93,46426.504,43071.68,43361.06
45872.92,46342.36,42832.96,42899.45
45638.88,46134.61,42615.96,42561.125
45176.02,45900.18,42308.35,42255.305
45026.64,45622.363,42165.91,41973.17
44998.22,45397.69,41782.96,41741.14
44869.57,45240.92,41837.05,41549.824
45162.04,45121.2,41613.13,41397.008
45294.86,45003.72,41610.13,41283.555
45253.55,44890.363,41626.97,41185.516
45358.2,44791.5,41663.67,41096.008
45201.48,44800.094,41318.21,41009.695
45219.53,44804.84,41988.0,40944.11
45541.62,44857.52,42159.99,40866.312
45536.95,44988.39,42223.3,40789.047
45214.1,45217.395,42132.59,40711.69
44947.88,45325.53,41911.73,40653.742
45165.49,45396.19,41746.7,40569.008
45016.07,45500.688,41710.96,40490.453
45510.42,45733.492,41283.95,40429.664
45786.28,45927.95,40581.14,40424.047
46332.04,46146.875,40793.56,40415.96
46996.76,46444.617,40965.04,40456.85
48145.79,48209.17,41471.9,40545.105
49120.11,49138.625,42655.47,41393.92
49796.77,50164.215,43241.1,41899.67
50494.13,51089.594,43718.66,42533.64
51496.03,52168.945,43870.28,43259.312
52476.67,52904.48,44920.92,44354.332
53067.88,53519.21,45806.06,45217.504
54095.07,53981.215,47106.92,46080.316
55244.59,54611.652,47941.71,46899.41
56118.42,55110.96,48659.03,47932.613
57059.9,55585.516,49563.36,48643.05
57272.35,56080.523,50104.47,49320.14
57319.45,56596.363,50917.63,49941.293
57712.04,56958.312,51313.05,50715.57
57889.37,57149.746,52076.41,51003.367
57836.95,57502.19,52756.45,51490.496
58401.39,57771.59,53178.84,52072.684
58707.3,58014.574,54259.02,52906.367
59157.71,58150.86,54882.27,53413.492
58470.99,58226.89,55320.08,53761.984
58339.62,58134.227,54855.15,53951.664
58224.48,57926.39,54616.85,54066.71
58042.93,57684.207,54338.39,53873.47
57942.11,57412.938,54218.83,53540.19
57125.51,57014.223,54024.47,53154.758
56823.81,56566.637,54002.5,52803.902
56743.91,56211.97,53371.45,52336.84
56586.08,55935.723,53008.92,51920.383
56159.11,55592.99,52664.85,51584.43
55712.55,55268.46,52828.45,51333.57
55984.42,55066.348,52430.91,51098.293
55074.29,55018.527,52217.68,50961.562
55474.15,54954.434,52104.77,50884.484
54978.44,54891.246,52295.01,50905.64
55486.5,54838.535,51663.56,50909.688
55751.92,55035.547,51796.63,50903.4
55729.82,56409.496,51941.1,50962.73
55788.46,56476.49,52266.95,51477.29
56863.85,56596.426,52435.13,52100.42
57920.11,56903.047,53566.44,52884.426
59251.88,58363.664,54510.78,53671.227
59812.95,58535.44,55886.55,55395.215
59991.99,58663.953,56286.94,56064.86
60026.68,58712.305,56709.23,56482.48
59927.15,58679.67,56897.49,56721.766
60047.38,58423.78,57312.46,56927.33
59823.47,58229.67,57301.32,56894.45
59468.08,58051.527,57017.46,56744.77
59572.64,57511.547,56362.95,56554.086
59153.32,57218.695,55553.01,56235.613
58849.18,56965.19,55264.04,55904.633
58567.55,56746.902,54719.13,55489.227
56942.51,56014.336,54329.98,55067.867
55582.83,55496.29,54353.18,54098.098
54656.46,54892.617,53353.93,53543.027
54186.23,54301.316,52502.38,53068.113
53379.0,53157.6,52167.16,52700.918
52690.18,52632.26,52155.95,52281.242
52443.65,52176.664,51725.74,52004.844
52459.17,51881.88,51569.41,51742.035
52035.26,51918.45,51700.93,51514.76
51493.13,51265.77,52045.07,52057.754
50708.46,50616.89,51635.39,51698.445
49676.61,49909.086,50629.44,51095.645
48355.57,49040.605,49927.41,50415.28
47351.9,48135.734,48596.15,49646.297
46731.18,47339.605,47877.58,48909.766
46250.06,46717.344,47625.13,48200.543
45161.07,46213.12,46888.29,47534.285
44553.43,45734.023,45402.91,46861.273
43939.97,45345.15,44880.66,46252.04
43598.97,45008.27,44261.24,45691.37
43071.68,42213.867,43749.47,45198.55
42832.96,42076.203,43293.33,44789.004
42615.96,41957.008,42928.96,44380.258
42308.35,41761.664,42636.08,44156.87
42165.91,41506.156,42831.15,44017.97
41782.96,41303.71,42404.53,43972.56
41837.05,41154.668,42384.5,43949.62
41613.13,41064.117,42415.42,43973.92
41610.13,40998.227,42513.63,44034.703
41626.97,40941.785,42094.2,44180.305
41663.67,40887.9,42091.01,44341.92
41318.21,40838.586,42479.63,44621.836
41988.0,40817.363,42640.66,45009.31
42159.99,40805.703,43486.62,45579.645
42223.3,40796.688,43803.09,46125.305
42132.59,40794.848,44433.44,46751.85
41911.73,40837.52,45048.26,47498.58
41746.7,40845.79,46852.42,48694.117
41710.96,40843.926,47874.84,49926.453
41283.95,40845.89,49404.18,51526.85
40581.14,40888.227,51547.05,53639.93
40793.56,40870.18,55802.92,56855.473
40965.04,40872.035,58675.45,59293.32
41471.9,40885.52,60749.17,61174.28
42655.47,42035.25,62607.88,62605.08
43241.1,42551.3,64050.31,64897.773
43718.66,43154.375,65161.85,65981.8
43870.28,43840.96,65862.81,66916.14
44920.92,44842.074,66365.23,67651.42
45806.06,45644.133,66926.66,68225.336
47106.92,46406.367,67470.52,68595.055
47941.71,47204.64,67671.32,68864.07
48659.03,48228.9,67684.68,69064.85
49563.36,48848.94,67610.28,69211.78
50104.47,49447.69,68425.79,69318.93
50917.63,49933.25,69085.33,69448.78
51313.05,50642.82,69403.22,69589.46
52076.41,51001.33,69548.76,69814.86
52756.45,51413.53,69848.37,70050.58
53178.84,51865.684,70040.49,70332.42
54259.02,52454.074,70291.22,70601.68
54882.27,52979.367,70339.61,70862.05
55320.08,53382.125,70490.57,70938.27
54855.15,53645.652,70504.91,71004.81
54616.85,53639.24,70357.98,71041.24
54338.39,53484.5,70093.83,71100.234
54218.83,53286.09,70028.54,70944.695
54024.47,53128.53,70466.69,70769.31
54002.5,52883.53,70619.98,70619.7
53371.45,52723.25,70595.21,70554.914
53008.92,52480.336,70472.55,70342.77
52664.85,52288.594,70564.09,70187.945
52828.45,52008.793,69855.76,70063.17
52430.91,51892.004,69494.67,69982.44
52217.68,51783.25,69402.62,69794.54
52104.77,51716.62,69081.15,69648.125
52295.01,51714.676,68959.11,69587.53
51663.56,51706.152,68330.88,69565.42
51796.63,51597.21,68342.92,69496.21
51941.1,51639.605,68347.54,69366.016
52266.95,52338.273,68467.06,69256.55
52435.13,52445.035,68352.75,69351.805
53566.44,52620.86,68619.26,69607.0
54510.78,53063.6,69070.22,69975.26
55886.55,54762.363,69604.19,70460.555
56286.94,55297.594,71008.15,71494.51
56709.23,55651.6,71758.34,72060.555
56897.49,55913.297,72038.62,72343.86
57312.46,56392.242,72027.06,72481.61
57301.32,56416.15,72067.34,72323.0
57017.46,56416.348,71907.01,72285.56
56362.95,56358.484,72273.66,72217.72
55553.01,55991.332,72027.87,72087.53
55264.04,55601.297,71277.87,71234.945
54719.13,55324.324,71062.2,70809.6
54329.98,55021.785,70875.64,70254.79
54353.18,54347.72,70448.22,69602.09
53353.93,54084.094,68454.77,67956.25
52502.38,53510.016,67096.88,66948.27
52167.16,52854.082,66344.91,66032.445
52155.95,51904.438,65491.96,65217.605
51725.74,51693.41,63908.43,64045.723
51569.41,51481.195,63202.66,63233.195
51700.93,51353.97,62434.08,62494.51
52045.07,51852.78,61677.55,61874.43
51635.39,51741.34,60837.02,60981.973
50629.44,51426.34,60002.99,60198.66
49927.41,50842.93,59147.11,59157.48
48596.15,50134.977,58234.08,58080.35
47877.58,49272.43,56955.01,56813.2
47625.13,48513.273,55721.31,55747.02
46888.29,47902.113,54598.65,54813.35
45402.91,47243.46,54133.47,54026.336
44880.66,46477.03,52747.42,53129.133
44261.24,45827.19,52033.93,52465.74
43749.47,45273.58,51483.99,51888.17
43293.33,44260.203,51227.36,51393.824
42928.96,43946.914,50869.68,50720.797
42636.08,43830.38,50483.07,50374.426
42831.15,43789.35,50349.7,50082.016
42404.53,43861.414,50217.74,49816.25
42384.5,43935.047,49868.18,49635.0
42415.42,44054.71,49439.98,49486.18
42513.63,44193.742,49527.97,49426.78
42094.2,44408.086,49867.29,49438.906
42091.01,44526.5,50405.5,49553.82
42479.63,44667.54,50141.59,49664.867
42640.66,44865.688,50179.51,49849.9
43486.62,45243.062,50533.18,50107.68
43803.09,45651.92,50930.84,50525.66
44433.44,46146.273,51277.09,50893.06
45048.26,46796.02,51537.91,51321.445
46852.42,47855.977,52235.82,51826.46
47874.84,49059.902,54076.54,52720.754
49404.18,50350.98,54873.01,53565.562
51547.05,51980.707,56028.02,54689.91
55802.92,54930.88,57624.61,56220.82
58675.45,58159.223,61001.42,58996.113
60749.17,60936.8,62938.4,61415.883
62607.88,62957.71,64716.42,63376.062
64050.31,65977.29,66174.87,64861.637
65161.85,66697.91,68082.23,67441.195
65862.81,67280.734,69374.29,68471.75
66365.23,67736.805,70357.23,69300.41
66926.66,68210.86,71198.79,69887.71
67470.52,68460.34,71793.38,70211.31
67671.32,68644.9,72108.67,70371.71
67684.68,68764.96,72508.39,70458.98
67610.28,68900.85,72574.91,70455.17
68425.79,68971.33,72597.17,70399.99
69085.33,69116.77,72252.13,70309.06
69403.22,69277.14,72314.24,70349.59
69548.76,69481.4,72283.25,70473.09
69848.37,69678.28,71504.67,70627.336
70040.49,69902.805,71902.26,70863.57
70291.22,70116.414,71889.74,71114.28
70339.61,70291.75,71838.79,71303.875
70490.57,70361.58,72128.71,71440.8
70504.91,70438.414,72632.88,71531.234
70357.98,70484.055,72681.71,71579.36
70093.83,70436.305,72609.71,71589.47
70028.54,70348.984,72505.24,71552.11
70466.69,70304.49,72000.56,71382.92
70619.98,70320.484,71885.01,71176.13
70595.21,70173.34,71701.92,71024.664
70472.55,70143.805,72097.81,70901.59
70564.09,70167.77,71984.41,70674.03
69855.76,70218.11,71232.32,70454.984
69494.67,69859.65,70488.51,70292.94
69402.62,69778.945,70246.49,70131.46
69081.15,69786.84,69933.81,69874.62
68959.11,69854.65,69489.78,69648.31
68330.88,69473.96,69148.62,69454.914
68342.92,69497.39,69345.63,69282.86
68347.54,69638.76,68527.28,69144.234
68467.06,69808.68,68359.37,68906.516
68352.75,69741.22,67952.41,68727.26
68619.26,69951.07,68299.52,68701.75
69070.22,70192.445,68756.9,68846.61
69604.19,70444.33,69439.91,69053.93
71008.15,71270.56,70021.05,69374.34
71758.34,71628.03,70967.75,70534.77
72038.62,71917.51,71674.35,71145.08
72027.06,72105.016,72041.86,71384.29
72067.34,72001.2,72108.92,71451.14
71907.01,71922.53,70784.89,71112.75
72273.66,71849.24,70302.05,70984.875
72027.87,71785.08,69856.27,70811.62
71277.87,70607.04,69583.77,70627.22
71062.2,70168.63,69422.13,69730.04
70875.64,69775.695,68894.83,69269.58
70448.22,69407.734,68339.12,68674.0
68454.77,67522.74,67314.18,67959.22
67096.88,66636.64,66581.98,66201.516
66344.91,65780.93,65614.19,65223.47
65491.96,65055.234,64533.78,64371.98
63908.43,63311.223,63429.99,63618.773
63202.66,62537.707,62693.17,62584.54
62434.08,61998.953,61703.38,61863.633
61677.55,61609.43,60850.45,61179.17
60837.02,60180.35,59855.38,60581.95
60002.99,59465.008,60038.92,59893.76
59147.11,58449.17,59224.91,59216.77
58234.08,57441.496,58194.25,58305.58
56955.01,56145.816,57273.38,57349.05
55721.31,55259.688,55943.32,56117.344
54598.65,54492.098,55140.86,55122.586
54133.47,53805.566,54354.67,54194.36
52747.42,52912.45,53375.22,53374.117
52033.93,52263.02,52758.65,52394.16
51483.99,51704.41,52278.87,51689.805
51227.36,51245.95,51812.06,51064.273
50869.68,50018.066,51335.45,50525.26
50483.07,50060.363,50731.86,49870.715
50349.7,50050.695,50321.04,49607.594
50217.74,49982.094,49858.63,49355.086
49868.18,49976.78,49802.54,49127.53
49439.98,49922.215,49382.92,49005.89
49527.97,49889.184,49422.75,48871.875
49867.29,49924.86,49416.23,48815.36
50405.5,50098.766,49372.35,48831.7
50141.59,50257.746,49576.12,48999.477
50179.51,50387.832,49517.05,49123.258
50533.18,50541.883,49675.8,49314.61
50930.84,50889.273,49975.06,49563.453
51277.09,51163.598,50320.83,49991.81
51537.91,51483.82,50787.02,50323.094
52235.82,51835.21,50833.13,50710.164
54076.54,52686.92,51514.13,51177.13
54873.01,53640.895,52473.54,52071.047
56028.02,54821.25,53032.54,52934.957
57624.61,56384.26,54175.08,54152.844
61001.42,59264.426,55412.7,55935.375
62938.4,61523.156,58248.31,58969.79
64716.42,63233.45,60243.73,61123.95
66174.87,64459.754,62239.37,62827.637
68082.23,67817.42,63913.29,64147.887
69374.29,68383.98,65851.85,66187.5
70357.23,68851.695,67182.39,67011.266
71198.79,69244.51,67776.16,67710.13
71793.38,69779.72,68440.34,68268.17
72108.67,70009.945,69022.71,68854.555
72508.39,70225.164,69329.11,69164.195
72574.91,70404.66,69781.0,69427.04
72597.17,70709.54,69801.45,69638.766
72252.13,70824.805,69583.39,69924.95
72314.24,71006.99,69741.49,70036.81
72283.25,71210.85,70313.18,70179.05
71504.67,71351.18,70496.84,70340.18
71902.26,71484.7,70605.76,70600.75
71889.74,71617.01,70663.9,70815.305
71838.79,71675.44,71016.95,71052.41
72128.71,71550.3,71291.66,71263.41
72632.88,71590.41,71703.85,71405.15
72681.71,71630.445,71718.42,71480.16
72609.71,71645.78,71815.18,71537.6
72505.24,71320.62,71690.53,71569.414
72000.56,71270.09,71597.41,71404.98
71885.01,71199.02,71306.25,71259.086
71701.92,71180.695,71110.68,71101.016
72097.81,70649.5,71059.78,70947.055
71984.41,70624.92,71189.54,70563.95
71232.32,70588.984,70836.3,70323.37
70488.51,70522.21,70564.92,70141.734
70246.49,69761.51,70040.11,70010.47
69933.81,69592.42,68947.83,69578.336
69489.78,69481.44,68749.55,69386.86
69148.62,69374.81,68858.93,69232.53
69345.63,68642.72,68956.12,69109.64
68527.28,68666.71,68756.66,68702.555
68359.37,68631.76,68600.94,68517.86
67952.41,68643.43,68445.83,68325.6
68299.52,68502.805,68190.17,68221.625
68756.9,68577.04,68877.79,68119.6
69439.91,68712.984,69253.2,68265.31
70021.05,68890.336,69888.16,68466.5
70967.75,70370.19,70567.93,68811.97
71674.35,70677.2,70834.23,70408.33
72041.86,70903.375,71194.13,71176.09
72108.92,71047.42,71120.75,71423.62
70784.89,70826.81,71006.25,71488.305
70302.05,70635.61,71142.84,71018.016
69856.27,70425.28,70907.59,70852.56
69583.77,70204.67,70782.04,70655.97
69422.13,68251.14,70587.14,70446.48
68894.83,67745.66,70140.69,69368.02
68339.12,67216.34,69499.86,68759.83
67314.18,66678.766,68736.11,67959.89
66581.98,64712.125,67909.92,67056.62
65614.19,64002.793,66701.52,65440.734
64533.78,63319.598,65539.53,64551.05
63429.99,62655.72,64513.49,63718.805
62693.17,61225.215,63591.36,62954.688
61703.38,60545.707,62854.79,62019.58
60850.45,59975.484,62353.07,61307.16
59855.38,59514.586,61449.66,60649.79
60038.92,57950.19,60702.47,60087.875
59224.91,57662.395,60251.07,59707.785
58194.25,57079.95,59445.64,59385.98
57273.38,56384.164,58416.92,58757.13
55943.32,55270.824,57751.55,58006.227
55140.86,54552.598,56620.24,56909.34
54354.67,53940.16,55576.14,56014.18
53375.22,53396.43,54692.74,55154.016
52758.65,52520.11,54179.05,54366.96
52278.87,52001.367,53313.14,53378.336
51812.06,51562.34,52743.82,52657.01
51335.45,51183.82,52256.83,52000.875
50731.86,49531.96,51767.75,51424.074
50321.04,49540.31,51237.69,50541.05
49858.63,49532.375,50846.17,50310.418
49802.54,49472.906,50674.98,50073.125
49382.92,49552.32,50386.45,49851.47
49422.75,49542.39,49674.75,49694.535
49416.23,49555.895,49714.48,49552.816
49372.35,49572.582,49907.89,49488.668
49576.12,49725.07,49998.03,49490.367
49517.05,49797.72,50297.95,49621.13
49675.8,49867.79,50519.09,49725.85
49975.06,49959.633,50598.57,49890.234
50320.83,50292.074,50479.77,50106.25
50787.02,50507.73,51100.24,50506.17
50833.13,50824.316,51408.43,50809.258
51514.13,51177.35,51752.13,51160.867
52473.54,52221.543,52275.45,51583.066
53032.54,53249.766,53737.17,52415.27
54175.08,54504.188,54576.33,53185.42
55412.7,56027.09,55361.58,54253.125
58248.31,58381.914,56951.78,55824.45
60243.73,59968.375,59492.55,58887.203
62239.37,61453.266,61628.45,61197.254
63913.29,62801.703,63537.42,63125.156
65851.85,66193.1,65197.26,64755.246
67182.39,66773.98,67043.67,67274.97
67776.16,67297.31,67901.03,68013.88
68440.34,67734.23,68580.66,68618.945
69022.71,68462.88,69033.34,69102.5
69329.11,68752.195,70002.15,69610.08
69781.0,68989.35,70348.92,69869.945
69801.45,69195.42,70524.57,70112.35
69583.39,69525.43,70472.9,70310.33
69741.49,69677.164,70089.77,70458.234
70313.18,69848.05,70291.14,70572.67
70496.84,70024.55,70634.81,70704.35
70605.76,70176.375,70670.31,70861.1
70663.9,70357.54,70890.17,70927.77
71016.95,70547.42,70796.91,71135.555
71291.66,70746.18,70892.46,71376.07
71703.85,70715.89,71130.05,71600.73
71718.42,70883.17,71267.26,71578.23
71815.18,71025.35,71340.01,71655.55
71690.53,71134.07,71422.23,71714.34
71597.41,70761.12,71275.35,71755.01
71306.25,70786.2,71087.13,71371.805
71110.68,70799.93,70770.09,71165.49
71059.78,70781.625,70612.98,70956.87
71189.54,70105.52,70485.76,70792.42
70836.3,70032.26,70780.86,70258.57
70564.92,69965.0,70605.89,70029.37
70040.11,69900.28,70298.18,69849.664
68947.83,69093.32,69715.08,69705.17
68749.55,68912.33,69463.16,69226.18
68858.93,68822.28,69493.93,69029.13
68956.12,68796.125,69227.1,68893.63
68756.66,68126.06,68953.95,68785.18
68600.94,68092.8,68912.79,68479.086
68445.83,68100.41,68837.9,68328.63
68190.17,68120.22,68908.5,68177.83
68877.79,68038.57,68717.87,68109.35
69253.2,68099.56,68767.54,68171.63
69888.16,68193.73,69161.17,68390.21
70567.93,68321.32,69782.36,68711.7
70834.23,69397.1,70758.51,69222.9
71194.13,69582.54,71462.25,70988.81
71120.75,69755.48,71704.62,71486.19
71006.25,69889.57,71769.0,71604.695
71142.84,69858.17,71846.31,71613.15
70907.59,69828.21,71528.43,71066.625
70782.04,69789.44,71327.93,70933.305
70587.14,69748.77,71001.91,70769.36
70140.69,68357.445,70549.7,70610.39
69499.86,68067.14,69570.56,69718.47
68736.11,67714.86,68775.26,69238.266
67909.92,67270.164,68294.9,68605.95
66701.52,65133.582,67919.65,67838.76
65539.53,64404.906,66817.64,66055.08
64513.49,63670.133,65571.75,65087.26
63591.36,62961.312,64344.4,64223.9
62854.79,61531.258,63448.29,63445.043
62353.07,60860.434,62844.21,62389.21
61449.66,60318.457,62350.37,61651.914
60702.47,59879.234,61568.79,60979.008
60251.07,58863.22,60614.44,60422.355
59445.64,58280.164,60261.24,60047.164
58416.92,57508.723,59825.74,59534.63
57751.55,56747.816,58838.17,58790.832
56620.24,55640.004,58062.29,57987.91
55576.14,55005.383,57300.69,56867.125
54692.74,54444.957,56274.62,55953.895
54179.05,53928.87,55277.06,55067.12
53313.14,53146.707,54640.18,54253.656
52743.82,52653.66,53475.86,53241.914
52256.83,52203.688,52865.16,52490.363
51767.75,51807.984,52543.61,51804.96
51237.69,50495.02,52123.45,51204.855
50846.17,50431.11,51533.86,50657.59
50674.98,50345.28,51018.97,50407.938
50386.45,50238.574,50773.3,50149.68
49674.75,50219.008,50422.73,49900.69
49714.48,50126.64,50285.17,49746.61
49907.89,50084.387,50134.3,49582.84
49998.03,50082.668,50106.32,49503.43
50297.95,50205.547,50302.81,49494.52
50519.09,50293.477,50015.21,49661.547
50598.57,50405.957,49983.93,49776.176
50479.77,50520.832,50206.45,49963.918
51100.24,50806.777,50513.18,50201.312
51408.43,51056.227,51187.95,50642.57
51752.13,51369.984,51415.13,50961.047
52275.45,51762.32,52001.9,51335.004
53737.17,52723.887,52691.71,51785.227
54576.33,53736.914,53598.73,52680.207
55361.58,54913.137,54194.36,53468.344
56951.78,56140.508,55159.66,54506.23
59492.55,58368.246,56614.92,55911.406
61628.45,59978.68,59766.05,58590.098
63537.42,61562.57,61916.1,60788.8
65197.26,62916.105,63679.66,62576.68
67043.67,66077.21,65376.0,63931.19
67901.03,66672.55,66955.25,66184.02
68580.66,67146.14,68108.06,67156.82
69033.34,67542.55,68788.78,67944.086
70002.15,68215.516,69190.14,68554.8
70348.92,68502.64,69499.37,69071.99
70524.57,68749.65,69939.13,69369.87
70472.9,68949.14,70041.28,69571.25
70089.77,69353.336,70196.01,69679.12
70291.14,69531.53,69989.97,69776.65
70634.81,69714.016,70378.63,69829.86
70670.31,69896.35,70499.43,69864.164
70890.17,70153.78,70751.89,69933.266
70796.91,70320.984,70885.51,70090.61
70892.46,70465.766,71109.1,70229.57
71130.05,70595.22,71120.2,70390.375
71267.26,70620.47,70890.24,70538.39
71340.01,70696.04,71205.41,70543.1
71422.23,70762.164,71322.76,70553.83
71275.35,70816.55,71423.4,70540.99
71087.13,70518.05,70934.94,70488.42
70770.09,70508.555,70800.62,70069.07
70612.98,70500.57,70713.64,69755.516
70485.76,70498.22,70610.55,69419.69
70780.86,69909.42,70411.46,69127.55
70605.89,69891.8,70595.47,68507.016
70298.18,69861.44,69914.81,68144.47
69715.08,69806.05,69499.65,67872.18
69463.16,68986.516,68890.48,67662.0
69493.93,68839.625,68114.8,67106.56
69227.1,68783.36,68087.78,66903.07
68953.95,68725.74,67887.58,66772.77
68912.79,68101.016,67417.25,66678.305
68837.9,68067.95,66892.26,66353.13
68908.5,68101.75,66470.97,66273.32
68717.87,68167.78,66432.1,66256.266
68767.54,68349.164,66287.43,66308.98
69161.17,68451.47,66803.37,66536.06
69782.36,68627.69,67743.86,66954.71
70758.51,68862.04,68510.96,67499.77
71462.25,70502.11,69678.06,68214.75
71704.62,70800.49,70386.02,69905.89
71769.0,71022.59,70157.93,70360.65
71846.31,71163.08,70141.84,70461.48
71528.43,70603.04,70133.12,70450.5
71327.93,70520.68,70512.96,69900.9
71001.91,70425.36,70023.11,69729.93
70549.7,70322.3,69898.91,69499.25
69570.56,68901.29,69619.47,69221.5
68775.26,68363.57,69072.88,68234.56
68294.9,67772.56,68252.99,67655.73
67919.65,67179.23,67565.72,66913.13
66817.64,65076.344,66533.95,66109.83
65571.75,64353.72,65163.48,64508.617
64344.4,63661.47,63916.14,63677.215
63448.29,63025.375,62859.55,62880.754
62844.21,61712.844,62422.55,62148.26
62350.37,61221.21,61448.08,61089.797
61568.79,60844.926,61036.68,60432.11
60614.44,60545.9,60544.83,59852.66
60261.24,59602.773,59448.56,59369.0
59825.74,59268.19,58737.73,58989.6
58838.17,58666.258,57861.28,58505.9
58062.29,57963.33,57113.75,57749.195
57300.69,56845.195,56165.57,56892.934
56274.62,56173.457,55057.19,55733.09
55277.06,55540.297,53950.98,54774.305
54640.18,54922.88,53066.81,53858.79
53475.86,54064.465,52359.36,53023.81
52865.16,53393.574,51108.77,52058.04
52543.61,52793.45,50613.25,51342.992
52123.45,52319.23,49875.67,50709.727
51533.86,51031.656,49334.35,50176.797
51018.97,50872.375,47947.29,48887.395
50773.3,50689.06,47544.68,48764.82
50422.73,50513.348,47007.05,48474.67
50285.17,50483.785,46961.75,48145.754
50134.3,50398.664,46640.91,47829.977
50106.32,50327.06,46603.26,47588.188
50302.81,50283.098,46384.18,47439.56
50015.21,50435.547,46273.16,47367.957
49983.93,50447.19,46416.04,47333.453
50206.45,50483.445,46335.97,47328.188
50513.18,50566.89,46346.12,47336.145
51187.95,50916.785,46470.93,47355.14
51415.13,51204.914,46567.61,47381.977
52001.9,51536.9,46561.44,47405.723
52691.71,51997.52,46300.84,47443.293
53598.73,53134.168,46042.28,47493.066
54194.36,54086.58,46240.31,47607.71
55159.66,55114.266,46110.87,47727.426
56614.92,56237.062,46156.29,47895.703
59766.05,58438.758,46755.75,48138.457
61916.1,60131.582,47200.84,48610.78
63679.66,61720.164,47722.42,49057.586
65376.0,62969.535,48251.59,49589.055
66955.25,66172.63,48963.99,50166.87
68108.06,66756.02,50715.43,52013.168
68788.78,67199.29,51662.44,52733.58
69190.14,67571.79,52695.95,53543.766
69499.37,68155.18,53038.05,54375.273
69939.13,68402.14,54231.59,55476.574
70041.28,68599.51,54917.32,56299.902
70196.01,68744.92,55983.84,57063.816
69989.97,69077.664,56929.71,57737.92
70378.63,69238.46,57805.42,58463.938
70499.43,69381.234,58118.66,58916.176
70751.89,69516.88,58435.99,59262.74
70885.51,69750.99,58830.32,59520.76
71109.1,69884.33,59222.45,59742.19
71120.2,70000.555,59307.49,59887.258
70890.24,70093.46,59572.15,60049.676
71205.41,70043.09,59598.15,60228.64
71322.76,70105.875,59813.59,60267.7
71423.4,70158.336,59904.58,60319.72
70934.94,70186.89,60113.54,60285.395
70800.62,69784.69,59939.99,60153.445
70713.64,69726.43,59740.58,59714.24
70610.55,69672.16,59592.88,59319.43
70411.46,69625.914,59083.45,58866.184
70595.47,69002.42,58632.75,58413.582
69914.81,68914.61,57749.11,57808.074
69499.65,68812.086,57209.74,57348.496
68890.48,68730.305,56748.62,56978.465
68114.8,67879.64,56012.84,56709.258
68087.78,67665.586,55861.66,56410.727
67887.58,67583.125,55658.76,56246.02
67417.25,67549.83,55541.96,56203.58
66892.26,67068.87,55419.45,56223.97
66470.97,67028.39,55619.9,56322.074
66432.1,67052.77,55582.41,56327.63
66287.43,67129.27,55617.78,56346.24
66803.37,67702.83,56108.47,56436.01
67743.86,67892.05,56656.26,57053.35
68510.96,68189.914,57685.92,57488.984
69678.06,68539.734,58835.04,58077.457
70386.02,70155.9,59630.64,58787.51
70157.93,70383.83,60255.01,60636.938
70141.84,70506.08,60547.32,61014.57
70133.12,70574.15,60913.49,61133.06
70512.96,69676.305,61089.24,61106.098
70023.11,69565.6,61315.6,61012.105
69898.91,69391.125,60990.48,60739.83
69619.47,69193.164,60430.87,60398.582
69072.88,67350.06,59981.13,60005.4
68252.99,66703.36,59491.9,59402.402
67565.72,66027.73,58874.7,58752.727
66533.95,65425.52,58419.74,58028.953
65163.48,63594.15,57573.54,57273.477
63916.14,62988.734,56089.09,55844.633
62859.55,62511.74,55057.02,54962.754
62422.55,62147.613,54219.77,54295.387
61448.08,61109.62,53450.45,53783.82
61036.68,60797.05,52638.05,53233.64
60544.83,60571.195,52325.38,52850.387
59448.56,60369.574,51791.41,52508.15
58737.73,59325.51,51578.69,52219.207
57861.28,58785.664,51871.47,52237.64
57113.75,58000.293,51549.59,51766.688
56165.57,57190.566,50754.51,51042.836
55057.19,56078.258,49954.18,50203.957
53950.98,55175.246,49108.72,49301.21
53066.81,54252.812,48520.95,48386.855
52359.36,53387.38,47919.05,47517.28
51108.77,52475.97,47224.42,46735.84
50613.25,51724.668,46134.03,46038.953
49875.67,51159.65,45337.0,45434.22
49334.35,50686.516,44932.18,44919.777
47947.29,48508.01,44472.51,44498.3
47544.68,48603.99,43874.51,43349.242
47007.05,48561.125,43190.57,42961.89
46961.75,48340.08,42764.78,42688.797
46640.91,48110.125,42842.24,42448.906
46603.26,47845.555,42709.84,42264.594
46384.18,47641.297,42585.1,42097.082
46273.16,47490.156,42283.58,41960.28
46416.04,47392.195,42406.08,41844.336
46335.97,47305.79,42580.56,41779.83
46346.12,47191.453,42261.32,41702.008
46470.93,47078.367,41989.26,41645.234
46567.61,47038.777,42294.68,41594.1
46561.44,47010.184,42733.81,41579.53
46300.84,47010.934,42619.51,41526.582
46042.28,47002.906,42736.45,41468.793
46240.31,47110.164,42749.55,41406.97
46110.87,47237.215,42455.63,41390.64
46156.29,47364.312,42242.44,41314.41
46755.75,47518.79,42147.08,41237.668
47200.84,47953.547,41739.82,41178.75
47722.42,48259.24,41674.02,41239.605
48251.59,48593.92,41802.78,41264.234
48963.99,48945.117,41913.33,41343.46
50715.43,50923.67,42236.36,41469.484
51662.44,52076.863,42889.34,42663.242
52695.95,53345.5,43346.06,43110.52
53038.05,54600.05,43822.19,43663.89
54231.59,55829.836,44321.45,44315.008
54917.32,56632.664,45693.6,45464.71
55983.84,57199.11,47083.4,46332.742
56929.71,57710.57,48067.22,47223.47
57805.42,58262.652,48896.85,48076.805
58118.66,58740.99,49600.48,49277.996
58435.99,59137.344,50594.93,50036.2
58830.32,59478.0,50872.33,50771.023
59222.45,59703.074,51169.39,51448.32
59307.49,59886.438,52309.94,52465.13
59572.15,59973.566,53049.8,52962.523
59598.15,60002.688,53245.52,53459.58
59813.59,59812.766,53621.16,54013.35
59904.58,59692.656,54420.03,54879.65
60113.54,59546.77,55366.44,55316.094
59939.99,59379.14,55444.27,55593.195
59740.58,58920.676,55435.65,55692.695
59592.88,58599.797,55163.41,55632.08
59083.45,58298.582,55051.5,55250.25
58632.75,57985.406,54337.23,54762.223
57749.11,57460.633,53558.34,54270.156
57209.74,57077.055,53079.65,53690.938
56748.62,56776.785,52489.71,53176.03
56012.84,56539.77,52395.89,52749.707
55861.66,56022.254,51847.51,52363.75
55658.76,55753.074,51630.74,51963.434
55541.96,55651.574,51448.25,51772.438
55419.45,55616.32,51253.42,51662.094
55619.9,55754.6,50835.95,51580.703
55582.41,55775.49,51298.33,51468.1
55617.78,55862.47,50773.64,51472.902
56108.47,55969.633,50934.67,51527.29
56656.26,57266.8,50774.42,51648.746
57685.92,57436.42,51937.08,52026.305
58835.04,57761.26,52857.5,52570.758
59630.64,58114.79,54149.62,53202.215
60255.01,59196.336,55189.86,53903.715
60547.32,59206.47,56555.13,55872.812
60913.49,59211.684,57176.49,56727.008
61089.24,59204.277,57801.93,57232.676
61315.6,58996.69,58045.95,57515.46
60990.48,58772.61,58258.18,57745.85
60430.87,58583.082,58060.22,57733.8
59981.13,58393.633,57713.69,57599.664
59491.9,57784.39,57503.22,57410.67
58874.7,57457.863,56275.92,57054.16
58419.74,57183.06,55559.68,56709.316
57573.54,56965.477,55188.64,56270.383
56089.09,55902.598,54701.28,55806.36
55057.02,55229.105,54122.96,54708.375
54219.77,54593.312,53417.55,54135.66
53450.45,54015.723,52599.65,53661.32
52638.05,52946.133,52211.12,53283.17
52325.38,52443.75,51937.21,52889.363
51791.41,52123.582,51480.52,52585.188
51578.69,51813.016,51212.8,52288.125
51871.47,51693.582,51342.98,52031.15
51549.59,51092.625,51654.97,52584.094
50754.51,50540.87,51139.69,52163.33
49954.18,49890.633,50328.53,51501.293
49108.72,49144.312,49431.91,50770.938
48520.95,48439.93,48647.17,49987.848
47919.05,47832.348,48064.63,49242.168
47224.42,47305.26,47608.47,48541.355
46134.03,46821.285,46942.51,47903.72
45337.0,46340.97,46190.34,47302.676
44932.18,45926.098,45839.95,46757.508
44472.51,45598.965,45379.77,46271.344
43874.51,42773.13,44743.83,45845.56
43190.57,42648.414,44852.95,45275.62
42764.78,42546.695,44754.6,44905.418
42842.24,42379.555,44563.28,44695.08
42709.84,42206.727,44341.83,44570.42
42585.1,42033.938,44284.42,44557.25
42283.58,41908.562,44352.5,44564.28
42406.08,41823.71,44428.75,44621.58
42580.56,41812.727,44472.85,44722.613
42261.32,41782.023,44512.59,44933.434
41989.26,41742.53,44530.12,45143.375
42294.68,41699.508,44815.15,45450.66
42733.81,41728.11,45126.89,45849.812
42619.51,41726.78,45636.93,46431.004
42736.45,41722.844,46038.13,46957.42
42749.55,41728.21,46735.11,47550.05
42455.63,41820.055,47380.4,48241.918
42242.44,41831.523,48618.65,49338.547
42147.08,41834.27,49277.26,50461.465
41739.82,41835.367,50637.53,51943.87
41674.02,41955.4,52293.01,54061.293
41802.78,41974.023,55760.26,57384.13
41913.33,41996.832,58385.31,59748.438
42236.36,42022.17,60715.97,61550.29
42889.34,43393.176,62671.23,62893.832
43346.06,43819.254,65208.75,64920.625
43822.19,44299.84,66099.63,65872.79
44321.45,44876.87,67334.0,66669.86
45693.6,46020.957,67671.91,67295.23
47083.4,46983.32,68532.45,67868.555
48067.22,48047.44,68952.21,68186.305
48896.85,49008.07,69362.68,68417.92
49600.48,50222.508,69586.13,68607.39
50594.93,50868.312,69227.68,68868.48
50872.33,51490.035,69400.36,69011.06
51169.39,51884.4,69741.65,69173.73
52309.94,52460.656,69929.1,69373.77
53049.8,52868.645,70413.13,69741.96
53245.52,53253.586,70393.06,70017.73
53621.16,53516.28,70655.7,70334.94
54420.03,53945.41,70737.12,70640.836
55366.44,54279.8,71009.17,70986.35
55444.27,54638.023,71320.33,71138.664
55435.65,54761.13,71501.5,71256.69
55163.41,54680.15,71385.42,71336.21
55051.5,54507.727,71072.53,71332.59
54337.23,54350.94,70980.08,71229.266
53558.34,54051.953,70945.77,71079.086
53079.65,53434.586,70967.04,70939.51
52489.71,53049.34,71259.97,70659.58
52395.89,52734.36,71008.13,70430.055
51847.51,52588.37,70578.91,70232.83
51630.74,52132.14,70128.29,70073.266
51448.25,51941.85,69783.13,69703.29
51253.42,51870.754,69810.39,69489.69
50835.95,51823.79,69589.14,69308.3
51298.33,51648.465,69363.13,69152.305
50773.64,51695.516,69683.75,68792.96
50934.67,51660.31,69466.03,68570.95
50774.42,51728.645,69153.26,68407.11
51937.08,52224.668,68818.82,68336.4
52857.5,52517.34,68853.07,68359.516
54149.62,52968.086,69209.32,68631.59
55189.86,53635.242,69832.55,69062.65
56555.13,55528.49,70187.08,69650.52
57176.49,56154.508,70351.79,71134.43
57801.93,56582.996,70549.62,71518.05
58045.95,56899.5,70780.42,71598.85
58258.18,57300.348,70534.48,71594.375
58060.22,57271.746,70727.67,71073.77
57713.69,57190.348,70440.22,70942.1
57503.22,57058.54,70207.34,70754.016
56275.92,56690.72,69831.33,70541.336
55559.68,56224.305,69707.14,69584.46
55188.64,55786.613,68831.28,69060.305
54701.28,55457.215,68225.73,68375.414
54122.96,54554.414,67866.3,67570.75
53417.55,53947.11,66882.69,65928.4
52599.65,53288.793,65656.04,65059.715
52211.12,52605.26,64693.08,64250.316
51937.21,51865.883,63758.77,63511.43
51480.52,51559.555,62875.5,62491.08
51212.8,51286.15,62150.94,61794.46
51342.98,51096.996,60990.21,61143.13
51654.97,51611.246,60146.51,60579.258
51139.69,51457.65,60077.17,59927.07
50328.53,51075.96,59326.72,59181.777
49431.91,50491.445,58253.1,58133.332
48647.17,49761.17,57239.44,57019.754
48064.63,49013.5,56316.26,55725.266
47608.47,48323.254,55332.75,54678.39
46942.51,47690.508,54104.8,53758.934
46190.34,47069.133,53387.72,52989.1
45839.95,46441.03,52692.16,52129.246
45379.77,45931.05,51910.72,51528.727
44743.83,45529.266,51388.04,51014.812
44852.95,44614.35,50826.29,50581.414
44754.6,44474.344,49829.51,49848.75
44563.28,44438.27,49713.17,49552.613
44341.83,44419.64,49274.76,49285.67
44284.42,44475.68,49167.7,49047.92
44352.5,44548.4,48843.35,48912.156
44428.75,44673.227,48611.19,48783.188
44472.85,44823.83,48516.67,48734.97
44512.59,45068.062,48638.43,48758.414
44530.12,45254.492,48975.5,48924.836
44815.15,45447.83,49256.14,49069.027
45126.89,45680.746,49443.33,49283.47
45636.93,46127.844,49551.61,49558.047
46038.13,46542.312,50294.72,50005.887
46735.11,47042.457,50345.8,50360.367
47380.4,47691.785,50938.2,50780.31
48618.65,48809.477,51321.64,51284.184
49277.26,49912.91,52762.0,52216.613
50637.53,51050.66,53469.72,53072.164
52293.01,52565.18,54353.58,54218.027
55760.26,55283.766,55841.38,55867.152
58385.31,57882.42,58454.25,58883.42
60715.97,60215.33,60672.24,61144.93
62671.23,62111.996,62652.23,62892.742
65208.75,65208.355,64577.18,64205.445
66099.63,66000.414,66692.29,66318.39
67334.0,66654.67,67860.18,67236.62
67671.91,67221.72,68864.52,67997.68
68532.45,67920.234,69504.44,68592.0
68952.21,68257.57,69876.92,69069.64
69362.68,68500.89,69950.04,69372.09
69586.13,68688.15,70007.57,69610.81
69227.68,69031.55,70275.0,69807.64
69400.36,69126.92,69616.29,70001.86
69741.65,69225.516,69752.82,70115.36
69929.1,69343.86,70161.64,70251.59
70413.13,69577.414,70504.18,70415.336
70393.06,69718.27,70606.94,70675.53
70655.7,69868.836,70192.46,70907.695
70737.12,70052.445,70520.15,71187.96
71009.17,70198.19,71090.3,71445.484
71320.33,70359.97,71376.26,71526.0
71501.5,70531.914,71608.75,71602.5
71385.42,70673.07,71562.53,71630.86
71072.53,70489.03,71324.74,71604.36
70980.08,70481.33,71117.82,71280.445
70945.77,70463.125,70964.08,71014.12
70967.04,70441.58,70917.35,70761.08
71259.97,69971.336,70699.86,70561.67
71008.13,69930.484,70300.5,70157.87
70578.91,69900.83,70356.89,69904.45
70128.29,69863.266,70152.74,69692.92
69783.13,69241.914,69530.6,69533.984
69810.39,69170.59,69636.41,69160.72
69589.14,69158.266,69911.04,68951.26
69363.13,69158.97,69632.52,68786.266
69683.75,68509.02,69428.22,68656.49
69466.03,68530.45,69491.94,68326.35
69153.26,68566.086,69194.97,68121.63
68818.82,68593.89,69031.79,67982.67
68853.07,68434.47,68794.32,67943.55
69209.32,68509.125,69231.56,67989.93
69832.55,68638.08,69912.69,68225.16
70187.08,68808.98,70469.14,68500.57
70351.79,70155.35,71171.34,68968.71
70549.62,70315.79,71723.71,70685.48
70780.42,70436.47,72139.12,71488.14
70534.48,70526.54,72347.51,71724.055
70727.67,69791.67,72130.12,71785.3
70440.22,69653.47,72056.35,71303.734
70207.34,69485.59,71765.86,71227.07
69831.33,69301.94,71713.8,71081.69
69707.14,67179.984,71366.6,70904.84
68831.28,66653.4,70770.19,69994.67
68225.73,66061.64,70211.28,69513.58
67866.3,65501.59,69848.09,68826.195
66882.69,63592.004,69587.19,67993.69
65656.04,62889.04,68273.02,66270.94
64693.08,62191.797,66924.95,65361.406
63758.77,61570.53,66262.65,64518.86
62875.5,60210.523,65458.39,63742.516
62150.94,59597.332,64616.89,62677.926
60990.21,59133.53,63620.19,61974.727
60146.51,58792.332,62558.72,61326.785
60077.17,57947.3,61521.43,60769.07
59326.72,57226.523,60533.4,60202.48
58253.1,56445.418,59856.11,59524.31
57239.44,55725.934,58938.31,58547.047
56316.26,54741.113,57677.86,57489.742
55332.75,54148.81,55803.84,56163.367
54104.8,53617.59,54626.23,55086.086
53387.72,53060.9,53472.75,54117.656
52692.16,52271.14,53024.08,53289.777
51910.72,51791.688,51921.75,52325.438
51388.04,51352.617,51229.84,51666.785
50826.29,50987.09,50880.01,51089.555
49829.51,49482.312,50317.95,50598.58
49713.17,49420.69,49221.13,49976.586
49274.76,49381.14,48607.72,49662.14
49167.7,49278.76,48432.46,49381.848
48843.35,49293.105,48744.12,49131.47
48611.19,49252.062,48289.75,49014.2
48516.67,49225.98,48109.86,48880.37
48638.43,49210.023,48130.75,48832.938
48975.5,49358.234,48339.64,48854.582
49256.14,49443.613,48929.44,49058.094
49443.33,49559.08,49085.46,49210.523
49551.61,49689.07,49085.39,49445.355
50294.72,50061.29,49346.92,49727.59
50345.8,50404.805,49896.15,50253.652
50938.2,50777.625,50423.43,50623.457
51321.64,51322.004,50891.64,51052.56
52762.0,52520.81,51406.07,51546.96
53469.72,53822.85,52948.54,52563.56
54353.58,55369.547,53631.91,53373.34
55841.38,57032.36,54592.99,54412.113
58454.25,59567.082,55835.97,55846.324
60672.24,61261.94,59103.07,58793.3
62652.23,62747.805,61426.68,61001.55
64577.18,63914.42,63544.32,62746.133
66692.29,66382.56,65195.38,64073.766
67860.18,67018.336,67353.5,66187.81
68864.52,67511.33,68796.98,67123.21
69504.44,67899.66,69754.71,67945.19
69876.92,68350.2,70316.45,68583.16
69950.04,68581.695,71368.69,69029.234
70007.57,68757.0,71890.33,69377.836
70275.0,68902.7,72424.37,69644.64
69616.29,69088.11,72555.58,69845.08
69752.82,69223.45,72165.48,69950.67
70161.64,69377.36,72572.98,70078.44
70504.18,69531.31,72822.06,70240.6
70606.94,69661.03,72970.91,70462.06
70192.46,69826.24,72892.21,70724.37
70520.15,69969.65,73168.31,71056.305
71090.3,70114.305,73410.01,71440.74
71376.26,70041.055,73458.42,71721.31
71608.75,70125.47,73802.14,71884.19
71562.53,70166.1,74082.55,71995.445
71324.74,70152.016,73930.39,72016.28
71117.82,69757.39,73668.47,72014.46
70964.08,69663.414,73291.78,71808.46
70917.35,69610.71,73180.84,71601.516
70699.86,69575.02,73248.8,71350.125
70300.5,69055.55,73140.96,71089.09
70356.89,68949.25,73500.42,70616.836
70152.74,68905.53,73558.72,70241.086
69530.6,68896.266,73186.91,69942.77
69636.41,68272.09,72747.63,69716.99
69911.04,68245.05,72474.44,69392.8
69632.52,68313.45,72307.19,69185.0
69428.22,68379.57,71649.71,69036.5
69491.94,67863.58,71319.01,68917.1
69194.97,67895.64,71717.58,68730.2
69031.79,67971.54,71541.98,68567.01
68794.32,68067.48,71265.24,68408.1
69231.56,68112.695,71160.27,68354.69
69912.69,68298.52,71356.43,68564.414
70469.14,68521.75,71843.55,68899.6
71171.34,68761.7,72533.54,69418.25
71723.71,70401.81,72972.39,70100.72
72139.12,70637.33,73571.24,71707.44
72347.51,70802.68,73875.65,72195.82
72130.12,70918.65,74237.56,72363.9
72056.35,70550.055,73616.9,72413.44
71765.86,70478.78,73281.28,71909.73
71713.8,70375.67,72963.61,71833.39
71366.6,70276.25,72814.81,71713.57
70770.19,68799.9,72803.68,71609.95
70211.28,68303.41,71801.45,70733.43
69848.09,67775.12,71245.49,70292.24
69587.19,67280.32,70424.3,69666.17
68273.02,65412.875,69733.21,68932.55
66924.95,64678.504,68058.07,67254.8
66262.65,63942.59,67136.08,66336.24
65458.39,63327.234,66280.55,65492.402
64616.89,61944.082,65292.07,64721.65
63620.19,61344.2,64245.28,63621.285
62558.72,60871.32,63413.66,62917.367
61521.43,60507.562,62418.3,62290.527
60533.4,59578.383,61428.99,61750.02
59856.11,58740.535,61060.84,61144.355
58938.31,57716.836,60358.14,60470.523
57677.86,56788.93,59244.43,59490.715
55803.84,55531.83,58193.33,58405.625
54626.23,54697.83,56847.46,57042.67
53472.75,53925.2,55551.94,55956.008
53024.08,53181.375,54744.19,54970.43
51921.75,52267.758,54130.92,54128.746
51229.84,51666.312,52820.71,53135.875
50880.01,51153.582,51785.99,52455.66
50317.95,50768.203,51017.12,51875.29
49221.13,49471.887,50468.52,51367.94
48607.72,49334.05,50133.39,50852.5
48432.46,49188.195,49629.09,50490.496
48744.12,49068.715,49396.54,50225.074
48289.75,49155.605,49059.62,49988.402
48109.86,49135.94,48813.09,49853.09
48130.75,49122.53,48843.43,49737.617
48339.64,49118.79,48829.61,49689.125
48929.44,49317.715,48924.95,49708.336
49085.46,49460.14,49095.19,49884.62
49085.39,49596.453,49313.37,50018.47
49346.92,49700.266,49238.11,50236.63
49896.15,50156.473,49472.95,50528.926
50423.43,50516.133,50093.49,51044.1
50891.64,50989.973,50617.39,51469.53
51406.07,51521.793,51377.05,51960.547
52948.54,52814.543,52222.88,52525.117
53631.91,54113.805,53517.8,53421.273
54592.99,55546.89,54284.24,54190.668
55835.97,57071.47,55586.5,55176.152
59103.07,59517.7,57274.88,56424.32
61426.68,61152.74,59670.58,58780.402
63544.32,62606.35,62393.66,61051.242
65195.38,63815.99,64209.01,63040.75
67353.5,66287.86,65968.92,64566.83
68796.98,67017.95,67265.78,66385.31
69754.71,67628.91,68662.32,67409.67
70316.45,68093.7,69609.82,68277.805
71368.69,68519.695,70078.13,68946.305
71890.33,68819.5,70472.48,69302.03
72424.37,69050.03,70798.33,69622.46
72555.58,69226.664,70966.51,69832.12
72165.48,69370.99,70904.05,69975.12
72572.98,69541.414,70373.06,69964.64
72822.06,69741.9,70559.8,70003.555
72970.91,69977.3,70703.74,70085.02
72892.21,70178.805,70546.27,70207.08
73168.31,70457.03,70798.8,70367.25
73410.01,70742.95,70797.21,70602.305
73458.42,70924.375,71466.05,70830.305
73802.14,70965.05,72231.69,71040.08
74082.55,71117.35,72206.37,71170.36
73930.39,71193.875,72232.83,71243.05
73668.47,71247.3,72861.31,71298.13
73291.78,71001.32,72567.45,71317.76
73180.84,70961.25,71716.61,71234.516
73248.8,70918.93,71714.04,71045.984
73140.96,70857.69,71782.48,70857.36
73500.42,70342.11,72181.99,70738.164
73558.72,70215.71,72299.64,70590.81
73186.91,70142.97,72029.71,70379.37
72747.63,70079.07,71669.66,70238.05
72474.44,69553.77,70900.7,70114.16
72307.19,69508.5,70515.24,69931.55
71649.71,69536.61,71095.03,69756.8
71319.01,69546.77,70912.61,69617.305
71717.58,69082.79,70982.64,69538.81
71541.98,69180.96,70946.93,69570.945
71265.24,69305.625,70275.17,69483.22
71160.27,69433.984,70214.85,69329.914
71356.43,69770.47,70250.67,69274.87
71843.55,69997.23,70572.1,69635.72
72533.54,70298.97,70827.14,70007.03
72972.39,70589.67,71576.25,70566.305
73571.24,72050.81,72243.65,71245.3
73875.65,72259.67,72279.04,72678.59
74237.56,72434.76,72613.74,73013.1
73616.9,72559.27,72325.6,73079.5
73281.28,72012.63,72517.58,73083.91
72963.61,71914.48,72072.39,72613.12
72814.81,71810.31,71792.72,72539.93
72803.68,71755.32,71412.05,72384.875
71801.45,70416.09,71016.01,72235.875
71245.49,69946.54,70623.78,71465.31
70424.3,69447.63,70112.42,71100.5
69733.21,68931.42,69529.78,70615.18
68058.07,66935.3,68710.31,70016.46
67136.08,66115.94,67966.2,68447.47
66280.55,65438.492,66807.68,67359.164
65292.07,64864.984,65848.43,66395.63
64245.28,63414.566,64659.01,65543.125
63413.66,62907.758,63573.87,64331.977
62418.3,62543.02,62909.99,63531.484
61428.99,62253.594,61628.55,62798.64
61060.84,61072.844,60661.89,62205.426
60358.14,60147.805,60389.14,61463.953
59244.43,58928.133,59635.68,60779.15
58193.33,57752.39,58705.19,59854.367
56847.46,56252.23,57815.06,58836.105
55551.94,55355.793,56512.29,57469.7
54744.19,54572.72,55711.04,56385.44
54130.92,53915.867,54984.03,55380.4
52820.71,53027.66,53987.19,54490.43
51785.99,52422.133,52895.24,53401.42
51017.12,51861.21,52331.72,52624.984
50468.52,51374.266,51124.39,51922.504
50133.39,50187.21,50030.19,51335.812
49629.09,50162.41,49267.8,50708.25
49396.54,50136.266,48744.46,50327.617
49059.62,50090.773,48773.93,50024.17
48813.09,50131.566,48811.16,49733.184
48843.43,50138.473,48756.93,49568.137
48829.61,50181.082,48825.91,49398.055
48924.95,50240.977,48776.69,49301.664
49095.19,50452.86,48926.48,49285.156
49313.37,50566.363,48515.59,49482.414
49238.11,50712.047,48631.66,49605.867
49472.95,50836.89,48730.35,49803.684
50093.49,51217.4,49095.27,50061.438
50617.39,51541.496,50173.56,50581.645
51377.05,51978.83,50846.55,50938.164
52222.88,52567.434,51494.78,51356.844
53517.8,53714.02,51780.75,51853.01
54284.24,54800.324,53007.41,52812.74
55586.5,56077.11,53749.79,53651.2
57274.88,57619.574,54938.57,54756.613
59670.58,60248.047,56476.98,56261.7
62393.66,62068.312,59513.24,58937.6
64209.01,63669.844,61791.29,61120.805
65968.92,64942.547,63801.22,62925.74
67265.78,67429.75,65516.29,64270.883
68662.32,68112.664,67531.39,66343.6
69609.82,68673.95,68836.13,67346.695
70078.13,69130.92,70023.64,68220.09
70472.48,69508.445,70692.45,68906.99
70798.33,69763.85,70827.27,69335.41
70966.51,69939.71,70662.54,69628.79
70904.05,70066.26,70923.32,69809.414
70373.06,70130.65,70967.21,69916.055
70559.8,70160.5,70089.9,69856.65
70703.74,70215.07,69620.58,69875.06
70546.27,70270.93,69858.6,69938.81
70798.8,70327.0,70256.83,70063.945
70797.21,70446.94,70285.59,70100.625
71466.05,70563.945,70754.76,70259.3
72231.69,70717.87,70639.74,70423.35
72206.37,70795.14,70948.39,70563.3
72232.83,70866.3,71105.99,70544.59
72861.31,70916.97,71285.1,70520.35
72567.45,70941.875,71496.2,70451.9
71716.61,70763.98,71266.37,70379.055
71714.04,70642.66,70882.42,70072.55
71782.48,70583.8,70605.78,69768.44
72181.99,70587.81,70069.86,69405.87
72299.64,70406.484,69928.87,69131.07
72029.71,70408.85,69799.99,68745.02
71669.66,70489.016,69744.06,68337.91
70900.7,70549.23,69633.08,68008.734
70515.24,70170.68,69248.65,67700.375
71095.03,70196.11,68120.47,67269.51
70912.61,70313.93,67597.37,66997.28
70982.64,70436.945,67120.26,66838.15
70946.93,70182.03,66608.28,66741.6
70275.17,70308.29,66477.95,66611.89
70214.85,70421.266,66038.72,66484.97
70250.67,70593.86,65651.13,66378.766
70572.1,71027.43,65508.61,66368.12
70827.14,71174.83,65952.83,66812.24
71576.25,71326.516,66198.4,67268.38
72243.65,71472.21,66586.02,67886.1
72279.04,72663.66,67887.3,68598.28
72613.74,72724.086,68831.07,70074.445
72325.6,72744.164,68748.13,70318.875
72517.58,72744.766,68263.09,70282.04
72072.39,72054.82,68674.68,70131.9
71792.72,71902.21,68425.06,69576.695
71412.05,71663.76,67841.42,69262.484
71016.01,71435.58,67633.24,68905.484
70623.78,70091.0,67285.8,68622.164
70112.42,69991.055,66920.8,68281.11
69529.78,69575.195,66168.24,67802.73
68710.31,69034.336,65470.79,67130.44
67966.2,66974.85,65017.87,66400.18
66807.68,66180.945,63870.86,64880.555
65848.43,65447.2,62889.24,63958.49
64659.01,64821.688,61843.25,63066.223
63573.87,63312.406,60742.0,62287.26
62909.99,62817.766,59992.87,61264.27
61628.55,62444.69,59233.09,60613.375
60661.89,62150.883,58304.21,60016.668
60389.14,60773.74,57622.36,59504.703
59635.68,59968.273,57378.14,59227.164
58705.19,58705.35,56819.09,58731.992
57815.06,57390.656,55930.28,58005.69
56512.29,55767.867,54899.97,57189.04
55711.04,54745.047,53550.83,56110.895
54984.03,53910.67,52518.22,55217.34
53987.19,53231.18,51753.61,54350.863
52895.24,52353.555,50937.54,53548.684
52331.72,51783.117,50168.57,52607.445
51124.39,51315.137,49434.3,51904.266
50030.19,50851.305,49021.57,51248.496
49267.8,49973.125,48630.33,50670.723
48744.46,49707.25,48196.99,49591.12
48773.93,49517.414,47718.77,49387.145
48811.16,49382.766,47467.88,48996.51
48756.93,49411.695,47199.78,48590.28
48825.91,49377.33,46801.63,48205.31
48776.69,49371.695,46354.38,47889.965
48926.48,49382.027,46280.85,47676.914
48515.59,49606.043,46131.22,47546.14
48631.66,49606.164,46083.34,47488.52
48730.35,49632.754,46019.51,47423.36
49095.27,49683.887,46033.84,47393.516
50173.56,50094.324,45848.89,47366.117
50846.55,50509.86,45850.13,47369.79
51494.78,51026.18,45921.58,47348.234
51780.75,51618.004,46078.15,47321.125
53007.41,52732.31,46025.93,47314.656
53749.79,53699.18,46068.54,47351.105
54938.57,54752.312,45844.21,47344.42
56476.98,56002.34,45906.79,47377.305
59513.24,58252.145,45902.47,47468.453
61791.29,60008.195,45770.94,47721.117
63801.22,61700.23,46182.07,47989.332
65516.29,63143.24,46514.35,48350.703
67531.39,66438.61,47082.48,48797.965
68836.13,67217.21,48536.55,50141.074
70023.64,67819.09,49787.04,50796.965
70692.45,68288.96,50611.32,51559.04
70827.27,68759.15,51310.12,52321.59
70662.54,68979.36,52506.78,53329.816
70923.32,69112.586,53502.44,54167.766
70967.21,69215.43,54397.84,54997.19
70089.9,69307.88,54868.38,55769.137
69620.58,69359.516,55077.32,56619.805
69858.6,69423.42,55675.87,57180.65
70256.83,69534.836,56110.1,57618.984
70285.59,69565.63,56435.3,57955.63
70754.76,69671.81,56722.64,58315.43
70639.74,69804.65,57046.16,58524.242
70948.39,69900.84,57243.69,58740.82
71105.99,69834.0,57127.67,58994.285
71285.1,69795.83,56953.35,59200.273
71496.2,69723.25,57291.2,59291.938
71266.37,69655.875,57028.43,59265.223
70882.42,69312.86,56909.31,59150.305
70605.78,69115.875,56673.62,58780.027
70069.86,68941.414,56553.17,58381.555
69928.87,68821.4,56426.05,57911.113
69799.99,68478.195,55766.88,57450.47
69744.06,68301.46,56091.75,56864.332
69633.08,68232.83,55923.65,56362.086
69248.65,68164.81,55321.78,55953.383
68120.47,67675.63,54773.45,55632.496
67597.37,67465.8,54628.75,55251.766
67120.26,67378.164,54267.42,55015.492
66608.28,67332.64,53931.67,54897.074
66477.95,66967.62,53671.36,54854.8
66038.72,66928.21,53332.23,54800.383
65651.13,66966.34,53434.75,54810.53
65508.61,67040.54,53382.25,54820.684
65952.83,67933.85,53492.53,54860.832
66198.4,68153.734,54758.68,55226.633
66586.02,68449.34,55829.55,55656.008
67887.3,68771.55,57113.73,56341.93
68831.07,69634.61,58220.55,57300.0
68748.13,69720.46,58646.26,59331.633
68263.09,69707.305,58754.78,59807.117
68674.68,69636.414,59053.32,60006.38
68425.06,68695.34,58957.9,60053.977
67841.42,68410.05,58754.91,60085.348
67633.24,68113.72,58545.45,59887.465
67285.8,67848.36,58199.9,59600.344
66920.8,66199.92,57798.37,59264.32
66168.24,65663.81,57649.74,58787.99
65470.79,65187.582,57231.81,58218.23
65017.87,64780.156,56567.06,57573.188
63870.86,63083.25,56095.99,56880.406
62889.24,62676.527,55296.13,55561.742
61843.25,62254.49,54132.59,54574.887
60742.0,61914.758,53183.9,53815.65
59992.87,60868.047,52764.69,53258.42
59233.09,60546.418,52337.98,52671.766
58304.21,60208.047,51965.87,52292.984
57622.36,59825.902,51205.78,51956.81
57378.14,58977.676,51029.71,51676.395
56819.09,58622.16,51341.44,52252.25
55930.28,58067.566,51048.78,51910.445
54899.97,57351.79,50192.25,51355.324
53550.83,56181.973,49611.62,50704.527
52518.22,55079.79,49218.17,49892.656
51753.61,53938.89,48375.55,49078.4
50937.54,52918.203,47683.62,48243.812
50168.57,51818.98,47062.13,47433.99
49434.3,51090.07,46740.33,46628.54
49021.57,50485.465,46027.9,45931.668
48630.33,50039.344,45776.18,45311.926
48196.99,48242.61,45448.86,44778.83
47718.77,48296.684,44697.46,44229.223
47467.88,48145.688,44440.17,43799.01
47199.78,47876.26,43942.34,43482.883
46801.63,47573.12,43750.4,43199.445
46354.38,47248.57,43070.82,42949.1
46280.85,46954.914,43135.81,42727.97
46131.22,46743.438,42882.0,42545.312
46083.34,46605.277,42815.01,42392.457
46019.51,46443.04,42602.3,42276.418
46033.84,46289.42,42611.92,42189.47
45848.89,46164.312,42677.02,42116.004
45850.13,46119.3,42385.85,42042.277
45921.58,46117.984,42380.13,41973.656
46078.15,46172.61,42355.36,41899.68
46025.93,46303.395,42455.03,41835.25
46068.54,46550.35,42269.04,41771.93
45844.21,46739.168,41893.7,41715.47
45906.79,46884.42,41647.45,41644.527
45902.47,47030.168,41763.56,41576.125
45770.94,47324.24,46115.59,41509.55
46182.07,47477.727,46630.3,41478.46
46514.35,47689.586,46856.4,41442.96
47082.48,47955.91,47172.33,41448.72
48536.55,49470.383,47211.72,41490.53
49787.04,50390.887,43274.85,42175.93
50611.32,51432.273,48788.0,42660.586
51310.12,52338.074,48843.41,43283.562
52506.78,53334.098,48892.77,44004.234
53502.44,54054.516,49599.61,45162.277
54397.84,54644.39,50125.06,46070.82
54868.38,55132.047,50709.62,46983.164
55077.32,55652.258,51142.49,47861.336
55675.87,55930.19,51628.59,48989.707
56110.1,56213.414,52034.48,49733.69
56435.3,56491.652,52460.27,50436.64
56722.64,56797.32,52864.4,51085.945
57046.16,57081.88,53561.86,51958.535
57243.69,57368.496,53848.69,52468.043
57127.67,57653.95,53412.22,53003.645
56953.35,57784.16,53655.5,53624.367
57291.2,57901.58,54545.04,54463.26
57028.43,58013.96,55043.44,54936.656
56909.31,58030.23,55418.15,55235.582
56673.62,57761.688,55632.58,55331.168
56553.17,57616.57,55503.42,55215.1
56426.05,57439.824,55645.44,54854.277
55766.88,57238.215,55481.19,54416.297
56091.75,56590.785,54905.36,53984.12
55923.65,56328.9,54359.73,53445.01
55321.78,56111.16,53917.53,52981.332
54773.45,55808.68,53774.07,52583.38
54628.75,55206.324,53255.28,52259.3
54267.42,54908.87,52862.18,51835.977
53931.67,54697.78,52604.39,51627.617
53671.36,54525.324,52658.58,51487.785
53332.23,54362.684,52240.9,51399.09
53434.75,54155.53,52505.94,51171.027
53382.25,54182.793,52582.49,51111.5
53492.53,54220.652,52838.23,51067.793
54758.68,55482.484,52793.2,51108.887
55829.55,55843.766,53284.42,51429.38
57113.73,56342.668,53822.33,52133.6
58220.55,56910.918,54654.9,53035.68
58646.26,58339.156,55803.02,53962.91
58754.78,58440.227,56600.34,55753.85
59053.32,58458.562,56999.43,56384.492
58957.9,58472.703,57142.17,56741.117
58754.91,58436.418,57304.73,56927.94
58545.45,58157.504,57759.97,57106.8
58199.9,57917.15,57762.41,57079.703
57798.37,57595.113,57439.11,56899.633
57649.74,57074.113,57306.47,56713.816
57231.81,56742.89,57522.22,56385.414
56567.06,56429.953,57289.0,56046.754
56095.99,56045.582,56754.04,55600.32
55296.13,54971.29,55871.76,55142.43
54132.59,54293.188,55346.2,54122.586
53183.9,53474.0,54777.04,53562.84
52764.69,52698.63,54006.07,53073.832
52337.98,51732.664,53423.1,52701.195
51965.87,51307.695,53481.49,52284.973
51205.78,50973.766,53262.91,51995.227
51029.71,50571.793,52821.81,51714.383
51341.44,50926.676,53181.11,51484.113
51048.78,50488.047,53343.02,52325.242
50192.25,50036.758,52971.6,52023.96
49611.62,49422.086,52095.09,51504.977
49218.17,48739.598,51428.59,50932.777
48375.55,48160.98,50772.14,50290.4
47683.62,47536.297,50134.01,49642.63
47062.13,46954.24,49521.47,49006.7
46740.33,46413.17,48943.1,48377.95
46027.9,45960.406,46653.63,47698.58
45776.18,45515.258,46151.66,47096.656
45448.86,45145.5,45999.29,46499.008
44697.46,42856.336,45538.3,45952.375
44440.17,42786.418,45320.92,45795.734
43942.34,42729.18,45122.12,45353.66
43750.4,42570.055,45107.06,45145.992
43070.82,42345.797,44736.35,45025.555
43135.81,42109.477,44214.61,44979.15
42882.0,41941.4,44139.46,44960.777
42815.01,41818.86,44261.97,44991.95
42602.3,41717.61,44016.74,45056.215
42611.92,41648.79,43781.17,45179.652
42677.02,41597.477,43795.64,45319.61
42385.85,41561.906,44194.51,45538.5
42380.13,41521.71,44404.01,45864.883
42355.36,41498.11,44476.53,46359.78
42455.03,41482.477,44477.4,46885.57
42269.04,41472.117,45181.81,47490.82
41893.7,41470.11,45865.15,48210.016
41647.45,41461.836,47175.02,49309.11
41763.56,41451.39,47805.25,50540.15
46115.59,41451.008,48938.46,52163.1
46630.3,41758.81,50846.39,54370.92
46856.4,42080.39,54695.22,57545.594
47172.33,42432.188,57584.27,60075.24
47211.72,42840.25,59833.18,62076.49
43274.85,45170.375,62296.55,63583.44
48788.0,45354.1,64038.35,65342.68
48843.41,46792.91,65540.81,66529.96
48892.77,47836.902,66725.51,67598.09
49599.61,48863.195,67290.18,67800.61
50125.06,49457.938,67162.75,68336.27
50709.62,50030.023,67251.0,68838.71
51142.49,50535.28,66917.96,69173.09
51628.59,51090.914,66974.49,69376.805
52034.48,51458.14,66803.5,69319.125
52460.27,51775.03,67359.36,69383.984
52864.4,52068.613,67578.84,69503.68
53561.86,52447.652,67845.02,69687.31
53848.69,52829.957,68389.46,69718.305
53412.22,53142.93,68413.81,69919.39
53655.5,53176.617,68849.58,70174.11
54545.04,53236.36,68909.05,70378.76
55043.44,53496.97,68989.61,70340.5
55418.15,53769.926,69350.02,70383.3
55632.58,53978.355,69657.1,70378.984
55503.42,53929.227,69811.46,70355.48
55645.44,53890.516,69634.36,70038.57
55481.19,53897.992,69591.31,69840.97
54905.36,53845.28,69352.26,69702.016
54359.73,53303.445,69144.4,69469.57
53917.53,52945.793,69153.9,69111.61
53774.07,52654.58,69317.57,68780.695
53255.28,52486.87,69189.35,68564.5
52862.18,51962.164,68427.0,68470.82
52604.39,51629.586,68338.46,68286.78
52658.58,51430.016,68514.54,68071.33
52240.9,51380.547,68447.72,67971.51
52505.94,51195.15,68167.53,67907.086
52582.49,51148.016,67947.37,67900.19
52838.23,51222.586,67769.7,67904.67
52793.2,51392.59,67182.9,67840.055
53284.42,52311.867,66907.19,67792.31
53822.33,52475.477,66980.83,68047.68
54654.9,52814.77,67586.45,68451.7
55803.02,53327.6,67940.44,68997.42
56600.34,55123.395,69031.17,69746.57
56999.43,55601.473,69081.2,70829.21
57142.17,55935.33,69348.38,71170.89
57304.73,56108.31,69234.99,71272.92
57759.97,56508.234,69143.02,71277.97
57762.41,56537.855,68634.79,70632.53
57439.11,56516.004,68377.76,70522.48
57306.47,56405.473,68130.11,70399.33
57522.22,56168.613,67948.01,70263.04
57289.0,56081.66,67827.02,69374.61
56754.04,55940.855,67113.74,69021.92
55871.76,55699.367,66552.4,68544.664
55346.2,54759.027,65868.62,67916.984
54777.04,54204.633,64713.81,66194.16
54006.07,53653.02,63508.52,65228.477
53423.1,53017.1,62898.54,64349.22
53481.49,52134.453,61889.56,63554.715
53262.91,51895.1,62023.77,62358.387
52821.81,51704.73,61438.23,61602.66
53181.11,51475.727,60147.26,60896.992
53343.02,52501.254,59255.55,60296.754
52971.6,52473.195,59563.74,60074.55
52095.09,52179.33,58891.1,59425.766
51428.59,51601.152,57931.07,58558.336
50772.14,50884.15,57128.82,57639.79
50134.01,50207.008,55571.37,56361.91
49521.47,49557.48,54405.15,55389.06
48943.1,48942.273,53236.35,54478.62
46653.63,48328.586,52493.53,53672.645
46151.66,47473.168,54783.86,52685.48
45999.29,46839.71,54027.58,51995.008
45538.3,46354.48,53552.17,51397.438
45320.92,45358.633,52758.84,50895.47
45122.12,44932.875,51962.52,50339.0
45107.06,44682.156,51709.45,49898.523
44736.35,44550.883,51164.28,49522.195
44214.61,44452.812,51123.94,49209.15
44139.46,44374.97,50910.5,48958.957
44261.97,44379.504,50752.19,48808.773
44016.74,44472.19,50760.34,48752.734
43781.17,44606.26,50729.13,48755.562
43795.64,44780.5,50774.71,48807.92
44194.51,44976.836,50654.2,48880.875
44404.01,45217.027,50670.75,49002.195
44476.53,45508.133,51146.34,49177.87
44477.4,45791.992,51618.59,49462.867
45181.81,46080.703,51955.07,49722.086
45865.15,46535.4,52438.43,50034.156
47175.02,47338.664,52862.89,50419.742
47805.25,48377.43,54203.12,51118.566
48938.46,49444.445,54981.67,51861.887
50846.39,50744.85,56037.45,52971.21
54695.22,53133.344,57474.66,54660.12
57584.27,56172.188,59906.85,57496.285
59833.18,59110.0,61909.94,59649.47
62296.55,61598.598,63946.9,61399.707
64038.35,64312.297,65715.34,62763.543
65540.81,65469.688,66804.99,63961.934
66725.51,66423.18,67958.09,64999.836
67290.18,67207.69,68572.31,65886.48
67162.75,67844.57,69085.69,66591.836
67251.0,68274.32,70014.07,67017.3
66917.96,68548.15,70195.4,67380.51
66974.49,68670.17,70326.67,67630.41
66803.5,68633.98,70098.17,67764.6
67359.36,68664.71,69894.05,67653.58
67578.84,68806.58,70038.51,67721.54
67845.02,68990.88,70227.16,67862.26
68389.46,68996.76,70306.78,68078.09
68413.81,69146.484,70822.88,68180.54
68849.58,69306.266,70813.98,68433.82
68909.05,69436.8,70866.28,68738.04
68989.61,69321.625,71128.31,68981.62
69350.02,69296.55,71016.68,69016.586
69657.1,69274.45,71150.61,69176.56
69811.46,69273.05,71248.32,69216.97
69634.36,69031.25,71286.18,69213.67
69591.31,68966.56,71533.2,68898.484
69352.26,69043.96,71306.45,68677.03
69144.4,68984.7,71343.41,68505.68
69153.9,68714.445,71058.76,68335.34
69317.57,68612.08,71166.07,68001.875
69189.35,68694.42,70963.51,67810.23
68427.0,68897.35,70599.23,67623.48
68338.46,68729.04,69791.81,67502.87
68514.54,68768.71,69655.97,67302.09
68447.72,69000.82,69487.93,67189.31
68167.53,69220.8,69520.86,67131.98
67947.37,69084.95,69344.68,67158.375
67769.7,69238.945,69431.58,67410.75
67182.9,69451.48,69235.84,67651.93
66907.19,69674.74,69049.93,67804.93
66980.83,70062.82,68994.12,67866.93
67586.45,70229.414,69599.82,68374.07
67940.44,70366.14,70003.51,68828.67
69031.17,70555.82,70951.61,69511.57
69081.2,71230.29,71832.32,70415.03
69348.38,71223.89,72959.3,71591.3
69234.99,71267.37,73097.02,71848.88
69143.02,71251.83,73280.0,71933.28
68634.79,70267.22,73345.58,71955.52
68377.76,69989.6,72758.37,71371.27
68130.11,69797.12,72149.46,71310.5
67948.01,69606.68,71996.29,71224.73
67827.02,68101.84,71838.6,71109.33
67113.74,67716.98,71594.75,70382.71
66552.4,67324.37,71013.1,70041.67
65868.62,66901.96,70429.7,69602.27
64713.81,65041.695,69907.01,69057.89
63508.52,64461.22,68582.0,67644.78
62898.54,63952.145,67484.01,66695.05
61889.56,63520.656,66605.3,65814.945
62023.77,62185.06,65888.93,65013.223
61438.23,61759.336,64908.59,63837.66
60147.26,61366.535,64376.63,63081.426
59255.55,60971.355,63349.18,62409.547
59563.74,60086.473,62406.63,61831.32
58891.1,59544.57,62411.99,61276.367
57931.07,58744.637,61593.72,60622.94
57128.82,57845.332,60610.53,59734.24
55571.37,56461.383,59566.85,58791.97
54405.15,55415.81,58281.6,57544.16
53236.35,54409.73,56992.06,56548.844
52493.53,53424.332,56254.24,55601.656
54783.86,52256.75,55723.55,54745.52
54027.58,52096.73,54400.78,53708.992
53552.17,51853.555,53810.06,52952.543
52758.84,51570.44,53372.22,52271.293
51962.52,50077.14,52939.16,51686.453
51709.45,50010.75,52499.88,50940.19
51164.28,49903.89,52142.42,50584.523
51123.94,49724.906,51849.39,50280.766
50910.5,49643.258,51452.12,50022.047
50752.19,49570.484,50678.72,49869.1
50760.34,49526.9,50443.26,49744.67
50729.13,49527.57,50667.71,49701.227
50774.71,49621.26,50673.04,49711.312
50654.2,49695.543,50682.59,49828.355
50670.75,49766.06,50541.16,49918.56
51146.34,49854.504,50780.33,50074.777
51618.59,50154.625,50999.85,50292.0
51955.07,50431.027,52106.48,50673.324
52438.43,50774.77,52335.97,50994.086
52862.89,51222.43,52917.79,51378.28
54203.12,52149.582,53292.6,51838.297
54981.67,53104.535,54696.95,52670.14
56037.45,54199.312,55108.24,53452.742
57474.66,55496.938,56290.93,54467.92
59906.85,57839.324,57743.11,55807.0
61909.94,59819.48,60675.21,58338.355
63946.9,61510.99,63138.0,61263.88
65715.34,62781.492,64834.25,64106.04
66804.99,65736.54,66801.41,66377.13
67958.09,66320.04,68840.98,69717.125
68572.31,66895.234,69882.34,70018.17
69085.69,67403.516,70831.85,70238.086
70014.07,68121.22,71145.89,70402.23
70195.4,68500.19,70683.39,70630.72
70326.67,68825.76,70835.93,70707.305
70098.17,69117.66,70903.23,70763.016
69894.05,69506.72,71089.99,70777.305
70038.51,69761.33,70995.8,70730.555
70227.16,70046.625,71083.09,70692.53
70306.78,70333.43,71152.75,70666.0
70822.88,70567.305,71175.14,70690.45
70813.98,70761.22,71128.57,70609.39
70866.28,70949.75,70949.22,70721.62
71128.31,71098.68,70780.26,70900.38
71016.68,71078.586,71091.41,71090.85
71150.61,71200.7,71310.48,71023.33
71248.32,71250.37,71576.89,71074.21
71286.18,71277.31,71455.46,71081.46
71533.2,70837.78,71494.81,71066.29
71306.45,70771.16,70681.53,70696.16
71343.41,70764.734,70507.52,70464.27
71058.76,70737.01,70553.08,70274.48
71166.07,70095.016,70617.81,70147.57
70963.51,70024.02,70764.15,69704.23
70599.23,69952.51,70150.97,69455.61
69791.81,69914.805,69465.53,69237.62
69655.97,69224.66,68876.16,69049.74
69487.93,69148.84,68971.55,68626.44
69520.86,69172.414,68845.61,68427.59
69344.68,69273.64,68747.53,68298.41
69431.58,68844.19,68635.25,68253.6
69235.84,68961.98,69195.68,68217.266
69049.93,69149.16,68899.43,68231.7
68994.12,69330.17,68850.44,68210.03
69599.82,69772.234,68801.99,68238.266
70003.51,70050.984,68703.97,68515.74
70951.61,70369.76,69102.21,68802.14
71832.32,70736.4,70125.41,69181.39
72959.3,72218.62,71465.66,69859.84
73097.02,72384.55,72267.22,72029.984
73280.0,72500.48,72759.26,72626.984
73345.58,72570.44,72885.34,72766.42
72758.37,71688.56,72942.18,72790.46
72149.46,71481.86,72623.87,72353.3
71996.29,71248.25,72518.73,72275.766
71838.6,71008.56,72376.62,72135.4
71594.75,69104.42,72354.92,71987.12
71013.1,68587.234,71949.19,71255.02
70429.7,68096.87,71112.38,70819.375
69907.01,67594.086,70310.75,70234.72
68582.0,65970.17,69770.19,69499.86
67484.01,65180.723,68661.12,67959.28
66605.3,64497.258,67597.91,66984.95
65888.93,63910.832,66526.81,66081.41
64908.59,62664.22,65697.34,65238.504
64376.63,62131.742,64993.36,64230.98
63349.18,61766.586,64522.71,63411.99
62406.63,61472.855,63499.54,62653.727
62411.99,60332.156,62874.33,62001.984
61593.72,59820.105,62544.28,61615.9
60610.53,58830.715,61881.71,60969.223
59566.85,57825.46,60755.06,60140.844
58281.6,56706.305,60188.6,59279.816
56992.06,55861.92,59461.93,58232.324
56254.24,55097.797,58317.08,57306.598
55723.55,54453.56,57158.15,56420.46
54400.78,53749.254,56596.31,55613.566
53810.06,53127.527,55961.54,54706.664
53372.22,52594.773,55175.27,53966.5
52939.16,52169.79,54650.2,53291.727
52499.88,51244.848,54251.79,52704.645
52142.42,51214.65,54044.19,52074.32
51849.39,51145.77,53749.45,51849.38
51452.12,51033.273,53272.39,51651.28
50678.72,51011.715,52905.8,51473.758
50443.26,50901.23,52867.56,51380.215
50667.71,50850.984,52423.43,51285.117
50673.04,50886.836,52531.8,51256.67
50682.59,51056.5,52451.12,51276.695
50541.16,51142.71,52438.19,51413.305
50780.33,51225.797,52433.07,51519.555
50999.85,51349.633,52701.5,51684.707
52106.48,51685.14,52783.88,51899.703
52335.97,52027.312,53126.7,52307.82
52917.79,52382.945,53172.13,52641.48
53292.6,52841.117,53502.58,53034.96
54696.95,53922.105,53758.91,53496.31
55108.24,55020.344,55390.28,54348.844
56290.93,56267.53,56354.99,55131.77
57743.11,57849.25,57683.85,56195.6
60675.21,60552.914,58908.65,57737.58
63138.0,62348.594,61571.84,60664.453
64834.25,63842.957,64249.83,63017.81
66801.41,64952.832,66048.11,64900.477
68840.98,67294.6,67867.77,66382.0
69882.34,67858.69,69613.59,67766.945
70831.85,68341.01,70875.39,68732.62
71145.89,68759.08,71842.56,69518.9
70683.39,69281.33,71977.52,70111.31
70835.93,69518.414,72204.33,70496.39
70903.23,69716.75,72476.89,70735.1
71089.99,69896.1,72678.59,70848.17
70995.8,70132.61,72855.32,70876.45
71083.09,70325.09,72940.11,70744.766
71152.75,70493.766,73013.36,70737.9
71175.14,70648.17,73133.6,70782.234
71128.57,70610.445,73216.31,70879.86
70949.22,70641.38,72981.17,70894.47
70780.26,70641.63,73113.89,71066.67
71091.41,70606.0,72845.83,71243.66
71310.48,70256.84,73119.51,71410.266
71576.89,70172.945,72576.28,71282.8
71455.46,70105.01,72946.88,71293.61
71494.81,70027.83,73335.27,71263.766
70681.53,69518.016,73375.02,71219.34
70507.52,69306.56,72446.47,70830.16
70553.08,69160.2,72539.82,70569.1
70617.81,69076.0,72189.04,70330.734
70764.15,68576.43,72111.7,70168.375
70150.97,68478.88,71818.6,69846.91
69465.53,68381.95,71988.1,69623.83
68876.16,68295.016,71740.66,69457.47
68971.55,67785.54,71247.56,69317.95
68845.61,67756.59,71391.4,69103.625
68747.53,67816.305,71241.44,68908.72
68635.25,67957.57,71149.67,68783.695
69195.68,67813.1,71079.92,68733.766
68899.43,68012.52,71305.96,68983.05
68850.44,68225.05,70803.79,69081.914
68801.99,68461.22,70453.89,69108.01
68703.97,68998.42,70738.73,69062.31
69102.21,69139.8,71299.59,69653.37
70125.41,69368.81,72015.54,70031.55
71465.66,69726.23,72680.19,70736.83
72267.22,71327.5,73956.03,71694.62
72759.26,71577.57,74595.66,72957.96
72885.34,71731.95,74616.54,73135.83
72942.18,71811.11,74996.61,73184.42
72623.87,71236.03,75320.45,73195.09
72518.73,71133.91,75155.74,72718.625
72376.62,71005.37,74725.01,72595.336
72354.92,70884.98,74669.88,72470.24
71949.19,69643.2,74565.7,72350.53
71112.38,69248.766,73648.1,71682.22
70310.75,68778.445,72766.39,71371.07
69770.19,68249.414,72188.26,70979.92
68661.12,66456.51,71626.33,70530.1
67597.91,65742.11,70032.06,69226.31
66526.81,65054.676,68998.27,68222.86
65697.34,64395.46,67945.42,67254.86
64993.36,63115.434,66938.78,66353.375
64522.71,62519.418,66223.97,65196.105
63499.54,62053.453,65377.4,64306.035
62874.33,61672.777,64753.3,63497.83
62544.28,60840.508,63815.4,62817.293
61881.71,60671.27,63825.0,62220.523
60755.06,60079.8,63293.93,61547.527
60188.6,59317.12,62262.16,60716.21
59461.93,58175.668,60881.3,59883.08
58317.08,57412.523,59979.59,58834.598
57158.15,56668.39,58844.3,57968.133
56596.31,55937.664,58149.25,57139.766
55961.54,55059.918,57111.87,56380.047
55175.27,54470.832,56441.82,55416.766
54650.2,53862.43,56127.96,54659.38
54251.79,53304.914,55648.52,53945.574
54044.19,52071.15,55215.69,53312.383
53749.45,52002.887,54696.71,52602.984
53272.39,51837.82,54395.58,52262.254
52905.8,51533.71,53948.77,51893.082
52867.56,51293.086,54099.07,51550.492
52423.43,51058.688,53459.59,51238.74
52531.8,50847.32,53501.74,51003.7
52451.12,50738.516,53408.14,50850.58
52438.19,50763.527,53424.22,50743.984
52433.07,50794.562,53623.37,50685.13
52701.5,50869.29,53520.82,50680.547
52783.88,51011.188,53524.25,50744.805
53126.7,51345.72,53779.57,50866.67
53172.13,51674.965,53951.99,51096.3
53502.58,52044.74,54009.13,51346.23
53758.91,52532.016,54595.14,51658.75
55390.28,53585.125,55157.51,52052.75
56354.99,54810.695,56024.1,52741.824
57683.85,56261.19,56544.27,53486.234
58908.65,57972.28,57558.69,54503.535
61571.84,60446.21,59153.34,55887.18
64249.83,62200.48,62124.86,58385.684
66048.11,63691.945,64290.15,60859.445
67867.77,64770.97,66326.4,63119.074
69613.59,66748.99,68101.31,64793.57
70875.39,67370.875,70651.08,66546.45
71842.56,67947.15,71832.17,67824.5
71977.52,68470.33,72857.95,68935.33
72204.33,69043.5,73232.6,69782.94
72476.89,69384.55,73281.82,70211.11
72678.59,69622.016,73626.6,70531.695
72855.32,69794.67,73832.3,70709.766
72940.11,69900.76,73628.79,70741.516
73013.36,70088.65,73087.95,70530.484
73133.6,70265.445,73187.45,70525.98
73216.31,70406.51,73683.82,70644.63
72981.17,70377.99,73629.64,70782.47
73113.89,70400.52,73215.46,70826.54
72845.83,70400.07,73535.39,71078.586
73119.51,70384.625,73599.8,71311.02
72576.28,70120.23,73877.04,71491.875
72946.88,70023.74,73961.04,71377.516
73335.27,69971.85,74006.83,71373.984
73375.02,69958.02,74035.28,71353.28
72446.47,69619.49,73803.03,71312.445
72539.82,69472.92,72777.95,71032.94
72189.04,69399.37,72086.5,70829.67
72111.7,69334.17,71929.5,70554.2
71818.6,69003.61,72000.61,70300.29
71988.1,68918.64,72440.76,69861.26
71740.66,68944.766,71779.42,69492.734
71247.56,68971.83,71639.11,69156.0
71391.4,68687.43,70844.47,68896.84
71241.44,68723.11,70709.92,68520.96
71149.67,68859.35,70476.47,68250.95
71079.92,69049.76,70477.32,68084.72
71305.96,69109.42,70173.27,68004.78
70803.79,69322.56,70554.45,68027.95
70453.89,69538.51,69968.87,67997.39
70738.73,69753.6,69960.87,67927.34
71299.59,70667.26,69924.83,67945.516
72015.54,70943.05,71010.36,68633.92
72680.19,71344.27,71577.7,69298.59
73956.03,71731.36,72382.41,70063.75
74595.66,72482.7,72903.13,70717.195
74616.54,72587.734,73154.48,71217.66
74996.61,72654.03,73087.71,71281.02
75320.45,72721.8,72819.52,71228.74
75155.74,71880.98,72609.46,71118.984
74725.01,71751.34,72004.41,70406.94
74669.88,71605.89,71564.66,70118.234
74565.7,71474.51,71404.11,69802.68
73648.1,70125.36,71452.09,69474.9
72766.39,69653.1,69994.88,68388.74
72188.26,69094.14,69368.61,67692.79
71626.33,68537.7,68592.0,66898.39
70032.06,66535.7,67744.94,66080.86
68998.27,65700.67,66487.68,64601.61
67945.42,65001.688,65451.49,63648.656
66938.78,64400.22,64615.97,62740.74
66223.97,63085.16,63705.17,61923.375
65377.4,62652.594,62678.35,60874.9
64753.3,62300.22,62147.89,60139.73
63815.4,62107.215,61276.59,59496.902
63825.0,61221.047,60791.51,58957.973
63293.93,60894.027,59703.92,58716.188
62262.16,60155.664,58902.06,58140.945
60881.3,59287.74,58075.77,57294.7
59979.59,57824.855,57190.19,56365.785
58844.3,56905.117,56584.64,55117.24
58149.25,56105.676,55345.61,54071.438
57111.87,55411.598,54898.06,53089.42
56441.82,54396.258,54126.59,52227.6
56127.96,53806.688,53468.44,51233.758
55648.52,53308.14,52825.18,50501.81
55215.69,52864.242,52299.21,49873.785
54696.71,51520.0,51768.06,49357.11
54395.58,51391.695,50803.49,48966.594
53948.77,51216.727,50272.43,48505.176
54099.07,50945.992,50029.21,47984.348
53459.59,50753.664,49670.25,47465.72
53501.74,50515.637,49038.79,46994.35
53408.14,50387.914,48704.03,46735.418
53424.22,50322.688,48586.44,46584.004
53623.37,50377.234,48641.91,46509.516
53520.82,50487.367,48072.38,46407.168
53524.25,50635.293,47851.24,46386.367
53779.57,50817.434,47857.98,46344.703
53951.99,51204.273,47882.88,46332.336
54009.13,51528.883,47646.6,46281.844
54595.14,51866.992,47684.58,46269.062
55157.51,52335.55,48003.8,46268.293
56024.1,53341.93,48315.9,46301.258
56544.27,54281.312,48386.38,46363.555
57558.69,55352.36,48309.25,46490.246
59153.34,56665.9,48082.8,46673.434
62124.86,59216.293,48328.34,46899.9
64290.15,61241.88,48905.51,47246.793
66326.4,62950.887,49418.52,47648.19
68101.31,64301.74,49578.97,48193.977
70651.08,67744.67,50462.16,48796.203
71832.17,68659.26,51939.55,50309.863
72857.95,69461.82,52629.23,51073.82
73232.6,70119.41,53326.64,51939.19
73281.82,70768.984,53994.19,52818.5
73626.6,71091.69,54930.89,53899.617
73832.3,71285.7,55638.17,54718.44
73628.79,71341.195,56131.79,55479.15
73087.95,71345.1,56962.56,56168.824
73187.45,71303.11,57643.36,56966.992
73683.82,71292.03,58173.93,57430.664
73629.64,71240.45,58822.96,57799.35
73215.46,71099.8,59366.96,58108.72
73535.39,71068.52,59653.3,58563.785
73599.8,71057.24,59782.04,58761.207
73877.04,71047.6,60096.67,59010.793
73961.04,70798.164,60664.97,59263.27
74006.83,70755.77,61029.73,59528.78
74035.28,70734.805,60893.68,59601.16
73803.03,70718.805,61272.54,59614.51
72777.95,70401.086,61457.46,59623.145
72086.5,70327.27,60809.1,59559.227
71929.5,70226.766,60514.86,59311.29
72000.61,70172.26,59951.74,58954.836
72440.76,69844.086,60043.26,58585.777
71779.42,69820.62,59911.15,58221.95
71639.11,69791.41,59136.18,57710.953
70844.47,69818.516,58598.59,57246.438
70709.92,69505.56,57938.62,56858.438
70476.47,69469.35,57531.95,56653.68
70477.32,69547.61,56833.84,56354.45
70173.27,69679.164,56751.99,56160.258
70554.45,69705.336,56629.71,56054.125
69968.87,69893.27,57315.06,56273.367
69960.87,70084.07,57209.09,56230.887
69924.83,70298.75,57082.57,56194.504
71010.36,71185.53,57233.85,56194.21
71577.7,71355.586,57999.55,57379.816
72382.41,71551.9,58863.57,58172.12
72903.13,71745.64,59702.79,59139.16
73154.48,71556.234,60448.58,59895.676
73087.71,71573.18,61361.99,60842.375
72819.52,71582.516,61405.46,60982.13
72609.46,71545.61,61940.16,60989.574
72004.41,70452.91,61975.38,60908.22
71564.66,70196.74,61916.58,60744.574
71404.11,69953.0,61644.28,60492.29
71452.09,69729.46,61557.32,60158.844
69994.88,68021.42,61615.81,59774.44
69368.61,67431.875,60671.29,59148.28
68592.0,66910.266,59641.81,58522.41
67744.94,66440.47,59108.85,57835.418
66487.68,64591.53,58610.41,57134.086
65451.49,64097.668,56816.27,55759.086
64615.97,63712.08,55725.23,54896.188
63705.17,63412.883,55017.3,54221.75
62678.35,62200.234,54222.92,53715.305
62147.89,61883.645,53514.83,53076.773
61276.59,61643.87,53431.91,52703.89
60791.51,61418.71,52948.29,52375.848
59703.92,60739.082,52439.6,52103.008
58902.06,60189.93,52493.19,52272.207
58075.77,59225.477,51922.14,51826.246
57190.19,58100.297,51430.16,51130.047
56584.64,56401.117,50459.37,50337.207
55345.61,55254.156,50020.17,49326.715
54898.06,54080.992,49033.18,48374.84
54126.59,53114.52,48753.43,47432.145
53468.44,51870.676,48041.28,46547.02
52825.18,51091.02,46491.76,45612.906
52299.21,50438.992,45176.47,44893.453
51768.06,49917.555,44515.29,44275.58
50803.49,48095.68,44065.97,43757.617
50272.43,48138.92,44038.57,43047.61
50029.21,48026.75,43537.67,42739.348
49670.25,47800.78,43102.01,42532.125
49038.79,47530.14,42538.2,42339.367
48704.03,47273.62,42071.03,42171.766
48586.44,47055.223,42151.97,42009.848
48641.91,46899.516,42033.67,41884.75
48072.38,46763.535,41828.67,41783.96
47851.24,46616.87,42142.06,41715.24
47857.98,46435.4,42031.22,41650.74
47882.88,46305.336,42302.3,41607.742
47646.6,46240.797,42531.23,41583.414
47684.58,46166.688,43423.75,41564.65
48003.8,46137.496,43587.51,41547.082
48315.9,46192.4,43794.77,41520.652
48386.38,46380.59,43435.32,41504.16
48309.25,46540.742,43727.31,41455.188
48082.8,46701.61,43955.78,41432.992
48328.34,46828.348,43979.32,41401.164
48905.51,47141.324,43611.39,41353.816
49418.52,47448.21,43526.27,41371.31
49578.97,47805.92,43804.38,41380.54
50462.16,48129.23,44539.4,41458.633
51939.55,49793.71,44615.9,41577.227
52629.23,50554.973,45582.85,42743.42
53326.64,51474.016,46300.39,43259.203
53994.19,52458.87,46736.22,43930.137
54930.89,53654.39,47364.9,44682.746
55638.17,54539.086,48798.15,45719.773
56131.79,55245.242,49173.81,46583.863
56962.56,55800.75,49812.91,47445.562
57643.36,56507.438,50868.13,48351.086
58173.93,56986.742,52206.1,49453.734
58822.96,57445.223,52759.02,50205.42
59366.96,57921.418,53705.44,50867.42
59653.3,58453.332,54354.03,51482.438
59782.04,58721.395,55448.11,52270.45
60096.67,58940.727,55921.57,52771.508
60664.97,59093.54,56123.5,53298.97
61029.73,59202.258,56656.57,53921.926
60893.68,59207.434,57174.72,54764.7
61272.54,59155.34,57733.89,55292.086
61457.46,59146.82,58234.26,55664.105
60809.1,59067.293,58481.68,55862.76
60514.86,58837.336,58563.76,56018.34
59951.74,58569.336,58485.86,55791.477
60043.26,58316.562,58087.78,55465.7
59911.15,58017.547,57727.58,55110.42
59136.18,57690.12,57330.88,54818.242
58598.59,57347.832,56877.29,54411.73
57938.62,57020.617,56790.27,54057.92
57531.95,56678.605,56497.99,53771.31
56833.84,56271.254,56241.36,53536.73
56751.99,55905.31,55974.72,53346.67
56629.71,55711.254,55344.89,53207.266
57315.06,56023.52,54892.32,53143.047
57209.09,56124.633,54707.53,53156.51
57082.57,56209.344,54198.24,53171.715
57233.85,56228.66,54354.28,53198.08
57999.55,57592.74,54428.02,53288.234
58863.57,57690.992,55059.2,53937.016
59702.79,57918.69,55877.63,54598.184
60448.58,58164.586,56581.77,55363.15
61361.99,58764.266,57767.65,56096.465
61405.46,58785.695,58188.72,57424.87
61940.16,58777.473,58653.92,57921.523
61975.38,58774.004,58647.37,58207.168
61916.58,58524.746,58978.1,58314.414
61644.28,58317.5,59152.8,58303.016
61557.32,58125.49,59069.2,58190.414
61615.81,57967.023,58417.69,57988.242
60671.29,57427.688,58206.13,57771.285
59641.81,57125.996,57910.15,57364.543
59108.85,56823.41,57648.24,57044.965
58610.41,56585.555,57000.06,56670.22
56816.27,55646.57,56650.35,56298.445
55725.23,54991.164,55792.94,55386.664
55017.3,54353.188,55103.83,54901.258
54222.92,53832.805,54210.46,54478.01
53514.83,52729.83,53509.52,54137.043
53431.91,52242.645,53568.64,53670.73
52948.29,51996.004,53392.18,53413.605
52439.6,51736.867,53198.37,53161.125
52493.19,51671.97,53111.16,52920.31
51922.14,51003.746,53658.84,53316.445
51430.16,50362.23,53491.13,52968.25
50459.37,49751.484,52780.79,52409.875
50020.17,48858.355,51747.07,51764.316
49033.18,48174.824,50732.25,50920.83
48753.43,47472.78,49663.8,50175.344
48041.28,46910.848,48874.69,49423.27
46491.76,46276.35,48873.9,48705.438
45176.47,45757.18,48571.93,47885.63
44515.29,45351.207,48241.73,47211.723
44065.97,45075.61,47548.02,46579.887
44038.57,42933.773,47276.76,46023.3
43537.67,42820.07,46614.01,45012.72
43102.01,42646.25,46593.22,44654.42
42538.2,42401.574,46008.62,44454.473
42071.03,42188.08,45875.11,44336.453
42151.97,42036.805,45695.35,44309.61
42033.67,41951.285,45614.46,44304.035
41828.67,41882.176,45775.38,44315.12
42142.06,41845.086,46387.66,44363.953
42031.22,41816.46,46462.3,44467.023
42302.3,41786.977,45997.63,44550.766
42531.23,41769.625,46558.53,44722.97
43423.75,41784.016,47154.52,45007.41
43587.51,41817.164,47881.8,45445.363
43794.77,41841.4,48105.43,45935.375
43435.32,41881.758,48568.26,46538.027
43727.31,41928.99,49412.74,47230.812
43955.78,42001.996,50798.51,48212.406
43979.32,42073.707,52068.0,49219.676
43611.39,42117.477,53230.27,50373.14
43526.27,42227.86,54675.19,51678.184
43804.38,42253.21,57516.93,53633.004
44539.4,42309.88,60144.93,55499.78
44615.9,42380.617,62179.19,57417.008
45582.85,43977.29,63889.39,59197.45
46300.39,44556.26,66741.11,61670.984
46736.22,45272.72,68409.71,63158.574
47364.9,46008.062,69866.32,64534.477
48798.15,47031.5,70384.74,65633.12
49173.81,47986.008,70749.06,66456.48
49812.91,48754.125,71218.91,66987.586
50868.13,49516.79,71324.12,67255.055
52206.1,50533.508,71187.86,67380.96
52759.02,51247.71,70742.55,67254.57
53705.44,51747.367,70943.68,67180.945
54354.03,52270.46,70896.62,67140.836
55448.11,52952.844,71312.77,67141.7
55921.57,53564.36,72027.04,67158.94
56123.5,54098.734,72148.77,67298.54
56656.57,54477.438,72390.5,67449.53
57174.72,54879.668,72429.45,67599.59
57733.89,55053.48,72132.77,67822.26
58234.26,55226.44,72240.53,67867.17
58481.68,55376.844,72359.43,67931.32
58563.76,55501.574,72251.72,67952.7
58485.86,55444.434,72217.29,68047.28
58087.78,55359.086,71600.52,67898.555
57727.58,55203.383,72466.28,67779.77
57330.88,54979.3,71845.49,67607.12
56877.29,54743.047,72421.4,67650.016
56790.27,54525.418,72312.52,67467.11
56497.99,54421.945,71823.7,67320.57
56241.36,54191.062,71045.37,67159.78
55974.72,54001.02,71355.2,67234.42
55344.89,53849.656,71368.56,67102.67
54892.32,53629.46,71185.72,67009.89
54707.53,53371.773,70623.34,66967.88
54198.24,53192.93,70537.74,67128.56
54354.28,53028.246,70162.25,66911.125
54428.02,53033.734,70142.59,66623.484
55059.2,53636.793,70121.62,66472.39
55877.63,53843.957,70322.46,67144.19
56581.77,54234.54,70920.07,67800.96
57767.65,54656.0,71394.39,68604.7
58188.72,55909.87,71968.55,69278.195
58653.92,56235.0,72647.22,69718.24
58647.37,56515.332,72985.1,69933.21
58978.1,56632.32,73098.93,69988.24
59152.8,56783.5,72948.92,69993.375
59069.2,56764.28,72639.87,69444.28
58417.69,56713.895,72378.6,69347.195
58206.13,56550.055,72317.53,69225.23
57910.15,56150.8,71713.65,69062.06
57648.24,55940.535,71228.75,68250.72
57000.06,55762.977,70359.97,67936.75
56650.35,55492.367,69715.46,67504.99
55792.94,54791.312,69113.94,66982.04
55103.83,54272.688,67789.43,65634.21
54210.46,53760.637,66538.34,64738.17
53509.52,53169.35,65822.09,63856.434
53568.64,52236.973,64632.68,63088.684
53392.18,52027.03,63686.15,61984.24
53198.37,51860.66,62522.77,61290.73
53111.16,51716.527,61415.8,60672.297
53658.84,52052.465,60586.73,60159.195
53491.13,51768.45,60358.0,59520.688
52780.79,51407.434,59163.25,58881.133
51747.07,50865.22,57911.77,58003.707
50732.25,49908.82,56825.25,57048.156
49663.8,49022.688,55810.08,55783.484
48874.69,48062.05,54907.09,54796.664
48873.9,47165.688,54207.19,53866.402
48571.93,46322.49,53996.87,53029.98
48241.73,45770.82,53120.73,51999.14
47548.02,45341.81,52909.44,51263.84
47276.76,45003.285,52798.97,50601.39
46614.01,43761.07,51858.74,50016.68
46593.22,43731.92,51011.96,49201.426
46008.62,43758.734,50577.5,48830.266
45875.11,43752.04,50175.84,48550.727
45695.35,43794.492,49771.52,48306.473
45614.46,43841.83,49026.86,48208.97
45775.38,43913.695,48912.23,48101.418
46387.66,44051.895,49048.03,48056.387
46462.3,44318.83,49325.67,48077.902
45997.63,44556.484,49566.8,48248.758
46558.53,44774.336,49431.95,48341.03
47154.52,45085.875,49662.86,48499.19
47881.8,45542.125,49776.01,48711.305
48105.43,46029.938,50805.38,49143.85
48568.26,46584.44,51259.67,49462.766
49412.74,47237.164,51529.16,49813.65
50798.51,48293.676,51840.29,50202.85
52068.0,49418.477,54072.88,50975.477
53230.27,50733.805,54614.76,51581.906
54675.19,52190.67,55276.96,52343.14
57516.93,54553.207,56742.15,53316.117
60144.93,57143.43,60002.1,55258.65
62179.19,59670.387,62139.14,57088.836
63889.39,61627.42,64228.74,59071.977
66741.11,64410.79,65900.32,60911.56
68409.71,65413.754,67438.55,62949.133
69866.32,66290.46,68403.75,64240.15
70384.74,67015.42,69162.24,65441.824
70749.06,67608.89,69603.28,66407.33
71218.91,68021.58,69895.19,67048.21
71324.12,68289.586,70301.2,67497.89
71187.86,68481.01,70215.16,67771.9
70742.55,68491.32,70693.08,67900.195
70943.68,68559.32,70946.87,67842.914
70896.62,68709.695,71166.18,67877.625
71312.77,68894.305,71434.71,67975.87
72027.04,69009.94,71652.81,68161.766
72148.77,69263.31,71708.15,68312.74
72390.5,69418.016,71756.13,68601.98
72429.45,69520.086,71611.22,68925.76
72132.77,69463.375,71460.44,69215.62
72240.53,69420.484,71089.64,69267.03
72359.43,69435.11,71231.88,69389.61
72251.72,69437.37,71501.92,69487.65
72217.29,69279.914,71168.92,69569.44
71600.52,69221.945,71115.65,69393.12
72466.28,69189.71,70863.27,69239.08
71845.49,69213.086,70753.39,69097.88
72421.4,69045.14,70838.53,68980.53
72312.52,69071.5,71017.77,68757.984
71823.7,69131.664,70921.22,68557.36
71045.37,69103.12,70406.43,68394.77
71355.2,68835.734,70277.77,68281.03
71368.56,68859.195,70633.76,68057.7
71185.72,68971.58,70556.56,67915.23
70623.34,69122.79,70168.06,67835.805
70537.74,68984.17,70238.45,67835.5
70162.25,69093.914,69718.14,67894.59
70142.59,69177.54,69584.53,68028.47
70121.62,69305.47,69441.98,68104.67
70322.46,69799.195,69424.55,68097.19
70920.07,69913.54,70134.91,68329.42
71394.39,70106.625,70819.79,68763.82
71968.55,70331.266,72004.43,69418.055
72647.22,70268.016,72991.66,70251.45
72985.1,70321.91,74047.59,70934.164
73098.93,70349.26,74691.03,71285.12
72948.92,70353.9,74691.79,71445.2
72639.87,69314.234,74986.08,71517.1
72378.6,69081.914,74920.95,70931.164
72317.53,68906.98,74652.53,70901.94
71713.65,68739.29,74492.44,70844.92
71228.75,67196.82,74636.45,70766.41
70359.97,66781.65,73910.82,69908.63
69715.46,66332.38,73563.66,69645.13
69113.94,65900.516,73166.35,69283.0
67789.43,64213.62,72257.17,68853.63
66538.34,63622.098,70804.02,67517.836
65822.09,63116.254,69513.33,66640.27
64632.68,62741.555,68480.72,65725.66
63686.15,61567.184,67777.16,64889.43
62522.77,61186.19,66472.99,63632.383
61415.8,60848.758,65634.64,62899.547
60586.73,60541.723,64962.42,62272.61
60358.0,59656.43,64043.59,61767.773
59163.25,58990.88,62720.24,61270.96
57911.77,57984.227,61985.51,60723.973
56825.25,56843.066,60833.25,59966.008
55810.08,55262.86,59884.67,59157.637
54907.09,54096.96,58838.0,57959.645
54207.19,53032.953,57948.38,57081.035
53996.87,52128.395,56955.67,56241.64
53120.73,51067.11,56353.56,55467.027
52909.44,50394.375,55214.45,54342.125
52798.97,49891.902,55049.82,53538.637
51858.74,49515.195,54097.85,52775.316
51011.96,48776.473,53625.61,52090.812
50577.5,48683.65,53110.5,51383.42
50175.84,48597.65,52676.91,50930.055
49771.52,48476.203,52329.71,50614.117
49026.86,48516.867,52158.76,50335.02
48912.23,48451.957,51727.95,50118.164
49048.03,48449.77,51590.12,49924.367
49325.67,48509.164,51757.79,49832.94
49566.8,48784.074,52138.36,49797.758
49431.95,48895.258,52473.97,49890.78
49662.86,48969.758,52526.24,49970.3
49776.01,49092.945,52739.07,50119.215
50805.38,49558.195,53050.28,50336.92
51259.67,50058.824,53390.4,50770.848
51529.16,50655.94,53365.87,51113.83
51840.29,51290.527,54020.68,51521.074
54072.88,52584.195,54493.28,51989.703
54614.76,54028.78,55431.68,52900.887
55276.96,55417.88,55782.69,53703.78
56742.15,56789.613,56652.97,54716.055
60002.1,59132.44,58309.51,56017.117
62139.14,61083.047,61116.28,58424.08
64228.74,62616.9,63075.84,60557.15
65900.32,63754.996,64830.88,62585.586
67438.55,66090.31,66774.48,64263.6
68403.75,66626.914,69496.09,66644.69
69162.24,67165.086,70746.15,67783.89
69603.28,67643.62,71453.56,68705.69
69895.19,68024.26,72112.14,69362.55
70301.2,68308.42,72988.71,69735.06
70215.16,68474.55,72977.51,69944.53
70693.08,68522.5,73142.63,70040.2
70946.87,68496.4,73189.29,70049.05
71166.18,68661.11,72860.93,69904.375
71434.71,68884.69,73041.77,69829.445
71652.81,69141.53,73351.69,69820.24
71708.15,69244.516,73256.21,69881.72
71756.13,69411.66,73346.07,69944.71
71611.22,69521.82,73554.88,70174.73
71460.44,69549.58,73642.07,70433.81
71089.64,69282.516,73810.97,70644.3
71231.88,69152.586,73907.24,70743.61
71501.92,69051.87,73974.43,70827.74
71168.92,68992.22,74029.23,70858.55
71115.65,68651.95,73881.52,70889.88
70863.27,68496.18,73588.68,70813.52
70753.39,68413.41,73347.7,70706.945
70838.53,68368.65,73265.1,70605.09
71017.77,68193.94,73125.25,70493.305
70921.22,68152.5,73563.3,70317.89
70406.43,68188.23,73352.19,70110.35
70277.77,68225.0,72913.85,69933.914
70633.76,68057.34,72234.48,69811.18
70556.56,68139.5,72861.3,69676.58
70168.06,68308.6,72563.39,69485.98
70238.45,68487.88,72496.52,69319.836
69718.14,68542.94,72360.09,69196.336
69584.53,68665.26,72590.12,69098.88
69441.98,68882.734,72350.46,68991.47
69424.55,69057.46,72601.18,68781.375
70134.91,69608.55,72419.38,68570.61
70819.79,69857.38,72759.92,68633.44
72004.43,70184.4,73224.61,68985.28
72991.66,70625.0,73748.6,69550.57
74047.59,71008.67,74022.39,70135.445
74691.03,71235.05,73865.88,70498.81
74691.79,71434.57,73858.22,70677.36
74986.08,71532.28,73915.24,70712.555
74920.95,70755.81,73620.61,70694.516
74652.53,70642.18,73722.06,69966.48
74492.44,70539.41,73318.56,69872.59
74636.45,70423.6,73144.0,69742.1
73910.82,69054.016,73030.75,69600.33
73563.66,68686.34,72412.52,68606.44
73166.35,68353.54,71955.46,68237.56
72257.17,68029.664,71190.91,67751.77
70804.02,66288.984,70442.23,67191.836
69513.33,65654.875,69130.91,65641.586
68480.72,65071.754,68087.4,64705.54
67777.16,64590.6,66979.71,63820.81
66472.99,63259.82,66483.62,63035.684
65634.64,62848.367,65174.87,61824.84
64962.42,62545.52,64180.58,61098.44
64043.59,62317.203,63187.77,60448.68
62720.24,61642.27,62529.57,59917.594
61985.51,61112.062,62492.92,59581.184
60833.25,60273.69,62069.81,59034.125
59884.67,59332.61,60713.3,58277.78
58838.0,57797.527,59353.71,57465.69
57948.38,56807.324,58190.27,56251.598
56955.67,55891.562,57150.35,55355.688
56353.56,55009.055,56322.4,54461.76
55214.45,53721.273,55653.84,53607.74
55049.82,52831.1,54688.46,52411.758
54097.85,52160.695,54259.88,51561.426
53625.61,51489.008,53724.88,50784.773
53110.5,50517.48,52815.95,50109.953
52676.91,50372.957,52391.38,49559.773
52329.71,50256.32,52057.66,49103.035
52158.76,50092.47,52042.37,48758.43
51727.95,49989.633,51560.07,48478.188
51590.12,49864.516,51706.22,48291.758
51757.79,49829.273,51536.6,48155.47
52138.36,49871.42,51300.21,48096.85
52473.97,50064.984,51318.1,48095.17
52526.24,50227.258,50756.62,48225.883
52739.07,50388.54,50836.85,48331.062
53050.28,50572.867,51251.21,48504.645
53390.4,50953.227,51335.16,48737.54
53365.87,51226.03,51329.49,49182.086
54020.68,51497.85,51671.83,49509.234
54493.28,51892.555,52059.74,49887.098
55431.68,52807.586,52641.67,50350.707
55782.69,53658.25,54378.55,51282.445
56652.97,54564.086,55181.71,52046.87
58309.51,55680.68,56127.94,53035.777
61116.28,58066.13,57768.77,54307.043
63075.84,60067.16,60527.89,56617.656
64830.88,61823.62,62931.78,58664.344
66774.48,63252.29,64831.78,60775.582
69496.09,66469.25,66602.96,62750.45
70746.15,67492.38,68696.53,65315.098
71453.56,68323.84,69920.07,66658.34
72112.14,68985.81,70902.85,67727.984
72988.71,69632.28,71675.81,68565.2
72977.51,70063.8,72093.2,69096.21
73142.63,70388.39,72342.69,69451.92
73189.29,70640.35,72645.94,69784.445
72860.93,70859.41,72669.7,70053.33
73041.77,71001.414,72239.3,70117.766
73351.69,71117.29,72545.68,70155.44
73256.21,71190.76,72997.85,70264.34
73346.07,71177.69,73109.79,70409.17
73554.88,71206.984,72800.82,70450.25
73642.07,71241.07,72838.06,70609.945
73810.97,71259.11,73099.72,70812.05
73907.24,71200.39,73228.78,71030.57
73974.43,71207.4,73871.8,71092.74
74029.23,71195.03,74193.25,71155.96
73881.52,71212.26,73794.57,71189.06
73588.68,71027.555,73459.79,71243.65
73347.7,70958.86,73369.91,71163.586
73265.1,70938.85,73575.9,71079.305
73125.25,70918.73,73618.06,70965.56
73563.3,70622.914,73297.53,70838.6
73352.19,70595.625,73332.71,70663.59
72913.85,70589.8,73223.18,70500.625
72234.48,70584.67,72769.74,70388.6
72861.3,70226.75,72387.25,70299.375
72563.39,70223.945,72045.56,70173.766
72496.52,70251.1,71816.09,70056.6
72360.09,70308.266,71619.95,69969.28
72590.12,70040.414,71288.43,69942.055
72350.46,70096.09,71473.21,70094.52
72601.18,70172.34,71143.03,70095.766
72419.38,70287.58,71097.54,69995.695
72759.92,70669.1,70909.36,69901.05
73224.61,70774.63,71375.76,70442.1
73748.6,70927.69,71944.42,71019.086
74022.39,71102.125,72521.93,71795.35
73865.88,71683.92,73459.33,72427.16
73858.22,71725.26,73438.62,72464.88
73915.24,71742.06,73190.55,72563.69
73620.61,71745.32,73251.28,72613.94
73722.06,70898.664,73401.52,72639.414
73318.56,70812.38,73632.15,71998.984
73144.0,70701.75,73539.57,71973.27
73030.75,70590.586,73667.48,71897.27
72412.52,69158.85,73484.0,71788.84
71955.46,68823.484,73572.37,70960.48
71190.91,68476.98,72912.0,70685.59
70442.23,68082.016,72274.33,70351.09
69130.91,65958.51,71378.23,69965.11
68087.4,65285.92,70372.62,68580.74
66979.71,64705.55,69622.29,67698.67
66483.62,64197.754,68700.62,66805.664
65174.87,62806.01,67537.72,66020.29
64180.58,62322.137,66276.7,64811.125
63187.77,61920.586,65594.7,64079.758
62529.57,61588.836,65015.34,63427.574
62492.92,60905.473,64348.47,62889.824
62069.81,60438.28,62987.98,62436.6
60713.3,59674.176,62149.93,61892.05
59353.71,58790.54,61328.17,61152.74
58190.27,57319.707,60559.34,60362.074
57150.35,56407.98,58855.73,59188.344
56322.4,55521.992,57807.29,58336.625
55653.84,54672.477,57029.41,57515.58
54688.46,53461.305,56472.46,56742.89
54259.88,52624.707,54292.08,55636.418
53724.88,51946.156,53862.76,54831.297
52815.95,51362.008,53829.19,54071.438
52391.38,50087.996,52966.92,53366.383
52057.66,49993.727,52182.91,52346.94
52042.37,49907.246,51886.75,52019.395
51560.07,49839.562,51729.4,51691.242
51706.22,49839.277,51569.85,51384.16
51536.6,49854.105,50732.66,51175.227
51300.21,49880.887,50439.41,50984.65
51318.1,49907.402,50731.07,50878.734
50756.62,50082.76,50887.84,50819.367
50836.85,50094.887,51080.69,50878.35
51251.21,50139.863,51120.25,50945.83
51335.16,50255.49,51532.15,51091.85
51329.49,50620.914,51880.54,51299.676
51671.83,50827.617,52294.69,51693.277
52059.74,51172.664,52335.2,52012.785
52641.67,51678.523,52583.16,52395.426
54378.55,52881.62,52610.88,52859.72
55181.71,54104.14,54027.08,53765.29
56127.94,55373.88,54774.59,54602.97
57768.77,56738.2,55530.26,55687.523
60527.89,59030.62,57438.07,57123.535
62931.78,60921.285,59859.89,59631.11
64831.78,62668.594,62351.89,61962.836
66602.96,64059.71,63445.94,64155.543
68696.53,66791.23,65283.59,65941.61
69920.07,67573.42,68383.39,68591.625
70902.85,68231.445,69916.04,69823.09
71675.81,68809.414,70482.59,70827.95
72093.2,69347.05,71178.68,71584.64
72342.69,69684.49,72253.01,72040.88
72645.94,70016.47,72750.87,72348.62
72669.7,70320.37,72858.3,72562.945
72239.3,70556.59,73195.7,72681.266
72545.68,70713.53,72960.05,72578.01
72997.85,70940.836,72841.62,72620.16
73109.79,71169.375,73088.27,72718.625
72800.82,71265.22,73166.65,72874.55
72838.06,71369.85,73619.82,72894.47
73099.72,71452.305,73620.35,73041.516
73228.78,71546.32,73701.86,73175.66
73871.8,71443.09,73606.99,73298.99
74193.25,71473.52,73622.19,73191.46
73794.57,71488.43,73487.24,73206.52
73459.79,71511.9,73426.86,73189.73
73369.91,71275.79,72858.43,73148.8
73575.9,71248.37,72007.9,72784.9
73618.06,71238.13,71615.39,72562.125
73297.53,71200.14,71392.95,72256.734
73332.71,70831.555,71007.34,72022.555
73223.18,70766.33,70803.21,71481.99
72769.74,70759.23,70201.4,71144.1
72387.25,70729.59,70092.05,70843.23
72045.56,70310.4,68992.3,70585.87
71816.09,70260.39,68730.68,70057.95
71619.95,70269.4,68466.38,69815.18
71288.43,70348.84,68273.47,69641.35
71473.21,70166.44,68196.29,69516.26
71143.03,70269.39,67983.24,69263.01
71097.54,70404.836,67605.53,69095.84
70909.36,70552.805,67873.57,68961.97
71375.76,71267.57,67955.8,68926.766
71944.42,71438.9,68324.55,69373.85
72521.93,71701.98,68915.84,70107.79
73459.33,71965.87,69715.82,70886.734
73438.62,72068.54,70338.14,71406.766
73190.55,72100.67,70487.98,71304.5
73251.28,72123.44,70382.83,71348.21
73401.52,72139.664,70069.72,71273.805
73632.15,71272.69,70041.06,71154.625
73539.57,71178.06,69401.39,70309.445
73667.48,71064.01,69037.01,70062.36
73484.0,70933.74,68875.48,69765.88
73572.37,69623.0,68560.68,69433.234
72912.0,69294.36,68103.49,68263.516
72274.33,68929.945,67330.54,67634.1
71378.23,68547.18,66393.5,66903.25
70372.62,66483.75,65914.96,66139.695
69622.29,65888.07,65025.93,64438.58
68700.62,65391.562,63889.67,63530.14
67537.72,64999.746,62871.37,62677.926
66276.7,63699.93,62301.4,61923.758
65594.7,63362.043,61609.54,60860.53
65015.34,63109.07,61162.97,60230.027
64348.47,62913.066,60454.14,59660.996
62987.98,61932.19,59671.62,59210.1
62149.93,61541.64,59055.96,58919.344
61328.17,60808.258,58034.58,58473.965
60559.34,59985.645,57297.58,57757.8
58855.73,58621.953,56163.2,56964.266
57807.29,57658.523,55218.23,55889.81
57029.41,56712.973,54332.45,54963.457
56472.46,55828.37,53736.07,54054.29
54292.08,54618.59,52987.71,53203.8
53862.76,53500.164,51230.88,52188.676
53829.19,52648.3,50330.78,51400.277
52966.92,52068.453,49769.06,50698.754
52182.91,51084.766,49380.97,50089.562
51886.75,50830.746,48489.3,49395.258
51729.4,50636.906,48158.91,49006.457
51569.85,50471.9,47901.93,48511.23
50732.66,50442.266,47582.61,48039.957
50439.41,50347.805,46948.59,47649.297
50731.07,50324.348,46469.86,47368.29
50887.84,50380.875,46568.67,47200.33
51080.69,50579.97,46673.77,47096.23
51120.25,50722.21,46549.94,47048.47
51532.15,50879.902,46310.96,47006.16
51880.54,51094.316,46427.4,46977.117
52294.69,51556.38,46711.69,46955.91
52335.2,51922.387,47303.06,46975.18
52583.16,52319.707,47736.71,46955.53
52610.88,52809.883,47384.51,46936.625
54027.08,53804.227,47440.16,46934.055
54774.59,54857.746,47833.75,46987.473
55530.26,56030.89,47730.35,47037.36
57438.07,57302.824,47632.77,47141.684
59859.89,59751.793,47800.41,47310.133
62351.89,61743.465,47745.28,47659.85
63445.94,63541.816,48210.99,48011.95
65283.59,64904.754,48146.51,48452.89
68383.39,68393.305,48935.78,48987.29
69916.04,69388.74,50630.32,50629.1
70482.59,70226.34,51159.54,51331.42
71178.68,70898.375,52021.92,52166.164
72253.01,71553.0,52964.36,53060.844
72750.87,72007.695,54053.11,54182.36
72858.3,72354.01,55027.62,55102.617
73195.7,72578.01,55686.68,55980.22
72960.05,72691.58,56585.2,56783.64
72841.62,72790.22,57361.01,57633.375
73088.27,72825.06,57860.68,58189.016
73166.65,72834.016,58576.91,58640.24
73619.82,72686.27,59267.51,58997.375
73620.35,72638.375,59827.87,59403.336
73701.86,72567.58,60110.24,59666.812
73606.99,72520.01,60230.67,59952.992
73622.19,72227.08,60478.94,60246.426
73487.24,72126.47,61158.95,60551.58
73426.86,72020.12,61659.67,60670.51
72858.43,71918.67,61872.05,60741.074
72007.9,71413.586,62020.15,60755.81
71615.39,71170.0,61596.7,60661.625
71392.95,70945.77,61516.3,60467.934
71007.34,70840.2,60926.08,60155.51
70803.21,70346.98,60280.39,59835.64
70201.4,70182.29,59824.61,59477.92
70092.05,70047.22,59770.54,59063.17
68992.3,69955.53,60040.17,58676.516
68730.68,69404.11,59607.92,58334.92
68466.38,69243.32,59157.65,58008.64
68273.47,69190.58,58622.42,57694.62
68196.29,69195.45,58418.35,57477.344
67983.24,69041.79,57994.96,57339.32
67605.53,69051.0,57973.67,57357.5
67873.57,69106.6,57862.55,57343.875
67955.8,69192.06,58240.51,57370.668
68324.55,69843.96,58353.54,57383.523
68915.84,69927.67,58689.83,58121.766
69715.82,70110.22,59456.75,58614.242
70338.14,70294.625,60539.86,59429.918
70487.98,70096.07,60905.48,60272.117
70382.83,70086.84,61715.54,61514.06
70069.72,70056.52,62368.13,61750.906
70041.06,69990.09,62501.79,61811.082
69401.39,68775.07,62826.78,61771.81
69037.01,68503.13,62465.5,61563.375
68875.48,68281.54,61825.96,61302.61
68560.68,68072.97,61528.65,60978.22
68103.49,66318.016,61088.53,60614.47
67330.54,65893.94,60531.56,60013.188
66393.5,65513.8,60014.96,59453.188
65914.96,65160.785,59386.41,58865.082
65025.93,63182.645,58524.39,58277.03
63889.67,62772.89,57280.71,57218.535
62871.37,62393.137,56215.53,56374.375
62301.4,62033.547,55024.85,55608.887
61609.54,60807.836,54313.84,55002.15
61162.97,60452.16,53993.0,54218.926
60454.14,60130.727,53458.35,53810.945
59671.62,59836.816,53475.92,53465.484
59055.96,59012.473,53048.94,53158.92
58034.58,58541.53,53602.08,53337.188
57297.58,57802.18,53120.49,52940.906
56163.2,57028.855,52589.4,52331.64
55218.23,55775.836,51730.34,51600.61
54332.45,54758.25,50719.76,50600.914
53736.07,53733.074,49871.4,49713.945
52987.71,52812.723,49743.33,48805.715
51230.88,51629.96,49083.9,47917.254
50330.78,50647.1,47291.07,46923.848
49769.06,49871.99,46404.28,46152.008
49380.97,49293.887,45784.49,45463.297
48489.3,47806.164,45250.67,44870.27
48158.91,47679.69,44552.76,44162.754
47901.93,47479.086,43660.13,43653.11
47582.61,47207.695,43192.9,43312.29
46948.59,46937.684,42819.05,43016.676
46469.86,46634.977,42515.92,42751.5
46568.67,46382.625,42031.0,42532.86
46673.77,46227.15,41746.31,42346.555
46549.94,46168.85,42079.66,42172.7
46310.96,46081.47,42053.03,42017.2
46427.4,45985.977,42320.55,41885.727
46711.69,45947.613,42086.72,41772.1
47303.06,46068.797,42110.58,41678.086
47736.71,46242.844,42229.21,41607.734
47384.51,46468.11,42313.93,41563.71
47440.16,46644.57,42975.1,41507.207
47833.75,46923.703,43610.75,41452.992
47730.35,47153.234,43335.08,41398.95
47632.77,47326.324,42717.64,41359.164
47800.41,47457.793,42568.51,41342.133
47745.28,47741.18,43052.44,41339.188
48210.99,47874.93,43262.33,41330.984
48146.51,48050.234,43595.2,41372.54
48935.78,48189.29,43252.63,41488.35
50630.32,49560.293,43709.11,41621.516
51159.54,50453.555,44899.04,42774.008
52021.92,51425.652,45403.77,43282.89
52964.36,52414.348,46363.66,43921.188
54053.11,53568.367,47070.34,44667.617
55027.62,54411.344,48065.17,45772.023
55686.68,55122.414,48634.84,46708.61
56585.2,55700.574,49444.01,47682.477
57361.01,56384.586,50107.34,48621.188
57860.68,56881.91,51073.44,49738.734
58576.91,57347.805,51406.27,50531.92
59267.51,57848.31,52344.29,51310.355
59827.87,58385.797,52693.36,51989.25
60110.24,58823.54,52844.55,52768.074
60230.67,59157.01,53443.58,53275.605
60478.94,59394.57,54190.9,53832.375
61158.95,59554.58,55076.12,54500.344
61659.67,59650.633,55123.58,55258.15
61872.05,59735.426,55972.11,55747.652
62020.15,59775.12,56409.58,56018.16
61596.7,59669.63,56457.49,56093.652
61516.3,59546.395,56680.83,56030.98
60926.08,59366.71,56060.66,55648.56
60280.39,59190.48,55743.77,55195.137
59824.61,58806.727,55522.63,54730.523
59770.54,58498.188,55000.23,54260.76
60040.17,58263.234,54231.38,53782.203
59607.92,58115.074,54012.57,53379.215
59157.65,57741.758,53588.25,53073.43
58622.42,57408.285,53128.17,52754.805
58418.35,57113.28,52759.46,52566.473
57994.96,56897.22,52882.25,52458.242
57973.67,56752.934,52514.28,52411.94
57862.55,56613.387,52291.16,52302.137
58240.51,56602.805,52155.93,52321.28
58353.54,56722.043,52663.37,52350.414
58689.83,57874.824,53113.06,52437.375
59456.75,57891.453,54040.23,52955.0
60539.86,58077.734,54426.5,53648.457
60905.48,58325.594,55638.93,54461.72
61715.54,58901.51,56884.81,55234.164
62368.13,58898.73,58423.08,56615.184
62501.79,58928.203,58490.71,57143.855
62826.78,58919.133,58459.49,57436.59
62465.5,58674.04,58980.99,57615.184
61825.96,58446.773,59056.72,57606.69
61528.65,58206.812,58763.87,57498.47
61088.53,58005.85,58596.3,57297.414
60531.56,57411.75,58182.43,57066.54
60014.96,57102.914,57789.65,56613.176
59386.41,56857.785,57333.04,56237.87
58524.39,56616.93,56754.36,55807.117
57280.71,55712.195,56476.66,55379.957
56215.53,55185.23,55973.28,54479.29
55024.85,54622.406,55130.87,54001.117
54313.84,53953.008,54495.05,53558.125
53993.0,52801.53,53898.32,53199.17
53458.35,52373.418,53618.46,52715.3
53475.92,51990.2,53075.74,52414.477
53048.94,51791.95,52569.03,52122.316
53602.08,51636.57,52675.39,51862.008
53120.49,51190.812,53256.78,51959.805
52589.4,50719.1,53182.34,51660.36
51730.34,50170.066,52378.16,51159.285
50719.76,49215.844,51364.3,50594.312
49871.4,48429.008,50053.42,49832.844
49743.33,47657.598,49481.44,49176.184
49083.9,47041.895,48523.64,48509.32
47291.07,46285.008,47598.26,47874.21
46404.28,45650.438,46780.84,47113.066
45784.49,45165.44,46347.75,46487.758
45250.67,44817.984,45858.06,45905.65
44552.76,43075.273,44975.51,45382.633
43660.13,42857.984,44254.18,44418.88
43192.9,42607.86,43831.58,44023.133
42819.05,42280.11,43722.95,43811.996
42515.92,41941.93,43570.14,43673.273
42031.0,41693.246,43720.07,43611.04
41746.31,41518.562,43705.5,43572.023
42079.66,41399.19,43672.29,43557.39
42053.03,41326.46,43455.14,43573.043
42320.55,41281.22,43500.12,43631.53
42086.72,41244.07,43624.41,43707.336
42110.58,41208.516,43911.24,43859.477
42229.21,41195.53,44332.68,44103.742
42313.93,41204.25,44946.46,44481.65
42975.1,41206.51,45655.13,44873.574
43610.75,41226.5,46244.01,45333.785
43335.08,41287.133,46895.62,45893.93
42717.64,41335.11,48587.42,46702.37
42568.51,41376.992,49143.49,47510.637
43052.44,41413.395,50380.16,48460.41
43262.33,41454.996,52213.7,49615.297
43595.2,41488.8,56410.63,51310.332
43252.63,41554.7,58976.48,52917.344
43709.11,41582.664,60757.39,54518.64
44899.04,43012.906,62717.78,55997.28
45403.77,43584.008,65062.94,57829.348
46363.66,44222.78,66602.49,59018.88
47070.34,45013.95,67808.69,60163.906
48065.17,46201.484,68722.54,61124.887
48634.84,47218.4,69676.45,61798.715
49444.01,48149.04,69804.86,62302.21
50107.34,48988.12,69840.01,62652.754
51073.44,49966.6,69933.69,62892.543
51406.27,50613.332,69905.24,62770.68
52344.29,51116.6,70209.06,62846.047
52693.36,51609.586,70129.94,62927.71
52844.55,52129.2,69857.8,63087.59
53443.58,52313.676,70584.1,63094.934
54190.9,52594.906,70577.82,63371.305
55076.12,53003.25,70480.76,63702.023
55123.58,53587.71,70541.59,64010.96
55972.11,53852.555,70375.42,64156.97
56409.58,54246.676,70184.84,64195.742
56457.49,54542.277,70205.43,64191.75
56680.83,54643.223,70016.07,64148.445
56060.66,54625.137,69938.08,64042.95
55743.77,54352.508,69801.68,63722.6
55522.63,54061.54,69723.31,63439.594
55000.23,53712.348,69974.28,63207.86
54231.38,53340.402,70305.2,63159.72
54012.57,52942.062,70057.3,62798.24
53588.25,52742.98,69910.54,62486.758
53128.17,52413.805,69087.85,62210.637
52759.46,52195.48,68583.25,62261.996
52882.25,52060.797,68317.2,61882.965
52514.28,52075.297,67946.99,61566.87
52291.16,51910.645,67510.79,61291.785
52155.93,51837.215,67810.82,61561.906
52663.37,51806.72,67621.42,61239.184
53113.06,51926.797,67204.25,60989.914
54040.23,52675.676,67172.34,60875.152
54426.5,53050.3,67718.39,62009.535
55638.93,53398.26,68538.79,62461.766
56884.81,53939.207,69214.21,63101.383
58423.08,55333.82,69704.04,63821.395
58490.71,55974.4,70088.45,65173.766
58459.49,56303.69,70239.04,65543.37
58980.99,56482.273,70202.05,65701.63
59056.72,56691.293,70176.13,65771.57
58763.87,56685.133,70003.15,65690.375
58596.3,56600.79,69672.85,65608.125
58182.43,56499.1,69572.5,65438.24
57789.65,56038.14,69579.05,65229.53
57333.04,55754.613,68762.59,64565.688
56754.36,55481.53,68099.38,64039.312
56476.66,55156.594,67622.04,63374.355
55973.28,54356.47,66972.19,62636.766
55130.87,53941.246,66027.58,61483.82
54495.05,53398.977,64917.62,60625.414
53898.32,52909.754,63663.11,59775.848
53618.46,52012.258,62991.64,58999.168
53075.74,51686.71,62213.6,58080.57
52569.03,51370.266,61229.13,57360.504
52675.39,51080.445,60351.62,56686.684
53256.78,51606.86,59478.58,56099.723
53182.34,51373.07,59345.43,55508.75
52378.16,51064.42,58219.47,54756.91
51364.3,50548.695,56835.43,53754.863
50053.42,49635.457,55804.97,52732.906
49481.44,48790.094,54845.4,51600.348
48523.64,48018.965,53681.57,50628.035
47598.26,47224.785,52966.12,49736.9
46780.84,46296.26,52185.02,48959.617
46347.75,45601.984,50408.03,48205.07
45858.06,45078.8,49554.71,47614.28
44975.51,44711.867,48902.02,47093.953
44254.18,43150.11,48192.57,46203.805
43831.58,42403.92,47864.85,46613.125
43722.95,42240.062,47517.78,46204.75
43570.14,42117.133,47175.58,45891.277
43720.07,42037.266,47006.64,45638.465
43705.5,42029.867,46325.08,45424.03
43672.29,42068.0,46369.51,45308.83
43455.14,42134.17,46418.11,45253.84
43500.12,42202.383,46801.19,45257.71
43624.41,42290.67,47211.49,45313.93
43911.24,42402.016,47530.74,45401.727
44332.68,42541.85,47481.26,45542.258
44946.46,42746.04,47611.98,45736.09
45655.13,42986.39,47858.48,46033.105
46244.01,43286.74,48192.03,46267.53
46895.62,43634.094,48725.78,46526.168
48587.42,44089.97,49570.02,46819.7
49143.49,44641.375,50642.49,47289.71
50380.16,45137.82,51436.95,47716.984
52213.7,45748.82,52418.58,48220.973
56410.63,46761.004,53939.48,48802.94
58976.48,48263.277,57286.84,49716.977
60757.39,49940.0,59383.25,50581.273
62717.78,51711.098,61408.59,51578.1
65062.94,54529.656,63471.14,52671.016
66602.49,55958.24,65060.38,54176.434
67808.69,57155.168,66092.99,55289.168
68722.54,58211.188,67238.63,56410.348
69676.45,59181.676,68268.13,57462.344
69804.86,59966.11,69216.23,58317.61
69840.01,60577.14,68851.34,59060.85
69933.69,61058.207,68865.74,59739.594
69905.24,61304.168,68634.42,60388.867
70209.06,61631.195,67677.24,60657.004
70129.94,62036.535,68464.58,61071.06
69857.8,62533.586,68610.56,61547.184
70584.1,62842.234,68725.93,62092.95
70577.82,63381.844,68904.31,62441.3
70480.76,63851.42,68730.12,62958.32
70541.59,64217.62,68926.05,63484.363
70375.42,64380.5,69189.99,63953.117
70184.84,64492.2,69613.61,64135.223
70205.43,64583.254,69436.89,64335.617
70016.07,64668.43,69605.01,64503.695
69938.08,64788.89,69979.41,64663.18
69801.68,64769.22,69382.1,64810.57
69723.31,64777.426,69182.69,64774.14
69974.28,64794.254,69374.64,64709.504
70305.2,64917.336,69024.7,64670.605
70057.3,64963.227,68601.72,64678.48
69910.54,65018.426,68433.72,64581.695
69087.85,65087.027,68086.51,64520.633
68583.25,65344.047,67703.96,64476.6
68317.2,65265.477,67706.71,64667.57
67946.99,65265.38,67403.37,64521.043
67510.79,65281.81,67043.52,64431.27
67810.82,65883.08,66974.53,64426.3
67621.42,65900.61,67352.38,65105.133
67204.25,65944.414,66954.59,64977.97
67172.34,65934.47,66754.2,64922.805
67718.39,66951.78,66555.24,64997.234
68538.79,67032.99,67015.38,66113.36
69214.21,67205.68,67743.85,66680.87
69704.04,67408.15,68978.57,67406.21
70088.45,68086.01,69898.3,68645.05
70239.04,69279.85,70765.38,70614.375
70202.05,69197.01,71128.28,70893.19
70176.13,69059.3,71540.1,70938.055
70003.15,67627.6,71483.15,70910.93
69672.85,67289.84,70525.35,69968.27
69572.5,66969.15,70231.82,69859.984
69579.05,66672.74,70083.37,69699.85
68762.59,64417.74,70582.34,69526.914
68099.38,63737.92,70245.02,68270.24
67622.04,63123.438,69412.66,67818.99
66972.19,62510.492,68345.5,67247.41
66027.58,60391.68,67480.75,66537.984
64917.62,59774.05,65903.44,64663.895
63663.11,59259.434,64844.99,63680.434
62991.64,58820.625,63697.49,62738.973
62213.6,57488.855,62029.53,61920.39
61229.13,57079.86,60735.7,60499.277
60351.62,56727.734,59735.37,59734.195
59478.58,56400.82,59355.6,59062.96
59345.43,55721.69,58412.45,58496.36
58219.47,54959.38,57767.31,58112.07
56835.43,53969.48,57197.49,57427.168
55804.97,52897.652,56309.8,56369.234
54845.4,51285.453,54954.62,55195.73
53681.57,50268.105,53660.4,53501.51
52966.12,49282.625,53321.99,52260.79
52185.02,48452.953,52436.53,51102.523
50408.03,47480.54,51457.15,50105.83
49554.71,46729.184,50049.68,48927.414
48902.02,46159.395,49611.3,48176.605
48192.57,45745.266,48928.55,47560.375
47864.85,45075.492,48396.62,47070.855
47517.78,45083.445,47503.71,47021.203
47175.58,45166.516,46829.21,46663.156
47006.64,45527.934,46682.43,46796.02
46325.08,45235.43,46531.51,46330.336
46369.51,44850.26,46074.63,45990.773
46418.11,44753.438,46468.77,45901.89
46801.19,44669.297,46419.84,45850.188
47211.49,44823.42,46097.16,45827.09
47530.74,45043.02,46347.6,45966.926
47481.26,45355.4,46384.62,46064.03
47611.98,45665.566,46161.84,46236.33
47858.48,46296.9,46120.1,46475.832
48192.03,46677.613,46376.95,46952.465
48725.78,47056.465,46381.54,47287.14
49570.02,47468.273,47328.0,47688.902
50642.49,48429.883,48022.06,48182.133
51436.95,49176.312,49468.12,49210.676
52418.58,49949.055,49742.52,50003.895
53939.48,50836.227,50673.89,50935.758
57286.84,52634.234,52522.35,52055.137
59383.25,54357.086,56923.28,54099.727
61408.59,55895.617,59316.16,55580.395
63471.14,57346.957,61245.39,56994.72
65060.38,60614.98,62787.4,58126.676
66092.99,61301.277,65031.21,60168.254
67238.63,62007.95,66146.2,60692.375
68268.13,62749.8,66935.03,61387.895
69216.23,63276.21,67615.23,62140.555
68851.34,63868.49,68220.72,62822.29
68865.74,64348.35,68185.76,63389.12
68634.42,64770.574,68219.86,63899.387
67677.24,64687.605,68427.94,64307.5
68464.58,64784.684,68436.62,64367.812
68610.56,65086.35,68365.97,64542.902
68725.93,65449.695,68657.48,64776.754
68904.31,65536.555,69049.16,65061.9
68730.12,65846.234,68770.88,65258.1
68926.05,66122.37,68670.62,65552.875
69189.99,66379.0,68714.93,65875.78
69613.61,66516.61,68896.4,66117.2
69436.89,66613.83,69060.86,66255.61
69605.01,66655.2,69106.13,66382.44
69979.41,66722.88,69190.88,66491.98
69382.1,66883.68,68938.5,66579.59
69182.69,66741.625,68405.69,66785.66
69374.64,66637.29,68089.78,66676.695
69024.7,66618.875,67959.89,66522.625
68601.72,66668.87,67890.11,66405.0
68433.72,66660.73,67543.32,66294.57
68086.51,66854.31,67148.34,66632.22
67703.96,66936.78,66942.16,66622.52
67706.71,67068.055,66345.54,66531.3
67403.37,67096.53,66401.82,66347.11
67043.52,67178.48,66334.58,66136.96
66974.53,67298.92,66206.53,66016.016
67352.38,67590.266,66150.24,65993.22
66954.59,67744.734,65594.78,66131.02
66754.2,67928.46,65254.43,66063.06
66555.24,68112.64,65117.53,66006.07
67015.38,68774.516,64955.63,66047.664
67743.85,68959.086,65093.52,66563.73
68978.57,69232.7,65602.79,66953.2
69898.3,69574.47,66322.35,67410.734
70765.38,69889.64,67452.53,68115.68
71128.28,70017.86,68896.13,69384.61
71540.1,70111.05,69397.17,69795.27
71483.15,70166.66,69770.32,69948.84
70525.35,69156.31,69650.72,69999.445
70231.82,68827.98,69296.06,69290.33
70083.37,68545.92,69226.08,69241.99
70582.34,68302.52,69084.25,69121.4
70245.02,66517.72,68655.79,68976.0
69412.66,66027.4,67922.81,67917.77
68345.5,65494.062,67312.99,67592.28
67480.75,64891.746,66768.47,67118.58
65903.44,62751.766,66438.87,66539.23
64844.99,62086.547,64923.19,64793.047
63697.49,61552.36,64312.38,63897.12
62029.53,61124.13,63573.71,63050.676
60735.7,59630.332,62529.7,62283.043
59735.37,59178.55,61339.51,60894.41
59355.6,58799.64,60491.67,60196.94
58412.45,58505.19,59688.88,59544.145
57767.31,57652.586,58642.25,59012.656
57197.49,56718.805,58075.66,58548.637
56309.8,55596.875,57022.55,57903.09
54954.62,54392.797,56085.12,56960.777
53660.4,52299.312,54998.49,55933.54
53321.99,50828.78,53438.94,54255.64
52436.53,49661.375,52794.94,53111.13
51457.15,48660.168,52190.88,52004.664
50049.68,47366.8,51607.6,50986.203
49611.3,46592.285,50202.94,49620.6
48928.55,46047.758,49373.7,48745.035
48396.62,45620.098,49174.14,47990.004
47503.71,45126.375,48952.26,47356.312
46829.21,45005.043,48397.6,46969.875
46682.43,44942.0,48176.18,46491.07
46531.51,44905.316,47959.27,46158.34
46074.63,44992.742,47669.55,45889.48
46468.77,44979.105,47118.39,45753.758
46419.84,45031.598,47013.13,45643.504
46097.16,45070.688,47256.53,45610.164
46347.6,45251.375,47358.57,45650.97
46384.62,45348.742,47596.09,45876.53
46161.84,45531.37,47551.89,46072.84
46120.1,45950.566,47933.08,46567.906
46376.95,46201.5,48112.15,46773.57
46381.54,46447.22,48473.16,47300.445
47328.0,46719.695,48908.32,47672.84
48022.06,47155.45,49367.15,48095.37
49468.12,48141.543,49826.29,48594.594
49742.52,48908.367,50812.3,49621.527
50673.89,49491.785,51322.47,50471.258
52522.35,50207.6,51975.51,51522.082
56923.28,52163.52,53728.75,52829.473
59316.16,54329.863,56967.61,55143.58
61245.39,56324.97,58545.5,57014.3
62787.4,58214.797,60240.43,58861.293
65031.21,61767.105,62234.1,60441.246
66146.2,62785.61,64383.96,62571.67
66935.03,63684.613,65325.97,63559.766
67615.23,64465.11,66377.72,64576.77
68220.72,65125.008,67158.39,65506.812
68185.76,65677.15,67815.42,66131.58
68219.86,66063.62,67877.62,66653.8
68427.94,66308.72,67801.73,67025.336
68436.62,66264.664,67826.43,67269.58
68365.97,66368.62,68172.69,67095.125
68657.48,67282.0,68338.18,67748.1
69049.16,67568.984,68489.2,68041.36
68770.88,67623.6,68530.45,68165.234
68670.62,67737.25,67820.95,68077.875
68714.93,67798.15,67442.27,68219.01
68896.4,67735.32,67372.43,68423.11
69060.86,67590.67,67488.62,68647.31
69106.13,67481.65,66824.02,68624.984
69190.88,67407.64,66631.13,68691.35
68938.5,67357.2,66714.08,68737.72
68405.69,67240.94,66448.34,68724.97
68089.78,67085.95,66129.49,68597.6
67959.89,66982.16,66003.25,68419.73
67890.11,66953.25,65871.84,68241.266
67543.32,66809.36,65579.15,68156.586
67148.34,66715.92,66282.51,67934.266
66942.16,66681.76,65715.92,67755.664
66345.54,66712.234,65264.41,67624.72
66401.82,66481.15,64922.98,67529.305
66334.58,66467.83,65373.88,67345.05
66206.53,66559.984,65024.27,67228.01
66150.24,66714.66,64619.15,67178.07
65594.78,66778.77,64373.32,67232.57
65254.43,66838.34,64598.78,67497.01
65117.53,66919.4,64326.35,67607.52
64955.63,67022.484,64609.04,67705.35
65093.52,67497.33,64876.82,67860.63
65602.79,67648.83,65330.9,68543.04
66322.35,67865.67,65724.55,69022.484
67452.53,68131.31,66817.96,69648.41
68896.13,68991.78,67725.13,70459.2
69397.17,69266.016,67570.11,71272.7
69770.32,69496.64,67891.33,71511.02
69650.72,69673.06,68085.62,71557.375
69296.06,69044.836,68170.34,71533.09
69226.08,68961.88,67680.98,70808.57
69084.25,68880.34,67448.09,70718.51
68655.79,68787.33,67369.87,70620.37
67922.81,67279.14,67145.36,70481.51
67312.99,66815.61,66763.4,69545.555
66768.47,66297.336,65567.82,69189.57
66438.87,65782.05,65037.39,68731.96
64923.19,63482.4,64718.2,68201.58
64312.38,62839.055,63028.08,66512.625
63573.71,62332.45,61572.79,65520.754
62529.7,61905.523,60714.86,64631.293
61339.51,60386.72,59684.69,63826.906
60491.67,59995.62,58410.51,62486.152
59688.88,59665.277,57673.85,61742.867
58642.25,59392.95,57332.41,61076.508
58075.66,58682.105,56243.76,60576.086
57022.55,57922.727,55640.8,60036.19
56085.12,56944.9,55087.82,59407.49
54998.49,55924.773,53958.26,58506.383
53438.94,54162.64,52934.38,57530.566
52794.94,52861.535,52213.14,56049.047
52190.88,51764.57,51272.48,54945.562
51607.6,50855.81,50086.65,53865.586
50202.94,49488.633,49005.87,52850.824
49373.7,48659.848,47778.64,51468.03
49174.14,47989.508,47340.3,50529.305
48952.26,47532.203,46609.41,49694.426
48397.6,46719.22,46343.78,48947.53
48176.18,46652.42,46164.7,48307.742
47959.27,46617.703,45952.16,47780.98
47669.55,46593.38,45840.27,47387.527
47118.39,46700.055,45315.96,47014.11
47013.13,46732.29,45027.04,46811.14
47256.53,46784.188,44598.63,46599.184
47358.57,46888.168,44551.07,46485.71
47596.09,47180.996,44535.15,46448.09
47551.89,47323.58,45094.5,46608.71
47933.08,47465.707,45115.14,46721.92
48112.15,47721.777,45650.22,46921.023
48473.16,48387.555,45727.98,47182.645
48908.32,48900.867,46072.53,47720.195
49367.15,49539.664,46321.49,48105.797
49826.29,50252.508,46779.89,48559.336
50812.3,51598.344,47440.21,49118.79
51322.47,52593.758,48543.94,50261.85
51975.51,53535.367,49208.86,51210.305
53728.75,54467.29,50083.4,52444.688
56967.61,56522.11,52089.84,54117.0
58545.5,58381.35,54399.38,57000.426
60240.43,60022.74,55849.25,59264.367
62234.1,61487.37,56952.97,61274.16
64383.96,65073.375,58596.66,62930.16
65325.97,66070.19,60473.78,65873.62
66377.72,66875.25,61871.79,67003.89
67158.39,67611.57,62891.25,68008.07
67815.42,68326.234,63504.63,68782.42
67877.62,68766.12,64122.56,69363.234
67801.73,69052.59,64269.57,69720.55
67826.43,69231.85,64304.9,69899.72
68172.69,69201.73,64304.85,69918.54
68338.18,69156.3,64249.04,69703.89
68489.2,69201.23,64396.85,69560.414
68530.45,69277.0,64566.91,69530.45
67820.95,69116.06,65039.12,69630.12
67442.27,68948.21,64767.6,69662.49
67372.43,68735.055,64177.63,69842.15
67488.62,68517.36,64019.41,70051.17
66824.02,68196.375,64017.09,70231.89
66631.13,67822.89,63827.15,70238.65
66714.08,67511.64,63968.65,70298.99
66448.34,67260.1,64053.38,70317.484
66129.49,67090.03,63830.85,70271.69
66003.25,66846.375,64027.18,70013.1
65871.84,66703.45,63928.04,69759.94
65579.15,66634.484,63614.71,69490.34
66282.51,66600.52,63347.67,69261.625
65715.92,66560.36,62931.84,68897.49
65264.41,66543.484,62397.55,68613.45
64922.98,66552.01,61988.89,68356.12
65373.88,66511.01,61639.74,68225.266
65024.27,66552.805,61884.64,67958.06
64619.15,66633.3,61218.91,67797.38
64373.32,66763.16,60892.97,67699.53
64598.78,66939.48,60779.25,67627.3
64326.35,67141.375,61074.74,67468.07
64609.04,67421.89,60239.45,67333.21
64876.82,67695.195,60427.77,67272.67
65330.9,68403.2,60596.26,67300.7
65724.55,68641.23,61198.91,67745.555
66817.96,68900.32,61487.08,68371.8
67725.13,69209.72,62223.82,69047.49
67570.11,69467.91,62761.88,69550.04
67891.33,69472.56,63419.98,69638.69
68085.62,69482.99,62998.99,69647.05
68170.34,69471.33,63003.45,69551.54
67680.98,68662.83,63134.59,69413.26
67448.09,68421.445,62747.96,68685.39
67369.87,68204.08,62221.69,68423.7
67145.36,67981.66,62022.67,68121.46
66763.4,66581.84,61427.37,67783.734
65567.82,66108.59,60733.84,66769.07
65037.39,65593.77,60345.18,66213.99
64718.2,65140.406,59392.96,65545.414
63028.08,63226.43,58839.14,64849.45
61572.79,62735.668,57410.65,63172.492
60714.86,62327.21,56476.98,62293.906
59684.69,61961.332,55559.49,61480.688
58410.51,60632.105,54744.18,60768.76
57673.85,60237.824,54009.36,59615.777
57332.41,59867.89,53424.48,58977.49
56243.76,59582.484,53087.06,58416.44
55640.8,58393.24,52418.23,57934.086
55087.82,57625.42,52152.75,57367.047
53958.26,56686.605,51714.61,56789.594
52934.38,55592.76,50825.55,55892.0
52213.14,53896.613,49959.58,54865.508
51272.48,52748.29,48690.81,53365.91
50086.65,51656.246,47648.44,52192.9
49005.87,50609.613,46729.05,51051.53
47778.64,49178.547,45528.73,49994.418
47340.3,48316.97,44483.64,48640.336
46609.41,47718.312,44073.1,47743.8
46343.78,47220.27,43495.72,46972.164
46164.7,45964.125,43098.13,46327.887
45952.16,45876.656,42650.95,46402.094
45840.27,45856.215,41881.28,46040.582
45315.96,45861.92,41818.43,45607.9
45027.04,45999.758,41708.39,45160.6
44598.63,46055.203,41506.66,44809.105
44551.07,46058.4,40954.79,44530.227
44535.15,46026.42,40824.41,44363.543
45094.5,46192.36,40722.28,44256.9
45115.14,46396.484,40118.51,44261.406
45650.22,46675.004,40278.45,44204.188
45727.98,47055.91,40564.51,44165.78
46072.53,47757.004,40609.34,44125.094
46321.49,48257.15,40991.58,44177.15
46779.89,48775.72,40964.01,44143.234
47440.21,49329.613,40896.74,44129.57
48543.94,50426.035,41459.34,44136.85
49208.86,51199.49,42274.23,44289.574
50083.4,51921.656,42221.6,44359.867
52089.84,52676.594,42739.24,44495.875
54399.38,54494.113,42559.36,44694.023
55849.25,55972.992,43207.09,45162.477
56952.97,57366.03,43627.14,45486.68
58596.66,58575.156,43906.82,45851.4
60473.78,62179.293,44256.53,46269.508
61871.79,63302.777,45334.82,47757.316
62891.25,64192.598,46210.3,48284.746
63504.63,64936.258,47312.93,48926.984
64122.56,65800.46,48087.18,49675.66
64269.57,66250.43,49679.84,50756.43
64304.9,66516.44,50539.4,51592.703
64304.85,66632.67,51414.69,52440.758
64249.04,66664.945,52103.71,53215.844
64396.85,66600.23,53617.07,54074.45
64566.91,66631.93,54067.44,54567.113
65039.12,66710.664,55066.14,54952.12
64767.6,66743.55,55423.55,55249.945
64177.63,66614.164,55374.13,55604.824
64019.41,66406.89,55500.95,55785.438
64017.09,66179.76,55345.02,56003.773
63827.15,66079.766,55281.27,56227.246
63968.65,65831.04,54817.31,56481.65
64053.38,65654.98,55388.0,56628.535
63830.85,65491.918,56231.89,56688.383
64027.18,65440.688,56302.7,56647.44
63928.04,65257.9,56648.77,56529.64
63614.71,65149.203,56364.14,56230.438
63347.67,65067.918,56364.43,55837.184
62931.84,65091.9,56041.8,55419.605
62397.55,65011.707,55592.42,55069.26
61988.89,64960.367,54981.3,54617.51
61639.74,65001.426,54529.99,54221.156
61884.64,65027.617,54284.95,53898.93
61218.91,65026.56,54157.54,53670.594
60892.97,65047.844,53978.97,53416.88
60779.25,65081.703,53503.12,53283.55
61074.74,65163.625,53409.36,53248.676
60239.45,65202.137,54181.37,53447.395
60427.77,65216.703,54295.95,53503.754
60596.26,65229.125,54532.93,53546.977
61198.91,65984.84,54527.63,53585.266
61487.08,65985.52,54919.15,54227.312
62223.82,65947.2,55835.27,54756.81
62761.88,65877.83,56794.23,55570.383
63419.98,65379.24,57719.67,56600.72
62998.99,65143.79,57828.89,58569.016
63003.45,64898.71,58218.45,58954.62
63134.59,64674.324,58710.01,59093.844
62747.96,63575.305,59131.78,59109.336
62221.69,63286.3,58941.51,59004.21
62022.67,63028.496,58586.39,58785.617
61427.37,62791.355,58400.42,58525.41
60733.84,61185.02,57986.19,58219.72
60345.18,60838.363,57253.64,57667.184
59392.96,60526.637,56518.36,57150.008
58839.14,60258.406,56029.99,56554.074
57410.65,58536.203,55533.39,55871.355
56476.98,58203.074,54914.15,54338.453
55559.49,57862.67,53854.58,53432.97
54744.18,57490.24,52877.07,52740.58
54009.36,56082.625,52119.13,52198.133
53424.48,55619.01,51655.29,51473.234
53087.06,55205.34,51211.97,51069.84
52418.23,54855.453,50490.94,50719.934
52152.75,53614.27,49889.09,50446.22
51714.61,52525.77,50170.33,50990.055
50825.55,51452.28,49698.21,50656.47
49959.58,50339.887,48861.63,50098.527
48690.81,48775.633,47943.59,49421.03
47648.44,47843.906,47156.9,48408.25
46729.05,47125.605,46386.49,47489.21
45528.73,46594.383,45827.99,46524.363
44483.64,45756.145,45198.13,45565.336
44073.1,45417.195,44741.25,44439.523
43495.72,45173.64,44043.95,43583.477
43098.13,44979.04,43695.45,42810.438
42650.95,43009.68,43292.75,42158.074
41881.28,42932.406,42646.05,40808.17
41818.43,42851.258,42044.95,40386.133
41708.39,42729.08,41778.32,40110.223
41506.66,42641.72,41483.95,39868.85
40954.79,42490.33,41348.79,39632.65
40824.41,42342.4,41572.01,39448.67
40722.28,42256.87,41615.8,39294.234
40118.51,42394.594,41225.75,39159.85
40278.45,42512.723,40696.38,39030.16
40564.51,42684.605,40484.68,38931.438
40609.34,42851.734,40269.95,38859.945
40991.58,43105.316,40398.89,38807.0
40964.01,43264.723,40677.46,38767.008
40896.74,43386.38,40618.15,38739.402
41459.34,43473.72,40813.62,38711.863
42274.23,43717.508,40771.59,38688.17
42221.6,43871.418,40844.09,38693.61
42739.24,43980.297,40815.02,38670.47
42559.36,44100.445,40642.92,38642.477
43207.09,44378.055,40462.66,38615.0
43627.14,44532.0,39817.73,38667.07
43906.82,44695.08,39976.32,38674.395
44256.53,44866.34,40036.36,38713.54
45334.82,46360.582,40287.29,38793.242
46210.3,47066.742,40649.85,39785.6
47312.93,47837.12,41085.04,40281.4
48087.18,48679.83,41756.02,40900.445
49679.84,49803.348,42584.93,41602.68
50539.4,50739.902,44471.18,42647.258
51414.69,51518.8,45028.11,43433.1
52103.71,52147.38,45452.3,44221.117
53617.07,52838.75,46351.12,44991.63
54067.44,53361.91,47231.34,45982.61
55066.14,53768.094,48018.11,46677.492
55423.55,54233.766,48721.26,47340.582
55374.13,54705.047,49136.72,47961.56
55500.95,55039.043,49247.53,48755.598
55345.02,55356.516,49440.66,49259.344
55281.27,55584.25,49905.59,49785.297
54817.31,55703.832,50590.77,50386.53
55388.0,55773.773,51823.19,51313.047
56231.89,55864.746,52597.96,51922.312
56302.7,55954.613,53022.26,52372.06
56648.77,55857.887,53278.0,52618.56
56364.14,55793.047,54012.19,52780.59
56364.43,55675.82,53885.3,52571.8
56041.8,55541.902,53547.34,52234.336
55592.42,55231.785,53156.8,51860.418
54981.3,54926.18,52676.44,51517.33
54529.99,54589.8,52116.73,51071.914
54284.95,54263.12,51692.22,50683.17
54157.54,53870.31,51362.26,50358.64
53978.97,53574.805,50667.22,50077.62
53503.12,53408.043,50277.21,49867.21
53409.36,53249.887,49970.07,49725.133
54181.37,53367.57,49665.64,49634.848
54295.95,53505.797,49844.29,49543.723
54532.93,53695.074,49553.66,49491.902
54527.63,53899.766,49562.59,49450.926
54919.15,55415.203,50151.86,49492.14
55835.27,55548.707,51414.59,49920.816
56794.23,55822.863,52102.22,50585.0
57719.67,56150.03,52882.47,51411.195
57828.89,57573.52,53572.22,52311.04
58218.45,57549.4,53879.29,54291.78
58710.01,57530.47,53853.86,55070.938
59131.78,57525.047,54325.17,55542.63
58941.51,57371.195,54526.99,55823.582
58586.39,57084.14,54496.97,55944.812
58400.42,56900.727,54462.37,55966.688
57986.19,56733.08,54334.9,55858.188
57253.64,56063.15,54308.31,55692.965
56518.36,55724.766,53966.95,55244.426
56029.99,55423.12,53353.26,54863.285
55533.39,55128.438,53122.09,54353.41
54914.15,54049.062,52552.26,53810.65
53854.58,53587.855,52182.78,52577.312
52877.07,53002.98,51523.34,52074.85
52119.13,52347.76,50628.74,51625.895
51655.29,50973.96,50263.8,51279.2
51211.97,50519.363,49897.0,50747.465
50490.94,50167.64,49509.71,50449.91
49889.09,49788.11,49149.21,50157.453
50170.33,49772.19,49202.79,49920.438
49698.21,49167.758,49904.49,50556.52
48861.63,48526.82,49372.37,50247.35
47943.59,47770.594,48376.52,49695.027
47156.9,46770.45,47863.5,49052.883
46386.49,45961.203,46781.48,48216.64
45827.99,45251.67,45932.38,47469.297
45198.13,44681.59,45012.2,46714.355
44741.25,44077.67,44607.99,45993.35
44043.95,43676.8,43660.75,45154.918
43695.45,43303.14,43079.49,44452.816
43292.75,42998.3,42752.15,43809.277
42646.05,40227.7,42001.34,43235.945
42044.95,40188.766,41090.24,43048.727
41778.32,40141.406,40462.07,42689.656
41483.95,40028.4,40219.82,42499.094
41348.79,39853.12,40152.73,42377.508
41572.01,39721.223,39543.25,42373.13
41615.8,39636.375,39386.47,42369.31
41225.75,39588.598,39334.33,42412.07
40696.38,39558.516,39250.07,42499.8
40484.68,39533.812,39184.24,42709.54
40269.95,39519.105,39395.38,42922.977
40398.89,39502.65,39786.08,43225.344
40677.46,39530.984,39713.98,43633.58
40618.15,39554.473,40260.13,44247.96
40813.62,39573.43,40758.76,44861.594
40771.59,39605.953,41269.16,45573.938
40844.09,39713.86,41693.67,46391.215
40815.02,39764.125,43110.23,47538.516
40642.92,39800.58,43347.97,48772.055
40462.66,39820.836,43787.99,50276.64
39817.73,39961.85,43916.07,52151.844
39976.32,39971.797,45226.24,54956.55
40036.36,39992.758,45887.53,57494.164
40287.29,40019.836,46494.0,59722.92
40649.85,41388.73,47406.75,61480.273
41085.04,41797.92,49017.75,63973.12
41756.02,42271.625,50014.26,65186.85
42584.93,42836.945,51037.01,66219.87
44471.18,43837.453,52098.64,67039.93
45028.11,44796.25,52909.72,67628.02
45452.3,45613.78,53370.43,68061.86
46351.12,46260.684,53878.04,68365.664
47231.34,47201.348,54066.94,68545.625
48018.11,47824.06,54060.55,68642.39
48721.26,48396.48,54361.11,68732.086
49136.72,48917.57,54794.06,68830.47
49247.53,49550.51,55361.9,68965.125
49440.66,49828.07,55454.26,69065.06
49905.59,50095.797,55375.54,69239.6
50590.77,50437.344,55268.12,69448.836
51823.19,51013.87,55604.39,69646.98
52597.96,51528.035,56518.52,69846.31
53022.26,51919.664,57086.43,69922.84
53278.0,52140.336,57648.67,69987.25
54012.19,52219.707,57805.26,70062.84
53885.3,52318.44,57896.23,70088.59
53547.34,52289.01,57707.9,69964.93
53156.8,52170.56,57614.22,69837.25
52676.44,51854.277,57182.92,69757.11
52116.73,51563.32,57042.23,69653.01
51692.22,51289.047,56747.11,69437.94
51362.26,51047.023,56341.04,69257.9
50667.22,50708.96,56148.69,69116.62
50277.21,50325.125,56056.53,69091.08
49970.07,50063.86,55837.67,68915.734
49665.64,49880.74,55624.92,68751.69
49844.29,49810.367,55809.64,68662.64
49553.66,49738.863,55855.79,68765.71
49562.59,49672.184,55446.72,68572.86
50151.86,49685.65,55094.79,68365.26
51414.59,50812.555,55247.23,68296.94
52102.22,51302.26,55545.01,68967.945
52882.47,51820.72,55953.16,69658.39
53572.22,52355.93,57011.75,70354.57
53879.29,53984.836,57994.21,70868.586
53853.86,54189.504,58627.87,71151.29
54325.17,54285.492,58751.75,71271.38
54526.99,54468.754,58799.57,71280.875
54496.97,54791.805,58781.28,71256.08
54462.37,54750.766,58790.23,70733.484
54334.9,54728.914,58646.0,70615.1
54308.31,54690.008,58581.18,70465.836
53966.95,54391.797,58077.8,70312.03
53353.26,54181.59,57133.7,69505.29
53122.09,53887.56,56376.47,69049.875
52552.26,53672.53,55826.48,68445.06
52182.78,52843.426,55185.12,67773.36
51523.34,52375.434,54195.34,66363.93
50628.74,51800.57,53034.62,65476.39
50263.8,51105.21,52322.24,64628.5
49897.0,50220.348,51658.7,63844.6
49509.71,49867.934,51399.75,62646.977
49149.21,49588.46,50663.86,61847.613
49202.79,49374.58,49911.58,61113.52
49904.49,49726.984,49834.54,60478.125
49372.37,49625.453,50050.58,59487.688
48376.52,49272.336,49562.5,58676.387
47863.5,48647.844,48709.35,57602.113
46781.48,47937.598,47687.27,56484.074
45932.38,47113.234,46235.6,55050.32
45012.2,46304.137,44882.59,53943.07
44607.99,45513.703,44102.42,52925.45
43660.75,44783.28,43642.44,52043.363
43079.49,44057.23,41827.01,50936.902
42752.15,43442.297,41119.63,50177.004
42001.34,42963.082,40650.36,49513.344
41090.24,42048.07,39821.91,48955.062
40462.07,41825.277,39025.06,48002.668
40219.82,41771.47,38768.86,47651.664
40152.73,41780.89,38073.58,47369.59
39543.25,41881.96,37990.25,47120.152
39386.47,41968.316,38596.08,46969.094
39334.33,42081.848,38619.68,46858.555
39250.07,42213.27,38535.2,46824.195
39184.24,42416.453,38335.62,46856.848
39395.38,42573.176,38347.72,47043.934
39786.08,42751.965,38237.61,47200.117
39713.98,42969.844,38229.66,47439.676
40260.13,43302.523,38536.42,47740.062
40758.76,43643.266,39492.35,48256.92
41269.16,44083.062,39295.71,48665.94
41693.67,44622.492,39387.66,49151.98
43110.23,45435.74,39520.42,49733.15
43347.97,46319.117,40123.34,50820.74
43787.99,47071.266,39978.46,51799.688
43916.07,47782.023,40147.26,53093.11
45226.24,48797.844,40321.17,54763.79
45887.53,49765.375,40787.04,57434.418
46494.0,50693.54,40625.59,59598.848
47406.75,51577.29,40807.91,61483.37
49017.75,56041.15,41342.34,62997.18
50014.26,57059.54,42510.41,65104.91
51037.01,58091.918,43296.93,65713.84
52098.64,59048.996,43839.28,66621.19
52909.72,60372.996,45005.79,67297.25
53370.43,60986.78,45906.88,67740.79
53878.04,61359.83,46373.48,68041.125
54066.94,61619.9,47362.5,68222.31
54060.55,61995.156,48130.76,68286.38
54361.11,61917.71,48908.68,68191.48
54794.06,61901.984,49485.66,68171.48
55361.9,61969.88,50232.88,68106.74
55454.26,62362.69,51305.53,68069.66
55375.54,62384.45,52513.19,68064.15
55268.12,62356.594,52886.81,68143.11
55604.39,62250.316,53127.32,68316.73
56518.52,62481.96,53573.81,68500.41
57086.43,62388.81,54100.13,68650.06
57648.67,62341.2,54407.73,68710.4
57805.26,62261.156,54211.27,68729.164
57896.23,62543.246,53854.54,68771.29
57707.9,62220.03,53811.7,68805.36
57614.22,61825.74,53554.42,68683.67
57182.92,61371.434,53670.06,68546.125
57042.23,61314.016,53242.54,68467.43
56747.11,60628.418,52965.63,68446.586
56341.04,60024.004,52669.97,68340.11
56148.69,59459.453,52539.2,68224.01
56056.53,59843.14,52415.22,68082.97
55837.67,59411.77,51695.33,68012.414
55624.92,59068.95,50910.76,67864.29
55809.64,58854.86,50740.9,67735.67
55855.79,59453.445,49950.26,67586.586
55446.72,59335.492,49670.15,67513.984
55094.79,59198.11,49278.2,67161.414
55247.23,59021.45,49284.9,66891.99
55545.01,60103.85,49685.89,66775.125
55953.16,60020.117,49774.39,67384.81
57011.75,59957.742,50040.54,67846.71
57994.21,59958.523,50729.67,68405.39
58627.87,61170.21,51309.08,68848.14
58751.75,60953.32,52049.02,69616.71
58799.57,60766.332,52608.11,69667.01
58781.28,60591.562,52493.56,69599.016
58790.23,60166.5,52077.04,69500.08
58646.0,59850.195,52291.6,69033.65
58581.18,59633.6,51666.65,68842.55
58077.8,59456.293,51172.81,68625.31
57133.7,58605.773,50472.45,68381.94
56376.47,58343.785,49766.9,67315.64
55826.48,58120.23,48765.97,66755.266
55185.12,57925.508,48295.94,66083.11
54195.34,57077.36,47797.07,65392.363
53034.62,56761.223,46791.54,64036.71
52322.24,56386.324,46081.54,63268.637
51658.7,56045.4,46007.62,62515.777
51399.75,55213.13,45688.26,61804.65
50663.86,54938.95,45643.17,60657.203
49911.58,54597.43,45588.37,59964.47
49834.54,54185.33,45432.9,59311.805
50050.58,53765.56,45030.04,58728.637
49562.5,52535.086,45090.02,58134.562
48709.35,51390.684,45028.22,57432.91
47687.27,50225.38,44690.81,56478.17
46235.6,48803.336,44275.55,55450.496
44882.59,47509.746,43645.88,53982.566
44102.42,46348.555,43004.2,52858.01
43642.44,45549.61,42326.18,51793.113
41827.01,44891.414,41830.89,50840.164
41119.63,44410.74,41337.23,49569.18
40650.36,44118.324,40826.37,48754.258
39821.91,43953.33,40336.19,48030.28
39025.06,42194.523,39742.75,47396.227
38768.86,42212.43,39074.88,42906.773
38073.58,42264.137,38383.92,42591.086
37990.25,42280.723,37856.74,42310.883
38596.08,42348.844,37574.65,42049.6
38619.68,42518.83,37247.42,41850.78
38535.2,42681.387,37012.17,41637.277
38335.62,42847.938,36747.16,41453.42
38347.72,43107.133,36736.89,41308.676
38237.61,43361.715,36783.95,41243.902
38229.66,43629.9,36643.98,41122.742
38536.42,43876.734,36636.79,41003.94
39492.35,44268.227,36481.64,40877.105
39295.71,44603.1,36384.25,40794.297
39387.66,44817.812,36411.64,40645.61
39520.42,44990.605,36782.67,40493.492
40123.34,45387.305,36876.57,40339.258
39978.46,45615.883,37166.42,40254.79
40147.26,45752.723,36978.69,40106.64
40321.17,45904.758,37075.6,39953.344
40787.04,46364.383,37090.32,39806.215
40625.59,46606.336,37016.75,39693.742
40807.91,46497.086,36891.52,39664.156
41342.34,46592.41,36809.33,39093.438
42510.41,48649.664,37378.42,39085.934
43296.93,49085.227,38047.9,39914.22
43839.28,49471.695,38288.62,40221.973
45005.79,49848.37,38714.0,40610.465
45906.88,51160.395,39485.5,41124.617
46373.48,51892.848,40737.01,41904.164
47362.5,52531.41,41598.77,42599.184
48130.76,53291.277,42229.48,43338.29
48908.68,54969.875,43255.71,44097.895
49485.66,55628.934,44936.81,45081.86
50232.88,56169.016,46133.85,45819.023
51305.53,56633.83,46604.72,46508.67
52513.19,57594.23,47288.15,47135.57
52886.81,57788.484,48033.63,48106.832
53127.32,57837.58,48770.92,48782.664
53573.81,57858.824,49197.05,49620.69
54100.13,58355.324,49641.65,50457.82
54407.73,58389.723,50070.25,51514.145
54211.27,58453.086,50864.69,51890.71
53854.54,58446.625,51117.28,52105.414
53811.7,58672.465,51140.05,52195.734
53554.42,58443.758,51201.71,52425.797
53670.06,58164.633,50740.2,52190.12
53242.54,57885.86,50306.08,51808.863
52965.63,57704.977,49799.26,51362.207
52669.97,57270.836,48317.85,51009.066
52539.2,56846.094,47865.63,50457.043
52415.22,56480.797,47491.49,49958.777
51695.33,56264.492,47291.08,49536.215
50910.76,55829.49,46817.75,49292.664
50740.9,55371.65,46411.68,49002.0
49950.26,55032.164,46166.43,48772.84
49670.15,54904.496,45872.49,48592.504
49278.2,54542.33,45923.08,48584.016
49284.9,54241.79,45839.73,48515.457
49685.89,54093.35,45418.02,48548.016
49774.39,55218.797,45007.66,48713.133
50040.54,55233.43,44822.68,49604.48
50729.67,55320.336,45042.53,50407.074
51309.08,55546.008,45629.34,51241.52
52049.02,58161.55,46447.6,51962.86
52608.11,58380.45,47277.51,53562.543
52493.56,58525.676,47355.37,53912.16
52077.04,58498.45,47834.14,54062.47
52291.6,57900.867,48055.38,54093.363
51666.65,57542.89,48460.07,54052.94
51172.81,57135.402,48278.26,53925.906
50472.45,56730.8,48305.03,53755.766
49766.9,55223.36,48144.71,53571.203
48765.97,54696.812,47887.56,52993.055
48295.94,54093.695,47432.25,52625.5
47797.07,53617.06,47258.04,52201.1
46791.54,52481.6,46859.04,51790.164
46081.54,51784.58,46395.19,50879.39
46007.62,51078.723,45651.2,50503.516
45688.26,50629.16,44925.65,50155.242
45643.17,49613.457,44906.05,49839.105
45588.37,49273.77,44516.15,49358.0
45432.9,49031.477,44507.98,49082.48
45030.04,48792.902,44299.37,48823.164
45090.02,48310.953,43968.03,48616.477
45028.22,47541.926,44451.98,48651.066
44690.81,46977.883,44285.45,48436.277
44275.55,46449.508,43730.24,47985.05
43645.88,45689.867,42986.83,47428.67
43004.2,45147.297,42968.79,46776.906
42326.18,44674.984,42501.2,46164.4
41830.89,44300.906,41616.5,45536.844
41337.23,43877.277,41073.01,44918.184
40826.37,43724.65,39412.22,44262.992
40336.19,43629.71,38800.43,43589.63
39742.75,43565.906,38305.61,42885.32
39074.88,39764.65,37903.65,42188.81
38383.92,40075.547,37512.53,38391.875
37856.74,40145.855,36987.28,38267.64
37574.65,40070.547,36713.51,38259.07
37247.42,39993.652,36423.17,38266.324
37012.17,39909.47,36633.32,38293.8
36747.16,39849.742,36280.2,38275.574
36736.89,39805.695,36244.45,38270.652
36783.95,39816.11,36171.69,38278.605
36643.98,39764.4,36065.86,38339.73
36636.79,39701.133,35896.95,38354.336
36481.64,39647.01,36003.18,38373.26
36384.25,39635.74,36037.75,38383.4
36411.64,39586.812,36787.08,38436.695
36782.67,39549.9,37171.31,38436.25
36876.57,39536.36,37055.51,38418.695
37166.42,39579.395,36871.82,38395.195
36978.69,39568.65,37208.82,38394.17
37075.6,39518.08,36966.71,38334.125
37090.32,39470.92,37003.76,38254.113
37016.75,39474.652,36753.17,38150.96
36891.52,39407.277,36862.53,38067.887
36809.33,39329.723,36859.41,37959.727
37378.42,39262.15,36618.24,37875.445
38047.9,40296.965,37025.32,37847.68
38288.62,40218.9,37772.61,38695.984
38714.0,40340.723,38217.32,38890.812
39485.5,40523.535,38690.44,39214.812
40737.01,41163.32,39420.24,39639.375
41598.77,41718.586,40351.93,40437.27
42229.48,42365.086,40711.8,41028.723
43255.71,43044.83,41205.84,41675.8
44936.81,44325.098,42092.72,42345.227
46133.85,45263.586,43332.02,43390.94
46604.72,46027.21,44077.49,44020.77
47288.15,46519.68,44619.38,44610.92
48033.63,47187.055,45041.1,45200.516
48770.92,47451.406,46020.07,46381.875
49197.05,47723.367,46420.48,47116.5
49641.65,47954.496,47173.57,47818.234
50070.25,48389.562,47617.97,48362.934
50864.69,48553.613,48203.74,49186.53
51117.28,48736.4,48606.36,49381.2
51140.05,48856.516,48946.43,49479.18
51201.71,49085.496,49252.06,49456.414
50740.2,49081.92,49476.44,49610.9
50306.08,49015.953,49205.84,49225.684
49799.26,48922.348,48671.57,48794.723
48317.85,48906.465,48081.66,48367.02
47865.63,48494.844,47822.3,48100.723
47491.49,48173.06,47388.74,47659.137
47291.08,47918.797,46917.4,47305.58
46817.75,47850.895,46517.64,47035.2
46411.68,47597.25,46266.32,46940.79
46166.43,47377.945,45943.67,46798.71
45872.49,47217.645,45763.46,46699.863
45923.08,47354.19,45587.83,46621.98
45839.73,47292.477,46086.42,46695.938
45418.02,47277.81,46073.61,46723.766
45007.66,47175.4,45863.32,46847.387
44822.68,48039.47,45858.23,47083.605
45042.53,47925.21,46634.13,48150.375
45629.34,47993.98,47101.63,49156.68
46447.6,48268.203,47909.8,50183.043
47277.51,50161.375,48622.15,51026.9
47355.37,50653.67,49037.36,52505.99
47834.14,50951.336,49286.12,52888.242
48055.38,51245.266,49444.61,53078.51
48460.07,51581.93,49532.15,53165.586
48278.26,51650.773,49357.43,52967.773
48305.03,51629.688,49220.54,52872.84
48144.71,51615.844,49128.72,52750.875
47887.56,50411.96,48901.35,52622.836
47432.25,50242.73,48891.41,51706.867
47258.04,50056.555,48369.78,51331.285
46859.04,49936.92,47872.44,50967.586
46395.19,48901.867,47524.49,50662.227
45651.2,48737.76,47058.84,49776.625
44925.65,48523.55,46597.86,49502.242
44906.05,48296.96,46182.38,49247.03
44516.15,47685.844,45766.63,49039.938
44507.98,47535.773,46368.09,48457.605
44299.37,47467.312,46243.92,48263.223
43968.03,47376.6,46133.91,48075.883
44451.98,47264.062,45964.6,47916.88
44285.45,46997.656,46775.82,48077.266
43730.24,46654.29,46343.05,47831.594
42986.83,46120.734,45814.85,47376.363
42968.79,45391.21,45038.03,46842.293
42501.2,44850.61,43931.58,46192.25
41616.5,44271.297,43048.16,45619.625
41073.01,43569.688,42179.27,45037.25
39412.22,42975.734,41490.55,44466.586
38800.43,42119.555,40534.41,43877.266
38305.61,41439.707,39934.43,43298.566
37903.65,40898.414,39764.87,42721.97
37512.53,37904.215,39318.03,42169.33
36987.28,37994.67,39047.39,39757.6
36713.51,37990.61,38575.15,39377.33
36423.17,37914.77,38289.57,39155.875
36633.32,37773.348,37989.4,38977.14
36280.2,37650.21,37953.27,38904.883
36244.45,37535.652,37843.88,38842.695
36171.69,37450.457,37696.94,38827.676
36065.86,37392.98,37668.64,38848.055
35896.95,37337.746,37714.58,38968.625
36003.18,37291.266,37720.86,39086.047
36037.75,37253.258,37755.18,39242.316
36787.08,37233.07,38004.37,39415.402
37171.31,37228.734,38342.55,39643.844
37055.51,37222.055,38543.99,39812.055
36871.82,37201.496,38945.71,39983.754
37208.82,37178.957,39149.07,40166.35
36966.71,37155.47,39521.94,40389.89
37003.76,37112.047,39900.39,40611.85
36753.17,37067.414,39990.96,40886.812
36862.53,37017.812,40363.41,41196.043
36859.41,36960.086,41486.41,41762.28
36618.24,36902.617,41865.07,42192.527
37025.32,36840.613,42663.37,42672.312
37772.61,37464.09,43577.93,43209.176
38217.32,37359.24,45186.96,44850.473
38690.44,37413.52,45937.24,45406.22
39420.24,37569.07,47024.59,46065.68
40351.93,38092.57,48146.35,46808.0
40711.8,38565.72,49269.56,48029.9
41205.84,39017.02,49672.07,48786.977
42092.72,39487.82,50302.48,49486.008
43332.02,40550.902,50901.1,50121.594
44077.49,41379.914,51723.11,51076.273
44619.38,42093.54,52444.9,51561.137
45041.1,42713.844,52995.89,52006.74
46020.07,43801.688,53182.6,52405.78
46420.48,44467.637,53730.2,53138.94
47173.57,44970.39,54025.52,53491.93
47617.97,45396.105,54119.62,53861.004
48203.74,46152.0,54126.6,54190.258
48606.36,46384.23,54247.5,54840.766
48946.43,46572.57,54518.38,55012.918
49252.06,46720.01,55038.98,55098.39
49476.44,47270.438,55231.94,55129.438
49205.84,47344.785,55417.82,55434.67
48671.57,47363.89,55362.06,55261.11
48081.66,47317.652,55163.0,55054.957
47822.3,47625.527,55149.52,54873.176
47388.74,47511.434,55427.78,54881.46
46917.4,47382.523,54789.6,54603.875
46517.64,47228.215,54397.17,54362.836
46266.32,47462.125,54053.51,54148.316
45943.67,47317.85,54159.03,54232.25
45763.46,47201.73,53868.5,54032.77
45587.83,47133.285,53869.82,53893.734
46086.42,47566.664,53650.72,53776.863
46073.61,47746.633,53814.42,54164.547
45863.32,47905.97,53540.5,54071.125
45858.23,47985.863,53707.42,54039.914
46634.13,49116.496,53948.06,54095.676
47101.63,49506.49,54044.03,55256.49
47909.8,49926.51,54519.48,55973.73
48622.15,50406.49,55463.53,56796.965
49037.36,52123.547,56495.06,57548.223
49286.12,52388.902,57041.41,59368.06
49444.61,52559.703,57272.78,59733.98
49532.15,52667.395,57399.95,59888.996
49357.43,52688.438,57634.94,59948.152
49220.54,52602.457,57287.88,59804.355
49128.72,52518.426,56922.64,59603.18
48901.35,52452.86,56560.57,59343.56
48891.41,51232.734,56276.1,59054.58
48369.78,51129.098,56140.72,57936.86
47872.44,51021.695,55209.25,57296.023
47524.49,50922.883,54912.13,56612.17
47058.84,49791.125,54484.12,55977.445
46597.86,49678.875,53268.39,54595.914
46182.38,49572.535,52341.06,53998.684
45766.63,49470.348,51342.19,53472.84
46368.09,48589.11,50361.15,53031.17
46243.92,48650.773,50133.12,52160.324
46133.91,48659.242,49769.32,51781.348
45964.6,48652.2,49267.05,51456.133
46775.82,48459.348,48835.02,51193.875
46343.05,48302.164,49073.06,50652.695
45814.85,47899.58,48469.17,50314.664
45038.03,47405.51,47711.7,49874.727
43931.58,46611.188,46893.61,49416.1
43048.16,45849.758,46311.15,48593.797
42179.27,45053.2,45746.09,48029.965
41490.55,44244.95,44803.48,47457.86
40534.41,43487.08,44204.01,46911.938
39934.43,42753.473,43312.45,46111.98
39764.87,42159.73,42692.25,45591.625
39318.03,41735.66,42029.15,45117.875
39047.39,39850.465,41814.44,44686.895
38575.15,39460.855,41198.17,43820.824
38289.57,39182.406,40857.28,43342.79
37989.4,38992.625,40641.19,42803.574
37953.27,38803.56,40557.54,42357.42
37843.88,38750.53,40463.16,42046.52
37696.94,38762.273,40412.87,41842.9
37668.64,38826.04,40375.44,41714.355
37714.58,38880.47,40118.33,41631.07
37720.86,39002.973,40089.52,41558.688
37755.18,39122.367,40121.94,41526.637
38004.37,39243.234,40260.62,41509.152
38342.55,39377.707,40333.98,41506.656
38543.99,39620.55,40725.35,41500.88
38945.71,39904.75,40881.18,41529.652
39149.07,40282.414,40936.67,41574.6
39521.94,40805.47,40988.05,41629.008
39900.39,41276.742,41207.68,41695.562
39990.96,41736.703,41095.14,41781.36
40363.41,42108.098,40996.36,41873.445
41486.41,42807.812,41057.66,41989.188
41865.07,43436.504,41120.94,42203.34
42663.37,43959.008,41347.45,42420.973
43577.93,44519.312,41339.33,42675.043
45186.96,46934.66,41682.62,42960.434
45937.24,47654.984,42831.93,43875.707
47024.59,48274.184,43342.2,44345.406
48146.35,48858.184,43901.47,44936.426
49269.56,49965.98,44929.77,45632.426
49672.07,50497.254,46110.71,46920.066
50302.48,50966.387,46630.66,47824.664
50901.1,51417.953,47198.14,48743.863
51723.11,52416.227,47918.93,49557.637
52444.9,52904.56,49208.98,50843.684
52995.89,53422.52,50020.16,51341.566
53182.6,53964.062,50660.34,51728.844
53730.2,55068.516,50961.82,52027.656
54025.52,55579.19,50403.13,52865.285
54119.62,56072.387,50489.33,53055.05
54126.6,56483.86,50811.43,53281.348
54247.5,57318.453,51023.19,53514.137
54518.38,57491.027,51025.93,54188.5
55038.98,57599.855,51364.71,54263.543
55231.94,57690.18,51719.36,54266.605
55417.82,58028.02,51750.85,54175.58
55362.06,57959.36,51642.3,54290.125
55163.0,57883.336,51526.45,53852.113
55149.52,57792.703,51402.48,53381.3
55427.78,57832.56,50974.4,52920.82
54789.6,57720.277,50834.35,52770.555
54397.17,57570.336,50460.49,52225.023
54053.51,57416.33,50087.41,51739.555
54159.03,57431.227,49899.66,51358.23
53868.5,57266.266,49424.18,51346.46
53869.82,57145.45,48936.79,51059.13
53650.72,57064.305,48784.94,50893.93
53814.42,57287.18,48958.45,50800.49
53540.5,57196.363,49710.91,51064.973
53707.42,57126.02,49686.99,51044.49
53948.06,57099.113,49836.5,51024.434
54044.03,57675.227,50197.9,51027.098
54519.48,57643.355,51081.69,51675.094
55463.53,57671.46,51847.79,52103.785
56495.06,57759.633,52902.97,52702.35
57041.41,58638.234,53989.46,53363.96
57272.78,58692.27,55220.96,54788.61
57399.95,58726.445,55536.68,55233.14
57634.94,58740.82,55865.73,55395.477
57287.88,59140.56,55985.94,55405.258
56922.64,59077.004,56044.04,55387.094
56560.57,59008.2,55794.09,55181.18
56276.1,58931.617,55661.2,54937.63
56140.72,58338.688,55282.58,54681.52
55209.25,58184.867,55067.4,54076.85
54912.13,57973.64,54285.34,53592.71
54484.12,57786.36,53913.91,53042.13
53268.39,56387.062,53283.02,52493.984
52341.06,55978.527,52544.44,51306.42
51342.19,55576.68,51588.6,50681.523
50361.15,55187.684,50757.45,50139.547
50133.12,53672.176,50083.72,49693.57
49769.32,53292.68,49692.84,48872.383
49267.05,52972.375,49299.05,48521.066
48835.02,52675.797,48859.7,48223.973
49073.06,51620.094,48483.17,47967.32
48469.17,51473.08,48739.93,47572.32
47711.7,51126.387,48352.65,47267.88
46893.61,50704.99,47718.32,46862.26
46311.15,49800.008,46862.41,46417.668
45746.09,49269.883,45613.64,45836.062
44803.48,48763.21,44946.6,45287.05
44204.01,48186.61,44327.02,44682.777
43312.45,47210.535,43679.44,44065.3
42692.25,46540.305,42966.35,43358.97
42029.15,45866.152,42367.59,42754.8
41814.44,45185.18,41883.76,42186.625
41198.17,43580.71,41323.17,41669.152
40857.28,43427.555,40490.68,39882.04
40641.19,43158.04,40098.85,39504.52
40557.54,42773.516,40092.35,39241.92
40463.16,42438.06,40126.02,38986.69
40412.87,42147.938,40039.16,38737.457
40375.44,41945.164,40197.36,38544.453
40118.33,41818.05,40107.23,38408.152
40089.52,41721.598,39955.3,38320.836
40121.94,41644.758,39704.18,38231.7
40260.62,41580.68,39544.84,38170.14
40333.98,41544.44,39535.87,38104.383
40725.35,41558.42,39205.18,38032.21
40881.18,41638.5,39181.75,37933.156
40936.67,41734.523,39315.67,37852.965
40988.05,41823.28,39500.73,37767.766
41207.68,41981.754,39300.77,37680.625
41095.14,42150.78,39395.92,37558.953
40996.36,42276.633,39226.99,37478.504
41057.66,42380.16,38963.56,37408.652
41120.94,42614.105,38774.09,37357.05
41347.45,42800.824,38259.45,37315.63
41339.33,43035.64,38168.65,37338.57
41682.62,43231.316,38333.76,37412.39
42831.93,44129.203,38326.75,37524.668
43342.2,45058.27,38634.59,37861.992
43901.47,46024.523,38838.68,38225.953
44929.77,46905.28,39316.78,38679.203
46110.71,48237.21,39833.95,39211.43
46630.66,49288.344,40893.06,40064.02
47198.14,50202.32,41504.95,40757.32
47918.93,50995.367,41982.59,41484.88
49208.98,51896.254,42653.5,42203.402
50020.16,52485.79,43720.45,43209.883
50660.34,52923.715,44557.55,43817.64
50961.82,53192.15,45222.76,44264.36
50403.13,53509.977,45558.7,44209.14
50489.33,53594.453,45443.19,45143.73
50811.43,53620.062,45874.4,45675.566
51023.19,53592.82,46163.09,46352.297
51025.93,53758.0,46647.25,47122.273
51364.71,53548.348,47075.67,48291.715
51719.36,53329.7,47978.08,48525.688
51750.85,53095.062,48817.41,48459.676
51642.3,53090.047,49169.65,48169.047
51526.45,52741.504,49765.27,48126.84
51402.48,52453.145,49658.31,47476.227
50974.4,52219.387,49329.34,46871.055
50834.35,52228.074,48642.2,46325.785
50460.49,51935.98,48207.27,46116.113
50087.41,51689.426,47567.73,45593.453
49899.66,51498.883,47447.83,45167.656
49424.18,51615.773,46942.54,44834.4
48936.79,51363.29,46633.05,44752.484
48784.94,51195.28,46401.26,44560.164
48958.45,51078.344,46195.93,44437.258
49710.91,51394.285,46016.87,44378.72
49686.99,51333.465,46634.49,44532.12
49836.5,51366.49,46541.91,44650.598
50197.9,51455.367,46662.28,44791.465
51081.69,52186.527,46844.31,44962.098
51847.79,52297.523,47934.65,45634.273
52902.97,52518.445,48697.1,46256.734
53989.46,52826.176,49650.16,47044.03
55220.96,53977.414,50695.56,47946.645
55536.68,54409.707,51904.0,49991.96
55865.73,54775.887,52349.78,51020.355
55985.94,55080.734,52426.12,51661.59
56044.04,55811.375,52648.82,52026.965
55794.09,55879.133,53096.34,52308.44
55661.2,55901.277,52981.91,52292.24
55282.58,55916.883,53045.38,52152.867
55067.4,55726.133,52707.03,51983.688
54285.34,55568.176,52605.84,51288.93
53913.91,55355.547,52161.16,50964.793
53283.02,55183.484,51854.46,50645.43
52544.44,54263.117,51149.25,50351.836
51588.6,53950.06,50926.2,49452.72
50757.45,53686.04,50040.41,50015.414
50083.72,53458.28,49330.5,49575.793
49692.84,52322.758,48925.32,49185.76
49299.05,52002.055,48402.12,48469.734
48859.7,51718.53,48262.68,48156.25
48483.17,51422.63,48231.93,47833.605
48739.93,50196.227,48552.59,47310.688
48352.65,50031.38,48836.88,47025.977
47718.32,49593.06,48225.64,46810.535
46862.41,49037.63,47524.35,46498.97
45613.64,48059.562,47211.26,46180.715
44946.6,47278.277,46296.56,45710.555
44327.02,46592.332,45411.16,45297.934
43679.44,46004.465,44909.83,44876.77
42966.35,45193.504,43967.5,44449.484
42367.59,44609.74,43331.98,43924.184
41883.76,44031.72,43487.44,43447.723
41323.17,43500.293,42871.9,42957.25
40490.68,40667.89,42413.72,42476.59
40098.85,40266.656,41684.33,40401.617
40092.35,39848.43,41278.32,39980.17
40126.02,39582.418,40963.07,39808.18
40039.16,39337.164,40626.37,39683.273
40197.36,39167.684,40373.15,39504.39
40107.23,39050.492,40063.59,39453.24
39955.3,38876.207,39808.5,39449.723
39704.18,38574.508,39859.5,39488.84
39544.84,38308.168,40212.26,39482.234
39535.87,38063.438,40318.42,39570.07
39205.18,37906.004,40275.35,39704.99
39181.75,37723.28,39971.13,39916.918
39315.67,37692.438,40629.16,40151.375
39500.73,37720.062,41065.13,40493.363
39300.77,37790.574,41320.28,40854.277
39395.92,37759.1,41440.39,41223.13
39226.99,37840.418,42375.37,41588.293
38963.56,37874.824,42749.95,42028.77
38774.09,37857.28,43018.66,42536.902
38259.45,37778.85,43234.87,43166.613
38168.65,37695.39,43894.42,44045.973
38333.76,37635.4,44596.65,45040.695
38326.75,37624.88,45464.96,46178.715
38634.59,37664.98,46438.86,47373.742
38838.68,37929.703,47795.47,47970.1
39316.78,38270.875,48202.83,48927.82
39833.95,38742.88,49311.39,49984.105
40893.06,39597.734,50002.28,50998.7
41504.95,40532.29,50994.44,52086.21
41982.59,41391.652,51174.89,52740.04
42653.5,42133.297,52028.39,53257.707
43720.45,43345.39,52625.07,53664.836
44557.55,44265.547,53198.0,54166.227
45222.76,45228.824,53840.99,54502.74
45558.7,46179.5,54314.11,54916.676
45443.19,47507.19,54482.36,55381.72
45874.4,47851.055,53647.97,56025.36
46163.09,48155.29,53341.87,56407.414
46647.25,48374.38,53536.53,56738.85
47075.67,49144.254,53373.73,57015.223
47978.08,49311.996,53166.16,57402.555
48817.41,49567.28,53509.58,57474.39
49169.65,49818.3,53799.89,57488.598
49765.27,50380.434,54040.52,57466.164
49658.31,50484.387,54199.29,57627.73
49329.34,50595.582,54277.26,57420.305
48642.2,50649.832,54002.93,57221.1
48207.27,50896.312,54077.67,57044.445
47567.73,50737.46,53388.99,57242.848
47447.83,50562.277,52681.32,57017.855
46942.54,50418.496,52248.34,56793.47
46633.05,50508.297,52291.84,56587.84
46401.26,50227.848,52711.1,56843.004
46195.93,50047.98,52495.28,56530.164
46016.87,49913.895,52220.94,56186.406
46634.49,50225.664,52298.16,55822.97
46541.91,50287.273,52820.61,56042.0
46662.28,50401.953,52612.39,55621.9
46844.31,50555.324,52653.63,55189.043
47934.65,51415.566,52790.47,54879.773
48697.1,51622.875,53410.58,55452.426
49650.16,51862.27,53870.67,55794.312
50695.56,52130.055,54648.57,56373.387
51904.0,53170.766,55897.18,56987.938
52349.78,53336.902,57720.63,58084.617
52426.12,53503.414,58340.33,58467.766
52648.82,53609.25,58514.81,58644.453
53096.34,53867.652,58512.89,58719.688
52981.91,53745.21,58888.11,58774.668
53045.38,53622.473,58674.88,58715.67
52707.03,53538.316,58449.51,58630.727
52605.84,52843.668,58244.14,58533.414
52161.16,52543.734,57671.7,57998.54
51854.46,52344.418,56982.32,57737.32
51149.25,52189.723,56746.04,57434.93
50926.2,51101.0,56307.12,57102.008
50040.41,50832.766,55191.51,56112.605
49330.5,50666.555,54233.36,55546.586
48925.32,50556.53,53473.14,54984.92
48402.12,49511.56,52937.33,54452.793
48262.68,49327.875,52377.87,53604.77
48231.93,49183.887,52039.83,53051.17
48552.59,49089.402,51803.86,52541.28
48836.88,48583.438,51524.9,52097.543
48225.64,48206.56,51596.25,51787.406
47524.35,47739.656,50922.87,51367.64
47211.26,47332.47,50169.18,50807.4
46296.56,46643.44,49606.21,50216.656
45411.16,46289.125,48913.1,49424.855
44909.83,46012.7,47648.84,48762.02
43967.5,45817.684,46750.3,48129.598
43331.98,45297.324,46214.91,47551.695
43331.98,45302.43,46214.91,47557.3
43331.98,45307.832,46214.91,47563.445
43331.98,45313.348,46214.91,47569.918
43331.98,45319.535,46214.91,47577.312
43331.98,45325.984,46214.91,47586.35
43331.98,45332.49,46214.91,47595.99
43331.98,45339.004,46214.91,47605.906
43331.98,45345.504,46214.91,47615.89
43331.98,45351.94,46214.91,47626.55
43331.98,45358.32,46214.91,47637.348
43331.98,45364.633,46214.91,47648.14
43331.98,45370.84,46214.91,47658.92
43331.98,45376.902,46214.91,47669.664
43331.98,45382.883,46214.91,47680.023
43331.98,45388.76,46214.91,47689.746
43331.98,45394.48,46214.91,47699.28
43331.98,45400.004,46214.91,47707.902
43331.98,45405.406,46214.91,47715.547
43331.98,45410.715,46214.91,47721.863
43331.98,45415.895,46214.91,47726.43
43331.98,45421.26,46214.91,47730.99
43331.98,45426.41,46214.91,47734.37
43331.98,45431.555,46214.91,47737.64
43331.98,45436.03,46214.91,47738.06
43331.98,45442.293,46214.91,47744.547
43331.98,45450.098,46214.91,47753.82
43331.98,45459.426,46214.91,47766.58
43331.98,45470.465,46214.91,47784.562
43331.98,45471.797,46214.91,47783.234
43331.98,45472.016,46214.91,47780.445
43331.98,45470.906,46214.91,47776.125
43331.98,45468.3,46214.91,47770.227
43331.98,45464.45,46214.91,47763.17
43331.98,45459.855,46214.91,47755.492
43331.98,45454.508,46214.91,47747.176
43331.98,45448.67,46214.91,47738.527
43331.98,45442.605,46214.91,47729.617
43331.98,45435.754,46214.91,47720.105
43331.98,45427.89,46214.91,47709.973
43331.98,45419.2,46214.91,47699.51
43331.98,45410.2,46214.91,47688.46
43331.98,45400.8,46214.91,47676.766
43331.98,45390.51,46214.91,47663.85
43331.98,45378.594,46214.91,47648.875
43331.98,45365.355,46214.91,47631.58
43331.98,45351.484,46214.91,47614.758
43331.98,45338.004,46214.91,47603.426
43331.98,45325.31,46214.91,47594.98
43331.98,45312.586,46214.91,47584.043
43331.98,45300.094,46214.91,47573.027
43331.98,45288.15,46214.91,47562.527
43331.98,45276.637,46214.91,47550.902
43331.98,45264.79,46214.91,47537.324
43331.98,45253.21,46214.91,47523.723
43331.98,45241.984,46214.91,47510.324
43331.98,45231.06,46214.91,47497.207
43331.98,45219.832,46214.91,47483.848
43331.98,45208.863,46214.91,47470.85
43331.98,45198.074,46214.91,47458.184
43331.98,45187.082,46214.91,47445.5
43331.98,45175.47,46214.91,47432.504
43331.98,45164.402,46214.91,47420.023
43331.98,45153.76,46214.91,47407.92
43331.98,45142.652,46214.91,47395.402
43331.98,45130.125,46214.91,47381.395
43331.98,45116.07,46214.91,47365.277
43331.98,45099.78,46214.91,47347.055
43331.98,45082.24,46214.91,47329.617
43331.98,45063.246,46214.91,47312.51
43331.98,45044.28,46214.91,47296.26
43331.98,45025.395,46214.91,47280.887
43331.98,45006.727,46214.91,47266.043
43331.98,44987.426,46214.91,47249.586
43331.98,44968.543,46214.91,47233.395
43331.98,44950.17,46214.91,47218.105
43331.98,44932.656,46214.91,47201.7
43331.98,44915.695,46214.91,47184.22
43331.98,44899.816,46214.91,47167.773
43331.98,44884.746,46214.91,47152.367
43331.98,44870.633,46214.91,47138.44
43331.98,44858.23,46214.91,47126.9
43331.98,44848.043,46214.91,47118.207
43331.98,44839.324,46214.91,47111.457
43331.98,44831.973,46214.91,47106.22
43331.98,44824.953,46214.91,47101.043
43331.98,44818.473,46214.91,47096.062
43331.98,44811.86,46214.91,47090.41
43331.98,44803.86,46214.91,47082.523
43331.98,44804.977,46214.91,47079.812
43331.98,44806.79,46214.91,47078.094
43331.98,44809.664,46214.91,47078.438
43331.98,44813.53,46214.91,47081.61
43331.98,44817.0,46214.91,47086.758
43331.98,44820.688,46214.91,47091.477
43331.98,44824.977,46214.91,47096.363
43331.98,44829.656,46214.91,47101.668
43331.98,44836.473,46214.91,47109.35
43331.98,44844.117,46214.91,47118.125
43331.98,44852.242,46214.91,47127.62
43331.98,44861.16,46214.91,47138.36
43331.98,44870.72,46214.91,47150.31
43331.98,44880.355,46214.91,47162.54
43331.98,44890.344,46214.91,47175.64
43331.98,44900.305,46214.91,47188.74
43331.98,44909.78,46214.91,47200.926
43331.98,44919.15,46214.91,47212.984
43331.98,44928.465,46214.91,47225.062
43331.98,44937.8,46214.91,47237.3
43331.98,44946.996,46214.91,47249.406
43331.98,44956.145,46214.91,47261.543
43331.98,44965.2,46214.91,47273.574
43331.98,44974.08,46214.91,47285.16
43331.98,44982.312,46214.91,47295.57
43331.98,44990.598,46214.91,47306.15
43331.98,44998.77,46214.91,47316.55
43331.98,45006.87,46214.91,47326.766
43331.98,45014.516,46214.91,47336.297
43331.98,45022.203,46214.91,47345.926
43331.98,45029.79,46214.91,47355.348
43331.98,45037.32,46214.91,47364.566
43331.98,45044.46,46214.91,47373.3
43331.98,45051.75,46214.91,47382.152
43331.98,45059.023,46214.91,47390.83
43331.98,45066.38,46214.91,47399.16
43331.98,45072.18,46214.91,47405.87
43331.98,45077.348,46214.91,47411.676
43331.98,45082.043,46214.91,47416.855
43331.98,45085.707,46214.91,47420.492
43331.98,45088.527,46214.91,47422.832
43331.98,45090.824,46214.91,47424.426
43331.98,45092.023,46214.91,47424.37
43331.98,45092.246,46214.91,47423.004
43331.98,45091.406,46214.91,47420.254
43331.98,45089.66,46214.91,47416.42
43331.98,45086.688,46214.91,47411.18
43331.98,45081.85,46214.91,47403.89
43331.98,45074.746,46214.91,47394.117
43331.98,45066.84,46214.91,47383.535
43331.98,45058.285,46214.91,47372.27
43331.98,45048.61,46214.91,47359.88
43331.98,45037.746,46214.91,47346.293
43331.98,45026.242,46214.91,47332.223
43331.98,45015.004,46214.91,47318.402
43331.98,45004.24,46214.91,47305.062
43331.98,44993.46,46214.91,47291.676
43331.98,44983.035,46214.91,47278.64
43331.98,44972.426,46214.91,47265.52
43331.98,44962.55,46214.91,47253.242
43331.98,44953.63,46214.91,47241.926
43331.98,44944.83,46214.91,47230.727
43331.98,44936.023,46214.91,47219.535
43331.98,44927.324,46214.91,47208.527
43331.98,44920.4,46214.91,47199.34
43331.98,44914.816,46214.91,47191.75
43331.98,44909.527,46214.91,47184.426
43331.98,44905.484,46214.91,47178.72
43331.98,44902.15,46214.91,47173.742
43331.98,44899.258,46214.91,47169.457
43331.98,44896.22,46214.91,47165.086
43331.98,44892.344,46214.91,47159.72
43331.98,44888.49,46214.91,47154.293
43331.98,44884.008,46214.91,47148.2
43331.98,44878.027,46214.91,47140.387
43331.98,44870.574,46214.91,47130.98
43331.98,44861.7,46214.91,47119.785
43331.98,44851.35,46214.91,47106.934
43331.98,44841.02,46214.91,47094.125
43331.98,44831.36,46214.91,47082.13
43331.98,44821.363,46214.91,47069.59
43331.98,44812.656,46214.91,47058.49
43331.98,44804.97,46214.91,47048.5
43331.98,44798.797,46214.91,47040.2
43331.98,44794.402,46214.91,47033.93
43331.98,44791.938,46214.91,47030.016
43331.98,44790.47,46214.91,47027.246
43331.98,44790.098,46214.91,47025.734
43331.98,44791.254,46214.91,47026.406
43331.98,44793.2,46214.91,47028.152
43331.98,44795.32,46214.91,47030.05
43331.98,44797.86,46214.91,47032.383
43331.98,44800.44,46214.91,47034.895
43331.98,44802.996,46214.91,47037.324
43331.98,44805.477,46214.91,47039.434
43331.98,44807.46,46214.91,47040.152
43331.98,44811.984,46214.91,47044.836
43331.98,44816.598,46214.91,47050.0
43331.98,44821.258,46214.91,47055.55
43331.98,44826.168,46214.91,47061.477
43331.98,44831.64,46214.91,47067.836
43331.98,44837.94,46214.91,47074.926
43331.98,44845.184,46214.91,47083.082
43331.98,44853.08,46214.91,47092.082
43331.98,44861.67,46214.91,47101.99
43331.98,44871.08,46214.91,47112.93
43331.98,44881.266,46214.91,47124.85
43331.98,44892.934,46214.91,47138.406
43331.98,44901.58,46214.91,47150.465
43331.98,44910.973,46214.91,47163.88
43331.98,44920.855,46214.91,47178.25
43331.98,44930.984,46214.91,47193.098
43331.98,44941.6,46214.91,47208.594
43331.98,44952.625,46214.91,47224.49
43331.98,44964.08,46214.91,47240.77
43331.98,44975.56,46214.91,47256.863
43331.98,44986.93,46214.91,47272.707
43331.98,44998.164,46214.91,47288.527
43331.98,45009.055,46214.91,47304.082
43331.98,45019.754,46214.91,47319.625
43331.98,45030.3,46214.91,47335.086
43331.98,45040.56,46214.91,47350.176
43331.98,45050.395,46214.91,47364.42
43331.98,45060.305,46214.91,47378.26
43331.98,45070.3,46214.91,47391.4
43331.98,45080.582,46214.91,47404.24
43331.98,45090.46,46214.91,47416.41
43331.98,45099.688,46214.91,47428.406
43331.98,45108.46,46214.91,47440.67
43331.98,45116.92,46214.91,47453.004
43331.98,45124.883,46214.91,47465.242
43331.98,45131.7,46214.91,47476.383
43331.98,45139.0,46214.91,47488.016
43331.98,45145.938,46214.91,47499.387
43331.98,45152.48,46214.91,47510.402
43331.98,45158.457,46214.91,47520.656
43331.98,45163.34,46214.91,47529.367
43331.98,45167.434,46214.91,47536.805
43331.98,45170.98,46214.91,47543.26
43331.98,45173.258,46214.91,47547.96
43331.98,45173.3,46214.91,47549.69
43331.98,45171.887,46214.91,47549.234
43331.98,45169.918,46214.91,47547.887
43331.98,45167.1,46214.91,47545.21
43331.98,45163.26,46214.91,47540.996
43331.98,45158.36,46214.91,47535.203
43331.98,45152.816,46214.91,47528.457
43331.98,45146.547,46214.91,47520.684
43331.98,45139.523,46214.91,47511.863
43331.98,45131.047,46214.91,47501.07
43331.98,45122.043,46214.91,47489.555
43331.98,45112.92,46214.91,47477.914
43331.98,45103.566,46214.91,47466.008
43331.98,45095.055,46214.91,47455.152
43331.98,45087.33,46214.91,47445.316
43331.98,45080.504,46214.91,47436.67
43331.98,45076.066,46214.91,47431.574
43331.98,45072.34,46214.91,47427.516
43331.98,45069.184,46214.91,47424.22
43331.98,45066.28,46214.91,47421.35
43331.98,45063.94,46214.91,47419.59
43331.98,45062.086,46214.91,47418.68
43331.98,45060.434,46214.91,47418.293
43331.98,45059.02,46214.91,47418.46
43331.98,45057.457,46214.91,47418.484
43331.98,45055.953,46214.91,47418.598
43331.98,45055.07,46214.91,47419.547
43331.98,45054.773,46214.91,47421.387
43331.98,45054.945,46214.91,47423.777
43331.98,45054.78,46214.91,47425.656
43331.98,45053.7,46214.91,47426.168
43331.98,45051.285,46214.91,47424.81
43331.98,45047.598,46214.91,47421.52
43331.98,45043.695,46214.91,47417.977
43331.98,45038.938,46214.91,47413.24
43331.98,45033.617,46214.91,47407.92
43331.98,45027.508,46214.91,47401.594
43331.98,45021.55,46214.91,47395.67
43331.98,45015.402,46214.91,47389.656
43331.98,45009.344,46214.91,47384.027
43331.98,45003.656,46214.91,47378.94
43331.98,44998.535,46214.91,47374.67
43331.98,44993.36,46214.91,47370.31
43331.98,44988.344,46214.91,47366.133
43331.98,44983.52,46214.91,47362.04
43331.98,44979.008,46214.91,47358.26
43331.98,44974.543,46214.91,47354.223
43331.98,44968.29,46214.91,47347.547
43331.98,44962.137,46214.91,47339.55
43331.98,44956.6,46214.91,47331.066
43331.98,44953.7,46214.91,47324.78
43331.98,44948.406,46214.91,47316.47
43331.98,44900.75,46214.91,47292.824
43331.98,44788.926,46214.91,47192.766
43331.98,44781.445,46214.91,47184.027
43331.98,44778.3,46214.91,47184.996
43331.98,44777.016,46214.91,47189.14
43331.98,44778.01,46214.91,47196.08
43331.98,44781.99,46214.91,47206.062
43331.98,44787.87,46214.91,47217.75
43331.98,44796.6,46214.91,47232.934
43331.98,44806.26,46214.91,47249.39
43331.98,44816.84,46214.91,47266.875
43331.98,44827.668,46214.91,47285.29
43331.98,44838.848,46214.91,47305.176
43331.98,44852.004,46214.91,47326.773
43331.98,44867.906,46214.91,47350.188
43331.98,44888.004,46214.91,47376.375
43331.98,44913.742,46214.91,47405.426
43331.98,44940.477,46214.91,47433.645
43331.98,44962.812,46214.91,47456.023
43331.98,44977.113,46214.91,47471.914
43331.98,44985.133,46214.91,47484.574
43331.98,44990.36,46214.91,47496.188
43331.98,44994.336,46214.91,47507.31
43331.98,44997.527,46214.91,47518.29
43331.98,45000.562,46214.91,47528.96
43331.98,45003.38,46214.91,47539.445
43331.98,45005.703,46214.91,47549.77
43331.98,45007.46,46214.91,47559.855
43331.98,45008.727,46214.91,47569.438
43331.98,45009.44,46214.91,47578.75
43331.98,45009.684,46214.91,47587.664
43331.98,45009.5,46214.91,47596.277
43331.98,45009.023,46214.91,47604.547
43331.98,45008.38,46214.91,47612.48
43331.98,45007.62,46214.91,47620.31
43331.98,45005.473,46214.91,47627.01
43331.98,45004.48,46214.91,47634.477
43331.98,45003.23,46214.91,47641.496
43331.98,45001.625,46214.91,47647.973
43331.98,44999.35,46214.91,47653.47
43331.98,44995.195,46214.91,47657.203
43331.98,44990.535,46214.91,47660.008
43331.98,44986.1,46214.91,47662.137
43331.98,44982.188,46214.91,47663.133
43331.98,44976.55,46214.91,47661.297
43331.98,44970.266,46214.91,47658.25
43331.98,44963.66,46214.91,47654.613
43331.98,44956.977,46214.91,47650.617
43331.98,44946.684,46214.91,47643.664
43331.98,44935.477,46214.91,47635.984
43331.98,44921.867,46214.91,47626.28
43331.98,44907.105,46214.91,47615.652
43331.98,44890.746,46214.91,47603.69
43331.98,44873.492,46214.91,47591.035
43331.98,44855.52,46214.91,47577.84
43331.98,44836.867,46214.91,47564.086
43331.98,44817.71,46214.91,47549.89
43331.98,44799.35,46214.91,47536.45
43331.98,44782.37,46214.91,47524.26
43331.98,44766.645,46214.91,47513.24
43331.98,44751.324,46214.91,47502.324
43331.98,44736.477,46214.91,47491.64
43331.98,44721.867,46214.91,47481.387
43331.98,44707.062,46214.91,47471.465
43331.98,44692.2,46214.91,47462.043
43331.98,44677.473,46214.91,47453.164
43331.98,44662.613,46214.91,47444.234
43331.98,44647.895,46214.91,47435.348
43331.98,44631.496,46214.91,47423.89
43331.98,44615.01,46214.91,47412.082
43331.98,44599.58,46214.91,47401.04
43331.98,44584.184,46214.91,47389.848
43331.98,44566.42,46214.91,47375.63
43331.98,44546.895,46214.91,47359.465
43331.98,44524.926,46214.91,47340.52
43331.98,44500.883,46214.91,47319.426
43331.98,44475.848,46214.91,47297.355
43331.98,44449.79,46214.91,47274.668
43331.98,44422.89,46214.91,47251.703
43331.98,44395.22,46214.91,47228.754
43331.98,44367.797,46214.91,47206.504
43331.98,44340.363,46214.91,47184.562
43331.98,44312.875,46214.91,47162.48
43331.98,44285.05,46214.91,47140.055
43331.98,44257.234,46214.91,47116.402
43331.98,44229.715,46214.91,47092.22
43331.98,44203.062,46214.91,47067.78
43331.98,44177.25,46214.91,47043.44
43331.98,44153.54,46214.91,47020.918
43331.98,44131.047,46214.91,47000.793
43331.98,44110.074,46214.91,46983.668
43331.98,44092.38,46214.91,46970.82
43331.98,44074.07,46214.91,46959.258
43331.98,44056.375,46214.91,46951.367
43331.98,44043.01,46214.91,46946.797
43331.98,44046.46,46214.91,46946.875
43331.98,44047.336,46214.91,46943.61
43331.98,44060.266,46214.91,46943.07
43331.98,44067.082,46214.91,46943.496
43331.98,44066.93,46214.91,46944.9
43331.98,44066.918,46214.91,46948.26
43331.98,44067.234,46214.91,46952.562
43331.98,44067.664,46214.91,46957.316
43331.98,44067.746,46214.91,46962.156
43331.98,44067.105,46214.91,46966.94
43331.98,44065.688,46214.91,46971.453
43331.98,44063.97,46214.91,46975.58
43331.98,44061.434,46214.91,46979.215
43331.98,44056.09,46214.91,46981.98
43331.98,44049.727,46214.91,46984.13
43331.98,44042.766,46214.91,46985.67
43331.98,44035.32,46214.91,46986.594
43331.98,44027.95,46214.91,46987.03
43331.98,44020.754,46214.91,46986.984
43331.98,44013.91,46214.91,46986.484
43331.98,44007.844,46214.91,46985.688
43331.98,44002.797,46214.91,46984.777
43331.98,43999.03,46214.91,46983.812
43331.98,43996.797,46214.91,46982.926
43331.98,43996.3,46214.91,46982.266
43331.98,43997.344,46214.91,46981.902
43331.98,44000.03,46214.91,46981.8
43331.98,44004.21,46214.91,46981.957
43331.98,44009.918,46214.91,46982.285
43331.98,44016.78,46214.91,46982.703
43331.98,44024.684,46214.91,46982.973
43331.98,44033.992,46214.91,46982.9
43331.98,44044.22,46214.91,46982.184
43331.98,44053.168,46214.91,46980.473
43331.98,44062.16,46214.91,46977.3
43331.98,44069.99,46214.91,46972.445
43331.98,44076.31,46214.91,46967.125
43331.98,44079.02,46214.91,46964.54
43331.98,44079.62,46214.91,46959.3
43331.98,44079.297,46214.91,46959.94
43331.98,44078.453,46214.91,46971.926
43331.98,44077.98,46214.91,46992.008
43331.98,44076.668,46214.91,47012.582
43331.98,44074.977,46214.91,47031.36
43331.98,44071.87,46214.91,47044.008
43331.98,44070.754,46214.91,47064.543
43331.98,44070.6,46214.91,47084.684
43331.98,44072.227,46214.91,47106.77
43331.98,44075.363,46214.91,47128.273
43331.98,44078.96,46214.91,47152.75
43331.98,44083.12,46214.91,47174.48
43331.98,44087.883,46214.91,47192.996
43331.98,44094.566,46214.91,47210.48
43331.98,44096.88,46214.91,47214.586
43331.98,44099.445,46214.91,47216.42
43331.98,44101.746,46214.91,47215.465
43331.98,44105.293,46214.91,47215.1
43331.98,44105.438,46214.91,47207.527
43331.98,44107.203,46214.91,47203.355
43331.98,44110.88,46214.91,47203.31
43331.98,44115.434,46214.91,47204.902
43331.98,44118.945,46214.91,47204.777
43331.98,44123.688,46214.91,47207.92
43331.98,44127.957,46214.91,47210.656
43331.98,44132.83,46214.91,47215.523
43331.98,44138.695,46214.91,47222.14
43331.98,44143.707,46214.91,47227.26
43331.98,44147.234,46214.91,47229.504
43331.98,44148.53,46214.91,47229.24
43331.98,44154.598,46214.91,47235.21
43331.98,44160.652,46214.91,47241.33
43331.98,44165.566,46214.91,47245.28
43331.98,44168.695,46214.91,47247.22
43331.98,44175.96,46214.91,47252.473
43331.98,44182.69,46214.91,47255.047
43331.98,44187.707,46214.91,47253.1
43331.98,44190.01,46214.91,47246.63
43331.98,44191.83,46214.91,47237.805
43331.98,44192.695,46214.91,47227.11
43331.98,44192.59,46214.91,47214.727
43331.98,44190.32,46214.91,47200.297
43331.98,44189.23,46214.91,47186.766
43331.98,44188.18,46214.91,47173.035
43331.98,44187.355,46214.91,47160.05
43331.98,44186.402,46214.91,47147.45
43331.98,44185.562,46214.91,47134.387
43331.98,44186.086,46214.91,47123.168
43331.98,44186.277,46214.91,47111.926
43331.98,44186.38,46214.91,47100.95
43331.98,44187.457,46214.91,47090.035
43331.98,44188.855,46214.91,47080.293
43331.98,44190.957,46214.91,47072.605
43331.98,44194.47,46214.91,47067.703
43331.98,44199.496,46214.91,47063.027
43331.98,44207.055,46214.91,47059.254
43331.98,44218.734,46214.91,47056.562
43331.98,44235.926,46214.91,47054.035
43331.98,44244.426,46214.91,47052.1
43331.98,44258.06,46214.91,47053.27
43331.98,44279.754,46214.91,47058.523
43331.98,44309.133,46214.91,47067.32
43331.98,44340.55,46214.91,47077.47
43331.98,44369.316,46214.91,47087.746
43331.98,44389.45,46214.91,47097.36
43331.98,44402.445,46214.91,47107.32
43331.98,44413.504,46214.91,47118.875
43331.98,44424.383,46214.91,47131.652
43331.98,44435.47,46214.91,47145.734
43331.98,44444.91,46214.91,47160.08
43331.98,44456.355,46214.91,47175.62
43331.98,44467.91,46214.91,47191.64
43331.98,44479.53,46214.91,47207.895
43331.98,44491.113,46214.91,47224.152
43331.98,44502.383,46214.91,47240.45
43331.98,44513.676,46214.91,47256.742
43331.98,44525.023,46214.91,47273.016
43331.98,44536.715,46214.91,47289.586
43331.98,44548.062,46214.91,47306.074
43331.98,44559.44,46214.91,47322.406
43331.98,44570.723,46214.91,47338.438
43331.98,44582.152,46214.91,47354.293
43331.98,44592.574,46214.91,47369.54
43331.98,44602.93,46214.91,47384.56
43331.98,44613.43,46214.91,47399.477
43331.98,44624.285,46214.91,47414.324
43331.98,44634.207,46214.91,47428.844
43331.98,44644.574,46214.91,47443.44
43331.98,44655.582,46214.91,47458.047
43331.98,44667.188,46214.91,47472.418
43331.98,44678.574,46214.91,47486.438
43331.98,44690.246,46214.91,47499.777
43331.98,44703.473,46214.91,47512.555
43331.98,44720.746,46214.91,47525.207
43331.98,44726.973,46214.91,47537.58
43331.98,44732.254,46214.91,47549.633
43331.98,44737.543,46214.91,47561.652
43331.98,44741.84,46214.91,47572.613
43331.98,44744.777,46214.91,47581.645
43331.98,44746.363,46214.91,47589.39
43331.98,44744.727,46214.91,47595.133
43331.98,44738.94,46214.91,47598.07
43331.98,44734.406,46214.91,47597.406
43331.98,44731.18,46214.91,47594.65
43331.98,44729.11,46214.91,47590.44
43331.98,44727.36,46214.91,47585.92
43331.98,44723.332,46214.91,47583.246
43331.98,44717.844,46214.91,47581.05
43331.98,44711.746,46214.91,47578.895
43331.98,44703.695,46214.91,47577.94
43331.98,44692.844,46214.91,47578.527
43331.98,44679.816,46214.91,47580.15
43331.98,44664.984,46214.91,47582.703
43331.98,44646.855,46214.91,47587.375
43331.98,44625.734,46214.91,47589.76
43331.98,44601.598,46214.91,47588.04
43331.98,44579.18,46214.91,47582.54
43331.98,44557.164,46214.91,47576.777
43331.98,44541.22,46214.91,47569.97
43331.98,44527.48,46214.91,47563.85
43331.98,44515.37,46214.91,47558.754
43331.98,44501.04,46214.91,47553.49
43331.98,44486.8,46214.91,47550.7
43331.98,44466.906,46214.91,47549.234
43331.98,44439.58,46214.91,47547.062
43331.98,44400.32,46214.91,47541.496
43331.98,44335.277,46214.91,47521.39
43331.98,43334.152,46214.91,47088.527
43331.98,43056.99,46214.91,47030.48
43331.98,43006.75,46214.91,47025.965
43331.98,42984.8,46214.91,47020.613
43331.98,42978.242,46214.91,47011.41
43331.98,42987.875,46214.91,46995.652
43331.98,43019.86,46214.91,46971.117
43331.98,43077.56,46214.91,46935.406
43331.98,43150.71,46214.91,46891.387
43331.98,43226.453,46214.91,46837.723
43331.98,43290.758,46214.91,46775.445
43331.98,43338.92,46214.91,46706.766
43331.98,43372.758,46214.91,46635.023
43331.98,43394.473,46214.91,46559.47
43331.98,43406.145,46214.91,46484.11
43331.98,43410.9,46214.91,46409.156
43331.98,43414.703,46214.91,46341.996
43331.98,43417.4,46214.91,46278.004
43331.98,43415.74,46214.91,46217.19
43331.98,43413.992,46214.91,46163.29
43331.98,43410.76,46214.91,46116.93
43331.98,43406.414,46214.91,46078.566
43331.98,43399.676,46214.91,46047.25
43331.98,43395.23,46214.91,46022.242
43331.98,43389.316,46214.91,46001.19
43331.98,43379.297,46214.91,45982.46
43331.98,43364.77,46214.91,45964.59
43331.98,43358.73,46214.91,45946.53
43331.98,43351.637,46214.91,45931.773
43331.98,43350.977,46214.91,45923.496
43331.98,43366.168,46214.91,45923.77
43331.98,43400.523,46214.91,45935.977
43331.98,43478.297,46214.91,45956.28
43331.98,43557.566,46214.91,45980.6
43331.98,43601.992,46214.91,46006.504
67456.36,71831.414,67141.08,71908.28
67414.46,71505.43,66502.16,71779.95
66768.6,71281.234,66026.11,71732.12
67044.95,71053.1,65766.84,71479.69
66597.08,70929.234,65339.17,71236.7
66314.51,70398.484,65245.93,70967.88
65684.9,70207.27,64859.15,70647.086
65213.62,69984.25,65073.53,70338.33
65001.39,69794.984,64590.36,70017.71
64588.92,69067.89,63716.29,69691.266
64448.83,68862.375,63524.35,69106.87
64049.76,68741.87,63868.28,68738.24
64140.15,68636.14,63261.1,68430.0
64012.72,68059.78,62818.27,68174.95
63561.72,67946.12,62927.21,67629.07
63849.2,67952.63,63196.59,67513.82
63475.48,68031.07,63355.17,67424.16
63245.47,67558.03,63454.08,67356.17
62965.62,67504.74,62817.31,66911.65
62495.26,67551.07,63044.44,66944.98
62540.17,67594.914,62906.08,66975.72
62501.19,67419.336,62847.74,67012.555
61781.8,67522.66,62386.08,66784.34
61680.73,67640.56,62034.72,67049.664
61362.71,67809.54,61548.13,67318.664
60918.98,68917.09,61104.12,67580.58
59999.32,68237.49,60377.64,68572.66
59348.05,67027.42,59402.76,69167.266
58857.38,65652.12,59338.1,69129.69
58290.01,63493.152,58761.73,68647.33
57384.25,62345.645,57954.05,66990.86
56582.2,61257.504,57302.71,65893.7
55892.86,60278.062,56766.84,64919.867
55489.46,58888.75,56555.09,64070.05
55122.53,58083.49,56346.58,62987.062
54043.91,57442.562,55685.9,62167.688
52810.96,56639.535,54734.29,61353.652
51556.29,54236.797,53827.57,60585.32
51035.57,53086.027,52334.19,58762.08
49916.12,52235.133,51362.3,57802.14
49149.87,51448.637,50367.92,56610.55
48170.15,50797.43,49420.37,55508.656
47457.08,50209.78,48197.58,54533.395
46803.87,49732.56,47572.25,53661.418
46325.56,49318.45,47114.13,52879.7
45934.66,48950.555,46689.72,52174.99
45685.32,48634.176,46458.37,51451.215
45127.71,48369.734,46235.69,50816.78
44835.98,48088.57,46016.65,50217.797
44814.26,47446.082,45535.78,49684.56
44714.81,47420.9,44740.58,48725.05
44802.88,47398.387,44892.27,48260.45
44989.68,47370.96,44960.32,47945.72
44880.38,47482.15,44793.4,47688.12
45051.45,47533.816,44964.74,47567.273
45115.3,47626.164,45143.5,47459.875
45031.45,47733.89,44829.41,47423.97
45454.43,48019.055,44855.65,47448.95
45668.43,48320.703,45340.66,47684.207
45749.44,48715.734,45606.42,47895.438
46256.13,49162.734,45892.77,48205.83
47152.26,50111.81,46293.64,48634.766
47820.19,51135.125,47530.6,49471.96
48556.38,52507.22,48065.8,50268.207
50381.36,54377.97,48681.09,51268.812
53458.14,57519.938,50273.9,52542.285
55421.05,60298.457,53186.1,54611.03
57060.48,62104.527,55207.69,56476.87
58557.74,63298.543,56939.23,58266.973
60159.06,64295.89,58388.81,59938.84
61174.03,65102.902,59996.23,61282.684
62122.57,65739.34,61199.67,62356.957
63000.85,66256.33,62216.45,63365.72
63988.88,67324.734,63346.07,64237.816
64808.01,67506.125,64249.82,65710.85
65563.89,67834.61,64787.29,66082.9
65821.94,68206.17,65337.29,66424.766
65476.41,68801.516,65462.42,66697.36
66189.82,69089.07,65418.5,67125.11
66896.96,69300.55,65832.44,67323.32
67553.41,69495.664,66301.76,67498.08
67695.46,69914.01,66726.43,67660.53
67623.91,69983.39,66498.32,68105.97
68074.79,70019.305,66619.72,68285.48
68875.55,70094.625,67365.46,68526.83
69477.28,70430.875,67728.41,68801.336
69564.33,70555.19,67995.11,69463.47
69833.52,70658.31,68382.73,69776.09
69526.85,70791.66,68563.23,70021.25
68650.88,71028.7,68916.75,70216.49
68006.27,71051.31,68286.5,70709.35
68069.38,71015.7,67960.11,70765.76
68176.78,71002.73,68147.38,70761.15
68228.13,70959.516,68177.45,70732.7
67824.21,70925.73,67906.36,70950.91
67141.08,70846.89,67732.02,70835.125
66502.16,70726.3,67544.86,70668.97
66026.11,70358.08,67088.3,70516.93
65766.84,70081.44,66716.28,70444.695
65339.17,69850.23,66487.47,70184.84
65245.93,69583.39,66426.78,69917.97
64859.15,68973.734,66010.69,69668.86
65073.53,68730.59,65773.27,69355.516
64590.36,68617.94,65348.32,69058.94
63716.29,68477.1,65218.53,68772.016
63524.35,67651.66,65052.41,68481.26
63868.28,67432.32,64974.34,67933.055
63261.1,67395.97,64466.75,67556.96
62818.27,67289.72,64073.28,67240.05
62927.21,66522.98,64008.47,67002.26
63196.59,66425.46,64346.35,66492.13
63355.17,66486.875,64304.83,66411.01
63454.08,66626.65,64171.32,66364.5
62817.31,66191.586,63854.51,66324.17
63044.44,66181.99,63660.49,65933.75
62906.08,66336.66,63390.96,66027.266
62847.74,66502.77,63462.19,66137.2
62386.08,66281.12,63509.33,66278.66
62034.72,66343.86,63389.63,66194.9
61548.13,66468.12,62680.04,66595.28
61104.12,66599.73,62525.49,66943.65
60377.64,67405.67,62103.6,67189.6
59402.76,67769.27,61299.94,68028.68
59338.1,67608.96,60535.47,68529.125
58761.73,67032.14,59775.85,68556.734
57954.05,64471.016,59160.45,68178.734
57302.71,63161.523,58424.53,66531.51
56766.84,62003.02,57917.72,65328.918
56555.09,61011.566,57669.39,64251.848
56346.58,59579.113,57441.57,63348.47
55685.9,58868.37,56848.16,62190.715
54734.29,58156.91,56252.42,61332.133
53827.57,57338.71,55369.92,60498.66
52334.19,54875.72,54405.25,59753.96
51362.3,53553.516,53213.12,58074.2
50367.92,52408.605,52416.04,57152.113
49420.37,51444.33,51420.05,55979.836
48197.58,50561.953,50544.14,54873.17
47572.25,49815.5,49297.71,53842.637
47114.13,49266.84,48786.87,53021.953
46689.72,48853.426,48304.06,52327.457
46458.37,48492.29,47850.05,51715.734
46235.69,48217.082,47272.9,51078.258
46016.65,47984.02,46775.13,50542.492
45535.78,47778.5,46506.29,50053.945
44740.58,47429.96,46220.44,49613.324
44892.27,47356.65,45882.17,48524.258
44960.32,47331.727,46024.84,48112.285
44793.4,47288.125,45794.06,47829.21
44964.74,47318.547,45655.93,47564.12
45143.5,47294.766,45810.44,47390.887
44829.41,47284.32,45822.68,47232.062
44855.65,47212.316,45453.79,47118.81
45340.66,47388.023,45561.76,47064.09
45606.42,47596.22,46035.25,47183.156
45892.77,47908.477,46380.8,47292.277
46293.64,48332.938,46469.3,47491.35
47530.6,49237.72,46860.4,47784.9
48065.8,50279.484,47789.95,48448.52
48681.09,51583.383,48184.33,49070.586
50273.9,53276.637,49080.13,49823.92
53186.1,56078.37,50066.0,50770.176
55207.69,58560.83,53076.37,52493.426
56939.23,60451.168,55403.38,54006.68
58388.81,61990.99,57084.08,55795.793
59996.23,63424.742,58438.58,57863.305
61199.67,64394.484,59982.65,60138.43
62216.45,65154.695,61301.7,61745.977
63346.07,65760.01,62374.89,63088.84
64249.82,66847.67,63098.96,64123.395
64787.29,67080.375,63870.36,65407.977
65337.29,67435.16,64625.31,65949.29
65462.42,67814.22,65127.8,66430.43
65418.5,68460.81,65526.1,66834.54
65832.44,68734.34,65345.07,67414.73
66301.76,68902.53,65998.89,67710.875
66726.43,68988.25,66332.87,67982.51
66498.32,69393.46,66852.63,68261.01
66619.72,69351.45,66516.35,68789.85
67365.46,69316.34,66643.66,69108.81
67728.41,69290.36,66419.97,69463.625
67995.11,69637.25,66662.18,69813.82
68382.73,69644.99,67093.84,70345.58
68563.23,69632.03,67406.89,70567.25
68916.75,69632.086,67615.13,70737.016
68286.5,69930.48,67466.64,70843.41
67960.11,69914.56,67132.75,71075.95
68147.38,69867.71,66964.09,71005.34
68177.45,69838.66,67188.5,70907.99
67906.36,69911.805,67026.69,70788.21
67732.02,69876.08,66770.16,70720.61
67544.86,69810.414,66278.48,70456.625
67088.3,69775.2,66064.29,70197.195
66716.28,69533.945,65062.22,69947.85
66487.47,69379.67,65035.66,69646.125
66426.78,69251.81,64910.9,69293.875
66010.69,69183.97,64588.85,68968.71
65773.27,68653.42,64371.75,68680.87
65348.32,68488.77,64455.53,68251.62
65218.53,68353.445,64162.77,67934.21
65052.41,68269.72,64020.6,67625.39
64974.34,67570.11,63568.54,67296.39
64466.75,67452.47,63665.07,66702.88
64073.28,67373.14,63090.7,66350.74
64008.47,67317.26,63090.69,66076.516
64346.35,66671.32,62792.94,65828.695
64304.83,66687.89,62686.39,65212.06
64171.32,66814.016,62069.78,65072.492
63854.51,66932.86,62417.15,64962.062
63660.49,66478.26,62157.73,64851.414
63390.96,66512.82,62430.25,64339.164
63462.19,66617.22,61933.15,64364.82
63509.33,66796.09,61799.65,64381.05
63389.63,66595.75,61853.17,64413.086
62680.04,66759.766,61362.88,64193.93
62525.49,66865.484,60694.94,64354.715
62103.6,66985.7,60310.93,64401.41
61299.94,67229.805,59776.4,64354.203
60535.47,67378.99,58422.67,64377.45
59775.85,67622.81,57737.74,64609.555
59160.45,67716.03,56688.25,64756.684
58424.53,66207.47,56367.08,64670.656
57917.72,64910.844,55649.99,63889.9
57669.39,63780.75,55304.44,62929.58
57441.57,62861.805,54674.26,61941.203
56848.16,61240.105,54345.04,60988.367
56252.42,60373.42,53954.47,59702.035
55369.92,59573.773,53472.96,58842.242
54405.25,58746.99,52906.57,58009.93
53213.12,56313.027,52046.29,57245.04
52416.04,55169.06,50548.18,55191.0
51420.05,53972.516,49823.39,54418.28
50544.14,52860.207,48979.78,53469.97
49297.71,51743.156,48359.99,52566.453
48786.87,50834.57,47474.02,51630.45
48304.06,50177.633,46758.65,50881.945
47850.05,49685.1,46290.04,50240.89
47272.9,49212.06,45522.79,49691.46
46775.13,48867.1,44639.17,49172.676
46506.29,48585.047,44265.64,48723.543
46220.44,48360.695,43843.67,48324.113
45882.17,47949.0,43536.98,47977.273
46024.84,47912.492,42923.99,46454.934
45794.06,47883.82,42324.68,46167.64
45655.93,47818.63,42185.23,45857.824
45810.44,47846.33,42419.19,45551.152
45822.68,47859.246,42263.83,45325.32
45453.79,47871.56,42193.6,45161.234
45561.76,47796.35,41937.76,45030.242
46035.25,47864.17,41842.69,44918.797
46380.8,47910.926,41873.42,44857.72
46469.3,48051.62,41736.37,44777.902
46860.4,48231.562,42154.25,44710.42
47789.95,48753.76,41730.72,44650.508
48184.33,49351.1,42157.41,44644.402
49080.13,50031.113,41796.63,44604.473
50066.0,51074.457,41766.68,44592.53
53076.37,53390.832,41776.73,44612.055
55403.38,56316.434,42759.33,44798.348
57084.08,59069.703,43544.65,45021.86
58438.58,61202.824,43951.61,45392.617
59982.65,63131.72,44627.36,45947.883
61301.7,64328.246,45617.53,46880.984
62374.89,65293.996,46474.56,47770.72
63098.96,66044.88,47532.3,48690.5
63870.36,67326.266,48620.23,49567.336
64625.31,67661.14,49861.28,51384.633
65127.8,68078.69,50611.48,52234.484
65526.1,68491.02,51381.48,53126.125
65345.07,69102.15,52035.99,53968.035
65998.89,69435.586,52784.08,54988.406
66332.87,69714.43,53629.57,55657.246
66852.63,69923.875,54578.87,56239.816
66516.35,70251.85,54953.45,56729.73
66643.66,70320.766,54700.9,57485.336
66419.97,70375.84,55172.64,57943.6
66662.18,70400.375,55624.92,58423.492
67093.84,70528.72,55765.99,58914.125
67406.89,70531.984,55547.42,59647.152
67615.13,70551.87,55638.45,60033.863
67466.64,70545.945,55710.17,60289.047
67132.75,70577.18,55615.61,60386.77
66964.09,70475.625,55812.68,60464.867
67188.5,70386.45,56130.64,60252.793
67026.69,70295.84,55967.99,59932.695
66770.16,70107.266,55270.86,59593.766
66278.48,69908.984,54660.62,59225.273
66064.29,69724.13,54101.14,58727.23
65062.22,69546.2,54137.57,58282.91
65035.66,68969.266,53854.97,57878.926
64910.9,68656.11,53154.46,57479.34
64588.85,68434.81,52870.17,57098.39
64371.75,68237.3,52455.51,56781.195
64455.53,67483.69,52197.7,56537.97
64162.77,67287.23,52320.19,56185.71
64020.6,67133.09,52008.03,55930.188
63568.54,66987.82,51621.69,55713.53
63665.07,66125.766,51923.11,55555.2
63090.7,65948.9,52425.15,55160.6
63090.69,65825.445,52155.15,55020.855
62792.94,65746.734,51765.98,54967.656
62686.39,65013.133,52121.74,54944.25
62069.78,64873.33,52354.27,54731.7
62417.15,64770.836,52437.99,54811.113
62157.73,64805.758,52355.3,54901.348
62430.25,64306.96,52073.54,55007.32
61933.15,64347.08,52347.6,54989.477
61799.65,64354.78,51902.41,55267.42
61853.17,64422.145,52121.79,55538.773
61362.88,64165.93,52386.22,55812.008
60694.94,64131.42,52281.91,56035.29
60310.93,64073.797,51832.6,56339.3
59776.4,64036.688,51241.18,56571.45
58422.67,63966.188,50681.57,56763.434
57737.74,63885.875,50009.21,57613.684
56688.25,63960.97,49232.06,57909.02
56367.08,63567.934,48630.07,57911.027
55649.99,61486.27,48126.85,57650.48
55304.44,60048.594,47834.47,56658.043
54674.26,58999.832,47654.54,55811.45
54345.04,58066.453,47419.12,55009.473
53954.47,56736.75,47543.2,54355.605
53472.96,55991.836,47747.17,53350.918
52906.57,55278.996,47732.26,52825.04
52046.29,54560.074,46721.99,52326.637
50548.18,51897.6,46223.97,51889.902
49823.39,50809.41,44989.95,50944.53
48979.78,49924.258,44567.46,50272.11
48359.99,49198.617,43862.27,49415.895
47474.02,48536.61,43136.6,48479.434
46758.65,48054.09,42112.64,47352.223
46290.04,47678.902,41518.72,46192.688
45522.79,47388.965,40867.68,45091.355
44639.17,47061.57,40532.97,44121.73
44265.64,46772.23,39900.89,43277.1
43843.67,46522.008,39346.15,45213.195
43536.98,46271.094,38687.76,44402.9
42923.99,44571.78,38238.02,43711.74
42324.68,44569.035,37763.0,40396.562
42185.23,44484.94,37583.15,40080.33
42419.19,44367.06,37530.51,39843.43
42263.83,44293.42,37413.41,39660.97
42193.6,44188.19,37136.56,39537.203
41937.76,44086.25,36833.1,39411.71
41842.69,43965.973,36759.82,39292.34
41873.42,43909.43,36736.44,39169.77
41736.37,43877.137,36661.6,39080.03
42154.25,43888.062,36542.34,38964.508
41730.72,43959.812,37050.71,38870.57
42157.41,44058.242,36805.7,38783.844
41796.63,44153.695,36609.58,38757.543
41766.68,44191.61,36178.31,38699.508
41776.73,44231.45,36214.51,38644.17
42759.33,44520.195,36229.74,38594.883
43544.65,44783.43,36868.04,38631.527
43951.61,45115.6,37342.84,38638.05
44627.36,45461.92,37787.1,38695.246
45617.53,46231.945,38253.2,38814.016
46474.56,46912.977,38401.79,39184.39
47532.3,47681.28,38943.62,39520.46
48620.23,48588.7,39776.02,39929.04
49861.28,50783.656,40570.55,40422.547
50611.48,51416.633,41159.95,42048.68
51381.48,52082.67,41857.77,42977.67
52035.99,52738.598,42509.27,43942.094
52784.08,53648.086,42905.18,44848.75
53629.57,54275.11,44308.86,45923.55
54578.87,54864.797,44861.01,46637.88
54953.45,55481.297,45532.48,47294.203
54700.9,56180.668,46364.76,47901.11
55172.64,56491.105,46919.89,48744.35
55624.92,56845.387,47595.71,49261.293
55765.99,57181.277,48101.63,49776.105
55547.42,57498.754,48528.77,50325.8
55638.45,57506.895,48757.87,51245.293
55710.17,57442.957,49143.84,51876.3
55615.61,57298.996,49642.48,52413.164
55812.68,57062.113,49478.8,52717.83
56130.64,56846.996,50053.07,53032.652
55967.99,56740.25,49942.54,52786.0
55270.86,56585.176,49743.25,52375.1
54660.62,56054.145,49546.79,51925.473
54101.14,55402.566,48916.36,51579.926
54137.57,54792.05,47824.19,51052.19
53854.97,54417.363,47354.3,50541.91
53154.46,53936.668,47468.47,50149.15
52870.17,53368.777,47423.89,49750.992
52455.51,53039.535,47483.37,49421.848
52197.7,52753.66,47282.68,49152.027
52320.19,52313.566,46865.05,48909.645
52008.03,52260.51,46532.61,48470.21
51621.69,52180.016,46615.55,48314.855
51923.11,52056.62,46421.99,48189.242
52425.15,51989.824,46337.43,48057.887
52155.15,52276.87,46709.69,47649.28
51765.98,52386.55,46798.91,47620.938
52121.74,52339.305,46665.17,47668.69
52354.27,52507.832,46923.76,47704.176
52437.99,52710.766,47615.07,47474.703
52355.3,52953.36,47697.93,47639.76
52073.54,53130.17,47585.31,47822.414
52347.6,53338.414,47979.92,48020.05
51902.41,53495.473,48368.56,47978.59
52121.79,53505.51,47997.0,48397.047
52386.22,53777.594,47908.97,48854.535
52281.91,54804.176,48311.08,49317.598
51832.6,54988.72,48703.37,49551.473
51241.18,55033.305,48612.88,50093.117
50681.57,54908.637,48476.07,50580.695
50009.21,54355.49,47911.6,51022.82
49232.06,53244.543,48144.56,52397.22
48630.07,52026.938,47963.37,53150.52
48126.85,51018.086,47416.53,53421.26
47834.47,49445.215,46851.99,53355.105
47654.54,48926.453,46546.09,52374.5
47419.12,48596.562,46539.01,51842.062
47543.2,48347.418,46732.71,51355.83
47747.17,47878.863,47397.84,50953.418
47732.26,47823.96,47717.4,50297.145
46721.99,47788.26,47450.89,49979.453
46223.97,47507.1,46665.39,49668.91
44989.95,46396.305,46052.31,49407.227
44567.46,45615.656,45112.33,49066.664
43862.27,44953.215,44510.9,48480.004
43136.6,44301.156,43888.61,47641.24
42112.64,43666.402,43610.67,46786.953
41518.72,43041.242,43031.1,46096.312
40867.68,42555.113,42236.28,45252.973
40532.97,42172.625,42150.88,44471.617
39900.89,41918.83,42001.79,43767.527
39346.15,41667.44,41406.01,43132.457
38687.76,41467.52,41309.94,42488.508
38238.02,41289.19,41032.26,41911.77
37763.0,39791.75,40747.63,41408.586
37583.15,39567.53,39960.81,41804.207
37530.51,39321.43,39864.38,41474.504
37413.41,39095.68,39802.27,41238.51
37136.56,38946.87,39793.99,41059.95
36833.1,38815.21,39789.15,40996.84
36759.82,38705.53,39923.19,40918.64
36736.44,38610.68,40060.96,40886.234
36661.6,38564.566,40238.27,40895.69
36542.34,38494.83,40758.78,41043.836
37050.71,38433.727,41160.37,41182.137
36805.7,38393.03,41802.05,41383.305
36609.58,38424.71,42105.33,41658.547
36178.31,38428.582,43714.07,42148.742
36214.51,38440.04,44036.76,42669.844
36229.74,38478.28,45151.26,43356.453
36868.04,38611.89,47068.25,44096.18
37342.84,38752.5,50459.6,45457.734
37787.1,38940.727,52850.96,47156.17
38253.2,39160.01,54547.83,49599.73
38401.79,39676.96,56216.19,52924.277
38943.62,40012.297,58184.32,56668.758
39776.02,40343.41,59284.62,58827.965
40570.55,40730.832,60193.32,60542.902
41159.95,43109.773,60825.42,61881.004
41857.77,43637.516,61424.75,63338.926
42509.27,44277.113,62078.78,63918.38
42905.18,44976.258,62552.7,64406.332
44308.86,45819.164,63224.26,64782.086
44861.01,46566.39,63032.08,65240.0
45532.48,47142.727,63581.76,65494.16
46364.76,47636.375,64328.99,65747.96
46919.89,48286.336,65159.2,65999.664
47595.71,48716.08,65853.15,66406.875
48101.63,49135.395,66306.25,66657.805
48528.77,49483.96,66586.73,66941.04
48757.87,49904.0,66997.63,67272.99
49143.84,50219.445,67048.01,67691.305
49642.48,50516.188,67404.11,67968.95
49478.8,50795.703,67626.22,68214.625
50053.07,50723.55,67685.2,68359.5
49942.54,50813.35,67470.77,68489.27
49743.25,50724.81,67398.82,68399.48
49546.79,50567.54,67343.51,68286.234
48916.36,50124.777,67540.07,68146.53
47824.19,49630.086,67319.97,67964.03
47354.3,48987.812,67150.02,67747.875
47468.47,48546.516,67021.33,67519.09
47423.89,48010.36,66114.8,67298.164
47483.37,47854.316,65745.48,66910.77
47282.68,47821.42,65831.14,66615.35
46865.05,47734.098,66097.46,66324.77
46532.61,47119.336,64986.21,66011.06
46615.55,46927.938,65064.63,65479.67
46421.99,46893.77,64837.55,65142.914
46337.43,46821.906,64688.13,64764.46
46709.69,46340.76,64041.07,64389.984
46798.91,46429.516,63823.44,63665.664
46665.17,46551.617,63329.79,63305.758
46923.76,46604.574,63416.06,63025.99
47615.07,46498.42,63354.7,62802.29
47697.93,46827.684,63601.16,62301.945
47585.31,47101.58,63212.0,62217.05
47979.92,47276.586,63412.88,62150.58
48368.56,47610.855,63706.2,62108.19
47997.0,47972.688,62842.97,61752.35
47908.97,48181.17,62603.36,61818.223
48311.08,48430.09,62608.54,61887.508
48703.37,49512.203,62634.69,62012.098
48612.88,50120.637,62119.49,61874.066
48476.07,50651.613,61447.82,62153.582
47911.6,51063.453,61205.91,62416.324
48144.56,51800.684,60647.44,62689.023
47963.37,51526.293,59887.57,64025.035
47416.53,51095.234,59090.74,64667.918
46851.99,50439.586,58404.26,64651.86
46546.09,48647.06,57595.32,64012.773
46539.01,48090.434,57103.93,61838.695
46732.71,47778.785,56789.25,60556.996
47397.84,47655.785,56098.48,59448.17
47717.4,47287.695,55551.27,58412.617
47450.89,47340.766,55344.38,57211.508
46665.39,47244.29,54611.67,56224.125
46052.31,46925.87,53407.12,55246.418
45112.33,45795.914,52363.0,54354.535
44510.9,44976.348,50940.67,52223.234
43888.61,44123.145,50091.27,51191.746
43610.67,43300.145,49145.77,49982.72
43031.1,42566.496,48468.03,48928.863
42236.28,41833.633,47470.18,48011.113
42150.88,41141.18,47193.64,47265.57
42001.79,40633.0,46347.85,46654.758
41406.01,40278.984,46008.07,46127.11
41309.94,39952.96,45548.38,45603.52
41032.26,39382.633,45247.89,45509.97
40747.63,39182.22,44931.39,45106.242
39960.81,39923.902,44547.95,44762.016
39864.38,39882.297,44524.75,43929.246
39802.27,39926.32,44642.36,43630.406
39793.99,40007.72,44290.96,43474.984
39789.15,40248.023,44240.11,43481.34
39923.19,40430.9,44326.7,43545.246
40060.96,40656.43,44539.03,43609.31
40238.27,40923.094,44742.02,43747.0
40758.78,41368.586,44787.4,43937.75
41160.37,41813.117,45052.08,44309.406
41802.05,42309.867,45473.6,44663.562
42105.33,42902.145,45908.14,45119.61
43714.07,43625.9,46227.97,45659.65
44036.76,44626.965,46605.74,46415.164
45151.26,45654.363,47086.68,47103.168
47068.25,47210.594,48342.36,47812.633
50459.6,50553.5,49819.66,48531.453
52850.96,55025.953,52896.41,49454.066
54547.83,58442.387,54991.52,50607.69
56216.19,60498.2,56848.92,52131.953
58184.32,62031.07,58169.77,54141.105
59284.62,63176.38,59389.38,57008.766
60193.32,64101.176,60438.76,59108.605
60825.42,64815.35,61782.72,60841.42
61424.75,66037.68,62281.93,62167.363
62078.78,66181.95,62211.6,63956.645
62552.7,66490.82,62799.99,64455.7
63224.26,66795.734,63334.2,64884.17
63032.08,67176.69,63584.36,65228.42
63581.76,67448.28,63675.02,65673.09
64328.99,67729.81,64128.32,65913.32
65159.2,67977.5,64361.62,66136.12
65853.15,68256.234,64606.92,66367.305
66306.25,68386.21,65290.04,66777.39
66586.73,68484.75,65751.53,67029.97
66997.63,68580.15,66221.79,67349.1
67048.01,68658.02,66640.59,67666.58
67404.11,68726.05,67701.31,68130.234
67626.22,68799.76,67995.71,68331.32
67685.2,68820.4,68193.59,68486.64
67470.77,68720.234,68036.12,68502.56
67398.82,68599.836,67448.55,68460.81
67343.51,68593.45,67066.75,68383.6
67540.07,68551.92,66935.12,68286.9
67319.97,68276.88,66872.5,68183.625
67150.02,68257.836,67045.83,68055.28
67021.33,68225.17,66813.48,67815.26
