actual_mw_step_1,predicted_mw_step_1,actual_mw_step_672,predicted_mw_step_672
64909.82,62318.668,64919.73,67095.55
64505.36,62164.523,64493.79,66868.89
64575.51,61979.55,64488.1,66483.33
63891.7,61826.0,63838.98,66150.95
63599.36,61689.0,63649.58,65850.08
63930.75,61512.87,63290.54,65554.586
63235.49,61384.242,63407.08,65085.15
62740.22,61256.81,63091.57,64654.594
62285.66,61145.855,62999.89,64223.05
62128.39,60883.39,62746.75,63804.5
61749.56,60783.254,62806.62,63326.598
61583.96,60702.812,62565.16,62989.52
61539.32,60626.61,62261.13,62799.246
61851.19,60362.355,62009.29,62691.934
61634.71,60267.28,61887.07,62484.133
61528.19,60192.453,62128.38,62422.18
61514.46,60134.246,62098.02,62432.703
61275.38,59875.008,62280.09,62481.156
60817.8,59777.34,62135.6,62311.78
60782.62,59697.035,62161.39,62294.652
61063.26,59633.133,61889.41,62312.91
60867.41,59387.5,61753.22,62349.05
60154.57,59296.566,61446.93,62051.375
59883.79,59193.355,60876.28,61932.08
59671.93,59096.13,60734.81,61835.188
59019.68,58972.84,60384.7,61748.35
58220.94,58879.035,59679.06,61463.12
57644.3,58731.46,58674.42,61347.58
56626.67,58526.188,57907.71,61317.055
56227.48,58354.7,57381.26,61248.21
55813.97,57757.9,56644.47,60725.42
55433.74,57110.445,56639.04,59817.258
55337.64,56508.11,56386.32,58604.13
54821.1,55858.926,55828.74,57302.535
54233.04,54953.637,55500.09,55857.34
52978.28,54253.566,54831.41,54569.887
51967.95,53637.51,53531.48,53409.855
50775.28,52945.867,52753.51,52463.8
49808.07,51376.375,51388.53,51980.44
49121.93,50121.62,50596.15,51087.742
48127.83,49120.21,49607.95,49798.754
46594.17,48054.676,48729.2,48611.312
45848.95,46809.18,47882.56,47419.45
45583.57,45863.44,47080.27,46526.12
45328.89,45175.83,46596.69,45750.973
44485.41,44567.637,46151.51,45111.33
43940.56,43881.727,45519.59,44411.758
43657.17,43305.387,45350.13,43953.293
43538.37,42861.38,45046.66,43535.117
42353.7,42150.867,44825.48,43167.758
42470.72,43153.074,44415.66,43083.348
42335.7,43830.508,43955.44,42906.004
42450.91,44111.0,43699.04,42805.348
42864.15,44286.766,43581.02,42717.164
42917.75,44297.03,43943.18,42695.76
42763.94,44284.996,43732.84,42708.68
42940.62,44215.117,43555.83,42802.504
43371.7,44287.68,43848.21,42977.918
43613.97,44396.04,44147.39,43297.918
44282.15,44645.047,44092.71,43629.406
44991.52,45116.85,44403.84,44042.46
46451.14,45922.703,45037.56,44540.484
46683.56,47023.387,46055.77,45299.586
47620.1,48333.45,46489.77,46083.21
49193.73,49984.305,47304.03,47111.19
52245.9,52577.805,48569.8,48510.32
54231.82,54922.29,51065.56,50857.66
55508.18,56967.88,52661.29,53399.477
56798.54,58617.32,54291.84,56088.586
58992.04,60334.31,55935.47,58312.395
60138.65,61275.406,57524.19,60429.582
61508.71,62004.17,58616.59,61837.062
62252.62,62592.277,59556.69,62965.184
63339.63,62211.74,60576.15,63858.32
64036.26,62960.465,61428.93,63838.566
64325.75,63579.594,62112.75,64133.28
64707.51,64071.1,62608.79,64438.31
64639.89,64649.82,63176.87,64683.484
65273.63,64880.74,62990.92,65471.953
65877.19,65065.504,63582.54,65725.195
66541.77,65197.867,64312.52,65990.516
66782.06,65483.055,64969.34,66304.836
66965.04,65488.16,65217.38,66972.03
67248.83,65477.21,65494.34,67374.22
67548.87,65446.918,65877.28,67805.766
67732.6,65561.89,66215.79,68233.15
67503.03,65419.465,66631.28,68718.17
67522.86,65254.46,67134.59,68993.945
67603.55,65061.46,67379.59,69192.0
67351.81,64966.676,67554.96,69317.24
66625.81,64706.105,67004.49,69301.41
66579.92,64449.812,66537.04,69256.62
66660.42,64175.08,66485.59,69172.78
66446.18,63957.75,66466.43,69063.195
66294.6,63686.984,66372.12,68764.7
65781.91,63447.656,66207.18,68562.77
65363.63,63224.855,65809.15,68358.85
65236.23,62993.938,65456.78,68162.41
65412.85,62777.414,65382.78,67731.56
65209.56,62597.598,65117.92,67476.19
65122.84,62430.59,64830.29,67243.25
64726.83,62162.85,64758.47,67022.66
64763.06,61991.76,64736.18,66530.81
64047.65,61842.957,64348.53,66213.58
63587.83,61704.41,63584.94,65881.44
63032.72,61339.703,63313.99,65520.33
62679.61,61179.15,62948.58,64897.586
62421.25,61035.125,62662.43,64520.77
62259.72,60901.137,62560.48,64276.105
62224.47,60507.625,62246.2,64137.773
61959.89,60349.2,62281.44,63814.113
61890.89,60225.86,62065.84,63720.758
61994.68,60119.582,62193.11,63698.043
61711.62,59764.434,62135.27,63718.3
61481.62,59623.203,61696.52,63476.848
61418.17,59487.934,61419.29,63467.996
61541.38,59372.223,61298.58,63513.594
61407.67,59058.125,61471.7,63589.355
60769.34,58898.3,61611.72,63315.87
60246.29,58761.473,61207.9,63274.71
59994.63,58672.92,60861.71,63238.734
59283.18,58533.746,60711.24,63170.473
58601.87,58467.01,59917.71,62772.86
58045.51,58383.227,59067.72,62471.21
57188.95,58303.945,58295.38,62199.836
56383.8,57988.62,57780.16,61978.094
56141.95,57485.707,57419.62,61598.516
56116.0,56922.37,57239.55,60915.402
55581.96,56416.34,56957.35,59922.496
55046.25,55601.56,56731.03,58779.586
54303.45,54605.277,55879.19,57420.51
53532.02,53840.5,55000.19,56088.273
52330.22,53273.21,53673.82,54858.074
51408.28,51905.543,52786.38,53843.57
50299.66,50646.934,51575.65,52907.797
49367.23,49628.51,50706.2,51990.992
48738.19,48779.266,49650.38,50744.785
47301.69,47956.938,49144.4,49620.54
46817.35,46944.0,48207.88,48489.707
46452.56,46260.625,47768.58,47631.004
45987.85,45742.895,47481.21,46881.13
45508.45,45215.266,46973.06,46250.805
45151.51,44680.77,46589.62,45535.59
44998.54,44262.727,46115.19,45063.336
44638.85,43942.887,45784.01,44625.484
44031.32,42870.47,45776.24,44237.074
43755.49,44018.043,45119.95,44126.1
43319.34,44597.22,44842.3,43896.605
43319.77,44820.594,44629.74,43751.016
43485.49,45016.19,44549.13,43627.15
43665.11,45053.05,44951.14,43599.258
43378.51,45081.594,44952.77,43610.742
43668.76,45034.54,44840.39,43712.066
44342.17,45135.496,44964.62,43894.4
44812.22,45231.297,45357.49,44234.36
44912.76,45402.773,45705.48,44562.277
45395.98,45597.344,46071.33,44971.61
46530.16,45994.35,46420.35,45470.43
46884.01,46449.06,47571.84,46252.953
47525.06,46963.1,47978.01,47031.695
48727.24,47577.43,48814.42,48038.336
51833.46,48635.113,49564.37,49384.848
53743.93,49812.02,51827.18,51737.926
55099.48,51098.664,53821.28,54222.59
56395.55,52424.23,55167.83,56821.25
57841.82,54352.35,56583.71,59013.984
58733.24,55508.484,58363.53,61252.543
60028.94,56485.6,59603.33,62689.83
60619.99,57277.02,60616.29,63812.0
61799.96,58573.555,61599.51,64649.484
62493.58,59459.117,62401.66,64591.85
63146.37,60158.133,63193.58,64900.12
63566.86,60726.43,63610.94,65203.703
63298.04,61485.344,64041.89,65436.004
63597.96,61691.33,63907.23,66271.42
64353.59,61820.406,64325.73,66510.69
64878.53,61846.414,64959.54,66786.7
64960.77,62067.78,65622.58,67144.43
65210.11,61885.6,65957.79,67981.45
65573.99,61686.82,66313.59,68437.68
65887.12,61457.51,66724.81,68884.74
65954.31,61453.99,67295.13,69280.95
66365.53,61178.465,67442.71,69657.195
66425.18,60936.746,67877.07,69867.02
66072.7,60701.742,68142.79,69987.11
65668.0,60691.59,68279.08,70043.84
65659.7,60492.832,67295.31,69962.7
65690.66,60322.75,67135.44,69903.68
65581.24,60178.387,67216.18,69820.44
65876.32,60188.555,67244.51,69725.086
65642.28,60064.14,66974.9,69447.66
65237.24,59973.46,66629.82,69298.234
64657.33,59884.297,66313.41,69156.484
64548.45,59843.13,65979.35,69020.37
64370.22,59764.77,65964.98,68645.08
64015.24,59713.254,65947.63,68462.03
63638.65,59664.918,65710.69,68288.99
64072.67,59510.277,65417.76,68128.984
63973.09,59464.066,65348.03,67678.17
63321.08,59426.742,64775.24,67434.75
62592.67,59399.81,64428.78,67164.984
62355.62,59124.516,64010.87,66875.19
61874.11,59086.805,63906.55,66308.16
61645.16,59056.156,63368.85,65993.49
61570.99,59036.34,63147.15,65778.87
61844.67,58713.992,62920.21,65651.99
61524.51,58658.49,62914.89,65338.41
61298.47,58616.402,62655.17,65248.61
61417.68,58585.09,62603.82,65219.9
61408.12,58311.426,62692.36,65232.64
61199.86,58237.92,62590.05,65039.3
60824.65,58183.914,62227.48,65037.336
60846.87,58161.344,62407.08,65071.594
60411.83,58024.75,62405.04,65114.79
59818.64,58010.363,62292.5,64880.402
59638.73,58034.492,61863.98,64758.36
59351.54,58073.996,61405.01,64586.33
58942.48,58067.797,61289.31,64352.96
58113.37,57927.105,60572.39,63938.297
57388.42,57715.977,59941.99,63425.508
56594.85,57483.55,59212.38,62928.69
56075.21,56972.973,58366.0,62508.766
55899.89,56274.98,57986.16,61961.027
55795.13,55684.64,57629.56,61358.15
55662.94,55239.58,57369.95,60588.117
55073.9,54535.97,57215.74,59695.137
54398.45,53698.918,56668.6,58502.324
53328.09,53087.664,55993.28,57292.56
52051.25,52607.848,54781.46,56133.793
50972.81,50634.836,53838.94,55140.89
49849.24,49594.707,52743.95,53992.56
49149.86,48700.516,52019.45,53042.664
48398.18,47939.746,51128.05,51907.453
47470.47,47213.062,50874.11,50872.0
47060.99,46309.19,49720.71,49794.71
46432.64,45707.21,49235.33,48971.047
45868.42,45226.906,48863.84,48250.926
45333.24,44807.188,48460.0,47646.938
45045.2,44338.402,47992.82,46958.367
45080.15,44003.31,47715.18,46492.195
44640.91,43791.15,47383.46,46061.53
44081.52,42579.906,47108.95,45675.617
44193.96,43665.56,46839.93,45371.32
44047.04,44339.67,46616.31,45123.312
43969.7,44727.98,46449.61,44951.703
44242.64,45058.555,46279.43,44809.805
44135.58,45198.81,46348.37,44786.527
44170.83,45272.17,46223.19,44786.42
44583.39,45321.29,46046.01,44864.74
44707.41,45546.9,45972.71,45003.14
44765.36,45631.902,46336.38,45290.723
45174.6,45755.023,46549.77,45540.59
45601.34,45965.934,46864.91,45861.934
46819.05,46415.938,47379.81,46261.84
47211.12,46890.47,48571.61,46940.3
47827.32,47420.227,49099.06,47593.438
49241.08,48060.58,49239.83,48461.277
51966.01,49234.105,50132.73,49621.598
53577.2,50413.566,52247.36,51642.25
55136.19,51626.188,53914.56,53816.23
56673.47,52798.887,55291.63,56332.188
58203.06,54443.66,56637.51,58754.797
59350.14,55338.94,58229.03,61309.316
60383.62,56034.688,59436.99,63035.402
61352.57,56566.137,60849.17,64357.598
62187.32,58036.08,61887.67,65298.805
62826.4,58603.32,62636.52,65241.945
63377.63,59023.797,63134.74,65572.93
63634.45,59338.74,63740.22,65844.11
63329.93,59987.336,64390.54,66037.445
63647.5,60012.14,64217.57,66805.6
64142.75,60002.28,64605.13,67027.3
64538.01,59939.836,65202.91,67306.0
64386.6,60214.715,65920.8,67653.08
64843.27,60050.32,66404.97,68510.484
65177.25,59904.344,66687.23,68939.84
65975.47,59774.33,67269.31,69329.93
66397.72,59975.81,67565.32,69656.09
66997.01,59847.805,67833.37,70025.49
67534.52,59752.293,67998.35,70167.76
67798.84,59692.32,68609.14,70233.44
67081.91,59853.508,68907.02,70248.44
66488.06,59776.03,67763.85,70201.76
66421.55,59716.285,67367.89,70136.0
66280.57,59684.94,67626.85,70054.375
66426.05,59776.656,67794.32,69971.58
66413.64,59748.457,67560.85,69748.12
66134.74,59740.297,67255.86,69632.33
65634.91,59742.56,67071.27,69526.305
65477.23,59668.81,66545.41,69435.23
65789.75,59646.49,66183.09,69109.98
65517.09,59627.324,66174.49,68974.69
65009.8,59623.75,65960.22,68844.29
65143.49,59367.684,65709.67,68724.61
64535.15,59364.805,65761.55,68301.21
64308.74,59364.18,65358.67,68098.68
63768.02,59369.96,64752.07,67874.48
63508.21,58957.055,64339.76,67633.516
62892.99,58941.375,64211.82,67080.6
62501.79,58951.438,63851.3,66789.97
62484.53,58958.84,63358.18,66566.875
62859.55,58517.723,63414.29,66424.016
63007.46,58478.812,63661.89,66066.34
62864.12,58473.168,63021.43,65967.95
62719.47,58476.316,63366.2,65937.47
62480.44,58084.38,63246.96,65949.3
61997.94,58049.68,63339.03,65732.05
62310.71,58026.06,62964.08,65729.125
62553.71,58020.75,63037.19,65763.945
62298.34,57748.324,63063.29,65792.4
61631.73,57733.496,62620.94,65555.1
61303.7,57732.223,62339.42,65408.707
61011.19,57755.797,62167.28,65221.695
60116.23,57768.285,61938.2,65001.812
59194.01,57767.055,61475.93,64580.832
58375.26,57751.94,60795.51,64157.71
57942.27,57723.38,60282.37,63768.02
57411.92,57337.582,59782.32,63447.625
56724.48,57008.074,59070.98,62817.633
56832.18,56683.273,58884.8,62244.082
56409.02,56402.793,58715.45,61514.86
55507.53,55684.25,58267.4,60681.395
54596.84,55034.363,57450.07,59464.4
53508.39,54489.133,56457.9,58317.273
52387.21,54001.555,55406.45,57216.125
51234.58,51641.496,54969.55,56271.004
50327.78,50605.492,53993.71,54784.03
49462.68,49706.523,53174.42,53846.16
48647.55,48888.79,52162.48,52762.14
47945.22,48004.18,51332.06,51757.625
47336.45,46994.9,50281.26,50662.125
47008.64,46229.227,49598.28,49799.523
46496.74,45653.957,49259.21,49032.465
45878.63,45121.25,48639.78,48381.383
45508.96,44500.734,48046.18,47641.0
45114.43,44050.938,47705.26,47124.41
45097.08,43686.42,47396.33,46646.97
44574.41,41802.81,47114.65,46221.082
44468.47,43084.473,46981.32,45570.04
44402.54,43967.61,46712.43,45416.598
44307.47,44558.4,46545.56,45299.65
44688.22,45014.07,46391.04,45198.55
44478.06,45285.094,46659.69,45204.43
44493.75,45443.613,46497.36,45219.883
44492.46,45574.836,46446.74,45307.34
44849.71,45804.93,46634.49,45449.406
45180.88,45941.242,47016.38,45756.94
45613.87,46158.44,47282.12,46024.39
45996.78,46449.45,47450.94,46373.504
46961.83,46976.664,48073.26,46819.37
47451.97,47458.645,48954.16,47610.055
48271.06,47985.48,49611.7,48372.684
49435.87,48573.4,49885.34,49389.594
52247.66,49544.2,50974.29,50758.195
53915.44,50370.34,53291.09,53109.96
55546.6,51168.094,55035.01,55677.01
56864.26,51915.86,56322.95,58456.652
58509.17,53084.348,57545.04,60834.344
59443.03,53752.797,59465.05,62965.324
59940.62,54296.805,60507.79,64232.473
61425.15,54775.367,61566.69,65160.066
62606.16,57575.844,62545.7,65840.07
63031.99,58146.266,63432.83,66685.914
63180.52,58577.69,63976.42,66918.36
63367.12,58915.79,64194.03,67117.17
63149.87,59570.215,64708.03,67281.61
63642.5,59714.668,64685.56,67822.95
64611.6,59806.902,65198.28,68000.7
64967.32,59848.934,65876.18,68227.71
65194.29,60142.61,66463.37,68501.32
65467.58,60107.758,66628.86,68992.43
65949.53,60067.76,66712.86,69292.484
66471.92,60020.906,67094.06,69577.28
66259.33,60147.62,67646.12,69824.7
66659.12,60091.65,67565.04,70016.68
67027.79,60042.184,67805.35,70093.625
67286.65,59995.69,67972.67,70121.17
66732.86,60027.133,67986.53,70107.52
66442.52,59973.28,67343.01,69980.37
66073.7,59938.805,66855.89,69865.37
65859.23,59908.1,66824.26,69740.11
65612.88,59825.87,66657.95,69595.65
65261.89,59793.543,65917.68,69292.22
64752.46,59774.227,65644.08,69105.57
64232.76,59780.234,65436.26,68917.055
64187.41,59579.5,64841.23,68743.66
63890.71,59548.844,64467.98,68328.78
63481.75,59525.758,64440.42,68085.22
62770.21,59510.496,64212.65,67855.266
62384.13,59202.383,63973.29,67614.0
62141.38,59180.785,63528.49,67051.12
61883.07,59164.555,63199.72,66703.016
61468.08,59129.53,63010.01,66382.73
61670.05,58711.695,62266.58,66173.016
61258.85,58659.977,62349.29,65781.11
60556.93,58612.562,62580.31,65652.0
60026.64,58577.203,62302.74,65559.94
59757.87,58166.07,62177.91,65517.617
59793.75,58115.637,62631.88,65214.586
60066.27,58058.227,62649.18,65144.55
60045.82,57969.71,62579.16,65128.555
60101.81,57580.246,62315.9,65123.46
59623.66,57430.344,62707.33,64791.03
59612.1,57308.67,62043.24,64709.14
59393.1,57196.863,61898.26,64678.97
58923.67,56894.152,61432.89,64646.4
58262.58,56750.01,61185.42,64260.758
57599.07,56639.117,60868.14,64106.633
57114.71,56572.484,60762.16,63974.434
56352.02,56354.492,60338.2,63838.28
55305.33,56215.85,59437.23,63426.082
54547.57,56112.754,58600.73,62988.9
54062.97,56029.12,57636.8,62547.125
53500.74,55526.523,56938.27,62171.617
53131.04,55041.09,56206.22,61299.367
52809.67,54604.49,55976.1,60656.293
52692.51,54224.082,56061.54,59854.773
52312.18,53426.816,55269.6,58941.73
51740.23,52718.75,54951.98,57570.93
50750.61,52189.47,54572.03,56515.13
49971.69,51684.902,53241.97,55524.914
49299.01,49675.65,52043.82,54705.195
48422.81,48710.195,51096.25,52894.973
47442.91,47712.254,50218.53,52150.24
46841.19,46714.094,49051.27,51120.54
46241.89,45863.914,48346.55,50157.58
45780.39,44862.055,47686.0,49038.44
45024.38,44142.965,46669.28,48224.0
44645.99,43503.625,46113.6,47481.1
44117.76,43052.72,45664.18,46851.035
43299.93,42537.79,44479.92,46064.312
43009.38,42060.375,43964.69,45563.004
42480.21,41707.258,43475.67,45094.61
41639.38,40567.117,42797.31,44680.62
41006.39,40872.742,42688.91,44034.656
40739.37,40957.586,42194.85,43825.617
40688.16,40884.336,42206.52,43711.242
40028.53,40750.11,42083.33,43532.81
39881.32,40426.24,41677.29,43420.78
39752.85,40172.26,41482.39,43371.82
39757.94,39993.715,41102.58,43376.91
39359.5,39908.473,41171.48,43419.64
39341.62,39822.582,40934.84,43494.914
39407.5,39818.07,40695.3,43561.71
39402.27,39877.066,40486.08,43631.11
39804.18,39974.0,40674.65,43708.96
39420.76,40136.43,40976.35,43835.113
39120.46,40237.453,40903.53,43925.16
39356.96,40290.594,40601.5,44054.383
40516.73,40430.055,40745.05,44230.367
41113.86,40754.36,41679.81,44554.33
42010.27,41181.055,42144.37,44884.984
42773.2,41789.99,43077.9,45374.902
43590.3,42719.34,43704.74,46034.67
44387.82,43768.78,44789.03,47018.63
45689.74,44950.17,45865.81,48038.887
46633.13,46281.39,46299.26,49127.234
47830.87,47913.305,47233.22,50199.23
48921.13,49068.863,47963.72,51380.348
49820.97,50248.87,48742.76,52335.527
50739.65,51409.13,49512.99,53194.434
51260.14,52641.824,50419.33,53948.895
51854.76,53394.547,51342.02,54799.855
52736.77,53971.91,51883.45,55455.332
53087.83,54381.082,52452.69,56021.17
53653.99,54925.74,52953.97,56530.445
54059.16,55097.383,52963.35,57102.89
54283.84,55226.863,53149.62,57532.105
54872.21,55299.02,53851.46,57916.85
54781.63,55514.875,54223.35,58307.78
55117.2,55439.023,54885.61,58795.676
55461.85,55288.04,55269.63,59172.08
55849.99,55065.164,55468.86,59416.293
55562.82,54918.566,55415.58,59535.387
55469.32,54644.86,54981.28,59513.004
55619.51,54337.33,54635.18,59232.25
55208.07,54021.492,54538.61,58777.71
54584.75,53804.004,54139.5,58169.09
53801.32,53588.28,53340.22,57527.945
52894.08,53416.62,52965.29,56818.367
52473.35,53261.07,52755.37,56127.84
51763.71,53165.668,52444.07,55524.676
51178.61,53029.613,52150.78,54977.58
50882.25,52887.44,52001.52,54435.188
50727.25,52769.67,51846.96,53960.562
51010.8,52704.57,51733.01,53588.19
51028.57,52635.79,51437.65,53210.227
50964.88,52625.35,51443.78,52837.7
50824.31,52631.79,51011.46,52545.926
51045.4,52625.77,50755.23,52349.395
50824.76,52581.074,50623.46,52156.984
50416.66,52517.242,50728.32,52063.945
50142.99,52411.6,50540.95,52128.645
49845.18,52333.55,50480.49,52281.52
49871.71,52135.832,50750.88,52485.58
50144.33,51999.72,50834.25,52708.05
50491.66,51953.15,51167.45,53030.223
51822.32,51984.746,50829.1,53318.953
52020.56,51981.984,51309.11,53594.316
51560.46,51961.875,51015.81,53704.047
51237.16,51915.336,51287.41,53828.348
51236.83,51862.688,51272.24,53893.934
50739.63,51725.332,51273.35,53849.906
50493.51,51532.707,50938.67,53617.883
50569.68,51347.434,50863.53,53329.723
49894.18,51217.66,50469.81,52959.184
48573.08,50794.918,49626.92,52472.863
47739.64,50017.55,48903.86,51823.54
47991.95,49131.395,48629.27,51275.88
47487.26,48600.086,47837.21,50900.66
47352.49,47764.285,47099.66,50619.19
47991.65,47172.977,47243.24,50448.02
48039.9,47076.36,46869.39,50260.055
47657.78,46957.867,47090.24,49967.945
46789.64,46594.074,46850.59,49463.875
46387.24,45961.523,46341.34,48889.477
45920.04,45389.977,45435.51,48307.25
44504.37,43686.855,45016.72,47768.414
43849.58,43219.465,43963.1,46823.32
43279.2,42543.18,43126.38,46086.363
42721.17,41870.617,42477.4,45271.914
41512.2,41215.39,41873.46,44402.6
40937.97,40471.734,41160.08,43447.555
40320.04,39896.035,40295.18,42621.867
39519.77,39430.703,40067.43,41858.68
39027.44,39012.7,39651.09,41161.293
38505.45,38691.227,39080.45,40433.18
37797.68,38441.914,38904.52,39839.457
37484.89,38254.773,38726.19,39296.65
37091.86,36727.92,38272.15,38815.22
37210.64,36802.742,37856.79,38177.035
36747.66,36898.598,37833.2,37938.85
36897.15,36950.348,37773.58,37755.566
36551.82,36991.4,37708.92,37608.25
36600.23,37006.25,37673.7,37496.21
36319.65,37031.727,37614.82,37401.47
36408.57,37057.82,37307.23,37331.22
36119.42,37109.586,37263.48,37287.28
36057.08,37147.305,37339.21,37294.875
36332.38,37194.1,37464.86,37322.254
36215.93,37252.367,37509.93,37371.574
36444.27,37340.844,36232.22,37415.863
36176.8,37415.477,37170.67,37461.44
36159.65,37488.867,37149.03,37454.777
36034.32,37567.54,37040.04,37428.47
36382.78,37738.97,37150.47,37398.723
36415.4,37867.49,37047.54,37436.42
36939.56,38019.766,37020.94,37440.98
37312.22,38201.723,37225.85,37503.29
38011.76,38541.914,37969.92,37639.523
38497.48,38770.516,38954.69,37974.945
38777.04,39012.492,39139.37,38332.4
39537.02,39250.707,39636.49,38809.375
40235.27,41086.688,40174.31,39374.04
41442.98,41281.098,41170.51,40952.57
42189.78,41497.605,41402.6,41743.52
43041.76,41814.285,42095.74,42567.0
43579.14,42391.484,42843.4,43396.355
44042.05,42904.426,43755.75,44330.406
44540.35,43473.457,44275.16,45123.344
45035.15,44110.14,44946.35,45887.03
45620.17,44902.55,45793.38,46608.906
46511.83,45648.047,46373.16,47356.72
47180.03,46533.39,46403.77,47967.19
47823.92,47402.156,46890.9,48494.242
48393.79,48291.39,47445.91,48977.45
49000.05,48997.64,47944.48,49520.008
49742.98,49628.22,48177.55,50027.87
49809.87,50244.316,48437.72,50518.54
50104.79,50686.51,49054.16,50898.586
49550.95,51022.457,49105.78,51101.883
49260.47,50973.863,48930.72,51013.08
49032.54,50813.266,48444.18,50699.25
48514.96,50642.375,48163.41,50220.52
48080.39,50177.547,47989.54,49667.66
47533.83,49690.13,47529.64,49046.33
47369.36,49111.664,47151.12,48471.438
46750.95,48732.406,46638.42,47970.062
46709.59,48200.004,46321.03,47497.016
46407.83,47936.832,46413.51,47061.45
45807.49,47705.336,46070.85,46690.188
45595.28,47434.355,46140.35,46390.99
45633.19,47150.957,46408.34,46052.99
45262.44,47038.25,46083.4,45802.195
45016.48,46857.5,45787.13,45610.57
45115.86,46723.977,45636.93,45489.53
44962.2,46611.363,45828.28,45350.438
45206.81,46509.668,45755.14,45364.273
45369.58,46565.707,45607.66,45491.402
45705.17,46711.105,45950.11,45724.902
45842.04,46830.703,46538.89,45999.695
45750.13,46980.61,46952.64,46410.83
45831.91,47056.617,47192.48,46893.125
46615.61,47189.96,47495.41,47408.47
47125.93,47521.406,48451.36,47911.17
47026.41,47962.25,48490.7,48299.98
46934.66,48201.125,48546.39,48664.062
47719.27,48352.207,48637.7,48966.316
47700.24,48616.293,49293.27,49229.074
47697.85,48736.42,49231.36,49345.35
47459.55,48795.297,49044.3,49473.254
47697.06,48672.855,48738.03,49654.453
47498.83,48501.684,48722.43,50025.22
47258.72,48260.707,48416.96,50274.1
46623.3,47962.914,48048.78,50485.953
46519.17,47358.465,47597.04,50582.91
46551.25,46816.01,47898.38,50432.383
47190.19,46484.477,48049.28,50185.125
47643.16,46544.918,48383.59,49824.582
47826.3,46661.65,48370.68,49391.66
47325.68,46711.82,48097.68,48773.91
46624.92,46488.18,47541.8,48145.57
45609.2,46034.48,46705.83,47520.418
44997.77,44292.664,46172.5,46978.156
44477.54,43839.547,45013.55,45989.254
43597.07,43208.094,44331.19,45201.582
42950.47,42477.016,43776.91,44321.617
42244.1,41737.188,43373.75,43448.008
41891.96,41023.11,41866.89,42486.6
41664.76,40454.5,41406.58,41789.523
41107.26,40008.176,40888.75,41171.168
40520.22,39570.965,40680.98,40631.14
40176.68,39183.023,40415.51,40073.094
39786.61,38871.78,40228.85,39673.945
39157.3,38620.89,40104.92,39297.8
38711.19,38353.688,39938.16,38941.168
38793.28,38607.1,39774.1,38731.906
38652.81,38870.79,39743.49,38512.992
38508.72,39065.26,39611.02,38402.62
38968.59,39258.598,39741.08,38354.496
39013.73,39406.88,39527.43,38395.703
39039.26,39532.85,39513.43,38471.984
38910.25,39660.684,39667.14,38601.734
39870.51,39832.5,39873.85,38786.453
40200.01,40093.617,40424.3,39074.977
40710.66,40431.492,40555.26,39395.453
41214.79,40900.234,40894.51,39791.543
42657.33,41645.914,41379.96,40300.168
43540.95,42697.14,42752.18,41076.57
44255.84,44098.75,43714.86,42016.836
45617.8,45814.285,44164.43,43266.195
48794.64,48251.664,45674.92,44915.734
51216.7,50749.32,49634.76,47374.562
52912.44,52991.414,51733.78,50060.41
54305.79,54794.37,53458.03,52841.24
56234.57,56592.965,55105.35,55265.64
57470.43,57650.05,57197.11,57500.508
58630.0,58461.07,58403.02,59122.094
59729.23,59080.92,59484.55,60485.17
60714.03,59124.363,60564.92,61600.125
61477.17,59825.223,61513.84,61422.84
62047.61,60356.05,62178.8,61989.457
62202.55,60748.266,62623.11,62541.867
61817.32,61678.434,62941.51,62991.74
62247.3,61691.113,62801.47,63478.105
62960.84,61656.79,62907.45,63772.895
63830.28,61581.258,63595.88,64055.81
64277.42,61846.21,64752.82,64325.883
64218.88,61635.31,64979.84,64772.04
64327.61,61423.336,65040.05,65101.797
64696.73,61210.406,65115.17,65468.29
64939.55,61316.535,65384.79,65852.22
65504.4,61089.55,65177.34,66308.016
65946.9,60906.594,65632.94,66593.984
65766.76,60758.535,65662.53,66805.75
65511.31,60871.668,65822.92,66950.29
65312.55,60735.69,65803.1,66981.22
65412.07,60587.863,65537.41,66906.36
65907.14,60450.777,65401.44,66791.79
65914.07,60541.63,65558.5,66641.01
65517.88,60423.19,65376.92,66362.086
64919.73,60335.67,65237.62,66086.766
64493.79,60247.145,64837.36,65812.93
64488.1,60250.023,64360.6,65533.918
63838.98,60140.926,63944.7,65123.12
63649.58,60056.023,63927.78,64768.47
63290.54,59978.285,63601.35,64440.29
63407.08,59851.31,63279.78,64107.027
63091.57,59766.47,63247.36,63619.453
62999.89,59703.848,62979.75,63153.03
62746.75,59669.14,62272.47,62697.36
62806.62,59483.92,61844.39,62257.75
62565.16,59443.062,61624.17,61759.16
62261.13,59422.516,61401.6,61404.344
62009.29,59410.02,61033.75,61192.984
61887.07,59126.14,60988.07,61064.652
62128.38,59089.07,60923.61,60807.316
62098.02,59061.957,60831.16,60701.363
62280.09,59044.875,60969.35,60662.01
62135.6,58690.324,61212.52,60660.84
62161.39,58631.805,60869.0,60454.867
61889.41,58586.465,60539.2,60395.21
61753.22,58548.203,60695.81,60391.332
61446.93,58087.33,60465.08,60402.234
60876.28,58016.77,59933.73,60197.504
60734.81,57950.453,59531.53,60120.95
60384.7,57900.38,59291.53,60132.395
59679.06,57350.168,59251.5,60266.195
58674.42,57324.418,58481.82,60612.79
57907.71,57277.355,57707.88,60930.85
57381.26,57223.918,56829.46,61062.54
56644.47,56826.97,56277.04,60756.344
56639.04,56644.605,56059.15,59868.508
56386.32,56448.0,55809.87,58560.63
55828.74,56265.805,55692.32,57115.203
55500.09,55765.15,55334.26,55769.84
54831.41,55382.65,54602.74,54455.137
53531.48,55050.797,53746.85,53301.05
52753.51,54726.594,52696.13,52267.02
51388.53,52880.664,51719.5,51418.777
50596.15,51740.75,50335.25,50653.23
49607.95,50867.234,49241.23,49877.598
48729.2,50115.727,48606.18,48683.875
47882.56,49309.45,47924.27,47576.08
47080.27,48349.94,46736.64,46477.94
46596.69,47518.39,46253.35,45650.047
46151.51,46819.516,45716.46,44934.46
45519.59,46197.527,45320.16,44344.33
45350.13,45324.72,44893.21,43737.93
45046.66,44744.332,44513.63,43316.043
44825.48,44289.5,44464.35,42927.72
44415.66,41845.008,44211.4,42579.887
43955.44,43414.562,43926.15,42497.36
43699.04,44574.22,43735.92,42329.027
43581.02,45400.59,43655.08,42230.664
43943.18,46047.453,43710.19,42142.703
43732.84,46500.105,43627.01,42120.75
43555.83,46797.285,43589.19,42113.836
43848.21,46983.367,43778.43,42177.68
44147.39,47291.83,43905.66,42320.504
44092.71,47474.504,44451.28,42611.414
44403.84,47614.56,44933.0,42914.113
45037.56,47794.887,45244.73,43296.066
46055.77,48216.305,45841.05,43761.773
46489.77,48571.73,46745.4,44479.53
47304.03,48907.332,47086.3,45205.25
48569.8,49274.1,47831.37,46128.543
51065.56,49958.492,49080.82,47351.043
52661.29,50534.613,51439.37,49404.08
54291.84,51125.914,53005.89,51734.883
55935.47,51756.695,54522.9,54338.934
57524.19,52776.08,55826.27,56689.203
58616.59,53436.54,57438.54,58993.96
59556.69,54005.445,58686.69,60539.613
60576.15,54449.562,59903.76,61782.617
61428.93,55384.81,60651.17,62754.367
62112.75,55984.496,61332.46,62844.555
62608.79,56382.977,61945.38,63260.11
63176.87,56675.684,62409.28,63646.09
62990.92,57503.543,62741.27,63940.574
63582.54,57591.207,63074.48,64455.145
64312.52,57671.777,63433.0,64675.023
64969.34,57734.797,64128.81,64906.03
65217.38,58270.24,64678.81,65167.54
65494.34,58255.293,65019.71,65714.83
65877.28,58263.383,65715.51,66084.74
66215.79,58277.758,66377.67,66498.734
66631.28,58710.188,66735.17,66926.625
67134.59,58685.914,67285.86,67390.69
67379.59,58681.383,67641.48,67677.2
67554.96,58682.086,67644.83,67896.28
67004.49,59017.633,67903.19,68040.82
66537.04,58980.39,67253.4,68017.47
66485.59,58959.895,66844.79,67969.81
66466.43,58942.39,66960.33,67883.41
66372.12,59161.098,66996.31,67763.39
66207.18,59129.523,66723.36,67438.66
65809.15,59113.42,66643.47,67204.97
65456.78,59108.305,66717.87,66975.19
65382.78,59181.383,66485.46,66739.31
65117.92,59168.84,65766.18,66280.586
64830.29,59176.715,65970.85,65969.84
64758.47,59185.67,65280.74,65689.984
64736.18,59092.01,65323.4,65411.47
64348.53,59091.29,65304.25,64880.96
63584.94,59107.79,64995.79,64478.766
63313.99,59132.504,64365.36,64058.316
62948.58,58894.406,64006.27,63626.137
62662.43,58910.402,64313.12,63006.71
62560.48,58929.312,63795.7,62623.188
62246.2,58960.434,63647.32,62392.695
62281.44,58656.0,63164.44,62260.516
62065.84,58661.285,62896.7,61917.363
62193.11,58681.684,62654.51,61795.598
62135.27,58710.9,62967.68,61760.555
61696.52,58381.105,62939.52,61765.508
61419.29,58373.074,62935.16,61501.863
61298.58,58377.54,62698.78,61440.4
61471.7,58380.82,62503.7,61438.266
61611.72,57954.22,62440.84,61468.4
61207.9,57860.438,61924.2,61188.082
60861.71,57754.586,61377.94,61090.703
60711.24,57630.56,60768.28,61069.484
59917.71,56988.402,60256.09,61124.676
59067.72,56797.195,59698.96,61374.57
58295.38,56632.74,58772.66,61581.27
57780.16,56514.426,58062.02,61741.492
57419.62,56096.617,57652.41,61583.938
57239.55,55888.63,57442.8,60881.152
56957.35,55715.78,57370.71,59743.742
56731.03,55597.44,57112.63,58427.703
55879.19,55118.586,56696.46,57153.656
55000.19,54788.242,55981.2,55843.16
53673.82,54513.906,54841.45,54652.535
52786.38,54253.797,53736.55,53569.543
51575.65,52177.156,52698.93,52684.027
50706.2,51272.297,51818.6,51798.836
49650.38,50564.996,50862.53,50955.945
49144.4,49928.625,49890.06,49704.094
48207.88,49257.78,48882.69,48553.902
47768.58,48420.305,48068.91,47420.043
47481.21,47761.156,47561.73,46537.477
46973.06,47246.26,46932.46,45765.965
46589.62,46741.848,46425.27,45122.594
46115.19,46048.3,46103.13,44437.29
45784.01,45511.51,45900.34,43972.203
45776.24,45083.72,45773.85,43549.254
45119.95,42714.703,45355.25,43173.227
44842.3,44361.39,44790.21,43094.633
44629.74,45536.83,44582.01,42885.24
44549.13,46388.633,44476.64,42753.355
44951.14,47099.31,44264.7,42635.46
44952.77,47627.324,44037.0,42596.883
44840.39,48047.684,43970.92,42578.117
44964.62,48377.668,44126.8,42647.055
45357.49,48826.82,44318.61,42802.516
45705.48,49123.246,44483.41,43124.617
46071.33,49428.906,44819.05,43450.656
46420.35,49735.35,45197.44,43860.277
47571.84,50277.69,45858.67,44351.992
47978.01,50673.254,46955.85,45099.324
48814.42,51029.055,47484.89,45826.5
49564.37,51397.453,48300.61,46720.086
51827.18,52110.523,49495.31,47877.633
53821.28,52628.78,52346.13,49801.805
55167.83,53197.914,54176.85,51923.38
56583.71,53770.33,55607.36,54366.363
58363.53,54754.633,56955.64,56680.79
59603.33,55234.176,58528.57,58997.18
60616.29,55615.586,59395.14,60642.027
61599.51,55898.523,60632.7,61972.31
62401.66,57123.44,61629.83,63024.156
63193.58,57508.723,62473.94,62872.277
63610.94,57756.69,62844.67,63403.176
64041.89,57925.984,63315.04,63885.68
63907.23,58753.586,63641.33,64259.7
64325.73,58763.055,63390.14,64617.363
64959.54,58783.05,63837.36,64852.273
65622.58,58801.594,64178.51,65083.957
65957.79,59379.812,64456.79,65356.062
66313.59,59338.98,64966.31,65708.36
66724.81,59316.26,65335.56,66062.24
67295.13,59291.895,65624.42,66459.03
67442.71,59596.035,66090.4,66875.86
67877.07,59565.22,66977.48,67185.586
68142.79,59552.383,67890.89,67421.06
68279.08,59547.113,67962.66,67589.69
67295.31,59712.152,68023.84,67700.82
67135.44,59694.99,66861.5,67589.25
67216.18,59691.473,66290.65,67500.375
67244.51,59693.113,65906.23,67389.805
66974.9,59743.71,65841.37,67251.19
66629.82,59740.305,65657.58,66892.055
66313.41,59749.504,64981.25,66607.91
65979.35,59761.195,64197.23,66352.74
65964.98,59695.582,63993.98,66097.266
65947.63,59697.35,63230.09,65647.73
65710.69,59708.81,63192.18,65251.117
65417.76,59722.31,63488.6,64887.94
65348.03,59543.586,63481.67,64534.094
64775.24,59545.906,63589.14,64070.336
64428.78,59552.164,63614.7,63575.9
64010.87,59561.89,63003.98,63107.93
63906.55,59294.453,62752.05,62612.527
63368.85,59291.4,62780.53,62189.4
63147.15,59296.598,62791.93,61767.895
62920.21,59306.703,62405.73,61505.207
62914.89,58992.125,61904.0,61333.15
62655.17,58989.316,61520.17,61168.086
62603.82,58994.504,61478.5,61032.09
62692.36,59005.723,61354.83,60978.375
62590.05,58698.312,61494.04,60956.504
62227.48,58696.96,60922.66,60833.6
62407.08,58698.41,60887.52,60812.4
62405.04,58693.168,61014.86,60835.047
62292.5,58368.18,61045.4,60898.5
61863.98,58334.88,60770.31,60873.44
61405.01,58291.96,60008.87,60877.766
61289.31,58248.195,59303.07,60999.316
60572.39,57860.766,59034.75,61260.582
59941.99,57813.39,58327.88,61712.285
59212.38,57766.125,57468.5,61995.125
58366.0,57732.58,56901.27,61987.887
57986.16,57330.676,56348.22,61585.92
57629.56,57274.773,55597.84,60628.324
57369.95,57225.086,55487.17,59467.36
57215.74,57197.1,55208.12,58232.145
56668.6,56729.266,54705.91,57094.926
55993.28,56561.94,53810.13,55860.383
54781.46,56422.81,52774.92,54795.645
53838.94,56307.695,51439.12,53782.59
52743.95,54012.605,50577.84,52934.246
52019.45,53146.84,49855.95,51736.824
51128.05,52475.637,48821.24,50881.176
50874.11,51900.332,47975.37,49610.992
49720.71,51179.97,46939.5,48432.598
49235.33,50459.746,45976.18,47254.434
48863.84,49857.27,45573.8,46331.41
48460.0,49352.2,44960.83,45503.715
47992.82,48780.062,44668.44,44807.035
47715.18,48102.6,44122.03,44095.777
47383.46,47586.676,43827.77,43592.055
47108.95,47152.56,43805.58,43130.465
46839.93,44585.09,43668.27,42722.406
46616.31,46237.83,42873.14,42564.562
46449.61,47319.215,42690.41,42420.203
46279.43,48084.047,42701.69,42371.21
46348.37,48746.95,42878.15,42344.16
46223.19,49181.83,42812.87,42401.695
46046.01,49512.31,42766.25,42470.68
45972.71,49758.477,42759.48,42604.195
46336.38,50153.67,42921.77,42804.77
46549.77,50372.21,43450.06,43179.74
46864.91,50573.27,43719.57,43539.387
47379.81,50762.18,43966.48,43982.438
48571.61,51241.24,44425.7,44520.055
49099.06,51495.254,45331.02,45387.07
49239.83,51722.73,45906.35,46243.754
50132.73,51921.19,46659.16,47341.57
52247.36,52584.527,47822.86,48806.09
53914.56,52966.84,50720.12,51308.434
55291.63,53391.086,52317.67,53726.625
56637.51,53836.203,53527.77,55952.402
58229.03,54792.383,55023.83,57845.66
59436.99,55188.45,56279.1,59653.164
60849.17,55490.793,57461.39,60932.883
61887.67,55697.164,58523.41,61990.227
62636.52,57592.594,59415.28,62851.293
63134.74,57818.145,59844.02,63409.53
63740.22,57951.59,60389.98,63824.62
64390.54,58041.26,61080.05,64131.04
64217.57,58996.297,61514.67,64355.47
64605.13,59011.223,61142.17,64684.74
65202.91,59022.844,61478.26,64898.285
65920.8,59017.27,62119.78,65179.195
66404.97,59631.816,62694.09,65513.117
66687.23,59616.523,62714.57,65953.19
67269.31,59610.258,63042.28,66343.625
67565.32,59603.797,63624.2,66757.82
67833.37,59829.895,63913.81,67147.11
67998.35,59822.355,64231.53,67429.984
68609.14,59825.74,64676.24,67636.44
68907.02,59832.656,65437.89,67784.65
67763.85,59889.11,65850.42,67864.016
67367.89,59888.316,65471.58,67723.95
67626.85,59894.44,65347.14,67574.54
67794.32,59896.65,65358.07,67431.76
67560.85,59838.082,65495.39,67280.12
67255.86,59834.77,64831.27,66938.17
67071.27,59838.617,64691.26,66670.91
66545.41,59844.38,64278.1,66443.84
66183.09,59697.387,63587.11,66233.19
66174.49,59696.742,63174.41,65842.15
65960.22,59697.91,63066.62,65535.31
65709.67,59704.17,62808.77,65306.58
65761.55,59476.195,62847.21,65086.45
65358.67,59473.887,62371.07,64678.496
64752.07,59480.965,61519.58,64319.926
64339.76,59491.883,61025.2,64014.543
64211.82,59210.44,61010.03,63674.676
63851.3,59212.547,60950.42,63090.12
63358.18,59221.32,60543.05,62666.723
63414.29,59241.836,60081.94,62426.016
63661.89,58928.71,59703.77,62292.848
63021.43,58934.805,59849.52,61953.395
63366.2,58953.164,59845.76,61779.938
63246.96,58967.984,59621.73,61710.203
63339.03,58653.965,60210.39,61687.04
62964.08,58672.316,60045.06,61392.09
63037.19,58701.527,59900.84,61315.773
63063.29,58715.15,59514.03,61345.344
62620.94,58367.336,59474.16,61420.008
62339.42,58390.55,59190.07,61212.06
62167.28,58401.516,58410.74,61190.87
61938.2,58425.25,58094.93,61223.617
61475.93,57989.51,57773.5,61242.34
60795.51,58071.613,56931.98,61068.95
60282.37,58145.82,55932.99,60836.87
59782.32,58254.1,55407.4,60646.28
59070.98,57943.805,55132.56,60534.305
58884.8,58038.027,54807.16,59979.496
58715.45,58135.586,54724.66,59437.445
58267.4,58229.387,54554.32,58671.562
57450.07,57852.566,54217.97,57799.992
56457.9,57801.434,53472.63,56533.047
55406.45,57761.535,52443.06,55377.41
54969.55,57726.26,51432.01,54252.484
53993.71,55269.97,50615.07,53290.266
53174.42,54431.176,49570.22,51683.824
52162.48,53742.55,48762.81,50712.77
51332.06,53135.215,47934.27,49573.43
50281.26,52274.363,47099.75,48596.156
49598.28,51526.746,46737.36,47586.44
49259.21,50876.566,46139.36,46855.336
48639.78,50313.848,45631.67,46202.742
48046.18,49548.438,45009.92,45648.727
47705.26,48695.703,44190.32,45030.473
47396.33,48013.055,43617.23,44601.93
47114.65,47438.652,43378.98,44199.84
46981.32,44595.562,43131.62,43837.883
46712.43,46101.88,42596.38,43113.75
46545.56,47015.94,42804.27,43004.92
46391.04,47626.562,42657.59,42952.9
46659.69,48195.84,42868.17,42917.79
46497.36,48561.973,42991.99,42966.547
46446.74,48855.477,43132.37,43025.145
46634.49,49091.984,43160.12,43149.867
47016.38,49574.57,43193.38,43342.4
47282.12,49836.52,43907.47,43711.277
47450.94,50094.363,44120.96,44062.33
48073.26,50341.086,44375.58,44501.7
48954.16,50962.434,44792.54,45041.242
49611.7,51291.03,45924.0,45927.67
49885.34,51613.69,46698.24,46828.098
50974.29,51887.17,47170.5,48032.85
53291.09,52559.4,48208.15,49675.742
55035.01,52961.8,50484.87,52330.88
56322.95,53439.207,51955.83,54835.234
57545.04,53953.875,53483.1,57026.65
59465.05,54825.945,54849.24,58751.363
60507.79,55308.566,56600.13,60335.008
61566.69,55679.98,57543.37,61452.33
62545.7,55962.05,58586.25,62398.88
63432.83,58374.07,59478.17,63187.105
63976.42,58652.75,60351.51,64406.93
64194.03,58864.176,60896.44,64806.516
64708.03,59053.1,61242.93,65125.684
64685.56,59601.4,61548.52,65375.82
65198.28,59685.64,61490.58,65747.984
65876.18,59771.598,61879.98,65983.45
66463.37,59872.88,62251.61,66269.51
66628.86,60127.414,62948.99,66605.19
66712.86,60200.91,63125.64,67027.95
67094.06,60298.41,63346.93,67381.3
67646.12,60421.773,63658.79,67742.34
67565.04,60510.996,63881.83,68075.72
67805.35,60559.83,63944.98,68317.08
67972.67,60655.035,64432.73,68457.19
67986.53,60757.94,65046.42,68529.234
67343.01,60760.285,65602.39,68523.484
66855.89,60828.047,65096.1,68310.01
66824.26,60923.566,64793.26,68086.31
66657.95,60988.625,64925.96,67833.15
65917.68,60887.816,64536.89,67555.09
65644.08,60967.12,63850.15,67044.21
65436.26,61045.78,63430.91,66624.805
64841.23,61140.61,62572.79,66239.09
64467.98,60985.426,61939.61,65861.79
64440.42,61050.152,61425.57,65263.03
64212.65,61145.707,60962.22,64818.96
63973.29,61226.57,60383.6,64465.094
63528.49,60944.945,59826.47,64162.812
63199.72,61003.27,60100.77,63614.895
63010.01,61033.89,59623.33,63206.86
62266.58,61120.75,59506.76,62866.383
62349.29,60867.938,59475.5,62559.05
62580.31,60968.195,59460.35,62039.168
62302.74,60985.71,59513.73,61715.055
62177.91,61009.637,59260.56,61539.637
62631.88,60665.98,58893.21,61426.42
62649.18,60678.85,59441.62,61049.656
62579.16,60694.74,59138.51,60899.21
62315.9,60688.227,59204.84,60844.617
62707.33,60277.312,58892.2,60815.98
62043.24,60226.098,58293.64,60451.656
61898.26,60191.2,57795.8,60323.453
61432.89,60127.13,57655.71,60269.246
61185.42,59643.023,57916.56,60252.43
60868.14,59538.117,57514.33,59922.734
60762.16,59453.97,56844.97,59734.316
60338.2,59376.566,56405.04,59578.93
59437.23,58890.027,55985.72,59414.34
58600.73,58777.57,55102.14,58914.344
57636.8,58665.992,54225.32,58437.758
56938.27,58627.438,53600.49,58065.363
56206.22,58076.312,52976.61,57914.25
55976.1,58026.42,52703.68,57282.1
56061.54,57999.754,52749.96,56900.73
55269.6,57940.406,52409.64,56275.41
54951.98,57242.19,51801.3,55524.164
54572.03,57057.055,50965.6,54288.973
53241.97,56897.68,50077.35,53315.137
52043.82,56733.61,48857.69,52348.742
51096.25,53932.113,48040.15,51521.367
50218.53,52964.86,46927.46,50042.594
49051.27,52032.22,46173.21,49295.164
48346.55,51068.918,45525.57,48241.758
47686.0,49839.465,44837.24,47269.684
46669.28,48677.17,43043.84,46231.598
46113.6,47480.117,42395.9,45466.855
45664.18,46438.977,41827.02,44773.05
44479.92,45372.266,41443.36,44182.492
43964.69,44158.348,41006.61,43556.06
43475.67,43249.043,40856.56,43116.883
42797.31,42564.11,40614.26,42714.46
42688.91,39515.875,40177.4,42359.42
42194.85,40135.047,39815.79,41508.375
42206.52,40501.594,39474.12,41296.42
42083.33,40753.098,39072.02,41206.457
41677.29,40861.83,38926.09,41032.484
41482.39,40681.75,38865.72,40885.75
41102.58,40473.203,39127.84,40782.516
41171.48,40188.35,38918.38,40734.535
40934.84,39999.5,38859.03,40739.137
40695.3,39726.906,38861.84,40811.676
40486.08,39519.883,38769.08,40905.32
40674.65,39368.055,38767.1,41039.12
40976.35,39363.797,38713.35,41204.53
40903.53,39422.297,38869.91,41432.6
40601.5,39501.38,39079.81,41631.906
40745.05,39556.996,39132.4,41854.773
41679.81,39748.95,39142.85,42117.11
42144.37,40095.363,39820.73,42502.15
43077.9,40527.824,40117.42,42914.277
43704.74,41208.28,40676.0,43450.836
44789.03,42151.137,41274.01,44131.402
45865.81,43208.965,42423.42,45104.14
46299.26,44404.46,43288.54,46138.76
47233.22,45539.78,44148.12,47221.42
47963.72,47125.734,45149.38,48241.344
48742.76,48200.336,46307.2,49166.99
49512.99,49344.223,46868.98,50065.906
50419.33,50497.18,47512.57,50906.23
51342.02,51701.434,48353.25,51668.48
51883.45,52606.734,49081.28,52545.016
52452.69,53340.44,49578.33,53249.594
52953.97,53947.65,50275.42,53878.035
52963.35,54600.9,51079.22,54416.906
53149.62,55059.484,51415.12,54998.758
53851.46,55437.652,51956.18,55372.88
54223.35,55742.5,52241.14,55676.473
54885.61,56109.492,52562.22,55934.32
55269.63,56290.207,52617.25,56248.973
55468.86,56354.875,52896.95,56411.707
55415.58,56331.625,53371.27,56476.523
54981.28,56281.15,53438.79,56422.176
54635.18,56085.062,53197.51,56265.4
54538.61,55840.74,53227.64,55926.33
54139.5,55536.066,52808.8,55485.098
53340.22,55308.33,52656.81,54982.246
52965.29,55054.375,52131.07,54441.26
52755.37,54791.098,51645.16,53856.656
52444.07,54570.242,50703.87,53311.668
52150.78,54394.863,50337.75,52830.824
52001.52,54186.574,49714.38,52364.207
51846.96,53993.312,49151.88,51920.16
51733.01,53849.535,48864.04,51575.62
51437.65,53750.625,48765.07,51299.785
51443.78,53573.06,48974.86,50997.293
51011.46,53445.348,48826.81,50718.23
50755.23,53295.44,48571.85,50531.594
50623.46,53211.51,47957.21,50392.32
50728.32,53010.36,47813.37,50226.152
50540.95,52932.402,47648.7,50072.188
50480.49,52826.402,47841.07,50044.027
50750.88,52915.793,47815.45,50110.67
50834.25,52863.723,47895.77,50213.7
51167.45,52894.145,48139.35,50311.613
50829.1,52980.668,48387.74,50498.18
51309.11,53176.707,48486.57,50680.81
51015.81,53180.52,48502.0,50847.477
51287.41,53157.035,48314.17,50854.836
51272.24,53217.156,47930.64,50896.656
51273.35,53368.113,48287.71,50930.055
50938.67,53216.312,48491.97,50949.72
50863.53,53008.492,47830.56,50744.707
50469.81,52818.67,47553.33,50536.242
49626.92,52608.516,47167.85,50271.406
48903.86,51817.035,46685.07,49921.9
48629.27,50905.914,45694.85,49331.906
47837.21,50113.75,45245.48,48837.867
47099.66,49062.92,45038.66,48553.766
47243.24,47689.215,45215.26,48448.844
46869.39,47010.76,45581.89,48531.29
47090.24,46414.9,45436.3,48591.17
46850.59,46203.562,44991.44,48456.703
46341.34,45870.75,44453.53,48014.074
45435.51,45462.85,43735.56,47419.65
45016.72,44845.613,43345.82,46764.684
43963.1,43363.7,42821.07,46134.61
43126.38,43040.42,42030.13,45106.066
42477.4,42313.562,41137.79,44229.57
41873.46,41582.16,40388.45,43277.234
41160.08,40897.523,39773.96,42299.15
40295.18,40249.195,38577.85,41293.305
40067.43,39695.324,37885.18,40427.945
39651.09,39303.98,37597.76,39653.746
39080.45,38986.164,37276.73,38991.375
38904.52,38715.383,36965.41,38407.414
38726.19,38533.645,36665.28,37960.875
38272.15,38413.59,36455.34,37606.52
37856.79,36814.92,36235.91,37335.13
37833.2,36884.562,35833.57,36446.18
37773.58,36977.633,35494.74,36300.344
37708.92,37049.387,35539.63,36185.535
37673.7,37097.875,35529.42,36089.5
37614.82,37121.33,35536.74,36020.344
37307.23,37147.445,35349.01,35956.72
37263.48,37166.945,35315.37,35918.1
37339.21,37210.703,35213.99,35915.375
37464.86,37253.473,35220.97,35971.484
37509.93,37312.88,35232.11,36033.395
36232.22,37381.992,35303.73,36091.793
37170.67,37419.56,35295.97,36134.363
37149.03,37487.137,35465.87,36198.125
37040.04,37564.227,35188.88,36233.47
37150.47,37649.336,35415.03,36277.668
37047.54,37818.957,35142.44,36337.477
37020.94,37927.688,35477.9,36460.36
37225.85,38070.33,35482.64,36602.03
37969.92,38249.273,35650.15,36821.715
38954.69,38611.44,35969.49,37158.945
39139.37,38919.977,36688.28,37765.65
39636.49,39229.688,37339.28,38417.184
40174.31,39558.297,37987.58,39128.51
41170.51,41308.887,38658.54,39826.91
41402.6,41456.85,39749.82,41283.152
42095.74,41600.906,40588.82,42051.33
42843.4,41851.543,40907.54,42807.65
43755.75,42344.125,41744.01,43557.938
44275.16,42866.766,42519.8,44441.92
44946.35,43466.12,42983.46,45170.785
45793.38,44186.883,43483.95,45855.387
46373.16,45160.863,44229.38,46489.875
46403.77,46063.41,44420.5,47184.04
46890.9,46706.6,44972.85,47728.094
47445.91,47311.582,45723.98,48207.254
47944.48,47968.734,46308.24,48668.797
48177.55,48473.707,46814.58,49241.094
48437.72,48815.176,47454.44,49740.53
49054.16,49054.98,47770.6,50155.414
49105.78,49415.965,47804.41,50421.113
48930.72,49555.48,47243.91,50529.48
48444.18,49544.883,47080.8,50355.086
48163.41,49326.703,46390.67,50005.535
47989.54,49109.484,46226.64,49551.016
47529.64,48850.86,45967.38,49032.37
47151.12,48487.41,45233.07,48443.113
46638.42,48104.36,45162.55,47906.3
46321.03,47660.4,44945.04,47432.066
46413.51,47187.355,44772.6,47011.66
46070.85,46995.297,44434.49,46591.875
46140.35,46754.445,44225.8,46242.363
46408.34,46709.12,44137.56,45958.332
46083.4,46769.484,44178.41,45672.812
45787.13,46684.75,43896.91,45433.812
45636.93,46532.098,43435.37,45239.477
45828.28,46459.023,43712.25,45084.438
45755.14,46428.66,43718.03,44908.19
45607.66,46427.23,43899.83,44843.207
45950.11,46403.848,43872.51,44865.824
46538.89,46638.77,44016.32,44998.355
46952.64,46928.78,44352.25,45205.367
47192.48,47320.727,44437.45,45558.375
47495.41,47705.434,44143.84,45997.035
48451.36,48225.43,44342.99,46483.652
48490.7,48749.008,44651.7,46971.074
48546.39,49103.035,44634.28,47381.57
48637.7,49351.95,44854.4,47772.13
49293.27,49687.434,45088.26,48126.61
49231.36,49864.47,45365.06,48428.86
49044.3,49898.22,44757.5,48574.945
48738.03,49834.17,44806.3,48667.336
48722.43,49779.176,44706.32,48710.402
48416.96,49447.15,45020.11,48632.344
48048.78,49066.266,44667.75,48487.54
47597.04,48640.984,44653.19,48414.22
47898.38,48198.082,44408.77,48522.113
48049.28,47862.977,44469.31,48847.676
48383.59,47684.965,44926.07,49200.57
48370.68,47699.168,45075.11,49442.945
48097.68,47648.375,44826.6,49491.71
47541.8,47366.67,44944.1,49249.5
46705.83,46929.996,44483.37,48834.695
46172.5,46277.53,43704.56,48251.246
45013.55,44809.97,42989.58,47596.33
44331.19,44260.31,42076.88,46699.18
43776.91,43498.76,41360.74,45653.75
43373.75,42763.125,40651.65,44572.586
41866.89,42109.523,40025.48,43580.734
41406.58,41250.016,39393.71,42649.668
40888.75,40585.555,39164.47,41954.66
40680.98,40053.484,39212.77,41363.715
40415.51,39655.98,38716.4,40867.867
40228.85,39325.33,38131.66,40409.3
40104.92,39073.586,37930.9,40036.613
39938.16,38893.906,37360.06,39675.156
39774.1,38768.863,37147.28,39326.33
39743.49,39236.266,36825.92,39413.926
39611.02,39699.344,36639.24,39244.14
39741.08,40116.008,36682.95,39187.93
39527.43,40588.45,36501.3,39198.254
39513.43,40871.81,36658.38,39290.8
39667.14,41120.375,36511.64,39413.992
39873.85,41394.293,36591.04,39599.574
40424.3,41787.6,36709.65,39851.516
40555.26,42224.504,37400.56,40236.08
40894.51,42702.777,37782.21,40647.773
41379.96,43300.89,38053.0,41160.688
42752.18,44252.156,38626.38,41805.78
43714.86,45507.09,40431.98,42785.074
44164.43,46985.598,40972.91,43911.637
45674.92,48498.234,41917.2,45383.297
49634.76,50464.45,43405.12,47315.383
51733.78,52274.797,46763.34,50246.066
53458.03,53842.46,48587.45,53057.51
55105.35,55121.066,50130.77,55496.99
57197.11,56464.145,51440.23,57406.414
58403.02,57219.004,53002.35,59075.043
59484.55,57749.27,54046.89,60290.324
60564.92,58116.273,55395.85,61333.984
61513.84,58038.992,56558.37,62216.633
62178.8,58601.258,57698.69,62819.277
62623.11,58951.89,58123.85,63258.117
62941.51,59191.38,58786.19,63620.664
62801.47,59722.676,59590.33,63869.23
62907.45,59670.566,59789.98,64222.492
63595.88,59598.402,60372.18,64440.98
64752.82,59495.89,60872.07,64700.152
64979.84,59797.875,61306.06,65006.586
65040.05,59602.34,61724.22,65525.805
65115.17,59435.523,62053.53,65928.21
65384.79,59271.832,62652.15,66370.75
65177.34,59495.582,62513.92,66792.82
65632.94,59306.984,63263.14,67192.47
65662.53,59150.863,64279.89,67421.06
65822.92,59021.797,64103.45,67568.5
65803.1,59223.387,64243.01,67637.57
65537.41,59074.1,63684.56,67562.25
65401.44,58964.97,63034.03,67457.375
65558.5,58870.86,62562.46,67325.414
65376.92,59042.31,62260.91,67180.28
65237.62,58944.113,62593.86,66872.42
64837.36,58877.23,62688.27,66621.234
64360.6,58817.73,62458.43,66384.51
63944.7,58906.21,62301.91,66164.12
63927.78,58862.297,61889.27,65767.56
63601.35,58840.14,62213.62,65478.32
63279.78,58817.09,62044.82,65232.516
63247.36,58796.8,61767.43,64994.254
62979.75,58776.105,61818.48,64520.14
62272.47,58778.355,61247.85,64174.43
61844.39,58787.547,60907.54,63839.465
61624.17,58657.508,60342.12,63490.246
61401.6,58656.055,59798.95,62922.465
61033.75,58668.117,59490.05,62549.195
60988.07,58694.68,58815.48,62325.45
60923.61,58490.07,58885.47,62191.977
60831.16,58503.875,58948.19,61851.453
60969.35,58526.086,59027.2,61722.18
61212.52,58560.363,59253.42,61683.906
60869.0,58324.133,59121.25,61688.39
60539.2,58319.3,59040.1,61405.01
60695.81,58331.5,58824.08,61369.28
60465.08,58330.633,58780.34,61396.883
59933.73,58045.816,58448.53,61437.9
59531.53,57946.02,58306.15,61039.06
59291.53,57841.74,57763.79,60911.867
59251.5,57743.87,57686.09,60784.23
58481.82,57325.715,57326.37,60634.066
57707.88,57087.297,56124.94,60159.582
56829.46,56860.973,55331.9,59809.047
56277.04,56674.195,54845.05,59491.727
56059.15,56237.465,54574.63,59274.97
55809.87,55840.035,54316.49,58910.85
55692.32,55492.875,54092.95,58521.664
55334.26,55218.18,53702.21,57884.53
54602.74,54653.543,52842.32,57041.89
53746.85,54032.816,51994.58,55813.316
52696.13,53491.637,51041.42,54560.12
51719.5,52996.35,49768.59,53318.17
50335.25,51444.55,48802.09,52232.953
49241.23,50377.703,47617.72,51501.254
48606.18,49548.156,46818.72,50481.117
47924.27,48842.145,46157.33,49207.273
46736.64,48142.113,45481.75,48100.816
46253.35,47136.883,44818.25,47043.04
45716.46,46374.87,44357.19,46283.992
45320.16,45749.973,44022.06,45631.438
44893.21,45264.996,43736.84,45086.805
44513.63,44608.125,42762.9,44509.188
44464.35,44152.223,42452.08,44121.094
44211.4,43874.348,42214.59,43757.94
43926.15,41948.062,41935.95,43430.81
43735.92,43229.965,41350.95,43195.652
43655.08,44156.227,41462.74,43065.312
43710.19,44810.074,41293.2,43019.094
43627.01,45327.83,41452.27,42979.938
43589.19,45630.055,41475.25,42999.16
43778.43,45835.113,41551.59,43042.027
43905.66,46015.195,41391.99,43153.938
44451.28,46256.47,41488.62,43339.535
44933.0,46478.98,42184.41,43679.723
45244.73,46737.8,42522.41,44030.84
45841.05,47003.297,42802.59,44474.11
46745.4,47447.582,43136.32,45031.812
47086.3,47833.0,44359.3,45925.06
47831.37,48185.477,45192.85,46882.008
49080.82,48558.152,45897.6,48149.484
51439.37,49201.99,47002.86,49852.555
53005.89,49729.15,50203.55,52583.613
54522.9,50238.496,51947.71,55158.25
55826.27,50763.434,53199.98,57371.223
57438.54,51693.062,54367.07,59095.266
58686.69,52301.68,56179.56,60637.043
59903.76,52867.945,57301.57,61742.18
60651.17,53394.29,58122.04,62659.95
61332.46,54550.656,59455.52,63417.96
61945.38,55320.18,60410.01,63983.15
62409.28,55883.445,60864.68,64279.273
62741.27,56326.418,61433.7,64529.594
63074.48,57159.586,62026.14,64718.773
63433.0,57344.64,61435.68,65011.293
64128.81,57494.797,61468.03,65211.773
64678.81,57596.91,61779.49,65483.79
65019.71,58125.25,62304.17,65810.33
65715.51,58131.055,61831.84,66255.84
66377.67,58144.586,62359.09,66636.44
66735.17,58160.363,63113.62,67018.01
67285.86,58571.156,64090.73,67379.03
67641.48,58547.68,64359.72,67647.78
67644.83,58543.992,64561.81,67795.14
67903.19,58537.555,65580.64,67877.914
67253.4,58847.83,65852.83,67890.305
66844.79,58830.66,65150.66,67728.06
66960.33,58823.145,64862.96,67588.35
66996.31,58813.19,64695.37,67440.484
66723.36,59011.457,64885.37,67291.62
66643.47,59002.812,64652.85,66968.14
66717.87,59011.0,64051.88,66739.02
66485.46,59010.21,63702.9,66540.33
65766.18,59095.723,63337.57,66361.97
65970.85,59105.9,63051.9,65971.984
65280.74,59138.656,62501.42,65734.26
65323.4,59160.09,62246.4,65517.63
65304.25,59119.746,61458.34,65307.465
64995.79,59161.37,61163.04,64815.25
64365.36,59203.4,60838.11,64502.83
64006.27,59248.453,60609.91,64213.03
64313.12,59072.45,60223.45,63890.86
63795.7,59111.31,59849.37,63236.062
63647.32,59153.46,59608.61,62780.66
63164.44,59215.8,59758.05,62486.086
62896.7,58932.547,60126.98,62297.402
62654.51,58971.78,60601.36,61901.465
62967.68,59016.445,60794.81,61731.266
62939.52,59060.05,60541.17,61675.664
62935.16,58743.188,60505.29,61671.086
62698.78,58730.375,59945.39,61372.754
62503.7,58731.133,59367.77,61331.46
62440.84,58748.484,59445.84,61368.91
61924.2,58354.93,59223.86,61409.625
61377.94,58280.902,58786.91,61033.61
60768.28,58203.23,57885.27,60885.79
60256.09,58125.336,57602.11,60750.918
59698.96,57645.56,57018.9,60612.367
58772.66,57491.117,56337.39,60362.15
58062.02,57343.312,55596.34,60081.965
57652.41,57225.434,55253.71,59903.53
57442.8,56845.453,55031.1,59843.97
57370.71,56603.105,54919.21,59507.355
57112.63,56394.918,55107.58,58976.438
56696.46,56223.8,54633.78,58136.4
55981.2,55697.86,53503.63,57156.418
54841.45,55266.77,52286.92,55864.45
53736.55,54869.22,51155.21,54621.562
52698.93,54500.957,50142.87,53406.137
51818.6,52761.24,49303.76,52369.63
50862.53,51730.812,47864.86,51316.137
49890.06,50937.914,46919.02,50336.5
48882.69,50245.21,46508.75,49113.76
48068.91,49450.01,46041.57,48061.035
47561.73,48478.895,44911.41,47048.54
46932.46,47744.844,44288.87,46315.277
46425.27,47111.33,43643.14,45676.668
46103.13,46511.316,43467.18,45144.15
45900.34,45717.07,42815.18,44557.91
45773.85,45191.125,42275.97,44163.637
45355.25,44834.438,41997.02,43785.312
44790.21,42471.58,41838.94,43439.414
44582.01,44239.36,41569.44,43149.21
44476.64,45572.785,41443.56,42997.633
44264.7,46520.19,41918.6,42938.492
44037.0,47297.547,42000.2,42893.0
43970.92,47755.973,41846.3,42921.332
44126.8,48088.36,41645.75,42961.133
44318.61,48376.785,41853.25,43062.5
44483.41,48803.38,42072.23,43235.39
44819.05,49033.363,42684.15,43579.516
45197.44,49291.312,42803.1,43920.426
45858.67,49548.516,43173.95,44353.934
46955.85,50081.312,43924.13,44895.625
47484.89,50454.953,45043.05,45781.23
48300.61,50789.566,45451.94,46703.9
49495.31,51150.645,45895.27,47921.234
52346.13,51823.44,47207.08,49564.957
54176.85,52225.93,50281.05,52285.547
55607.36,52599.875,52061.59,54882.035
56955.64,52954.56,53339.59,57180.3
58528.57,53739.98,54391.49,59021.562
59395.14,54139.137,56012.73,60652.38
60632.7,54470.14,57608.38,61826.062
61629.83,54790.64,58583.76,62808.816
62473.94,55891.277,59085.81,63615.945
62844.67,56538.94,59839.55,64113.953
63315.04,57029.38,60326.3,64488.926
63641.33,57444.094,60567.09,64783.758
63390.14,58170.004,60794.6,64985.867
63837.36,58384.77,60925.21,65172.35
64178.51,58571.676,61037.71,65360.25
64456.79,58708.42,61685.81,65611.01
64966.31,59139.24,62843.18,65953.03
65335.56,59196.613,63326.48,66363.57
65624.42,59248.277,63944.18,66776.37
66090.4,59297.18,64529.6,67182.945
66977.48,59597.24,65021.18,67543.18
67890.89,59619.05,65387.39,67715.055
67962.66,59650.164,66045.0,67848.836
68023.84,59688.086,66061.24,67914.49
66861.5,59916.15,65623.17,67932.766
66290.65,59918.766,64690.24,67720.875
65906.23,59920.945,63788.67,67585.15
65841.37,59907.066,63277.13,67461.36
65657.58,60013.81,63189.74,67359.47
64981.25,59988.848,63131.59,67012.86
64197.23,59984.586,63373.11,66782.66
63993.98,59974.832,63130.16,66587.66
63230.09,59974.957,62733.54,66412.87
63192.18,59945.453,62917.67,66005.81
63488.6,59924.145,63101.09,65747.37
63481.67,59913.383,62793.52,65544.086
63589.14,59787.562,62331.46,65363.1
63614.7,59773.98,62116.03,64954.715
63003.98,59774.3,61901.99,64668.7
62752.05,59749.07,62040.96,64406.96
62780.53,59495.348,61472.13,64114.65
62791.93,59471.6,60970.09,63605.67
62405.73,59442.61,60737.17,63233.727
61904.0,59423.09,60578.11,63011.33
61520.17,59065.113,60491.43,62889.273
61478.5,59014.58,60577.0,62587.48
61354.83,58975.062,60437.88,62440.465
61494.04,58928.85,60254.63,62392.754
60922.66,58599.6,60049.07,62368.38
60887.52,58544.727,59785.31,62061.88
61014.86,58483.594,59307.82,61981.324
61045.4,58462.344,59315.4,61980.395
60770.31,58351.082,59663.99,62002.137
60008.87,58341.6,59734.32,61721.4
59303.07,58351.133,59085.61,61572.312
59034.75,58370.57,58511.32,61440.777
58327.88,58431.977,57962.42,61295.74
57468.5,58352.742,57045.09,61079.37
56901.27,58203.848,57317.79,60703.965
56348.22,58038.34,56647.09,60393.805
55597.84,57557.465,56628.97,60197.082
55487.17,57016.22,56503.11,59707.918
55208.12,56538.812,56192.01,59178.312
54705.91,56134.684,55425.02,58430.266
53810.13,55380.324,54599.83,57587.77
52774.92,54538.8,53184.43,56361.83
51439.12,53847.906,52080.19,55236.902
50577.84,53270.125,51124.94,54115.59
49855.95,51454.805,50077.12,53155.117
48821.24,50445.07,48192.37,51783.094
47975.37,49591.984,47259.19,50810.062
46939.5,48809.812,46704.62,49602.74
45976.18,47944.895,45849.43,48574.09
45573.8,46870.848,45218.02,47491.676
44960.83,46194.387,44719.51,46735.434
44668.44,45643.65,43973.37,46058.555
44122.03,45171.344,43688.64,45491.18
43827.77,44586.766,43142.26,44805.367
43805.58,44138.785,42927.74,44377.105
43668.27,43827.82,42486.33,43969.46
42873.14,42786.02,42119.41,43597.875
42690.41,43735.92,41733.74,43239.21
42701.69,44083.766,41854.05,43080.53
42878.15,44195.934,41928.18,43018.973
42812.87,44333.508,42128.87,42978.445
42766.25,44346.633,41788.97,43028.184
42759.48,44354.945,41540.67,43083.62
42921.77,44361.836,41919.54,43202.547
43450.06,44494.03,42090.89,43384.68
43719.57,44639.223,42191.41,43742.773
43966.48,44879.406,42379.17,44078.652
44425.7,45226.785,42820.44,44497.527
45331.02,45927.844,43350.47,45011.496
45906.35,46775.594,44706.0,45856.727
46659.16,47902.98,45465.2,46681.273
47822.86,49364.66,45896.25,47753.46
50720.12,51636.24,46821.94,49199.758
52317.67,53735.598,49543.06,51750.293
53527.77,55589.98,51118.35,54241.07
55023.83,57092.363,52381.18,56573.94
56279.1,58610.95,53473.9,58523.49
57461.39,59435.605,55675.28,60334.94
58523.41,60062.227,57059.91,61601.824
59415.28,60542.45,58157.02,62642.523
59844.02,61856.742,59380.28,63493.07
60389.98,62325.27,59861.39,63864.18
61080.05,62811.297,60507.27,64250.047
61514.67,63263.51,60695.48,64542.066
61142.17,63901.79,61174.65,64758.7
61478.26,64190.074,61096.1,64961.69
62119.78,64443.254,61508.92,65151.08
62694.09,64635.44,62305.93,65431.586
62714.57,64909.875,62692.39,65782.17
63042.28,64968.387,62797.18,66165.16
63624.2,64977.715,63097.44,66567.91
63913.81,64918.457,63863.02,67006.58
64231.53,64866.035,64400.94,67410.64
64676.24,64688.992,64775.19,67609.695
65437.89,64493.195,65151.3,67779.91
65850.42,64286.727,65901.56,67898.734
65471.58,64075.098,66001.6,67960.62
65347.14,63859.812,65301.44,67794.82
65358.07,63662.07,65274.27,67716.3
65495.39,63453.812,65191.47,67567.93
64831.27,63162.734,65484.95,67471.22
64691.26,62969.637,64977.15,67131.44
64278.1,62780.527,64313.77,66879.93
63587.11,62604.434,64059.21,66638.44
63174.41,62233.543,64048.78,66463.234
63066.62,62064.45,63335.91,66030.45
62808.77,61929.047,62831.75,65661.04
62847.21,61790.68,62562.97,65370.324
62371.07,61346.684,62591.4,65102.297
61519.58,61205.38,62527.74,64808.58
61025.2,61110.227,61839.34,64474.72
61010.03,61018.535,61544.37,64167.676
60950.42,60494.555,61372.33,63839.9
60543.05,60414.977,61612.28,63437.01
60081.94,60346.96,61186.6,63051.57
59703.77,60301.71,60638.38,62818.746
59849.52,59772.305,60842.65,62680.13
59845.76,59679.727,61324.31,62403.527
59621.73,59604.266,60790.21,62206.766
60210.39,59550.074,60006.81,62105.57
60045.06,59056.414,59777.76,62034.992
59900.84,58937.03,60088.86,61784.94
59514.03,58849.297,60136.02,61739.99
59474.16,58780.383,59835.49,61759.504
59190.07,58382.406,59655.6,61823.707
58410.74,58230.758,60147.1,61530.656
58094.93,58115.27,59673.06,61437.59
57773.5,58009.79,59192.86,61358.22
56931.98,57791.176,58573.12,61248.867
55932.99,57546.195,57874.84,61006.945
55407.4,57337.977,56930.7,60644.766
55132.56,57134.71,56177.25,60313.04
54807.16,56776.03,55727.61,60068.598
54724.66,55868.816,55706.99,59478.26
54554.32,55043.99,55845.25,58970.83
54217.97,54373.953,55104.37,58319.72
53472.63,53562.656,54201.15,57571.38
52443.06,52447.12,53446.35,56412.22
51432.01,51639.4,52553.54,55363.008
50615.07,51079.973,51585.86,54317.02
49570.22,49164.703,50583.89,53408.746
48762.81,48160.883,49192.53,51859.17
47934.27,47453.9,48262.69,50882.31
47099.75,46896.004,47235.88,49732.707
46737.36,46388.215,46528.79,48748.71
46139.36,45878.125,45216.83,47699.016
45631.67,45530.973,44614.4,46945.676
45009.92,45252.54,44007.89,46262.574
44190.32,44935.246,43731.12,45681.984
43617.23,44509.633,42922.78,45004.88
43378.98,44111.598,42761.93,44558.953
43131.62,43779.094,42310.2,44135.5
42596.38,42632.79,41983.61,43751.24
42804.27,43309.117,41545.38,42956.926
42657.59,43632.25,41354.84,42875.574
42868.17,43733.625,41427.34,42855.383
42991.99,43847.453,41427.47,42847.605
43132.37,43892.984,41388.27,42921.06
43160.12,43953.37,41477.59,42997.133
43193.38,44013.58,41562.59,43136.4
43907.47,44148.73,41605.21,43340.527
44120.96,44296.48,41906.95,43725.46
44375.58,44474.53,42083.08,44079.0
44792.54,44696.93,42390.72,44515.336
45924.0,45120.055,42807.35,45047.895
46698.24,45613.81,44343.97,45931.273
47170.5,46253.434,45182.97,46816.12
48208.15,47040.63,46079.81,48000.387
50484.87,48379.64,47001.2,49646.45
51955.83,49884.105,49652.73,52395.285
53483.1,51633.08,51680.55,54905.63
54849.24,53429.07,52982.18,57078.84
56600.13,55486.56,54188.87,58838.12
57543.37,56761.445,55550.48,60461.734
58586.25,57705.715,56853.51,61566.62
59478.17,58434.875,57977.41,62488.695
60351.51,60708.875,58967.86,63254.17
60896.44,61217.523,59925.69,64312.695
61242.93,61704.0,60487.47,64670.703
61548.52,62156.477,61066.87,64945.383
61490.58,62853.574,61784.87,65155.574
61879.98,63167.85,61411.75,65474.082
62251.61,63447.87,61854.24,65670.945
62948.99,63686.117,62524.1,65924.0
63125.64,64022.273,62949.3,66229.48
63346.93,64139.844,63371.22,66722.195
63658.79,64237.355,63570.85,67060.7
63881.83,64295.996,64024.05,67409.336
63944.98,64336.293,64261.98,67726.9
64432.73,64246.086,64585.51,68041.2
65046.42,64102.355,65022.85,68185.64
65602.39,63889.4,65637.1,68262.5
65096.1,63576.047,65632.76,68259.05
64793.26,63315.527,64732.68,68117.99
64925.96,63049.53,64842.55,67908.8
64536.89,62788.125,64786.15,67671.875
63850.15,62381.86,64870.65,67407.55
63430.91,62142.402,64262.95,66986.3
62572.79,61932.477,63901.78,66607.92
61939.61,61741.64,63911.99,66243.54
61425.57,61333.94,62974.66,65891.31
60962.22,61178.473,62616.6,65377.08
60383.6,61054.598,62370.66,64977.39
59826.47,60953.78,61817.52,64662.65
60100.77,60528.0,61796.6,64380.543
59623.33,60428.84,61631.04,63915.086
59506.76,60352.42,61384.39,63544.773
59475.5,60299.637,60568.59,63238.49
59460.35,59842.96,60316.04,62981.58
59513.73,59771.734,60422.52,62569.395
59260.56,59708.883,60665.45,62330.793
58893.21,59657.984,60858.55,62214.16
59441.62,59185.41,61258.37,62143.848
59138.51,59106.95,61538.16,61836.938
59204.84,59055.863,61150.99,61711.797
58892.2,59005.47,60888.84,61666.53
58293.64,58600.395,60812.38,61653.746
57795.8,58476.09,60681.73,61329.832
57655.71,58397.668,60442.38,61262.84
57916.56,58347.742,60382.69,61262.453
57514.33,58051.54,59980.51,61262.49
56844.97,57847.734,59402.94,60812.676
56405.04,57690.69,58593.48,60648.625
55985.72,57554.66,58176.38,60533.71
55102.14,57293.793,57815.28,60400.742
54225.32,56914.32,57312.51,59926.96
53600.49,56607.82,56516.86,59498.96
52976.61,56340.98,56013.32,59198.93
52703.68,55745.98,55755.36,59013.816
52749.96,54740.816,55321.2,58318.36
52409.64,53922.434,54705.75,57898.57
51801.3,53314.324,54310.46,57301.03
50965.6,52460.867,53376.13,56597.316
50077.35,51566.24,52395.5,55304.188
48857.69,51007.87,51230.35,54346.277
48040.15,50467.215,50062.63,53410.453
46927.46,48592.38,49129.05,52614.043
46173.21,47459.023,47395.34,51151.156
45525.57,46549.785,46582.13,50394.867
44837.24,45811.92,45862.71,49370.832
43043.84,45064.67,45084.13,48441.098
42395.9,44063.45,44861.94,47396.098
41827.02,43251.203,44538.54,46671.64
41443.36,42612.32,44117.62,46001.574
41006.61,42116.117,43631.38,45430.15
40856.56,41713.83,42822.36,44757.344
40614.26,41430.617,42402.53,44326.473
40177.4,41219.023,41663.49,43915.402
39815.79,39698.902,40541.38,43545.938
39474.12,39748.363,39628.26,42463.195
39072.02,39924.53,39765.35,42258.395
38926.09,39945.93,40080.29,42203.7
38865.72,39884.215,41110.02,42068.754
39127.84,39809.383,41118.38,41964.316
38918.38,39773.84,40997.47,41925.715
38859.03,39747.164,40107.2,41943.125
38861.84,39753.22,39650.72,42004.29
38769.08,39806.492,39451.85,42113.07
38767.1,39886.82,39431.12,42233.664
38713.35,40003.68,39484.39,42359.51
38869.91,40153.227,39934.76,42504.598
39079.81,40335.055,40917.8,42698.996
39132.4,40545.25,40749.78,42877.883
39142.85,40760.418,40261.43,43090.043
39820.73,40977.375,40402.8,43384.29
40117.42,41274.29,40705.56,43860.57
40676.0,41616.43,40919.2,44377.453
41274.01,42070.484,41565.58,45041.203
42423.42,42778.926,42513.87,45867.01
43288.54,43684.16,43968.87,47007.746
44148.12,44754.723,44953.79,48094.45
45149.38,45882.72,45753.53,49198.105
46307.2,47467.65,46608.71,50240.582
46868.98,48164.91,47288.82,51631.31
47512.57,48756.625,48345.0,52636.105
48353.25,49503.523,49097.85,53555.59
49081.28,50532.527,50237.56,54388.406
49578.33,51470.58,51236.36,55292.53
50275.42,52347.234,52302.98,56075.094
51079.22,53151.844,53878.45,56702.17
51415.12,54021.93,54642.07,57222.812
51956.18,54612.28,54808.71,57795.76
52241.14,55056.48,54684.9,58202.715
52562.22,55333.754,54844.41,58562.99
52617.25,55588.87,54394.99,58914.73
52896.95,55575.406,54639.51,59331.734
53371.27,55422.13,55032.05,59580.688
53438.79,55152.816,55429.97,59679.848
53197.51,54851.047,55831.22,59634.47
53227.64,54446.316,55987.6,59428.164
52808.8,54030.562,55755.94,59045.355
52656.81,53598.47,55393.72,58552.555
52131.07,53168.227,55151.95,57980.758
51645.16,52758.234,54502.63,57499.383
50703.87,52372.586,53934.44,56883.78
50337.75,51957.08,53810.46,56330.664
49714.38,51526.938,53541.46,55826.676
49151.88,51084.293,52256.17,55364.707
48864.04,50650.484,52092.47,54945.08
48765.07,50268.004,51959.52,54633.75
48974.86,49925.53,51950.93,54318.71
48826.81,49733.65,51812.39,54085.047
48571.85,49601.332,51186.3,53765.17
47957.21,49451.17,50984.67,53535.24
47813.37,49165.656,50792.89,53395.19
47648.7,48888.84,50709.46,53218.36
47841.07,48704.523,50551.0,53097.375
47815.45,48691.29,50456.52,53087.586
47895.77,48719.324,50354.75,53204.008
48139.35,48677.938,50551.82,53259.246
48387.74,48784.99,50714.01,53321.527
48486.57,48957.062,50962.36,53446.64
48502.0,49173.758,51002.86,53575.28
48314.17,49168.734,51125.18,53745.496
47930.64,49131.11,50698.1,53649.773
48287.71,49007.86,50754.3,53594.902
48491.97,49135.266,50412.73,53545.863
47830.56,49078.67,50946.1,53350.65
47553.33,48811.773,49851.78,53017.35
47167.85,48536.234,49389.11,52656.297
46685.07,48260.15,49229.14,52216.32
45694.85,47628.723,48419.42,51572.36
45245.48,46758.895,47953.42,50805.844
45038.66,45992.34,47198.27,50112.305
45215.26,45458.332,47114.59,49579.75
45581.89,45027.973,47192.59,49150.31
45436.3,44932.42,47433.4,48930.66
44991.44,44846.645,47039.98,48940.246
44453.53,44709.977,46237.1,48991.445
43735.56,44306.984,46130.39,48774.547
43345.82,43818.125,45232.0,48366.395
42821.07,43398.266,44378.61,47835.82
42030.13,41833.355,44013.22,47286.945
41137.79,41566.2,42983.77,46352.652
40388.45,41114.117,42254.97,45570.38
39773.96,40630.38,41357.33,44722.152
38577.85,40156.363,40586.3,43840.977
37885.18,39625.28,39807.2,42916.22
37597.76,39169.69,39681.14,42103.383
37276.73,38831.164,39364.53,41334.758
36965.41,38613.508,38669.53,40631.086
36665.28,38431.844,37964.32,39918.496
36455.34,38295.12,37915.09,39327.992
36235.91,38187.61,37792.67,38803.8
35833.57,36374.688,37289.05,38363.008
35494.74,36345.03,37216.99,37523.598
35539.63,36370.1,37020.62,37324.547
35529.42,36407.76,36560.45,37173.805
35536.74,36472.42,36485.1,37052.36
35349.01,36538.79,36450.5,36955.656
35315.37,36602.72,36174.19,36877.83
35213.99,36667.9,35962.42,36828.406
35220.97,36757.48,36108.44,36809.625
35232.11,36822.92,36080.48,36841.867
35303.73,36887.453,36130.21,36884.836
35295.97,36953.188,36202.16,36936.582
35465.87,37059.72,36269.16,36969.17
35188.88,37140.086,36280.34,37002.883
35415.03,37209.86,36300.37,36987.656
35142.44,37297.15,36155.52,36966.91
35477.9,37454.27,35937.03,36952.47
35482.64,37582.082,36295.19,37026.82
35650.15,37751.77,36580.96,37091.95
35969.49,37977.652,36703.85,37230.633
36688.28,38409.285,37062.9,37492.04
37339.28,38683.43,38053.02,38072.92
37987.58,38939.836,38798.0,38713.18
38658.54,39168.26,39705.88,39467.477
39749.82,40801.21,40337.35,40229.215
40588.82,40993.906,41169.63,41955.71
40907.54,41154.258,41891.15,42760.285
41744.01,41342.32,42467.21,43537.836
42519.8,41768.62,42786.17,44303.21
42983.46,42120.25,43358.03,45207.152
43483.95,42520.867,44064.01,45943.36
44229.38,42977.42,45122.1,46618.17
44420.5,43691.41,46189.62,47253.87
44972.85,44225.727,46523.65,47969.81
45723.98,44817.242,47107.14,48536.734
46308.24,45502.89,47417.75,49034.47
46814.58,46284.242,47716.69,49498.605
47454.44,46861.41,49163.65,50111.67
47770.6,47414.25,50115.21,50694.438
47804.41,47815.85,51037.44,51199.855
47243.91,48130.758,50899.91,51517.734
47080.8,47992.375,50954.73,51630.73
46390.67,47811.54,50664.02,51488.484
46226.64,47381.105,49771.21,51167.74
45967.38,47106.06,49097.6,50731.6
45233.07,46722.805,47916.92,50209.402
45162.55,46155.52,47710.95,49601.848
44945.04,45792.77,47998.71,48994.812
44772.6,45545.75,47341.19,48445.395
44434.49,45260.453,45982.9,47955.586
44225.8,44981.5,46052.23,47503.117
44137.56,44767.64,46659.62,47161.13
44178.41,44679.28,46395.85,46896.387
43896.91,44618.492,45852.14,46556.867
43435.37,44541.35,45983.2,46311.79
43712.25,44412.4,45973.36,46094.086
43718.03,44492.297,45796.39,45951.188
43899.83,44554.08,45591.53,45701.11
43872.51,44708.758,44973.2,45620.73
44016.32,44850.656,44808.57,45648.418
44352.25,45035.613,44785.81,45800.996
44437.45,45245.246,45273.83,45934.582
44143.84,45446.555,45610.44,46271.125
44342.99,45519.414,46014.57,46680.082
44651.7,45663.383,46181.03,47127.895
44634.28,45811.15,47196.75,47497.277
44854.4,45940.477,47749.75,47857.81
45088.26,46139.098,47902.62,48179.188
45365.06,46342.15,48097.51,48456.47
44757.5,46474.81,48096.04,48614.492
44806.3,46326.14,47343.15,48625.598
44706.32,46256.707,47224.82,48592.6
45020.11,46075.043,46804.74,48515.977
44667.75,45959.98,47207.31,48406.6
44653.19,45732.18,47251.69,48209.81
44408.77,45558.414,47309.8,48141.387
44469.31,45307.145,47283.93,48267.7
44926.07,45043.273,47437.43,48615.574
45075.11,45003.64,47479.44,48873.707
44826.6,44994.21,47206.21,49018.227
44944.1,44874.492,46831.12,49002.918
44483.37,44728.46,46565.27,48772.7
43704.56,44459.684,45953.06,48349.95
42989.58,44047.0,44891.55,47788.508
42076.88,42592.83,44283.01,47201.95
41360.74,42341.28,43850.55,46366.473
40651.65,41926.043,43183.82,45438.69
40025.48,41461.438,42457.24,44471.918
39393.71,40982.94,41853.79,43565.484
39164.47,40510.61,41209.61,42691.836
39212.77,40109.203,40511.5,41995.555
38716.4,39790.484,40312.34,41373.33
38131.66,39487.516,39983.74,40835.46
37930.9,39190.816,39138.55,40326.938
37360.06,38954.88,38746.3,39908.316
37147.28,38754.03,38692.87,39502.766
36825.92,38074.37,38607.27,39113.04
36639.24,38259.797,38407.73,38778.11
36682.95,38403.35,38381.16,38535.906
36501.3,38507.793,38280.33,38432.055
36658.38,38613.695,38331.88,38403.72
36511.64,38696.844,37700.48,38458.188
36591.04,38800.2,38047.66,38555.234
36709.65,38953.336,38028.99,38715.363
37400.56,39214.086,38054.92,38942.914
37782.21,39488.668,38746.34,39319.5
38053.0,39827.35,38892.74,39734.93
38626.38,40211.758,39489.93,40257.418
40431.98,40834.855,40142.05,40913.977
40972.91,41781.29,41748.65,41887.492
41917.2,42997.67,42574.83,43003.4
43405.12,44653.53,43553.7,44459.48
46763.34,47277.832,45378.78,46403.26
48587.45,49996.0,48538.49,49302.582
50130.77,52357.965,50445.6,52110.23
51440.23,54206.87,51962.52,54647.633
53002.35,56032.16,53178.12,56702.85
54046.89,57098.234,54963.97,58551.996
55395.85,57975.0,56300.05,59881.008
56558.37,58691.54,57381.01,61008.773
57698.69,59749.89,58253.66,61951.82
58123.85,60615.492,59396.49,61461.117
58786.19,61377.6,60166.87,61921.082
59590.33,62046.31,60404.29,62285.062
59789.98,63004.8,60750.77,62573.715
60372.18,63397.164,60620.21,62888.48
60872.07,63723.664,61203.82,63074.52
61306.06,63964.42,61638.22,63292.32
61724.22,64459.945,61886.11,63557.734
62053.53,64526.17,61906.96,64046.965
62652.15,64576.387,61879.96,64441.27
62513.92,64578.34,62439.91,64893.305
63263.14,64743.79,63558.0,65325.94
64279.89,64620.074,64530.34,65777.01
64103.45,64442.527,65343.44,66030.21
64243.01,64203.875,65560.44,66168.914
63684.56,64065.555,64971.82,66222.96
63034.03,63769.85,64360.83,66171.73
62562.46,63470.055,64261.72,66013.22
62260.91,63168.07,64393.16,65821.484
62593.86,62967.3,64166.25,65648.71
62688.27,62651.387,64451.57,65380.65
62458.43,62356.15,64287.23,65108.816
62301.91,62086.86,63265.36,64890.344
61889.27,61888.58,62702.69,64706.56
62213.62,61650.613,61815.79,64412.77
62044.82,61456.375,61274.83,64129.656
61767.43,61281.516,60908.87,63872.69
61818.48,61040.562,60483.67,63628.85
61247.85,60886.98,60804.69,63207.69
60907.54,60769.04,60467.58,62798.242
60342.12,60667.715,60359.88,62392.574
59798.95,60350.793,60188.72,61973.848
59490.05,60260.465,61050.85,61420.15
58815.48,60182.28,60904.22,60994.73
58885.47,60122.844,60686.5,60757.16
58948.19,59724.8,60618.22,60613.78
59027.2,59644.555,60440.61,60317.895
59253.42,59582.03,60124.71,60180.395
59121.25,59528.17,59974.26,60141.293
59040.1,59096.77,59971.56,60150.48
58824.08,58998.08,59518.13,59860.57
58780.34,58914.836,59030.99,59807.848
58448.53,58829.168,58699.97,59829.863
58306.15,58310.23,58626.08,59866.35
57763.79,58188.977,58428.38,59583.12
57686.09,58075.152,58253.63,59406.566
57326.37,57983.99,57874.24,59230.633
56124.94,57537.613,57609.98,59066.98
55331.9,57527.766,56967.64,59020.63
54845.05,57530.363,55992.66,58896.29
54574.63,57517.008,55846.9,58872.547
54316.49,57213.832,55986.91,58811.82
54092.95,56647.008,55930.17,58506.055
53702.21,55971.926,55162.88,57696.492
52842.32,55330.992,54212.8,56621.16
51994.58,54402.83,53452.79,55494.94
51041.42,53157.426,52458.63,54317.176
49768.59,52092.12,51541.17,53151.965
48802.09,51127.695,50811.33,52014.496
47617.72,49765.312,49776.14,51045.055
46818.72,48407.793,48070.41,50235.95
46157.33,47487.62,47174.95,49323.75
45481.75,46786.56,46511.62,48102.582
44818.25,46280.027,46295.41,47017.535
44357.19,45606.65,45394.73,45939.65
44022.06,45164.98,44552.97,45164.97
43736.84,44821.266,44060.24,44484.812
42762.9,44550.258,43708.07,43905.883
42452.08,43978.25,42799.12,43300.32
42214.59,43528.74,42240.98,42885.836
41935.95,43182.37,42033.81,42494.613
41350.95,41660.426,42099.2,42135.188
41462.74,42616.61,41832.29,41853.152
41293.2,43114.863,41620.75,41734.656
41452.27,43195.7,41600.05,41706.562
41475.25,43156.043,41613.52,41691.156
41551.59,43038.414,41542.41,41744.43
41391.99,42930.098,41854.29,41808.75
41488.62,42785.164,41826.92,41937.855
42184.41,42711.914,41799.08,42145.363
42522.41,42803.25,42087.7,42527.383
42802.59,43044.9,42384.98,42913.027
43136.32,43456.99,42315.28,43389.895
44359.3,44205.15,42715.92,43973.914
45192.85,45319.39,44700.37,44914.39
45897.6,46803.53,45989.61,45898.445
47002.86,48578.99,46685.49,47199.723
50203.55,50940.04,47837.97,48983.97
51947.71,52898.586,50962.03,51798.46
53199.98,54497.715,52897.3,54277.77
54367.07,55767.094,53972.61,56510.047
56179.56,57160.168,55276.75,58355.273
57301.57,57948.926,56889.09,59983.992
58122.04,58588.836,58019.11,61164.184
59455.52,59131.03,58858.27,62130.484
60410.01,60361.723,59560.84,62915.242
60864.68,60972.48,60391.8,63231.926
61433.7,61555.523,61021.88,63522.617
62026.14,62097.38,61549.09,63790.684
61435.68,62902.242,62102.85,64008.465
61468.03,63232.0,61808.74,64203.023
61779.49,63517.777,62206.94,64366.58
62304.17,63720.305,62833.1,64579.273
61831.84,64062.668,63389.26,64821.773
62359.09,64058.906,63670.68,65163.92
63113.62,63978.137,63838.88,65500.047
64090.73,63847.816,64325.66,65920.664
64359.72,63877.11,64668.71,66283.33
64561.81,63668.656,65363.45,66572.875
65580.64,63464.67,65554.11,66722.375
65852.83,63252.188,66026.68,66769.46
65150.66,63216.887,65961.22,66755.375
64862.96,63045.344,64506.21,66568.01
64695.37,62895.52,64533.74,66338.47
64885.37,62756.42,64710.2,66113.016
64652.85,62752.445,64689.59,65936.54
64051.88,62653.633,63723.58,65589.914
63702.9,62568.15,62804.03,65266.117
63337.57,62497.188,62991.72,65003.54
63051.9,62431.703,61779.43,64726.47
62501.42,62331.984,61646.16,64325.094
62246.4,62289.92,61334.38,63955.07
61458.34,62217.96,61267.8,63652.84
61163.04,61945.21,60428.17,63375.664
60838.11,61886.043,60904.01,62979.703
60609.91,61841.188,60514.11,62577.97
60223.45,61772.61,59276.82,62239.984
59849.37,61309.016,59026.9,61902.69
59608.61,61218.734,59443.99,61446.39
59758.05,61143.246,59058.1,61068.62
60126.98,61078.81,58393.2,60862.617
60601.36,60578.04,58643.32,60757.094
60794.81,60493.42,58669.11,60441.19
60541.17,60424.17,58386.25,60336.953
60505.29,60354.117,58686.88,60312.715
59945.39,59840.19,58512.42,60323.58
59367.77,59718.793,58598.3,60000.15
59445.84,59612.914,58269.19,59991.094
59223.86,59490.66,58868.02,60056.92
58786.91,58931.33,59428.53,60086.266
57885.27,58757.723,59116.12,59798.805
57602.11,58599.547,58149.87,59614.484
57018.9,58463.11,57781.03,59426.48
56337.39,58132.457,57288.45,59269.29
55596.34,57969.473,56582.08,59208.133
55253.71,57824.992,56006.55,59175.688
55031.1,57634.234,55423.02,59222.82
54919.21,57205.08,55374.35,59144.207
55107.58,56378.02,55079.73,58721.457
54633.78,55602.176,54780.44,57897.273
53503.63,54927.625,54038.68,56865.535
52286.92,54013.08,53155.35,55815.062
51155.21,52719.246,52298.25,54617.293
50142.87,51726.656,51226.39,53461.93
49303.76,51036.984,50075.38,52350.883
47864.86,49664.227,48715.41,51401.83
46919.02,48563.57,47538.85,50380.87
46508.75,47799.508,46594.03,49442.31
46041.57,47229.29,46231.75,48198.145
44911.41,46764.85,45665.07,47079.35
44288.87,45983.46,44784.94,45960.086
43643.14,45376.246,44329.51,45143.84
43467.18,44833.344,44007.12,44425.55
42815.18,44455.26,43448.91,43819.312
42275.97,43919.355,42512.33,43178.383
41997.02,43446.695,42126.57,42724.332
41838.94,43057.785,42002.76,42304.03
41569.44,41616.367,41715.16,41923.96
41443.56,42641.594,41366.76,41704.36
41918.6,43163.67,40962.89,41586.625
42000.2,43352.902,41153.41,41554.082
41846.3,43427.887,41367.13,41542.57
41645.75,43392.19,41279.48,41626.76
41853.25,43306.13,40970.14,41718.242
42072.23,43261.832,41245.11,41878.918
42684.15,43319.207,41599.08,42118.71
42803.1,43450.582,41875.2,42562.0
43173.95,43661.082,42033.7,42986.906
43924.13,44034.43,42479.51,43511.957
45043.05,44801.75,42956.96,44142.05
45451.94,45789.266,44516.3,45128.43
45895.27,47016.195,45272.42,46102.05
47207.08,48509.41,46158.68,47328.0
50281.05,50781.707,47127.23,48927.973
52061.59,52830.836,50084.69,51390.63
53339.59,54583.984,51902.63,53660.152
54391.49,55979.695,53397.93,55783.277
56012.73,57439.066,54575.97,57650.61
57608.38,58263.46,56162.43,59413.67
58583.76,58902.19,57151.13,60627.168
59085.81,59414.094,58137.52,61620.465
59839.55,60766.906,59012.0,62420.785
60326.3,61371.71,59910.7,62808.414
60567.09,61959.25,60690.91,63102.125
60794.6,62498.094,60747.68,63305.8
60925.21,63155.39,60701.26,63414.79
61037.71,63477.047,60089.58,63548.695
61685.81,63708.78,60142.99,63637.293
62843.18,63843.285,60614.65,63797.906
63326.48,64031.45,61467.43,64062.5
63944.18,63975.754,61620.21,64419.71
64529.6,63869.285,61949.39,64737.7
65021.18,63736.875,62420.13,65138.57
65387.39,63713.816,62670.08,65520.027
66045.0,63582.11,62901.39,65818.805
66061.24,63467.3,63811.38,65977.51
65623.17,63367.312,64129.33,66067.08
64690.24,63350.1,63922.38,66073.02
63788.67,63270.336,63559.11,65952.31
63277.13,63202.016,63445.53,65784.625
63189.74,63138.28,63121.05,65584.7
63131.59,63078.254,62177.33,65386.996
63373.11,62983.727,62401.24,65049.414
63130.16,62919.67,62394.3,64740.766
62733.54,62855.023,62204.75,64486.82
62917.67,62686.688,61441.88,64240.137
63101.09,62631.395,61207.76,63906.06
62793.52,62579.746,61065.1,63551.098
62331.46,62515.18,60890.57,63241.81
62116.03,62181.72,60230.39,62947.07
61901.99,62153.332,60431.27,62575.52
62040.96,62120.164,59839.27,62195.914
61472.13,62082.645,59438.92,61873.082
60970.09,61629.18,59403.76,61556.64
60737.17,61593.56,58478.41,61008.12
60578.11,61542.72,57959.18,60584.984
60491.43,61519.727,57587.62,60347.812
60577.0,61019.48,57445.16,60196.383
60437.88,60946.836,57705.03,59748.35
60254.63,60882.06,57965.47,59637.664
60049.07,60807.72,58089.55,59602.895
59785.31,60293.44,57616.58,59594.875
59307.82,60159.105,57691.92,59234.44
59315.4,60044.176,57822.93,59281.5
59663.99,59938.34,58076.5,59390.676
59734.32,59481.03,58009.46,59514.12
59085.61,59278.79,57562.02,59266.004
58511.32,59105.973,57161.45,59189.348
57962.42,58942.656,57095.45,59102.906
57045.09,58690.54,56724.53,59001.94
57317.79,58428.875,56063.72,58868.875
56647.09,58238.04,55329.88,58856.383
56628.97,58064.227,54880.84,58995.637
56503.11,57743.445,54679.66,59068.703
56192.01,57011.336,54915.89,58728.418
55425.02,56311.016,54352.31,57990.023
54599.83,55683.33,53355.72,57037.938
53184.43,54851.266,52384.48,56068.312
52080.19,53621.79,51558.29,54937.46
51124.94,52817.87,50525.04,53843.895
50077.12,52295.434,49459.75,52738.363
48192.37,50780.152,48326.06,51778.367
47259.19,49384.547,47239.8,50506.582
46704.62,48380.676,46714.23,49525.527
45849.43,47635.156,45771.7,48295.848
45218.02,46892.12,45081.78,47207.33
44719.51,46101.438,43875.75,46081.293
43973.37,45494.156,43477.32,45270.367
43688.64,44912.773,42823.49,44548.973
43142.26,44409.08,42087.73,43924.734
42927.74,43871.883,41672.1,43241.875
42486.33,43443.53,41310.06,42777.016
42119.41,43059.824,40898.51,42328.78
41733.74,41650.992,40996.71,41920.516
41854.05,42702.277,40737.34,41541.22
41928.18,43263.324,40457.34,41380.207
42128.87,43392.363,40368.21,41331.58
41788.97,43473.08,40731.56,41322.15
41540.67,43385.46,40801.01,41412.074
41919.54,43266.344,40794.62,41512.535
42090.89,43257.168,40781.96,41686.355
42191.41,43370.453,41168.21,41935.664
42379.17,43412.695,41368.52,42377.426
42820.44,43563.73,41728.17,42798.56
43350.47,43902.766,42177.5,43305.902
44706.0,44612.336,42796.77,43901.168
45465.2,45567.797,43833.59,44808.57
45896.25,46780.742,44473.27,45685.97
46821.94,48228.203,45406.43,46800.355
49543.06,50513.652,46739.6,48290.086
51118.35,52726.38,48904.03,50715.914
52381.18,54760.82,50263.81,52974.656
53473.9,56452.74,51317.34,55288.613
55675.28,58272.598,52428.01,57390.668
57059.91,59260.715,53555.47,59404.777
58157.02,59977.336,54552.88,60807.492
59380.28,60529.312,55786.23,61917.766
59861.39,62036.906,56669.9,62807.62
60507.27,62559.46,57745.71,63432.797
60695.48,63081.895,58471.13,63864.812
61174.65,63561.75,59495.69,64214.15
61096.1,64260.887,59939.78,64458.348
61508.92,64549.15,60237.6,64653.2
62305.93,64808.086,60457.63,64843.434
62692.39,65005.29,60879.86,65101.945
62797.18,65328.83,61103.25,65435.727
63097.44,65347.297,61614.74,65825.32
63863.02,65314.508,61949.69,66263.875
64400.94,65230.0,62444.1,66719.83
64775.19,65282.19,63073.55,67130.92
65151.3,65196.0,63625.53,67315.78
65901.56,65100.34,64265.44,67432.016
66001.6,65000.68,65052.19,67477.82
65301.44,65050.797,65491.41,67449.086
65274.27,65042.246,64689.95,67196.71
65191.47,64940.28,64427.66,66991.39
65484.95,64903.023,64425.14,66813.234
64977.15,64821.914,64067.94,66616.31
64313.77,64770.21,63172.43,66254.23
64059.21,64696.9,62647.38,65988.5
64048.78,64676.17,62810.71,65783.766
63335.91,64408.598,62893.82,65577.83
62831.75,64300.29,62315.73,65247.31
62562.97,64225.086,61952.08,64941.656
62591.4,64151.633,62327.03,64746.547
62527.74,63825.945,61792.81,64550.438
61839.34,63761.805,61749.72,64214.41
61544.37,63719.51,61837.68,63882.46
61372.33,63688.957,61641.0,63544.58
61612.28,63185.06,61383.23,63200.97
61186.6,63100.7,61328.13,62718.51
60638.38,63017.92,61164.81,62329.72
60842.65,62960.06,60827.47,62147.68
61324.31,62297.008,60717.86,62025.43
60790.21,62152.117,60271.34,61693.785
60006.81,62012.727,60087.82,61540.875
59777.76,61859.273,59830.49,61436.0
60088.86,61192.664,60057.81,61402.227
60136.02,61034.047,59825.03,61002.25
59835.49,60847.41,59169.25,60929.86
59655.6,60667.94,58995.77,60963.96
60147.1,59968.254,59646.62,61010.844
59673.06,59696.312,59516.37,60708.742
59192.86,59425.336,58755.36,60593.637
58573.12,59119.55,58325.68,60490.613
57874.84,58501.566,58087.48,60382.6
56930.7,58160.473,57706.83,60178.18
56177.25,57866.34,56610.26,59979.27
55727.61,57622.84,56189.53,59879.66
55706.99,57290.84,55877.79,59791.89
55845.25,56858.14,55034.76,59305.18
55104.37,56475.137,54036.25,58615.832
54201.15,56009.02,53327.44,57747.17
53446.35,55234.125,52356.44,56848.617
52553.54,53993.09,51318.67,55650.37
51585.86,52916.15,50360.2,54585.508
50583.89,52055.164,49394.03,53552.39
49192.53,50001.895,48304.7,52664.93
48262.69,48586.953,46340.92,51157.49
47235.88,47661.625,45861.47,50224.74
46528.79,46974.875,45436.99,49056.004
45216.83,46391.453,45125.89,48009.82
44614.4,45645.06,44215.76,46891.777
44007.89,45108.863,43686.8,46096.543
43731.12,44617.156,42923.37,45368.227
42922.78,44151.52,42688.94,44740.586
42761.93,43584.734,42125.71,44023.67
42310.2,43148.992,41845.25,43553.867
41983.61,42762.37,41681.16,43108.453
41545.38,41430.938,41645.22,42709.168
41354.84,42383.832,41177.73,41942.28
41427.34,42796.617,40868.06,41859.14
41427.47,42891.523,40688.14,41848.367
41388.27,42949.516,41020.57,41859.492
41477.59,42902.785,40932.95,41957.914
41562.59,42879.957,40986.11,42045.793
41605.21,42866.695,40753.31,42207.89
41906.95,42937.457,40994.4,42445.92
42083.08,42974.215,41499.12,42888.08
42390.72,43083.406,41646.37,43281.305
42807.35,43315.156,41927.11,43761.895
44343.97,43871.477,42629.64,44340.535
45182.97,44712.78,43848.04,45276.844
46079.81,45834.496,44434.08,46151.188
47001.2,47264.48,45140.45,47287.46
49652.73,49435.184,46139.01,48871.934
51680.55,51421.016,48840.53,51502.477
52982.18,53181.48,50672.54,53767.555
54188.87,54605.562,51845.52,55836.914
55550.48,56247.215,53260.56,57624.35
56853.51,57079.926,55136.52,59281.74
57977.41,57719.84,56224.12,60454.836
58967.86,58226.895,56658.72,61433.04
59925.69,60373.883,57750.19,62231.99
60487.47,60831.547,58607.87,63359.42
61066.87,61290.03,59188.82,63728.18
61784.87,61720.043,59675.79,63991.14
61411.75,62424.383,60117.68,64195.984
61854.24,62689.914,60248.82,64418.63
62524.1,62922.0,60613.41,64574.805
62949.3,63102.43,61347.78,64776.473
63371.22,63525.695,61561.95,65021.395
63570.85,63514.137,61611.3,65387.523
64024.05,63451.117,61990.56,65697.766
64261.98,63313.23,61831.37,66027.96
64585.51,63324.48,62183.25,66344.625
65022.85,63049.684,62238.21,66556.53
65637.1,62771.58,62435.46,66651.65
65632.76,62484.062,62806.74,66683.42
64732.68,62286.43,62809.38,66637.11
64842.55,61981.523,62260.67,66376.99
64786.15,61704.438,62188.0,66108.64
64870.65,61449.016,61738.68,65809.76
64262.95,61196.414,61503.72,65487.543
63901.78,60962.7,61060.33,64982.42
63911.99,60753.75,60646.35,64514.5
62974.66,60565.758,60445.67,64069.402
62616.6,60279.57,59555.27,63642.316
62370.66,60113.746,59382.72,63097.477
61817.52,59981.195,58854.4,62615.56
61796.6,59858.45,58296.41,62233.445
61631.04,59525.84,57822.29,61913.906
61384.39,59410.168,57620.5,61460.742
60568.59,59314.223,57158.27,61049.73
60316.04,59228.734,56641.48,60703.363
60422.52,58836.03,56219.67,60379.82
60665.45,58751.234,56644.43,59868.074
60858.55,58684.465,56327.5,59532.312
61258.37,58631.773,55934.31,59328.58
61538.16,58181.727,55838.45,59188.227
61150.99,58124.9,56398.38,58762.516
60888.84,58068.414,56306.96,58628.805
60812.38,58013.855,56117.19,58563.664
60681.73,57504.93,55975.36,58545.945
60442.38,57470.535,55712.29,58163.45
60382.69,57445.27,55717.67,58134.637
59980.51,57398.875,55696.03,58150.645
59402.94,56789.6,55705.85,58176.24
58593.48,56734.902,55334.08,57820.223
58176.38,56706.156,54684.08,57659.188
57815.28,56668.387,54541.24,57484.29
57312.51,56110.777,54265.08,57301.12
56516.86,56004.695,53710.55,56885.375
56013.32,55955.438,52862.21,56646.703
55755.36,55880.82,52507.75,56621.797
55321.2,55413.44,52399.05,56743.98
54705.75,55168.81,52523.41,56338.594
54310.46,54969.92,52139.81,55805.75
53376.13,54824.47,51477.57,54999.082
52395.5,54246.11,50316.55,54146.766
51230.35,53650.402,49394.93,52902.47
50062.63,52929.406,48540.43,51965.39
49129.05,52094.445,47604.52,51037.707
47395.34,49716.145,46600.87,50240.824
46582.13,47969.46,45429.95,48746.312
45862.71,46651.395,44713.81,48004.69
45084.13,45628.91,44114.92,46914.7
44861.94,44712.094,43667.11,45886.586
44538.54,43948.723,42849.54,44807.61
44117.62,43374.164,42127.75,44012.543
43631.38,42876.688,41749.68,43302.547
42822.36,42403.367,41210.0,42713.11
42402.53,41894.355,40690.45,42119.812
41663.49,41494.04,40469.09,41717.43
40541.38,41142.43,40393.85,41340.406
39628.26,38336.85,40098.93,40987.008
39765.35,38492.668,39734.52,40170.074
40080.29,38658.086,39521.04,39914.965
41110.02,38774.227,39276.02,39799.633
41118.38,38945.844,39497.4,39622.586
40997.47,39035.53,39100.0,39486.01
40107.2,39052.848,38957.18,39402.375
39650.72,38860.168,38989.7,39379.03
39451.85,38595.164,38685.01,39411.67
39431.12,38364.45,38542.86,39518.188
39484.39,38219.613,38547.98,39657.332
39934.76,38181.125,38679.76,39834.242
40917.8,38304.51,39002.04,40040.39
40749.78,38632.418,39782.92,40306.07
40261.43,38898.69,39834.33,40539.215
40402.8,39059.375,40033.55,40788.777
40705.56,39328.17,40356.5,41074.195
40919.2,39614.83,40874.77,41481.496
41565.58,39940.992,40747.47,41921.613
42513.87,40433.24,41264.71,42492.746
43968.87,41305.605,41837.87,43244.336
44953.79,42346.586,43250.98,44352.254
45753.53,43482.832,43847.73,45507.902
46608.71,44592.152,44599.55,46654.703
47288.82,46421.355,45225.59,47709.215
48345.0,47444.617,46299.97,48984.523
49097.85,48359.824,47071.46,49873.945
50237.56,49388.76,47927.02,50701.027
51236.36,50578.38,48771.83,51409.98
52302.98,51679.64,49320.24,52174.87
53878.45,52597.848,49894.78,52873.227
54642.07,53369.074,50351.81,53502.64
54808.71,54113.707,50790.32,54066.566
54684.9,54559.445,51135.05,54677.836
54844.41,54788.46,51728.03,55104.19
54394.99,54858.004,51860.95,55436.04
54639.51,54881.973,52538.24,55712.86
55032.05,54736.188,52622.7,55986.938
55429.97,54520.84,53174.75,56089.387
55831.22,54275.945,53465.16,56054.984
55987.6,54006.703,53075.18,55905.254
55755.94,53802.42,52363.95,55640.46
55393.72,53622.78,52251.64,55246.26
55151.95,53400.23,52338.44,54809.312
54502.63,53315.566,52163.58,54354.39
53934.44,53130.684,51352.73,53847.453
53810.46,52948.586,51079.95,53348.438
53541.46,52762.625,50487.17,52887.027
52256.17,52620.25,50390.2,52455.484
52092.47,52434.797,50568.36,52000.293
51959.52,52312.926,50690.25,51622.65
51950.93,52139.02,50701.94,51357.465
51812.39,52088.29,50578.9,51179.875
51186.3,51939.3,50563.83,50943.145
50984.67,51785.156,50627.77,50746.816
50792.89,51689.15,49863.05,50616.086
50709.46,51576.92,49714.67,50546.477
50551.0,51476.08,49745.06,50432.04
50456.52,51386.64,49518.41,50363.824
50354.75,51360.773,49415.71,50416.586
50551.82,51314.777,49515.55,50586.387
50714.01,51282.13,50225.56,50767.74
50962.36,51321.082,50163.82,50901.582
51002.86,51409.86,49224.59,51116.9
51125.18,51582.63,49234.99,51314.223
50698.1,51440.812,48808.0,51455.65
50754.3,51289.375,48769.68,51404.055
50412.73,51233.01,48839.71,51347.285
50946.1,51108.21,48882.93,51262.38
49851.78,50974.406,49028.51,51103.688
49389.11,50667.445,48754.51,50713.562
49229.14,50387.066,48678.89,50321.055
48419.42,50157.94,48373.88,49906.48
47953.42,49545.727,47894.71,49470.234
47198.27,49010.617,47180.0,48957.477
47114.59,48316.734,47159.27,48667.023
47192.59,47863.094,47295.12,48549.0
47433.4,47458.004,47062.4,48433.67
47039.98,47347.484,46555.66,48152.938
46237.1,47054.87,45976.29,47776.348
46130.39,46409.535,45463.04,47315.242
45232.0,45859.977,45358.76,46727.742
44378.61,44998.62,44544.59,46099.125
44013.22,44071.844,43616.98,45501.312
42983.77,42474.965,43141.03,44948.445
42254.97,42067.066,42557.23,43874.125
41357.33,41455.54,41655.14,43061.367
40586.3,40850.32,40929.84,42175.098
39807.2,40328.23,40662.13,41258.7
39681.14,39829.56,39679.26,40328.207
39364.53,39491.344,38958.28,39520.402
38669.53,39237.0,38311.88,38805.152
37964.32,39030.543,37390.34,38198.72
37915.09,38791.105,36713.26,37671.453
37792.67,38637.75,36487.17,37265.44
37289.05,38537.766,36238.07,36947.523
37216.99,36379.4,36137.67,36716.934
37020.62,36408.418,35889.0,35842.664
36560.45,36453.93,35160.85,35702.312
36485.1,36458.508,35057.48,35561.082
36450.5,36441.902,35258.94,35446.562
36174.19,36436.008,35153.88,35371.633
35962.42,36430.793,34850.19,35294.14
36108.44,36442.72,34793.83,35234.38
36080.48,36489.46,34624.08,35195.34
36130.21,36549.344,34683.47,35207.83
36202.16,36620.83,34474.51,35231.855
36269.16,36705.008,34701.55,35273.574
36280.34,36822.113,35061.7,35310.883
36300.37,36926.105,35259.63,35370.61
36155.52,37029.137,35340.38,35400.13
35937.03,37122.223,35416.04,35421.73
36295.19,37304.547,35810.31,35450.492
36580.96,37435.895,35899.59,35531.93
36703.85,37597.727,36048.87,35601.156
37062.9,37802.285,36115.62,35719.17
38053.02,38283.434,36364.33,35918.605
38798.0,38633.086,36691.84,36353.88
39705.88,39014.02,37448.96,36890.62
40337.35,39420.55,38016.72,37584.35
41169.63,41555.0,38781.92,38359.477
41891.15,41804.098,39589.5,40121.25
42467.21,42080.516,40598.7,41012.9
42786.17,42487.12,41288.94,41899.13
43358.03,43061.445,41997.72,42737.6
44064.01,43618.66,42546.66,43626.582
45122.1,44303.08,43119.13,44389.918
46189.62,45239.96,43744.49,45105.164
46523.65,46430.094,44524.74,45764.96
47107.14,47261.504,45394.63,46445.457
47417.75,47954.63,45897.64,47031.402
47716.69,48391.207,46516.61,47550.637
49163.65,48759.46,46631.03,48046.36
50115.21,49259.438,47556.06,48621.906
51037.44,49630.586,48190.28,49218.504
50899.91,49891.875,48709.75,49759.15
50954.73,50026.855,48737.34,50142.32
50664.02,50063.363,48587.32,50325.66
49771.21,49993.02,48701.01,50228.676
49097.6,49770.457,48465.69,49930.934
47916.92,49492.406,48301.84,49495.79
47710.95,48919.44,47874.11,48966.848
47998.71,48507.516,47773.46,48395.508
47341.19,48404.516,47654.99,47858.895
45982.9,48103.758,46886.61,47374.914
46052.23,47189.39,46611.68,46915.508
46659.62,46791.49,46612.73,46521.72
46395.85,46898.957,46465.09,46197.87
45852.14,46825.94,46455.49,45928.766
45983.2,46471.85,46479.72,45623.676
45973.36,46416.836,46092.17,45413.61
45796.39,46463.75,46199.25,45266.59
45591.53,46443.156,45893.82,45154.676
44973.2,46266.695,46076.28,45009.37
44808.57,45937.926,45745.82,45003.58
44785.81,45761.805,45791.16,45088.05
45273.83,45705.59,45901.1,45328.445
45610.44,45863.266,46391.57,45628.25
46014.57,46205.21,46351.12,46048.402
46181.03,46683.695,45446.89,46516.844
47196.75,47126.6,45079.47,46982.633
47749.75,47724.38,46170.77,47406.34
47902.62,48334.465,47004.44,47730.637
48097.51,48761.18,47157.93,48026.234
48096.04,49123.66,47557.02,48252.543
47343.15,49040.92,46706.33,48380.977
47224.82,48669.918,45967.35,48330.285
46804.74,48388.03,46147.74,48252.957
47207.31,48050.797,45968.87,48137.46
47251.69,47747.695,45959.67,47939.016
47309.8,47547.227,45883.48,47623.492
47283.93,47414.098,45943.58,47415.926
47437.43,47403.668,45729.94,47380.348
47479.44,47226.76,46574.51,47677.03
47206.21,47119.266,46633.06,47951.38
46831.12,46897.223,46148.2,48104.234
46565.27,46652.453,45853.54,48093.25
45953.06,46205.31,46443.33,47900.637
44891.55,45634.08,45747.1,47486.473
44283.01,44795.574,44995.11,46934.625
43850.55,42939.332,44141.89,46355.723
43183.82,42622.914,42621.74,45459.93
42457.24,42014.742,41827.29,44563.53
41853.79,41374.84,41276.21,43639.99
41209.61,40781.99,40905.99,42776.7
40511.5,40204.8,40308.92,41942.574
40312.34,39701.42,40026.18,41283.617
39983.74,39333.043,39753.32,40695.22
39138.55,39036.67,39501.49,40189.562
38746.3,38711.43,39042.72,39692.473
38692.87,38445.08,38949.03,39288.113
38607.27,38253.953,38656.94,38888.598
38407.73,37709.094,38341.46,38497.805
38381.16,37910.742,38262.01,38214.824
38280.33,38134.168,38315.8,37958.32
38331.88,38293.04,38475.53,37828.04
37700.48,38430.4,38542.11,37781.793
38047.66,38350.53,38777.02,37816.074
38028.99,38368.51,38780.23,37906.555
38054.92,38415.39,38864.79,38074.31
38746.34,38558.617,39168.16,38322.816
38892.74,38773.156,39217.63,38698.832
39489.93,39034.293,39402.06,39138.723
40142.05,39426.85,39817.07,39672.35
41748.65,40062.742,40314.07,40330.08
42574.83,41016.18,42103.21,41258.402
43553.7,42289.477,43274.37,42307.42
45378.78,44012.664,44238.27,43675.35
48538.49,46781.324,45958.36,45490.035
50445.6,49749.21,49052.66,48309.723
51962.52,52265.004,51265.63,51081.09
53178.12,54194.098,52918.39,53638.527
54963.97,56111.42,54377.41,55731.45
56300.05,57189.727,56209.71,57602.38
57381.01,58032.26,57454.04,58975.492
58253.66,58718.24,58410.28,60139.145
59396.49,58871.53,59458.29,61099.9
60166.87,60047.11,60988.57,60955.652
60404.29,60907.883,61783.35,61376.324
60750.77,61620.36,62234.44,61820.96
60620.21,62537.59,62578.32,62151.555
61203.82,62928.176,62372.87,62467.85
61638.22,63246.355,62736.34,62626.523
61886.11,63485.727,63311.45,62843.0
61906.96,63982.273,63606.93,63118.855
61879.96,64125.4,63671.8,63621.297
62439.91,64243.535,64214.28,63994.47
63558.0,64320.406,64791.66,64401.32
64530.34,64595.727,65220.56,64790.2
65343.44,64660.188,65047.18,65230.28
65560.44,64676.7,65618.32,65371.71
64971.82,64656.65,66041.63,65428.953
64360.83,64729.35,66126.03,65403.33
64261.72,64630.223,65925.92,65329.73
64393.16,64483.984,65593.51,65109.668
64166.25,64342.836,65979.4,64882.44
64451.57,64192.086,66340.99,64682.965
64287.23,64017.477,65597.02,64471.55
63265.36,63846.547,65622.19,64171.15
62702.69,63683.863,65247.48,63901.188
61815.79,63376.25,64309.81,63655.44
61274.83,63171.734,63891.71,63393.383
60908.87,62973.34,63547.13,63065.81
60483.67,62765.11,63576.74,62774.836
60804.69,62310.375,63181.82,62538.82
60467.58,62100.055,62941.89,62192.8
60359.88,61905.58,62489.04,61745.42
60188.72,61726.156,62358.48,61314.855
61050.85,61206.273,61647.46,60907.55
60904.22,61079.11,61054.32,60464.24
60686.5,60985.113,60342.44,60134.05
60618.22,60888.816,59907.94,59954.496
60440.61,60388.95,59818.08,59841.28
60124.71,60310.36,59633.95,59519.035
59974.26,60224.49,59500.36,59416.914
59971.56,60153.305,59249.66,59402.03
59518.13,59596.71,59301.55,59420.496
59030.99,59471.812,59426.69,59083.477
58699.97,59346.76,59511.63,59067.2
58626.08,59227.668,59086.22,59118.824
58428.38,58729.195,59465.42,59165.01
58253.63,58590.25,59281.41,58802.22
57874.24,58459.96,58772.42,58638.79
57609.98,58364.81,58412.89,58451.914
56967.64,58202.055,57709.59,58265.87
55992.66,58142.055,57280.0,58041.312
55846.9,58079.465,56691.36,57897.797
55986.91,57989.945,56331.21,57876.797
55930.17,57806.324,56573.27,57854.727
55162.88,57399.758,56232.18,57616.47
54212.8,56998.105,55470.76,56895.004
53452.79,56568.895,54572.05,55931.25
52458.63,55845.52,53769.96,54853.176
51541.17,54634.566,52508.98,53694.188
50811.33,53530.04,51157.47,52516.336
49776.14,52603.812,50076.89,51361.742
48070.41,51074.03,49080.16,50402.664
47174.95,49420.047,47784.36,49412.863
46511.62,48251.375,47038.49,48488.32
46295.41,47341.336,46167.05,47272.434
45394.73,46604.227,45414.77,46193.29
44552.97,45767.53,45117.56,45154.29
44060.24,45132.586,44654.81,44386.156
43708.07,44633.52,44279.12,43720.215
42799.12,44212.445,43771.67,43164.32
42240.98,43650.484,43379.72,42588.1
42033.81,43167.336,43105.6,42174.664
42099.2,42804.383,43069.42,41775.766
41832.29,41161.727,42814.2,41410.184
41620.75,42071.062,42216.64,41112.367
41600.05,42630.93,42036.58,41017.68
41613.52,42819.21,42202.19,41001.0
41542.41,42801.195,42280.43,40994.81
41854.29,42631.562,42305.64,41042.83
41826.92,42486.52,42185.74,41106.88
41799.08,42342.73,42249.96,41237.496
42087.7,42260.26,42431.09,41439.03
42384.98,42263.71,42899.49,41811.44
42315.28,42421.805,43220.86,42202.797
42715.92,42709.656,43649.51,42664.477
44700.37,43312.36,44041.44,43210.633
45989.61,44392.69,45395.49,44055.523
46685.49,45945.027,46192.48,44929.25
47837.97,47810.94,46644.22,46084.887
50962.03,50189.97,48173.34,47708.285
52897.3,52175.99,50746.96,50407.938
53972.61,53820.45,52477.04,52929.863
55276.75,55154.305,53751.9,55258.344
56889.09,56566.89,55120.53,57182.266
58019.11,57429.11,56518.98,58884.977
58858.27,58119.465,57140.12,60080.49
59560.84,58699.766,58118.08,61066.39
60391.8,59786.188,58923.58,61867.06
61021.88,60631.375,60032.1,62410.28
61549.09,61382.242,60316.36,62727.906
62102.85,62076.28,61032.71,62978.17
61808.74,62800.645,61236.53,63166.15
62206.94,63283.47,61046.74,63410.97
62833.1,63688.688,61745.09,63556.72
63389.26,64001.383,62398.74,63738.64
63670.68,64351.93,62970.57,63991.664
63838.88,64546.492,63516.48,64383.52
64325.66,64721.293,63973.09,64726.777
64668.71,64808.953,64002.46,65109.793
65363.45,64917.562,64513.84,65481.5
65554.11,64922.555,64597.25,65770.2
66026.68,64865.55,64906.34,65925.914
65961.22,64747.562,65471.51,66019.086
64506.21,64608.71,65246.48,66025.14
64533.74,64473.727,64546.94,65868.84
64710.2,64330.297,64302.29,65718.91
64689.59,64183.117,64264.68,65565.305
63723.58,63960.703,64191.93,65416.484
62804.03,63815.78,64094.14,65093.484
62991.72,63699.863,63965.78,64848.715
61779.43,63559.016,63668.25,64625.35
61646.16,63258.914,63445.37,64422.145
61334.38,63099.906,63015.6,64033.066
61267.8,63001.61,62899.42,63752.16
60428.17,62900.81,62755.78,63518.07
60904.01,62517.227,62601.0,63301.465
60514.11,62410.1,62535.77,62853.17
59276.82,62316.25,61885.89,62523.12
59026.9,62270.668,61371.02,62210.07
59443.99,61789.445,61148.6,61878.453
59058.1,61696.17,60825.27,61274.523
58393.2,61636.32,60397.76,60896.945
58643.32,61607.64,60267.84,60691.574
58669.11,61042.773,60230.62,60577.168
58386.25,60943.375,60365.6,60207.336
58686.88,60887.96,59977.54,60093.34
58512.42,60808.754,60157.06,60068.22
58598.3,60273.195,60059.43,60072.39
58269.19,60144.03,59800.25,59726.56
58868.02,60044.785,59575.14,59702.87
59428.53,59931.953,59612.16,59753.734
59116.12,59504.516,59669.08,59799.234
58149.87,59337.734,59486.69,59516.652
57781.03,59202.61,58899.22,59399.984
57288.45,59102.785,58800.6,59350.61
56582.08,58893.41,58305.34,59399.074
56006.55,58762.344,57650.71,59503.844
55423.02,58629.24,56987.31,59511.145
55374.35,58477.82,56885.87,59275.82
55079.73,58110.04,56846.94,58789.934
54780.44,57494.69,56308.77,58036.04
54038.68,56867.11,55326.5,56990.867
53155.35,56175.168,54608.87,55826.754
52298.25,55093.88,53527.16,54740.836
51226.39,53668.492,52274.97,53616.453
50075.38,52562.574,51158.89,52523.637
48715.41,51691.137,50005.41,51475.066
47538.85,50150.562,49367.06,50583.305
46594.03,48602.047,47853.1,49560.273
46231.75,47478.98,47142.71,48676.57
45665.07,46669.312,46469.75,47476.33
44784.94,45952.066,45986.96,46404.84
44329.51,45167.945,45000.43,45328.848
44007.12,44578.656,44567.98,44546.004
43448.91,44096.15,44295.48,43861.71
42512.33,43612.336,43603.12,43297.016
42126.57,43048.234,43354.92,42698.375
42002.76,42576.598,42914.52,42291.707
41715.16,42228.406,42716.72,41897.625
41366.76,40996.63,42223.51,41538.82
40962.89,41829.277,41707.28,41347.133
41153.41,42315.742,41916.9,41248.773
41367.13,42477.355,41950.24,41236.52
41279.48,42533.305,41898.08,41234.227
40970.14,42446.625,41741.54,41309.89
41245.11,42290.492,42107.42,41399.168
41599.08,42200.68,42247.53,41559.836
41875.2,42271.26,42343.04,41799.496
42033.7,42367.066,42529.13,42213.16
42479.51,42593.547,42810.69,42613.426
42956.96,43024.418,43357.55,43086.266
44516.3,43788.805,43689.68,43639.94
45272.42,44894.246,44873.45,44491.836
46158.68,46323.84,45746.14,45312.9
47127.23,48144.438,46843.6,46359.195
50084.69,50642.56,47934.28,47811.74
51902.63,52799.64,50581.2,50223.332
53397.93,54472.31,52180.07,52535.043
54575.97,55735.875,53744.64,54802.566
56162.43,57007.03,54869.15,56769.48
57151.13,57759.086,56542.9,58492.984
58137.52,58357.88,57633.1,59667.22
59012.0,58854.79,58760.09,60628.5
59910.7,60018.22,59713.78,61408.332
60690.91,60721.43,58869.66,62017.125
60747.68,61341.09,60860.9,62302.7
60701.26,61881.31,60891.67,62499.703
60089.58,62490.316,61042.42,62610.105
60142.99,62854.37,60950.75,62792.703
60614.65,63163.555,61323.75,62881.508
61467.43,63441.355,61577.53,63017.254
61620.21,63781.36,62032.84,63216.676
61949.39,63955.53,62204.49,63588.04
62420.13,64094.582,62333.48,63868.855
62670.08,64157.016,62987.14,64191.61
62901.39,64190.76,63108.08,64510.53
63811.38,64124.727,63552.28,64794.83
64129.33,64002.305,64276.09,64922.684
63922.38,63856.098,64512.82,65002.13
63559.11,63714.926,64883.61,65018.03
63445.53,63576.453,64412.99,64883.72
63121.05,63412.93,64351.43,64697.938
62177.33,63246.29,64100.12,64521.875
62401.24,63025.47,64166.25,64342.332
62394.3,62899.855,63944.48,64038.414
62204.75,62767.227,63687.46,63742.383
61441.88,62660.418,63391.51,63481.91
61207.76,62352.18,62222.04,63240.24
61065.1,62220.023,62203.81,62919.1
60890.57,62077.785,62291.18,62604.223
60230.39,61939.625,61589.2,62346.984
60431.27,61477.84,60994.75,62104.773
59839.27,61332.54,60905.79,61727.25
59438.92,61187.684,60734.74,61392.734
59403.76,61048.242,60194.4,61102.02
58478.41,60405.113,59804.87,60785.11
57959.18,60229.64,59773.68,60179.234
57587.62,60087.082,59355.73,59779.914
57445.16,59953.332,59199.81,59534.02
57705.03,59315.56,58966.21,59375.43
57965.47,59169.062,59035.66,58900.883
58089.55,59034.133,58911.65,58808.965
57616.58,58896.88,58757.97,58804.574
57691.92,58353.125,58814.19,58835.992
57822.93,58209.41,58459.96,58462.836
58076.5,58079.94,58448.71,58533.176
58009.46,57973.914,58328.15,58675.37
57562.02,57514.69,58018.18,58833.793
57161.45,57353.992,58001.1,58550.207
57095.45,57227.625,57367.82,58504.707
56724.53,57133.906,57036.15,58431.453
56063.72,56897.25,56765.06,58355.605
55329.88,56776.582,56262.7,58180.645
54880.84,56658.062,56073.78,58250.523
54679.66,56501.273,55979.57,58352.242
54915.89,56189.58,56049.08,58244.78
54352.31,55686.766,56053.83,57789.367
53355.72,55317.773,55245.61,56975.258
52384.48,54997.277,54168.16,55974.73
51558.29,54418.414,53034.94,54968.664
50525.04,53323.56,51590.74,53847.02
49459.75,52414.734,50607.45,52728.438
48326.06,51709.95,49307.29,51616.96
47239.8,50195.38,48532.33,50654.76
46714.23,48735.504,47416.02,49310.023
45771.7,47728.215,46501.86,48368.81
45081.78,46908.645,45770.82,47166.223
43875.75,46093.06,45294.32,46108.207
43477.32,45171.184,44438.26,45049.68
42823.49,44458.895,43767.21,44290.758
42087.73,43815.547,43745.23,43613.926
41672.1,43138.023,43607.67,43040.137
41310.06,42569.383,43002.78,42437.195
40898.51,42115.04,42712.88,42015.75
40996.71,41731.69,42245.4,41605.86
40737.34,40813.176,42094.83,41217.305
40457.34,41626.613,41502.04,40953.57
40368.21,42097.234,41384.24,40828.88
40731.56,42192.387,41507.62,40803.387
40801.01,42235.965,41539.5,40810.21
40794.62,42171.977,41725.47,40912.867
40781.96,42095.605,41593.74,41025.605
41168.21,42010.723,41539.96,41207.79
41368.52,42084.96,41833.37,41465.734
41728.17,42153.5,42231.82,41912.234
42177.5,42362.65,42549.4,42329.547
42796.77,42740.008,42937.62,42816.383
43833.59,43436.465,43370.87,43372.86
44473.27,44328.133,44850.44,44204.64
45406.43,45473.215,45781.15,44975.53
46739.6,46987.43,46670.73,45931.53
48904.03,49426.96,48047.59,47216.13
50263.81,51682.926,50759.45,49395.043
51317.34,53634.734,52286.67,51470.77
52428.01,55177.6,53459.2,53665.16
53555.47,56784.96,54574.37,55745.184
54552.88,57731.355,56093.84,57796.71
55786.23,58466.477,57246.55,59150.15
56669.9,59067.668,58102.34,60232.234
57745.71,60576.684,58891.65,61097.027
58471.13,61328.234,59784.8,61599.78
59495.69,62019.67,60177.11,61911.066
59939.78,62639.37,60715.46,62092.766
60237.6,63261.39,60884.69,62145.492
60457.63,63666.56,60930.04,62336.117
60879.86,63999.855,61483.35,62385.406
61103.25,64266.844,62085.8,62488.67
61614.74,64528.438,62624.2,62665.03
61949.69,64686.598,62742.43,63163.227
62444.1,64793.883,62680.49,63467.08
63073.55,64857.812,63031.13,63840.39
63625.53,64854.258,63619.96,64226.625
64265.44,64817.336,64201.28,64619.844
65052.19,64729.375,64347.7,64794.14
65491.41,64598.184,64445.94,64918.43
64689.95,64425.08,64676.62,64973.367
64427.66,64292.758,64056.17,64920.523
64425.14,64148.44,64032.05,64752.69
64067.94,63992.0,63694.94,64596.87
63172.43,63722.344,63690.04,64438.36
62647.38,63635.027,63478.67,64239.41
62810.71,63554.688,63344.79,63965.832
62893.82,63443.07,63235.14,63740.203
62315.73,63136.1,62767.77,63533.14
61952.08,63014.754,62572.42,63295.727
62327.03,62964.875,62191.99,62979.26
61792.81,62891.52,61916.88,62733.78
61749.72,62528.1,61681.5,62501.934
61837.68,62461.062,61925.45,62169.86
61641.0,62370.047,61543.63,61814.426
61383.23,62301.902,60940.29,61505.74
61328.13,61826.625,60589.24,61165.387
61164.81,61720.66,60447.74,60582.844
60827.47,61674.215,60053.42,60153.61
60717.86,61615.62,59748.69,59900.99
60271.34,61058.953,59738.87,59735.656
60087.82,60968.438,59879.63,59285.49
59830.49,60839.824,59599.74,59153.32
60057.81,60757.56,59468.81,59111.23
59825.03,60172.08,59494.94,59112.773
59169.25,60020.484,59440.65,58725.258
58995.77,59904.562,59063.72,58756.414
59646.62,59776.996,58920.37,58883.477
59516.37,59231.355,58877.22,59042.113
58755.36,58996.58,58872.29,58652.195
58325.68,58783.535,58125.41,58627.867
58087.48,58578.87,57787.52,58583.062
57706.83,58088.36,57433.51,58489.406
56610.26,57876.066,56671.31,58173.35
56189.53,57749.54,56357.87,58094.758
55877.79,57645.88,56647.05,58175.85
55034.76,57290.863,56891.98,58163.1
54036.25,56762.47,56380.64,57777.895
53327.44,56164.707,55623.44,57017.67
52356.44,55540.914,54799.8,56096.027
51318.67,54613.43,53599.19,55176.973
50360.2,53329.637,52429.43,54094.918
49394.03,52384.227,51458.01,53044.21
48304.7,51667.758,50251.54,52001.535
46340.92,49967.746,49274.62,51100.473
45861.47,48419.73,48125.41,49654.805
45436.99,47310.97,47516.9,48714.363
45125.89,46474.258,46702.79,47534.61
44215.76,45636.02,46014.73,46484.41
43686.8,44802.54,45116.44,45409.863
42923.37,44106.656,44320.08,44619.184
42688.94,43445.984,44000.59,43907.9
42125.71,42809.24,43936.13,43302.734
41845.25,42261.664,43538.46,42653.836
41681.16,41818.883,43018.43,42200.31
41645.22,41500.992,42771.05,41769.965
41177.73,40734.082,42520.37,41373.555
40868.06,41621.785,41899.31,40791.117
40688.14,42085.535,41711.52,40721.375
41020.57,42167.1,41645.62,40707.742
40932.95,42276.09,41884.76,40714.35
40986.11,42248.555,41807.88,40812.95
40753.31,42234.914,41689.71,40909.004
40994.4,42177.348,41811.78,41072.746
41499.12,42309.055,42035.61,41308.016
41646.37,42466.18,42450.9,41731.723
41927.11,42692.883,42790.91,42113.14
42629.64,43043.508,42929.32,42564.906
43848.04,43797.28,43680.49,43095.367
44434.08,44699.984,44858.56,43936.574
45140.45,45783.555,45205.19,44718.59
46139.01,47095.52,46308.51,45741.316
48840.53,49156.74,48047.6,47206.453
50672.54,51037.492,50491.6,49731.633
51845.52,52794.254,52103.35,52007.26
53260.56,54330.83,53537.67,54169.457
55136.52,56025.89,54671.25,56054.094
56224.12,56992.242,56196.54,57796.78
56658.72,57713.75,57224.45,59032.598
57750.19,58250.684,58407.6,60048.953
58607.87,60152.78,59257.08,60872.156
59188.82,60656.723,60020.57,62037.305
59675.79,61143.625,60358.17,62393.812
60117.68,61604.348,60739.59,62652.047
60248.82,62216.53,61217.42,62824.418
60613.41,62513.15,61471.52,63132.117
61347.78,62766.348,61843.47,63262.64
61561.95,62948.008,62431.68,63432.645
61611.3,63224.938,62877.54,63645.836
61990.56,63237.156,63267.64,64118.055
61831.37,63158.406,63632.33,64397.73
62183.25,63027.727,63989.23,64705.54
62238.21,62913.176,64492.99,65008.562
62435.46,62703.94,64711.82,65267.957
62806.74,62491.64,64916.22,65416.523
62809.38,62269.04,65138.51,65505.86
62260.67,62021.258,64865.91,65511.773
62188.0,61807.168,63940.19,65331.402
61738.68,61580.71,63545.69,65096.23
61503.72,61374.9,63495.45,64828.402
61060.33,61122.133,63150.06,64519.258
60646.35,60945.992,62983.2,64029.793
60445.67,60768.04,62615.73,63568.656
59555.27,60606.14,62296.9,63142.754
59382.72,60333.344,61753.29,62731.18
58854.4,60178.49,61329.82,62203.79
58296.41,60045.348,61119.77,61752.71
57822.29,59944.08,60769.38,61397.71
57620.5,59625.336,60374.32,61091.312
57158.27,59503.39,60387.95,60648.695
56641.48,59402.375,60007.3,60262.957
56219.67,59320.617,59580.85,59927.906
56644.43,58918.29,59357.13,59617.14
56327.5,58809.652,59583.25,59140.562
55934.31,58731.08,59213.57,58857.766
55838.45,58666.836,58625.83,58685.797
56398.38,58214.16,58598.95,58569.4
56306.96,58088.52,58874.51,58197.0
56117.19,57988.055,58720.93,58088.074
55975.36,57897.336,58571.11,58036.92
55712.29,57440.906,58338.26,58026.12
55717.67,57280.45,58146.8,57656.066
55696.03,57137.566,57891.78,57621.887
55705.85,56995.184,57777.68,57639.008
55334.08,56499.9,57751.54,57687.453
54684.08,56272.066,57119.03,57143.086
54541.24,56070.92,56421.84,56940.25
54265.08,55904.15,56349.37,56724.78
53710.55,55457.734,56077.73,56506.34
52862.21,55192.504,55373.88,55968.016
52507.75,54984.688,54767.05,55754.094
52399.05,54746.426,54751.66,55771.973
52523.41,54198.516,54757.89,55876.14
52139.81,53450.75,54339.18,55536.836
51477.57,52855.97,53420.46,54933.992
50316.55,52405.04,52398.59,54083.902
49394.93,51717.707,51147.67,53208.82
48540.43,50895.625,49919.16,51972.07
47604.52,50386.2,49333.83,51002.062
46600.87,49851.08,48414.27,50045.63
45429.95,48047.285,47497.16,49221.082
44713.81,46603.547,46745.32,47797.312
44114.92,45469.617,46033.04,47075.793
43667.11,44547.56,45350.12,46010.74
42849.54,43654.97,44753.8,45006.97
42127.75,42819.12,43597.03,43968.27
41749.68,42089.13,43362.99,43189.59
41210.0,41527.76,42966.91,42490.906
40690.45,41007.016,42506.61,41906.78
40469.09,40600.484,41654.27,41312.734
40393.85,40305.01,40982.85,40914.34
40098.93,40108.355,40706.99,40555.26
39734.52,39000.97,40285.95,40235.387
39521.04,39164.46,39618.57,39607.805
39276.02,39387.008,39465.14,39395.414
39497.4,39394.45,39423.11,39274.47
39100.0,39322.715,39158.47,39087.25
38957.18,39168.42,39053.63,38919.664
38989.7,39025.125,38938.17,38794.457
38685.01,38945.746,38842.08,38721.79
38542.86,38898.992,38938.52,38700.055
38547.98,38916.027,38780.64,38741.812
38679.76,38985.26,38796.21,38811.004
39002.04,39118.887,38769.53,38918.184
39782.92,39350.555,38750.52,39052.727
39834.33,39717.64,39227.76,39235.57
40033.55,40067.324,39400.14,39388.42
40356.5,40416.477,39498.04,39547.27
40874.77,40862.906,39829.48,39717.797
40747.47,41344.758,40651.84,39949.574
41264.71,41738.11,40597.64,40195.49
41837.87,42229.777,41035.53,40540.29
43250.98,42978.145,41539.94,41076.113
43847.73,43970.582,42755.14,42007.336
44599.55,44995.496,43690.31,43161.72
45225.59,46031.305,44536.4,44389.996
46299.97,47778.14,45619.09,45540.68
47071.46,48531.156,46753.79,46831.496
47927.02,49169.668,47664.52,47747.777
48771.83,49935.277,48445.38,48550.54
49320.24,50771.574,49200.79,49233.844
49894.78,51542.35,50015.78,50005.44
50351.81,52197.344,50588.17,50649.035
50790.32,52745.19,50944.6,51229.656
51135.05,53313.684,51513.63,51744.637
51728.03,53750.09,51789.98,52408.645
51860.95,54083.86,51915.78,52771.047
52538.24,54309.637,52405.61,53053.49
52622.7,54540.258,52709.52,53286.973
53174.75,54588.52,52949.34,53599.027
53465.16,54531.902,53271.72,53723.945
53075.18,54391.004,53764.57,53762.33
52363.95,54215.78,53699.19,53696.496
52251.64,53882.35,53462.98,53541.375
52338.44,53523.58,53566.3,53217.367
52163.58,53158.645,53143.42,52814.402
51352.73,52790.63,52607.41,52373.586
51079.95,52400.86,52090.3,51872.477
50487.17,52030.098,51948.39,51363.434
50390.2,51635.47,51755.32,50893.754
50568.36,51264.883,51227.11,50476.203
50690.25,51011.504,50538.7,50062.062
50701.94,50868.95,50441.02,49703.984
50578.9,50781.203,50089.79,49428.164
50563.83,50638.008,49572.67,49220.07
50627.77,50513.926,49770.22,49008.684
49863.05,50431.11,49660.37,48839.67
49714.67,50318.992,49455.21,48739.273
49745.06,50203.855,49005.87,48685.9
49518.41,50114.543,49110.41,48632.43
49415.71,50060.66,48962.63,48603.586
49515.55,50060.957,48848.2,48673.293
50225.56,50098.562,48545.28,48833.785
50163.82,50125.1,49113.34,49024.1
49224.59,50182.906,49046.85,49193.598
49234.99,50124.137,49139.52,49399.62
48808.0,50105.39,49260.34,49589.81
48769.68,49884.145,49479.49,49693.15
48839.71,49719.344,49420.49,49693.16
48882.93,49601.984,49382.73,49717.3
49028.51,49486.68,49315.9,49714.38
48754.51,49206.402,49760.99,49527.832
48678.89,48908.42,49745.02,49221.8
48373.88,48624.605,49404.96,48886.297
47894.71,48345.707,48622.55,48494.977
47180.0,47869.633,48073.47,47941.7
47159.27,47369.45,47722.39,47327.297
47295.12,47023.434,48053.77,46886.047
47062.4,46857.75,47993.58,46735.387
46555.66,46504.53,47887.55,46877.273
45976.29,46087.797,47202.05,46991.56
45463.04,45565.344,46887.42,46934.89
45358.76,45047.37,46115.69,46670.57
44544.59,44477.55,45658.58,46182.426
43616.98,43768.746,45005.48,45549.094
43141.03,43009.543,44271.54,44903.547
42557.23,41483.043,43405.1,44310.83
41655.14,41178.434,42129.92,43168.86
40929.84,40669.902,41598.01,42389.902
40662.13,40159.008,41193.39,41571.957
39679.26,39729.594,40389.24,40741.58
38958.28,39233.7,39448.8,39877.41
38311.88,38786.758,38953.6,39133.72
37390.34,38407.22,38456.37,38454.293
36713.26,38057.18,38105.69,37859.36
36487.17,37736.375,37597.26,37287.047
36238.07,37491.88,36983.91,36864.477
36137.67,37320.508,36789.91,36526.01
35889.0,35416.344,36699.31,36268.246
35160.85,35371.266,36377.57,35627.297
35057.48,35388.562,36010.98,35465.19
35258.94,35413.52,35712.48,35313.965
35153.88,35466.383,35732.18,35193.344
34850.19,35482.69,35670.98,35088.715
34793.83,35486.21,35536.83,35000.977
34624.08,35498.188,35625.52,34929.438
34683.47,35557.14,35557.3,34874.23
34474.51,35607.7,35415.21,34847.805
34701.55,35664.047,35480.73,34839.594
35061.7,35726.008,35362.15,34845.344
35259.63,35850.71,35188.04,34853.297
35340.38,35948.547,35497.1,34870.195
35416.04,36042.42,35475.37,34878.918
35810.31,36144.023,35582.44,34890.19
35899.59,36330.844,35366.3,34907.156
36048.87,36461.17,36091.51,34963.12
36115.62,36587.07,35718.31,35019.61
36364.33,36716.523,35945.88,35130.125
36691.84,37016.46,36263.76,35339.934
37448.96,37223.16,37142.24,35858.67
38016.72,37488.758,37855.97,36476.965
38781.92,37815.934,38632.18,37241.555
39589.5,39773.547,39353.24,38023.86
40598.7,40037.28,40214.08,39611.258
41288.94,40338.527,41013.26,40426.14
41997.72,40732.836,41762.91,41214.99
42546.66,41377.035,42235.79,41976.39
43119.13,41974.375,42880.3,42804.457
43744.49,42660.05,43681.14,43524.707
44524.74,43437.367,44295.94,44193.465
45394.63,44446.492,45019.96,44816.06
45897.64,45487.086,45439.07,45520.246
46516.61,46387.027,45923.5,46077.38
46631.03,47132.895,46231.71,46569.023
47556.06,47652.027,46759.06,47042.2
48190.28,48088.504,47302.55,47634.72
48709.75,48365.863,47696.75,48164.93
48737.34,48499.97,48152.6,48640.13
48587.32,48579.152,48445.34,48985.164
48701.01,48509.305,48496.96,49191.32
48465.69,48415.66,48350.88,49126.703
48301.84,48281.98,48172.02,48901.785
47874.11,48191.723,47935.45,48550.164
47773.46,48046.105,47486.07,48132.81
47654.99,47941.848,47193.5,47621.59
46886.61,47879.72,46794.3,47137.574
46611.68,47687.74,46452.13,46706.79
46612.73,47511.535,46226.92,46344.664
46465.09,47466.855,46102.85,45966.85
46455.49,47426.062,45942.88,45648.676
46479.72,47450.734,45543.27,45388.84
46092.17,47460.95,45660.55,45173.996
46199.25,47355.09,45389.71,44962.035
45893.82,47413.855,45227.17,44794.9
46076.28,47385.785,45162.42,44679.266
45745.82,47413.156,45194.5,44638.156
45791.16,47317.336,44834.5,44641.082
45901.1,47390.18,44737.54,44745.816
46391.57,47601.035,44912.99,44964.81
46351.12,47865.41,45732.2,45326.38
45446.89,48060.28,45880.7,45710.617
45079.47,47742.348,46093.37,46141.625
46170.77,47463.094,46444.35,46575.44
47004.44,47725.727,47256.3,46996.586
47157.93,48287.67,47580.5,47280.973
47557.02,48672.203,47390.94,47525.39
46706.33,49052.57,47660.07,47719.824
45967.35,48636.5,47744.98,47765.598
46147.74,48004.79,47617.32,47717.414
45968.87,47690.383,47515.38,47634.082
45959.67,47348.477,47637.34,47536.48
45883.48,46857.74,47543.46,47357.71
45943.58,46507.79,47780.18,47157.047
45729.94,46297.35,48215.0,47075.723
46574.51,46151.945,48387.73,47190.52
46633.06,46219.062,48300.22,47511.957
46148.2,46214.062,47677.04,47733.297
45853.54,45972.53,47279.34,47802.14
46443.33,45754.426,47055.79,47715.254
45747.1,45704.09,46914.89,47507.312
44995.11,45322.46,46512.98,47074.855
44141.89,44760.547,45920.18,46540.125
42621.74,43109.824,45313.15,45974.203
41827.29,42430.938,44479.93,45156.434
41276.21,41591.016,43888.92,44299.414
40905.99,40869.367,43456.53,43421.203
40308.92,40247.367,42968.82,42593.613
40026.18,39703.355,42413.73,41801.17
39753.32,39292.33,41928.03,41172.26
39501.49,38970.258,41282.05,40627.094
39042.72,38659.242,41002.17,40163.312
38949.03,38391.414,40651.76,39724.223
38656.94,38180.035,40397.42,39374.758
38341.46,37983.46,40144.75,39041.145
38262.01,37305.203,40025.39,38726.703
38315.8,37606.758,39721.22,38577.76
38475.53,37950.227,39622.53,38322.16
38542.11,38278.44,39763.7,38184.98
38777.02,38566.055,39569.52,38118.895
38780.23,38756.082,39131.68,38122.01
38864.79,38899.625,39256.7,38195.36
39168.16,39050.555,39238.07,38350.383
39217.63,39292.645,39370.25,38594.64
39402.06,39480.92,39995.47,38965.625
39817.07,39758.344,40321.6,39395.645
40314.07,40211.387,40957.27,39915.76
42103.21,40927.258,41588.68,40538.6
43274.37,42125.68,43382.93,41394.707
44238.27,43765.92,44319.95,42377.047
45958.36,45735.984,45573.43,43685.07
49052.66,48427.227,47398.24,45498.53
51265.63,50769.594,50560.16,48321.46
52918.39,52608.46,52404.78,51072.49
54377.41,53982.086,53784.31,53556.79
56209.71,55455.938,55127.72,55559.56
57454.04,56370.285,56810.22,57317.695
58410.28,57149.758,57903.01,58539.22
59458.29,57782.824,59126.94,59542.74
60988.57,57423.81,60388.46,60377.895
61783.35,58594.918,61283.49,61102.3
62234.44,59546.79,62129.02,61451.805
62578.32,60300.02,62685.46,61736.305
62372.87,61203.293,63091.33,61938.26
62736.34,61541.605,63182.96,62483.836
63311.45,61838.605,63561.13,62666.867
63606.93,62083.81,64257.21,62880.71
63671.8,62688.05,64455.75,63139.31
64214.28,62804.61,64892.94,63772.16
64791.66,62881.832,65368.52,64131.08
65220.56,62917.062,65882.6,64515.1
65047.18,63329.35,66376.84,64894.703
65618.32,63274.3,66612.66,65305.29
66041.63,63189.633,67220.21,65560.9
66126.03,63073.086,67592.11,65751.98
65925.92,63245.605,67621.43,65873.56
65593.51,63097.266,67051.8,65874.28
65979.4,62943.402,66837.77,65837.44
66340.99,62834.074,66837.28,65770.805
65597.02,62901.312,67132.89,65685.39
65622.19,62753.586,67068.14,65434.73
65247.48,62611.76,67044.29,65261.164
64309.81,62470.855,67093.95,65092.777
63891.71,62326.32,66321.09,64930.652
63547.13,62192.664,66005.56,64565.11
63576.74,62062.34,66041.76,64340.15
63181.82,61995.65,65620.19,64137.508
62941.89,61691.18,65293.37,63944.184
62489.04,61577.46,65137.47,63478.08
62358.48,61500.414,64986.64,63161.043
61647.46,61436.766,64740.82,62815.555
61054.32,60981.5,64193.39,62443.63
60342.44,60896.793,63959.68,61839.445
59907.94,60813.473,63765.05,61512.25
59818.08,60705.41,63238.58,61325.3
59633.95,60080.92,63121.45,61218.746
59500.36,59961.938,63155.27,60875.516
59249.66,59840.6,63233.66,60782.773
59301.55,59692.547,63351.4,60756.15
59426.69,59001.38,63329.56,60767.867
59511.63,58823.566,62603.34,60452.348
59086.22,58648.242,62066.16,60434.273
59465.42,58474.84,62217.11,60474.367
59281.41,57743.414,61857.0,60523.293
58772.42,57527.734,61361.84,60001.492
58412.89,57311.89,60655.51,59860.117
57709.59,57130.734,60505.33,59699.746
57280.0,56722.98,60099.1,59494.066
56691.36,56647.867,60071.19,58791.62
56331.21,56610.133,59759.79,58404.918
56573.27,56617.46,60087.95,58084.863
56232.18,56509.305,60178.2,57849.42
55470.76,56266.92,59433.42,57390.105
54572.05,56039.785,58484.81,56787.445
53769.96,55712.95,56957.76,55936.246
52508.98,55133.348,56084.0,54965.266
51157.47,54096.918,55097.33,53842.4
50076.89,53080.43,54141.13,52683.715
49080.16,52204.414,52957.42,51583.355
47784.36,50792.496,52087.34,50662.14
47038.49,49160.25,51045.31,49694.562
46167.05,48001.215,50386.62,48849.652
45414.77,47091.31,49525.66,47786.7
45117.56,46301.617,48809.19,46856.934
44654.81,45534.5,47932.87,45940.246
44279.12,44988.04,47521.41,45271.42
43771.67,44553.062,47045.44,44694.742
43379.72,44152.344,46322.68,44216.97
43105.6,43711.55,45253.93,43678.88
43069.42,43372.17,45298.26,43317.625
42814.2,43116.9,44771.82,42973.777
42216.64,41411.344,44681.06,42665.633
42036.58,42515.473,44206.84,42379.785
42202.19,43161.83,44203.92,42263.836
42280.43,43391.5,44252.7,42219.65
42305.64,43371.17,44380.19,42180.29
42185.74,43211.43,44454.16,42191.0
42249.96,43050.367,44410.85,42236.43
42431.09,42912.133,44224.16,42354.656
42899.49,42904.5,44201.03,42550.242
43220.86,43008.785,44733.42,42879.766
43649.51,43234.484,44773.81,43219.17
44041.44,43655.08,45078.31,43630.387
45395.49,44464.04,45780.04,44119.58
46192.48,45586.742,47484.48,44842.625
46644.22,46992.664,48375.89,45640.92
48173.34,48554.766,49714.75,46754.477
50746.96,50629.355,51010.16,48358.305
52477.04,52254.02,54096.32,50991.414
53751.9,53592.574,55376.85,53425.312
55120.53,54681.957,56424.69,55614.453
56518.98,55914.414,57509.9,57383.566
57140.12,56638.93,58945.14,58975.1
58118.08,57241.414,60261.14,60050.58
58923.58,57738.734,61418.64,60921.562
60032.1,58790.363,62171.4,61607.86
60316.36,59487.027,63199.71,62388.242
61032.71,60115.47,63737.43,62636.418
61236.53,60685.805,64259.34,62838.1
61046.74,61382.17,64715.74,62980.06
61745.09,61752.496,64260.58,63385.355
62398.74,62068.918,64753.21,63555.543
62970.57,62344.656,65684.33,63782.594
63516.48,62695.586,66220.52,64081.133
63973.09,62857.46,66470.88,64690.625
64002.46,62967.46,66756.75,65072.63
64513.84,63007.875,67139.27,65449.41
64597.25,63016.83,67537.8,65792.14
64906.34,62924.676,67847.57,66109.37
65471.51,62797.664,68504.44,66300.914
65246.48,62635.297,68900.99,66427.42
64546.94,62473.902,69080.64,66493.586
64302.29,62322.227,68020.58,66431.03
64264.68,62161.414,67885.82,66361.13
64191.93,61997.844,68077.01,66270.16
64094.14,61749.08,68153.76,66171.234
63965.78,61593.91,67957.48,65891.945
63668.25,61430.734,67718.61,65707.1
63445.37,61277.53,67417.3,65534.484
63015.6,60964.848,66948.12,65376.703
62899.42,60827.105,66633.17,64989.25
62755.78,60699.508,66575.6,64770.098
62601.0,60586.332,66226.68,64575.51
62535.77,60209.543,65980.95,64394.207
61885.89,60116.305,66433.6,63917.332
61371.02,60023.848,65811.61,63628.094
61148.6,59946.15,65875.01,63316.85
60825.27,59498.227,65834.74,62969.46
60397.76,59425.863,65493.72,62315.766
60267.84,59363.85,64726.16,61942.273
60230.62,59309.754,64892.92,61714.297
60365.6,58824.945,64568.75,61566.934
59977.54,58753.438,64573.02,61191.58
60157.06,58687.22,64419.22,61070.87
60059.43,58619.0,64624.18,61033.88
59800.25,58115.652,64568.2,61031.496
59575.14,58000.195,63987.9,60702.05
59612.16,57909.207,63722.4,60675.273
59669.08,57830.89,63522.67,60715.37
59486.69,57489.973,63582.47,60765.547
58899.22,57433.37,63315.24,60267.066
58800.6,57427.086,62512.52,60117.93
58305.34,57440.766,62257.0,59950.94
57650.71,57377.516,62225.06,59736.883
56987.31,57293.715,62070.69,59060.492
56885.87,57200.99,61363.2,58608.836
56846.94,57132.1,61394.2,58194.855
56308.77,56926.598,61532.59,57897.53
55326.5,56534.28,60812.3,57411.785
54608.87,56104.223,59823.28,56865.42
53527.16,55656.625,58631.53,56111.797
52274.97,54806.62,57378.09,55247.918
51158.89,53481.715,56395.83,54190.043
50005.41,52353.406,55436.86,53063.47
49367.06,51410.99,53932.82,51962.152
47853.1,49932.586,52991.55,51021.535
47142.71,48408.05,51680.74,49978.074
46469.75,47371.32,50856.97,49105.98
45986.96,46605.434,50015.88,48040.305
45000.43,45911.227,49321.27,47113.95
44567.98,45155.426,48338.32,46218.62
44295.48,44602.656,47942.26,45546.586
43603.12,44167.562,47293.72,44964.156
43354.92,43694.406,46743.82,44479.285
42914.52,43251.902,46333.45,43943.152
42716.72,42881.934,46000.34,43577.85
42223.51,42582.688,45618.69,43232.664
41707.28,41240.363,45292.09,42920.875
41916.9,42232.277,44611.98,42594.14
41950.24,42887.113,44473.08,42467.37
41898.08,43071.305,44366.88,42421.473
41741.54,43115.242,44358.64,42383.39
42107.42,43039.812,44217.64,42405.137
42247.53,43030.207,44348.89,42456.79
42343.04,43036.0,44415.68,42579.316
42529.13,43127.2,44456.4,42775.086
42810.69,43213.48,45317.04,43111.695
43357.55,43422.203,45611.86,43449.805
43689.68,43827.184,45858.61,43862.39
44873.45,44574.688,46289.44,44356.566
45746.14,45581.04,48015.33,45104.324
46843.6,46916.62,49082.42,45900.695
47934.28,48507.65,50221.07,47003.754
50581.2,50517.074,51742.02,48589.4
52180.07,52044.297,54548.74,51193.91
53744.64,53277.734,55955.56,53570.793
54869.15,54277.7,57200.76,55759.43
56542.9,55418.312,58434.98,57555.535
57633.1,56117.977,60053.89,59118.707
58760.09,56688.79,61007.69,60163.54
59713.78,57157.418,62030.7,61003.0
58869.66,58620.82,62895.91,61680.12
60860.9,59208.723,63766.05,62534.367
60891.67,59766.883,64195.01,62815.76
61042.42,60277.066,64434.48,63038.977
60950.75,60933.305,64769.77,63201.88
61323.75,61292.086,64254.97,63486.984
61577.53,61611.91,65122.16,63673.617
62032.84,61891.332,65635.95,63922.797
62204.49,62300.64,66172.02,64243.875
62333.48,62471.957,66380.63,64765.184
62987.14,62592.145,66741.83,65143.5
63108.08,62640.46,67199.92,65512.695
63552.28,62691.33,67757.72,65839.68
64276.09,62574.246,68058.08,66152.81
64512.82,62406.344,68237.29,66313.01
64883.61,62210.87,68602.71,66407.484
64412.99,62039.75,68570.45,66448.26
64351.43,61848.86,68367.87,66417.266
64100.12,61665.215,68425.4,66341.77
64166.25,61495.72,68302.49,66246.73
63944.48,61274.97,68597.88,66143.37
63687.46,61102.008,68085.35,65902.84
63391.51,60922.81,67825.58,65723.12
62222.04,60753.53,67786.64,65555.9
62203.81,60415.32,67510.79,65398.79
62291.18,60229.496,67778.99,65028.836
61589.2,60042.797,67731.26,64808.293
60994.75,59864.492,67195.66,64621.047
60905.79,59369.51,67279.55,64443.906
60734.74,59205.406,67073.14,63980.797
60194.4,59065.707,66629.93,63699.156
59804.87,58939.008,65534.67,63396.094
59773.68,58371.234,65178.59,63060.645
59355.73,58263.96,65301.99,62424.984
59199.81,58174.97,64601.14,62082.582
58966.21,58100.266,63845.56,61875.844
59035.66,57542.53,63568.06,61755.516
58911.65,57470.555,63764.23,61384.312
58757.97,57422.34,63609.81,61259.39
58814.19,57377.523,63282.21,61211.844
58459.96,56887.12,63164.02,61198.402
58448.71,56810.152,63184.8,60856.62
58328.15,56761.77,62858.04,60803.945
58018.18,56731.96,62548.69,60823.625
58001.1,56348.164,62381.94,60883.727
57367.82,56306.164,62323.98,60377.098
57036.15,56302.227,61868.48,60228.875
56765.06,56319.117,61590.48,60060.09
56262.7,56170.52,61331.46,59867.22
56073.78,55897.508,61176.77,59264.086
55979.57,55572.883,60871.31,58838.81
56049.08,55294.414,60679.87,58451.57
56053.83,54950.31,60350.47,58160.414
55245.61,54391.707,59743.95,57658.336
54168.16,53988.11,59028.78,57104.188
53034.94,53694.074,58061.06,56354.55
51590.74,53215.1,57073.66,55512.527
50607.45,52229.54,55843.3,54448.22
49307.29,51484.46,54882.14,53346.598
48532.33,50878.38,53461.03,52264.023
47416.02,49429.723,52411.15,51340.074
46501.86,48131.633,51354.7,50082.508
45770.82,47228.09,50067.0,49210.164
45294.32,46542.18,49278.24,48165.758
44438.26,45884.27,48885.79,47262.41
43767.21,45174.023,48253.5,46363.316
43745.23,44591.992,48183.72,45693.152
43607.67,44160.863,47716.41,45110.02
43002.78,43750.863,47194.38,44622.062
42712.88,43310.04,47030.14,44082.14
42245.4,42946.43,46720.46,43710.77
42094.83,42609.844,46523.33,43354.973
41502.04,41453.03,45954.0,43031.543
41384.24,42485.414,45297.92,42668.453
41507.62,43035.68,45164.54,42527.27
41539.5,43159.406,44893.44,42470.04
41725.47,43240.63,44636.19,42423.824
41593.74,43246.95,44797.74,42443.938
41539.96,43229.055,45054.08,42488.137
41833.37,43193.52,44982.83,42600.805
42231.82,43334.957,45101.68,42782.1
42549.4,43462.406,45496.17,43108.938
42937.62,43704.62,45989.87,43418.27
43370.87,44096.586,46158.86,43797.35
44850.44,44871.33,46265.83,44254.734
45781.15,45884.49,47891.99,44969.277
46670.73,47218.215,48848.72,45695.336
48047.59,48852.52,49658.87,46687.883
50759.45,51109.62,51281.53,48118.652
52286.67,52851.59,54321.09,50572.824
53459.2,54248.23,55946.61,52876.0
54574.37,55334.21,57103.53,55098.18
56093.84,56510.344,57952.81,57045.926
57246.55,57165.332,59536.38,58798.08
58102.34,57694.918,60445.85,59974.086
58891.65,58129.9,61551.88,60901.266
59784.8,59561.266,62373.66,61640.07
60177.11,60057.816,63295.62,62458.008
60715.46,60565.36,63794.5,62796.695
60884.69,61027.777,63893.69,63057.754
60930.04,61746.387,63877.97,63238.18
61483.35,62002.43,63820.65,63436.113
62085.8,62207.695,64385.26,63603.906
62624.2,62353.715,64904.25,63834.457
62742.43,62743.04,65167.07,64146.082
62680.49,62697.406,65626.39,64565.992
63031.13,62581.855,66430.59,64941.93
63619.96,62414.04,66863.48,65314.66
64201.28,62406.64,67372.89,65637.27
64347.7,62187.66,67422.18,65841.33
64445.94,61982.758,67481.07,65968.805
64676.62,61779.707,67585.66,66026.64
64056.17,61683.934,67707.79,66029.42
64032.05,61492.9,66973.91,65870.76
63694.94,61312.33,66809.99,65716.19
63690.04,61145.547,67088.14,65563.055
63478.67,60989.58,67487.75,65423.188
63344.79,60836.145,67506.23,65123.57
63235.14,60701.562,66767.96,64896.414
62767.77,60582.273,65982.22,64693.3
62572.42,60354.656,65182.57,64505.58
62191.99,60224.125,64849.64,64145.42
61916.88,60116.793,65127.34,63900.86
61681.5,60016.37,64996.1,63685.027
61925.45,59664.58,64700.26,63475.008
61543.63,59549.777,64411.78,63014.03
60940.29,59457.617,64070.96,62693.61
60589.24,59361.94,64029.81,62392.34
60447.74,58863.527,63675.64,62071.344
60053.42,58772.93,63536.61,61476.42
59748.69,58695.453,63150.41,61137.67
59738.87,58626.87,63045.98,60952.566
59879.63,58066.145,62712.69,60835.375
59599.74,57995.316,62779.74,60453.836
59468.81,57929.766,62703.67,60307.76
59494.94,57867.86,62872.97,60265.082
59440.65,57305.65,62672.69,60246.367
59063.72,57230.074,62206.43,59875.11
58920.37,57168.055,61604.18,59822.516
58877.22,57110.195,61539.5,59854.246
58872.29,56515.68,61556.24,59911.812
58125.41,56442.797,61220.46,59459.55
57787.52,56363.016,60777.84,59349.32
57433.51,56280.504,60458.78,59250.91
56671.31,55884.33,60280.26,59138.656
56357.87,55723.188,60293.85,58770.727
56647.05,55581.293,60143.57,58558.883
56891.98,55496.062,60434.65,58451.117
56380.64,55353.207,60222.19,58345.793
55623.44,54957.37,59116.27,57877.56
54799.8,54476.77,58345.54,57161.387
53599.19,53953.297,57352.07,56285.95
52429.43,53241.863,56052.53,55395.77
51458.01,51935.17,55034.81,54325.4
50251.54,50953.918,53898.93,53269.477
49274.62,50362.695,52817.25,52254.945
48125.41,49054.07,51993.24,51396.61
47516.9,47961.832,50551.07,49951.97
46702.79,47325.49,49538.77,49092.035
46014.73,46795.727,48750.37,48027.594
45116.44,46141.082,48383.14,47087.777
44320.08,45421.766,47281.75,46124.06
44000.59,44845.605,46836.39,45407.023
43936.13,44378.164,46507.0,44765.008
43538.46,43909.9,46074.22,44219.79
43018.43,43477.28,45629.14,43610.5
42771.05,43077.047,45148.68,43186.72
42520.37,42738.633,44997.01,42782.25
41899.31,41538.336,44668.56,42414.21
41711.52,42652.65,44219.77,41669.027
41645.62,43089.82,43821.6,41597.05
41884.76,43131.438,44037.4,41581.57
41807.88,43245.83,44022.84,41573.945
41689.71,43234.777,43722.6,41633.04
41811.78,43206.496,43702.49,41698.64
42035.61,43202.055,43638.25,41829.094
42450.9,43372.97,43742.0,42027.76
42790.91,43501.453,43813.34,42385.883
42929.32,43747.348,44174.0,42724.9
43680.49,44077.95,44388.83,43135.477
44858.56,44877.824,45131.52,43625.684
45205.19,45786.734,46786.43,44398.652
46308.51,46869.9,47605.97,45168.785
48047.6,48242.21,48675.51,46230.215
50491.6,50298.254,49944.51,47812.77
52103.35,51878.723,52797.19,50486.72
53537.67,53213.65,54690.67,52765.832
54671.25,54277.133,56198.67,54839.168
56196.54,55513.785,57386.59,56598.902
57224.45,56147.883,58551.89,58219.703
58407.6,56646.39,59661.82,59298.824
59257.08,57047.645,60583.81,60164.41
60020.57,58925.984,61410.26,60864.164
60358.17,59323.91,62436.38,61999.613
60739.59,59747.05,63040.55,62312.16
61217.42,60139.42,63491.95,62551.566
61471.52,60853.28,63820.16,62725.707
61843.47,61064.81,63429.3,63041.242
62431.68,61248.67,63748.1,63211.348
62877.54,61378.54,64317.77,63426.04
63267.64,61775.277,64809.28,63689.5
63632.33,61677.395,65053.64,64074.707
63989.23,61517.016,65060.71,64374.82
64492.99,61301.996,65585.88,64686.684
64711.82,61186.402,65907.54,64972.574
64916.22,60911.156,66094.61,65181.895
65138.51,60640.562,66322.83,65279.57
64865.91,60364.812,66514.69,65309.465
63940.19,60145.082,66633.45,65273.023
63545.69,59888.54,65772.31,65058.04
63495.45,59657.098,65272.38,64797.406
63150.06,59440.918,65276.07,64512.117
62983.2,59214.47,65359.09,64195.406
62615.73,59024.812,64975.52,63709.355
62296.9,58858.684,64288.4,63263.297
61753.29,58708.555,64168.57,62839.395
61329.82,58464.9,63404.61,62438.652
61119.77,58335.258,63506.63,61918.1
60769.38,58225.293,63589.37,61486.14
60374.32,58135.43,63441.97,61156.402
60387.95,57833.977,63261.73,60874.957
60007.3,57742.926,63229.99,60445.0
59580.85,57668.75,62834.2,60091.516
59357.13,57611.4,62326.07,59797.215
59583.25,57218.938,61872.55,59525.734
59213.57,57160.727,62166.7,59074.504
58625.83,57112.062,61909.27,58810.74
58598.95,57074.484,61515.09,58663.676
58874.51,56612.74,61225.33,58567.598
58720.93,56557.01,61517.36,58223.016
58571.11,56508.066,61363.4,58117.75
58338.26,56464.63,61037.48,58080.797
58146.8,55969.844,60915.33,58087.47
57891.78,55875.5,60541.46,57741.29
57777.68,55794.94,60173.51,57706.05
57751.54,55730.64,59908.94,57722.332
57119.03,55193.414,59763.87,57750.49
56421.84,55081.004,59483.91,57173.914
56349.37,54976.992,58954.09,56937.918
56077.73,54890.18,58602.96,56710.016
55373.88,54490.016,58440.1,56503.156
54767.05,54252.95,57816.51,56035.38
54751.66,54053.99,57864.22,55877.652
54757.89,53908.758,57719.77,55906.395
54339.18,53486.89,57547.01,55935.31
53420.46,52791.55,56583.15,55451.84
52398.59,52086.508,55701.53,54780.594
51147.67,51425.004,54465.92,53909.844
49919.16,50448.24,53355.16,53036.83
49333.83,49303.344,52143.91,51852.406
48414.27,48733.06,51304.17,50930.637
47497.16,48504.574,50358.53,50031.812
46745.32,47345.527,49472.64,49265.66
46033.04,46422.58,48399.66,47793.824
45350.12,45759.79,47833.43,47133.867
44753.8,45208.51,46966.45,46160.688
43597.03,44551.62,46315.28,45242.07
43362.99,43865.562,44687.71,44280.59
42966.91,43357.543,44333.01,43550.547
42506.61,42920.57,44246.38,42890.305
41654.27,42409.254,43759.71,42331.773
40982.85,41867.3,42542.21,41742.86
40706.99,41340.492,42127.49,41338.5
40285.95,40921.16,41500.78,40974.863
39618.57,39429.492,41172.8,40655.21
39465.14,39573.297,40632.22,39904.566
39423.11,39822.836,40047.46,39709.86
39158.47,39893.11,39891.11,39611.008
39053.63,39810.875,39801.06,39437.883
38938.17,39649.414,39893.23,39270.61
38842.08,39468.5,39658.74,39145.203
38938.52,39306.152,39420.98,39069.11
38780.64,39232.02,39260.43,39045.375
38796.21,39174.29,39356.09,39077.867
38769.53,39166.742,39452.05,39145.19
38750.52,39198.598,39325.47,39249.1
39227.76,39295.688,39526.86,39380.22
39400.14,39470.21,40026.12,39551.05
39498.04,39678.46,40022.56,39701.156
39829.48,39901.477,40044.31,39859.754
40651.84,40259.855,40709.83,40033.016
40597.64,40708.797,41597.09,40271.832
41035.53,41120.547,41876.18,40528.97
41539.94,41605.977,41916.26,40885.29
42755.14,42333.97,42307.99,41423.93
43690.31,43147.664,43601.01,42393.305
44536.4,44058.176,44287.96,43510.59
45619.09,44954.51,45229.46,44703.51
46753.79,46402.75,46370.06,45820.656
47664.52,47154.82,47434.81,47171.55
48445.38,47761.887,48535.67,48065.625
49200.79,48381.727,49162.38,48828.867
50015.78,49124.555,49984.6,49478.33
50588.17,49643.938,50740.71,50284.215
50944.6,50154.855,51474.03,50896.004
51513.63,50598.33,52407.2,51450.34
51789.98,51270.41,52885.03,51941.562
51915.78,51560.055,52940.13,52656.598
52405.61,51864.586,53167.42,52997.527
52709.52,52057.27,53697.0,53259.3
52949.34,52332.805,53644.25,53471.82
53271.72,52236.06,53709.84,53829.375
53764.57,52042.06,54231.08,53937.258
53699.19,51771.156,54497.65,53966.74
53462.98,51601.773,54491.19,53900.266
53566.3,51297.734,54378.06,53813.79
53143.42,51005.203,54330.55,53514.266
52607.41,50725.867,54096.6,53144.633
52090.3,50537.918,53564.15,52737.016
51948.39,50293.95,53380.6,52330.633
51755.32,50081.082,53077.99,51870.457
51227.11,49890.15,53279.39,51456.125
50538.7,49764.88,52796.74,51091.523
50441.02,49598.22,53007.32,50774.38
50089.79,49465.5,52940.83,50468.023
49572.67,49355.957,52372.76,50236.832
49770.22,49266.266,52384.56,50074.367
49660.37,49191.258,52130.21,49936.965
49455.21,49149.992,51969.55,49806.105
49005.87,49115.434,51821.11,49736.156
49110.41,49058.973,51209.02,49721.496
48962.63,49009.695,51375.27,49745.49
48848.2,48984.39,51309.6,49765.664
48545.28,48978.293,50477.24,49882.113
49113.34,48937.41,50525.13,50053.95
49046.85,48925.434,50633.35,50202.48
49139.52,48934.36,51152.81,50279.938
49260.34,48964.973,50951.13,50369.88
49479.49,48951.72,50969.09,50443.664
49420.49,48936.027,51758.96,50393.766
49382.73,48943.332,51464.99,50307.594
49315.9,48967.055,51228.81,50244.14
49760.99,48848.266,51055.99,50156.62
49745.02,48769.83,51037.91,49829.28
49404.96,48704.55,50515.14,49448.492
48622.55,48652.94,50178.2,49042.61
48073.47,48489.93,49812.98,48625.617
47722.39,48191.78,49585.08,48093.457
48053.77,47906.543,49650.14,47589.477
47993.58,47785.633,49158.89,47314.15
47887.55,47673.227,49007.33,47328.457
47202.05,47386.96,48311.53,47506.434
46887.42,47007.285,47425.07,47583.598
46115.69,46652.387,46985.79,47465.41
45658.58,46145.75,46562.66,47147.523
45005.48,45468.305,46389.87,46624.438
44271.54,44708.293,45917.68,45982.008
43405.1,43880.82,45387.63,45354.03
42129.92,42074.703,45045.18,44791.582
41598.01,41540.703,44268.5,43681.19
41193.39,40948.35,43695.9,42975.082
40389.24,40424.156,43478.97,42227.605
39448.8,39846.484,43012.59,41461.19
38953.6,39269.707,41888.72,40648.094
38456.37,38819.99,41377.27,39940.46
38105.69,38460.492,40864.08,39270.176
37597.26,38167.14,40653.68,38656.18
36983.91,37910.5,39792.17,38029.54
36789.91,37688.273,39373.07,37550.707
36699.31,37536.547,39062.23,37148.21
36377.57,35719.406,38570.55,36824.918
36010.98,35687.7,37877.26,36260.105
35712.48,35725.77,37442.3,36054.36
35732.18,35757.18,37124.58,35895.594
35670.98,35782.72,37301.01,35765.203
35536.83,35783.016,36858.93,35640.797
35625.52,35769.773,36835.13,35555.14
35557.3,35764.484,36547.38,35492.027
35415.21,35794.402,36389.5,35449.254
35480.73,35822.074,36727.61,35409.234
35362.15,35867.35,36831.06,35397.477
35188.04,35925.562,37039.61,35394.254
35497.1,36021.18,36875.38,35382.992
35475.37,36111.516,36932.09,35369.812
35582.44,36205.047,36917.9,35353.137
35366.3,36300.684,37176.18,35353.76
36091.51,36451.336,37230.55,35384.945
35718.31,36574.105,37772.43,35483.227
35945.88,36690.18,37638.7,35611.75
36263.76,36827.227,37737.84,35845.188
37142.24,37194.562,37424.53,36219.758
37855.97,37495.42,37832.29,36876.047
38632.18,37868.844,38341.89,37555.55
39353.24,38287.547,39140.1,38267.938
40214.08,40216.387,39481.94,38965.605
41013.26,40445.77,40578.76,40445.99
41762.91,40678.348,41458.63,41165.723
42235.79,41019.875,42489.59,41890.6
42880.3,41534.8,43024.38,42600.773
43681.14,42046.414,43573.8,43379.52
44295.94,42710.523,43955.67,44025.457
45019.96,43467.223,44828.93,44616.47
45439.07,44476.05,45296.41,45156.254
45923.5,45370.902,45665.14,45736.06
46231.71,46160.27,46307.68,46236.055
46759.06,46700.457,46965.58,46720.555
47302.55,47223.742,47787.1,47264.047
47696.75,47443.035,48096.24,47891.766
48152.6,47514.37,48730.63,48432.97
48445.34,47496.63,49102.51,48787.25
48496.96,47558.887,49424.47,48952.31
48350.88,47466.47,49072.25,48933.887
48172.02,47358.95,48809.49,48734.562
47935.45,47235.58,48655.75,48399.99
47486.07,47214.55,47999.48,47995.152
47193.5,47083.477,47865.92,47521.23
46794.3,46955.402,47839.72,47051.773
46452.13,46815.348,47989.64,46616.89
46226.92,46756.797,47923.38,46250.594
46102.85,46636.74,47604.86,45878.117
45942.88,46559.617,47342.65,45558.816
45543.27,46505.1,47222.31,45309.707
45660.55,46464.8,46473.85,45123.293
45389.71,46436.336,45980.62,44892.22
45227.17,46376.242,45392.26,44729.91
45162.42,46332.12,44772.41,44632.0
45194.5,46393.633,44289.67,44570.164
44834.5,46370.453,45180.89,44463.816
44737.54,46270.434,45150.3,44460.26
44912.99,46220.203,44784.48,44561.688
45732.2,46351.06,44836.03,44777.195
45880.7,46589.418,45077.22,45061.723
46093.37,46796.484,45348.07,45380.54
46444.35,47008.67,45106.29,45764.24
47256.3,47257.82,45966.95,46139.863
47580.5,47486.637,46364.38,46527.664
47390.94,47698.07,46746.38,46716.633
47660.07,47838.754,47155.35,46917.84
47744.98,47883.0,46810.78,47080.227
47617.32,47870.22,46776.05,47255.02
47515.38,47816.914,46281.81,47155.105
47637.34,47772.33,46166.31,47047.15
47543.46,47727.21,46261.29,46936.656
47780.18,47523.094,47330.6,46843.145
48215.0,47415.105,47843.86,46540.03
48387.73,47405.445,48108.01,46377.84
48300.22,47442.656,47893.96,46395.156
47677.04,47268.57,47025.72,46718.266
47279.34,47033.33,46260.61,46889.4
47055.79,46774.125,45795.94,46928.52
46914.89,46598.97,45306.0,46843.695
46512.98,46297.367,45517.63,46689.312
45920.18,45986.4,44956.51,46274.973
45313.15,45583.24,44289.56,45739.27
44479.93,44308.527,43627.69,45199.31
43888.92,43765.008,42966.31,44227.277
43456.53,43078.598,42499.84,43439.89
42968.82,42411.625,41774.87,42646.54
42413.73,41768.09,41050.5,41916.48
41928.03,41062.008,40109.85,41252.57
41282.05,40489.445,39565.1,40694.65
41002.17,39978.668,39429.97,40203.3
40651.76,39576.406,39072.27,39783.97
40397.42,39213.33,38714.81,39415.188
40144.75,38938.953,38259.79,39072.242
40025.39,38728.008,37863.79,38728.1
39721.22,37662.617,37766.91,38370.055
39622.53,38161.242,37680.21,38334.97
39763.7,38796.086,37520.1,38120.34
39569.52,39438.42,37546.86,38011.68
39131.68,40012.54,37624.04,37972.734
39256.7,40364.727,37749.21,38067.727
39238.07,40651.223,37735.53,38198.375
39370.25,40857.305,37697.99,38374.723
39995.47,41106.867,38014.64,38614.523
40321.6,41369.61,38897.61,39015.582
40957.27,41638.87,39402.41,39451.74
41588.68,42000.188,40028.17,39980.66
43382.93,42592.17,40563.64,40607.4
44319.95,43382.85,41580.34,41524.383
45573.43,44278.07,42579.4,42498.324
47398.24,45319.195,43987.59,43785.35
50560.16,46819.473,45831.8,45527.508
52404.78,48144.477,49431.04,48181.73
53784.31,49370.906,51349.97,50568.477
55127.72,50528.35,52316.32,52761.85
56810.22,52074.195,53589.64,54593.21
57903.01,53010.51,55742.55,56277.39
59126.94,53832.734,56668.64,57555.28
60388.46,54523.188,57697.91,58665.633
61283.49,55831.203,58635.05,59625.62
62129.02,56615.72,59317.39,60193.766
62685.46,57249.895,59868.35,60576.973
63091.33,57782.785,60301.84,60865.906
63182.96,58824.86,60272.18,61220.793
63561.13,59062.18,59796.95,61404.887
64257.21,59284.92,60159.33,61498.43
64455.75,59435.96,60734.52,61769.176
64892.94,60060.984,61143.55,62065.727
65368.52,59960.6,61382.61,62444.746
65882.6,59827.836,61727.86,62831.586
66376.84,59645.94,62248.79,63215.246
66612.66,59803.695,62949.99,63562.863
67220.21,59560.53,63545.47,63884.02
67592.11,59339.227,64046.18,64086.473
67621.43,59130.47,64252.67,64233.082
67051.8,59184.82,65444.36,64271.516
66837.77,58983.117,64560.77,64178.137
66837.28,58810.938,64199.7,64020.793
67132.89,58654.902,64809.64,63876.992
67068.14,58663.25,64292.21,63724.36
67044.29,58526.574,64088.83,63459.812
67093.95,58412.76,63691.2,63211.957
66321.09,58316.19,63462.0,62993.246
66005.56,58267.48,63230.82,62801.375
66041.76,58181.043,62881.14,62506.336
65620.19,58114.54,62709.87,62256.258
65293.37,58060.38,62383.65,62069.508
65137.47,57916.137,62033.0,61908.926
64986.64,57862.7,61908.52,61550.266
64740.82,57825.64,61455.01,61301.867
64193.39,57793.98,61134.98,61077.516
63959.68,57555.62,60678.76,60814.88
63765.05,57517.977,60601.79,60257.652
63238.58,57485.895,60443.1,59938.305
63121.45,57459.418,60232.56,59766.195
63155.27,57148.445,59189.65,59675.293
63233.66,57103.438,59278.1,59288.586
63351.4,57054.17,59410.77,59239.598
63329.56,57007.477,59633.18,59271.02
62603.34,56614.87,59529.01,59308.66
62066.16,56524.15,59184.22,58978.992
62217.11,56438.04,59162.05,59017.492
61857.0,56358.367,59384.53,59118.133
61361.84,55815.3,59205.1,59179.445
60655.51,55729.055,59157.84,58779.504
60505.33,55644.83,59176.14,58575.207
60099.1,55605.043,59218.82,58338.246
60071.19,55149.66,58998.48,58077.008
59759.79,55211.09,58858.9,57600.766
60087.95,55273.21,58756.14,57117.46
60178.2,55346.164,58901.22,56699.63
59433.42,55073.023,58132.41,56391.61
58484.81,54953.22,57167.52,55962.633
56957.76,54783.22,56140.71,55447.047
56084.0,54555.18,55182.05,54752.1
55097.33,53994.766,53937.47,53955.258
54141.13,53383.78,52663.97,52938.656
52957.42,52781.0,51685.4,51896.56
52087.34,52194.707,50680.67,50886.95
51045.31,50501.137,49919.62,49989.97
50386.62,49189.816,48143.02,49021.418
49525.66,48269.066,46989.42,48138.28
48809.19,47535.49,46534.14,47089.508
47932.87,46906.555,45738.65,46193.594
47521.41,46034.12,44282.06,45292.684
47045.44,45447.637,43642.42,44668.99
46322.68,45014.03,43224.83,44106.594
45253.93,44686.805,42996.92,43626.562
45298.26,44091.562,42561.55,43104.293
44771.82,43748.16,42487.77,42736.363
44681.06,43476.125,42163.27,42374.492
44206.84,41137.344,42154.86,42049.01
44203.92,42343.945,42045.39,41690.973
44252.7,43240.04,41897.19,41622.895
44380.19,43907.844,41967.48,41641.03
44454.16,44410.305,42181.13,41659.008
44410.85,44746.68,41784.13,41735.863
44224.16,44955.203,42034.42,41816.883
44201.03,45071.36,42119.68,41952.65
44733.42,45231.992,42187.11,42147.58
44773.81,45396.99,42529.53,42504.414
45078.31,45547.6,42671.78,42844.844
45780.04,45737.086,43304.66,43250.992
47484.48,46139.438,43835.75,43757.258
48375.89,46545.793,45164.56,44596.02
49714.75,46946.867,45961.29,45448.945
51010.16,47353.004,46883.48,46600.918
54096.32,48021.883,48426.51,48210.434
55376.85,48464.867,52016.61,50740.516
56424.69,48888.44,54186.81,52872.176
57509.9,49350.426,55302.88,54840.52
58945.14,50424.195,56610.84,56563.184
60261.14,51117.754,58396.55,58157.074
61418.64,51844.86,59581.27,59349.535
62171.4,52573.7,60441.22,60359.195
63199.71,54671.574,60915.54,61209.305
63737.43,55500.992,61213.49,61735.723
64259.34,56163.105,61878.58,62078.777
64715.74,56705.453,62499.28,62385.617
64260.58,57750.09,62707.17,62627.195
64753.21,57966.656,61810.71,62802.184
65684.33,58138.68,61946.19,62996.96
66220.52,58252.633,62417.82,63272.72
66470.88,58899.22,62854.59,63618.555
66756.75,58841.863,62687.8,64070.96
67139.27,58780.92,63042.91,64470.81
67537.8,58712.902,63693.78,64868.105
67847.57,59004.645,64281.77,65201.562
68504.44,58916.137,64340.38,65481.086
68900.99,58854.453,64903.85,65611.805
69080.64,58800.508,65125.65,65673.87
68020.58,58976.46,65394.2,65678.03
67885.82,58921.785,64620.06,65593.59
68077.01,58881.9,64351.16,65429.94
68153.76,58852.77,64850.28,65262.688
67957.48,58927.832,65017.02,65109.97
67718.61,58890.094,65073.6,64905.05
67417.3,58861.09,64651.49,64668.508
66948.12,58835.125,64265.82,64481.957
66633.17,58813.543,63760.59,64311.895
66575.6,58785.324,63869.15,64081.867
66226.68,58763.26,63612.31,63843.004
65980.95,58744.53,63200.26,63672.332
66433.6,58603.008,62932.37,63525.758
65811.61,58582.2,62970.64,63224.273
65875.01,58569.75,62646.46,62977.797
65834.74,58571.61,62034.38,62759.203
65493.72,58323.332,61555.4,62509.312
64726.16,58302.527,61090.91,61996.25
64892.92,58298.016,61008.49,61685.867
64568.75,58281.65,60362.83,61534.152
64573.02,57961.19,60082.76,61444.484
64419.22,57926.656,60488.04,61098.94
64624.18,57892.125,60776.59,61016.08
64568.2,57848.6,60546.77,61004.938
63987.9,57431.566,60559.56,61033.18
63722.4,57344.707,60474.07,60707.125
63522.67,57264.555,60101.01,60680.832
63582.47,57194.6,59714.48,60731.64
63315.24,56663.59,59675.4,60782.83
62512.52,56573.156,59383.16,60347.062
62257.0,56487.582,59417.0,60134.875
62225.06,56431.523,59269.29,59894.074
62070.69,55959.645,59065.73,59609.285
61363.2,55921.58,58932.84,59004.68
61394.2,55884.016,59071.73,58463.652
61532.59,55906.19,58908.48,58015.13
60812.3,55651.07,58224.04,57718.324
59823.28,55666.203,57213.08,57270.723
58631.53,55683.133,56263.23,56774.89
57378.09,55677.73,55117.6,56123.527
56395.83,55322.875,54080.99,55387.74
55436.86,54914.59,52917.44,54387.387
53932.82,54425.594,51874.38,53302.863
52991.55,53843.414,50708.77,52212.883
51680.74,51641.363,49571.2,51251.22
50856.97,50211.703,48108.61,49941.047
50015.88,49144.37,47307.74,49004.504
49321.27,48292.9,46532.93,47946.25
48338.32,47558.55,45908.91,47069.9
47942.26,46620.773,44528.84,46200.125
47293.72,45993.023,44008.28,45579.176
46743.82,45505.094,43439.77,45018.008
46333.45,45149.926,43140.9,44540.59
46000.34,44601.18,42689.96,43995.965
45618.69,44245.375,42479.07,43620.125
45292.09,43977.605,42479.53,43258.02
44611.98,41548.938,42670.95,42928.887
44473.08,43001.133,41928.18,42351.566
44366.88,44025.637,41540.1,42246.492
44358.64,44727.336,41605.68,42237.15
44217.64,45244.773,41876.87,42234.13
44348.89,45567.4,42007.02,42314.273
44415.68,45816.31,41952.32,42382.484
44456.4,46004.54,42003.43,42506.71
45317.04,46251.94,42240.44,42697.125
45611.86,46488.125,42740.6,43069.133
45858.61,46717.25,42880.06,43405.777
46289.44,46950.477,43371.49,43823.934
48015.33,47393.426,44029.16,44335.438
49082.42,47796.69,45666.88,45202.934
50221.07,48215.754,46604.31,46075.406
51742.02,48646.016,47467.96,47291.145
54548.74,49378.742,48889.43,49013.848
55955.56,49837.016,52429.18,51673.703
57200.76,50258.645,54447.94,53791.836
58434.98,50672.312,55368.46,55746.25
60053.89,51627.035,56601.98,57455.77
61007.69,52164.3,57940.06,58996.453
62030.7,52686.15,58753.85,60109.598
62895.91,53158.203,59749.32,61034.336
63766.05,55782.242,60702.41,61804.83
64195.01,56365.43,61381.34,62670.555
64434.48,56894.49,62063.61,63002.473
64769.77,57343.38,62248.68,63257.984
64254.97,58211.65,62488.55,63451.25
65122.16,58439.855,62257.77,63611.83
65635.95,58615.78,62668.33,63811.75
66172.02,58733.617,63374.43,64078.812
66380.63,59296.207,63509.43,64413.83
66741.83,59300.01,63519.83,64833.22
67199.92,59300.652,64098.69,65209.043
67757.72,59293.184,64726.68,65588.95
68058.08,59616.117,64991.93,65938.625
68237.29,59562.88,65135.53,66230.734
68602.71,59528.848,65372.43,66395.25
68570.45,59500.547,65755.29,66493.39
68367.87,59655.383,65902.06,66528.984
68425.4,59617.664,65275.7,66457.34
68302.49,59596.402,64849.37,66311.58
68597.88,59577.414,65206.63,66161.3
68085.35,59618.953,65233.82,66006.74
67825.58,59599.426,64608.06,65796.92
67786.64,59590.46,64231.31,65576.69
67510.79,59584.434,63802.98,65392.383
67778.99,59527.586,63010.93,65217.2
67731.26,59512.754,62683.16,64972.906
67195.66,59508.527,62582.88,64746.22
67279.55,59502.754,62630.85,64571.15
67073.14,59347.023,62484.56,64414.68
66629.93,59325.605,62608.99,64106.4
65534.67,59307.996,62143.8,63865.734
65178.59,59292.88,61848.29,63651.15
65301.99,59016.35,61361.52,63421.062
64601.14,58993.598,61353.96,62970.113
63845.56,58973.234,60922.13,62681.527
63568.06,58968.82,60520.36,62558.055
63764.23,58640.203,60679.31,62507.773
63609.81,58601.63,61043.69,62189.86
63282.21,58553.652,60722.27,62103.516
63164.02,58508.44,60893.08,62114.88
63184.8,58097.28,60906.93,62159.78
62858.04,58029.6,60879.17,61860.457
62548.69,57962.363,60768.25,61862.254
62381.94,57946.73,60967.65,61955.82
62323.98,57426.113,61342.88,62048.812
61868.48,57376.4,61528.39,61594.47
61590.48,57309.723,61319.75,61416.773
61331.46,57279.457,60799.99,61192.617
61176.77,56824.79,60825.49,60954.17
60871.31,56760.336,60585.11,60333.38
60679.87,56712.273,60381.12,59804.254
60350.47,56700.324,59910.72,59332.855
59743.95,56448.312,59098.64,59010.82
59028.78,56375.617,58163.64,58493.594
58061.06,56305.117,57203.82,57992.914
57073.66,56195.324,55876.23,57382.824
55843.3,55775.53,54684.17,56713.69
54882.14,55133.51,52907.53,55702.867
53461.03,54431.188,51826.65,54623.22
52411.15,53687.945,50513.77,53517.375
51354.7,51251.81,49891.33,52525.684
50067.0,49939.895,49266.42,50997.035
49278.24,48949.715,47837.19,49997.555
48885.79,48154.383,46574.77,48895.82
48253.5,47506.055,46079.87,48005.35
48183.72,46641.29,45807.95,47116.12
47716.41,46094.812,45498.01,46492.28
47194.38,45668.48,45604.94,45929.414
47030.14,45357.656,44896.68,45440.734
46720.46,44856.805,44510.6,44890.188
46523.33,44523.914,43668.67,44510.6
45954.0,44280.57,43056.47,44135.562
45297.92,41895.465,42940.19,43798.68
45164.54,43195.16,42585.12,43130.562
44893.44,44137.4,42273.25,43017.094
44636.19,44792.305,42413.19,42999.984
44797.74,45270.547,42534.93,42994.137
45054.08,45579.41,42378.57,43067.113
44982.83,45808.39,42627.25,43124.668
45101.68,45961.914,42825.88,43238.84
45496.17,46199.664,42881.5,43421.266
45989.87,46357.91,43425.28,43787.742
46158.86,46543.367,43794.66,44108.586
46265.83,46736.918,44158.7,44505.17
47891.99,47141.6,44637.61,44987.906
48848.72,47507.793,46016.33,45821.902
49658.87,47895.21,46807.26,46633.316
51281.53,48303.92,47652.61,47746.04
54321.09,49060.36,49516.92,49346.33
55946.61,49528.695,52661.4,52037.223
57103.53,49989.363,54706.47,54199.2
57952.81,50460.617,55699.92,56188.125
59536.38,51506.918,57104.78,57979.098
60445.85,52121.85,58938.63,59645.406
61551.88,52728.992,60109.92,60821.773
62373.66,53311.562,61007.38,61783.875
63295.62,56490.254,61891.53,62612.582
63794.5,57047.547,63092.72,63679.57
63893.69,57590.973,63698.01,64109.363
63877.97,58105.125,63676.51,64451.17
63820.65,59044.39,63951.83,64693.72
64385.26,59391.2,63222.91,64834.75
64904.25,59662.01,63483.01,65048.105
65167.07,59887.637,63970.9,65337.426
65626.39,60479.973,64183.94,65697.42
66430.59,60604.547,63616.84,66094.555
66863.48,60704.645,64025.08,66519.04
67372.89,60772.52,64790.51,66955.914
67422.18,61076.504,65348.04,67355.055
67481.07,61083.848,65772.76,67584.67
67585.66,61084.48,66485.14,67785.09
67707.79,61078.754,67164.14,67908.8
66973.91,61204.16,67414.61,67932.945
66809.99,61171.92,66781.99,67812.055
67088.14,61145.89,66888.76,67699.85
67487.75,61127.598,66888.46,67544.09
67506.23,61119.086,66706.92,67422.24
66767.96,61083.97,66403.34,67166.09
65982.22,61043.047,66062.34,66944.99
65182.57,61007.438,66269.41,66752.34
64849.64,60870.3,65220.61,66573.26
65127.34,60831.062,64821.08,66246.234
64996.1,60790.754,64935.06,66015.914
64700.26,60738.56,64460.35,65825.484
64411.78,60445.54,63946.45,65636.28
64070.96,60390.86,63886.33,65264.715
64029.81,60358.617,63825.35,64967.965
63675.64,60317.34,63336.62,64667.453
63536.61,59886.34,62800.83,64376.37
63150.41,59848.18,63043.82,63903.08
63045.98,59793.92,62100.48,63595.848
62712.69,59745.664,62121.28,63462.145
62779.74,59240.117,62322.38,63382.688
62703.67,59171.38,62248.53,63112.023
62872.97,59118.49,62481.61,62998.414
62672.69,59059.625,61498.02,62979.367
62206.43,58513.613,61906.13,63011.023
61604.18,58437.332,62924.26,62803.277
61539.5,58376.58,62530.72,62770.07
61556.24,58329.312,61992.08,62796.81
61220.46,57777.76,62141.93,62805.816
60777.84,57680.965,62157.18,62423.49
60458.78,57587.0,61688.09,62144.39
60280.26,57501.71,61267.8,61863.445
60293.85,57148.86,61496.13,61567.04
60143.57,56988.05,61452.3,60945.195
60434.65,56859.758,61131.84,60341.086
60222.19,56792.14,60671.37,59822.508
59116.27,56682.617,59654.88,59453.39
58345.54,56415.676,58882.6,58932.92
57352.07,56074.703,57773.17,58416.457
56052.53,55653.6,56629.76,57843.99
55034.81,55090.746,55438.14,57180.367
53898.93,54033.934,53813.62,56159.035
52817.25,53057.58,52575.37,55072.516
51993.24,52190.996,51507.13,53973.9
50551.07,49983.965,50434.68,53012.883
49538.77,48644.54,48734.84,51602.668
48750.37,47749.938,47955.36,50596.12
48383.14,47084.17,47229.28,49489.92
47281.75,46578.54,46507.61,48570.41
46836.39,45864.176,45196.94,47611.164
46507.0,45473.47,44747.57,46938.55
46074.22,45259.12,44541.41,46334.742
45629.14,45077.9,44314.54,45805.83
45148.68,44805.59,44112.55,45221.45
44997.01,44588.957,43890.46,44816.68
44668.56,44411.043,43410.76,44421.246
44219.77,42604.43,42990.77,44059.613
43821.6,43685.336,42485.96,43400.984
44037.4,44048.508,42104.58,43378.105
44022.84,44224.273,42113.88,43395.883
43722.6,44413.793,42469.8,43412.51
43702.49,44467.79,42215.44,43546.836
43638.25,44489.523,42330.06,43634.83
43742.0,44485.523,42195.88,43783.71
43813.34,44615.605,42575.91,44004.402
44174.0,44651.645,43158.09,44446.38
44388.83,44776.73,43296.92,44805.234
45131.52,44959.527,43632.01,45242.023
46786.43,45485.5,44287.66,45772.773
47605.97,46042.7,45632.4,46715.836
48675.51,46704.445,46477.67,47598.875
49944.51,47489.01,47369.9,48806.61
52797.19,48795.875,48979.76,50474.26
54690.67,49796.57,52088.06,53095.953
56198.67,50784.023,53942.01,55040.574
57386.59,51753.3,55362.55,56816.492
58551.89,53282.113,56932.27,58411.504
59661.82,54210.75,58875.45,59903.72
60583.81,55004.75,59693.91,61021.977
61410.26,55684.39,60444.69,61978.195
62436.38,58643.305,61521.97,62810.176
63040.55,59148.83,62635.7,63922.688
63491.95,59655.902,63146.93,64400.508
63820.16,60128.25,63259.8,64759.04
63429.3,60967.95,63601.54,65015.824
63748.1,61250.367,63414.26,64952.297
64317.77,61474.297,63415.88,65110.23
64809.28,61616.855,63795.77,65306.52
65053.64,61952.43,64128.17,65564.86
65060.71,61891.152,64089.93,65758.53
65585.88,61785.566,64126.03,66084.14
65907.54,61644.895,64617.6,66440.66
66094.61,61638.973,65001.53,66793.91
66322.83,61453.15,64538.11,67005.78
66514.69,61276.8,64584.01,67161.42
66633.45,61112.508,64843.73,67242.65
65772.31,61011.96,65044.36,67229.29
65272.38,60848.27,64517.83,66999.29
65276.07,60701.727,64497.17,66714.516
65359.09,60568.707,64285.67,66426.41
64975.52,60425.125,63689.96,66122.21
64288.4,60307.344,63230.33,65663.836
64168.57,60202.0,62981.57,65230.945
63404.61,60108.31,62595.55,64849.938
63506.63,59915.2,61823.76,64497.754
63589.37,59827.582,61464.79,64047.91
63441.97,59754.402,61250.29,63632.156
63261.73,59692.473,60725.18,63337.53
63229.99,59415.18,60295.94,63099.688
62834.2,59348.6,60264.81,62734.297
62326.07,59295.812,60101.3,62425.758
61872.55,59249.24,59715.3,62211.01
62166.7,58871.21,59679.51,62006.605
61909.27,58808.008,59544.32,61603.723
61515.09,58761.562,58963.37,61327.04
61225.33,58717.77,58617.1,61245.836
61517.36,58280.164,58502.36,61228.363
61363.4,58205.11,59171.84,60983.61
61037.48,58137.96,59079.39,60919.57
60915.33,58074.56,59063.55,60960.938
60541.46,57587.07,59192.17,61034.79
60173.51,57477.438,59428.25,60785.68
59908.94,57387.844,58963.26,60730.703
59763.87,57319.074,58957.2,60743.816
59483.91,56824.71,59067.22,60713.055
58954.09,56723.37,59057.14,60167.4
58602.96,56639.586,58496.84,59733.27
58440.1,56572.01,58471.51,59308.434
57816.51,56219.598,58698.97,58883.707
57864.22,56037.39,58669.4,58175.16
57719.77,55895.91,58200.44,57568.023
57547.01,55809.098,57317.37,57110.914
56583.15,55552.676,56487.25,56868.13
55701.53,55235.9,55375.71,56414.383
54465.92,54846.258,54133.29,56006.4
53355.16,54333.617,53145.16,55446.09
52143.91,53538.152,52040.52,54804.223
51304.17,52246.793,51311.31,53771.723
50358.53,51205.273,50223.85,52831.957
49472.64,50419.426,49113.13,51856.03
48399.66,48508.266,48552.59,51024.07
47833.43,47208.383,47463.88,49658.08
46966.45,46404.74,46569.54,48879.242
46315.28,45786.824,45573.45,47860.598
44687.71,45250.48,44945.03,46943.223
44333.01,44516.562,43699.12,46014.516
44246.38,44082.54,42635.76,45291.094
43759.71,43804.043,42295.41,44630.7
42542.21,43466.457,42111.41,44083.355
42127.49,42933.125,41544.59,43548.707
41500.78,42470.258,41068.52,43129.016
41172.8,42035.414,40947.83,42740.543
40632.22,40059.676,40855.76,42395.92
40047.46,40258.594,40271.48,41215.285
39891.11,40405.242,40217.45,41039.348
39801.06,40361.617,39968.12,40959.594
39893.23,40207.414,39810.43,40814.94
39658.74,40030.01,40094.0,40731.758
39420.98,39817.4,39689.94,40697.9
39260.43,39603.93,39657.78,40703.348
39356.09,39424.41,39692.26,40730.285
39452.05,39340.49,39725.42,40795.203
39325.47,39332.1,39760.22,40845.117
39526.86,39358.19,39653.38,40907.31
40026.12,39473.547,39732.45,40987.367
40022.56,39703.42,39934.8,41133.36
40044.31,39936.367,39898.12,41268.168
40709.83,40173.586,39925.6,41446.26
41597.09,40582.492,40199.95,41679.527
41876.18,41102.79,41021.29,42055.605
41916.26,41620.48,41586.15,42477.594
42307.99,42126.867,41648.41,43030.53
43601.01,42835.977,42490.85,43728.64
44287.96,43638.055,43884.14,44674.36
45229.46,44523.195,44648.09,45660.066
46370.06,45405.41,45340.88,46659.9
47434.81,46984.395,46025.91,47604.242
48535.67,47778.457,47048.41,48997.133
49162.38,48361.32,47935.91,49946.336
49984.6,48955.965,48576.82,50845.125
50740.71,49705.06,49243.13,51666.035
51474.03,50188.473,49997.29,52385.914
52407.2,50698.16,50437.79,53091.67
52885.03,51148.176,50982.99,53684.77
52940.13,51894.684,51255.82,54177.105
53167.42,52172.344,51841.11,54560.895
53697.0,52451.72,52172.43,54874.656
53644.25,52582.215,52311.91,55116.72
53709.84,52841.688,52599.38,55321.28
54231.08,52695.36,53155.49,55480.76
54497.65,52503.598,53552.91,55591.016
54491.19,52273.92,53245.78,55602.406
54378.06,52229.3,53198.79,55499.816
54330.55,52006.8,53095.96,55181.42
54096.6,51803.58,53077.42,54762.31
53564.15,51610.887,53135.49,54257.523
53380.6,51570.496,52463.27,53732.844
53077.99,51423.7,51659.34,53097.117
53279.39,51309.734,50843.95,52532.492
52796.74,51215.766,50744.08,52011.547
53007.32,51231.332,50215.35,51556.434
52940.83,51173.457,49686.0,51065.76
52372.76,51141.316,49061.55,50651.992
52384.56,51110.66,48437.45,50341.336
52130.21,51131.28,48094.88,50117.277
51969.55,51106.96,48065.41,49872.34
51821.11,51087.152,48077.19,49660.086
51209.02,51080.613,47834.88,49551.492
51375.27,51077.816,47816.4,49507.613
51309.6,51032.66,48046.53,49472.754
50477.24,51021.97,47643.91,49402.133
50525.13,50983.66,47813.74,49437.613
50633.35,50941.797,47917.45,49547.68
51152.81,50886.973,48820.64,49769.58
50951.13,50890.28,48894.08,49839.7
50969.09,50913.758,49333.33,50009.676
51758.96,50838.73,49705.8,50185.55
51464.99,50820.277,49849.89,50486.406
51228.81,50822.754,49797.9,50433.164
51055.99,50832.47,49943.17,50421.008
51037.91,50629.344,50093.73,50368.35
50515.14,50450.582,50304.26,50452.62
50178.2,50276.207,49918.14,50005.617
49812.98,50158.04,49884.84,49547.195
49585.08,49998.594,50077.96,49084.0
49650.14,49741.203,50441.38,48810.53
49158.89,49600.367,50103.16,48409.785
49007.33,49459.727,49486.04,48292.53
48311.53,49351.18,48746.47,48260.15
47425.07,48956.336,47899.51,48212.867
46985.79,48435.285,46993.26,47841.992
46562.66,47930.41,46341.91,47404.316
46389.87,47475.33,45750.62,46931.02
45917.68,46957.723,45353.72,46422.47
45387.63,46491.75,44587.25,45816.727
45045.18,46032.312,43910.76,45213.24
44268.5,44660.285,43222.13,44654.43
43695.9,44311.46,42331.62,43626.844
43478.97,43694.168,41438.12,42801.656
43012.59,43119.19,40841.39,41928.633
41888.72,42586.625,40142.2,41077.043
41377.27,41807.332,39328.56,40331.934
40864.08,41210.586,38763.72,39629.426
40653.68,40729.85,38289.98,38995.234
39792.17,40385.516,37916.34,38444.61
39373.07,39978.973,37302.61,38002.04
39062.23,39654.71,36912.59,37624.87
38570.55,39383.625,36895.82,37339.754
37877.26,36979.484,36661.02,37131.48
37442.3,36830.21,36187.33,36090.188
37124.58,36793.105,36042.93,35927.383
37301.01,36772.594,35876.64,35783.266
36858.93,36769.68,35659.83,35671.07
36835.13,36784.438,35563.51,35605.082
36547.38,36809.055,35645.23,35527.055
36389.5,36834.062,35467.23,35467.88
36727.61,36826.83,35622.94,35435.78
36831.06,36858.246,35493.84,35464.656
37039.61,36889.832,35390.0,35490.46
36875.38,36938.75,35437.23,35531.65
36932.09,37010.258,35807.51,35567.906
36917.9,37108.234,35625.67,35636.38
37176.18,37217.33,35365.94,35660.895
37230.55,37346.402,35589.83,35685.97
37772.43,37512.64,35609.54,35718.367
37638.7,37655.418,36447.62,35827.88
37737.84,37791.707,36660.79,35928.582
37424.53,37936.902,36926.8,36112.176
37832.29,38231.04,37073.53,36406.465
38341.89,38437.008,37273.59,36913.11
39140.1,38692.3,37598.32,37516.156
39481.94,39027.895,38492.62,38189.176
40578.76,41048.297,39524.56,38871.336
41458.63,41339.54,40636.2,40386.312
42489.59,41630.64,41171.73,41129.57
43024.38,42105.867,42066.01,41934.69
43573.8,42832.414,42735.69,42749.613
43955.67,43455.96,43745.47,43568.227
44828.93,44069.727,44374.43,44314.113
45296.41,44847.176,45134.7,45018.453
45665.14,45779.7,45839.65,45672.207
46307.68,46517.992,46479.76,46297.246
46965.58,47224.43,47059.2,46858.477
47787.1,47830.47,46972.45,47370.484
48096.24,48455.07,47827.91,47894.43
48730.63,48802.67,48794.61,48455.117
49102.51,49078.555,49082.91,49034.094
49424.47,49254.15,49389.52,49457.848
49072.25,49433.77,49912.73,49680.914
48809.49,49413.9,49694.02,49596.457
48655.75,49307.08,48979.87,49295.223
47999.48,49177.066,48345.66,48845.51
47865.92,48926.582,48046.69,48357.215
47839.72,48713.914,47540.51,47826.438
47989.64,48568.29,47043.19,47327.04
47923.38,48537.29,46881.24,46888.688
47604.86,48488.266,46322.45,46526.617
47342.65,48366.68,46148.0,46139.973
47222.31,48244.04,45668.95,45820.65
46473.85,48152.023,45835.43,45567.273
45980.62,47841.723,45592.56,45384.64
45392.26,47434.11,45832.75,45112.383
44772.41,46999.71,45498.95,44952.98
44289.67,46503.605,45462.28,44857.465
45180.89,46064.992,45503.91,44807.78
45150.3,46140.96,45397.9,44685.99
44784.48,46224.7,45105.38,44686.008
44836.03,46184.145,45440.58,44770.797
45077.22,46271.703,45750.17,44954.566
45348.07,46320.08,46123.96,45268.445
45106.29,46509.598,46250.48,45644.516
45966.95,46542.414,46636.3,46113.42
46364.38,47061.21,47102.4,46599.65
46746.38,47353.594,47945.57,47242.56
47155.35,47742.89,47749.62,47547.383
46810.78,48154.098,47768.02,47822.305
46776.05,48378.902,48046.45,48032.938
46281.81,48229.72,48160.98,48392.727
46166.31,47927.344,47748.65,48310.574
46261.29,47703.66,48008.39,48238.312
47330.6,47696.53,48364.56,48203.31
47843.86,47854.516,49074.43,48481.742
48108.01,48106.54,48694.31,48552.543
47893.96,48291.48,48372.73,48615.773
47025.72,48428.562,47841.48,48581.98
46260.61,47925.16,47239.11,48614.098
45795.94,47307.73,46654.84,48323.84
45306.0,46746.305,46276.56,48007.375
45517.63,46288.305,45931.97,47665.27
44956.51,45940.984,46052.38,47353.453
44289.56,45478.477,45218.9,46822.96
43627.69,44958.26,44695.24,46287.055
42966.31,43241.547,43888.44,45829.0
42499.84,42832.535,43284.44,44994.695
41774.87,42309.375,42665.36,44240.305
41050.5,41766.633,41960.52,43450.355
40109.85,41250.906,41399.33,42702.82
39565.1,40727.543,40435.15,42082.82
39429.97,40312.082,39908.22,41487.938
39072.27,40000.43,39643.43,40950.184
38714.81,39753.96,39188.67,40468.15
38259.79,39514.58,38855.1,40089.625
37863.79,39300.594,38537.82,39665.97
37766.91,39115.18,38312.41,39234.766
37680.21,38435.703,37920.89,38799.133
37520.1,38550.363,37616.77,38948.914
37546.86,38681.016,37619.32,38778.523
37624.04,38794.18,37610.26,38711.918
37749.21,38980.08,37631.34,38724.695
37735.53,39249.336,37749.61,38854.31
37697.99,39601.11,38052.48,38995.04
38014.64,40022.895,37796.04,39202.746
38897.61,40618.816,37941.47,39491.344
39402.41,41306.57,38602.3,39970.613
40028.17,42093.6,39052.86,40473.574
40563.64,42976.562,39602.56,41078.44
41580.34,44118.625,40141.07,41789.406
42579.4,45317.16,42233.58,42823.656
43987.59,46796.13,43516.95,43909.727
45831.8,48698.77,44922.82,45316.51
49431.04,51707.445,46629.14,47199.93
51349.97,54551.836,50398.65,49993.465
52316.32,56905.34,53212.49,52484.03
53589.64,58650.395,55116.9,54735.785
55742.55,60249.594,56269.67,56645.516
56668.64,61313.176,57844.09,58398.566
57697.91,62080.773,58996.79,59736.297
58635.05,62632.918,59837.85,60890.438
59317.39,63270.79,60638.6,61873.03
59868.35,63758.47,61598.82,62866.875
60301.84,64082.26,62234.62,63473.22
60272.18,64394.96,62553.87,64001.156
59796.95,64674.844,62775.33,64393.53
60159.33,64886.234,62688.55,64592.145
60734.52,65103.785,63274.61,64808.23
61143.55,65263.83,64052.92,65033.914
61382.61,65485.695,64272.38,65280.957
61727.86,65634.03,64569.75,65477.406
62248.79,65718.586,65039.22,65804.86
62949.99,65761.305,65471.43,66182.09
63545.47,65876.055,65774.88,66563.93
64046.18,65940.41,66105.79,66807.03
64252.67,65993.66,66413.64,67022.72
65444.36,66007.59,66304.74,67161.12
64560.77,66002.375,66382.15,67217.33
64199.7,66015.984,65489.42,67031.91
64809.64,66008.34,65230.76,66844.81
64292.21,65956.56,65183.22,66647.375
64088.83,65756.72,65399.56,66439.336
63691.2,65662.234,65285.6,66067.61
63462.0,65533.953,64984.34,65798.76
63230.82,65419.227,64974.37,65581.695
62881.14,65066.254,64186.94,65392.566
62709.87,64957.965,63985.31,65048.64
62383.65,64866.367,63992.13,64801.066
62033.0,64799.266,63785.66,64604.312
61908.52,64328.4,63299.6,64426.836
61455.01,64261.465,63104.04,64035.703
61134.98,64198.06,62617.07,63771.656
60678.76,64118.754,62304.03,63556.07
60601.79,63503.047,61632.32,63312.37
60443.1,63394.332,61187.13,62758.562
60232.56,63315.14,60697.92,62401.734
59189.65,63244.016,60097.41,62215.49
59278.1,62599.504,59977.12,62135.133
59410.77,62503.703,60262.6,61828.414
59633.18,62459.836,60143.44,61750.68
59529.01,62403.96,60445.04,61781.16
59184.22,61854.074,60628.97,61850.273
59162.05,61706.484,60338.95,61608.03
59384.53,61607.984,60087.05,61626.754
59205.1,61499.242,60391.96,61695.082
59157.84,61039.844,60463.94,61717.434
59176.14,60812.617,60401.89,61421.09
59218.82,60667.977,60050.1,61182.74
58998.48,60560.95,60299.73,60922.258
58858.9,60364.59,60541.38,60647.05
58756.14,60142.285,60691.98,60185.367
58901.22,59988.074,60329.88,59803.43
58132.41,59835.594,59302.38,59514.69
57167.52,59462.605,58341.56,59283.516
56140.71,58906.32,57349.09,58717.008
55182.05,58214.2,56192.65,57981.97
53937.47,57385.18,54900.72,57062.434
52663.97,56079.758,53824.38,56106.13
51685.4,54534.316,52987.73,54933.793
50680.67,53323.242,52313.35,53811.71
49919.62,52343.793,51130.13,52739.85
48143.02,51119.47,50128.12,51832.242
46989.42,49268.617,48737.98,50498.062
46534.14,48030.164,47797.65,49617.004
45738.65,47161.457,47061.74,48573.312
44282.06,46410.297,46485.9,47685.42
43642.42,45583.566,44773.47,46810.2
43224.83,44930.465,44377.16,46182.164
42996.92,44404.133,43885.07,45621.336
42561.55,44009.695,43494.16,45147.703
42487.77,43606.85,42981.79,44642.062
42163.27,43318.855,42377.78,44285.543
42154.86,43074.934,42251.36,43940.82
42045.39,41489.855,41997.17,43627.72
41897.19,41973.207,41463.85,43243.65
41967.48,42326.395,41168.26,43162.453
42181.13,42519.492,41555.99,43153.68
41784.13,42688.977,41854.31,43151.457
42034.42,42776.297,41814.25,43235.164
42119.68,42939.57,41856.39,43314.996
42187.11,43162.133,42121.47,43459.49
42529.53,43527.242,42277.5,43675.453
42671.78,43894.215,42824.38,44068.094
43304.66,44277.18,42918.42,44428.18
43835.75,44789.438,43577.85,44867.52
45164.56,45634.156,44337.52,45396.582
45961.29,46651.023,45717.05,46275.027
46883.48,47836.78,46693.68,47154.26
48426.51,49252.977,47757.12,48333.96
52016.61,51438.176,49686.38,49959.945
54186.81,53498.61,53236.66,52500.09
55302.88,55444.387,55398.19,54560.906
56610.84,57113.836,57042.71,56457.29
58396.55,59145.637,58121.98,58146.227
59581.27,60429.344,59424.0,59764.285
60441.22,61381.816,60208.19,61011.5
60915.54,62096.94,61403.81,62077.953
61213.49,63409.21,62046.82,62986.273
61878.58,64020.47,62820.09,63820.195
62499.28,64488.54,63314.77,64289.59
62707.17,64884.016,63493.32,64669.125
61810.71,65267.434,63312.29,64949.535
61946.19,65581.125,62884.39,65000.066
62417.82,65857.82,63105.75,65166.027
62854.59,66080.47,63421.84,65380.707
62687.8,66367.85,63589.6,65663.19
63042.91,66551.78,63383.07,65911.74
63693.78,66674.4,63675.12,66263.72
64281.77,66730.26,64215.61,66627.0
64340.38,66861.96,64718.08,66950.61
64903.85,66925.35,64965.63,67168.48
65125.65,66942.96,65712.17,67292.01
65394.2,66940.805,65979.22,67339.94
64620.06,66947.95,66163.14,67329.664
64351.16,66932.46,65688.68,67183.33
64850.28,66891.36,65706.65,66970.83
65017.02,66840.945,65821.43,66765.79
65073.6,66733.7,65683.74,66564.836
64651.49,66696.64,65597.16,66313.54
64265.82,66658.516,65255.86,66040.984
63760.59,66600.03,64775.92,65813.484
63869.15,66330.95,63996.93,65615.22
63612.31,66233.18,64096.23,65367.79
63200.26,66186.29,63788.33,65096.28
62932.37,66135.586,63067.01,64881.047
62970.64,65659.74,62577.57,64688.234
62646.46,65557.47,62418.8,64372.734
62034.38,65494.324,62062.86,64101.152
61555.4,65422.246,61173.1,63867.477
61090.91,64756.594,60559.97,63619.617
61008.49,64658.117,60760.63,63092.957
60362.83,64592.1,60254.1,62728.5
60082.76,64511.582,59761.87,62528.027
60488.04,63759.695,59697.14,62421.703
60776.59,63626.562,60395.14,62065.844
60546.77,63519.984,60311.1,61976.695
60559.56,63434.36,60428.19,61991.72
60474.07,62675.375,60513.54,62042.508
60101.01,62450.652,60682.96,61752.22
59714.48,62293.125,60548.93,61764.23
59675.4,62153.61,60530.48,61848.555
59383.16,61469.82,60694.55,61917.027
59417.0,61160.76,60685.93,61590.39
59269.29,60979.78,60330.03,61389.223
59065.73,60830.348,60616.64,61172.996
58932.84,60389.633,60981.29,60917.375
59071.73,60048.246,61257.83,60407.75
58908.48,59847.58,61039.3,59976.63
58224.04,59634.715,60333.1,59666.84
57213.08,59033.562,59459.44,59463.27
56263.23,58225.613,58426.98,58938.68
55117.6,57358.727,57310.43,58293.008
54080.99,56409.277,55980.12,57474.06
52917.44,55110.9,54951.44,56609.78
51874.38,53591.207,53895.34,55437.504
50708.77,52533.395,53016.92,54313.28
49571.2,51747.78,51651.19,53216.492
48108.61,50388.93,50453.49,52271.87
47307.74,48962.566,48812.89,50816.13
46532.93,48008.28,47812.6,49894.305
45908.91,47279.914,46861.45,48830.82
44528.84,46612.793,46011.17,47933.836
44008.28,45899.1,44850.54,47026.75
43439.77,45331.97,44363.6,46391.94
43140.9,44836.78,43977.38,45822.293
42689.96,44396.484,43335.94,45336.477
42479.07,43989.816,43147.61,44786.35
42479.53,43668.473,42982.3,44412.496
42670.95,43440.81,42702.61,44041.48
41928.18,41959.695,42629.24,43698.355
41540.1,42442.195,42654.53,43234.562
41605.68,42780.434,42841.66,43139.6
41876.87,42962.92,42953.03,43122.484
42007.02,43121.5,43001.14,43115.84
41952.32,43194.195,42781.27,43216.945
42003.43,43259.18,43001.36,43298.305
42240.44,43386.51,43035.37,43442.83
42740.6,43725.57,43083.17,43657.14
42880.06,44109.984,43326.0,44066.42
43371.49,44563.477,43839.34,44428.785
44029.16,45173.812,44317.46,44876.023
45666.88,46249.656,44995.04,45421.28
46604.31,47571.434,46021.79,46346.137
47467.96,49184.23,47192.55,47242.883
48889.43,51100.586,48517.29,48459.117
52429.18,53976.56,50500.78,50131.85
54447.94,56311.855,54236.39,52662.676
55368.46,58134.477,56878.37,54649.355
56601.98,59478.92,58544.43,56509.363
57940.06,60905.293,59599.06,58226.336
58753.85,61731.504,60592.92,59878.715
59749.32,62369.625,61553.63,61119.973
60702.41,62880.152,62391.99,62159.92
61381.34,64379.54,63090.66,63045.312
62063.61,64812.457,63849.29,63916.523
62248.68,65199.457,64186.23,64345.6
62488.55,65538.15,64598.76,64678.41
62257.77,65861.08,64574.1,64910.426
62668.33,66166.66,63321.48,64957.684
63374.43,66413.016,63495.63,65107.715
63509.43,66626.086,63944.13,65310.99
63519.83,66881.516,64367.64,65579.21
64098.69,67095.2,64086.59,65857.88
64726.68,67245.87,64588.34,66204.61
64991.93,67360.445,65152.25,66576.164
65135.53,67462.45,65078.11,66935.0
65372.43,67559.16,64521.37,67221.72
65755.29,67588.375,64597.3,67410.945
65902.06,67577.95,64896.23,67542.08
65275.7,67503.414,65069.46,67608.37
64849.37,67501.805,64907.99,67528.53
65206.63,67444.9,64874.26,67370.875
65233.82,67339.41,64947.45,67221.75
64608.06,67139.35,65396.86,67083.93
64231.31,67101.45,65408.02,66881.85
63802.98,67026.01,64808.3,66659.72
63010.93,66933.46,64758.77,66493.17
62683.16,66615.37,64238.6,66331.79
62582.88,66566.64,64055.55,66080.06
62630.85,66512.836,63715.86,65832.59
62484.56,66450.2,63388.92,65645.06
62608.99,65945.89,63436.91,65481.53
62143.8,65879.95,63748.31,65157.17
61848.29,65816.5,63467.79,64892.137
61361.52,65761.74,62744.84,64641.71
61353.96,65121.82,62165.69,64389.348
60922.13,65016.977,61858.32,63914.48
60520.36,64958.617,61582.67,63618.18
60679.31,64890.195,60951.29,63478.93
61043.69,64100.062,60937.45,63418.285
60722.27,63958.75,61424.73,63155.12
60893.08,63892.664,61459.85,63084.32
60906.93,63842.625,61631.25,63108.508
60879.17,63049.46,61624.57,63159.42
60768.25,62850.89,62387.97,62925.46
60967.65,62744.113,62594.64,62938.473
61342.88,62640.535,62508.07,63017.883
61528.39,61789.71,62803.82,63101.09
61319.75,61463.78,62542.58,62794.082
60799.99,61293.453,62213.67,62595.883
60825.49,61196.64,62455.38,62371.793
60585.11,60645.613,62494.17,62114.22
60381.12,60296.79,62687.15,61503.98
59910.72,60032.855,61692.92,61011.184
59098.64,59707.227,60665.44,60604.79
58163.64,58850.527,59711.15,60325.297
57203.82,57778.348,58422.4,59737.645
55876.23,56760.566,57466.14,59136.223
54684.17,55785.664,56270.8,58404.75
52907.53,54525.152,55245.6,57628.67
51826.65,53148.332,54335.82,56489.566
50513.77,52298.797,53286.56,55391.26
49891.33,51666.08,51865.09,54284.723
49266.42,50273.46,50870.78,53325.0
47837.19,49034.58,49538.26,51744.324
46574.77,48148.516,48545.41,50790.074
46079.87,47457.555,47726.88,49709.57
45807.95,46762.855,47554.28,48815.707
45498.01,46214.926,46846.94,47882.473
45604.94,45798.816,46333.19,47245.39
44896.68,45479.242,45969.85,46668.184
44510.6,45053.65,45798.06,46173.285
43668.67,44711.402,45069.89,45593.246
43056.47,44372.92,44476.25,45205.67
42940.19,44036.61,44180.5,44821.465
42585.12,42633.656,44294.52,44470.07
42273.25,43143.176,43995.22,43845.21
42413.19,43535.074,43762.42,43733.45
42534.93,43721.46,43729.11,43707.844
42378.57,43842.363,43827.3,43689.266
42627.25,43885.59,43677.33,43740.375
42825.88,43996.855,43420.65,43782.03
42881.5,44199.06,43207.8,43878.887
43425.28,44600.637,43291.37,44041.145
43794.66,45026.12,43657.93,44377.812
44158.7,45552.566,44099.86,44685.23
44637.61,46186.72,44359.62,45070.59
46016.33,47191.574,45175.17,45547.83
46807.26,48260.89,47346.9,46350.125
47652.61,49474.703,47916.96,47154.45
49516.92,50853.62,49301.91,48289.656
52661.4,53084.273,51052.73,49969.56
54706.47,54870.477,54135.47,52729.9
55699.92,56422.54,56704.89,54897.785
57104.78,57696.434,58449.8,56883.68
58938.63,59476.895,59645.63,58645.35
60109.92,60402.086,60896.37,60335.95
61007.38,61123.625,61731.44,61562.965
61891.53,61719.66,62491.59,62571.062
63092.72,64282.766,63095.48,63413.418
63698.01,64813.074,63878.91,64472.902
63676.51,65322.863,64545.73,64884.695
63951.83,65765.02,64968.46,65192.51
63222.91,66189.44,65021.05,65407.504
63483.01,66537.766,64482.36,65529.32
63970.9,66834.77,64799.41,65695.16
64183.94,67087.195,64986.91,65924.95
63616.84,67311.35,65228.61,66226.21
64025.08,67532.77,65583.12,66576.43
64790.51,67720.44,65897.65,66936.03
65348.04,67875.91,66251.47,67303.266
65772.76,67882.445,66631.98,67646.07
66485.14,68008.39,66797.34,67913.93
67164.14,68088.94,67016.11,68060.875
67414.61,68099.984,67676.33,68151.39
66781.99,67982.516,67661.24,68175.91
66888.76,68029.97,66844.94,68076.414
66888.46,67983.664,66599.14,67898.51
66706.92,67964.64,66466.88,67730.805
66403.34,67710.38,66349.14,67577.555
66062.34,67658.875,66333.48,67365.85
66269.41,67601.64,66342.42,67134.47
65220.61,67541.41,66044.82,66941.7
64821.08,67156.375,65585.39,66776.93
64935.06,67092.984,65297.08,66513.164
64460.35,67025.836,65377.65,66256.58
63946.45,66937.32,64922.01,66062.92
63886.33,66405.1,64816.52,65884.39
63825.35,66283.74,64892.43,65559.92
63336.62,66147.34,64341.18,65264.176
62800.83,66028.5,63957.94,65018.055
63043.82,65330.113,63498.57,64754.59
62100.48,65141.37,62933.6,64304.023
62121.28,64990.336,62525.77,63953.25
62322.38,64835.633,61847.89,63782.18
62248.53,64100.707,61934.62,63697.906
62481.61,63894.32,61637.06,63455.44
61498.02,63727.44,61608.23,63345.62
61906.13,63591.2,61401.0,63337.203
62924.26,62950.87,61439.07,63357.977
62530.72,62737.004,61623.66,63113.18
61992.08,62563.434,61291.28,63062.49
62141.93,62394.914,61446.75,63111.08
62157.18,61789.637,61765.16,63154.965
61688.09,61500.97,61898.24,62710.38
61267.8,61313.58,61568.37,62472.95
61496.13,61161.34,61738.58,62225.32
61452.3,60633.91,62287.13,61938.35
61131.84,60250.52,62821.78,61259.844
60671.37,59920.863,62294.34,60683.39
59654.88,59557.03,61484.45,60204.688
58882.6,58749.1,60597.19,59895.07
57773.17,57753.7,59575.62,59426.914
56629.76,56734.28,58572.13,58905.492
55438.14,55703.914,57470.68,58260.508
53813.62,54378.375,56439.87,57552.082
52575.37,52916.87,55681.05,56519.305
51507.13,51989.008,54342.36,55404.867
50434.68,51377.645,53264.89,54288.59
48734.84,50012.39,52412.96,53317.477
47955.36,48767.055,51833.09,51900.07
47229.28,47900.29,50700.2,50898.41
46507.61,47218.477,49734.1,49822.895
45196.94,46410.914,48987.77,48939.832
44747.57,45686.26,47483.7,48015.023
44541.41,45085.4,46560.17,47365.46
44314.54,44620.098,46245.34,46772.535
44112.55,44127.297,45942.77,46266.715
43890.46,43770.6,45430.18,45677.094
43410.76,43483.773,44980.49,45276.098
42990.77,43230.1,45052.13,44876.125
42485.96,42353.277,45155.91,44502.62
42104.58,42754.13,45008.48,43779.43
42113.88,43158.176,44770.38,43744.695
42469.8,43392.4,44939.25,43759.85
42215.44,43682.9,45199.54,43765.023
42330.06,43839.24,45477.09,43839.707
42195.88,44013.02,45340.72,43898.4
42575.91,44203.37,46055.6,44015.89
43158.09,44623.51,46118.91,44197.43
43296.92,44996.734,45877.61,44544.406
43632.01,45412.195,45902.17,44863.562
44287.66,45905.484,45970.45,45264.93
45632.4,46767.117,46792.22,45761.43
46477.67,47577.1,47936.7,46600.94
47369.9,48412.957,48634.83,47456.336
48979.76,49259.61,49909.74,48701.734
52088.06,50683.508,51445.87,50575.133
53942.01,51699.406,54800.15,53498.094
55362.55,52733.145,57524.53,55638.137
56932.27,53778.242,59400.32,57569.42
58875.45,55708.84,60412.82,59261.273
59693.91,57078.547,61714.66,60886.91
60444.69,58292.51,62506.14,62047.773
61521.97,59286.58,63196.78,63020.605
62635.7,62822.133,63628.73,63839.742
63146.93,63690.516,64542.8,65065.953
63259.8,64388.89,65018.49,65463.93
63601.54,64969.555,65333.4,65761.23
63414.26,65323.695,65731.61,66004.87
63415.88,65729.11,65714.03,66188.37
63795.77,66050.414,65798.76,66399.23
64128.17,66318.055,66184.95,66693.2
64089.93,66498.45,66574.38,67071.586
64126.03,66720.0,66372.83,67487.59
64617.6,66857.8,66272.04,67887.555
65001.53,66916.164,66613.61,68266.484
64538.11,66810.6,67228.1,68605.625
64584.01,66776.516,67641.4,68825.15
64843.73,66688.82,68167.23,68927.22
65044.36,66555.16,68512.21,68926.734
64517.83,66278.29,68527.95,68842.15
64497.17,66180.836,67612.04,68586.62
64285.67,66065.44,67255.54,68290.97
63689.96,65950.99,66842.18,67990.19
63230.33,65634.695,66408.52,67682.59
62981.57,65579.95,66108.28,67220.31
62595.55,65513.59,65544.41,66789.72
61823.76,65451.508,65444.56,66406.92
61464.79,65048.523,64611.22,66021.47
61250.29,64988.58,64395.25,65527.086
60725.18,64929.844,64126.75,65074.285
60295.94,64878.9,63097.54,64723.164
60264.81,64292.63,62711.18,64436.297
60101.3,64241.156,62981.92,64031.773
59715.3,64198.6,62310.22,63636.543
59679.51,64149.258,61985.42,63360.44
59544.32,63400.832,61484.66,63125.754
58963.37,63291.61,61512.99,62728.113
58617.1,63246.703,61195.44,62440.883
58502.36,63210.21,60380.14,62329.53
59171.84,62402.316,60333.83,62281.383
59079.39,62273.97,60656.97,62007.18
59063.55,62196.137,60392.74,61869.574
59192.17,62135.46,60608.93,61863.08
59428.25,61293.5,60545.41,61893.824
58963.26,61037.08,60337.81,61636.05
58957.2,60904.297,60116.62,61576.723
59067.22,60804.44,59791.51,61573.9
59057.14,59986.316,59795.11,61528.633
58496.84,59642.637,59836.44,60895.113
58471.51,59465.406,59551.98,60427.582
58698.97,59332.4,59867.22,59954.594
58669.4,58602.605,60316.15,59478.79
58200.44,58214.48,60361.69,58654.99
57317.37,57924.543,59523.54,58017.645
56487.25,57588.42,58596.97,57548.914
55375.71,56597.63,57248.75,57299.805
54133.29,55591.266,55504.79,56882.668
53145.16,54698.22,54460.95,56430.46
52040.52,53950.684,53312.17,55783.07
51311.31,52818.05,52283.73,55050.88
50223.85,51935.54,51544.01,54011.08
49113.13,51295.195,50550.43,53006.285
48552.59,50708.19,49476.75,51998.992
47463.88,49249.51,48791.34,51132.156
46569.54,47973.54,47718.45,49784.383
45573.45,47025.793,46521.8,49007.26
44945.03,46216.188,45718.96,47988.824
43699.12,45329.254,45210.82,47073.914
42635.76,44523.164,44140.29,46109.992
42295.41,43758.61,43723.57,45391.133
42111.41,43189.055,43336.56,44722.61
41544.59,42706.105,42534.92,44149.562
41068.52,42325.48,42033.01,43550.5
40947.83,42021.15,41265.94,43120.36
40855.76,41802.96,40908.44,42708.9
40271.48,39822.766,40728.14,42337.023
40217.45,39861.6,40196.39,41343.6
39968.12,40241.96,40158.51,41176.105
39810.43,40468.582,40067.02,41098.953
40094.0,40545.906,39859.89,40948.98
39689.94,40569.348,40024.56,40853.758
39657.78,40473.348,39967.38,40802.367
39692.26,40367.312,39602.15,40791.34
39725.42,40307.17,39560.01,40802.96
39760.22,40291.004,39742.1,40853.938
39653.38,40311.203,39673.12,40886.805
39732.45,40362.78,39670.24,40934.4
39934.8,40485.383,39969.5,40999.82
39898.12,40659.83,40418.69,41131.18
39925.6,40837.32,40446.22,41250.17
40199.95,41035.918,40504.69,41412.55
41021.29,41346.324,40985.68,41627.773
41586.15,41761.953,42315.65,41981.047
41648.41,42249.93,43365.68,42389.664
42490.85,42724.176,43460.06,42941.51
43884.14,43470.875,43612.06,43649.938
44648.09,44405.215,44928.51,44626.246
45340.88,45408.023,45694.73,45646.207
46025.91,46429.477,46777.84,46704.38
47048.41,48151.82,47520.38,47713.4
47935.91,49000.234,48620.3,48990.914
48576.82,49803.53,49430.52,49985.477
49243.13,50621.01,50197.32,50928.234
49997.29,51402.535,50559.74,51788.492
50437.79,52133.37,50734.98,52445.246
50982.99,52747.33,51100.14,53126.473
51255.82,53290.875,51938.24,53686.695
51841.11,53787.684,52552.06,54140.133
52172.43,54254.07,52505.31,54498.38
52311.91,54677.336,52925.46,54791.7
52599.38,55057.82,53399.68,55026.875
53155.49,55412.14,53728.13,55229.92
53552.91,55657.137,54341.52,55417.215
53245.78,55751.492,54563.05,55518.246
53198.79,55659.62,54622.41,55522.6
53095.96,55423.223,54597.47,55416.895
53077.42,55050.875,53985.2,55134.25
53135.49,54601.547,53420.82,54729.32
52463.27,54119.414,53060.48,54240.47
51659.34,53563.324,52312.57,53719.844
50843.95,52993.246,52010.99,53098.492
50744.08,52402.742,51426.51,52504.11
50215.35,51884.746,50799.83,51956.617
49686.0,51367.934,50096.77,51470.742
49061.55,50900.23,49769.07,50953.664
48437.45,50462.33,49257.01,50511.094
48094.88,50045.91,48774.54,50174.12
48065.41,49688.613,48677.66,49912.676
48077.19,49418.95,48458.69,49617.6
47834.88,49262.258,48605.79,49367.953
47816.4,49121.383,48346.52,49212.78
48046.53,49088.883,48181.26,49110.773
47643.91,49060.387,48469.19,48999.492
47813.74,48954.727,48582.72,48875.473
47917.45,48974.65,48440.54,48847.6
48820.64,49129.473,48354.88,48893.82
48894.08,49315.934,49248.83,49054.05
49333.33,49452.156,49677.81,49170.15
49705.8,49639.35,49869.43,49449.734
49849.89,49947.773,49981.48,49781.13
49797.9,49959.54,50297.72,50204.8
49943.17,49951.297,50092.29,50343.277
50093.73,49947.082,49943.9,50510.46
50304.26,50086.59,49678.95,50601.395
49918.14,49947.04,49643.78,50697.535
49884.84,49778.46,49726.57,50283.21
50077.96,49626.39,49993.37,49849.59
50441.38,49635.074,50484.61,49420.957
50103.16,49419.984,51105.27,49056.61
49486.04,49189.945,50508.7,48599.492
48746.47,48898.98,49635.16,48429.46
47899.51,48597.195,49153.31,48340.367
46993.26,47936.707,48308.12,48342.062
46341.91,47124.31,47680.11,47915.523
45750.62,46276.69,46627.46,47420.367
45353.72,45502.36,46349.17,46897.125
44587.25,44675.496,45944.15,46376.758
43910.76,43855.03,45353.52,45710.75
43222.13,43132.32,44350.16,45055.117
42331.62,41605.24,43831.18,44453.414
41438.12,41242.047,43004.37,43466.03
40841.39,40819.47,42261.96,42640.383
40142.2,40467.22,41159.33,41772.824
39328.56,40124.516,40745.6,40933.06
38763.72,39802.41,39665.03,40124.6
38289.98,39530.9,39239.89,39414.605
37916.34,39296.363,38715.05,38771.527
37302.61,39075.652,38254.69,38208.57
36912.59,38874.92,37567.03,37690.61
36895.82,38711.035,37223.62,37294.19
36661.02,38592.426,36993.5,36983.58
36187.33,36126.43,37173.02,36753.594
36042.93,36066.19,36949.28,36190.5
35876.64,36094.08,36798.64,36013.98
35659.83,36129.42,36442.45,35866.945
35563.51,36189.57,36548.58,35744.617
35645.23,36237.21,36431.88,35654.25
35467.23,36297.78,36219.49,35561.18
35622.94,36366.367,36198.61,35485.117
35493.84,36481.43,36272.74,35420.297
35390.0,36555.047,36145.81,35392.406
35437.23,36620.47,35946.46,35357.492
35807.51,36687.406,36135.67,35348.305
35625.67,36838.15,36217.12,35359.617
35365.94,36928.58,36744.62,35399.223
35589.83,37001.676,36694.15,35415.39
35609.54,37084.71,36732.51,35433.945
36447.62,37271.36,36952.97,35458.7
36660.79,37417.086,37436.18,35535.664
36926.8,37591.652,37521.61,35590.445
37073.53,37778.836,37568.68,35703.723
37273.59,38104.633,37483.4,35911.574
37598.32,38330.38,38129.73,36357.086
38492.62,38559.547,38818.8,36965.844
39524.56,38874.125,39717.3,37798.785
40636.2,40705.58,40799.11,38692.383
41171.73,41095.72,41557.64,40380.227
42066.01,41456.625,42264.69,41242.797
42735.69,41976.51,43478.97,42131.633
43745.47,42767.07,44124.37,42991.953
44374.43,43496.086,44575.82,43909.574
45134.7,44215.992,44923.45,44645.348
45839.65,44970.074,45432.43,45334.305
46479.76,45938.617,46082.54,45981.336
47059.2,46737.547,46073.45,46699.9
46972.45,47495.62,46664.73,47292.81
47827.91,47970.06,47442.62,47852.266
48794.61,48509.023,47953.46,48472.785
49082.91,48813.703,48271.47,49269.93
49389.52,48900.105,48326.01,49948.83
49912.73,48873.37,48588.94,50446.395
49694.02,48900.566,48873.66,50727.223
48979.87,48748.543,48797.57,50787.848
48345.66,48496.535,48274.84,50542.867
48046.69,48200.812,48088.99,50145.133
47540.51,48029.2,47754.88,49654.918
47043.19,47740.93,47409.45,49120.344
46881.24,47448.72,47156.57,48527.215
46322.45,47238.516,46448.49,47994.85
46148.0,47073.324,45566.21,47527.164
45668.95,46866.305,45318.08,47110.027
45835.43,46623.387,45158.59,46720.47
45592.56,46557.94,45255.59,46382.945
45832.75,46565.055,44664.03,46137.664
45498.95,46556.617,44366.3,45880.168
45462.28,46467.1,44055.61,45715.996
45503.91,46424.812,44236.53,45622.387
45397.9,46569.617,44042.63,45555.67
45105.38,46473.836,44497.02,45472.418
45440.58,46329.805,44680.88,45501.54
45750.17,46385.484,45013.41,45690.586
46123.96,46696.426,45222.22,45988.082
46250.48,46844.1,46041.48,46387.062
46636.3,46996.03,46396.23,46819.4
47102.4,47248.63,46690.9,47297.848
47945.57,47750.242,46905.2,47755.355
47749.62,48106.117,48290.49,48223.22
47768.02,48262.01,48537.61,48499.22
48046.45,48370.793,48815.43,48754.88
48160.98,48687.156,49034.66,48958.96
47748.65,48653.36,49117.06,49110.21
48008.39,48490.605,48916.15,48963.348
48364.56,48458.71,49405.68,48815.152
49074.43,48682.535,50104.51,48691.49
48694.31,48741.266,50767.78,48597.19
48372.73,48651.094,50557.75,48354.75
47841.48,48486.992,49758.84,48270.945
47239.11,48366.465,48722.31,48310.152
46654.84,47822.504,48052.74,48514.34
46276.56,47232.773,47511.77,48429.906
45931.97,46683.145,47419.35,48246.926
46052.38,46325.656,47210.52,47982.316
45218.9,45909.77,46785.98,47706.777
44695.24,45296.277,45986.98,47138.53
43888.44,44703.617,45088.19,46523.266
43284.44,43029.05,44436.96,45978.523
42665.36,42535.297,43425.53,45170.535
41960.52,41954.234,42448.69,44420.54
41399.33,41395.574,42027.23,43654.047
40435.15,40904.01,41478.53,42946.52
39908.22,40396.76,40495.14,42281.89
39643.43,40002.844,40057.0,41734.203
39188.67,39708.6,39693.1,41235.95
38855.1,39461.23,39333.99,40793.37
38537.82,39244.504,38841.18,40389.77
38312.41,39060.188,38404.3,40009.195
37920.89,38903.52,38544.2,39614.17
37616.77,38264.21,38559.1,39210.082
37619.32,38362.773,38360.09,39544.188
37610.26,38539.51,38090.67,39310.96
37631.34,38695.375,38062.03,39200.848
37749.61,38869.305,38126.08,39178.1
38052.48,39017.492,38165.2,39255.39
37796.04,39223.562,38116.11,39370.203
37941.47,39442.55,38191.04,39551.33
38602.3,39784.35,38442.99,39807.895
39052.86,40167.48,39372.92,40223.984
39602.56,40634.035,39559.71,40677.176
40141.07,41202.227,40260.53,41228.65
42233.58,42068.062,41252.44,41883.69
43516.95,43293.156,42747.7,42833.203
44922.82,45032.188,43554.21,43870.04
46629.14,47302.58,45285.22,45280.77
50398.65,50390.777,47412.47,47259.707
53212.49,52964.15,51392.67,50176.645
55116.9,54932.86,53827.53,52681.543
56269.67,56368.887,55781.58,54923.465
57844.09,57691.277,57033.4,56875.89
58996.79,58520.508,58905.25,58718.56
59837.85,59166.938,59763.04,60155.195
60638.6,59694.38,60459.92,61375.742
61598.82,61259.15,61534.3,62396.57
62234.62,62108.96,62422.85,63470.406
62553.87,62884.895,62312.59,64016.723
62775.33,63650.137,62755.28,64459.47
62688.55,64225.492,62967.82,64786.176
63274.61,64819.05,62518.89,64989.676
64052.92,65288.29,62756.57,65221.758
64272.38,65641.266,62976.25,65489.973
64569.75,65750.71,63307.67,65811.016
65039.22,65971.32,63443.83,66138.51
65471.43,66134.414,63666.95,66527.17
65774.88,66265.22,64177.84,66934.664
66105.79,66223.6,64614.16,67316.08
66413.64,66320.78,64762.64,67571.05
66304.74,66385.55,65217.76,67758.57
66382.15,66431.19,65468.34,67870.34
65489.42,66269.99,65599.48,67907.88
65230.76,66275.97,65521.17,67773.766
65183.22,66250.09,65180.1,67628.48
65399.56,66197.49,65211.16,67478.08
65285.6,65880.71,65236.37,67330.9
64984.34,65804.92,65196.73,67044.266
64974.37,65719.086,64833.91,66826.95
64186.94,65624.05,64671.42,66644.62
63985.31,65199.04,64183.02,66473.01
63992.13,65086.85,63943.56,66136.91
63785.66,64984.33,64225.12,65902.805
63299.6,64890.676,63867.2,65716.76
63104.04,64386.688,63500.54,65546.19
62617.07,64283.44,63465.73,65159.77
62304.03,64207.83,63175.3,64886.273
61632.32,64132.367,63129.39,64641.65
61187.13,63569.777,62775.61,64379.414
60697.92,63475.035,62533.53,63828.375
60097.41,63400.01,62029.0,63476.684
59977.12,63343.676,61729.91,63296.926
60262.6,62762.523,61602.49,63211.75
60143.44,62645.555,61711.4,62886.05
60445.04,62572.617,61595.83,62779.28
60628.97,62524.176,61576.14,62778.08
60338.95,61989.89,61547.38,62815.08
60087.05,61855.39,61509.34,62551.535
60391.96,61766.094,61338.17,62538.92
60463.94,61685.18,61509.04,62582.938
60401.89,61278.383,61725.23,62593.73
60050.1,61116.914,61718.74,62193.1
60299.73,61006.633,61704.73,61886.89
60541.38,60922.38,62180.8,61568.227
60691.98,60563.074,62440.24,61246.61
60329.88,60352.17,61770.19,60651.703
59302.38,60149.66,60743.26,60214.926
58341.56,59907.633,59977.9,59847.445
57349.09,59283.07,59125.71,59489.41
56192.65,58593.51,57917.73,58823.754
54900.72,57851.633,57013.55,57979.547
53824.38,57062.35,55827.43,57007.504
52987.73,55869.574,54806.81,56020.426
52313.35,54517.63,53355.5,54873.13
51130.13,53468.348,52373.66,53728.285
50128.12,52569.168,51402.64,52628.16
48737.98,50928.973,50399.86,51707.535
47797.65,49418.06,49198.82,50419.87
47061.74,48343.28,48213.03,49572.68
46485.9,47513.727,47418.92,48539.13
44773.47,46803.09,46782.2,47672.63
44377.16,46006.496,46300.71,46811.996
43885.07,45431.152,45961.26,46212.53
43494.16,44959.836,45525.44,45665.965
42981.79,44548.344,45084.47,45202.914
42377.78,44135.805,44561.67,44713.99
42251.36,43780.34,44254.27,44364.72
41997.17,43503.656,43703.48,44019.57
41463.85,41902.266,43400.68,43701.754
41168.26,42318.18,42998.09,43216.094
41555.99,42585.453,42743.08,43153.777
41854.31,42715.22,42654.07,43156.17
41814.25,42841.375,42768.8,43160.81
41856.39,42900.93,42637.93,43247.867
42121.47,43003.01,42850.73,43321.555
42277.5,43205.85,42924.43,43457.336
42824.38,43597.35,43292.87,43651.094
42918.42,44006.254,43343.53,44007.883
43577.85,44460.277,43436.47,44339.02
44337.52,45041.82,44036.61,44744.766
45717.05,46018.74,44686.54,45248.48
46693.68,47091.49,46076.77,46086.94
47757.12,48350.37,46629.42,46968.4
49686.38,49866.004,48301.34,48197.316
53236.66,52325.715,50064.82,49958.234
55398.19,54539.707,54041.93,52637.746
57042.71,56654.656,56348.82,54705.945
58121.98,58443.137,58145.7,56579.746
59424.0,60341.562,59159.22,58277.445
60208.19,61490.312,61044.24,59941.4
61403.81,62332.86,61822.41,61266.062
62046.82,62976.008,62235.56,62391.074
62820.09,64398.996,62922.08,63333.848
63314.77,65005.27,63572.05,64288.97
63493.32,65455.523,64256.75,64791.008
63312.29,65858.75,64563.41,65218.277
62884.39,65988.44,64352.57,65525.773
63105.75,66335.36,64045.9,65632.8
63421.84,66627.71,64108.5,65896.695
63589.6,66864.51,64344.09,66210.32
63383.07,66913.17,64589.38,66607.97
63675.12,67092.19,64466.29,66963.99
64215.61,67212.81,65028.48,67468.22
64718.08,67296.65,65250.76,67949.38
64965.63,67284.1,66144.12,68406.125
65712.17,67344.71,66371.42,68627.555
65979.22,67355.27,67301.65,68816.78
66163.14,67373.03,67638.45,68919.53
65688.68,67252.38,67939.43,68983.54
65706.65,67254.28,66251.56,68851.11
65821.43,67232.516,65927.33,68728.695
65683.74,67183.7,66157.46,68607.664
65597.16,66935.01,65825.75,68479.53
65255.86,66864.66,66215.23,68174.375
64775.92,66785.61,65496.75,67948.31
63996.93,66720.17,64907.71,67746.95
64096.23,66347.85,64376.94,67575.92
63788.33,66242.03,64316.36,67226.61
63067.01,66140.68,63867.07,66971.79
62577.57,66033.164,63854.33,66768.92
62418.8,65506.96,63521.69,66572.73
62062.86,65391.383,63930.37,66228.07
61173.1,65298.04,63080.05,65938.84
60559.97,65212.82,62972.14,65664.2
60760.63,64542.734,62682.17,65339.07
60254.1,64393.12,62736.06,64825.37
59761.87,64285.56,62300.46,64432.035
59697.14,64191.566,61596.79,64191.37
60395.14,63464.88,61604.66,64027.844
60311.1,63297.754,61895.34,63728.953
60428.19,63181.18,61722.55,63530.875
60513.54,63070.523,61771.8,63438.633
60682.96,62335.273,61496.54,63362.9
60548.93,62093.625,61360.23,63147.234
60530.48,61911.27,61403.03,63068.26
60694.55,61745.266,61702.65,63045.477
60685.93,61082.492,61385.99,63013.957
60330.03,60774.92,61892.67,62795.55
60616.64,60592.848,62080.55,62564.605
60981.29,60450.723,62805.04,62270.844
61257.83,59957.367,63448.18,61942.58
61039.3,59681.227,63790.3,61288.965
60333.1,59460.23,62772.52,60730.664
59459.44,59206.316,61703.96,60261.54
58426.98,58509.754,60895.57,59913.637
57310.43,57780.023,59261.58,59310.863
55980.12,56977.21,58216.22,58690.64
54951.44,56073.49,57236.27,57931.11
53895.34,54755.375,55805.2,57085.918
53016.92,53306.043,54395.65,55877.14
51651.19,52245.176,53053.19,54759.82
50453.49,51418.97,52024.35,53674.227
48812.89,49929.457,51079.93,52753.6
47812.6,48584.355,49425.17,51276.633
46861.45,47709.37,48368.06,50438.17
46011.17,47045.363,47473.77,49451.527
44850.54,46361.965,46903.52,48612.805
44363.6,45705.656,45569.67,47719.668
43977.38,45187.855,45016.89,47111.047
43335.94,44755.766,44535.46,46552.055
43147.61,44231.457,44335.78,46090.188
42982.3,43832.625,43679.53,45571.266
42702.61,43525.45,43274.67,45206.55
42629.24,43258.16,42855.35,44857.38
42654.53,41798.152,42664.06,44540.13
42841.66,42396.85,42463.94,44322.953
42953.03,42912.652,42176.61,44220.13
43001.14,43106.79,42007.52,44175.254
42781.27,43219.637,41970.69,44142.105
43001.36,43240.164,42293.88,44223.12
43035.37,43345.945,42448.84,44286.516
43083.17,43546.344,42307.95,44407.586
43326.0,43983.71,42484.37,44592.023
43839.34,44411.875,43121.22,44951.918
44317.46,44971.934,43326.57,45261.523
44995.04,45658.555,43652.48,45647.797
46021.79,46770.44,44060.18,46119.47
47192.55,47861.805,45820.12,46956.98
48517.29,49158.547,46679.46,47801.957
50500.78,50704.88,48085.83,48985.336
54236.39,53096.863,49989.4,50633.855
56878.37,55016.97,54264.45,53128.715
58544.43,56732.18,56927.74,55039.65
59599.06,58152.023,58747.14,56790.37
60592.92,59768.57,60218.35,58391.547
61553.63,60729.477,61444.31,59900.28
62391.99,61487.742,62184.49,61105.832
63090.66,62083.91,62544.03,62086.383
63849.29,63694.16,63448.8,62945.22
64186.23,64347.15,63722.66,63819.23
64598.76,64870.0,64308.65,64344.965
64574.1,65334.35,64410.03,64784.645
63321.48,65489.29,64387.5,65136.14
63495.63,65854.96,63376.88,65086.28
63944.13,66160.8,63601.86,65311.75
64367.64,66410.61,63932.32,65567.44
64086.59,66495.555,64627.37,65886.61
64588.34,66715.5,64096.95,66014.94
65152.25,66858.35,64202.0,66410.39
65078.11,66960.86,64258.49,66827.19
64521.37,66938.89,64867.13,67211.17
64597.3,67017.734,65067.81,67377.68
64896.23,67035.68,64978.42,67554.8
65069.46,67021.516,65478.0,67694.93
64907.99,66828.04,65409.38,67754.75
64874.26,66785.53,64609.65,67578.586
64947.45,66698.93,64575.55,67428.16
65396.86,66604.54,64149.93,67257.234
65408.02,66300.21,63891.43,67095.82
64808.3,66211.945,64147.01,66756.125
64758.77,66141.086,63951.77,66467.82
64238.6,66049.26,64151.63,66237.3
64055.55,65653.33,63731.06,66022.95
63715.86,65532.7,63417.42,65661.68
63388.92,65431.734,63174.39,65346.547
63436.91,65340.977,62515.28,65078.28
63748.31,64819.863,62095.08,64851.293
63467.79,64695.71,61881.35,64537.863
62744.84,64583.33,61625.54,64212.484
62165.69,64501.85,61147.74,63956.688
61858.32,63880.44,60445.59,63679.96
61582.67,63718.965,60850.0,63322.625
60951.29,63594.473,60631.57,62934.355
60937.45,63483.848,60105.29,62679.586
61424.73,62815.742,59955.91,62512.184
61459.85,62620.37,60767.2,62319.766
61631.25,62482.484,61160.04,62156.242
61624.57,62351.703,60962.82,62056.594
62387.97,61645.637,60958.39,61997.32
62594.64,61417.316,60883.5,61898.938
62508.07,61260.99,60537.19,61806.516
62803.82,61144.586,60620.12,61795.957
62542.58,60502.383,60776.21,61788.875
62213.67,60240.188,60515.35,61653.77
62455.38,60078.58,60583.59,61340.367
62494.17,59953.35,61727.66,60970.074
62687.15,59348.9,62364.1,60571.742
61692.92,59067.0,61875.14,59834.453
60665.44,58779.598,60961.98,59244.22
59711.15,58460.61,59978.81,58818.08
58422.4,57623.57,58805.36,58547.453
57466.14,56741.812,57612.4,58128.703
56270.8,55862.363,56094.93,57592.723
55245.6,54973.547,55055.35,56914.566
54335.82,53725.086,54205.73,56172.64
53286.56,52457.59,53180.23,55137.605
51865.09,51563.273,52073.26,54066.285
50870.78,50901.566,50857.62,53000.582
49538.26,49527.797,49932.44,52086.332
48545.41,48292.93,49442.73,50691.82
47726.88,47504.2,48834.94,49802.465
47554.28,46928.977,47960.74,48783.492
46846.94,46296.617,47119.14,47930.59
46333.19,45796.332,45801.76,46997.08
45969.85,45400.473,45556.34,46389.15
45798.06,45064.26,45096.56,45843.273
45069.89,44618.12,44511.35,45380.445
44476.25,44287.324,43445.37,44818.465
44180.5,43984.207,42954.87,44464.418
44294.52,43722.527,42755.61,44122.4
43995.22,42358.36,42510.93,43812.035
43762.42,43030.01,42286.04,43632.65
43729.11,43403.195,42064.39,43551.6
43827.3,43453.52,42391.8,43521.0
43677.33,43496.234,42215.19,43498.75
43420.65,43532.324,42882.56,43609.0
43207.8,43613.367,42961.09,43667.82
43291.37,43754.47,42981.88,43786.527
43657.93,44129.34,43028.36,43965.586
44099.86,44520.594,43332.59,44350.637
44359.62,45046.395,43507.45,44655.504
45175.17,45707.438,43848.12,45035.008
47346.9,46862.766,44918.92,45491.973
47916.96,48198.527,46409.42,46301.887
49301.91,49753.406,47678.76,47064.375
51052.73,51547.227,48591.12,48106.96
54135.47,54015.785,50159.34,49551.906
56704.89,55648.645,54329.57,51869.195
58449.8,56922.12,56947.16,53669.848
59645.63,57915.812,58745.77,55399.0
60896.37,59214.47,59908.94,57040.086
61731.44,59860.742,60224.36,58651.79
62491.59,60418.176,60729.86,59939.29
63095.48,60875.715,61293.62,60993.137
63878.91,63361.152,62032.8,61901.473
64545.73,63795.445,63091.76,62787.54
64968.46,64210.99,63484.47,63425.64
65021.05,64567.97,63574.45,63953.324
64482.36,64882.29,63675.1,64348.15
64799.41,65189.676,62700.31,64218.062
64986.91,65444.94,63413.96,64431.086
65228.61,65681.88,63939.09,64651.504
65583.12,65875.48,63922.75,64900.547
65897.65,66096.81,63542.18,64852.805
66251.47,66239.7,63812.49,65134.11
66631.98,66351.37,64149.69,65465.367
66797.34,66360.77,64788.39,65811.234
67016.11,66421.266,65798.87,65929.25
67676.33,66420.53,66308.96,66148.76
67661.24,66367.984,66715.11,66326.79
66844.94,66177.37,67095.55,66445.92
66599.14,66125.55,65888.33,66297.89
66466.88,66021.36,65891.56,66161.96
66349.14,65907.1,65529.72,66012.09
66333.48,65623.1,65359.15,65851.2
66342.42,65520.02,64700.18,65510.508
66044.82,65394.863,64565.64,65224.875
65585.39,65299.402,64096.48,64979.1
65297.08,64932.883,63331.56,64740.008
65377.65,64827.01,63159.24,64385.195
64922.01,64734.84,63264.72,64046.914
64816.52,64647.453,62995.41,63776.023
64892.43,64162.984,62648.59,63524.992
64341.18,64049.5,62885.36,63218.773
63957.94,63966.19,62364.5,62876.0
63498.57,63879.4,61741.08,62612.36
62933.6,63256.07,61134.35,62353.04
62525.77,63128.375,60914.17,62020.055
61847.89,63030.496,60677.07,61604.258
61934.62,62944.234,60306.78,61352.914
61637.06,62204.1,60124.62,61199.555
61608.23,62056.5,60149.9,61051.51
61401.0,61944.613,59623.2,60900.594
61439.07,61835.273,59597.32,60861.457
61623.66,60964.36,59813.48,60871.13
61291.28,60739.383,59718.7,60851.547
61446.75,60590.1,59533.64,60823.492
61765.16,60454.17,59708.34,60875.01
61898.24,59458.1,60177.69,60910.598
61568.37,59188.07,60791.11,60870.36
61738.58,59062.562,60975.59,60538.11
62287.13,58964.53,61768.01,60146.812
62821.78,58164.383,62593.25,59737.484
62294.34,57922.92,62487.11,58978.05
61484.45,57740.254,61652.41,58361.727
60597.19,57546.688,60390.69,57931.38
59575.62,56691.727,59320.22,57669.22
58572.13,56148.547,57856.48,57389.875
57470.68,55618.152,56821.3,56833.832
56439.87,55027.23,55843.21,56139.992
55681.05,53915.832,54810.08,55405.633
54342.36,52854.88,54280.51,54538.723
53264.89,51993.527,53366.43,53501.883
52412.96,51317.89,52252.21,52489.098
51833.09,49837.723,51295.63,51627.05
50700.2,48805.79,50100.18,50526.516
49734.1,48086.434,49233.62,49632.066
48987.77,47551.97,48558.04,48597.05
47483.7,46826.875,47828.04,47712.363
46560.17,46279.36,46520.54,46755.26
46245.34,45810.77,45950.47,46094.516
45942.77,45403.21,45424.82,45497.867
45430.18,44830.133,45149.29,44985.027
44980.49,44436.68,45131.84,44382.305
45052.13,44082.7,44964.38,43978.56
45155.91,43803.832,44712.21,43591.574
45008.48,42461.367,44404.25,43244.516
44770.38,43152.42,43991.93,43095.285
44939.25,43367.426,44192.91,43085.273
45199.54,43368.95,44190.46,43078.273
45477.09,43482.035,44280.41,43071.65
45340.72,43598.72,44402.64,43179.914
46055.6,43761.184,44512.22,43250.793
46118.91,44040.668,44652.07,43381.383
45877.61,44535.45,44857.64,43571.4
45902.17,44957.754,45347.95,43940.938
45970.45,45469.688,45778.38,44250.74
46792.22,46089.773,46112.29,44629.395
47936.7,47202.0,46661.49,45081.473
48634.83,48253.88,47940.86,45844.17
49909.74,49424.88,48824.24,46586.156
51445.87,50684.508,50049.1,47612.723
54800.15,52661.047,51670.62,49029.637
57524.53,53934.24,54541.96,51240.68
59400.32,54993.605,56612.79,53082.53
60412.82,55842.01,58531.55,54882.652
61714.66,57324.08,59601.67,56565.19
62506.14,58008.336,59748.33,58186.06
63196.78,58612.97,60546.05,59442.523
63628.73,59124.99,61144.95,60484.727
64542.8,62407.125,61845.91,61379.527
65018.49,62913.066,62757.13,62482.965
65333.4,63378.668,63245.25,63081.89
65731.61,63789.0,63504.16,63563.895
65714.03,64340.57,63506.26,63935.867
65798.76,64676.117,62819.24,63816.98
66184.95,64987.22,63074.77,64044.043
66574.38,65274.0,63424.64,64292.66
66372.83,65616.07,63843.29,64579.8
66272.04,65863.414,63875.58,64506.945
66613.61,66038.66,64189.54,64788.344
67228.1,66197.07,64138.1,65109.16
67641.4,66313.07,64805.08,65440.9
68167.23,66413.4,65700.57,65575.98
68512.21,66421.78,66068.01,65740.09
68527.95,66380.17,65887.45,65844.38
67612.04,66236.71,66025.16,65873.72
67255.54,66191.59,64786.5,65656.34
66842.18,66092.734,64100.17,65390.82
66408.52,65975.15,63759.59,65111.293
66108.28,65648.17,63352.78,64807.54
65544.41,65521.24,62968.05,64364.82
65444.56,65395.574,62072.76,63901.83
64611.22,65241.45,61358.65,63483.92
64395.25,64823.5,60945.24,63095.48
64126.75,64690.766,60366.97,62690.535
63097.54,64569.594,60081.65,62242.95
62711.18,64482.836,59605.1,61906.914
62981.92,63923.836,59251.67,61626.047
62310.22,63778.832,58620.59,61359.926
61985.42,63692.35,58612.07,61016.645
61484.66,63610.67,57657.95,60765.508
61512.99,62863.375,57045.95,60523.914
61195.44,62729.777,57344.42,60240.46
60380.14,62642.9,57285.75,59911.266
60333.83,62564.9,57167.52,59733.945
60656.97,61673.64,57484.8,59626.465
60392.74,61494.28,58265.86,59419.047
60608.93,61384.156,58187.4,59291.76
60545.41,61283.004,58267.0,59265.26
60337.81,60296.82,58186.84,59291.074
60116.62,60041.9,58211.24,59107.71
59791.51,59872.215,57967.74,59094.195
59795.11,59729.273,57933.29,59116.086
59836.44,58712.816,58038.26,59083.668
59551.98,58385.14,58413.75,58583.938
59867.22,58211.664,58419.68,58121.055
60316.15,58078.645,59230.02,57633.86
60361.69,57174.195,59776.76,57174.11
59523.54,56844.273,59270.11,56241.65
58596.97,56595.293,58210.52,55597.676
57248.75,56338.527,57088.72,55102.684
55504.79,55266.75,56438.16,54786.402
54460.95,54392.02,55301.63,54242.06
53312.17,53590.59,54461.71,53771.223
52283.73,52849.938,53345.79,53142.33
51544.01,51673.945,52390.95,52468.85
50550.43,50757.992,51707.24,51681.04
49476.75,50171.83,51060.95,50806.65
48791.34,49702.293,50045.11,49926.832
47718.45,48422.773,48956.93,49166.86
46521.8,47278.105,47948.83,47999.77
45718.96,46433.67,46979.84,47258.75
45210.82,45743.867,46469.28,46278.445
44140.29,44906.47,46082.06,45390.91
43723.57,44217.023,44711.94,44468.973
43336.56,43649.152,43999.1,43798.055
42534.92,43179.195,43258.22,43181.28
42033.01,42588.47,42705.56,42652.027
41265.94,42147.094,42402.71,42109.348
40908.44,41745.53,41798.01,41718.92
40728.14,41431.04,41242.55,41356.188
40196.39,39537.0,41158.96,41037.58
40158.51,39525.668,40930.46,40695.113
40067.02,39838.516,40690.57,40563.594
39859.89,40018.957,40472.01,40478.402
40024.56,40071.645,40555.28,40332.78
39967.38,40067.492,40678.98,40256.81
39602.15,40006.023,40537.31,40196.22
39560.01,39890.938,40716.97,40171.5
39742.1,39828.4,40652.28,40168.137
39673.12,39804.438,40827.8,40218.24
39670.24,39799.35,40837.51,40234.5
39969.5,39831.695,41032.05,40262.17
40418.69,39994.152,41217.94,40306.617
40446.22,40204.45,41776.99,40428.617
40504.69,40427.777,41672.2,40521.14
40985.68,40672.453,41817.22,40651.703
42315.65,41105.652,42090.91,40824.973
43365.68,41680.742,43255.98,41143.504
43460.06,42386.42,43807.24,41479.72
43612.06,43072.133,44222.01,41942.438
44928.51,43919.43,44509.28,42544.38
45694.73,44874.797,45705.91,43409.1
46777.84,45857.086,46234.91,44268.047
47520.38,46830.703,47352.24,45187.75
48620.3,48182.88,48481.66,46105.387
49430.52,49009.094,49493.71,47581.402
50197.32,49696.84,50110.86,48585.5
50559.74,50371.848,50476.64,49539.055
50734.98,50950.137,51396.67,50435.023
51100.14,51527.965,51111.98,51146.3
51938.24,52026.062,51560.88,51882.52
52552.06,52489.977,52206.21,52506.594
52505.31,52955.266,52869.33,53019.56
52925.46,53411.855,53133.39,53272.67
53399.68,53829.137,53593.14,53586.96
53728.13,54214.598,53571.81,53842.03
54341.52,54594.637,54114.36,54061.938
54563.05,54781.27,54059.87,54258.668
54622.41,54772.316,54315.77,54398.355
54597.47,54601.766,54467.52,54458.844
53985.2,54368.17,54636.15,54419.96
53420.82,54019.42,53771.61,54274.61
53060.48,53594.285,53468.61,53934.7
52312.57,53128.49,53227.17,53490.39
52010.99,52639.656,52734.92,52989.133
51426.51,52150.098,52584.71,52441.152
50799.83,51654.47,52291.13,51837.805
50096.77,51155.83,51924.05,51274.055
49769.07,50654.11,51431.48,50767.17
49257.01,50197.37,50667.08,50293.508
48774.54,49776.25,50513.81,49824.383
48677.66,49386.426,50333.28,49461.258
48458.69,49109.43,49739.94,49172.887
48605.79,48845.746,49837.27,48934.99
48346.52,48705.684,49606.71,48670.387
48181.26,48577.555,49235.65,48498.97
48469.19,48505.062,49028.71,48377.477
48582.72,48467.48,48666.95,48325.652
48440.54,48486.156,48558.51,48184.117
48354.88,48501.562,48594.22,48131.754
49248.83,48532.9,48575.38,48153.953
49677.81,48644.047,49272.41,48316.344
49869.43,48794.883,49751.83,48414.902
49981.48,48944.44,49933.64,48670.71
50297.72,49054.16,50256.19,48969.74
50092.29,49091.703,50603.86,49306.62
49943.9,49098.066,50651.56,49381.49
49678.95,49078.08,50732.27,49471.61
49643.78,48991.91,50903.42,49497.86
49726.57,48806.793,50997.78,49453.88
49993.37,48661.805,51177.57,49016.867
50484.61,48565.33,51911.33,48599.684
51105.27,48407.555,52192.86,48207.848
50508.7,48246.785,52283.99,47600.67
49635.16,48057.438,51404.92,47179.14
49153.31,47811.93,50476.41,46971.473
48308.12,47362.7,49824.7,46766.656
47680.11,46882.926,48856.16,46576.73
46627.46,46376.984,48247.74,46077.32
46349.17,45659.414,47548.53,45507.223
45944.15,45021.27,46938.3,44916.37
45353.52,44327.69,46321.38,44298.508
44350.16,43599.273,45671.37,43622.43
43831.18,42772.28,44766.41,42968.82
43004.37,41374.273,44278.63,42359.016
42261.96,40979.957,42914.09,41344.117
41159.33,40516.63,42279.35,40602.6
40745.6,39994.09,41691.81,39820.434
39665.03,39522.48,41265.22,39056.47
39239.89,39122.844,40223.32,38319.445
38715.05,38835.992,39625.69,37712.473
38254.69,38606.5,39075.05,37181.15
37567.03,38369.957,38870.75,36731.008
37223.62,38179.363,38168.73,36319.484
36993.5,38038.516,37736.24,36025.18
37173.02,37949.094,37308.38,35793.316
36949.28,36106.96,37086.02,35619.07
36798.64,36041.664,36528.28,35383.89
36442.45,36083.492,36283.43,35189.406
36548.58,36116.633,36126.5,35025.85
36431.88,36144.7,36021.08,34895.05
36219.49,36180.305,36104.76,34804.25
36198.61,36217.36,36093.64,34705.543
36272.74,36267.715,36146.56,34617.03
36145.81,36349.145,35963.81,34536.22
35946.46,36438.97,36477.82,34493.79
36135.67,36523.105,36587.0,34440.234
36217.12,36622.805,36575.08,34409.383
36744.62,36771.688,36748.23,34394.29
36694.15,36932.164,36926.92,34420.812
36732.51,37095.44,36913.67,34415.023
36952.97,37257.047,37007.96,34412.383
37436.18,37484.06,37043.72,34416.023
37521.61,37693.785,37558.15,34484.668
37568.68,37913.92,37837.39,34522.934
37483.4,38121.09,37902.05,34607.5
38129.73,38436.266,38230.89,34768.35
38818.8,38772.6,38824.11,35141.242
39717.3,39262.047,39632.5,35618.094
40799.11,39872.25,40534.33,36280.098
41557.64,41821.062,41470.55,37042.43
42264.69,42145.96,41956.07,38637.914
43478.97,42483.723,42772.54,39490.08
44124.37,43040.047,43484.1,40372.46
44575.82,43840.098,44179.98,41230.883
44923.45,44430.69,45116.27,42175.562
45432.43,45030.47,45438.76,42938.953
46082.54,45686.625,46359.07,43646.676
46073.45,46517.402,46883.06,44305.375
46664.73,46871.727,47281.03,44992.516
47442.62,47166.35,47680.15,45560.777
47953.46,47437.066,48422.8,46079.746
48271.47,47680.34,48803.1,46611.184
48326.01,47668.29,48648.24,47278.953
48588.94,47539.145,49233.42,47862.84
48873.66,47449.48,49482.65,48327.535
48797.57,47472.355,49442.93,48588.945
48274.84,47364.89,48978.15,48666.31
48088.99,47156.95,48566.62,48399.773
47754.88,46970.617,48516.03,47976.477
47409.45,46827.54,47826.93,47488.125
47156.57,46581.227,47678.16,47036.227
46448.49,46378.36,47402.42,46511.547
45566.21,46007.83,46932.23,46054.477
45318.08,45567.047,46089.52,45657.13
45158.59,45184.7,45658.88,45333.145
45255.59,44928.84,45584.62,44981.367
44664.03,44879.617,45670.39,44695.508
44366.3,44724.023,44953.36,44474.625
44055.61,44566.734,44756.99,44296.13
44236.53,44476.535,44564.64,44133.75
44042.63,44568.54,44402.23,44024.844
44497.02,44675.836,44019.54,43966.094
44680.88,44940.07,44211.77,43950.66
45013.41,45230.203,44208.03,43970.016
45222.22,45558.445,44233.85,44092.484
46041.48,45863.457,44376.42,44334.83
46396.23,46314.34,45970.77,44726.887
46690.9,46703.895,46377.82,45134.797
46905.2,47010.316,46865.29,45608.902
48290.49,47186.805,47519.63,46088.34
48537.61,47567.707,47986.08,46580.39
48815.43,47771.023,48480.6,46858.664
49034.66,47904.14,48875.99,47090.816
49117.06,47842.63,49158.28,47269.086
48916.15,47685.156,48983.51,47396.785
49405.68,47503.566,49561.51,47257.145
50104.51,47494.39,50467.42,47122.633
50767.78,47503.867,50906.96,46990.297
50557.75,47496.92,51255.77,46664.695
49758.84,47402.33,50391.21,46457.625
48722.31,47191.832,49649.25,46438.234
48052.74,46789.33,48923.53,46460.76
47511.77,46226.83,48163.64,46618.004
47419.35,45677.87,47354.97,46455.04
47210.52,45311.33,47293.75,46240.18
46785.98,44979.4,47351.87,45977.742
45986.98,44490.05,47248.49,45663.316
45088.19,43855.535,46323.27,45131.31
44436.96,43131.17,45810.88,44553.547
43425.53,41839.867,44909.11,44039.266
42448.69,41333.062,44057.05,43270.66
42027.23,40739.934,42938.4,42576.81
41478.53,40301.13,42249.12,41866.82
40495.14,39863.5,41736.83,41205.953
40057.0,39468.953,40952.13,40568.332
39693.1,39168.14,40460.25,40056.52
39333.99,38932.25,40300.66,39597.438
38841.18,38677.746,40064.6,39194.55
38404.3,38475.586,39910.92,38792.133
38544.2,38268.96,39565.29,38431.48
38559.1,38057.207,39527.61,38038.312
38360.09,37230.418,39450.18,37640.684
38090.67,37325.02,39322.21,37555.273
38062.03,37457.797,39233.31,37425.066
38126.08,37593.574,39401.91,37349.33
38165.2,37759.535,39470.6,37312.36
38116.11,37892.727,39724.14,37354.125
38191.04,38028.453,40011.89,37388.184
38442.99,38199.426,40192.65,37484.098
39372.92,38591.86,40340.89,37685.883
39559.71,39115.805,40719.79,38083.04
40260.53,39764.94,41138.65,38537.555
41252.44,40626.797,41765.12,39093.633
42747.7,42002.207,42208.4,39747.473
43554.21,43610.367,43657.04,40693.973
45285.22,45483.37,44523.53,41689.316
47412.47,47826.145,45922.97,43003.11
51392.67,50892.73,48035.26,44732.652
53827.53,53443.234,52149.67,47210.67
55781.58,55440.027,54878.53,49424.35
57033.4,56929.94,56939.14,51506.92
58905.25,58245.152,58656.02,53376.195
59763.04,59136.832,60793.91,55212.906
60459.92,59810.39,61371.27,56644.336
61534.3,60348.74,62199.3,57899.03
62422.85,61412.273,62704.33,58970.812
62312.59,61952.28,63980.95,60249.336
62755.28,62390.65,64383.78,60929.926
62967.82,62766.734,64774.9,61479.586
62518.89,63055.383,64981.88,61865.16
62756.57,63360.406,64469.57,62088.723
62976.25,63611.24,64684.79,62328.69
63307.67,63817.855,65470.78,62587.04
63443.83,63955.22,65617.95,62901.312
63666.95,64146.496,66249.49,63222.277
64177.84,64300.76,66924.66,63657.6
64614.16,64428.38,67246.14,64130.258
64762.64,64474.52,67511.54,64585.582
65217.76,64601.723,67551.29,64885.05
65468.34,64689.51,67728.32,65135.223
65599.48,64763.09,67680.85,65294.508
65521.17,64697.082,67605.47,65360.074
65180.1,64747.594,67270.31,65214.844
65211.16,64755.812,66826.64,65043.38
65236.37,64736.062,66877.21,64846.918
65196.73,64466.21,66701.67,64645.137
64833.91,64404.285,66935.61,64309.9
64671.42,64330.88,66786.85,64021.02
64183.02,64231.836,66608.09,63774.13
63943.56,63829.242,66013.54,63546.395
64225.12,63729.617,65695.32,63209.96
63867.2,63643.234,65584.09,62920.953
63500.54,63564.984,65414.57,62690.336
63465.73,63085.83,65302.06,62485.305
63175.3,62984.516,65181.2,62173.688
63129.39,62916.406,64635.22,61868.82
62775.61,62852.17,64498.29,61619.65
62533.53,62293.047,64287.57,61374.37
62029.0,62176.42,63751.53,61022.535
61729.91,62097.23,63264.26,60686.492
61602.49,62034.44,62954.02,60527.04
61711.4,61396.152,62920.31,60463.25
61595.83,61239.13,63554.97,60316.363
61576.14,61127.43,63173.67,60223.918
61547.38,61036.31,63354.78,60237.324
61509.34,60338.93,63453.76,60279.867
61338.17,60138.7,63105.61,60059.42
61509.04,59989.652,62943.62,59993.78
61725.23,59864.82,63079.14,59976.82
61718.74,59193.543,63448.21,59925.848
61704.73,58999.71,63547.94,59385.14
62180.8,58871.258,63776.43,58975.684
62440.24,58782.35,64787.25,58596.598
61770.19,58169.457,64906.25,58267.934
60743.26,57981.67,63917.84,57557.223
59977.9,57805.695,62263.22,57215.24
59125.71,57628.82,61323.82,56918.574
57917.73,56906.984,60348.18,56581.37
57013.55,56429.5,59075.29,55999.367
55827.43,55913.58,58033.99,55243.586
54806.81,55325.254,56771.32,54386.242
53355.5,54210.957,55662.07,53537.414
52373.66,52938.13,54615.45,52516.8
51402.64,51854.184,53640.19,51501.41
50399.86,50947.594,52303.53,50520.227
49198.82,49223.066,51304.76,49676.246
48213.03,47596.414,50236.42,48184.758
47418.92,46526.656,49443.67,47394.105
46782.2,45751.957,48355.71,46447.805
46300.71,45034.74,47992.66,45627.805
45961.26,44447.09,46932.73,44818.445
45525.44,44027.492,46457.83,44223.21
45084.47,43677.22,46497.95,43687.523
44561.67,43291.4,45631.08,43227.617
44254.27,42956.984,45287.7,42775.81
43703.48,42661.145,45020.83,42428.777
43400.68,42391.055,44660.94,42100.05
42998.09,40923.082,44195.28,41806.312
42743.08,41405.094,43769.6,41158.125
42654.07,41691.836,43969.26,41130.324
42768.8,41795.348,44035.33,41138.035
42637.93,41900.066,44063.02,41146.688
42850.73,41938.758,44228.46,41251.688
42924.43,42060.43,44338.81,41326.79
43292.87,42264.67,44375.03,41460.145
43343.53,42702.76,44513.56,41659.58
43436.47,43118.82,44825.34,42035.793
44036.61,43584.965,45326.13,42362.246
44686.54,44178.31,45643.83,42754.344
46076.77,45167.004,46288.41,43225.336
46629.42,46222.754,47673.94,44004.465
48301.34,47399.18,48823.39,44779.066
50064.82,48833.41,50229.21,45836.54
54041.93,51022.582,51596.07,47287.418
56348.82,52902.777,54772.63,49534.46
58145.7,54618.65,57114.68,51481.58
59159.22,56090.273,59102.5,53380.133
61044.24,57811.09,60452.12,55127.906
61822.41,58885.195,61691.37,56855.055
62235.56,59732.63,62113.01,58179.734
62922.08,60378.746,62620.5,59285.098
63572.05,62183.96,63293.17,60188.344
64256.75,62820.992,63896.76,61232.06
64563.41,63319.55,64042.89,61714.57
64352.57,63722.688,64499.7,62098.855
64045.9,63989.062,64758.51,62383.97
64108.5,64381.855,64726.18,62522.53
64344.09,64717.4,65324.76,62744.477
64589.38,65022.11,65708.63,63021.79
64466.29,65181.18,65668.47,63374.2
65028.48,65478.965,65979.73,63692.21
65250.76,65690.6,65853.57,64120.844
66144.12,65904.016,66238.92,64566.688
66371.42,65908.73,66357.42,64978.29
67301.65,66040.39,66444.86,65232.227
67638.45,66121.39,66754.68,65423.51
67939.43,66200.23,67014.1,65529.535
66251.56,66096.95,66968.72,65558.81
65927.33,66137.89,66485.37,65390.023
66157.46,66167.85,66527.08,65198.445
65825.75,66177.56,66505.45,65001.62
66215.23,65947.46,66716.75,64811.223
65496.75,65922.25,66548.58,64508.973
64907.71,65906.7,66572.03,64229.53
64376.94,65908.13,66464.61,63991.27
64316.36,65589.05,65876.23,63778.19
63867.07,65545.375,65661.67,63471.176
63854.33,65534.203,65401.91,63186.902
63521.69,65517.293,65434.55,62962.4
63930.37,65114.63,65352.54,62765.18
63080.05,65064.863,65104.32,62480.367
62972.14,65038.133,64614.52,62195.105
62682.17,64981.69,64225.71,61974.547
62736.06,64439.34,63655.97,61758.688
62300.46,64356.023,63511.23,61425.59
61596.79,64303.06,63244.74,61088.914
61604.66,64257.047,63038.1,60942.492
61895.34,63653.86,62853.02,60895.91
61722.55,63501.434,62959.82,60757.18
61771.8,63410.25,63015.63,60663.55
61496.54,63275.844,63301.9,60687.75
61360.23,62622.28,63328.96,60749.973
61403.03,62417.938,62590.86,60536.69
61702.65,62210.332,62466.76,60485.098
61385.99,61975.66,63108.93,60485.668
61892.67,61338.066,63294.25,60439.375
62080.55,61125.867,63887.63,59876.164
62805.04,60924.934,64326.82,59454.36
63448.18,60747.746,65074.13,59058.438
63790.3,60129.867,65047.3,58678.816
62772.52,59889.33,64230.11,57806.97
61703.96,59640.277,62788.15,57321.33
60895.57,59370.316,62096.06,56977.92
59261.58,58540.023,61002.9,56685.45
58216.22,57886.586,60164.43,56175.418
57236.27,57169.47,59053.23,55536.754
55805.2,56356.047,57772.87,54798.22
54395.65,54983.156,56418.12,54043.895
53053.19,53492.355,55400.63,53083.71
52024.35,52189.664,54457.39,52077.94
51079.93,51088.695,53364.17,51086.85
49425.17,49018.586,52147.27,50227.92
48368.06,47388.805,50719.18,48722.25
47473.77,46293.7,49896.16,47886.05
46903.52,45490.54,49011.85,46920.527
45569.67,44791.535,48166.85,46094.11
45016.89,44100.598,47304.42,45245.41
44535.46,43547.527,46484.05,44645.188
44335.78,43088.46,46015.38,44097.062
43679.53,42708.16,45934.37,43631.133
43274.67,42347.348,45195.45,43145.4
42855.35,42047.773,44810.14,42785.023
42664.06,41791.97,44299.11,42434.14
42463.94,40926.22,44069.08,42124.37
42176.61,41380.36,43924.35,41524.195
42007.52,41789.965,43572.93,41474.938
41970.69,41977.492,43789.35,41481.79
42293.88,42142.09,43779.47,41488.86
42448.84,42289.32,43949.89,41589.5
42307.95,42476.383,44002.33,41655.902
42484.37,42713.1,43967.57,41776.395
43121.22,43169.24,44223.69,41960.477
43326.57,43670.4,44637.82,42324.645
43652.48,44207.953,44966.05,42638.61
44060.18,44791.473,45563.32,43024.03
45820.12,45696.656,46349.21,43488.508
46679.46,46736.56,48175.53,44269.555
48085.83,47902.004,49246.2,45045.586
49989.4,49216.48,50262.3,46121.39
54264.45,51203.87,52308.14,47622.56
56927.74,52875.453,55960.85,49949.19
58747.14,54629.617,58381.14,51930.406
60218.35,56380.32,60196.23,53841.754
61444.31,58475.246,61719.37,55582.246
62184.49,59824.62,63423.12,57294.633
62544.03,60796.79,63881.94,58585.484
63448.8,61465.574,64420.2,59675.0
63722.66,62916.55,64920.27,60583.645
64308.65,63563.027,65184.89,61796.082
64410.03,64021.355,65035.07,62305.27
64387.5,64464.47,65139.85,62705.773
63376.88,64633.273,65138.57,62996.21
63601.86,65041.35,65177.56,63180.438
63932.32,65410.99,65093.99,63413.984
64627.37,65737.92,65527.74,63722.46
64096.95,65723.37,65866.12,64124.6
64202.0,65962.62,66462.61,64524.89
64258.49,66127.3,66717.2,65005.617
64867.13,66225.81,66887.64,65484.17
65067.81,66081.4,66934.79,65909.05
64978.42,66083.14,67679.01,66117.97
65478.0,66110.77,67851.05,66276.71
65409.38,66071.1,68249.68,66353.3
64609.65,65824.68,68005.46,66347.41
64575.55,65773.16,67733.48,66111.94
64149.93,65690.78,67274.67,65877.31
63891.43,65620.49,67434.68,65642.66
64147.01,65287.297,67404.0,65413.574
63951.77,65154.633,66863.83,65030.195
64151.63,65073.81,66490.65,64721.246
63731.06,64996.695,66090.43,64464.797
63417.42,64607.605,65315.19,64242.637
63174.39,64500.605,65009.24,63899.24
62515.28,64396.535,64850.84,63591.508
62095.08,64328.297,65039.71,63346.355
61881.35,63849.312,64546.2,63125.453
61625.54,63717.383,64475.18,62806.473
61147.74,63638.582,64185.36,62476.04
60445.59,63550.133,64451.49,62204.4
60850.0,62992.72,63688.44,61937.68
60631.57,62847.85,63174.73,61591.14
60105.29,62724.58,62621.56,61254.43
59955.91,62625.62,62165.13,61106.105
60767.2,61999.895,61658.72,61041.99
61160.04,61865.406,61473.15,60898.703
60962.82,61748.746,61595.03,60798.0
60958.39,61644.074,62103.55,60801.996
60883.5,61010.082,62096.47,60836.027
60537.19,60763.9,62252.64,60606.78
60620.12,60571.176,62113.8,60535.74
60776.21,60404.18,62456.74,60515.88
60515.35,59780.777,62754.27,60452.953
60583.59,59475.402,63447.72,59886.613
61727.66,59251.086,63880.8,59455.38
62364.1,59094.47,64638.65,59046.45
61875.14,58344.57,64437.18,58653.832
60961.98,57979.297,63207.78,57766.79
59978.81,57624.914,61940.0,57277.434
58805.36,57222.367,60814.29,56936.688
57612.4,56157.2,59656.41,56638.914
56094.93,55225.074,59156.09,56184.008
55055.35,54218.305,58077.86,55528.473
54205.73,53237.43,56886.42,54773.92
53180.23,51902.89,56018.52,54014.47
52073.26,50702.867,55417.73,53076.637
50857.62,49889.75,54317.71,52059.438
49932.44,49279.24,53128.36,51057.875
49442.73,47789.47,52082.67,50193.73
48834.94,46785.68,50713.0,48716.035
47960.74,46047.723,49649.74,47888.47
47119.14,45439.527,48890.19,46948.17
45801.76,44768.15,48296.34,46152.977
45556.34,44165.188,47382.46,45307.938
45096.56,43693.594,46980.08,44720.812
44511.35,43296.98,46540.93,44184.93
43445.37,42844.684,46255.98,43726.367
42954.87,42442.53,45639.38,43224.97
42755.61,42102.68,45414.53,42868.086
42510.93,41855.938,45093.59,42527.207
42286.04,41273.676,44680.84,42216.367
42064.39,41766.82,43659.36,41859.406
42391.8,42267.258,43635.73,41798.418
42215.19,42572.71,43710.91,41792.523
42882.56,42838.156,44055.32,41790.848
42961.09,43059.508,44262.6,41894.03
42981.88,43282.67,44226.25,41952.28
43028.36,43517.11,44099.01,42065.914
43332.59,43971.758,44433.1,42241.617
43507.45,44360.484,44807.74,42611.652
43848.12,44832.92,45176.74,42918.29
44918.92,45403.688,45646.37,43300.39
46409.42,46438.67,46035.17,43759.89
47678.76,47454.8,47503.34,44550.25
48591.12,48598.26,48633.18,45308.566
50159.34,49839.33,49875.47,46360.18
54329.57,51791.188,51761.92,47810.504
56947.16,53330.15,55209.21,50101.074
58745.77,54968.05,57788.46,52007.445
59908.94,56635.793,59860.42,53861.31
60224.36,58627.277,60910.64,55579.477
60729.86,59885.285,61613.74,57289.06
61293.62,60819.664,61937.5,58577.016
62032.8,61497.08,62657.45,59644.582
63091.76,62995.92,63399.09,60526.754
63484.47,63614.6,63883.61,61734.8
63574.45,64112.457,64438.16,62241.473
63675.1,64563.656,64870.78,62631.973
62700.31,64697.11,65074.37,62910.43
63413.96,65024.48,65318.41,63045.727
63939.09,65286.996,65729.0,63245.242
63922.75,65484.883,66079.56,63503.723
63542.18,65380.086,66243.18,63838.426
63812.49,65524.86,66054.38,64149.89
64149.69,65631.39,66373.75,64564.543
64788.39,65692.22,66713.96,65016.883
65798.87,65486.465,67184.55,65446.97
66308.96,65429.336,67510.4,65724.19
66715.11,65314.47,68172.56,65932.336
67095.55,65166.816,68570.45,66063.06
65888.33,64796.645,68715.07,66111.42
65891.56,64656.97,68219.15,65947.26
65529.72,64500.76,67835.93,65761.84
65359.15,64348.977,67465.86,65587.62
64700.18,63978.723,67159.29,65415.43
64565.64,63850.39,67259.9,65104.668
64096.48,63724.137,67024.1,64835.867
63331.56,63607.13,66517.77,64616.44
63159.24,63231.684,66172.28,64431.547
63264.72,63133.12,65919.99,64132.414
62995.41,63046.043,66026.34,63875.664
62648.59,62970.914,65731.28,63682.324
62885.36,62541.082,65483.92,63511.98
62364.5,62460.133,66111.63,63228.363
61741.08,62400.566,65522.23,62953.227
61134.35,62352.125,65415.4,62736.75
60914.17,61827.07,65019.85,62507.914
60677.07,61738.54,64739.1,62168.758
60306.78,61687.203,64566.08,61851.05
60124.62,61643.766,64374.45,61724.64
60149.9,61058.94,63894.02,61678.793
59623.2,60949.355,63305.9,61508.715
59597.32,60884.91,63376.67,61395.688
59813.48,60840.31,63451.72,61402.27
59718.7,60230.266,63599.45,61441.758
59533.64,60050.137,63294.06,61152.75
59708.34,59924.91,63306.29,61070.53
60177.69,59832.35,63579.13,61056.61
60791.11,59373.703,63887.44,61010.81
60975.59,59184.27,64489.2,60375.25
61768.01,59072.5,64914.7,59971.375
62593.25,59010.63,65170.37,59609.312
62487.11,58389.45,64774.09,59248.88
61652.41,58189.242,64167.68,58292.39
60390.69,57986.332,62862.07,57724.375
59320.22,57735.703,61717.2,57274.41
57856.48,56767.332,60923.52,56906.133
56821.3,56047.305,60439.44,56404.562
55843.21,55291.09,59045.69,55804.598
54810.08,54515.75,58068.72,55139.53
54280.51,53307.72,57195.44,54478.473
53366.43,52240.293,55977.01,53616.438
52252.21,51443.375,54909.31,52654.86
51295.63,50826.96,53894.09,51700.074
50100.18,49379.098,52651.98,50877.176
49233.62,48234.953,51022.34,49444.1
48558.04,47402.254,50073.92,48610.484
47828.04,46764.523,49106.59,47664.117
46520.54,46022.293,48368.29,46850.582
45950.47,45389.082,47482.63,45956.586
45424.82,44860.965,46891.42,45346.203
45149.29,44394.18,46465.68,44789.285
45131.84,43883.07,46101.22,44305.74
44964.38,43510.42,45188.27,43733.1
44712.21,43201.29,44862.24,43344.336
44404.25,42926.535,44524.98,42956.496
43991.93,42247.53,44174.99,42612.684
44192.91,42812.85,44024.77,42173.96
44190.46,43110.555,43908.63,42160.87
44280.41,43225.68,43931.58,42166.395
44402.64,43413.1,43975.44,42159.0
44512.22,43491.87,44075.9,42246.33
44652.07,43603.445,44237.14,42303.156
44857.64,43773.11,44273.9,42407.94
45347.95,44200.953,44278.54,42561.664
45778.38,44578.992,44641.47,42916.676
46112.29,45064.027,45027.85,43215.79
46661.49,45646.973,45304.09,43594.758
47940.86,46641.074,46016.32,44059.926
48824.24,47553.75,47200.45,44857.727
50049.1,48589.25,47747.13,45638.695
51670.62,49776.117,48597.76,46762.867
54541.96,51688.516,50629.9,48355.67
56612.79,53242.293,54602.03,50779.656
58531.55,54771.59,57037.44,52716.47
59601.67,56112.727,58888.37,54578.074
59748.33,57609.223,60582.3,56268.6
60546.05,58441.324,62296.93,57935.574
61144.95,59085.43,62769.56,59154.96
61845.91,59605.992,63399.91,60185.36
62757.13,61481.387,64036.04,61043.473
63245.25,62236.273,65064.76,62526.38
63504.16,62940.008,65608.39,62988.867
63506.26,63534.48,65877.75,63374.04
62819.24,63750.492,66149.93,63685.062
63074.77,64107.543,66492.9,63909.34
63424.64,64384.895,66759.03,64156.625
63843.29,64603.55,67238.94,64476.34
63875.58,64488.79,67392.44,64892.45
64189.54,64663.945,67520.49,65313.367
64138.1,64796.766,67724.76,65751.72
64805.08,64892.492,68020.48,66180.47
65700.57,64768.43,68106.48,66537.0
66068.01,64768.348,68360.07,66699.164
65887.45,64689.848,68671.54,66764.89
66025.16,64567.53,69139.76,66735.93
64786.5,64237.98,68854.05,66618.73
64100.17,64124.816,68706.76,66275.09
63759.59,63993.418,68604.22,65908.59
63352.78,63857.297,68605.09,65535.906
62968.05,63510.047,68559.06,65154.035
62072.76,63411.07,67952.51,64677.04
61358.65,63315.812,67247.63,64229.15
60945.24,63234.61,66495.85,63853.95
60366.97,62848.79,65697.35,63521.28
60081.65,62785.168,65284.95,63151.37
59605.1,62718.305,64922.16,62758.457
59251.67,62666.297,64262.12,62483.52
58620.59,62156.566,63927.03,62260.117
58612.07,62086.86,66067.44,62045.656
57657.95,62028.637,63366.25,61712.78
57045.95,61965.35,62898.69,61481.57
57344.42,61284.004,62550.99,61277.453
57285.75,61194.65,62718.56,61087.344
57167.52,61164.754,62304.51,60816.28
57484.8,61148.004,62148.49,60727.695
58265.86,60415.76,61968.79,60698.797
58187.4,60311.508,61644.71,60598.805
58267.0,60264.727,61620.4,60490.746
58186.84,60228.71,61459.56,60503.31
58211.24,59471.42,61588.73,60549.71
57967.74,59264.83,61370.24,60264.465
57933.29,59149.58,61129.97,60130.184
58038.26,59070.793,61395.32,60020.973
58413.75,58457.31,61272.35,59869.574
58419.68,58213.586,62156.44,59161.805
59230.02,58094.87,62274.67,58645.168
59776.76,58020.633,62703.41,58161.5
59270.11,57321.33,62498.96,57749.195
58210.52,56983.04,61321.4,56741.793
57088.72,56651.27,60207.34,56148.875
56438.16,56269.547,59260.36,55661.844
55301.63,55146.867,58073.57,55291.6
54461.71,54210.254,56938.57,54604.066
53345.79,53390.227,55997.48,53983.45
52390.95,52672.645,54917.27,53273.426
51707.24,51504.418,53686.78,52576.04
51060.95,50630.504,53142.61,51667.04
50045.11,50046.637,52405.75,50827.715
48956.93,49584.918,51637.39,50005.82
47948.83,48226.223,50264.97,49314.734
46979.84,47122.863,48762.73,48065.04
46469.28,46295.96,47955.03,47434.99
46082.06,45642.56,47114.38,46575.92
44711.94,44889.746,46291.35,45798.004
43999.1,44223.906,45197.07,44917.805
43258.22,43628.13,44622.87,44301.082
42705.56,43076.1,43924.17,43735.945
42402.71,42497.992,43738.9,43254.996
41798.01,42060.523,43574.22,42714.816
41242.55,41672.29,43070.03,42350.473
41158.96,41325.574,42469.35,41998.156
40930.46,39619.47,42143.7,41686.055
40690.57,39722.32,41162.02,40569.582
40472.01,40026.36,40791.23,40429.758
40555.28,40161.445,40771.4,40342.55
40678.98,40243.926,40850.34,40200.812
40537.31,40274.676,41687.02,40112.953
40716.97,40260.44,41577.25,40037.23
40652.28,40261.055,41562.8,39994.54
40827.8,40323.996,41604.26,39983.47
40837.51,40399.023,41782.0,40006.83
41032.05,40505.906,41655.17,40016.035
41217.94,40668.832,41736.84,40044.08
41776.99,40957.992,41955.79,40096.188
41672.2,41268.562,41789.7,40210.23
41817.22,41568.227,41855.53,40312.89
42090.91,41888.164,42246.06,40455.26
43255.98,42375.227,42598.59,40664.094
43807.24,42915.05,43241.1,41049.57
44222.01,43514.18,44191.12,41477.945
44509.28,44152.19,44577.01,42056.38
45705.91,44993.152,44943.04,42773.98
46234.91,45842.652,45908.96,43761.215
47352.24,46683.562,46276.2,44651.96
48481.66,47522.562,47273.25,45520.633
49493.71,48858.36,48266.24,46327.67
50110.86,49806.53,50030.54,47956.94
50476.64,50569.3,50868.74,48919.855
51396.67,51269.06,51855.36,49862.14
51111.98,51751.47,52020.36,50758.688
51560.88,52380.77,51468.83,51680.137
52206.21,52939.7,51654.63,52505.008
52869.33,53465.56,52261.31,53247.79
53133.39,53757.86,53025.92,53863.016
53593.14,54230.008,54214.85,54435.38
53571.81,54554.21,54775.5,54903.914
54114.36,54695.12,55419.63,55301.055
54059.87,54647.52,55727.53,55672.715
54315.77,54500.77,55893.03,56061.082
54467.52,54220.523,55921.33,56292.457
54636.15,53866.914,56416.53,56355.25
53771.61,53496.16,56311.5,56272.68
53468.61,53094.6,55920.53,56076.617
53227.17,52648.582,55811.27,55607.082
52734.92,52196.203,56079.2,55087.168
52584.71,51763.793,55298.17,54524.21
52291.13,51360.39,54458.26,54029.51
51924.05,50979.547,54053.85,53447.086
51431.48,50624.297,53669.26,52909.53
50667.08,50304.3,52700.59,52438.38
50513.81,49971.61,52550.29,52038.45
50333.28,49690.855,52026.32,51595.457
49739.94,49458.27,51121.71,51289.69
49837.27,49250.652,51654.76,51035.1
49606.71,49075.88,51834.49,50829.688
49235.65,48938.227,51849.07,50586.86
49028.71,48806.684,51464.23,50422.47
48666.95,48732.69,50793.83,50291.465
48558.51,48592.14,50973.17,50217.96
48594.22,48508.953,50576.8,50053.906
48575.38,48496.703,50318.04,50026.156
49272.41,48535.484,50479.72,50090.543
49751.83,48621.676,51147.55,50261.785
49933.64,48771.086,51090.09,50358.715
50256.19,48935.03,51230.05,50587.496
50603.86,49110.586,52034.15,50853.387
50651.56,49186.035,52338.17,51093.668
50732.27,49231.523,52314.66,51058.96
50903.42,49267.156,52326.48,51045.54
50997.78,49298.664,52414.2,50976.09
51177.57,49143.875,53267.27,50774.12
51911.33,48991.492,53557.93,50246.89
52192.86,48873.242,53892.6,49726.016
52283.99,48656.41,53116.24,49206.4
51404.92,48374.473,52504.62,48566.97
50476.41,48100.29,51691.76,48033.75
49824.7,47798.965,50943.73,47675.26
48856.16,47349.43,49689.57,47393.402
48247.74,46834.266,48497.4,47138.29
47548.53,46324.52,47686.61,46666.27
46938.3,45753.035,46835.84,46138.82
46321.38,45135.348,46379.2,45605.797
45671.37,44364.234,46378.87,45004.69
44766.41,43600.855,45622.19,44400.152
44278.63,42783.82,44593.26,43818.418
42914.09,41316.492,43665.7,43289.16
42279.35,40745.727,42461.05,42321.55
41691.81,40216.95,42115.59,41710.81
41265.22,39791.703,41169.59,41011.016
40223.32,39421.344,40856.87,40282.52
39625.69,39049.457,40729.24,39562.004
39075.05,38753.57,39977.02,38917.55
38870.75,38510.758,39513.3,38328.074
38168.73,38295.715,39150.16,37810.938
37736.24,38102.85,38614.53,37337.938
37308.38,37942.297,38238.85,36954.688
37086.02,37807.21,38053.94,36630.625
36528.28,36159.03,37501.78,36371.367
36283.43,36020.668,36857.8,35999.742
36126.5,36011.82,36499.07,35765.85
36021.08,36030.15,36582.54,35584.047
36104.76,36065.027,36419.4,35436.312
36093.64,36094.42,36521.56,35337.54
36146.56,36121.5,36432.29,35236.457
35963.81,36155.5,36374.38,35141.703
36477.82,36217.29,36282.02,35047.844
36587.0,36276.258,36399.15,35002.824
36575.08,36346.867,36554.77,34938.547
36748.23,36424.04,36349.63,34894.35
36926.92,36544.65,36199.88,34866.773
36913.67,36656.152,36309.9,34874.14
37007.96,36771.035,36034.36,34857.04
37043.72,36891.508,36007.97,34844.535
37558.15,37067.68,36451.76,34846.965
37837.39,37214.836,37445.28,34917.492
37902.05,37365.9,37340.9,34973.5
38230.89,37509.945,37430.2,35098.695
38824.11,37753.25,37626.51,35319.21
39632.5,38002.258,38643.86,35742.914
40534.33,38378.863,38767.12,36201.46
41470.55,38941.17,39397.55,36759.887
41956.07,41018.734,40078.12,37415.15
42772.54,41587.59,41234.89,38936.36
43484.1,42115.508,42198.18,39765.902
44179.98,42706.074,42998.23,40656.22
45116.27,43565.176,44206.47,41555.47
45438.76,44358.043,45371.22,42553.094
46359.07,45112.234,46061.54,43342.83
46883.06,46015.81,46497.37,44080.145
47281.03,46951.78,47887.61,44759.207
47680.15,47509.887,48545.78,45515.5
48422.8,47842.176,49091.52,46131.816
48803.1,48106.977,49768.16,46719.57
48648.24,48386.09,49969.33,47320.477
49233.42,48375.566,50271.58,48081.977
49482.65,48393.32,51336.83,48830.273
49442.93,48372.598,51914.35,49445.88
48978.15,48428.23,52199.57,49823.15
48566.62,48280.49,51286.5,49994.586
48516.03,48078.977,51132.01,49844.414
47826.93,47915.71,51187.59,49485.5
47678.16,47776.46,51174.46,49023.156
47402.42,47584.508,50771.42,48459.21
46932.23,47399.934,50644.6,47884.758
46089.52,47173.098,50337.99,47351.156
45658.88,46926.297,50319.7,46911.984
45584.62,46568.79,49248.03,46547.88
45670.39,46340.895,49240.3,46202.438
44953.36,46243.887,48948.16,45957.25
44756.99,46070.215,48778.14,45764.547
44564.64,45775.062,49163.25,45607.883
44402.23,45537.086,48386.86,45472.586
44019.54,45348.363,47576.49,45391.6
44211.77,45221.95,47463.37,45404.9
44208.03,45081.02,47723.82,45381.27
44233.85,45021.13,47370.19,45414.016
44376.42,45030.543,47646.63,45577.785
45970.77,45194.332,48287.04,45867.89
46377.82,45735.36,49448.5,46279.45
46865.29,46241.332,49494.02,46695.195
47519.63,46759.902,49558.5,47171.48
47986.08,47323.965,49575.29,47615.07
48480.6,47608.047,50504.09,48047.535
48875.99,47895.44,51143.55,48293.426
49158.28,48133.27,51313.23,48498.242
48983.51,48243.113,51270.67,48631.188
49561.51,48090.168,51739.95,48681.99
50467.42,48065.113,52233.08,48606.38
50906.96,48125.566,52042.11,48568.973
51255.77,48094.867,51810.32,48590.355
50391.21,47967.42,51675.87,48697.902
49649.25,47770.52,50662.33,48680.67
48923.53,47511.688,49499.54,48665.0
48163.64,47223.797,49320.84,48593.758
47354.97,46704.23,49060.67,48578.6
47293.75,46105.633,48454.77,48278.234
47351.87,45709.773,48196.08,47952.773
47248.49,45510.883,48209.71,47580.117
46323.27,45175.81,48566.71,47169.773
45810.88,44593.83,48114.59,46610.395
44909.11,44051.133,47060.24,46064.28
44057.05,42499.934,46091.65,45596.78
42938.4,41921.75,45386.93,44812.156
42249.12,41171.73,44573.15,44154.086
41736.83,40523.125,43907.56,43442.64
40952.13,39963.1,43471.28,42717.707
40460.25,39499.273,44129.84,42044.266
40300.66,39157.043,43525.82,41426.47
40064.6,38923.336,43488.95,40891.695
39910.92,38690.312,42865.89,40443.043
39565.29,38541.14,42526.61,40065.19
39527.61,38409.426,42237.41,39750.33
39450.18,38312.562,42230.61,39507.92
39322.21,37891.03,41778.94,39382.387
39233.31,38010.543,41552.14,39521.004
39401.91,38184.734,41506.57,39273.547
39470.6,38387.566,41702.99,39159.906
39724.14,38634.39,41705.4,39112.996
40011.89,38897.965,42102.93,39156.71
40192.65,39201.477,41992.44,39233.777
40340.89,39533.5,42467.96,39403.742
40719.79,40010.152,42828.05,39714.207
41138.65,40514.37,43465.51,40195.094
41765.12,41155.363,43878.71,40739.35
42208.4,41976.07,44722.34,41440.125
43657.04,43093.523,45578.3,42187.266
44523.53,44362.258,46069.71,43213.17
45922.97,45837.875,47242.12,44375.38
48035.26,47645.96,48565.99,45905.99
52149.67,50304.95,50828.06,47937.56
54878.53,52811.13,55499.65,50827.67
56939.14,54943.52,57432.97,52969.33
58656.02,56583.39,59097.88,54802.824
60793.91,58120.133,60504.02,56405.5
61371.27,59077.84,62204.53,58097.863
62199.3,59764.496,63017.05,59523.938
62704.33,60280.473,63946.36,60882.14
63980.95,61557.79,64540.9,61968.223
64383.78,62128.207,64882.27,62926.812
64774.9,62581.094,65785.87,63604.85
64981.88,62976.19,65900.6,64118.254
64469.57,63271.37,66118.77,64503.434
64684.79,63595.74,65363.76,64764.11
65470.78,63869.344,65474.7,65138.83
65617.95,64096.84,65632.77,65599.836
66249.49,64191.555,66310.19,66278.766
66924.66,64378.367,66252.98,66760.24
67246.14,64518.723,66237.36,67369.34
67511.54,64628.13,66407.55,67883.914
67551.29,64593.766,67307.02,68328.44
67728.32,64705.082,67805.23,68359.47
67680.85,64785.64,68008.05,68485.78
67605.47,64852.72,68003.53,68488.71
67270.31,64727.953,68175.56,68476.01
66826.64,64758.97,67603.37,68140.09
66877.21,64738.605,67755.75,67993.35
66701.67,64677.742,67629.29,67781.69
66935.61,64352.414,67715.53,67540.62
66786.85,64247.227,67770.07,67045.66
66608.09,64115.457,68027.39,66740.414
66013.54,63974.906,66989.39,66382.09
65695.32,63535.914,66249.47,66047.164
65584.09,63414.418,65916.08,65562.914
65414.57,63296.402,65727.44,65217.418
65302.06,63182.98,64953.32,64891.805
65181.2,62699.312,64651.42,64574.855
64635.22,62577.844,64946.33,64149.746
64498.29,62474.598,64263.1,63700.25
64287.57,62382.156,63321.22,63318.496
63751.53,61846.258,62856.41,62907.367
63264.26,61721.086,63666.54,62489.07
62954.02,61622.324,62741.13,62045.117
62920.31,61538.457,62375.1,61747.258
63554.97,60940.984,61719.96,61552.105
63173.67,60804.957,62506.26,61343.785
63354.78,60701.152,62429.66,61162.746
63453.76,60610.203,62195.25,61084.215
63105.61,59943.918,62259.34,61059.766
62943.62,59765.832,63041.78,60883.55
63079.14,59636.625,62649.55,60734.37
63448.21,59540.355,62564.7,60692.355
63547.94,58921.492,63068.89,60659.91
63776.43,58777.164,63594.03,60284.492
64787.25,58690.195,64469.63,59918.508
64906.25,58638.69,64847.26,59592.26
63917.84,58029.18,64505.52,59295.484
62263.22,57878.41,63292.13,58658.156
61323.82,57723.723,62134.53,58260.887
60348.18,57556.105,60950.94,57846.664
59075.29,56808.508,59775.05,57387.715
58033.99,56333.715,58698.13,56723.312
56771.32,55827.344,57616.54,55907.125
55662.07,55259.207,56656.11,55026.78
54615.45,54224.117,55382.56,54163.42
53640.19,53147.555,54555.38,53228.39
52303.53,52230.617,53594.37,52241.586
51304.76,51414.09,52193.1,51293.508
50236.42,49966.14,51175.08,50497.812
49443.67,48391.734,49720.69,49224.043
48355.71,47288.8,48839.06,48393.844
47992.66,46464.816,48047.77,47358.562
46932.73,45725.5,47204.23,46437.645
46457.83,45036.168,46882.05,45571.543
46497.95,44546.703,46368.53,44876.867
45631.08,44184.566,45805.43,44253.496
45287.7,43780.26,45806.84,43722.742
45020.83,43391.133,45801.98,43264.207
44660.94,43078.71,45504.95,42896.395
44195.28,42877.145,44967.36,42635.754
43769.6,41401.59,44878.41,42315.12
43969.26,42114.234,44607.12,41521.535
44035.33,42690.207,44045.08,41428.37
44063.02,42939.297,44221.21,41404.434
44228.46,43024.367,44195.84,41412.992
44338.81,43011.824,44362.99,41531.914
44375.03,43034.92,44391.35,41625.082
44513.56,43099.926,44533.68,41783.402
44825.34,43302.727,44919.49,41999.594
45326.13,43483.773,45881.64,42378.953
45643.83,43774.5,46236.12,42692.477
46288.41,44194.977,46617.41,43087.03
47673.94,45075.55,47631.63,43581.867
48823.39,46163.344,49441.12,44426.152
50229.21,47590.285,50526.05,45270.9
51596.07,49236.844,51532.14,46405.867
54772.63,51297.414,53201.96,47952.414
57114.68,52751.918,55566.88,50477.87
59102.5,53960.754,57908.07,52733.066
60452.12,54967.074,59910.36,54901.977
61691.37,56111.348,61429.76,56838.527
62113.01,56880.98,63067.47,58661.895
62620.5,57551.984,63710.24,60012.098
63293.17,58150.414,64462.24,61112.223
63896.76,59889.684,65019.88,61989.023
64042.89,60758.066,65700.24,63233.566
64499.7,61563.957,66324.49,63699.656
64758.51,62297.72,66930.6,64128.707
64726.18,62835.914,67193.68,64448.06
65324.76,63363.93,66544.94,64502.81
65708.63,63773.695,67107.06,64727.973
65668.47,64099.76,66920.63,64995.125
65979.73,64253.58,67285.91,65345.047
65853.57,64510.723,67976.22,65591.74
66238.92,64715.01,68289.38,66037.61
66357.42,64882.605,68516.72,66500.74
66444.86,64941.32,69024.71,66953.33
66754.68,65108.066,69238.04,67135.9
67014.1,65231.766,69957.19,67334.125
66968.72,65331.977,70228.63,67450.45
66485.37,65256.715,70157.17,67495.35
66527.08,65338.234,69429.95,67257.54
66505.45,65370.25,69543.88,67047.58
66716.75,65372.21,69373.53,66801.63
66548.58,65094.797,69409.96,66596.0
66572.03,65057.76,69475.25,66198.81
66464.61,64998.21,69236.26,65916.08
65876.23,64936.082,68532.72,65643.234
65661.67,64521.695,68052.54,65452.688
65401.91,64445.28,67828.13,65124.13
65434.55,64372.086,67627.66,64834.562
65352.54,64301.46,67089.79,64595.125
65104.32,63787.84,66588.07,64380.184
64614.52,63694.72,66511.81,64068.43
64225.71,63622.07,65956.74,63743.094
63655.97,63557.477,65319.87,63442.836
63511.23,62941.387,64681.9,63133.49
63244.74,62822.15,64719.05,62745.984
63038.1,62739.758,64438.96,62416.49
62853.02,62665.96,64139.32,62262.543
62959.82,61933.45,64280.18,62197.816
63015.63,61774.375,64649.04,62014.984
63301.9,61669.766,64856.6,61883.164
63328.96,61586.914,64913.36,61900.6
62590.86,60817.156,65204.46,61982.773
62466.76,60633.71,64385.67,61758.016
63108.93,60508.934,64291.91,61720.5
63294.25,60415.91,64770.22,61757.203
63887.63,59730.65,64756.96,61769.2
64326.82,59556.066,65577.42,61220.863
65074.13,59450.676,65577.44,61008.08
65047.3,59372.742,65605.28,60867.918
64230.11,58695.816,65187.84,60699.02
62788.15,58471.53,64130.95,59967.957
62096.06,58244.31,63100.1,59431.188
61002.9,58009.06,61884.31,58799.926
60164.43,57164.363,60986.08,58171.24
59053.23,56621.16,60325.41,57395.336
57772.87,56042.68,59647.53,56506.887
56418.12,55368.58,58343.85,55574.992
55400.63,54129.742,57033.77,54714.79
54457.39,52875.004,56097.11,53674.312
53364.17,51868.562,54520.58,52653.887
52147.27,51044.18,53587.41,51678.21
50719.18,49362.457,52508.73,50863.188
49896.16,47987.25,51139.05,49246.793
49011.85,47115.492,49907.0,48463.68
48166.85,46482.324,49104.83,47518.285
47304.42,45819.645,48084.67,46707.297
46484.05,45280.266,47051.81,45844.062
46015.38,44846.45,46667.72,45267.547
45934.37,44487.254,46289.24,44755.38
45195.45,44114.664,46106.72,44323.312
44810.14,43791.473,46362.71,43884.41
44299.11,43531.164,46058.77,43580.117
44069.08,43296.207,45810.35,43277.734
43924.35,42020.195,45455.69,42988.68
43572.93,42686.3,45593.18,42070.926
43789.35,43088.03,45725.21,41939.39
43779.47,43242.516,45883.32,41871.35
43949.89,43314.8,45778.76,41816.293
44002.33,43333.723,45735.14,41881.504
43967.57,43399.92,45900.7,41922.137
44223.69,43538.617,45895.52,42023.19
44637.82,43917.906,46149.05,42175.945
44966.05,44335.863,46079.1,42539.336
45563.32,44892.62,46547.89,42846.348
46349.21,45636.08,47126.35,43235.68
48175.53,46897.633,47534.49,43714.258
49246.2,48314.617,48906.57,44629.96
50262.3,50008.773,49901.83,45509.94
52308.14,51935.664,50877.0,46653.508
55960.85,54508.516,52719.14,48205.777
58381.14,56369.58,55561.51,50855.56
60196.23,57849.54,57825.89,53059.254
61719.37,59001.547,59525.32,55198.438
63423.12,60284.215,61151.47,57101.258
63881.94,61028.156,62270.65,58992.316
64420.2,61618.727,62629.51,60251.64
64920.27,62084.89,63415.49,61286.188
65184.89,63832.695,63605.41,62099.844
65035.07,64231.1,64537.86,63454.5
65139.85,64562.016,65022.21,63896.83
65138.57,64842.82,65295.93,64310.355
65177.56,65052.453,64741.91,64582.08
65093.99,65286.062,64456.64,64673.383
65527.74,65496.594,64631.12,64829.117
65866.12,65686.82,65126.68,65032.086
66462.61,65750.4,65712.64,65287.707
66717.2,65914.22,65722.54,65458.71
66887.64,66048.22,66034.08,65824.836
66934.79,66161.63,65644.84,66253.9
67679.01,66097.625,66067.42,66701.54
67851.05,66176.66,66180.25,66897.11
68249.68,66207.414,66741.51,67145.72
68005.46,66191.91,66933.45,67320.805
67733.48,65941.72,67713.36,67407.13
67274.67,65878.49,67818.37,67195.43
67434.68,65793.28,67292.75,66998.99
67404.0,65694.625,67173.5,66813.79
66863.83,65310.46,67110.77,66626.484
66490.65,65213.316,67426.48,66209.16
66090.43,65112.75,66867.76,65896.83
65315.19,65021.797,66125.08,65633.11
65009.24,64561.023,65950.67,65421.39
64850.84,64445.54,65398.47,65059.902
65039.71,64339.016,65151.53,64771.496
64546.2,64236.85,65050.53,64537.977
64475.18,63671.85,64893.28,64316.2
64185.36,63545.434,64190.07,64028.01
64451.49,63445.02,63260.66,63708.594
63688.44,63366.14,62757.28,63467.594
63174.73,62713.93,62135.25,63213.258
62621.56,62591.22,61626.29,62867.76
62165.13,62506.438,61787.01,62488.66
61658.72,62432.18,61323.28,62294.72
61473.15,61696.96,61028.53,62222.98
61595.03,61557.84,61039.13,62157.96
62103.55,61455.426,61696.81,62089.184
62096.47,61370.98,61580.91,62122.824
62252.64,60633.49,61566.56,62216.285
62113.8,60462.75,61847.17,62213.977
62456.74,60344.41,61150.83,62213.01
62754.27,60253.953,61433.59,62283.16
63447.72,59626.6,61757.15,62321.45
63880.8,59466.598,62675.71,61949.914
64638.65,59374.15,63143.71,61786.344
64437.18,59312.863,63492.5,61672.445
63207.78,58698.574,62835.95,61534.61
61940.0,58504.523,62080.43,60919.66
60814.29,58326.18,60834.57,60495.6
59656.41,58125.246,59829.11,60015.723
59156.09,57324.645,58970.68,59501.973
58077.86,56772.35,57542.05,58786.695
56886.42,56138.73,56578.45,57985.586
56018.52,55414.297,55735.53,57153.754
55417.73,54189.87,55280.59,56379.406
54317.71,52959.98,54615.04,55358.855
53128.36,51940.258,53414.75,54411.11
52082.67,51096.406,52005.87,53519.94
50713.0,49367.363,50938.34,52767.914
49649.74,48050.13,49376.84,51164.22
48890.19,47199.395,48622.11,50337.25
48296.34,46582.48,47871.39,49335.254
47382.46,45866.55,47493.45,48481.215
46980.08,45336.016,46850.06,47557.543
46540.93,44927.156,46259.4,46941.992
46255.98,44586.195,45303.97,46382.867
45639.38,44161.426,45123.5,45928.57
45414.53,43836.727,44407.51,45417.453
45093.59,43576.75,44074.7,45079.4
44680.84,43355.824,43548.99,44746.934
43659.36,42383.152,43495.21,44456.14
43635.73,42968.88,43671.18,41973.902
43710.91,43342.99,43298.59,41826.953
44055.32,43438.77,42836.0,41786.47
44262.6,43576.176,42850.78,41725.92
44226.25,43684.71,43138.17,41782.004
44099.01,43829.84,42897.28,41779.973
44433.1,44025.52,42876.74,41767.375
44807.74,44488.023,42545.95,41704.867
45176.74,44957.47,42355.7,41669.2
45646.37,45569.36,42018.27,41552.49
46035.17,46340.176,41800.42,41404.062
47503.34,47567.344,41816.04,41272.953
48633.18,48873.492,41419.69,41185.055
49875.47,50408.473,40695.94,41050.47
51761.92,52089.723,40266.1,40919.215
55209.21,54422.645,40057.49,40812.766
57788.46,55979.332,40171.51,40829.65
59860.42,57194.492,40044.88,40758.137
60910.64,58130.68,40083.45,40738.082
61613.74,59369.996,40314.98,40749.793
61937.5,60007.55,41222.02,40880.67
62657.45,60519.992,41352.85,40941.336
63399.09,60951.79,42121.98,41081.797
63883.61,63503.14,42575.09,41273.6
64438.16,63984.637,43614.08,42662.074
64870.78,64421.4,44405.13,43217.41
65074.37,64782.934,45170.34,43958.082
65318.41,65024.652,45804.35,44788.95
65729.0,65297.977,46541.89,45634.12
66079.56,65540.95,46817.48,46253.438
66243.18,65761.98,47506.25,46766.707
66054.38,65816.836,48181.32,47203.246
66373.75,66013.734,48844.7,47641.574
66713.96,66169.68,49543.62,48025.78
67184.55,66282.16,50224.11,48421.227
67510.4,66193.664,50737.79,48830.492
68172.56,66236.06,51256.54,49272.098
68570.45,66205.72,52052.85,49700.613
68715.07,66132.086,52243.75,50098.695
68219.15,65832.28,52461.29,50417.82
67835.93,65751.59,52908.83,50612.094
67465.86,65647.086,52538.71,50646.145
67159.29,65538.16,51588.72,50543.695
67259.9,65158.477,51694.77,50280.465
67024.1,65051.547,50874.41,49838.02
66517.77,64948.047,50194.36,49192.504
66172.28,64858.82,49657.01,48497.11
65919.99,64401.66,49113.68,47808.004
66026.34,64294.625,48766.2,47186.293
65731.28,64197.125,48267.28,46555.43
65483.92,64106.75,48084.55,46044.285
66111.63,63528.25,47714.22,45634.04
65522.23,63420.734,47720.76,45285.4
65415.4,63347.844,47047.14,44977.93
65019.85,63280.934,47354.84,44744.5
64739.1,62577.527,47133.15,44573.336
64566.08,62464.02,47226.98,44403.11
64374.45,62404.668,47021.66,44323.336
63894.02,62361.59,46894.46,44328.832
63305.9,61555.406,46783.54,44420.555
63376.67,61430.965,47159.32,44553.832
63451.72,61367.562,47663.05,44869.19
63599.45,61313.195,48310.78,45324.027
63294.06,60495.75,48817.35,45859.047
63306.29,60314.31,49553.5,46335.48
63579.13,60231.062,49737.99,46748.46
63887.44,60169.453,50305.63,47111.63
64489.2,59459.812,50706.14,47428.98
64914.7,59276.312,51585.3,47531.543
65170.37,59213.594,51930.34,47679.61
64774.09,59178.566,52111.48,47780.633
64167.68,58542.414,51760.36,47795.03
62862.07,58325.62,51387.16,47736.17
61717.2,58135.742,50622.84,47505.76
60923.52,57930.496,49819.27,47224.918
60439.44,57167.79,49434.36,46923.74
59045.69,56540.07,48497.28,46666.047
58068.72,55812.97,47925.04,46275.0
57195.44,55083.42,47517.04,45876.316
55977.01,53900.34,47301.01,45480.96
54909.31,52757.42,47438.33,45142.73
53894.09,51946.344,46754.18,44725.773
52651.98,51342.6,45824.75,44328.156
51022.34,49756.207,45276.74,43986.94
50073.92,48560.867,44289.51,43236.098
49106.59,47781.027,43539.38,42660.594
48368.29,47187.805,42681.46,41949.47
47482.63,46424.44,42028.73,41192.0
46891.42,45884.51,41258.07,40457.93
46465.68,45457.242,40514.84,39810.453
46101.22,45091.5,39831.75,39236.85
45188.27,44589.965,39250.77,38732.625
44862.24,44214.99,38852.17,38259.85
44524.98,43890.797,38333.06,37840.07
44174.99,43623.297,38309.51,37464.195
44024.77,42561.273,38425.94,37130.477
43908.63,43076.816,38086.32,37648.82
43931.58,43395.652,38001.35,37426.145
43975.44,43429.83,37957.89,37280.312
44075.9,43491.535,38014.35,37201.96
44237.14,43542.21,38339.73,37234.016
44273.9,43666.766,38351.04,37271.797
44278.54,43857.25,38545.56,37336.637
44641.47,44307.055,38534.16,37422.15
45027.85,44750.176,39248.18,37594.35
45304.09,45322.055,39708.19,37725.72
46016.32,46005.39,40117.62,37903.633
47200.45,47143.613,40428.62,38148.734
47747.13,48236.793,41770.02,38619.285
48597.76,49424.746,42233.45,39092.656
50629.9,50715.42,43126.58,39712.727
54602.03,52760.723,44354.42,40469.984
57037.44,54126.04,46944.07,41715.984
58888.37,55280.863,48700.83,42777.156
60582.3,56222.062,50361.76,43919.75
62296.93,57691.98,51542.92,45055.094
62769.56,58315.566,53479.71,46667.688
63399.91,58810.92,53852.27,47615.938
64036.04,59188.586,54483.97,48522.664
65064.76,62710.984,55188.51,49361.69
65608.39,63285.11,55808.99,52433.78
65877.75,63777.35,56275.65,53035.086
66149.93,64197.33,56740.31,54031.75
66492.9,64710.473,57237.65,55059.164
66759.03,65009.766,57892.39,56106.387
67238.94,65273.52,58360.95,56818.875
67392.44,65532.062,58739.6,57446.848
67520.49,65804.234,58982.01,57973.477
67724.76,66007.055,58828.41,58393.348
68020.48,66190.82,58929.9,58761.73
68106.48,66324.43,59190.03,59118.867
68360.07,66354.17,59335.76,59373.81
68671.54,66406.33,59494.35,59420.117
69139.76,66396.4,60103.87,59299.33
68854.05,66338.56,60486.06,59147.72
68706.76,66080.35,60827.35,58987.2
68604.22,65986.96,60737.02,58764.34
68605.09,65871.65,60269.89,58409.945
68559.06,65732.19,59999.34,58104.93
67952.51,65323.742,59939.69,57836.758
67247.63,65212.637,59851.59,57554.613
66495.85,65121.46,59450.72,57188.87
65697.35,65022.734,58631.5,56855.94
65284.95,64511.52,57961.4,56553.98
64922.16,64410.08,57992.0,56187.812
64262.12,64338.504,57833.27,55812.984
63927.03,64256.71,57747.02,55508.06
66067.44,63624.285,57522.71,55289.992
63366.25,63523.832,57289.85,54937.61
62898.69,63470.875,56723.8,54784.273
62550.99,63411.21,56537.73,54701.918
62718.56,62558.21,56102.25,54676.52
62304.51,62437.71,55719.8,54378.617
62148.49,62357.938,55173.83,54493.516
61968.79,62277.234,55217.66,54661.65
61644.71,61346.82,55171.4,54907.227
61620.4,61191.254,55559.97,54734.043
61459.56,61097.75,56043.44,55059.53
61588.73,61027.234,56125.06,55391.977
61370.24,60103.207,56233.34,55742.312
61129.97,59869.348,56670.41,55581.33
61395.32,59731.37,56655.67,55630.348
61272.35,59640.45,56837.86,55532.254
62156.44,58857.887,57264.35,55344.45
62274.67,58605.332,58048.7,54547.938
62703.41,58467.062,58244.89,54151.812
62498.96,58395.832,58299.3,53868.242
61321.4,57604.098,57716.86,53701.684
60207.34,57263.695,56985.77,53006.55
59260.36,56975.277,55477.34,52732.715
58073.57,56700.438,54429.06,52326.33
56938.57,55653.645,53607.33,51877.76
55997.48,54819.203,52351.99,51081.285
54917.27,54096.633,51709.67,50485.973
53686.78,53465.367,51214.28,49857.223
53142.61,52292.97,50064.68,49285.54
52405.75,51521.496,49042.72,48500.484
51637.39,51010.27,48174.53,47995.492
50264.97,50610.867,47425.31,47457.46
48762.73,48970.254,46477.73,46966.0
47955.03,47770.945,45922.84,45753.566
47114.38,46894.42,45234.19,45309.8
46291.35,46171.438,44501.18,44584.613
45197.07,45285.703,43559.1,43847.2
44622.87,44545.094,42437.23,43077.676
43924.17,43917.734,41970.54,42522.605
43738.9,43368.383,41788.3,42006.168
43574.22,42846.434,41048.86,41557.14
43070.03,42513.23,40747.69,41120.777
42469.35,42222.547,40612.4,40810.39
42143.7,41972.168,40382.59,40534.87
41162.02,39697.477,40093.2,40290.57
40791.23,39739.656,39782.16,38760.188
40771.4,39973.793,39394.5,38550.965
40850.34,40077.32,39201.85,38421.355
41687.02,40107.895,39187.74,38283.086
41577.25,40141.227,39227.4,38209.613
41562.8,40102.773,39339.53,38157.895
41604.26,40049.55,39697.63,38148.88
41782.0,40051.164,39912.05,38204.207
41655.17,40094.504,40268.12,38354.273
41736.84,40170.34,40343.17,38512.668
41955.79,40315.836,40360.0,38690.62
41789.7,40595.1,40539.96,38881.684
41855.53,40869.5,40856.35,39144.824
42246.06,41169.562,41125.18,39369.5
42598.59,41533.76,41400.41,39625.44
43241.1,42043.742,41665.66,39950.89
44191.12,42549.574,41796.07,40488.215
44577.01,43151.1,42095.14,41065.117
44943.04,43754.77,42992.82,41796.457
45908.96,44560.297,43589.6,42617.555
46276.2,45352.906,44600.01,43708.516
47273.25,46114.97,45227.81,44602.633
48266.24,46973.96,45477.66,45451.73
50030.54,49093.535,46352.34,46218.45
50868.74,49833.38,47628.37,47799.25
51855.36,50431.625,48411.44,48603.562
52020.36,51000.746,49436.1,49415.188
51468.83,51544.152,49981.35,50165.074
51654.63,51880.633,50306.24,50984.812
52261.31,52210.004,50938.75,51796.332
53025.92,52559.184,51579.09,52578.05
54214.85,53028.875,51994.55,53301.094
54775.5,53439.11,52213.08,53912.062
55419.63,53772.28,52794.32,54448.617
55727.53,54027.453,53143.18,54878.902
55893.03,54311.97,53060.79,55245.56
55921.33,54391.523,53534.01,55529.117
56416.53,54313.69,54099.97,55760.586
56311.5,54139.367,54498.49,55907.05
55920.53,53970.742,54476.02,55960.383
55811.27,53575.55,54914.91,55826.195
56079.2,53202.113,54545.17,55529.14
55298.17,52818.324,54108.84,55082.31
54458.26,52501.08,53632.16,54593.746
54053.85,52084.81,52961.67,54013.32
53669.26,51711.02,52240.67,53425.69
52700.59,51380.344,52188.21,52883.195
52550.29,51107.25,51487.14,52401.44
52026.32,50828.203,50872.72,51921.383
51121.71,50612.902,50310.87,51462.53
51654.76,50291.55,49932.69,51125.305
51834.49,50259.008,49571.41,50879.297
51849.07,50209.445,49573.54,50672.348
51464.23,50189.18,49394.49,50429.984
50793.83,50102.504,49254.78,50307.89
50973.17,49997.95,48937.3,50255.44
50576.8,49916.203,49149.56,50278.746
50318.04,49807.707,48901.33,50163.477
50479.72,49689.715,49166.98,50183.05
51147.55,49705.438,48885.46,50279.023
51090.09,49805.79,49159.01,50606.684
51230.05,49879.87,49275.43,50700.676
52034.15,49997.9,49808.18,50958.785
52338.17,50195.617,49987.45,51221.406
52314.66,50236.758,50002.91,51673.29
52326.48,50254.66,50272.44,51643.47
52414.2,50242.938,50362.84,51686.934
53267.27,50129.117,50874.25,51744.66
53557.93,50013.703,52139.42,51784.42
53892.6,49914.3,52610.38,51638.055
53116.24,49825.355,52649.77,51538.953
52504.62,49586.17,51897.13,51301.14
51691.76,49271.543,51562.99,51053.277
50943.73,48914.348,50227.54,50247.91
49689.57,48491.547,49342.74,49431.465
48497.4,47742.81,48699.26,48656.594
47686.61,46680.543,48293.98,47933.95
46835.84,45684.523,47788.31,47133.43
46379.2,44734.11,47048.51,46460.5
46378.87,43927.973,46287.88,45921.406
45622.19,43417.336,46783.33,45399.15
44593.26,42814.992,46348.75,44917.758
43665.7,42170.07,45592.14,44450.7
42461.05,40869.67,44721.78,44014.418
42115.59,40608.008,43996.33,43171.17
41169.59,40379.895,43506.4,42622.918
40856.87,40122.742,42722.09,41935.125
40729.24,39915.92,42249.74,41199.867
39977.02,39756.773,41925.21,40476.9
39513.3,39583.74,41306.69,39790.215
39150.16,39435.633,40776.77,39148.023
38614.53,39299.57,40230.5,38568.742
38238.85,39167.027,38869.22,38083.227
38053.94,39060.625,38280.64,37638.68
37501.78,38986.55,38269.97,37259.168
36857.8,37180.58,38233.12,36943.766
36499.07,37165.055,37968.81,36280.0
36582.54,37234.062,37764.62,36001.117
36419.4,37290.043,37832.55,35808.125
36521.56,37334.312,37734.69,35668.836
36432.29,37358.953,38270.52,35595.086
36374.38,37368.605,38395.69,35507.215
36282.02,37375.35,38489.06,35433.867
36399.15,37430.227,38525.87,35375.473
36554.77,37475.14,38566.06,35371.633
36349.63,37535.582,38396.11,35341.375
36199.88,37601.3,38595.91,35312.977
36309.9,37707.676,38614.21,35276.21
36034.36,37801.24,39202.94,35275.562
36007.97,37889.105,38716.8,35221.965
36451.76,37992.906,38653.4,35173.51
37445.28,38208.094,38582.54,35138.75
37340.9,38453.547,38798.25,35202.83
37430.2,38687.11,38936.66,35250.816
37626.51,38899.2,38937.2,35379.832
38643.86,39211.723,39295.99,35613.125
38767.12,39518.82,39639.58,36092.227
39397.55,39812.773,39932.13,36558.75
40078.12,40210.46,40423.23,37113.78
41234.89,42120.555,41007.31,37716.22
42198.18,42416.78,42297.54,39343.777
42998.23,42774.18,42903.02,40146.254
44206.47,43233.445,43906.33,41041.996
45371.22,44037.38,44700.48,41972.246
46061.54,44785.812,45530.75,43072.91
46497.37,45522.28,46410.43,43920.836
47887.61,46188.4,47284.61,44735.4
48545.78,47275.145,47671.96,45520.11
49091.52,48096.434,48219.54,46300.33
49768.16,48678.832,48918.95,46990.688
49969.33,49005.516,49276.83,47636.04
50271.58,49133.4,49816.66,48278.273
51336.83,49016.77,50461.74,48940.926
51914.35,48984.06,51206.83,49646.363
52199.57,48920.85,51931.7,50239.11
51286.5,48968.145,52235.28,50633.453
51132.01,48756.996,51894.94,50718.0
51187.59,48570.957,51307.15,50538.375
51174.46,48455.23,51172.06,50179.59
50771.42,48424.906,50948.94,49746.977
50644.6,48315.992,50824.5,49259.113
50337.99,48220.266,50453.65,48694.805
50319.7,48116.664,50466.01,48182.996
49248.03,48172.812,50050.53,47750.64
49240.3,47845.03,50429.61,47365.36
48948.16,47682.363,50356.61,46962.34
48778.14,47453.06,50226.12,46663.86
49163.25,47357.04,49740.21,46456.168
48386.86,47335.734,49591.53,46246.414
47576.49,47043.98,49443.45,46064.484
47463.37,46649.418,49181.88,45969.86
47723.82,46379.95,48877.97,45936.336
47370.19,46326.395,49342.04,45902.0
47646.63,46208.46,49228.55,45860.37
48287.04,46248.617,49377.97,45957.516
49448.5,46411.836,49184.36,46187.688
49494.02,46895.73,49787.99,46631.03
49558.5,47161.22,50155.35,47033.89
49575.29,47329.344,50576.86,47564.21
50504.09,47313.844,50853.95,48080.53
51143.55,47644.52,50885.9,48610.297
51313.23,47976.12,51206.68,48833.766
51270.67,48175.727,51885.81,49070.965
51739.95,48221.676,52744.0,49272.758
52233.08,48341.92,53688.05,49222.797
52042.11,48474.164,53541.6,49138.438
51810.32,48520.38,53048.61,49123.62
51675.87,48495.13,52461.95,49081.18
50662.33,48348.344,52075.75,49231.562
49499.54,47971.875,51271.26,48874.56
49320.84,47347.285,50430.69,48488.21
49060.67,46944.49,49824.9,48125.793
48454.77,46566.52,49652.64,47880.7
48196.08,46141.32,49123.91,47400.67
48209.71,45845.445,48586.14,46923.914
48566.71,45702.547,48643.18,46482.91
48114.59,45741.414,49228.21,46096.996
47060.24,45567.957,48857.06,45653.96
46091.65,45029.19,48288.06,45267.375
45386.93,43546.004,47647.0,44965.758
44573.15,42882.656,46787.22,44341.645
43907.56,42216.1,45995.15,43808.402
43471.28,41709.766,45378.1,43139.008
44129.84,41341.0,44582.37,42455.742
43525.82,41145.133,43994.27,41845.72
43488.95,40936.07,43428.07,41257.258
42865.89,40793.684,42900.85,40725.062
42526.61,40614.887,42296.83,40259.1
42237.41,40412.125,41589.17,39908.883
42230.61,40221.168,41324.96,39515.73
41778.94,40051.316,41148.02,39123.023
41552.14,39919.793,41108.61,38756.918
41506.57,40263.316,40818.92,39109.62
41702.99,40636.707,40658.58,38968.824
41705.4,40976.93,40603.42,38856.402
42102.93,41318.258,40705.82,38791.46
41992.44,41757.742,40948.34,38835.086
42467.96,42165.07,41036.06,38887.438
42828.05,42701.484,41076.8,39035.156
43465.51,43378.73,41078.94,39294.84
43878.71,44111.465,41943.74,39754.37
44722.34,45001.906,42172.38,40213.96
45578.3,46000.57,42713.5,40747.297
46069.71,47303.5,43652.07,41356.773
47242.12,48492.57,45439.9,42274.344
48565.99,49928.23,46519.69,43222.145
50828.06,51725.312,47755.35,44442.19
55499.65,54656.61,49708.94,46015.96
57432.97,57485.203,53728.28,48317.973
59097.88,60040.605,56115.76,50527.895
60504.02,62045.633,58022.69,52777.332
62204.53,63873.242,59863.45,54839.492
63017.05,64905.46,61371.38,56903.227
63946.36,65696.2,62144.44,58366.953
64540.9,66199.45,62584.45,59575.86
64882.27,67139.47,63329.26,60569.406
65785.87,67563.836,64482.16,62485.793
65900.6,67840.57,65284.93,63150.76
66118.77,68072.734,65686.16,63701.418
65363.76,68194.02,65760.72,64094.973
65474.7,68408.14,65204.23,64416.47
65632.77,68592.32,65477.48,64604.48
66310.19,68854.18,65844.17,64740.754
66252.98,68817.45,65924.26,64876.062
66237.36,68975.836,66267.41,65069.496
66407.55,69092.93,66541.74,65301.773
67307.02,69225.984,66879.48,65589.75
67805.23,69048.38,67012.43,65906.83
68008.05,69100.96,66545.42,66102.44
68003.53,69094.766,67009.42,66365.81
68175.56,69110.69,67317.4,66589.766
67603.37,68863.64,67114.37,66746.62
67755.75,68871.79,66250.3,66634.625
67629.29,68831.11,66235.28,66526.91
67715.53,68768.68,66321.35,66355.12
67770.07,68434.59,66429.22,66159.43
68027.39,68371.5,66591.95,65804.625
66989.39,68251.65,66388.56,65496.72
66249.47,68132.57,65610.0,65218.375
65916.08,67725.13,64705.01,64958.523
65727.44,67638.445,64121.69,64602.61
64953.32,67543.555,64044.85,64276.08
64651.42,67440.336,63366.11,64009.387
64946.33,66965.89,63014.73,63774.01
64263.1,66818.6,63241.59,63446.43
63321.22,66717.36,63029.44,63125.574
62856.41,66569.35,62534.99,62878.953
63666.54,65959.76,62129.36,62644.844
62741.13,65740.45,62143.34,62274.395
62375.1,65520.805,61504.55,61887.242
61719.96,65312.71,61660.79,61665.21
62506.26,64534.836,61335.62,61563.6
62429.66,64262.633,61583.8,61406.56
62195.25,63974.5,61576.05,61361.418
62259.34,63687.438,62078.33,61457.97
63041.78,62831.89,62044.38,61606.492
62649.55,62464.234,62631.66,61539.03
62564.7,62196.367,62743.42,61611.523
63068.89,61989.508,63678.94,61766.906
63594.03,61364.656,64662.78,61921.875
64469.63,61127.047,65898.61,61618.777
64847.26,60963.547,65868.78,61658.723
64505.52,60800.133,65676.31,61629.07
63292.13,60081.285,65131.87,61447.176
62134.53,59693.562,64441.03,60750.297
60950.94,59254.684,62995.62,60192.52
59775.05,58748.785,61814.77,59582.242
58698.13,57661.74,61089.79,58958.332
57616.54,56623.945,59954.8,58119.96
56656.11,55666.633,59432.27,57248.38
55382.56,54785.3,58359.3,56376.48
54555.38,53495.01,57313.94,55593.484
53594.37,52254.434,56518.11,54606.348
52193.1,51345.332,55697.16,53757.02
51175.08,50616.32,54390.36,52947.33
49720.69,48871.82,53444.32,52269.414
48839.06,47631.586,51713.47,50525.24
48047.77,46798.785,50725.37,49744.445
47204.23,46172.625,49758.51,48750.49
46882.05,45605.074,49166.81,47877.4
46368.53,45094.72,47836.9,46991.41
45805.43,44713.62,47119.8,46348.83
45806.84,44390.89,46692.77,45780.688
45801.98,44158.992,46414.91,45303.684
45504.95,43920.52,45219.78,44850.66
44967.36,43729.45,44923.16,44503.113
44878.41,43550.777,44878.72,44181.125
44607.12,42261.434,44629.14,43897.516
44045.08,42572.734,44066.71,43019.785
44221.21,42724.656,43960.28,42908.836
44195.84,42792.285,44042.53,42866.094
44362.99,42851.37,44088.22,42850.996
44391.35,42971.086,44136.94,42924.484
44533.68,43207.14,44376.25,43001.68
44919.49,43571.656,44762.98,43146.312
45881.64,44142.16,44876.72,43358.76
46236.12,44764.82,45949.93,43729.188
46617.41,45425.848,46496.07,44067.36
47631.63,46151.953,47193.32,44479.938
49441.12,47283.836,48174.67,44973.914
50526.05,48492.594,49104.84,45768.297
51532.14,49832.15,49766.64,46552.72
53201.96,51310.63,50982.02,47589.49
55566.88,53543.098,52365.12,48934.258
57908.07,55371.43,55588.96,51177.617
59910.36,57107.062,57863.01,53311.016
61429.76,58643.855,59717.37,55485.086
63067.47,60481.91,61509.54,57439.14
63710.24,61544.4,63164.83,59396.25
64462.24,62342.234,64346.69,60800.9
65019.88,62941.438,65035.95,61955.1
65700.24,64768.805,65734.12,62868.445
66324.49,65176.58,67051.6,64443.83
66930.6,65525.367,67652.13,65008.082
67193.68,65848.9,67943.96,65509.11
66544.94,65983.59,68120.43,65915.15
67107.06,66336.56,66851.29,66082.92
66920.63,66643.125,67073.55,66326.51
67285.91,66901.805,67766.69,66579.3
67976.22,66865.14,67480.82,66867.1
68289.38,67041.16,67000.12,67052.305
68516.72,67164.91,67406.41,67455.3
69024.71,67282.54,67589.99,67917.125
69238.04,67162.73,67826.94,68359.125
69957.19,67246.8,68342.09,68531.05
70228.63,67288.43,69466.18,68748.48
70157.17,67302.78,69915.33,68902.29
69429.95,67102.125,70054.13,68977.516
69543.88,67071.87,69904.19,68745.76
69373.53,66998.35,69163.41,68594.27
69409.96,66955.0,68977.19,68417.836
69475.25,66662.01,69245.62,68257.34
69236.26,66604.914,69199.3,67822.375
68532.72,66509.48,68838.13,67534.625
68052.54,66458.15,68383.68,67284.836
67828.13,66078.5,67635.7,67039.305
67627.66,65971.11,67079.99,66580.99
67089.79,65869.66,66735.49,66283.23
66588.07,65785.88,66694.64,66051.65
66511.81,65270.08,66539.55,65850.38
65956.74,65170.51,66017.93,65439.227
65319.87,65085.82,65583.15,65156.285
64681.9,65010.64,65173.98,64915.973
64719.05,64284.902,64512.92,64658.676
64438.96,64145.863,64382.67,64158.156
64139.32,64045.16,64320.16,63785.96
64280.18,63964.496,64089.36,63580.914
64649.04,63079.38,63867.81,63480.547
64856.6,62864.996,63755.41,63210.254
64913.36,62726.504,63677.37,63101.59
65204.46,62616.008,64120.65,63110.97
64385.67,61780.805,64284.8,63188.152
64291.91,61564.97,64563.83,62872.94
64770.22,61441.902,64657.93,62830.914
64756.96,61345.77,65379.06,62844.258
65577.42,60727.516,65990.54,62848.645
65577.44,60553.613,66318.5,62312.445
65605.28,60420.902,65979.63,62188.113
65187.84,60260.414,65648.48,62035.777
64130.95,59636.883,65196.45,61801.375
63100.1,59153.117,63595.83,61106.73
61884.31,58576.75,62740.83,60566.91
60986.08,57933.266,61613.99,59952.742
60325.41,56798.246,60420.84,59329.79
59647.53,55658.52,59693.3,58506.09
58343.85,54695.016,58624.37,57631.152
57033.77,53837.336,57586.35,56765.727
56097.11,52650.77,56935.19,55988.688
54520.58,51656.754,56392.43,54943.473
53587.41,50962.773,55540.15,54041.406
52508.73,50449.496,54376.73,53186.19
51139.05,48853.473,53399.71,52483.92
49907.0,47790.902,52549.23,50643.13
49104.83,47098.4,51676.45,49866.26
48084.67,46559.992,50578.45,48880.363
47051.81,45978.086,49657.66,48018.004
46667.72,45487.46,48179.16,47115.332
46289.24,45101.66,47369.33,46497.234
46106.72,44785.78,47470.47,45944.56
46362.71,44463.72,47136.61,45474.945
46058.77,44237.297,46886.99,44997.387
45810.35,44036.516,46410.57,44648.29
45455.69,43869.676,45795.18,44323.824
45593.18,42535.324,45521.58,44031.74
45725.21,42885.484,44861.12,43227.43
45883.32,43264.875,44384.32,43115.82
45778.76,43494.457,44566.7,43053.164
45735.14,43635.457,44640.22,43033.336
45900.7,43741.21,45011.03,43110.332
45895.52,43912.06,45505.54,43152.516
46149.05,44169.438,45710.09,43253.89
46079.1,44696.188,45761.47,43416.395
46547.89,45214.266,46688.65,43766.652
47126.35,45810.43,47248.62,44070.426
47534.49,46487.797,47668.92,44479.58
48906.57,47533.28,48452.99,44957.445
49901.83,48523.94,49867.74,45771.824
50877.0,49523.297,50619.1,46548.918
52719.14,50536.84,51464.92,47583.023
55561.51,52160.99,53081.26,48934.23
57825.89,53307.883,56396.07,51241.367
59525.32,54497.887,58554.22,53374.04
61151.47,55707.457,59972.51,55571.188
62270.65,57820.19,61589.87,57576.96
62629.51,58965.004,63360.16,59567.74
63415.49,59952.875,64263.05,60889.59
63605.41,60818.555,65257.9,61927.164
64537.86,64164.324,65755.47,62731.82
65022.21,64843.684,65642.37,64247.33
65295.93,65389.887,65790.63,64666.906
64741.91,65794.25,65706.64,65083.574
64456.64,66108.76,66082.08,65388.89
64631.12,66443.25,65432.65,65486.25
65126.68,66781.77,65621.52,65672.14
65712.64,67089.22,65644.04,65901.19
65722.54,67162.805,65686.49,66194.68
66034.08,67378.08,65961.55,66394.05
65644.84,67546.89,65745.78,66791.914
66067.42,67693.55,65971.29,67241.07
66180.25,67507.12,66725.61,67698.82
66741.51,67561.31,67046.7,67897.15
66933.45,67582.305,67648.29,68125.055
67713.36,67573.484,68167.63,68277.55
67818.37,67272.555,68615.12,68347.67
67292.75,67208.55,68645.51,68112.39
67173.5,67171.84,68437.3,67948.43
67110.77,67127.16,68174.1,67775.28
67426.48,66748.27,68317.59,67617.16
66867.76,66667.97,68628.77,67239.99
66125.08,66592.625,68741.38,66950.32
65950.67,66553.08,68497.21,66708.53
65398.47,66091.36,67740.32,66517.99
65151.53,66014.81,67951.41,66174.59
65050.53,65948.97,67341.56,65900.59
64893.28,65872.484,67315.42,65691.72
64190.07,65309.832,66483.94,65518.113
63260.66,65197.332,66163.9,65187.18
62757.28,65143.77,65738.59,64917.805
62135.25,65084.355,65271.82,64692.004
61626.29,64336.703,64425.45,64435.684
61787.01,64219.54,63627.86,64027.094
61323.28,64136.25,63071.38,63692.504
61028.53,64083.504,62823.93,63538.81
61039.13,63223.758,62873.04,63467.02
61696.81,63062.92,62882.97,63278.97
61580.91,62911.246,63037.73,63227.727
61566.56,62783.484,63455.29,63279.926
61847.17,62041.652,63852.08,63366.324
61150.83,61852.977,64533.87,63053.68
61433.59,61732.785,64388.84,63024.46
61757.15,61624.066,65008.12,63051.63
62675.71,61029.52,65663.89,63077.48
63143.71,60886.484,66543.29,62509.44
63492.5,60763.203,66174.15,62363.832
62835.95,60624.062,65966.29,62192.312
62080.43,59948.664,65352.21,61956.477
60834.57,59544.754,64089.05,61272.152
59829.11,59056.3,62887.49,60749.504
58970.68,58472.965,62179.94,60174.754
57542.05,57381.805,60760.7,59579.73
56578.45,56140.24,59445.42,58780.66
55735.53,54997.65,58720.97,57925.695
55280.59,53967.742,58056.45,57104.918
54615.04,52686.52,57253.02,56380.453
53414.75,51659.848,56036.29,55366.266
52005.87,50887.99,55331.29,54509.484
50938.34,50205.863,54264.61,53669.9
49376.84,48281.52,53192.39,52963.934
48622.11,47229.664,52434.68,51176.316
47871.39,46489.934,51632.99,50381.844
47493.45,45901.746,51073.3,49409.895
46850.06,45366.715,50169.9,48562.79
46259.4,44928.676,49502.06,47618.15
45303.97,44562.812,48552.7,47007.17
45123.5,44222.754,48544.01,46440.066
44407.51,43935.348,47817.83,45970.516
44074.7,43685.754,47172.76,45430.15
43548.99,43479.305,46455.13,45069.72
43495.21,43303.71,46439.33,44736.164
43671.18,40406.83,46137.5,44439.65
43298.59,41004.996,45671.21,43975.047
42836.0,41257.246,45429.66,43914.77
42850.78,41225.992,45719.0,43882.35
43138.17,41285.824,45776.91,43873.64
42897.28,41312.56,45937.52,43983.664
42876.74,41372.01,45611.77,44037.953
42545.95,41456.22,46152.99,44151.125
42355.7,41672.78,46532.91,44323.43
42018.27,41824.055,47170.0,44680.22
41800.42,41965.45,47069.46,44972.184
41816.04,42143.367,47685.15,45364.008
41419.69,42432.71,48500.72,45840.004
40695.94,42572.742,49157.49,46673.95
40266.1,42622.13,49927.74,47468.734
40057.49,42637.758,51073.39,48544.39
40171.51,42813.324,52629.67,49998.06
40044.88,42802.914,55607.09,52588.086
40083.45,42803.67,57917.09,55019.58
40314.98,42831.17,59433.93,57580.953
41222.02,43045.34,60947.09,60022.91
41352.85,43167.668,62859.41,62352.08
42121.98,43342.445,63694.14,63972.684
42575.09,43604.324,63962.04,65210.08
43614.08,44998.555,64499.41,66147.51
44405.13,45228.43,65733.84,67755.766
45170.34,45556.883,66220.98,68261.85
45804.35,46025.957,66929.46,68727.61
46541.89,46674.97,67321.5,69074.83
46817.48,47244.805,66639.09,69088.83
47506.25,47786.57,67010.69,69293.79
48181.32,48349.086,67440.17,69555.34
48844.7,48882.33,67700.5,69889.66
49543.62,49417.16,67489.56,69971.305
50224.11,49907.87,67540.06,70383.64
50737.79,50329.066,67614.37,70842.89
51256.54,50538.086,68287.27,71280.734
52052.85,50828.637,68808.81,71330.56
52243.75,51034.883,69144.11,71559.984
52461.29,51138.977,69361.79,71729.0
52908.83,51002.883,69196.0,71845.14
52538.71,50999.332,68845.29,71551.12
51588.72,50910.973,68866.66,71442.195
51694.77,50769.934,68828.29,71285.72
50874.41,50444.29,68380.23,71118.875
50194.36,50268.336,69131.97,70596.516
49657.01,50072.918,68527.13,70287.14
49113.68,49886.086,67559.65,70005.56
48766.2,49508.43,67851.46,69762.125
48267.28,49333.348,66888.54,69205.85
48084.55,49182.547,66879.17,68895.9
47714.22,49069.113,66684.35,68638.266
47720.76,48690.355,66670.28,68420.75
47047.14,48605.168,65824.78,67945.07
47354.84,48477.793,65746.58,67619.47
47133.15,48465.895,65537.8,67339.5
47226.98,48126.832,64856.93,67038.11
47021.66,48107.688,64133.65,66577.8
46894.46,48084.246,63479.05,66197.03
46783.54,48057.652,63494.85,66041.91
47159.32,47701.09,63178.42,65966.875
47663.05,47662.11,63992.33,65878.06
48310.78,47677.59,64299.07,65794.37
48817.35,47731.65,63974.79,65845.7
49553.5,47484.83,63849.59,65950.22
49737.99,47462.605,64082.98,66148.445
50305.63,47443.06,63635.51,66233.734
50706.14,47464.332,64171.77,66383.375
51585.3,47341.605,64923.11,66534.32
51930.34,47317.402,65884.9,66762.12
52111.48,47306.242,65909.89,66816.62
51760.36,47297.35,65349.13,66867.266
51387.16,47172.715,64867.29,66840.18
50622.84,47078.305,64163.43,66316.2
49819.27,46962.613,63037.95,65723.0
49434.36,46821.22,62184.09,64986.04
48497.28,46661.035,61371.28,64220.25
47925.04,46407.016,59577.04,63161.617
47517.04,46154.453,59009.66,62089.49
47301.01,45908.31,58266.53,61057.688
47438.33,45689.82,57474.08,60149.39
46754.18,45510.773,57197.91,59140.008
45824.75,45238.7,56376.22,58132.062
45276.74,44831.2,55271.36,57204.945
44289.51,43995.344,54066.27,56431.984
43539.38,43604.074,52812.12,55056.125
42681.46,43111.48,51925.99,54259.547
42028.73,42562.137,51210.0,53263.168
41258.07,41991.25,50563.15,52397.312
40514.84,41397.85,49843.67,51509.727
39831.75,40876.273,49247.05,50846.85
39250.77,40439.457,49099.03,50238.875
38852.17,40058.49,48261.4,49705.555
38333.06,39745.133,47131.65,49088.71
38309.51,39511.71,46773.21,48634.914
38425.94,39366.504,46640.85,48202.668
38086.32,40098.71,46470.64,47846.934
38001.35,40086.89,45850.67,47515.383
37957.89,40191.582,45824.23,47527.418
38014.35,40314.965,45828.54,47494.613
38339.73,40503.637,45971.45,47462.617
38351.04,40689.14,46161.65,47549.71
38545.56,40883.117,46230.65,47606.344
38534.16,41101.977,46316.18,47721.17
39248.18,41411.645,46477.04,47896.137
39708.19,41729.207,46649.08,48266.875
40117.62,42104.555,47000.37,48560.277
40428.62,42497.52,47736.89,48930.836
41770.02,43033.316,48391.68,49392.414
42233.45,43539.1,49650.28,50233.965
43126.58,44042.746,50200.84,51062.42
44354.42,44614.7,51223.39,52232.387
46944.07,45619.527,52630.67,53867.297
48700.83,46776.297,56350.13,56773.355
50361.76,48221.824,58599.99,59205.336
51542.92,49995.016,60638.58,61384.484
53479.71,52962.883,62285.0,63154.08
53852.27,55189.83,64359.58,64666.484
54483.97,57052.883,65249.72,65743.36
55188.51,58525.22,65987.27,66631.45
55808.99,61458.195,66629.51,67389.92
56275.65,62540.492,67306.65,68592.44
56740.31,63566.71,67483.31,69005.22
57237.65,64455.656,67669.63,69379.17
57892.39,65019.906,67890.51,69685.05
58360.95,65763.484,67252.74,69638.88
58739.6,66398.625,67297.17,69870.555
58982.01,66920.79,67987.88,70165.516
58828.41,66940.68,68481.89,70513.414
58929.9,67263.1,67734.29,70574.08
59190.03,67481.82,67659.46,70957.266
59335.76,67610.56,67819.74,71336.1
59494.35,67209.61,68288.63,71698.555
60103.87,67202.69,68350.29,71665.87
60486.06,67164.32,68472.44,71800.97
60827.35,67109.31,68559.01,71867.58
60737.02,66533.29,68262.9,71869.375
60269.89,66421.266,68373.37,71499.695
59999.34,66351.79,67813.1,71246.45
59939.69,66287.25,67353.86,70948.36
59851.59,65650.016,67434.01,70625.375
59450.72,65588.37,67769.58,69961.91
58631.5,65533.727,67059.61,69518.42
57961.4,65453.016,66415.21,69122.75
57992.0,64680.594,65666.67,68749.29
57833.27,64589.965,65527.13,68174.61
57747.02,64546.062,65292.64,67776.055
57522.71,64495.742,65212.55,67471.484
57289.85,63610.066,64959.02,67216.64
56723.8,63543.06,64872.79,66727.516
56537.73,63526.703,64366.89,66343.83
56102.25,63509.02,63532.74,66053.375
55719.8,62647.87,62964.05,65842.55
55173.83,62556.305,62665.48,65529.836
55217.66,62532.613,62309.45,65315.53
55171.4,62540.703,62307.95,65270.75
55559.97,62032.004,62324.48,65297.453
56043.44,61900.65,62933.45,65174.17
56125.06,61839.484,62875.05,65121.734
56233.34,61826.812,63211.08,65226.09
56670.41,61840.703,63261.24,65359.75
56655.67,61619.707,64150.99,65366.188
56837.86,61491.668,64135.13,65426.223
57264.35,61368.066,64856.67,65512.766
58048.7,61328.688,65538.34,65575.33
58244.89,60894.992,66540.11,65466.582
58299.3,60515.91,65782.24,65327.516
57716.86,60111.47,65194.36,65191.777
56985.77,59304.82,64776.64,65037.21
55477.34,58089.434,63017.67,64309.992
54429.06,56851.746,61551.3,63666.43
53607.33,55817.508,60328.49,62907.836
52351.99,54579.438,59315.0,62133.094
51709.67,53480.934,57977.84,60958.863
51214.28,52702.984,57215.17,59856.36
50064.68,52086.45,56267.06,58767.22
49042.72,51124.855,55546.46,57803.27
48174.53,50250.754,55059.89,56609.434
47425.31,49382.97,54455.38,55690.883
46477.73,48556.75,53379.37,54838.69
45922.84,46167.27,52055.52,54152.65
45234.19,45323.05,50862.26,52844.656
44501.18,44702.566,50263.26,52185.832
43559.1,44172.57,49537.82,51257.68
42437.23,43812.4,48495.9,50401.258
41970.54,43330.79,47453.99,49454.0
41788.3,42965.84,46833.62,48760.023
41048.86,42724.316,46751.84,48125.707
40747.69,42646.875,46027.86,47587.56
40612.4,42523.598,45381.27,47025.62
40382.59,42429.76,44919.88,46624.176
40093.2,42282.023,44479.92,46233.457
39782.16,40177.914,44123.81,45877.61
39394.5,40395.312,43635.45,44763.406
39201.85,40826.715,43319.55,44761.996
39187.74,41098.156,43127.07,44742.207
39227.4,41266.742,43098.19,44625.062
39339.53,41321.547,42991.86,44604.887
39697.63,41326.35,42832.16,44521.953
39912.05,41349.156,43028.46,44453.836
40268.12,41447.355,42735.72,44389.438
40343.17,41585.938,42777.7,44428.38
40360.0,41771.64,43005.88,44376.33
40539.96,42016.605,43009.1,44341.61
40856.35,42417.957,43370.82,44328.49
41125.18,42855.1,44064.05,44457.75
41400.41,43315.242,44221.81,44501.42
41665.66,43783.92,44138.69,44593.953
41796.07,44428.695,44504.43,44749.03
42095.14,44921.066,44886.42,45146.668
42992.82,45431.32,45476.76,45535.82
43589.6,46073.63,45653.67,46083.016
44600.01,47060.594,46539.65,46768.28
45227.81,47914.992,47469.01,47781.453
45477.66,48758.902,47974.15,48646.027
46352.34,49545.53,48250.25,49494.13
47628.37,51865.34,49060.58,50274.37
48411.44,52618.902,50452.19,51770.75
49436.1,53319.36,51536.47,52576.523
49981.35,53981.184,52041.57,53384.156
50306.24,54544.938,52629.97,54197.098
50938.75,55030.54,53071.94,54747.434
51579.09,55468.895,53755.62,55556.797
51994.55,55852.574,54355.54,56263.918
52213.08,56039.965,54964.39,56854.68
52794.32,56377.406,55520.1,57129.465
53143.18,56660.523,55586.16,57522.05
53060.79,56890.188,55950.56,57814.3
53534.01,56879.47,55968.54,58061.855
54099.97,57025.047,56412.07,58222.496
54498.49,57111.22,56986.7,58345.98
54476.02,57131.848,57254.01,58363.137
54914.91,56902.72,57199.86,58270.387
54545.17,56789.12,56497.81,58078.62
54108.84,56602.004,56603.42,57697.02
53632.16,56385.75,56306.66,57223.64
52961.67,55966.98,55731.17,56705.223
52240.67,55647.367,55258.49,56225.26
52188.21,55310.555,54633.04,55608.094
51487.14,54982.78,54203.13,55022.348
50872.72,54539.293,53446.8,54501.28
50310.87,54149.41,53228.93,54077.81
49932.69,53774.13,52810.66,53587.13
49571.41,53420.277,52703.77,53216.715
49573.54,53034.242,52039.34,52941.203
49394.49,52712.2,51512.89,52704.75
49254.78,52441.777,50929.39,52418.652
48937.3,52218.82,50392.08,52239.92
49149.56,52016.348,50310.16,52142.58
48901.33,51844.867,50651.82,52061.906
49166.98,51694.664,50457.51,51934.664
48885.46,51655.773,50621.11,51977.977
49159.01,51692.965,50937.2,52176.016
49275.43,51601.844,51595.25,52499.47
49808.18,51585.984,51892.06,52748.168
49987.45,51671.395,52284.32,53132.59
50002.91,52087.94,52508.34,53464.945
50272.44,51951.047,53402.19,53864.97
50362.84,51867.22,53691.98,53809.105
50874.25,51765.26,54069.92,53823.22
52139.42,52160.133,55126.82,53886.457
52610.38,51964.508,55640.15,54317.117
52649.77,51786.547,55329.99,54317.625
51897.13,51598.875,54728.57,54297.594
51562.99,51652.36,53730.01,54072.9
50227.54,51362.414,52804.89,53657.297
49342.74,51003.723,51642.86,52792.215
48699.26,50568.305,50604.29,51957.473
48293.98,50209.797,49761.0,51170.312
47788.31,49619.652,48654.81,50366.523
47048.51,49050.406,47889.86,49524.074
46287.88,48413.336,47201.96,48804.016
46783.33,47667.465,46882.22,48207.613
46348.75,47289.516,46536.92,47581.22
45592.14,46840.816,45921.06,46964.07
44721.78,46217.996,45108.28,46326.47
43996.33,44482.22,44441.7,45687.96
43506.4,43768.273,44074.18,44517.703
42722.09,43029.22,43177.02,43691.29
42249.74,42313.496,42375.47,42773.12
41925.21,41768.46,41770.75,41809.637
41306.69,41341.895,41440.63,40822.438
40776.77,40996.02,40964.01,39956.215
40230.5,40712.93,40610.28,39193.508
38869.22,40496.074,40050.9,38563.055
38280.64,40222.39,39579.44,38059.234
38269.97,39990.96,39092.73,37681.246
38233.12,39815.38,38582.25,37394.8
37968.81,37094.586,38187.59,37183.58
37764.62,37074.605,38197.97,36391.805
37832.55,37188.04,37786.87,36145.457
37734.69,37307.094,37600.1,35964.75
38270.52,37380.5,37752.9,35816.492
38395.69,37517.43,37623.29,35706.254
38489.06,37644.5,37386.85,35609.33
38525.87,37762.67,37507.06,35530.47
38566.06,37847.316,37323.46,35473.098
38396.11,37971.48,37594.62,35458.46
38595.91,38081.406,37653.24,35454.63
38614.21,38227.344,37817.88,35483.67
39202.94,38359.938,38178.04,35534.695
38716.8,38606.39,38055.95,35626.03
38653.4,38766.367,38153.85,35683.75
38582.54,38914.96,38468.65,35737.805
38798.25,39045.9,38678.34,35795.0
38936.66,39230.625,39100.07,35925.957
38937.2,39432.16,39455.55,36045.555
39295.99,39625.652,40053.42,36240.81
39639.58,39921.3,40297.03,36538.15
39932.13,40216.35,40955.05,37041.83
40423.23,40533.86,41301.12,37571.914
41007.31,40918.97,41505.84,38167.117
42297.54,42851.8,41929.71,38808.85
42903.02,43577.43,43335.59,40182.336
43906.33,44298.32,44349.15,40917.945
44700.48,45249.46,44976.95,41720.484
45530.75,46328.676,45815.58,42513.84
46410.43,47437.11,46414.86,43339.434
47284.61,48613.445,47049.56,44063.383
47671.96,49771.902,47924.8,44759.355
48219.54,50321.36,48669.81,45419.35
48918.95,51117.035,48946.66,46087.87
49276.83,51772.32,49565.31,46692.51
49816.66,52207.223,50074.65,47240.777
50461.74,52205.027,50629.03,47786.312
51206.83,52522.742,50846.51,48413.33
51931.7,52748.83,51763.5,49074.6
52235.28,52894.52,52222.45,49642.223
51894.94,52746.23,52234.97,50009.816
51307.15,52772.31,52014.91,50130.074
51172.06,52659.477,52146.18,49944.125
50948.94,52494.12,52040.08,49563.734
50824.5,52150.188,51078.0,49063.883
50453.65,51947.1,50273.56,48498.48
50466.01,51691.84,49979.97,47869.402
50050.53,51473.188,49446.11,47304.348
50429.61,51150.52,49151.71,46821.76
50356.61,51003.742,48856.59,46353.29
50226.12,50881.473,48713.25,45937.684
49740.21,50772.816,48164.49,45624.555
49591.53,50595.797,47859.81,45407.15
49443.45,50426.176,48157.95,45144.227
49181.88,50309.19,47467.96,44994.594
48877.97,50190.875,47091.41,44930.555
49342.04,50104.84,46984.24,44940.266
49228.55,50114.848,47414.7,44924.812
49377.97,50157.234,47239.02,45039.457
49184.36,50266.36,47175.41,45343.863
49787.99,50494.34,47282.27,45795.387
50155.35,50622.957,47645.01,46376.91
50576.86,50825.207,47921.53,47001.395
50853.95,51042.914,48871.36,47716.36
50885.9,51580.477,49428.62,48378.18
51206.68,51523.133,50246.52,48937.984
51885.81,51510.68,50942.11,49233.863
52744.0,51548.156,52070.78,49525.664
53688.05,51903.668,53183.36,49847.816
53541.6,51802.43,54082.93,50352.375
53048.61,51660.832,54081.64,50635.867
52461.95,51487.766,53683.3,50992.848
52075.75,51434.965,52671.09,51238.242
51271.26,51154.54,52427.18,51384.19
50430.69,50832.9,51627.39,50995.87
49824.9,50445.965,51218.32,50550.406
49652.64,50050.035,50383.98,50106.86
49123.91,49646.055,49694.48,49618.934
48586.14,49188.902,49158.85,49096.594
48643.18,48692.836,49084.2,48569.7
49228.21,48346.43,48684.31,48045.625
48857.06,48298.797,48625.97,47455.5
48288.06,48077.7,48296.6,46881.67
47647.0,47688.137,47621.19,46368.23
46787.22,46400.207,46758.77,45969.875
45995.15,45547.54,46123.61,45225.203
45378.1,44554.727,45232.02,44700.336
44582.37,43718.906,44207.48,44065.734
43994.27,43011.594,43880.53,43427.453
43428.07,42371.656,43108.37,42807.33
42900.85,41833.426,42390.34,42317.01
42296.83,41371.195,41976.38,41864.188
41589.17,40990.312,41448.31,41454.83
41324.96,40581.31,41038.59,41095.477
41148.02,40220.914,40619.46,40725.68
41108.61,39904.46,40263.86,40338.625
40818.92,39249.15,40134.02,39995.273
40658.58,39490.87,40114.77,40347.117
40603.42,39782.0,39546.7,40121.145
40705.82,40091.453,39360.62,40038.97
40948.34,40524.547,39208.58,40065.336
41036.06,40990.297,39172.01,40214.074
41076.8,41539.848,39321.39,40418.71
41078.94,42133.76,39330.96,40701.9
41943.74,42861.547,39577.03,41065.23
42172.38,43595.344,40282.11,41594.242
42713.5,44319.6,40529.72,42120.094
43652.07,45108.03,41306.59,42725.0
45439.9,46293.367,42275.38,43426.062
46519.69,47575.78,44169.06,44496.496
47755.35,48998.703,45036.09,45642.285
49708.94,50623.656,46220.47,47156.0
53728.28,53172.504,48467.1,49204.1
56115.76,55706.633,52375.0,52193.723
58022.69,58361.348,54832.5,54517.523
59863.45,60749.96,56352.86,56602.63
61371.38,63171.88,58732.33,58489.074
62144.44,64507.195,61649.46,60414.676
62584.45,65467.047,62531.3,61878.055
63329.26,66161.21,63150.03,63131.902
64482.16,67267.63,63787.0,64159.7
65284.93,67779.26,64651.02,65360.383
65686.16,68131.33,64974.94,65826.72
65760.72,68433.13,65272.16,66181.16
65204.23,68475.89,65202.37,66429.31
65477.48,68647.68,64449.55,66390.73
65844.17,68747.58,64456.15,66543.695
65924.26,68798.99,64965.93,66718.26
66267.41,68511.72,64909.15,66928.93
66541.74,68533.12,64962.23,67102.04
66879.48,68542.664,64808.78,67396.82
67012.43,68533.055,65055.88,67694.836
66545.42,68126.83,65560.43,67968.3
67009.42,68123.53,65826.63,68166.88
67317.4,68124.54,66233.6,68316.88
67114.37,68111.06,66232.39,68401.65
66250.3,67734.17,66387.71,68413.664
66235.28,67710.98,66424.14,68291.7
66321.35,67650.7,66280.29,68139.59
66429.22,67581.336,66270.36,67964.91
66591.95,67117.17,66151.4,67771.99
66388.56,66997.555,66593.22,67489.64
65610.0,66865.72,66279.72,67217.375
64705.01,66735.555,66172.63,66986.19
64121.69,66180.7,65620.75,66773.92
64044.85,66057.055,65370.02,66432.266
63366.11,65951.94,64897.4,66145.45
63014.73,65861.33,64504.05,65916.94
63241.59,65297.848,64317.74,65705.875
63029.44,65215.285,64323.24,65334.6
62534.99,65156.82,63828.69,65018.293
62129.36,65113.45,63537.12,64764.285
62143.34,64578.453,62891.84,64534.645
61504.55,64525.508,62669.22,64084.707
61660.79,64500.297,62470.31,63753.594
61335.62,64488.57,62241.68,63641.92
61583.8,64073.7,62174.45,63631.98
61576.05,64017.137,62602.38,63460.703
62078.33,63986.0,63035.12,63490.035
62044.38,63969.547,63370.62,63715.207
62631.66,63942.277,63595.33,64047.77
62743.42,63848.562,63874.78,64177.395
63678.94,63769.715,64064.78,64487.71
64662.78,63684.71,65206.54,64913.742
65898.61,63715.984,66724.71,65389.715
65868.78,63582.957,67574.25,65884.445
65676.31,63469.812,67299.13,66233.53
65131.87,63354.3,67187.06,66388.89
64441.03,63152.5,66641.64,66262.64
62995.62,62837.562,65112.64,65684.914
61814.77,62482.926,63861.99,64811.145
61089.79,62071.754,62735.66,63789.65
59954.8,61326.414,61825.24,62779.56
59432.27,60462.816,60677.74,61679.74
58359.3,59592.344,59772.12,60435.418
57313.94,58620.79,58877.37,59187.68
56518.11,57258.89,57867.15,58085.473
55697.16,55769.758,56802.15,57040.438
54390.36,54385.77,55930.04,55873.777
53444.32,53057.723,54645.36,54732.996
51713.47,51329.93,53568.52,53769.79
50725.37,49582.555,51904.2,52429.496
49758.51,48492.12,51018.07,51586.594
49166.81,47728.453,50076.93,50477.914
47836.9,47088.516,49332.27,49526.797
47119.8,46531.844,48164.12,48644.062
46692.77,46092.973,47804.52,47971.203
46414.91,45748.957,47523.39,47376.383
45219.78,45443.723,46867.59,46870.375
44923.16,45124.367,46199.7,46396.242
44878.72,44823.117,45839.86,45977.016
44629.14,44599.914,45790.85,45583.27
44066.71,43721.016,45735.8,45267.957
43960.28,44223.86,45252.51,45133.04
44042.53,44689.26,45198.61,45141.113
44088.22,44985.83,45104.4,45187.383
44136.94,45230.254,45026.69,45220.535
44376.25,45494.02,45372.29,45343.523
44762.98,45858.535,45581.45,45437.29
44876.72,46340.69,46052.43,45584.305
45949.93,46947.297,46159.51,45781.297
46496.07,47558.336,46729.96,46158.355
47193.32,48144.598,47228.26,46470.688
48174.67,48730.426,47735.13,46841.79
49104.84,49557.094,48628.42,47290.4
49766.64,50286.45,49703.52,48122.387
50982.02,51029.543,50400.17,48932.58
52365.12,51820.285,51764.15,50061.906
55588.96,53137.08,53485.84,51624.17
57863.01,54270.438,56841.05,54389.62
59717.37,55551.64,58666.87,56792.984
61509.54,56934.9,60335.74,58970.477
63164.83,59309.234,61802.42,60614.0
64346.69,60959.617,63801.05,62114.29
65035.95,62378.273,64685.27,63052.207
65734.12,63615.55,65250.15,63942.605
67051.6,66740.31,65622.54,64754.402
67652.13,67465.45,65943.24,66032.93
67943.96,67987.79,66338.35,66464.086
68120.43,68432.875,66579.98,66828.97
66851.29,68747.67,66962.22,67075.82
67073.55,69090.05,66466.55,67049.42
67766.69,69397.68,66664.98,67197.87
67480.82,69658.72,67047.64,67372.04
67000.12,69634.875,67155.85,67596.61
67406.41,69787.39,67017.23,67725.4
67589.99,69890.39,67247.79,67986.945
67826.94,69968.5,67435.94,68273.7
68342.09,69704.56,67786.82,68548.945
69466.18,69740.16,68116.19,68707.62
69915.33,69771.08,68784.3,68857.53
70054.13,69779.18,69146.41,68926.85
69904.19,69447.766,69479.11,68960.586
69163.41,69428.23,69105.19,68886.445
68977.19,69395.5,68824.59,68748.91
69245.62,69377.53,68573.1,68623.81
69199.3,69018.914,68175.25,68507.586
68838.13,68984.94,67964.31,68229.7
68383.68,68957.5,67552.39,67962.1
67635.7,68903.34,66899.06,67755.086
67079.99,68517.016,66261.51,67586.086
66735.49,68444.28,65848.16,67329.86
66694.64,68389.61,65852.65,67100.07
66539.55,68327.64,65974.71,66892.14
66017.93,67840.46,65532.37,66690.05
65583.15,67727.52,65857.74,66395.12
65173.98,67626.66,65508.38,66072.19
64512.92,67530.945,65102.59,65813.47
64382.67,66931.96,64611.74,65539.23
64320.16,66816.695,64649.24,65115.035
64089.36,66720.2,64533.39,64723.586
63867.81,66630.31,64521.46,64579.42
63755.41,66004.484,64386.31,64538.355
63677.37,65844.46,64748.66,64416.535
64120.65,65722.51,65038.38,64367.96
64284.8,65658.15,65523.6,64483.39
64563.83,65265.445,66081.23,64683.258
64657.93,65150.227,66078.45,64769.992
65379.06,65062.547,66793.35,64976.67
65990.54,64987.418,67909.67,65353.88
66318.5,64852.742,68961.85,65817.43
65979.63,64767.055,69208.71,66451.97
65648.48,64663.965,68667.74,66789.08
65196.45,64567.703,68216.95,66833.25
63595.83,64321.76,67533.18,66619.53
62740.83,64022.945,66159.28,65998.1
61613.99,63710.062,64764.99,65116.18
60420.84,63296.324,63731.45,64128.598
59693.3,62371.117,62653.53,63183.92
58624.37,61303.86,61388.28,62072.477
57586.35,60041.17,60233.12,60875.297
56935.19,58633.29,58936.48,59683.996
56392.43,56839.34,58120.46,58621.836
55540.15,55088.574,57663.41,57510.97
54376.73,53734.867,56719.21,56378.02
53399.71,52708.05,55230.55,55264.973
52549.23,51346.598,54219.01,54317.293
51676.45,49885.97,52561.31,52808.54
50578.45,48983.43,51211.79,51929.445
49657.66,48321.152,50445.0,50808.08
48179.16,47700.484,49642.03,49852.086
47369.33,47131.37,48694.03,48950.984
47470.47,46673.85,48079.51,48265.336
47136.61,46340.29,47801.78,47650.875
46886.99,45986.81,47263.08,47134.99
46410.57,45706.496,46474.12,46647.402
45795.18,45449.74,46208.55,46264.45
45521.58,45217.57,46041.58,45893.574
44861.12,44437.38,45715.03,45554.46
44384.32,44953.258,45173.93,45558.418
44566.7,45332.37,45316.24,45531.496
44640.22,45534.438,45566.96,45532.977
45011.03,45692.242,45560.38,45516.0
45505.54,45848.234,45500.43,45631.74
45710.09,46081.055,45946.47,45694.82
45761.47,46407.305,46368.62,45814.77
46688.65,46937.52,46794.82,45993.816
47248.62,47507.582,47030.43,46374.75
47668.92,48132.445,47235.43,46669.855
48452.99,48760.58,47994.55,47055.586
49867.74,49674.215,48516.87,47519.56
50619.1,50482.105,50082.76,48392.81
51464.92,51294.094,50409.41,49200.996
53081.26,52115.8,51448.89,50345.83
56396.07,53483.78,53058.86,51921.797
58554.22,54634.457,56806.42,54782.277
59972.51,55981.305,59150.99,57274.234
61589.87,57463.28,60647.81,59508.52
63360.16,59922.67,62004.97,61066.055
64263.05,61515.984,64439.83,62515.402
65257.9,62917.605,65611.42,63424.855
65755.47,64141.867,66382.76,64310.08
65642.37,67130.73,67215.15,65102.625
65790.63,67786.69,67903.42,66580.86
65706.64,68256.09,68525.65,67123.11
66082.08,68639.734,68693.7,67634.65
65432.65,68825.86,68830.59,68001.08
65621.52,69123.65,68772.58,68132.28
65644.04,69406.06,69032.53,68337.266
65686.49,69648.336,69341.52,68563.0
65961.55,69530.31,69354.9,68858.555
65745.78,69662.625,69372.38,68982.5
65971.29,69758.44,69752.66,69368.96
66725.61,69841.8,69949.71,69801.0
67046.7,69553.07,70299.06,70205.84
67648.29,69570.445,70380.41,70287.56
68167.63,69551.64,70632.46,70489.555
68615.12,69532.43,70715.03,70644.81
68645.51,69187.984,70477.28,70752.2
68437.3,69153.0,69920.13,70547.6
68174.1,69120.41,69273.21,70412.47
68317.59,69106.695,69695.83,70260.57
68628.77,68804.7,69801.69,70085.055
68741.38,68752.77,69390.03,69675.44
68497.21,68710.1,69490.59,69369.69
67740.32,68697.195,69369.64,69125.07
67951.41,68358.46,68856.33,68889.79
67341.56,68274.57,68545.73,68513.984
67315.42,68208.52,68224.89,68188.64
66483.94,68153.67,67176.77,67927.414
66163.9,67698.234,67277.27,67727.14
65738.59,67602.26,67048.26,67383.88
65271.82,67539.04,66612.16,67041.99
64425.45,67475.88,66013.6,66745.41
63627.86,66915.42,65461.59,66450.54
63071.38,66776.67,65598.93,66088.06
62823.93,66664.31,65647.82,65705.695
62873.04,66539.91,65248.28,65544.62
62882.97,65959.31,65410.53,65477.11
63037.73,65841.484,65490.44,65336.83
63455.29,65746.664,65220.36,65257.01
63852.08,65670.875,65345.25,65381.305
64533.87,65367.36,65768.84,65592.984
64388.84,65269.188,65574.21,65760.875
65008.12,65181.312,66238.49,65966.445
65663.89,65103.273,67413.49,66252.85
66543.29,64962.746,68190.01,66579.41
66174.15,64848.527,68185.8,67085.516
65966.29,64736.83,67786.28,67477.85
65352.21,64616.168,67527.92,67690.47
64089.05,64374.023,67147.66,67683.95
62887.49,64031.363,65903.03,67123.414
62179.94,63621.035,64910.31,66425.29
60760.7,63134.78,64142.6,65585.49
59445.42,61970.188,62814.93,64733.562
58720.97,60573.324,61326.59,63525.344
58056.45,59201.145,60700.71,62387.477
57253.02,57876.242,59702.19,61258.992
56036.29,56184.59,58357.17,60249.223
55331.29,54586.355,57327.18,59045.79
54264.61,53419.363,56709.82,57910.465
53192.39,52561.68,55772.52,56799.125
52434.68,51165.64,54468.95,55855.66
51632.99,49853.58,53065.04,54235.8
51073.3,49032.93,52077.26,53295.0
50169.9,48423.598,51155.34,52106.63
49502.06,47811.094,49809.57,51104.832
48552.7,47324.99,48960.04,50110.11
48544.01,46918.645,48338.22,49391.6
47817.83,46608.074,47982.11,48747.453
47172.76,46230.57,47367.33,48204.992
46455.13,45930.285,46769.77,47635.188
46439.33,45659.03,46307.34,47223.12
46137.5,45450.902,46533.12,46828.8
45671.21,45066.656,46108.11,46480.637
45429.66,45647.496,45903.94,46549.03
45719.0,46097.188,45993.25,46463.16
45776.91,46295.85,45801.19,46396.38
45937.52,46416.15,45648.52,46334.062
45611.77,46504.344,45735.44,46391.76
46152.99,46587.758,45873.43,46405.785
46532.91,46824.965,45950.97,46477.58
47170.0,47322.504,46039.66,46609.562
47069.46,47861.72,47003.4,46971.4
47685.15,48427.906,47276.67,47241.6
48500.72,49041.305,47568.75,47586.336
49157.49,49960.96,48177.91,48019.008
49927.74,50690.516,49674.6,48891.164
51073.39,51423.91,50439.12,49645.816
52629.67,52182.758,51109.29,50677.684
55607.09,53526.754,52717.26,52108.06
57917.09,54562.41,55821.47,54915.695
59433.93,55738.54,57977.52,57417.277
60947.09,57039.883,59695.19,59726.25
62859.41,59392.402,61485.44,61338.91
63694.14,60937.867,63873.94,62863.62
63962.04,62319.64,65115.57,63755.586
64499.41,63524.0,65921.46,64624.855
65733.84,67055.74,66132.9,65384.234
66220.98,67857.336,66579.07,66833.11
66929.46,68477.22,67313.27,67289.664
67321.5,68969.64,67564.15,67720.59
66639.09,69233.29,67630.85,68014.84
67010.69,69529.266,67233.19,68031.92
67440.17,69801.32,67713.56,68189.78
67700.5,70056.81,68098.06,68393.805
67489.56,69939.766,67948.4,68633.945
67540.06,70090.53,68254.04,68719.56
67614.37,70220.53,68395.31,69052.35
68287.27,70304.664,68647.06,69425.1
68808.81,69991.64,68938.11,69788.516
69144.11,70045.266,68691.33,69868.945
69361.79,70088.68,69094.09,70046.58
69196.0,70112.0,69516.89,70162.03
68845.29,69722.42,69451.52,70200.125
68866.66,69707.516,68984.48,69959.8
68828.29,69680.836,68853.24,69767.49
68380.23,69662.3,68870.18,69561.234
69131.97,69293.62,68640.16,69341.95
68527.13,69267.05,68559.73,68966.87
67559.65,69248.11,68237.26,68656.72
67851.46,69228.484,68135.73,68403.016
66888.54,68803.48,67990.86,68173.39
66879.17,68755.73,67512.3,67798.445
66684.35,68693.31,67234.39,67450.75
66670.28,68651.266,66640.01,67174.11
65824.78,68142.62,66565.05,66942.65
65746.58,68027.664,66417.9,66577.39
65537.8,67951.375,66237.88,66187.75
64856.93,67866.21,65515.18,65870.81
64133.65,67246.77,64633.33,65561.47
63479.05,67059.164,64512.19,65131.64
63494.85,66928.34,64104.04,64732.76
63178.42,66801.305,64154.28,64583.426
63992.33,66228.04,63978.96,64547.21
64299.07,66083.08,64293.81,64409.766
63974.79,65953.45,64184.68,64328.574
63849.59,65806.25,64688.04,64441.02
64082.98,65601.35,64988.42,64625.37
63635.51,65435.984,65156.27,64751.32
64171.77,65269.406,65793.57,64967.73
64923.11,65142.367,67055.89,65339.58
65884.9,65174.09,67552.53,65820.57
65909.89,65054.5,67798.39,66580.695
65349.13,64929.32,67096.18,66976.85
64867.29,64796.18,66633.46,67061.21
64163.43,64595.992,66070.38,66895.42
63037.95,64341.258,65045.38,66139.19
62184.09,64061.402,63835.65,65298.645
61371.28,63746.176,63093.61,64363.156
59577.04,62971.566,62133.49,63499.176
59009.66,62077.348,60794.41,62303.14
58266.53,61172.684,60127.82,61171.242
57474.08,60198.91,58972.85,60056.566
57197.91,58613.434,58118.07,59084.113
56376.22,57225.9,57244.55,57936.887
55271.36,55970.086,56277.68,56823.094
54066.27,54787.695,55278.99,55734.246
52812.12,52937.297,54082.75,54827.113
51925.99,51340.707,52612.08,53261.715
51210.0,50245.46,51546.83,52367.203
50563.15,49460.04,51012.16,51283.57
49843.67,48687.95,50330.52,50373.445
49247.05,48071.11,48927.41,49457.945
49099.03,47552.902,48215.36,48775.367
48261.4,47151.324,47918.23,48148.305
47131.65,46640.098,47531.53,47611.797
46773.21,46206.07,46840.29,47060.53
46640.85,45858.723,46299.91,46641.46
46470.64,45601.84,46107.33,46237.79
45850.67,45249.71,45633.23,45874.5
45824.23,45789.49,45208.2,45735.273
45828.54,46144.035,45101.15,45734.914
45971.45,46284.92,45152.68,45708.453
46161.65,46418.64,45028.62,45668.656
46230.65,46538.36,44991.98,45758.188
46316.18,46695.51,45134.4,45786.594
46477.04,46939.18,45173.24,45885.08
46649.08,47395.03,45534.14,46042.746
47000.37,47841.57,46130.67,46440.97
47736.89,48336.797,46475.23,46743.71
48391.68,48900.31,46914.25,47129.977
49650.28,49699.098,47381.92,47618.04
50200.84,50407.734,48703.49,48582.562
51223.39,51069.48,49679.98,49439.72
52630.67,51727.98,50801.56,50612.84
56350.13,52903.28,52391.7,52193.395
58599.99,53855.895,55948.03,55116.805
60638.58,55041.117,58052.86,57454.906
62285.0,56500.227,59922.35,59497.48
64359.58,59144.85,61732.53,61008.383
65249.72,61086.613,63939.13,62605.637
65987.27,62733.266,65211.41,63614.66
66629.51,64210.95,65542.65,64546.863
67306.65,67891.81,65850.87,65394.25
67483.31,68596.95,66629.03,66954.87
67669.63,69090.61,67218.05,67451.055
67890.51,69483.88,67390.74,67899.76
67252.74,69561.57,67891.66,68240.586
67297.17,69772.516,67978.47,68287.03
67987.88,69949.03,68252.03,68471.79
68481.89,70090.29,68940.02,68723.58
67734.29,69847.4,69027.29,69022.75
67659.46,69970.21,68759.29,69115.734
67819.74,70085.086,68717.3,69460.54
68288.63,70237.65,69008.84,69864.27
68350.29,69967.13,69347.04,70267.01
68472.44,70079.93,68935.97,70353.43
68559.01,70166.11,69929.47,70544.914
68262.9,70239.984,70409.47,70660.77
68373.37,69933.43,70572.96,70721.484
67813.1,69938.64,70477.2,70442.125
67353.86,69927.91,70327.73,70201.82
67434.01,69896.18,70051.09,69937.44
67769.58,69452.07,69427.48,69629.59
67059.61,69395.48,69101.48,69097.84
66415.21,69331.43,68480.75,68686.16
65666.67,69238.336,67581.24,68366.68
65527.13,68750.87,66754.82,68086.11
65292.64,68656.28,65772.62,67625.17
65212.55,68577.15,65606.99,67270.07
64959.02,68502.82,65447.57,67035.98
64872.79,67850.41,64821.38,66833.94
64366.89,67724.42,64783.19,66425.78
63532.74,67608.82,64272.72,66070.914
62964.05,67499.234,63932.93,65834.03
62665.48,66778.17,63754.75,65654.92
62309.45,66595.13,63919.0,65382.348
62307.95,66466.01,63203.87,65217.742
62324.48,66382.49,62675.86,65245.31
62933.45,65802.74,62905.0,65353.54
62875.05,65674.83,62892.23,65259.133
63211.08,65602.6,63053.85,65259.92
63261.24,65519.703,63359.48,65403.83
64150.99,65305.164,63765.32,65591.22
64135.13,65215.73,64757.91,65822.18
64856.67,65118.27,65564.82,66006.766
65538.34,65034.52,66527.72,66244.74
66540.11,64987.676,67277.93,66505.19
65782.24,64923.11,67296.2,66938.95
65194.36,64810.805,66386.5,66982.24
64776.64,64698.47,66091.83,66887.125
63017.67,64304.16,65609.01,66620.28
61551.3,63922.34,63331.71,65621.7
60328.49,63435.582,62040.74,64692.414
59315.0,62866.39,60691.62,63643.74
57977.84,61562.62,59716.97,62638.305
57215.17,60608.56,58599.14,61210.97
56267.06,59696.453,57097.82,59953.05
55546.46,58757.87,55681.31,58731.63
55059.89,57153.902,54851.88,57711.156
54455.38,56175.64,53996.75,56496.168
53379.37,55274.656,53274.04,55545.82
52055.52,54425.45,52190.36,54658.18
50862.26,52613.957,51334.88,53946.402
50263.26,51340.71,50575.97,52608.867
49537.82,50199.957,49675.5,51916.523
48495.9,49278.33,48994.08,50920.746
47453.99,48210.496,47992.99,50019.027
46833.62,47364.8,45906.94,49044.008
46751.84,46668.36,45324.74,48340.066
46027.86,46164.926,45073.83,47703.5
45381.27,45547.94,44504.65,47161.977
44919.88,45081.418,43795.75,46590.42
44479.92,44693.023,43339.65,46191.08
44123.81,44368.703,43041.66,45807.406
43635.45,41821.656,42715.37,45462.254
43319.55,42197.844,42319.83,44841.082
43127.07,42532.715,42076.64,44712.5
43098.19,42655.72,41702.87,44564.5
42991.86,42713.38,41745.6,44354.848
42832.16,42712.316,41754.47,44218.02
43028.46,42707.055,41573.12,44096.336
42735.72,42750.81,41627.4,44006.33
42777.7,42774.023,41676.75,43934.72
43005.88,42814.65,42152.92,43912.598
43009.1,42921.348,42624.11,43869.63
43370.82,43060.66,42696.31,43846.402
44064.05,43348.367,42879.05,43846.465
44221.81,43741.133,43101.71,43912.11
44138.69,44141.266,43272.03,43968.094
44504.43,44503.76,43252.68,44058.094
44886.42,45002.45,43831.27,44200.14
45476.76,45424.984,44908.33,44503.703
45653.67,45903.445,45593.13,44836.992
46539.65,46366.523,46225.99,45305.883
47469.01,47177.633,46795.95,45891.17
47974.15,47910.47,48152.91,46720.31
48250.25,48643.402,48879.79,47476.355
49060.58,49364.19,49800.13,48248.883
50452.19,51349.68,50176.67,48982.5
51536.47,51885.41,50347.06,50227.637
52041.57,52335.68,50832.65,51057.086
52629.97,52713.336,51620.71,51929.91
53071.94,52632.89,52230.65,52737.188
53755.62,53023.203,53091.02,53471.266
54355.54,53389.035,53625.48,54227.94
54964.39,53717.99,54298.23,54935.043
55520.1,53592.613,54851.76,55599.797
55586.16,53795.633,55423.1,56114.414
55950.56,53899.117,56032.83,56623.363
55968.54,53909.895,56227.77,57042.68
56412.07,53630.008,56231.97,57446.043
56986.7,53462.227,56047.37,57664.27
57254.01,53252.164,55981.55,57966.375
57199.86,53004.094,56554.31,58169.38
56497.81,52613.797,56395.41,58289.66
56603.42,52262.25,56446.75,58079.793
56306.66,51928.645,55873.14,57907.93
55731.17,51605.016,55294.2,57573.0
55258.49,51240.332,55094.26,57126.688
54633.04,50959.81,54984.91,56356.15
54203.13,50707.145,54694.04,55745.195
53446.8,50492.207,54439.32,55141.863
53228.93,50277.586,53938.03,54602.91
52810.66,50134.273,53723.68,53884.1
52703.77,50031.62,53585.23,53348.215
52039.34,49969.273,53045.0,52919.36
51512.89,49931.55,52686.17,52582.22
50929.39,49834.277,52612.64,52100.676
50392.08,49744.51,52308.23,51737.36
50310.16,49653.09,52333.59,51506.07
50651.82,49776.785,52023.13,51369.68
50457.51,49874.97,52098.77,51176.758
50621.11,49982.332,52045.61,50958.316
50937.2,50179.824,52376.08,50931.14
51595.25,50775.676,52527.04,51063.746
51892.06,51064.97,53160.44,51523.465
52284.32,51337.867,53448.23,51817.016
52508.34,51579.21,53891.8,52294.914
53402.19,52324.867,54466.48,52754.234
53691.98,52263.83,55793.75,53876.254
54069.92,52114.16,56086.63,54288.188
55126.82,51895.93,57197.44,54853.785
55640.15,52171.414,57458.48,55394.445
55329.99,51692.12,56628.1,56066.934
54728.57,51234.355,56313.68,55861.984
53730.01,50809.496,55871.0,55473.973
52804.89,50660.23,55121.87,54917.145
51642.86,50139.844,53920.88,54224.035
50604.29,49661.992,52697.44,53241.86
49761.0,49167.332,51749.61,52312.266
48654.81,48717.977,51034.2,51429.984
47889.86,47911.055,50039.28,50573.83
47201.96,47100.035,49531.79,49629.848
46882.22,46300.355,48730.4,48844.332
46536.92,45754.86,48283.52,48207.832
45921.06,45074.883,48201.64,47698.855
45108.28,44372.805,47587.81,47088.17
44441.7,43640.19,46860.72,46473.297
44074.18,42172.973,46225.79,45880.203
43177.02,41790.324,45370.94,45020.133
42375.47,41344.53,44453.49,44168.0
41770.75,40923.83,43703.18,43220.984
41440.63,40620.824,42707.08,42226.867
40964.01,40301.715,41011.26,41278.688
40610.28,40032.613,40495.82,40391.203
40050.9,39796.094,40166.94,39594.004
39579.44,39670.016,39395.56,38914.79
39092.73,39467.402,39242.94,38405.53
38582.25,39281.62,38830.0,37990.867
38187.59,39100.043,38360.2,37667.76
38197.97,36829.836,37968.61,37429.18
37786.87,36692.47,37961.36,36810.758
37600.1,36690.062,37588.02,36516.84
37752.9,36724.24,37396.17,36292.258
37623.29,36801.766,37534.05,36129.1
37386.85,36878.14,37537.04,36033.934
37507.06,36928.4,37589.32,35949.844
37323.46,36978.348,37528.89,35896.33
37594.62,37054.85,37190.86,35873.324
37653.24,37136.11,37959.77,35926.633
37817.88,37230.844,38437.17,35986.17
38178.04,37341.977,38164.55,36076.85
38055.95,37525.83,37895.44,36174.305
38153.85,37698.14,38576.12,36310.61
38468.65,37877.457,38630.94,36380.188
38678.34,38075.945,38516.52,36440.54
39100.07,38347.26,38423.78,36501.6
39455.55,38580.094,38550.73,36637.113
40053.42,38816.645,38880.43,36732.082
40297.03,39080.625,39182.81,36872.297
40955.05,39452.906,39281.15,37065.375
41301.12,39787.176,40058.04,37405.81
41505.84,40148.734,40568.45,37728.83
41929.71,40559.117,41010.12,38105.258
43335.59,42513.492,41405.83,38532.44
44349.15,43215.52,41976.07,39609.85
44976.95,43899.074,43120.38,40239.492
45815.58,44572.594,43989.27,41079.15
46414.86,45310.62,44674.86,42037.656
47049.56,46021.664,44810.0,43215.535
47924.8,46764.28,45319.09,44134.63
48669.81,47588.31,45826.26,44994.0
48946.66,48383.523,46647.16,45772.418
49565.31,48944.984,47635.52,46342.426
50074.65,49317.305,48524.1,46968.508
50629.03,49535.55,48971.1,47555.02
50846.51,49718.883,49442.77,48116.227
51763.5,49766.527,50612.45,48470.215
52222.45,49848.387,51387.89,49099.836
52234.97,49896.46,51879.65,49699.5
52014.91,49931.93,51671.11,50169.52
52146.18,49855.934,51389.09,50217.08
52040.08,49771.58,51251.37,50107.65
51078.0,49681.367,50644.94,49786.656
50273.56,49515.73,50150.07,49334.59
49979.97,49250.05,49434.62,48672.23
49446.11,49008.113,48455.76,48047.348
49151.71,48729.02,48326.73,47475.723
48856.59,48440.312,47777.94,46980.516
48713.25,48199.543,47358.51,46371.344
48164.49,48010.5,47254.32,45930.445
47859.81,47759.844,47324.65,45589.15
48157.95,47481.08,47057.49,45339.67
47467.96,47409.7,47643.56,44885.637
47091.41,47193.54,47271.67,44673.316
46984.24,47007.24,47064.44,44539.816
47414.7,46858.5,46974.63,44471.035
47239.02,46912.96,47633.61,44182.633
47175.41,46967.625,47449.2,44159.023
47282.27,47026.71,47765.1,44296.977
47645.01,47163.4,48423.13,44640.516
47921.53,47389.586,49030.6,45166.67
48871.36,47696.93,49161.88,45850.28
49428.62,48189.24,49693.79,46656.97
50246.52,48797.72,50674.28,47432.723
50942.11,49112.617,51571.55,48560.055
52070.78,49388.875,52186.34,49160.582
53183.36,49701.484,53390.37,49900.66
54082.93,50157.598,53579.62,50701.723
54081.64,50325.164,54080.28,52184.223
53683.3,50352.227,53580.2,52340.715
52671.09,50287.04,53233.98,52233.906
52427.18,50196.938,52776.28,51908.375
51627.39,50006.074,52319.1,51616.57
51218.32,49726.895,51287.2,50823.105
50383.98,49460.473,50437.01,50159.805
49694.48,49025.266,49592.87,49651.008
49158.85,48479.105,49431.6,49373.367
49084.2,47936.227,49104.84,48909.445
48684.31,47616.316,48648.62,48461.45
48625.97,47171.56,48610.57,48035.43
48296.6,46908.062,48878.51,47752.945
47621.19,46597.168,48244.71,47263.03
46758.77,46124.26,47420.5,46812.3
46123.61,44730.94,46713.4,46441.887
45232.02,44328.895,45246.93,45630.59
44207.48,43634.86,44020.27,44885.195
43880.53,42915.047,43181.65,44046.594
43108.37,42360.996,42564.74,43241.68
42390.34,41845.49,42162.98,42556.68
41976.38,41408.086,41557.45,41910.19
41448.31,41069.35,41342.61,41329.633
41038.59,40828.895,41021.71,40814.527
40619.46,40579.17,40758.61,40412.344
40263.86,40371.94,40482.95,39967.574
40134.02,40198.527,40220.05,39518.137
40114.77,40435.1,40211.82,39088.473
39546.7,40538.617,39901.87,40160.47
39360.62,40665.633,39684.17,40012.99
39208.58,40846.117,39406.8,39968.594
39172.01,41086.156,39672.36,39992.914
39321.39,41394.27,40083.01,40130.258
39330.96,41789.25,40201.42,40289.695
39577.03,42240.816,40228.53,40540.934
40282.11,42799.047,40247.92,40878.59
40529.72,43445.637,41029.33,41453.08
41306.59,44108.27,41713.16,42035.56
42275.38,44874.54,42104.42,42708.71
44169.06,45940.266,42815.6,43476.66
45036.09,47268.25,44789.32,44601.35
46220.47,48644.234,46353.14,45785.098
48467.1,50072.645,47913.46,47328.88
52375.0,52164.926,50013.86,49350.797
54832.5,54031.04,53691.12,52351.25
56352.86,55805.234,56096.26,54985.863
58732.33,57443.168,58289.66,57316.332
61649.46,59637.18,60312.67,59071.08
62531.3,61033.63,62472.78,60702.086
63150.03,62215.21,63491.08,61734.52
63787.0,63312.613,64396.04,62772.25
64651.02,65289.406,65013.77,63729.703
64974.94,65990.79,65700.49,65273.418
65272.16,66520.14,65787.41,65954.555
65202.37,66924.305,66140.3,66543.89
64449.55,67039.305,66768.11,66966.69
64456.15,67260.73,66631.87,67115.64
64965.93,67430.414,66736.65,67346.195
64909.15,67543.914,67155.48,67586.375
64962.23,67554.99,67456.77,67871.84
64808.78,67623.61,67266.42,68063.3
65055.88,67616.35,67654.8,68430.45
65560.43,67565.96,67753.76,68757.92
65826.63,67516.92,68089.8,69123.29
66233.6,67509.945,68034.17,69347.516
66232.39,67455.586,68332.77,69579.555
66387.71,67378.3,68121.07,69767.64
66424.14,67240.83,67895.43,69833.82
66280.29,67226.59,67547.6,69680.23
66270.36,67159.664,67539.07,69520.33
66151.4,67074.555,68161.39,69316.4
66593.22,66829.46,68470.75,69081.85
66279.72,66798.11,68777.19,68707.86
66172.63,66749.59,68458.03,68411.11
65620.75,66712.14,67430.19,68172.94
65370.02,66358.016,67110.34,67946.586
64897.4,66341.13,66671.72,67588.625
64504.05,66313.164,66082.53,67280.625
64317.74,66286.64,65639.63,67057.914
64323.24,65811.586,65251.81,66850.63
63828.69,65774.29,65190.83,66517.72
63537.12,65744.06,65167.4,66203.33
62891.84,65750.66,64890.06,65935.11
62669.22,65185.47,64375.19,65674.38
62470.31,65127.637,64663.78,65257.07
62241.68,65126.45,63867.34,64879.316
62174.45,65141.508,63638.48,64741.934
62602.38,64586.43,63269.0,64728.133
63035.12,64538.76,63481.31,64634.086
63370.62,64594.785,63499.19,64612.21
63595.33,64696.438,63671.42,64752.953
63874.78,64350.207,64101.23,64972.688
64064.78,64222.168,65384.36,65213.766
65206.54,64131.285,66127.51,65565.11
66724.71,64111.887,67056.6,66125.945
67574.25,63957.14,67752.99,66776.95
67299.13,63815.62,66992.55,67497.8
67187.06,63694.785,66255.46,67646.38
66641.64,63592.492,65643.79,67487.055
65112.64,63215.855,65440.35,67110.695
63861.99,62814.8,65070.72,66361.23
62735.66,62359.5,63969.08,65385.84
61825.24,61824.164,62727.75,64321.7
60677.74,60763.055,61675.64,63300.586
59772.12,59502.4,59784.97,62146.0
58877.37,58244.625,59250.6,60905.453
57867.15,57039.133,58125.29,59694.777
56802.15,55733.46,57256.48,58646.008
55930.04,54163.266,57131.85,57642.13
54645.36,53017.438,56308.27,56577.49
53568.52,52087.754,55026.91,55536.797
51904.2,50840.348,54267.42,54639.332
51018.07,49347.297,53205.97,53229.727
50076.93,48451.598,52358.06,52337.266
49332.27,47810.297,51628.77,51141.816
48164.12,47294.668,50491.63,50094.31
47804.52,46755.67,49296.28,49215.656
47523.39,46355.746,48743.76,48470.324
46867.59,46036.293,48395.79,47804.08
46199.7,45730.266,47809.87,47242.0
45839.86,45403.016,46771.4,46788.44
45790.85,45096.766,46404.47,46322.367
45735.8,44791.426,46148.25,45858.156
45252.51,43605.78,45774.01,45492.02
45198.61,44039.5,45473.13,45699.176
45104.4,44394.906,45243.76,45700.582
45026.69,44604.43,45224.99,45711.113
45372.29,44819.53,45103.37,45709.438
45581.45,45147.215,45287.15,45839.5
46052.43,45613.1,45606.02,45912.766
46159.51,46200.42,45680.59,46047.234
46729.96,46924.926,45835.91,46247.832
47228.26,47534.457,46585.03,46699.98
47735.13,48121.55,47167.95,47036.293
48628.42,48748.664,47863.79,47440.18
49703.52,49742.23,48346.73,47921.047
50400.17,50692.164,49629.05,48836.93
51764.15,51733.11,50533.41,49632.855
53485.84,52891.004,51710.29,50679.66
56841.05,54709.93,53288.53,52048.605
58666.87,56212.754,56497.54,54508.57
60335.74,57698.08,58854.78,56626.08
61802.42,59065.812,60596.09,58496.17
63801.05,61045.984,62304.04,59906.84
64685.27,62173.348,64233.41,61511.07
65250.15,63092.914,65417.02,62646.734
65622.54,63899.46,65898.56,63703.844
65943.24,66101.2,66044.51,64606.164
66338.35,66692.54,66549.19,66062.22
66579.98,67124.7,66843.79,66624.62
66962.22,67477.47,67073.89,67089.69
66466.55,67588.375,67001.0,67412.6
66664.98,67843.83,66272.11,67501.16
67047.64,68047.48,66824.69,67695.516
67155.85,68218.44,67268.57,67904.17
67017.23,68167.766,67192.76,68120.13
67247.79,68233.96,66894.52,68208.14
67435.94,68245.67,67061.29,68513.305
67786.82,68218.266,67402.14,68855.945
68116.19,68063.53,67553.86,69207.22
68784.3,68053.87,67839.96,69333.18
69146.41,67977.59,68537.65,69562.58
69479.11,67905.93,68864.18,69731.92
69105.19,67735.83,68862.5,69846.016
68824.59,67719.09,68182.66,69704.7
68573.1,67693.336,67851.64,69580.445
68175.25,67678.85,67829.7,69432.33
67964.31,67368.805,68034.94,69239.13
67552.39,67307.14,68570.14,68887.8
66899.06,67256.914,68434.35,68634.65
66261.51,67228.766,67926.12,68429.87
65848.16,66871.234,67044.79,68261.29
65852.65,66850.484,66344.15,67938.81
65974.71,66806.84,66376.79,67675.09
65532.37,66758.84,66294.05,67465.49
65857.74,66265.29,66113.49,67262.75
65508.38,66182.7,65999.22,66930.3
65102.59,66135.49,65747.08,66614.54
64611.74,66092.16,65483.09,66384.52
64649.24,65446.883,64834.55,66147.57
64533.39,65339.777,64348.67,65744.16
64521.46,65303.15,63816.32,65321.86
64386.31,65272.184,63782.74,65116.406
64748.66,64665.92,63534.48,65041.082
65038.38,64546.13,63439.71,64924.418
65523.6,64476.11,63533.38,64828.367
66081.23,64428.96,63707.39,64935.168
66078.45,64104.113,64178.65,65139.414
66793.35,63908.75,64644.28,65437.805
67909.67,63802.914,65500.57,65718.1
68961.85,63735.05,66791.15,66170.64
69208.71,63712.297,67344.65,66711.35
68667.74,63577.53,67638.7,67520.65
68216.95,63468.758,67238.83,67826.39
67533.18,63368.793,66747.66,67808.33
66159.28,63313.54,66380.1,67540.766
64764.99,63051.35,65846.34,66928.37
63731.45,62788.04,64784.45,66018.336
62653.53,62502.24,63632.3,65008.2
61388.28,61916.715,62500.42,64048.15
60233.12,61125.785,61324.71,62976.93
58936.48,60259.402,60337.5,61765.086
58120.46,59277.207,59082.14,60570.68
57663.41,57971.402,58308.61,59518.383
56719.21,56540.66,57547.98,58519.14
55230.55,55295.363,56511.94,57406.82
54219.01,54135.07,55079.57,56321.008
52561.31,52262.438,53961.13,55404.637
51211.79,50520.54,52734.18,54030.848
50445.0,49424.33,51825.27,53115.492
49642.03,48668.93,50879.55,51912.254
48694.03,47989.78,50052.27,50859.516
48079.51,47389.484,49310.56,50016.734
47801.78,46939.48,48918.21,49245.78
47263.08,46578.58,48216.56,48552.273
46474.12,46216.227,47642.87,47971.363
46208.55,45886.035,46667.2,47521.457
46041.58,45626.305,45994.13,47079.305
45715.03,45419.547,45861.52,46660.105
45173.93,44754.086,45540.26,46288.305
45316.24,45258.605,45066.9,46338.406
45566.96,45669.996,44837.42,46272.918
45560.38,45871.1,44851.33,46224.844
45500.43,45989.383,45059.92,46177.08
45946.47,46025.31,45359.35,46271.316
46368.62,46162.887,45587.26,46300.76
46794.82,46425.348,45500.37,46386.742
47030.43,46923.617,45861.82,46538.676
47235.43,47378.953,46567.03,46937.766
47994.55,47894.082,46758.29,47231.285
48516.87,48510.82,47284.42,47591.34
50082.76,49469.203,47924.47,48019.668
50409.41,50394.06,50073.66,48876.45
51448.89,51403.223,51175.72,49605.445
53058.86,52498.47,52378.99,50586.26
56806.42,54245.227,54042.76,51871.547
59150.99,55778.734,57283.97,54289.812
60647.81,57495.285,59775.96,56446.168
62004.97,59275.8,61755.04,58543.4
64439.83,61836.953,63398.44,60246.38
65611.42,63255.223,65655.91,61935.703
66382.76,64318.758,67047.11,63030.934
67215.15,65129.945,67599.03,64047.02
67903.42,67582.01,67883.03,64925.617
68525.65,68198.72,68154.4,66219.39
68693.7,68688.76,68491.88,66768.3
68830.59,69098.34,68801.52,67258.4
68772.58,69328.875,68771.34,67599.16
69032.53,69609.2,68256.31,67654.19
69341.52,69829.39,68512.4,67866.73
69354.9,70012.35,68754.89,68094.34
69372.38,69796.07,68928.91,68348.34
69752.66,69889.695,69206.62,68413.22
69949.71,69979.46,69196.15,68741.11
70299.06,70031.75,69234.24,69123.66
70380.41,69663.695,69592.73,69503.83
70632.46,69671.37,69948.93,69586.24
70715.03,69672.53,70473.33,69803.78
70477.28,69673.7,70474.9,69972.09
69920.13,69308.375,70295.17,70062.15
69273.21,69247.2,69607.48,69834.06
69695.83,69196.17,69388.12,69673.75
69801.69,69135.914,69597.98,69489.35
69390.03,68713.83,69386.1,69292.01
69490.59,68605.66,69328.79,68878.875
69369.64,68534.08,68751.62,68565.12
68856.33,68448.51,68453.48,68312.0
68545.73,67997.914,67914.04,68086.84
68224.89,67883.04,67404.83,67712.6
67176.77,67795.62,67172.49,67417.664
67277.27,67764.984,67034.21,67189.59
67048.26,67199.53,66738.31,66983.93
66612.16,67126.75,66604.34,66627.09
66013.6,67075.17,65867.7,66301.07
65461.59,67044.16,65774.64,66042.664
65598.93,66383.58,65137.53,65785.2
65647.82,66278.08,65258.1,65354.777
65248.28,66238.42,64803.3,64993.773
65410.53,66212.34,64753.11,64887.703
65490.44,65571.51,64616.9,64907.902
65220.36,65526.93,64665.02,64786.945
65345.25,65530.51,64840.85,64770.42
65768.84,65544.875,65278.0,64958.727
65574.21,65337.117,65683.15,65222.95
66238.49,65238.656,66031.37,65484.05
67413.49,65162.15,66906.58,65828.16
68190.01,65136.95,68218.54,66346.125
68185.8,65092.93,68692.47,66949.484
67786.28,65021.598,68939.09,67672.33
67527.92,64913.46,68318.33,68008.78
67147.66,64826.152,67931.56,68032.91
65903.03,64581.98,67534.76,67836.23
64910.31,64290.145,66369.14,67041.04
64142.6,63974.043,64976.17,66150.6
62814.93,63610.42,63650.28,65167.9
61326.59,62610.023,62917.23,64270.496
60700.71,61507.117,61831.78,63084.418
59702.19,60353.207,60732.83,61943.773
58357.17,59107.87,59993.28,60831.582
57327.18,57267.918,59154.34,59845.094
56709.82,55583.836,58272.64,58681.85
55772.52,54365.85,57326.09,57569.777
54468.95,53417.703,55778.92,56470.68
53065.04,51751.04,54515.65,55546.734
52077.26,50455.543,52658.03,54042.73
51155.34,49601.67,51522.9,53122.508
49809.57,48948.52,50614.79,51997.168
48960.04,48257.547,49538.8,51046.7
48338.22,47708.023,48430.85,50103.707
47982.11,47270.668,48129.69,49398.65
47367.33,46913.523,47681.62,48757.18
46769.77,46502.586,47311.72,48210.12
46307.34,46194.31,46515.99,47675.465
46533.12,45931.367,46158.06,47252.86
46108.11,45730.832,45925.21,46829.48
45903.94,45217.992,45237.88,46437.22
45993.25,45713.21,44883.0,46569.83
45801.19,46204.38,44630.97,46483.57
45648.52,46393.734,44769.79,46409.27
45735.44,46508.902,44752.24,46330.664
45873.43,46580.844,44906.21,46376.875
45950.97,46702.72,45020.27,46376.242
46039.66,46903.258,44808.88,46435.664
47003.4,47362.016,44972.58,46572.89
47276.67,47893.19,45563.92,46937.63
47568.75,48498.016,46241.35,47231.742
48177.91,49159.133,46967.09,47633.14
49674.6,50194.1,47519.68,48123.375
50439.12,51094.914,49245.66,49044.07
51109.29,51991.832,50300.08,49862.594
52717.26,52904.074,51176.57,51029.36
55821.47,54623.336,52756.11,52603.418
57977.52,56003.18,56296.08,55488.285
59695.19,57572.723,58389.84,57991.043
61485.44,59215.047,60579.19,60392.773
63873.94,61976.684,62280.22,62335.93
65115.57,63345.32,64340.92,63923.293
65921.46,64396.668,65558.52,64756.055
66132.9,65199.33,66324.94,65419.555
66579.07,67612.36,67012.43,65980.93
67313.27,68123.65,67431.15,66814.31
67564.15,68515.68,67528.5,67262.13
67630.85,68808.08,67849.0,67694.16
67233.19,68757.77,67858.67,67989.79
67713.56,68936.836,67832.82,67853.82
68098.06,69095.336,68129.77,67984.66
67948.4,69214.234,68749.72,68155.484
68254.04,68942.086,68786.21,68333.48
68395.31,69035.16,68275.72,68269.3
68647.06,69102.78,68543.97,68533.14
68938.11,69140.2,68952.76,68856.914
68691.33,68734.72,69275.29,69185.74
69094.09,68705.164,69244.27,69200.01
69516.89,68634.305,69399.82,69395.03
69451.52,68537.09,69737.6,69584.96
68984.48,68066.13,69835.97,69701.43
68853.24,67961.875,69547.12,69475.81
68870.18,67853.414,69325.42,69349.91
68640.16,67749.54,69275.15,69237.7
68559.73,67290.07,69642.72,69055.6
68237.26,67200.03,69593.95,68683.516
68135.73,67132.234,69397.15,68390.33
67990.86,67080.19,69031.0,68166.56
67512.3,66564.38,68378.38,67974.23
67234.39,66461.41,67742.76,67635.96
66640.01,66386.16,67080.43,67333.66
66565.05,66341.54,66937.12,67081.63
66417.9,65742.38,66458.6,66848.48
66237.88,65711.375,66118.88,66544.12
65515.18,65675.3,65461.03,66152.1
64633.33,65625.2,64984.96,65883.98
64512.19,64961.88,64622.35,65584.77
64104.04,64825.586,65110.95,65236.71
64154.28,64757.195,64751.25,64796.977
63978.96,64729.367,64428.95,64651.33
64293.81,64320.82,64212.87,64615.812
64184.68,64500.004,64535.18,64356.043
64688.04,64446.906,64754.19,64283.15
64988.42,64414.234,65112.36,64360.92
65156.27,64334.492,65589.83,64536.227
65793.57,64181.89,67000.44,64763.9
67055.89,64103.34,68247.78,65258.65
67552.53,64075.73,69764.04,66063.44
67798.39,64367.39,70285.29,67047.55
67096.18,64310.13,70481.99,68149.69
66633.46,64269.73,69632.27,68315.65
66070.38,64258.88,69134.46,68144.61
65045.38,64238.113,68449.79,67829.1
63835.65,64005.445,66657.08,66366.3
63093.61,63712.14,65409.29,65456.387
62133.49,63360.1,64369.4,64534.33
60794.41,62145.312,63497.19,63727.062
60127.82,60970.414,61596.88,62245.164
58972.85,59812.69,60381.2,61248.223
58118.07,58702.03,59553.38,60320.74
57244.55,57145.89,58374.93,59530.113
56277.68,55877.605,57757.12,58341.664
55278.99,54965.27,56330.67,57435.9
54082.75,54268.25,54920.05,56560.473
52612.08,52869.516,54171.73,55773.28
51546.83,51491.7,52878.9,54281.11
51012.16,50578.984,51655.69,53309.953
50330.52,49901.27,50929.93,52076.72
48927.41,49231.06,50171.19,50936.348
48215.36,48621.883,48340.77,49818.586
47918.23,48113.438,47741.48,48889.773
47531.53,47682.484,47188.73,48074.86
46840.29,47223.6,46805.53,47404.49
46299.91,46837.07,46089.45,46771.312
46107.33,46520.78,45619.05,46264.082
45633.23,46263.88,45443.53,45795.62
45208.2,44980.992,45222.59,45413.125
45101.15,45283.418,44878.61,45300.336
45152.68,45650.53,44815.5,45269.27
45028.62,45891.457,44749.87,45250.938
44991.98,46169.848,44608.82,45232.574
45134.4,46359.906,44603.14,45344.215
45173.24,46598.98,44511.52,45394.74
45534.14,46877.242,44427.93,45515.277
46130.67,47397.69,44606.74,45716.75
46475.23,47869.14,44589.81,46179.9
46914.25,48426.23,44803.09,46560.355
47381.92,49079.04,45800.81,47038.055
48703.49,50135.984,46764.33,47628.875
49679.98,51048.223,48120.31,48687.207
50801.56,51949.105,49252.15,49621.11
52391.7,52813.812,50471.32,50816.438
55948.03,54411.02,52199.05,52342.477
58052.86,55349.336,55707.05,54899.223
59922.35,56229.45,58349.88,57135.56
61732.53,57039.668,60594.19,59451.965
63939.13,59109.715,62299.58,61538.88
65211.41,59877.15,64371.73,63571.535
65542.65,60534.29,65930.28,64765.64
65850.87,61117.676,67063.71,65620.664
66629.03,66500.98,67683.52,66274.16
67218.05,67124.28,68451.83,67745.63
67390.74,67673.66,68846.28,68158.47
67891.66,68107.78,69050.2,68560.8
67978.47,68382.89,68846.33,68809.4
68252.03,68681.14,68200.37,68828.29
68940.02,68958.05,68052.26,68879.46
69027.29,69180.33,68375.14,68934.016
68759.29,69144.484,68440.49,69075.97
68717.3,69316.766,67877.21,69033.55
69008.84,69497.555,67826.93,69273.26
69347.04,69651.28,68348.08,69600.1
68935.97,69509.35,68429.43,69972.945
69929.47,69655.26,68452.08,70128.07
70409.47,69678.27,68399.1,70275.08
70572.96,69735.086,69140.78,70415.16
70477.2,69442.03,69335.73,70448.77
70327.73,69414.195,68470.13,70069.45
70051.09,69398.62,67804.54,69797.48
69427.48,69345.984,67626.68,69495.5
69101.48,68926.85,66897.07,69154.555
68480.75,68874.28,66398.88,68450.82
67581.24,68857.63,65727.12,67937.93
66754.82,68829.0,65240.5,67464.02
65772.62,68327.016,64416.8,67019.4
65606.99,68262.695,64185.1,66348.7
65447.57,68226.81,63796.45,65868.3
64821.38,68183.17,63320.08,65501.945
64783.19,67526.68,63057.4,65190.18
64272.72,67440.85,63336.37,64656.96
63932.93,67406.836,62782.2,64206.824
63754.75,67353.6,62528.62,63892.8
63919.0,66625.82,62088.12,63639.48
63203.87,66560.57,62217.68,63145.19
62675.86,66530.55,62130.2,62891.41
62905.0,66521.75,61774.79,62861.59
62892.23,66012.43,61883.29,62946.88
63053.85,65941.055,62047.57,62639.06
63359.48,65910.766,62244.01,62731.54
63765.32,65898.96,62568.63,62993.105
64757.91,66048.15,62958.05,63324.023
65564.82,66018.68,63780.34,63583.26
66527.72,66013.41,64921.35,64147.996
67277.93,66021.46,66021.29,64966.89
67296.2,66189.664,66086.03,65791.25
66386.5,66125.08,66782.43,66280.7
66091.83,66033.1,66143.09,66238.55
65609.01,65894.8,65896.66,65916.6
63331.71,65075.46,64851.17,65451.766
62040.74,64598.492,63711.52,63807.055
60691.62,64017.883,62485.03,62730.76
59716.97,63356.414,61664.7,61680.87
58599.14,61464.055,60174.4,60797.047
57097.82,60211.688,58651.36,59305.883
55681.31,58948.625,57603.25,58293.438
54851.88,57759.34,56296.81,57317.246
53996.75,55922.223,55492.44,56504.16
53274.04,54714.63,55289.19,55326.63
52190.36,53755.234,54342.16,54527.676
51334.88,52885.715,53720.25,53751.496
50575.97,51020.406,53243.2,53101.188
49675.5,49860.53,51451.36,51741.0
48994.08,48996.582,50124.36,51087.766
47992.99,48331.44,49009.44,50133.918
45906.94,47568.418,48465.39,49257.832
45324.74,46880.01,47960.49,48341.76
45073.83,46342.727,47295.94,47638.77
44504.65,45943.32,46794.23,47001.49
43795.75,45460.867,46347.43,46466.383
43339.65,45152.445,45630.83,45962.195
43041.66,44907.32,45092.33,45577.27
42715.37,44734.6,45276.74,45221.9
42319.83,42740.72,44813.14,44908.152
42076.64,42757.566,44107.38,43919.69
41702.87,42962.02,44103.69,43792.188
41745.6,43003.504,43709.93,43720.184
41754.47,42980.71,43795.55,43584.047
41573.12,42905.44,43724.72,43529.73
41627.4,42800.234,43345.28,43525.65
41676.75,42735.203,43381.86,43561.137
42152.92,42755.855,43469.88,43629.613
42624.11,42896.93,43647.2,43731.477
42696.31,43166.47,43829.36,43807.637
42879.05,43514.91,43989.41,43895.67
43101.71,43985.47,44176.64,43995.89
43272.03,44479.297,44581.52,44166.598
43252.68,44958.914,44743.58,44293.316
43831.27,45376.543,44939.71,44457.363
44908.33,45972.656,45374.07,44659.137
45593.13,46633.914,46263.64,45062.51
46225.99,47326.84,46826.48,45449.53
46795.95,48049.234,47413.92,45971.055
48152.91,49052.938,47993.64,46612.184
48879.79,50035.97,48972.62,47501.117
49800.13,50973.14,49583.27,48368.875
50176.67,51861.402,50766.86,49198.613
50347.06,53496.324,51280.99,49976.625
50832.65,54056.49,51990.6,51399.875
51620.71,54530.64,52298.71,52366.43
52230.65,54996.29,53559.03,53268.49
53091.02,55466.316,54346.86,54041.234
53625.48,55848.09,55276.74,54729.902
54298.23,56168.246,55804.28,55404.027
54851.76,56445.887,55952.89,55948.34
55423.1,56665.297,56179.7,56402.434
56032.83,56832.336,55852.76,56755.91
56227.77,56953.6,56054.19,57071.543
56231.97,57048.695,55786.3,57269.99
56047.37,57060.332,55952.45,57410.734
55981.55,57026.723,56458.2,57571.51
56554.31,56921.367,56741.73,57631.637
56395.41,56790.066,56608.99,57616.0
56446.75,56575.527,56674.63,57541.98
55873.14,56374.062,56461.51,57437.105
55294.2,56155.625,56115.46,57114.49
55094.26,55899.85,55946.79,56695.293
54984.91,55576.992,55831.73,56228.203
54694.04,55311.47,55928.35,55766.586
54439.32,55034.344,55628.5,55226.16
53938.03,54768.438,54517.81,54692.418
53723.68,54455.832,54211.91,54199.87
53585.23,54222.766,53899.11,53733.22
53045.0,54040.637,53884.78,53272.305
52686.17,53854.016,53300.57,52930.836
52612.64,53602.316,53159.78,52661.668
52308.23,53451.098,52805.48,52409.504
52333.59,53349.336,52352.16,52164.54
52023.13,53324.33,52220.18,52022.637
52098.77,53290.4,51635.53,51949.65
52045.61,53257.13,51858.24,51907.168
52376.08,53289.47,51929.96,51872.273
52527.04,53391.344,51989.39,51995.6
53160.44,53632.91,52226.94,52275.35
53448.23,53709.223,52097.33,52711.066
53891.8,53786.64,52422.24,53142.17
54466.48,53852.27,52757.69,53706.684
55793.75,54397.516,53677.7,54246.887
56086.63,54308.535,54915.1,54880.777
57197.44,54167.277,56289.19,55247.543
57458.48,54016.81,57297.51,55791.297
56628.1,54341.04,57261.18,56341.87
56313.68,54014.863,57020.95,56846.836
55871.0,53690.66,56102.68,56592.766
55121.87,53362.73,55586.73,56148.375
53920.88,52885.023,55132.17,55588.82
52697.44,52339.805,54126.55,54742.25
51749.61,51759.492,52969.37,53834.098
51034.2,51148.91,52033.68,52965.754
50039.28,50199.883,51110.29,52158.45
49531.79,49387.695,50916.46,51298.332
48730.4,48660.84,50434.81,50529.812
48283.52,47913.184,49751.84,49954.008
48201.64,47027.188,49207.02,49572.707
47587.81,46420.61,49580.52,49167.645
46860.72,45803.31,48844.07,48816.598
46225.79,45169.746,48042.61,48398.82
45370.94,43999.734,47250.06,48029.03
44453.49,43445.727,46608.65,47040.24
43703.18,42909.63,45811.67,46450.984
42707.08,42475.844,45341.61,45738.633
41011.26,42055.742,44591.64,44970.83
40495.82,41635.695,43239.71,44181.418
40166.94,41322.547,42461.9,43475.316
39395.56,41084.27,42212.97,42789.02
39242.94,40889.17,41407.64,42194.207
38830.0,40734.96,40803.51,41672.848
38360.2,40617.938,40365.85,41204.582
37968.61,40537.242,39932.22,40797.258
37961.36,38592.066,39216.08,40469.2
37588.02,38574.2,38193.14,39644.996
37396.17,38661.5,38047.08,39408.89
37534.05,38754.29,37844.7,39249.79
37537.04,38885.758,37811.07,39143.72
37589.32,38974.51,37966.99,39093.965
37528.89,39055.883,37930.85,39023.727
37190.86,39136.67,37753.57,38979.242
37959.77,39272.715,37341.6,38959.57
38437.17,39377.516,37037.8,39049.55
38164.55,39502.4,37094.65,39093.2
37895.44,39625.47,38124.61,39163.195
38576.12,39819.863,38008.1,39230.086
38630.94,39975.477,38401.34,39350.625
38516.52,40146.594,38393.57,39404.375
38423.78,40309.715,38182.29,39438.992
38550.73,40557.473,38179.62,39471.164
38880.43,40697.21,38039.88,39637.246
39182.81,40808.883,38100.55,39741.418
39281.15,40908.47,38889.71,39902.34
40058.04,41125.32,38486.64,40127.926
40568.45,41266.207,39051.39,40563.66
41010.12,41435.34,39500.17,40989.562
41405.83,41637.95,39353.58,41494.633
41976.07,43348.375,39806.74,42020.41
43120.38,43837.73,41001.36,43389.66
43989.27,44396.312,41651.49,44153.703
44674.86,45088.402,42643.53,45024.715
44810.0,45914.574,43252.53,45892.63
45319.09,46613.504,44403.88,46789.637
45826.26,47274.125,44922.59,47503.79
46647.16,47897.477,45980.68,48141.3
47635.52,48592.004,46869.0,48714.266
48524.1,49347.184,47625.13,49262.066
48971.1,50069.34,48432.71,49765.98
49442.77,50603.016,48899.64,50223.367
50612.45,50964.625,48936.32,50669.59
51387.89,51207.703,49852.68,51130.203
51879.65,51249.242,50120.35,51672.99
51671.11,51155.914,50425.17,52224.668
51389.09,51004.8,50822.66,52672.438
51251.37,50716.613,51051.81,52891.105
50644.94,50410.15,51585.56,52888.598
50150.07,50062.176,51982.01,52693.863
49434.62,49771.57,51925.15,52351.0
48455.76,49422.58,52136.53,51824.855
48326.73,49017.64,52073.87,51258.37
47777.94,48728.656,51505.32,50719.113
47358.51,48515.816,50946.93,50234.586
47254.32,48257.59,50396.32,49729.383
47324.65,48076.094,49761.12,49304.51
47057.49,47985.35,49306.32,48975.89
47643.56,47977.113,48660.12,48734.777
47271.67,48038.66,48097.37,48460.93
47064.44,48022.383,47921.39,48293.543
46974.63,47997.67,48033.67,48203.07
47633.61,48093.05,48144.0,48172.258
47449.2,48228.992,48058.33,48140.7
47765.1,48328.297,48014.19,48154.06
48423.13,48524.54,47941.31,48294.06
49030.6,48997.137,47700.49,48582.812
49161.88,49332.48,47903.98,49160.617
49693.79,49617.855,48085.91,49674.125
50674.28,49928.875,48649.41,50303.43
51571.55,50569.07,49552.51,50926.957
52186.34,50835.99,51262.78,51904.145
53390.37,51070.46,53028.84,52510.65
53579.62,51294.242,54653.73,53188.984
54080.28,51788.375,55408.47,53782.633
53580.2,51816.29,56243.62,54554.914
53233.98,51817.23,55987.65,54529.645
52776.28,51784.484,55646.65,54357.477
52319.1,51926.055,54987.22,54037.836
51287.2,51742.48,54545.96,53479.668
50437.01,51482.176,53975.95,52778.977
49592.87,51135.51,53437.24,52161.79
49431.6,50569.57,52603.27,51650.5
49104.84,50061.79,52367.68,51129.133
48648.62,49607.75,51216.38,50610.324
48610.57,49136.145,50133.05,50142.31
48878.51,48581.547,49358.52,49742.395
48244.71,48246.16,48967.17,49371.047
47420.5,47794.258,48753.49,49001.465
46713.4,47192.977,48340.21,48681.906
45246.93,44975.926,48065.82,48432.04
44020.27,44000.812,48321.16,47781.652
43181.65,43030.707,47739.89,47207.277
42564.74,42248.684,46939.97,46546.78
42162.98,41645.688,46175.07,45874.234
41557.45,41238.734,45431.05,45277.336
41342.61,40960.586,44672.35,44683.062
41021.71,40784.805,44085.61,44130.805
40758.61,40638.258,43560.88,43635.047
40482.95,40534.35,43691.99,43256.96
40220.05,40453.68,43811.07,42838.598
40211.82,40393.758,43496.73,42423.65
39901.87,40622.375,43313.47,42018.547
39684.17,40736.254,43068.58,42881.53
39406.8,40863.914,42772.11,42621.812
39672.36,40943.08,42749.16,42482.62
40083.01,41113.086,42656.3,42431.992
40201.42,41290.383,42611.7,42513.64
40228.53,41601.254,42524.39,42605.777
40247.92,41980.734,42660.17,42773.516
41029.33,42584.598,43028.32,43028.605
41713.16,43209.39,43233.03,43451.625
42104.42,43996.98,43456.59,43885.54
42815.6,44870.22,43504.83,44405.977
44789.32,46080.555,43524.4,45027.625
46353.14,47472.61,44215.36,45923.61
47913.46,49193.785,44517.11,46874.46
50013.86,51316.99,45478.7,48044.0
53691.12,54474.43,46308.6,49485.816
56096.26,57389.156,48187.73,51612.45
58289.66,59786.78,49193.22,53846.617
60312.67,61617.195,50476.56,56427.652
62472.78,63367.75,52152.22,59133.387
63491.08,64438.254,55232.14,61810.13
64396.04,65254.062,57858.22,63320.94
65013.77,65879.01,60161.12,64257.758
65700.49,66785.0,61825.22,64872.805
65787.41,67180.11,63208.57,65484.246
66140.3,67484.07,64101.9,65802.78
66768.11,67753.83,64961.01,66140.58
66631.87,67783.31,65733.67,66351.86
66736.65,68027.61,66375.34,66620.34
67155.48,68246.445,66343.44,66732.664
67456.77,68418.36,66207.74,66787.23
67266.42,68347.45,66124.62,66846.55
67654.8,68446.16,65609.51,67002.516
67753.76,68518.49,65826.59,67100.766
68089.8,68565.63,66158.45,67273.625
68034.17,68356.9,66501.43,67496.414
68332.77,68377.9,66915.12,67750.44
68121.07,68383.516,67336.56,68004.78
67895.43,68372.13,67882.14,68254.09
67547.6,68083.79,68535.91,68484.375
67539.07,68023.125,69249.45,68447.29
68161.39,67928.69,69321.46,68441.8
68470.75,67842.09,69643.58,68374.95
68777.19,67450.97,69745.33,68264.02
68458.03,67345.68,69368.43,67783.516
67430.19,67234.93,69169.99,67548.36
67110.34,67150.02,69442.87,67314.87
66671.72,66692.516,69397.2,67106.984
66082.53,66604.7,69332.1,66505.625
65639.63,66531.734,69113.43,66217.234
65251.81,66466.7,68406.4,65975.05
65190.83,65967.02,67771.35,65772.03
65167.4,65902.03,67593.6,65273.516
64890.06,65867.66,67189.41,64968.445
64375.19,65848.21,66945.74,64771.445
64663.78,65350.023,66644.99,64611.91
63867.34,65301.258,66234.93,64180.992
63638.48,65282.805,65840.05,63842.72
63269.0,65282.785,65329.46,63670.12
63481.31,64954.176,64924.92,63642.098
63499.19,64908.45,63924.59,63584.844
63671.42,64865.04,63798.81,63677.805
64101.23,64824.625,63805.56,63942.934
65384.36,64709.035,64299.86,64235.47
66127.51,64601.883,65133.52,64585.6
67056.6,64524.953,66558.29,65125.04
67752.99,64465.04,67959.91,65970.46
66992.55,64305.824,68401.45,66824.06
66255.46,64170.734,68131.66,67330.19
65643.79,64052.49,67636.11,67338.625
65440.35,63923.105,67095.9,67138.39
65070.72,63378.434,66490.74,66793.76
63969.08,63089.438,66620.62,65552.72
62727.75,62794.133,66469.99,64595.855
61675.64,62465.234,65937.66,63596.64
59784.97,61415.254,65191.89,62690.9
59250.6,60682.39,64663.91,61207.13
58125.29,60011.72,63659.2,60176.793
57256.48,59303.555,62585.02,59261.53
57131.85,57937.78,61708.68,58477.59
56308.27,56997.105,60868.39,57378.37
55026.91,56165.387,60077.52,56575.39
54267.42,55374.934,59011.17,55812.816
53205.97,53279.785,57920.06,55179.723
52358.06,51543.043,57486.81,53948.62
51628.77,50348.66,56528.82,53276.22
50491.63,49491.652,55577.61,52361.63
49296.28,48713.25,54370.06,51513.113
48743.76,48012.117,52734.23,50665.836
48395.79,47506.41,51353.24,49970.996
47809.87,47116.64,50354.45,49330.65
46771.4,46809.098,49622.16,48772.723
46404.47,46439.06,49152.01,48254.57
46148.25,46162.223,48422.68,47823.08
45774.01,45946.676,48142.97,47420.4
45473.13,44428.94,47587.64,47063.277
45243.76,44765.695,47222.2,47269.4
45224.99,45018.703,46990.23,47194.668
45103.37,45138.473,46754.06,47136.496
45287.15,45284.73,46408.09,47104.273
45606.02,45397.133,45933.56,47225.266
45680.59,45610.72,45987.27,47345.617
45835.91,45924.164,46312.88,47536.16
46585.03,46521.227,46392.27,47769.176
47167.95,47091.945,46090.13,48179.18
47863.79,47748.17,46511.93,48562.5
48346.73,48533.6,46741.08,48997.133
49629.05,49803.387,47061.72,49515.11
50533.41,51172.812,47654.15,50315.984
51710.29,52852.58,48180.16,51088.43
53288.53,54918.105,48421.38,52053.76
56497.54,58130.043,49102.46,53324.883
58854.78,60825.16,50415.36,55346.656
60596.09,63025.375,51191.45,57446.066
62304.04,64633.156,52228.8,59955.03
64233.41,66144.31,53917.58,62506.125
65417.02,66908.76,57456.77,64704.07
65898.56,67453.805,59964.24,65915.79
66044.51,67851.64,61912.55,66712.52
66549.19,68707.3,63228.75,67255.58
66843.79,69077.93,64445.13,67464.266
67073.89,69334.7,64885.46,67820.9
67001.0,69539.73,65692.82,68139.65
66272.11,69338.66,66465.99,68366.42
66824.69,69551.11,67259.95,68508.46
67268.57,69731.914,67888.89,68603.48
67192.76,69815.87,67864.06,68691.625
66894.52,69488.59,67965.36,68779.54
67061.29,69521.68,68130.14,68828.734
67402.14,69528.06,68206.75,68957.016
67553.86,69502.59,68258.11,69134.65
67839.96,69037.234,68284.71,69356.22
68537.65,68990.516,68420.81,69451.8
68864.18,68927.37,68513.11,69661.5
68862.5,68868.5,68552.64,69862.71
68182.66,68395.53,69141.7,70031.016
67851.64,68280.64,69125.13,69836.21
67829.7,68152.94,69551.16,69784.64
68034.94,68016.7,69530.26,69689.53
68570.14,67514.984,69395.28,69556.8
68434.35,67409.81,68823.44,68955.93
67926.12,67326.016,68541.95,68623.24
67044.79,67248.87,68290.89,68329.06
66344.15,66753.375,68506.03,68079.38
66376.79,66686.16,68696.37,67422.914
66294.05,66644.62,68362.49,67095.23
66113.49,66607.01,67927.76,66852.3
65999.22,66093.59,67411.36,66644.44
65747.08,66036.29,67334.4,66085.11
65483.09,66017.445,67016.49,65813.27
64834.55,66011.89,67105.76,65637.336
64348.67,65527.95,66999.27,65478.375
63816.32,65485.6,66796.62,65034.86
63782.74,65460.387,66476.94,64686.97
63534.48,65464.117,66184.03,64490.36
63439.71,65162.633,66010.41,64463.46
63533.38,65127.168,65778.01,64442.145
63707.39,65139.68,65466.04,64539.35
64178.65,65144.367,65833.07,64819.445
64644.28,65069.957,66314.85,65156.637
65500.57,64957.32,67275.24,65672.32
66791.15,64865.977,68351.31,66388.21
67344.65,64794.72,69618.52,67378.516
67638.7,64623.457,69946.34,68173.04
67238.83,64487.055,69293.35,68358.5
66747.66,64357.055,68931.09,68264.83
66380.1,64235.637,68654.2,68006.81
65846.34,63687.664,68365.28,67629.45
64784.45,63407.227,67870.25,66302.94
63632.3,63118.38,67249.68,65278.67
62500.42,62804.008,66671.49,64194.637
61324.71,61709.97,66034.28,63208.387
60337.5,61028.254,65392.21,61736.633
59082.14,60358.703,64136.65,60677.637
58308.61,59641.242,62898.56,59749.37
57547.98,58259.06,62253.69,58991.57
56511.94,57244.312,61539.42,57998.207
55079.57,56328.574,60759.3,57191.87
53961.13,55450.24,59940.33,56445.25
52734.18,53432.586,58999.27,55837.902
51825.27,51686.47,58718.26,55232.355
50879.55,50464.996,57923.3,54555.555
50052.27,49548.812,56397.53,53692.95
49310.56,48746.75,55645.96,52907.746
48918.21,48079.355,54054.33,52124.184
48216.56,47576.363,52977.75,51446.668
47642.87,47156.004,51996.46,50815.934
46667.2,46817.23,51225.28,50264.79
45994.13,46447.887,49923.93,49712.227
45861.52,46122.67,49200.97,49251.895
45540.26,45882.555,49097.37,48811.848
45066.9,45004.93,48809.03,48416.37
44837.42,45390.95,48346.72,49068.113
44851.33,45748.906,48275.33,48968.695
45059.92,45904.246,48017.58,48860.477
45359.35,46072.617,48063.76,48781.914
45587.26,46156.85,47280.34,48841.21
45500.37,46286.938,47426.97,48901.766
45861.82,46467.242,47399.03,49032.13
46567.03,46939.523,47354.71,49221.51
46758.29,47439.484,47442.39,49568.918
47284.42,48060.02,47655.64,49860.46
47924.47,48845.758,47754.28,50214.156
50073.66,50122.39,48013.37,50636.305
51175.72,51607.562,48633.52,51306.5
52378.99,53412.66,48922.59,51945.47
54042.76,55560.668,49543.13,52774.37
57283.97,58720.625,50048.74,53839.83
59775.96,61204.152,51311.37,55513.625
61755.04,63178.293,52024.79,57263.71
63398.44,64611.055,53059.18,59403.05
65655.91,65955.0,54545.48,61764.23
67047.11,66651.64,57491.71,64252.438
67599.03,67181.82,59887.5,65807.04
67883.03,67588.64,61256.17,66893.4
68154.4,68725.4,62540.14,67645.445
68491.88,69237.2,63932.21,68154.29
68801.52,69626.52,64522.49,68620.91
68771.34,69933.73,65168.09,68979.44
68256.31,69743.56,65848.44,69140.734
68512.4,69975.914,66743.85,69112.31
68754.89,70148.945,67072.64,69050.97
68928.91,70268.12,66784.59,69023.69
69206.62,69859.94,66949.21,69036.55
69196.15,69889.83,66596.95,69083.66
69234.24,69897.07,66718.98,69225.02
69592.73,69882.31,67070.75,69412.06
69948.93,69330.37,66983.3,69631.03
70473.33,69274.57,67446.99,69730.07
70474.9,69195.93,67317.0,69930.57
70295.17,69075.84,67540.8,70114.67
69607.48,68516.13,67791.98,70274.47
69388.12,68382.73,67661.04,70055.14
69597.98,68236.77,67657.74,70032.484
69386.1,68090.95,67824.51,69974.4
69328.79,67552.42,67982.12,69881.42
68751.62,67416.61,67780.26,69295.78
68453.48,67291.766,67695.48,68999.52
67914.04,67179.375,67880.77,68739.77
67404.83,66613.5,67663.26,68500.44
67172.49,66523.53,68238.49,67841.7
67034.21,66441.53,68043.09,67530.26
66738.31,66370.38,67602.39,67290.16
66604.34,65780.68,67105.52,67080.336
65867.7,65700.71,67174.52,66514.12
65774.64,65638.945,66989.69,66235.516
65137.53,65598.83,66726.45,66063.05
65258.1,65034.156,66652.93,65926.0
64803.3,64972.645,66168.4,65487.047
64753.11,64958.83,65775.35,65177.24
64616.9,64984.727,65545.27,65006.633
64665.02,64576.816,65400.75,64995.49
64840.85,64552.72,65053.71,64998.09
65278.0,64583.22,64792.19,65100.434
65683.15,64602.05,65128.91,65389.15
66031.37,64504.957,65680.55,65744.43
66906.58,64435.023,67164.28,66253.74
68218.54,64413.9,68428.3,66986.26
68692.47,64420.98,69136.23,67815.84
68939.09,64222.785,69591.84,68353.62
68318.33,64102.23,68671.56,68385.07
67931.56,63955.664,68158.58,68232.17
67534.76,63834.49,67791.88,67960.84
66369.14,63082.23,67616.26,67596.69
64976.17,62653.613,67988.14,66465.93
63650.28,62198.996,67624.81,65468.758
62917.23,61713.586,67067.85,64390.58
61831.78,60425.566,66505.82,63400.387
60732.83,59493.184,65162.33,62022.273
59993.28,58587.445,64049.74,60956.094
59154.34,57724.344,62948.17,60051.62
58272.64,56302.645,62200.28,59328.215
57326.09,55219.855,61667.68,58436.992
55778.92,54398.312,61360.24,57653.18
54515.65,53729.258,60804.23,56936.547
52658.03,51974.355,59753.95,56347.582
51522.9,50715.82,58530.36,55979.426
50614.79,49876.96,57990.0,55279.742
49538.8,49219.49,56901.61,54429.16
48430.85,48536.89,55756.12,53662.652
48129.69,47960.3,54772.16,52913.367
47681.62,47512.258,54009.73,52250.008
47311.72,47132.633,52956.14,51638.74
46515.99,46797.113,52344.52,51109.78
46158.06,46469.695,50730.56,50581.05
45925.21,46201.113,50051.58,50129.29
45237.88,45990.59,49487.33,49694.34
44883.0,45613.324,49246.73,49301.242
44630.97,45845.36,48124.43,50136.504
44769.79,46153.68,47858.8,50019.523
44752.24,46341.277,47553.49,49877.438
44906.21,46556.348,47256.89,49762.35
45020.27,46680.395,47170.16,49800.332
44808.88,46826.926,47247.45,49815.832
44972.58,47002.258,47208.8,49891.85
45563.92,47411.742,47217.44,50016.203
46241.35,47829.94,47494.28,50297.188
46967.09,48419.266,47614.99,50508.652
47519.68,49153.605,47580.33,50779.824
49245.66,50295.64,47604.57,51116.152
50300.08,51463.58,47907.33,51687.484
51176.57,52746.78,47957.42,52212.7
52756.11,54075.113,48183.43,52897.74
56296.08,56181.637,48708.66,53765.36
58389.84,57722.414,49484.25,55139.934
60579.19,59119.68,49746.34,56523.324
62280.22,60403.02,50340.84,58224.965
64340.92,62325.09,50938.37,60234.535
65558.52,63293.492,53207.95,62751.418
66324.94,64140.13,54795.17,64710.188
67012.43,64838.297,56096.95,66222.67
67431.15,67543.17,57215.93,67275.195
67528.5,68279.31,58681.64,68033.53
67849.0,68860.59,59330.22,68649.32
67858.67,69297.99,59936.24,69104.53
67832.82,69301.43,61025.59,69355.13
68129.77,69536.0,62004.26,69290.266
68749.72,69733.75,62507.46,69313.31
68786.21,69879.555,62582.37,69355.26
68275.72,69672.27,62623.84,69515.47
68543.97,69750.3,62371.02,69470.33
68952.76,69772.23,62908.41,69611.445
69275.29,69732.805,63490.37,69762.234
69244.27,69215.36,63761.81,69930.3
69399.82,69082.89,63203.05,69868.81
69737.6,68938.41,63496.47,69995.7
69835.97,68778.164,63756.43,70111.42
69547.12,68237.35,63760.51,70202.75
69325.42,68091.89,63761.71,69881.37
69275.15,67952.56,63977.98,69830.81
69642.72,67826.54,64134.66,69756.78
69593.95,67322.87,64081.1,69642.73
69397.15,67224.42,63144.6,69066.47
69031.0,67144.56,62738.16,68779.58
68378.38,67059.37,62489.2,68517.55
67742.76,66529.42,62272.36,68277.85
67080.43,66453.375,62505.97,67570.36
66937.12,66406.57,62262.82,67213.96
66458.6,66380.85,61669.32,66911.96
66118.88,65802.81,61312.54,66631.62
65461.03,65714.76,61505.78,65945.53
64984.96,65670.25,61037.77,65582.53
64622.35,65618.59,60766.27,65326.633
65110.95,64983.164,60382.82,65105.734
64751.25,64871.832,60334.02,64618.184
64428.95,64813.332,59802.09,64250.348
64212.87,64788.758,59840.16,64034.938
64535.18,64308.79,59647.03,63972.543
64754.19,64249.355,59433.71,63840.28
65112.36,64234.836,59182.87,63918.22
65589.83,64252.793,59285.03,64215.473
67000.44,64107.938,59737.38,64573.914
68247.78,64131.59,61301.43,64934.758
69764.04,64169.37,62607.79,65402.336
70285.29,64235.734,63388.56,65967.07
70481.99,64104.457,63643.72,66364.0
69632.27,64076.96,63704.3,66461.04
69134.46,64027.5,63577.57,66257.58
68449.79,64011.42,63316.01,65957.71
66657.08,63576.703,63044.4,65619.875
65409.29,63336.48,62884.99,65070.03
64369.4,63095.707,62336.58,64273.87
63497.19,62842.03,62136.22,63407.46
61596.88,61885.484,61894.87,62592.35
60381.2,61080.797,60404.76,61529.98
59553.38,60196.676,59279.32,60513.77
58374.93,59286.62,58462.32,59649.715
57757.12,57750.266,57991.63,58969.79
56330.67,56562.797,57051.77,58193.863
54920.05,55609.34,56618.22,57440.688
54171.73,54841.875,56049.61,56767.7
52878.9,53065.44,55654.25,56224.395
51655.69,51657.883,55060.04,55551.566
50929.93,50709.5,54354.42,54839.08
50171.19,49991.48,53541.59,53998.246
48340.77,49270.89,52245.01,53260.58
47741.48,48601.51,50521.72,52539.707
47188.73,48057.42,49503.82,51898.59
46805.53,47606.83,48788.43,51296.59
46089.45,47186.605,48320.42,50763.258
45619.05,46817.844,47061.48,50270.523
45443.53,46518.35,46513.16,49799.184
45222.59,46276.73,45933.37,49341.418
44878.61,45709.9,45472.94,48925.758
44815.5,45875.39,44748.98,49354.19
44749.87,46160.89,44564.04,49266.883
44608.82,46331.383,44449.54,49106.277
44603.14,46521.76,43898.52,48959.16
44511.52,46626.03,43456.61,48923.562
44427.93,46739.332,43414.59,48852.434
44606.74,46898.164,43377.0,48827.312
44589.81,47321.758,43308.21,48842.773
44803.09,47696.68,43578.66,48994.73
45800.81,48130.977,43675.44,49085.28
46764.33,48665.074,43765.31,49230.742
48120.31,49572.71,43339.28,49425.402
49252.15,50382.69,43992.92,49804.508
50471.32,51267.855,44232.63,50132.06
52199.05,52192.336,44369.25,50568.113
55707.05,53693.816,44503.25,51138.12
58349.88,54729.766,44786.57,52077.477
60594.19,55719.02,44772.02,53039.93
62299.58,56669.176,45103.93,54299.67
64371.73,58489.75,45222.3,55901.527
65930.28,59507.168,45989.96,58155.92
67063.71,60492.367,46744.21,60197.8
67683.52,61422.074,47324.21,62047.57
68451.83,65894.55,47921.93,63521.117
68846.28,66997.16,48847.15,64630.016
69050.2,67877.97,49562.34,65355.68
68846.33,68495.055,50391.78,66116.89
68200.37,68902.695,51278.39,66694.09
68052.26,69190.6,52393.9,66989.42
68375.14,69403.83,53081.48,67233.26
68440.49,69615.69,53590.72,67445.74
67877.21,69577.77,53718.46,67639.15
67826.93,69733.875,53710.08,67689.14
68348.08,69887.89,53994.87,67843.55
68429.43,70045.08,54117.61,68051.7
68452.08,69889.164,54463.03,68298.445
68399.1,70021.3,54702.62,68398.92
69140.78,70137.375,55056.41,68563.78
69335.73,70224.78,55463.19,68740.484
68470.13,69928.86,55920.98,68885.56
67804.54,69948.33,56288.17,68763.46
67626.68,69936.516,56785.29,68698.91
66897.07,69876.266,57154.23,68605.41
66398.88,69309.41,57187.86,68458.984
65727.12,69151.055,57628.92,68021.125
65240.5,68968.67,57498.79,67661.74
64416.8,68773.21,57148.17,67341.37
64185.1,68012.28,57311.97,67038.53
63796.45,67793.03,57088.33,66516.914
63320.08,67593.914,56793.66,66112.12
63057.4,67401.63,56527.2,65806.95
63336.37,66593.945,55886.52,65558.01
62782.2,66346.14,55629.11,65114.047
62528.62,66173.414,55096.77,64798.234
62088.12,66033.57,54957.97,64615.684
62217.68,65313.758,54610.91,64456.97
62130.2,65154.875,55309.49,64093.973
61774.79,65033.617,54959.85,63771.312
61883.29,64935.797,54973.97,63675.29
62047.57,64291.69,54997.59,63731.65
62244.01,64163.938,55063.61,63699.516
62568.63,64076.17,54875.84,63847.85
62958.05,64040.156,55483.65,64197.73
63780.34,63620.83,56082.05,64603.78
64921.35,63550.332,58202.46,64884.34
66021.29,63538.293,59011.1,65087.703
66086.03,63566.258,59342.37,65127.25
66782.43,63110.934,59449.96,65049.977
66143.09,63084.16,59065.74,64706.74
65896.66,63092.902,58644.43,64289.477
64851.17,63140.04,58336.18,63847.598
63711.52,62520.395,57838.19,63430.133
62485.03,62281.75,57705.59,62574.625
61664.7,61969.17,57031.27,61743.117
60174.4,61535.797,56559.98,60875.06
58651.36,60129.32,56214.7,60119.6
57603.25,59031.273,55002.61,58989.125
56296.81,58011.3,53997.84,58074.88
55492.44,57094.516,53177.31,57225.117
55289.19,55694.855,52611.82,56557.336
54342.16,54830.664,51938.57,55698.28
53720.25,54117.496,51509.32,55047.27
53243.2,53485.71,50975.53,54429.94
51451.36,51706.547,50668.01,53938.434
50124.36,50593.03,51000.46,52731.92
49009.44,49682.746,50080.55,52226.273
48465.39,48919.55,49310.83,51353.457
47960.49,48201.992,48467.68,50488.55
47295.94,47658.223,47523.21,49582.336
46794.23,47216.285,46735.54,48789.363
46347.43,46856.57,46090.6,48017.01
45630.83,46518.36,45570.26,47331.824
45092.33,46231.367,44301.78,46688.395
45276.74,45991.18,43758.5,46155.094
44813.14,45839.734,43105.55,45663.676
44107.38,43768.668,42654.37,45238.42
44103.69,43923.68,42000.26,44455.215
43709.93,44177.043,41487.98,44308.926
43795.55,44235.59,41449.22,44194.883
43724.72,44251.24,41215.9,43964.824
43345.28,44195.543,41098.08,43793.906
43381.86,44081.547,40797.06,43680.49
43469.88,43985.95,40661.79,43617.926
43647.2,43969.56,40580.45,43588.145
43829.36,44000.42,40627.64,43596.26
43989.41,44140.914,40598.13,43609.484
44176.64,44402.953,40644.55,43635.074
44581.52,44838.145,40670.45,43677.5
44743.58,45333.902,40897.14,43757.938
44939.71,45843.04,40912.82,43827.344
45374.07,46328.258,41257.65,43942.91
46263.64,46975.37,41490.54,44081.258
46826.48,47576.312,42253.09,44343.04
47413.92,48182.227,42318.11,44632.867
47993.64,48799.844,42424.89,45032.688
48972.62,49613.168,43215.16,45548.58
49583.27,50410.17,43999.98,46283.26
50766.86,51090.297,44518.98,47025.41
51280.99,51791.586,44903.2,47771.992
51990.6,53434.277,45388.6,48477.152
52298.71,53995.516,46677.79,49597.957
53559.03,54477.355,47128.64,50639.84
54346.86,54948.215,47599.69,51642.08
55276.74,55384.37,48721.28,52550.824
55804.28,55768.87,49995.25,53516.734
55952.89,56074.188,50565.0,54339.12
56179.7,56327.363,51341.49,55067.87
55852.76,56481.934,52052.33,55720.45
56054.19,56620.88,52941.41,56332.523
55786.3,56674.258,53474.31,56831.527
55952.45,56629.305,53530.27,57176.63
56458.2,56504.754,53717.97,57438.246
56741.73,56327.63,53925.49,57649.332
56608.99,56092.31,54236.14,57786.746
56674.63,55811.227,54482.87,57863.766
56461.51,55544.113,54733.04,57892.605
56115.46,55207.03,54975.99,57874.84
55946.79,54874.754,55212.83,57746.645
55831.73,54553.85,55645.8,57502.04
55928.35,54309.336,55700.82,57156.684
55628.5,54060.03,55583.57,56763.816
54517.81,53824.035,55615.49,56267.445
54211.91,53563.195,55447.74,55738.18
53899.11,53386.13,55607.39,55238.348
53884.78,53198.832,55369.18,54775.695
53300.57,53088.633,55110.22,54262.758
53159.78,52956.363,55155.11,53844.68
52805.48,52898.105,54278.66,53527.75
52352.16,52788.29,53798.51,53345.668
52220.18,52693.098,53548.53,53087.39
51635.53,52639.51,52995.5,52928.91
51858.24,52606.38,52647.93,52850.152
51929.96,52601.086,52709.34,52868.76
51989.39,52649.07,52581.81,52794.734
52226.94,52736.094,52012.26,52826.492
52097.33,52969.723,51943.27,53001.957
52422.24,53023.113,52315.77,53380.027
52757.69,53133.758,52287.69,53720.844
53677.7,53264.445,52669.53,54250.848
54915.1,53552.04,53599.23,54818.83
56289.19,53722.01,55836.29,55579.617
57297.51,53856.47,56663.87,56227.652
57261.18,53977.17,57889.38,56682.203
57020.95,54093.227,58434.8,56818.94
56102.68,53992.867,58110.42,56903.656
55586.73,53841.176,57510.2,56398.527
55132.17,53693.945,57145.02,55855.44
54126.55,53473.78,57067.07,55284.387
52969.37,53125.117,56225.68,54619.508
52033.68,52672.234,55397.73,53724.92
51110.29,52149.504,54644.11,52868.184
50916.46,51382.74,54145.05,52055.477
50434.81,50843.484,53174.69,51185.336
49751.84,50348.605,51710.99,50321.223
49207.02,49814.43,51109.87,49656.414
49580.52,49168.062,50380.36,49192.605
48844.07,48849.207,49568.59,48828.176
48042.61,48266.88,49066.06,48435.973
47250.06,47609.375,48938.91,48044.17
46608.65,45860.156,48674.93,47657.457
45811.67,45470.867,48684.67,46815.742
45341.61,44999.156,48459.88,46228.316
44591.64,44625.617,47464.42,45548.645
43239.71,44272.1,46613.78,44819.742
42461.9,43850.074,45777.64,44095.266
42212.97,43442.59,45413.61,43401.453
41407.64,43169.777,44683.21,42744.492
40803.51,42925.8,43889.55,42155.96
40365.85,42662.273,42225.24,41661.66
39932.22,42439.746,41498.98,41229.684
39216.08,42257.32,41028.15,40881.914
38193.14,40527.137,40591.82,40610.703
38047.08,40536.1,39835.69,39809.844
37844.7,40647.984,39495.64,39539.836
37811.07,40778.57,38728.51,39386.87
37966.99,40948.434,38551.04,39281.15
37930.85,41038.723,38779.44,39250.055
37753.57,41089.04,38655.34,39195.297
37341.6,41112.547,38059.82,39158.086
37037.8,41221.883,38229.55,39128.86
37094.65,41241.1,38599.94,39146.945
38124.61,41254.496,38522.34,39126.59
38008.1,41291.766,38100.08,39113.66
38401.34,41413.555,38162.79,39089.508
38393.57,41490.664,38526.59,39135.617
38182.29,41571.637,38640.21,39098.02
38179.62,41647.64,38778.07,39051.75
38039.88,41906.617,38635.23,39006.312
38100.55,42048.9,39103.53,39049.812
38889.71,42188.47,39101.49,39058.86
38486.64,42370.598,38425.55,39109.895
39051.39,42651.18,38369.05,39221.28
39500.17,42851.23,38267.36,39498.945
39353.58,43073.61,38335.58,39774.637
39806.74,43221.805,38776.13,40123.953
41001.36,44634.37,38955.15,40520.64
41651.49,44732.812,39423.9,41520.117
42643.53,44957.41,39799.61,42197.805
43252.53,45337.438,40430.34,42956.547
44403.88,45968.773,41069.14,43766.043
44922.59,46519.703,42241.08,44804.188
45980.68,47049.2,43345.93,45620.07
46869.0,47689.902,44366.28,46413.97
47625.13,48541.703,45090.17,47187.887
48432.71,49288.69,45823.21,48079.973
48899.64,49992.008,46390.41,48803.055
48936.32,50498.76,46936.47,49476.137
49852.68,50807.344,47308.95,50088.082
50120.35,50955.68,48081.55,50666.586
50425.17,50957.64,48835.06,51165.258
50822.66,50891.93,48932.47,51607.2
51051.81,50959.875,49694.56,52086.164
51585.56,50904.785,50458.05,52564.152
51982.01,50916.117,51441.56,52889.875
51925.15,50937.87,52019.06,52969.434
52136.53,51040.457,52050.79,52835.617
52073.87,51061.895,51822.46,52466.727
51505.32,51070.96,51532.81,51922.715
50946.93,51006.65,51319.72,51371.34
50396.32,51020.51,50709.94,50875.664
49761.12,50897.066,50151.44,50429.61
49306.32,50740.098,49574.34,49956.805
48660.12,50582.1,49279.47,49575.125
48097.37,50463.957,48673.45,49283.33
47921.39,50219.844,48468.79,49050.5
48033.67,50044.688,48486.93,48824.695
48144.0,49964.13,48234.16,48677.58
48058.33,49987.625,48096.44,48593.504
48014.19,49910.176,48507.04,48564.918
47941.31,49861.55,48346.85,48523.797
47700.49,49826.42,48347.32,48611.387
47903.98,49818.01,48114.51,48843.72
48085.91,49698.336,48280.05,49359.38
48649.41,49655.81,48732.02,49889.312
49552.51,49754.316,49318.79,50613.066
51262.78,50093.562,50364.6,51406.387
53028.84,50556.855,52326.03,52443.42
54653.73,51152.61,53342.49,53144.91
55408.47,51665.05,53959.5,53658.35
56243.62,52094.465,54520.84,53896.383
55987.65,52252.72,54846.69,54233.27
55646.65,52326.812,54455.57,53823.87
54987.22,52318.594,54400.97,53317.74
54545.96,52252.59,53914.3,52757.902
53975.95,52073.844,53293.94,52195.535
53437.24,51877.33,52864.06,51415.34
52603.27,51665.742,52571.8,50787.65
52367.68,51335.01,51884.16,50305.45
51216.38,51039.418,51360.13,50000.96
50133.05,50588.188,50368.22,49551.26
49358.52,50014.99,50049.12,49149.33
48967.17,49424.082,49308.37,48809.67
48753.49,48861.535,48881.63,48637.812
48340.21,48416.33,48141.68,48313.062
48065.82,47990.332,47735.89,48022.63
48321.16,46527.105,47636.01,47782.727
47739.89,46177.266,47827.4,46849.055
46939.97,45726.363,47346.59,46210.676
46175.07,45249.312,46394.48,45531.953
45431.05,44879.508,45844.85,44864.28
44672.35,44427.293,44865.32,44374.05
44085.61,44020.664,44238.11,43797.176
43560.88,43673.33,43670.12,43272.363
43691.99,43498.67,43021.98,42814.742
43811.07,43281.703,42351.11,42515.547
43496.73,43127.53,41875.33,42124.938
43313.47,43034.22,41708.09,41817.29
43068.58,42814.94,41509.18,41506.492
42772.11,42960.098,40980.35,41943.78
42749.16,43151.895,41012.58,41767.914
42656.3,43354.7,40958.69,41697.848
42611.7,43631.094,40884.66,41700.844
42524.39,43925.023,40241.71,41801.996
42660.17,44246.383,40291.53,41925.406
43028.32,44607.176,40564.96,42103.082
43233.03,45096.35,40642.22,42335.562
43456.59,45591.664,40515.8,42698.49
43504.83,46126.65,40887.67,43039.324
43524.4,46670.64,41345.34,43441.523
44215.36,47359.938,41698.89,43953.45
44517.11,48159.56,42384.26,44761.566
45478.7,49050.645,42898.8,45655.684
46308.6,50192.023,43502.83,46798.945
48187.73,51874.746,44153.98,48235.43
49193.22,53809.016,45293.59,50339.957
50476.56,55880.46,46245.27,52483.29
52152.22,58072.78,47777.73,54937.15
55232.14,61050.066,49986.04,57494.492
57858.22,63109.062,53272.91,60176.008
60161.12,64684.445,56133.1,61997.13
61825.22,65848.016,58351.73,63420.035
63208.57,67643.91,60355.64,64517.566
64101.9,68272.125,62672.4,65836.28
64961.01,68639.69,63454.4,66312.74
65733.67,68806.945,63786.05,66772.29
66375.34,68878.69,64665.42,67051.76
66343.44,69002.03,65679.67,67228.4
66207.74,69061.266,65893.81,67283.91
66124.62,69136.234,66304.87,67282.234
65609.51,69099.11,66518.18,67266.09
65826.59,69169.67,65946.44,67253.39
66158.45,69231.61,66201.11,67235.3
66501.43,69269.14,67064.35,67323.99
66915.12,69153.266,67304.23,67510.98
67336.56,69216.35,67441.01,67682.45
67882.14,69256.92,67743.51,67915.67
68535.91,69292.83,68042.6,68206.55
69249.45,68937.89,68100.33,68488.23
69321.46,68947.62,68140.18,68487.9
69643.58,68946.9,68172.35,68489.87
69745.33,68946.234,67853.41,68443.03
69368.43,68518.836,68118.56,68332.625
69169.99,68534.64,67502.66,67894.9
69442.87,68496.66,67501.87,67585.33
69397.2,68464.484,67723.19,67342.734
69332.1,67930.96,68042.58,67105.625
69113.43,67793.36,68592.79,66658.63
68406.4,67712.766,67973.75,66591.0
67771.35,67918.375,67348.29,66441.83
67593.6,67435.07,67095.0,66241.58
67189.41,67374.555,67336.98,65796.56
66945.74,67330.89,67465.15,65511.89
66644.99,67300.67,67203.86,65333.07
66234.93,66745.26,66476.83,65201.9
65840.05,66688.09,66837.1,64845.945
65329.46,66661.53,66408.34,64529.55
64924.92,66641.125,66160.32,64377.89
63924.59,66265.15,65726.94,64355.723
63798.81,66259.22,65529.37,64178.156
63805.56,66200.88,65423.08,64317.453
64299.86,66108.664,65537.99,64648.56
65133.52,65964.586,66288.21,65128.34
66558.29,65893.36,67700.83,65761.82
67959.91,65820.19,68846.53,66443.26
68401.45,65755.54,69299.5,66853.06
68131.66,65562.0,69602.33,66974.26
67636.11,65485.035,68989.28,66666.8
67095.9,65395.95,68511.76,66310.805
66490.74,65290.47,68116.55,65886.89
66620.62,64669.47,67746.33,65435.71
66469.99,64484.98,67415.89,64436.38
65937.66,64303.27,66647.96,63563.035
65191.89,64094.98,66388.6,62672.645
64663.91,63002.5,65706.07,61883.71
63659.2,62597.15,64337.7,60745.72
62585.02,62195.047,63018.65,59792.344
61708.68,61719.836,62173.98,58888.402
60868.39,60354.258,61162.09,58146.742
60077.52,59617.227,59526.67,57208.656
59011.17,58882.914,58408.31,56428.008
57920.06,58115.402,57459.72,55683.797
57486.81,56149.58,56431.24,55059.793
56528.82,54812.906,56064.37,53612.348
55577.61,53662.918,55048.32,52971.594
54370.06,52717.605,53775.3,52027.188
52734.23,51690.49,52595.87,51163.48
51353.24,50741.406,51266.85,50429.973
50354.45,49910.242,50413.21,49746.906
49622.16,49196.42,49725.51,49123.113
49152.01,48602.406,49182.3,48591.945
48422.68,48118.02,47939.73,48196.656
48142.97,47725.305,48005.45,47773.086
47587.64,47422.832,47498.89,47362.04
47222.2,46275.426,46960.15,46993.605
46990.23,46757.664,46204.11,46911.65
46754.06,47007.355,45953.89,46812.867
46408.09,47075.504,45925.62,46683.39
45933.56,47135.867,45323.21,46553.99
45987.27,47134.91,45456.73,46532.24
46312.88,47225.445,45502.62,46479.96
46392.27,47428.586,45629.16,46483.918
46090.13,47808.24,45761.46,46553.484
46511.93,48123.32,46042.29,46755.78
46741.08,48513.89,46100.22,46943.547
47061.72,48971.83,46486.69,47182.574
47654.15,49675.777,46839.01,47453.23
48180.16,50378.613,47375.04,47857.223
48421.38,51231.58,47667.84,48176.83
49102.46,52259.47,48388.88,48542.504
50415.36,53939.992,49017.17,48981.957
51191.45,55784.25,50421.84,49826.2
52228.8,57981.008,51333.13,50647.47
53917.58,60442.016,52154.99,51843.62
57456.77,63734.78,53699.65,53550.152
59964.24,65756.86,56497.49,56445.47
61912.55,67197.8,58473.14,58863.44
63228.75,68212.24,60457.75,60901.777
64445.13,69681.47,62738.85,62450.453
64885.46,70290.93,64412.38,64134.203
65692.82,70701.27,65018.7,64765.62
66465.99,70976.945,65705.65,65520.094
67259.95,71012.75,66464.34,66144.91
67888.89,71098.055,66898.96,66716.83
67864.06,71123.19,67200.89,67058.18
67965.36,71107.37,67629.11,67323.36
68130.14,70866.5,67683.17,67509.43
68206.75,70813.43,67077.73,67703.375
68258.11,70752.36,67309.52,67776.13
68284.71,70699.62,67385.33,67922.664
68420.81,70290.5,67724.13,68117.125
68513.11,70251.17,67758.62,68424.75
68552.64,70223.805,67751.1,68618.555
69141.7,70196.53,68155.28,68850.055
69125.13,69650.35,68557.59,69089.5
69551.16,69594.31,68982.4,69301.04
69530.26,69536.75,69258.03,69334.234
69395.28,69472.84,69074.41,69340.516
68823.44,68850.57,69063.63,69300.82
68541.95,68733.695,68536.07,69150.24
68290.89,68605.55,68259.44,68912.93
68506.03,68473.984,68628.01,68716.91
68696.37,67796.125,68933.57,68519.85
68362.49,67638.09,68868.68,68196.16
67927.76,67502.91,68703.77,67888.836
67411.36,67381.38,68091.04,67655.71
67334.4,66758.36,67495.87,67446.6
67016.49,66642.86,67334.49,67188.945
67105.76,66549.95,66822.1,66888.44
66999.27,66465.586,66683.82,66686.61
66796.62,65953.67,66367.63,66510.58
66476.94,65871.71,66545.29,66372.87
66184.03,65811.5,66312.5,65976.1
66010.41,65773.27,65984.26,65701.29
65778.01,65493.375,65443.45,65580.02
65466.04,65427.73,66003.52,65908.234
65833.07,65360.758,66111.05,65984.6
66314.85,65293.312,66533.94,66325.38
67275.24,65284.953,67351.99,66871.13
68351.31,65183.35,68549.34,67983.55
69618.52,65101.32,69413.31,68644.68
69946.34,65058.742,70020.32,69024.42
69293.35,64777.49,70321.58,69113.42
68931.09,64655.79,69891.07,68749.42
68654.2,64544.887,69461.18,68392.81
68365.28,64448.555,69500.94,68008.32
67870.25,63859.14,69394.49,67616.18
67249.68,63650.207,69108.65,66874.2
66671.49,63453.516,68203.41,66103.125
66034.28,63263.14,67667.82,65259.887
65392.21,62374.938,67087.0,64404.79
64136.65,61984.066,65901.0,63460.26
62898.56,61554.09,64604.99,62334.277
62253.69,61066.387,63377.38,61268.117
61539.42,59901.11,62387.22,60367.58
60759.3,59195.266,61813.37,59615.05
59940.33,58502.836,60808.73,58655.0
58999.27,57812.176,59598.12,57740.77
58718.26,56305.47,58985.58,57017.383
57923.3,55264.316,57886.71,56961.137
56397.53,54428.766,57097.95,56212.14
55645.96,53630.156,55586.54,55125.598
54054.33,52748.094,54631.93,54122.434
52977.75,52019.82,53537.34,53298.957
51996.46,51386.375,52140.52,52437.926
51225.28,50815.34,51389.75,51629.17
49923.93,50254.387,50705.29,50917.227
49200.97,49744.266,49663.68,50327.83
49097.37,49303.86,48947.96,49756.984
48809.03,48959.176,48110.45,49224.42
48346.72,48123.656,47836.54,48756.105
48275.33,48544.227,48056.58,48429.24
48017.58,48689.035,47728.05,48195.984
48063.76,48696.3,47491.68,47958.01
47280.34,48761.97,47072.32,47740.438
47426.97,48737.69,46853.16,47620.027
47399.03,48771.125,46841.89,47490.812
47354.71,48839.79,46875.86,47423.617
47442.39,49026.6,46739.4,47425.1
47655.64,49181.727,47546.24,47577.316
47754.28,49406.516,47794.55,47704.21
48013.37,49719.363,47628.86,47896.11
48633.52,50301.75,47956.58,48144.68
48922.59,50962.367,48847.12,48584.12
49543.13,51782.246,49270.93,48942.51
50048.74,52794.59,49509.41,49392.79
51311.37,54307.527,50320.27,49956.51
52024.79,55811.004,51466.17,50953.15
53059.18,57470.613,52173.2,51935.207
54545.48,59234.43,53132.72,53281.816
57491.71,61791.945,54801.29,55102.938
59887.5,63416.375,58223.86,57840.535
61256.17,64788.34,60537.41,60133.02
62540.14,65890.375,62377.86,62061.758
63932.21,68684.78,64072.14,63511.938
64522.49,69446.98,66087.27,65397.496
65168.09,69957.65,66531.99,66082.64
65848.44,70256.836,66822.33,66809.24
66743.85,70657.0,67552.88,67374.44
67072.64,70730.45,68153.77,67744.59
66784.59,70786.336,68867.84,67988.85
66949.21,70811.7,68743.14,68195.586
66596.95,70788.42,69141.22,68373.38
66718.98,70798.04,68870.66,68468.26
67070.75,70813.484,69042.01,68607.22
66983.3,70823.88,69027.46,68819.91
67446.99,70440.08,69075.73,69202.12
67317.0,70176.27,69243.32,69022.76
67540.8,70104.06,69363.04,68974.234
67791.98,70083.1,69579.27,69236.83
67661.04,69542.56,69533.05,69494.305
67657.74,69470.99,69788.86,69464.92
67824.51,69385.49,70305.47,69509.57
67982.12,69278.336,70420.91,69532.97
67780.26,68613.15,70624.27,69521.32
67695.48,68455.875,69879.81,69183.68
67880.77,68301.15,69865.97,68942.3
67663.26,68141.266,69852.87,68724.66
68238.49,67480.336,69761.05,68512.23
68043.09,67319.28,69972.46,68057.0
67602.39,67179.47,69556.31,67735.266
67105.52,67050.96,69262.61,67482.47
67174.52,66437.55,68745.77,67262.805
66989.69,66301.75,68810.12,66914.74
66726.45,66182.03,68604.14,66616.414
66652.93,66071.93,68431.46,66420.91
66168.4,65498.168,68242.98,66258.47
65775.35,65364.094,68692.9,66051.64
65545.27,65253.594,68169.38,65681.96
65400.75,65163.406,67861.45,65430.453
65053.71,64787.62,67583.21,65324.438
64792.19,64656.9,67634.77,65561.57
65128.91,64546.914,67433.82,65639.45
65680.55,64458.746,67722.6,65987.35
67164.28,64406.438,68466.28,66514.45
68428.3,64271.5,69874.8,67489.98
69136.23,64181.848,70726.29,67941.76
69591.84,64126.617,70825.25,68132.8
68671.56,63882.918,71010.15,68115.75
68158.58,63710.465,70581.09,67911.06
67791.88,63549.258,69851.92,67576.43
67616.26,63398.402,69770.38,67230.01
67988.14,62912.793,69419.85,66890.96
67624.81,62681.707,69034.29,66425.1
67067.85,62476.785,68169.76,65776.96
66505.82,62278.766,67541.41,65040.535
65162.33,61697.3,67114.37,64290.344
64049.74,61332.94,65629.03,63480.78
62948.17,60948.344,64348.23,62327.305
62200.28,60537.008,63460.49,61139.418
61667.68,59702.7,62516.31,60168.98
61360.24,59317.02,61737.6,59630.582
60804.23,58830.242,60919.27,59113.35
59753.95,58209.68,59906.61,58364.332
58530.36,57162.78,59199.81,57672.688
57990.0,56230.766,58821.98,57263.11
56901.61,55445.633,57700.81,56285.914
55756.12,54378.23,56686.21,54693.086
54772.16,53370.836,55449.18,53832.645
54009.73,52970.406,53906.22,53533.758
52956.14,52501.043,53097.09,52825.92
52344.52,52015.59,52112.6,52053.44
50730.56,51521.88,51515.15,51360.9
50051.58,51025.89,50287.17,50744.977
49487.33,50542.188,49594.01,50159.5
49246.73,50095.91,49160.94,49595.297
48124.43,49082.336,48744.28,49114.65
47858.8,49360.715,48028.86,48802.58
47553.49,49374.746,48131.5,48501.098
47256.89,49297.023,47795.37,48208.49
47170.16,49295.47,47546.58,47959.86
47247.45,49260.996,47154.11,47833.42
47208.8,49283.594,47067.38,47702.676
47217.44,49359.934,47258.64,47640.062
47494.28,49595.457,47301.37,47645.58
47614.99,49863.203,47598.61,47789.48
47580.33,50225.668,47710.84,47907.125
47604.57,50680.793,47969.72,48092.78
47907.33,51335.824,48228.56,48337.61
47957.42,52038.21,48360.77,48754.883
48183.43,52822.84,48984.39,49121.75
48708.66,53673.508,49699.21,49582.5
49484.25,54763.844,50148.44,50155.883
49746.34,55741.95,51420.07,51084.07
50340.84,56688.02,52106.02,52018.047
50938.37,57606.246,53358.74,53247.742
53207.95,58856.65,54713.51,54852.586
54795.17,59798.938,58099.54,57233.914
56096.95,60674.92,60655.06,59409.035
57215.93,61461.066,62766.3,61351.33
58681.64,64703.81,64532.44,62857.062
59330.22,65644.34,66548.8,64292.29
59936.24,66335.516,67274.19,65103.902
61025.59,66872.38,67470.41,65926.95
62004.26,67421.2,67885.3,66525.43
62507.46,67853.61,68803.59,66712.98
62582.37,68257.7,69190.77,66965.57
62623.84,68611.72,69604.65,67176.78
62371.02,68763.03,69835.38,67381.945
62908.41,68983.8,69248.88,67317.4
63490.37,69176.484,69429.26,67502.69
63761.81,69321.59,69598.83,67768.72
63203.05,69042.14,69625.85,68069.2
63496.47,69076.37,69651.8,68074.07
63756.43,69131.41,69901.24,68297.42
63760.51,69148.23,70033.94,68545.65
63761.71,68571.93,70248.86,68784.01
63977.98,68515.414,70464.94,68663.164
64134.66,68466.75,71231.31,68699.72
64081.1,68391.42,71391.03,68721.1
63144.6,67807.17,71164.68,68692.96
62738.16,67663.59,70670.09,68376.46
62489.2,67506.84,70568.73,68123.42
62272.36,67328.555,70594.86,67908.84
62505.97,66709.04,70697.49,67698.48
62262.82,66495.516,71038.24,67375.06
61669.32,66298.85,70894.37,67027.24
61312.54,66106.84,70165.88,66768.34
61505.78,65512.97,69578.45,66545.53
61037.77,65302.96,69326.16,66397.15
60766.27,65110.934,69376.54,66068.234
60382.82,64927.266,69357.17,65868.53
60334.02,64396.742,69129.35,65691.94
59802.09,64171.367,69179.33,65648.1
59840.16,63994.688,69076.81,65240.445
59647.03,63862.816,68835.28,65051.547
59433.71,63719.133,68439.46,65044.39
59182.87,63548.27,68258.78,65459.176
59285.03,63415.156,68394.9,65627.055
59737.38,63298.598,69012.44,66041.43
61301.43,63586.78,69800.58,66578.21
62607.79,63344.24,70825.25,67514.836
63388.56,63142.5,71454.19,67975.23
63643.72,63011.09,71919.72,68219.055
63704.3,62870.293,72113.83,68260.22
63577.57,62689.727,71931.94,68267.625
63316.01,62550.586,71480.87,67961.734
63044.4,62450.29,71323.39,67629.87
62884.99,62202.625,70840.42,67308.1
62336.58,61969.06,70563.1,66999.68
62136.22,61713.062,69883.01,66374.484
61894.87,61446.125,69237.35,65667.54
60404.76,61012.367,68528.15,64956.684
59279.32,60482.445,66813.22,64245.46
58462.32,59891.32,65552.43,63257.89
57991.63,59278.76,64472.7,62314.914
57051.77,58598.688,63529.59,61536.312
56618.22,57866.973,62529.84,60895.164
56049.61,57176.19,61646.94,60017.215
55654.25,56523.312,60431.8,59166.44
55060.04,56081.73,59763.65,58458.11
54354.42,54914.266,59190.11,58473.367
53541.59,54090.348,58024.37,57651.953
52245.01,53383.938,56871.04,56513.777
50521.72,52748.11,55848.32,55465.066
49503.82,52020.344,54730.12,54550.035
48788.43,51310.2,53520.32,53623.414
48320.42,50649.277,52421.78,52737.297
47061.48,50009.67,51676.88,51961.895
46513.16,49395.547,50486.99,51268.113
45933.37,48855.938,49764.82,50612.86
45472.94,48396.074,49362.08,49975.28
44748.98,47686.766,49115.41,49397.418
44564.04,47983.77,48636.99,49318.08
44449.54,48163.184,48471.89,49056.562
43898.52,48281.33,48357.2,48755.484
43456.61,48323.02,48328.3,48500.836
43414.59,48356.44,47240.06,48384.695
43377.0,48412.445,47083.42,48247.53
43308.21,48503.246,47236.27,48185.875
43578.66,48639.63,47757.66,48178.742
43675.44,48883.63,47545.91,48321.484
43765.31,49194.395,47582.77,48403.367
43339.28,49552.11,47843.61,48549.824
43992.92,49901.652,48006.77,48752.734
44232.63,50363.13,48989.36,49131.41
44369.25,50844.438,49245.2,49443.016
44503.25,51329.23,49564.57,49847.1
44786.57,51853.332,50277.19,50352.215
44772.02,52329.125,51566.48,51150.83
45103.93,52754.168,52287.76,51939.438
45222.3,53183.176,53690.13,52978.824
45989.96,53748.227,55312.57,54341.254
46744.21,54199.766,58784.38,56366.46
47324.21,54662.36,61180.59,58353.363
47921.93,55105.91,62807.04,60241.94
48847.15,58437.94,64336.21,61770.504
49562.34,59144.27,66540.11,63359.98
50391.78,59874.8,67079.0,64239.508
51278.39,60592.703,67424.82,65187.332
52393.9,61991.93,67962.04,65920.52
53081.48,62633.363,68182.73,66267.47
53590.72,63215.043,68706.6,66513.69
53718.46,63729.12,69127.2,66749.79
53710.08,64588.72,69211.38,66962.75
53994.87,64963.047,69791.35,66914.086
54117.61,65259.746,69947.6,67078.92
54463.03,65531.258,70329.84,67301.05
54702.62,65955.18,70323.67,67551.67
55056.41,66175.47,70220.89,67615.45
55463.19,66378.086,70308.92,67814.234
55920.98,66532.266,70434.81,68030.94
56288.17,66622.28,70493.02,68233.42
56785.29,66777.41,70887.8,68149.766
57154.23,66925.02,71345.64,68154.97
57187.86,67019.68,71620.34,68142.16
57628.92,66882.375,71492.44,68080.69
57498.79,66960.59,71108.01,67715.48
57148.17,67039.46,70575.16,67415.234
57311.97,67082.18,70279.92,67124.91
57088.33,66766.266,70177.45,66834.164
56793.66,66761.375,70162.43,66397.82
56527.2,66776.66,69610.19,65989.45
55886.52,66793.75,69197.35,65685.21
55629.11,66315.2,68463.12,65424.31
55096.77,66242.44,68375.62,65150.1
54957.97,66222.64,67967.43,64815.992
54610.91,66215.49,67878.96,64626.33
55309.49,65633.1,67516.59,64473.523
54959.85,65920.69,66433.28,64790.484
54973.97,66245.85,66078.42,64904.99
54997.59,65457.77,65865.18,63870.71
55063.61,64913.383,65785.89,63865.035
54875.84,64741.312,66032.19,64194.527
55483.65,64615.766,66071.84,64343.617
56082.05,64502.625,66506.35,64755.48
58202.46,63945.8,67143.4,65302.57
59011.1,63708.363,68117.32,65993.76
59342.37,63536.504,68612.1,66333.664
59449.96,63376.0,68993.53,66473.71
59065.74,62670.49,68880.38,66467.16
58644.43,62215.47,68821.54,66121.36
58336.18,61773.527,68340.08,65794.555
57838.19,61312.152,67913.72,65452.16
57705.59,60259.164,67655.12,65115.996
57031.27,59320.438,67062.27,64520.76
56559.98,58430.812,66259.69,63844.73
56214.7,57646.504,65589.53,63118.32
55002.61,56517.14,64657.39,62423.984
53997.84,55569.055,63371.31,61592.492
53177.31,54836.754,62187.75,60676.234
52611.82,54205.816,61182.04,59795.598
51938.57,53327.082,60339.34,59055.062
51509.32,52569.38,59605.84,58366.13
50975.53,51930.098,59036.65,57641.016
50668.01,51363.234,58084.68,56946.062
51000.46,49356.586,57368.84,56379.25
50080.55,48594.492,56829.82,56104.332
49310.83,48053.703,55861.03,55534.086
48467.68,47629.35,54809.91,54575.355
47523.21,47178.26,53750.97,53604.35
46735.54,46815.715,52036.13,52706.285
46090.6,46504.453,51075.86,51801.82
45570.26,46242.777,50442.75,50911.438
44301.78,45962.75,49512.84,50121.2
43758.5,45711.766,48972.32,49453.47
43105.55,45498.74,48296.85,48818.26
42654.37,45314.09,47671.54,48217.992
42000.26,43332.645,47334.38,47688.594
41487.98,43386.457,46309.29,46519.766
41449.22,43499.99,45919.57,46433.863
41215.9,43511.625,45620.03,46252.92
41098.08,43406.453,45167.24,45966.254
40797.06,43319.75,44814.1,45744.094
40661.79,43218.7,44865.14,45599.297
40580.45,43160.52,45026.29,45515.87
40627.64,43148.387,44758.23,45470.812
40598.13,43262.383,44686.25,45442.574
40644.55,43441.344,44664.57,45404.6
40670.45,43697.586,44780.81,45367.977
40897.14,43998.797,44903.9,45331.41
40912.82,44381.258,44979.71,45301.676
41257.65,44758.875,44956.44,45269.105
41490.54,45127.504,44894.73,45258.9
42253.09,45535.695,44974.08,45273.355
42318.11,45983.918,45539.04,45331.36
42424.89,46367.504,45389.5,45420.96
43215.16,46714.164,45161.11,45576.598
43999.98,47311.22,45401.42,45806.703
44518.98,47887.883,46289.48,46143.555
44903.2,48448.176,46885.23,46540.855
45388.6,48970.406,47109.32,47003.324
46677.79,50642.53,47853.48,47503.992
47128.64,51113.277,48596.91,48546.918
47599.69,51610.887,49168.98,49499.54
48721.28,52133.746,49875.01,50566.438
49995.25,52868.453,50988.28,51585.535
50565.0,53587.727,52869.24,52674.89
51341.49,54184.195,53902.08,53673.84
52052.33,54726.34,54818.5,54600.42
52941.41,55121.38,55679.32,55434.87
53474.31,55554.223,56075.1,56204.234
53530.27,55882.496,56452.77,56793.242
53717.97,56114.355,57105.85,57223.92
53925.49,56185.062,57613.95,57550.78
54236.14,56318.6,58386.48,57749.55
54482.87,56403.133,58495.56,57964.754
54733.04,56418.547,58596.9,58132.32
54975.99,56270.04,59039.1,58281.176
55212.83,56179.21,59111.65,58294.254
55645.8,56056.42,59366.15,58355.562
55700.82,55910.965,59574.65,58326.703
55583.57,55668.035,59608.19,58222.93
55615.49,55471.68,59497.27,57916.492
55447.74,55263.98,59179.44,57559.977
55607.39,55038.78,58764.04,57162.9
55369.18,54816.99,58240.04,56766.71
55110.22,54584.203,57599.74,56301.06
55155.11,54375.082,57046.69,55822.254
54278.66,54229.973,56487.45,55425.375
53798.51,54117.156,55897.82,55114.633
53548.53,53900.734,55772.05,54875.34
52995.5,53751.38,55527.31,54562.83
52647.93,53611.766,55061.81,54391.34
52709.34,53609.543,54937.47,54312.76
52581.81,53542.02,55082.74,54427.44
52012.26,53493.19,54840.79,54323.13
51943.27,53447.254,54787.24,54363.36
52315.77,53648.652,54675.33,54477.703
52287.69,53630.22,54818.55,55043.418
52669.53,53600.92,54978.4,55219.3
53599.23,53622.1,55446.07,55659.96
55836.29,54099.258,56496.16,56273.504
56663.87,54197.207,58355.07,57588.254
57889.38,54263.59,59286.64,58304.945
58434.8,54309.07,59997.33,58843.008
58110.42,54570.97,60132.81,59089.207
57510.2,54366.707,59812.78,59406.336
57145.02,54165.67,59469.3,59067.418
57067.07,53940.34,58867.96,58656.06
56225.68,53717.785,58404.98,58188.363
55397.73,53312.73,58098.51,57666.047
54644.11,52928.51,57536.94,56874.32
54145.05,52550.22,57064.78,56102.332
53174.69,52116.285,56310.06,55331.676
51710.99,51607.574,54801.53,54480.49
51109.87,50969.32,53372.37,53462.09
50380.36,50374.562,52538.19,52577.38
49568.59,49749.86,51949.23,51891.715
49066.06,48970.23,51555.73,51365.848
48938.91,48262.516,51049.35,50881.08
48674.93,47711.766,50741.07,50490.793
48684.67,46107.33,50357.52,50162.8
48459.88,45660.246,51033.6,50676.848
47464.42,45257.367,50444.14,50130.703
46613.78,44838.203,49639.15,49435.45
45777.64,44511.977,48857.85,48627.62
45413.61,44109.316,48212.65,47816.453
44683.21,43783.855,47504.27,47026.594
43889.55,43477.633,46614.18,46291.574
42225.24,43247.133,46317.25,45620.82
41498.98,42876.406,45811.67,44981.89
41028.15,42578.83,45629.35,44378.938
40591.82,42334.29,45408.43,43806.344
39835.69,40209.258,44983.85,43280.258
39495.64,40211.37,43976.25,42873.11
38728.51,40296.055,43749.27,42439.465
38551.04,40361.33,43610.11,42102.4
38779.44,40465.066,43413.34,41806.812
38655.34,40580.137,43021.23,41570.375
38059.82,40679.945,42578.35,41371.145
38229.55,40732.61,42584.21,41211.016
38599.94,40808.66,42508.11,41088.438
38522.34,40891.566,42090.27,41005.414
38100.08,40963.133,42086.51,40956.586
38162.79,40962.71,41996.23,40946.39
38526.59,41036.36,42000.84,40953.223
38640.21,41089.26,42075.0,40949.78
38778.07,41134.37,41937.2,40909.793
38635.23,41183.312,42062.96,40843.516
39103.53,41266.523,41728.42,40752.508
39101.49,41355.348,41950.63,40675.29
38425.55,41436.438,42026.44,40562.22
38369.05,41462.234,41970.21,40462.883
38267.36,41563.64,42032.75,40383.258
38335.58,41622.125,41701.55,40370.49
38776.13,41675.86,41649.96,40362.656
38955.15,41768.59,41999.69,40428.15
39423.9,42803.21,42407.3,40568.758
39799.61,42938.035,42914.82,41266.758
40430.34,43086.613,43107.94,41713.08
41069.14,43291.355,43620.62,42411.22
42241.08,43749.223,44558.52,43218.145
43345.93,44190.715,45643.52,44215.72
44366.28,44761.3,46482.17,45122.445
45090.17,45444.14,47284.3,46064.44
45823.21,46444.93,47981.49,47024.566
46390.41,47285.52,48957.0,48230.617
46936.47,48124.613,49701.19,49187.98
47308.95,48954.023,50156.32,50050.594
48081.55,49811.477,50930.09,50808.52
48835.06,50531.344,51408.0,51773.055
48932.47,51103.16,51802.57,52447.277
49694.56,51407.973,52401.46,53102.17
50458.05,51729.426,52861.17,53714.18
51441.56,52000.457,53635.4,54348.52
52019.06,52262.91,54307.78,54545.777
52050.79,52481.848,54463.44,54549.7
51822.46,52619.84,54201.92,54419.5
51532.81,52674.773,53984.52,54217.312
51319.72,52658.375,53673.27,53778.895
50709.94,52604.875,53303.14,53308.477
50151.44,52459.15,53003.59,52871.086
49574.34,52237.605,52895.72,52414.734
49279.47,51978.668,52824.96,51942.68
48673.45,51755.547,52565.86,51563.56
48468.79,51510.023,51481.41,51276.54
48486.93,51266.32,51411.92,50974.137
48234.16,51111.938,50680.19,50727.4
48096.44,50960.633,50786.67,50580.676
48507.04,50913.227,50392.73,50517.668
48346.85,50853.953,50672.64,50490.395
48347.32,50780.758,50477.96,50453.57
48114.51,50727.152,50504.88,50524.016
48280.05,50814.96,50719.5,50707.453
48732.02,50658.445,51558.2,51291.438
49318.79,50678.97,51988.04,51811.168
50364.6,50824.535,52649.57,52635.008
52326.03,51397.215,54107.55,53612.883
53342.49,51724.09,55200.43,55151.715
53959.5,51994.11,56310.79,56095.066
54520.84,52169.28,56767.26,56798.03
54846.69,52569.41,56880.68,57144.78
54455.57,52481.633,57372.68,57579.25
54400.97,52385.09,57414.14,57232.21
53914.3,52282.668,57211.38,56804.23
53293.94,52365.96,56888.86,56318.94
52864.06,52072.746,56053.04,55969.645
52571.8,51786.395,55404.69,55223.98
51884.16,51513.875,54809.69,54618.484
51360.13,51266.188,54434.04,54136.98
50368.22,50819.234,54637.19,53831.062
50049.12,50279.35,54018.51,53310.67
49308.37,49798.44,53284.67,52865.727
48881.63,49325.69,52607.37,52510.24
48141.68,48719.277,52961.19,52282.47
47735.89,48091.47,52709.85,51945.66
47636.01,47542.562,52446.28,51699.32
47827.4,46054.21,52312.01,51530.37
47346.59,45522.805,53117.12,52287.277
46394.48,45029.062,52582.83,51875.9
45844.85,44535.28,52012.14,51333.598
44865.32,44168.85,51302.47,50706.113
44238.11,43740.168,49608.24,50086.99
43670.12,43391.75,48685.82,49397.1
43021.98,43111.957,48027.71,48701.465
42351.11,42948.617,47393.93,48049.28
41875.33,42759.906,46606.6,47486.332
41708.09,42614.914,46002.09,46901.06
41509.18,42507.227,46205.72,46336.36
40980.35,41721.625,45852.99,45799.992
41012.58,41850.39,45157.21,45007.477
40958.69,42028.023,44782.96,44603.79
40884.66,42225.688,44840.96,44344.164
40241.71,42499.37,44733.12,44174.625
40291.53,42720.168,44209.51,44099.145
40564.96,42994.04,44278.64,44038.85
40642.22,43317.93,44439.04,44031.664
40515.8,43747.906,44541.98,44085.227
40887.67,44095.203,44671.75,44263.65
41345.34,44482.715,44745.7,44442.36
41698.89,44942.996,44887.32,44666.824
42384.26,45618.234,45223.64,44928.9
42898.8,46308.414,46019.0,45317.93
43502.83,47075.133,46544.54,45650.7
44153.98,47914.21,47096.34,46041.484
45293.59,49189.0,47599.49,46516.113
46245.27,50455.89,49536.69,47236.598
47777.73,51908.395,50409.71,47982.977
49986.04,53662.227,51487.07,49011.383
53272.91,56623.31,53380.47,50461.703
56133.1,58955.945,56455.74,52645.402
58351.73,60868.703,59010.96,54915.24
60355.64,62256.062,61313.42,57059.41
62672.4,64559.992,63246.31,58783.297
63454.4,65481.242,65771.76,60844.793
63786.05,66167.36,67057.57,61878.047
64665.42,66665.99,67494.83,62894.84
65679.67,67073.3,68045.51,63743.89
65893.81,67350.336,68428.81,64695.58
66304.87,67579.19,68954.72,65174.207
66518.18,67794.57,69676.39,65544.484
65946.44,67836.1,70153.49,65825.53
66201.11,68047.84,69816.27,66287.31
67064.35,68244.03,70472.63,66459.664
67304.23,68419.99,70694.25,66650.195
67441.01,68361.234,71163.31,66876.016
67743.51,68486.21,70956.14,67368.484
68042.6,68596.34,70937.98,67587.42
68100.33,68686.54,71112.13,67826.81
68140.18,68470.33,70892.12,68062.09
68172.35,68523.695,70993.98,68525.16
67853.41,68569.16,71190.07,68577.0
68118.56,68594.96,71234.56,68591.75
67502.66,68244.984,71165.54,68571.84
67501.87,68217.31,71144.42,68773.52
67723.19,68198.984,71128.64,68525.58
68042.58,68168.85,71531.58,68315.195
68592.79,67694.87,71455.4,68113.9
67973.75,67630.27,71396.44,68242.64
67348.29,67572.92,71233.67,67943.016
67095.0,67485.14,70891.43,67684.68
67336.98,66874.34,70374.46,67457.58
67465.15,66769.97,70412.63,67538.29
67203.86,66690.74,70723.66,67294.25
66476.83,66641.48,70597.81,67127.5
66837.1,66089.68,70436.62,67018.73
66408.34,66001.414,70440.56,66987.62
66160.32,65940.76,70274.15,66727.97
65726.94,65878.11,70091.06,66500.91
65529.37,65642.34,69471.95,66334.77
65423.08,65554.02,69325.45,66384.86
65537.99,65466.652,69380.39,66674.18
66288.21,65382.543,69801.68,67267.164
67700.83,65334.26,70881.48,68071.43
68846.53,65227.195,72055.25,68680.016
69299.5,65138.246,72487.83,69124.62
69602.33,65062.855,72642.94,69312.26
68989.28,64809.074,72298.23,69323.31
68511.76,64648.363,72470.62,68701.07
68116.55,64497.074,72105.93,68525.484
67746.33,64343.76,72084.89,68370.44
67415.89,63815.45,71893.72,68247.01
66647.96,63488.266,71583.23,67608.484
66388.6,63142.688,70527.58,67355.08
65706.07,62782.89,70235.73,67073.945
64337.7,61804.586,69747.56,66726.13
63018.65,61075.234,67760.03,65604.61
62173.98,60266.6,66369.52,64791.082
61162.09,59479.758,65623.44,63950.41
59526.67,58200.836,64462.78,63197.6
58408.31,57077.297,62416.75,61986.78
57459.72,56085.906,61624.33,61229.938
56431.24,55186.387,60942.78,60467.312
56064.37,53428.754,59950.91,59764.945
55048.32,51905.914,59106.27,58676.758
53775.3,50835.906,58638.49,57991.867
52595.87,50019.418,57755.62,56965.86
51266.85,49343.188,56812.97,55958.074
50413.21,48709.68,55625.96,54891.906
49725.51,48221.95,54434.82,53786.02
49182.3,47822.51,53694.4,52722.83
47939.73,47521.047,52816.2,51848.406
48005.45,47194.047,51175.23,50936.457
47498.89,46930.418,50783.7,50097.37
46960.15,46629.086,50221.37,49447.758
46204.11,45151.453,49712.01,49058.52
45953.89,45675.727,48980.71,47308.51
45925.62,46009.1,48751.63,47122.902
45323.21,46191.453,48611.69,46995.504
45456.73,46401.95,48386.75,46930.395
45502.62,46599.555,48160.27,46994.434
45629.16,46887.176,47900.3,47024.46
45761.46,47296.54,48072.28,47099.297
46042.29,47940.83,47961.14,47205.85
46100.22,48452.84,48491.31,47453.375
46486.69,48938.523,48640.83,47589.164
46839.01,49418.402,48364.31,47753.91
47375.04,50135.85,48417.82,47937.42
47667.84,50715.9,49318.67,48308.35
48388.88,51308.406,49807.8,48569.367
49017.17,51914.965,50262.18,48875.15
50421.84,52938.34,50952.82,49294.344
51333.13,53612.62,52681.18,50050.06
52154.99,54249.324,53374.73,50757.508
53699.65,54988.816,54552.71,51722.574
56497.49,56930.64,55542.57,53088.844
58473.14,58225.47,59005.63,55413.77
60457.75,59421.902,61389.63,57715.95
62738.85,60488.883,63161.57,59834.97
64412.38,63933.023,64658.27,61518.57
65018.7,65040.562,67107.82,63601.387
65705.65,65896.27,68202.81,64475.46
66464.34,66616.27,68865.07,65340.977
66898.96,68247.55,69237.88,66010.25
67200.89,68723.44,69729.64,66652.266
67629.11,69038.57,70229.89,66988.87
67683.17,69200.74,70496.47,67241.55
67077.73,69892.12,70543.61,67451.45
67309.52,69873.85,70540.29,67880.21
67385.33,69841.2,70810.9,68019.47
67724.13,69791.95,70978.04,68174.42
67758.62,70044.37,71118.87,68363.79
67751.1,70014.28,70918.13,68955.3
68155.28,69986.03,70962.4,69083.914
68557.59,69971.78,71362.47,69215.695
68982.4,69999.08,71607.05,69359.73
69258.03,69958.03,71273.27,69895.67
69074.41,69910.2,71587.23,69834.75
69063.63,69887.74,71677.33,69778.55
68536.07,69655.805,71780.02,69699.5
68259.44,69591.875,71588.76,69995.1
68628.01,69540.43,71417.84,69737.01
68933.57,69503.11,71669.08,69528.64
68868.68,69086.56,71555.25,69364.625
68703.77,69042.33,71179.13,69643.99
68091.04,68989.39,70343.23,69394.28
67495.87,68937.0,70062.89,69191.93
67334.49,68350.19,69155.02,69018.18
66822.1,68256.984,69840.62,69104.21
66683.82,68191.27,69671.44,68865.64
66367.63,68121.97,69306.36,68701.63
66545.29,67442.766,69030.19,68562.21
66312.5,67355.445,69381.57,68381.87
65984.26,67287.76,69209.75,68083.99
65443.45,67235.016,68828.35,67844.164
66003.52,66994.3,68582.04,67713.64
66111.05,66944.25,68541.91,67527.234
66533.94,66881.1,68677.17,67760.01
67351.99,66822.83,69186.6,68320.03
68549.34,66893.414,69906.31,69054.98
69413.31,66799.75,70622.86,69669.34
70020.32,66730.414,71153.73,70199.03
70321.58,66679.04,71322.11,70433.586
69891.07,66561.15,71340.88,70512.414
69461.18,66419.66,72093.97,69773.2
69500.94,66296.34,71730.98,69612.74
69394.49,66188.59,71301.47,69507.3
69108.65,65862.25,71370.27,69440.69
68203.41,65828.68,70541.12,66895.28
67667.82,65527.945,69510.87,67418.39
67087.0,65068.83,69101.21,68267.02
65901.0,64409.72,68610.78,67902.67
64604.99,63809.01,67944.28,66619.68
63377.38,63161.258,66862.08,65687.055
62387.22,62460.562,65714.93,64759.79
61813.37,61404.965,64604.17,63940.79
60808.73,60439.28,63404.38,62767.406
59598.12,59506.773,62664.08,61934.926
58985.58,58598.363,61640.08,61171.777
57886.71,57035.17,60720.19,60509.984
57097.95,55402.496,60337.25,59771.953
55586.54,54122.04,59530.1,59045.02
54631.93,53081.41,58323.43,58053.723
53537.34,52290.855,57802.71,57085.64
52140.52,51490.105,56553.51,55995.9
51389.75,50828.914,55645.08,55064.605
50705.29,50287.555,54615.85,54142.965
49663.68,49918.164,53880.79,53316.67
48947.96,49578.18,52109.59,52496.72
48110.45,49285.758,51629.4,51827.46
47836.54,48578.992,51403.2,51098.695
48056.58,47225.22,50857.93,50528.92
47728.05,47817.37,50565.26,49169.19
47491.68,48107.49,50333.28,48933.836
47072.32,48137.8,50165.69,48733.797
46853.16,48108.496,49978.85,48575.02
46841.89,48037.01,49003.67,48522.44
46875.86,48011.637,48848.36,48447.07
46739.4,48055.977,49137.81,48403.938
47546.24,48262.246,49283.51,48392.285
47794.55,48537.99,49317.88,48504.61
47628.86,48882.637,49574.07,48542.434
47956.58,49254.145,49847.77,48624.54
48847.12,49884.004,50199.69,48751.625
49270.93,50489.1,51393.48,49068.99
49509.41,51168.863,51527.52,49297.766
50320.27,51905.074,51951.26,49618.25
51466.17,53148.26,52546.58,50046.53
52173.2,54218.375,54046.86,50791.69
53132.72,55448.035,54467.86,51506.367
54801.29,56871.22,55301.76,52513.316
58223.86,59336.18,56288.55,53989.04
60537.41,60786.555,58307.06,56196.996
62377.86,60475.582,60617.06,56134.777
64072.14,63031.742,62573.16,60219.918
66087.27,66322.39,64179.28,61592.29
66531.99,67336.85,66547.1,63565.367
66822.33,68174.18,67328.1,64335.094
67552.88,68837.484,67730.32,65089.445
68153.77,69810.09,68051.84,65709.43
68867.84,70076.28,68745.94,66421.52
68743.14,70228.97,69180.07,66744.69
69141.22,70283.08,69353.25,67005.54
68870.66,70550.81,68877.53,67231.875
69042.01,70532.41,68767.35,67784.24
69027.46,70525.195,69091.0,67932.125
69075.73,70491.5,69270.61,68101.06
69243.32,70457.29,69389.59,68284.07
69363.04,70424.72,69503.38,68942.54
69579.27,70398.17,69534.31,69062.61
69533.05,70390.7,69939.47,69175.32
69788.86,70130.62,70091.59,69257.64
70305.47,70096.94,70295.17,69846.375
70420.91,70069.16,70888.0,69806.82
70624.27,70038.32,71048.78,69764.72
69879.81,69620.695,70759.91,69701.99
69865.97,69506.52,70235.38,70056.89
69852.87,69419.94,70100.15,69832.695
69761.05,69354.47,69868.81,69664.805
69972.46,68804.625,70179.82,69531.65
69556.31,68697.12,70140.14,69728.26
69262.61,68594.39,70099.66,69462.84
68745.77,68492.445,69759.64,69242.07
68810.12,67897.734,69122.06,68822.875
68604.14,67629.13,68497.9,67758.41
68431.46,67676.38,68231.28,68411.266
68242.98,67580.14,68056.32,68585.164
68692.9,66897.266,67880.19,68496.21
68169.38,66792.266,68295.08,68197.26
67861.45,66700.98,68094.74,67999.88
67583.21,66610.95,67750.81,67817.516
67634.77,66238.555,67314.11,67702.15
67433.82,66130.28,67374.33,67463.625
67722.6,66018.984,67638.96,67808.19
68466.28,65914.07,68159.46,68450.52
69874.8,65921.77,69036.67,69213.24
70726.29,65800.734,69890.47,70008.086
70825.25,65700.164,70253.83,70602.05
71010.15,65616.766,70374.02,70844.73
70581.09,65595.03,70246.72,70922.98
69851.92,65444.785,70288.87,70203.516
69770.38,65286.24,69899.48,70048.875
69419.85,65132.703,69471.16,69908.65
69034.29,64724.973,69415.39,69786.75
68169.76,64425.754,68912.75,68979.15
67541.41,64118.03,68530.29,68634.44
67114.37,63806.96,68105.19,68144.05
65629.03,63077.637,67304.74,67517.05
64348.23,62545.555,66420.51,66076.0
63460.49,62005.113,65290.83,65043.42
62516.31,61478.273,64340.95,64063.504
61737.6,60636.895,63607.83,63267.63
60919.27,59982.58,62876.19,62163.87
59906.61,59386.02,62105.34,61326.79
59199.81,58816.46,61269.84,60558.535
58821.98,57330.16,60281.86,59915.41
57700.81,56422.844,59611.3,59335.08
56686.21,55569.555,58570.27,58605.668
55449.18,54789.043,57354.99,57626.473
53906.22,54022.004,56574.49,56670.953
53097.09,53283.293,55551.5,55646.36
52112.6,52651.08,54386.32,54791.086
51515.15,52086.61,53561.11,53952.566
50287.17,51567.22,52926.14,53199.742
49594.01,51044.297,51682.22,52417.402
49160.94,50572.277,51017.26,51798.047
48744.28,50191.934,50912.73,51224.36
48028.86,47152.08,50415.35,50686.47
48131.5,47550.707,49826.68,49714.484
47795.37,47829.36,49434.21,49449.016
47546.58,47961.344,49266.78,49167.9
47154.11,48042.875,48899.66,48938.895
47067.38,48076.47,48264.85,48829.094
47258.64,48129.402,48224.52,48732.934
47301.37,48252.223,48242.94,48696.87
47598.61,48512.18,48429.52,48713.21
47710.84,48809.83,48633.35,48867.434
47969.72,49164.906,48696.44,48971.82
48228.56,49593.598,48851.56,49123.797
48360.77,50270.234,48975.8,49315.652
48984.39,50877.16,49970.91,49679.457
49699.21,51595.95,50112.76,49953.21
50148.44,52443.418,50416.74,50300.496
51420.07,53801.863,50952.2,50739.32
52106.02,55048.69,52383.06,51491.203
53358.74,56437.008,53058.98,52199.32
54713.51,57975.61,53879.69,53147.566
58099.54,60383.746,55241.01,54465.324
60655.06,61813.07,58415.16,56585.42
62766.3,62987.633,60823.52,58572.18
64532.44,63939.062,62829.46,60424.246
66548.8,67457.88,64604.97,61911.844
67274.19,68405.555,66486.74,64362.516
67470.41,69229.67,67219.77,65217.418
67885.3,69851.84,67421.1,66051.91
68803.59,70571.586,67882.13,66737.24
69190.77,70792.03,68240.4,67477.734
69604.65,70895.586,68819.66,67775.17
69835.38,70929.0,69260.0,67996.03
69248.88,70993.82,69490.64,68148.805
69429.26,70950.64,68319.89,68538.31
69598.83,70904.33,67988.13,68620.445
69625.85,70880.8,68459.16,68727.98
69651.8,70750.12,68696.42,68838.164
69901.24,70725.52,69412.62,69263.23
70033.94,70737.7,69449.06,69328.695
70248.86,70780.11,69560.36,69389.734
70464.94,70477.31,69560.0,69441.01
71231.31,70475.664,69635.31,69805.48
71391.03,70503.82,69940.28,69722.51
71164.68,70522.73,69921.23,69583.03
70670.09,70163.49,70166.66,69419.66
70568.73,70168.85,70397.97,69432.16
70594.86,70174.73,70093.42,69153.38
70697.49,70197.84,70158.27,68897.5
71038.24,69886.016,70142.39,68677.48
70894.37,69881.914,69681.41,68494.71
70165.88,69906.77,68999.92,68212.17
69578.45,69925.59,68150.38,67985.2
69326.16,69635.94,67416.61,67802.76
69376.54,69624.02,68212.45,67578.41
69357.17,69641.305,68476.02,67344.984
69129.35,69645.61,68006.01,67218.47
69179.33,69338.3,67895.85,67151.2
69076.81,69319.44,67637.85,67008.95
68835.28,69325.85,67189.26,66771.52
68439.46,69334.81,66770.48,66717.83
68258.78,69288.21,66528.15,66839.8
68394.9,69288.56,66094.66,67003.9
69012.44,69248.664,66095.19,67441.88
69800.58,69218.375,66765.06,68135.03
70825.25,69386.01,67890.06,69045.016
71454.19,69372.35,69286.55,70286.43
71919.72,69354.69,69978.12,71174.59
72113.83,69356.39,70338.44,71672.766
71931.94,69496.766,70250.95,71873.555
71480.87,69465.67,70303.08,71561.11
71323.39,69416.68,70152.65,71403.9
70840.42,69363.945,70105.79,71231.6
70563.1,69230.44,69894.66,71104.4
69883.01,69113.96,70089.18,70514.664
69237.35,68987.1,69594.43,70154.1
68528.15,68828.26,69107.59,69669.71
66813.22,68261.266,68341.46,69069.91
65552.43,67834.68,66806.24,67688.21
64472.7,67296.734,65599.49,66615.84
63529.59,66614.03,64803.15,65606.305
62529.84,65219.527,64014.22,64770.305
61646.94,64057.758,62982.06,63602.094
60431.8,62753.633,62159.02,62731.164
59763.65,61392.29,61325.36,61942.72
59190.11,59550.582,60324.63,61285.246
58024.37,57626.29,59937.93,60603.188
56871.04,56253.664,59204.87,59831.58
55848.32,55182.375,58160.48,58798.6
54730.12,54285.652,57433.49,57832.496
53520.32,53520.5,56179.77,56792.707
52421.78,52849.61,55073.16,55901.98
51676.88,52240.637,54477.34,55030.703
50486.99,51682.004,53556.95,54230.61
49764.82,51074.016,51220.8,53375.92
49362.08,50424.703,50511.13,52584.527
49115.41,49915.57,50698.79,51869.77
48636.99,48614.285,50218.35,51363.723
48471.89,49055.11,49463.92,50202.195
48357.2,49268.945,48955.67,50078.81
48328.3,49351.62,48860.37,49886.395
47240.06,49452.65,48940.4,49717.484
47083.42,49435.766,48347.7,49662.18
47236.27,49439.69,48255.97,49591.406
47757.66,49473.26,48079.98,49571.812
47545.91,49663.44,48034.23,49581.258
47582.77,49787.574,48031.2,49719.35
47843.61,49928.727,48425.3,49781.473
48006.77,50120.035,48736.13,49875.492
48989.36,50485.164,48966.09,49978.645
49245.2,50820.82,49669.31,50217.71
49564.57,51175.836,50382.61,50391.004
50277.19,51550.4,50775.12,50633.113
51566.48,52155.195,50711.8,50959.332
52287.76,52621.023,52392.58,51574.54
53690.13,53102.656,53159.66,52207.367
55312.57,53620.797,54082.86,53099.516
58784.38,54665.57,55163.79,54397.7
61180.59,55426.37,57792.3,56547.258
62807.04,56295.656,60255.68,58731.42
64336.21,57261.184,62040.36,60799.906
66540.11,62154.227,63950.27,62423.91
67079.0,63501.37,66124.66,64862.29
67424.82,64607.484,66689.18,65718.086
67962.04,65462.39,67426.2,66593.86
68182.73,66618.23,68235.52,67283.58
68706.6,67094.53,69236.95,67874.766
69127.2,67522.51,70139.65,68230.516
69211.38,67871.03,70411.87,68488.29
69791.35,68366.85,70443.68,68676.22
69947.6,68533.516,69942.35,68865.81
70329.84,68652.336,70229.12,69011.61
70323.67,68713.125,70218.86,69189.125
70220.89,68703.84,70128.04,69320.72
70308.92,68686.16,70125.32,69538.46
70434.81,68661.51,69904.39,69623.89
70493.02,68621.734,70167.13,69685.69
70887.8,68256.086,69586.26,69739.99
71345.64,68146.7,69169.96,69839.23
71620.34,68054.4,69040.51,69783.7
71492.44,67962.61,69616.47,69681.82
71108.01,67435.48,70004.33,69580.125
70575.16,67287.13,70754.49,69399.84
70279.92,67134.95,70529.21,69135.44
70177.45,66963.53,70121.37,68902.3
70162.43,66440.766,69560.97,68671.46
69610.19,66257.3,69448.89,68372.02
69197.35,66082.48,69127.77,67987.234
68463.12,65924.83,68273.79,67656.734
68375.62,65462.984,67142.08,67353.43
67967.43,65326.49,67111.78,67047.016
67878.96,65214.77,67057.53,66676.27
67516.59,65120.867,66756.87,66406.805
66433.28,64855.562,66608.06,66202.836
66078.42,64769.48,66743.88,65958.67
65865.18,64695.477,66420.06,65511.242
65785.89,64634.92,65973.58,65279.13
66032.19,64873.355,65698.17,65239.188
66071.84,64801.75,66045.85,65488.324
66506.35,64728.766,66221.4,65877.34
67143.4,64651.668,66665.93,66581.83
68117.32,65241.297,67594.12,67378.164
68612.1,65150.277,68451.81,67970.05
68993.53,65070.03,68463.44,68283.28
68880.38,64995.11,68474.58,68386.945
68821.54,65020.44,68669.96,68393.08
68340.08,64845.86,68408.18,68024.26
67913.72,64653.95,67819.25,67744.586
67655.12,64451.42,67588.64,67442.266
67062.27,63563.836,67338.58,67111.87
66259.69,63210.938,66573.9,66523.336
65589.53,62831.965,65623.64,65869.016
64657.39,62440.332,64842.21,65090.117
63371.31,61241.195,63917.53,64277.86
62187.75,60703.566,62431.94,62940.305
61182.04,60156.855,61159.12,61853.273
60339.34,59627.42,60069.7,60863.844
59605.84,58603.125,59326.06,60070.79
59036.65,58068.758,58876.87,59093.363
58084.68,57588.62,57809.06,58355.15
57368.84,57152.03,57095.0,57667.14
56829.82,55854.984,56559.7,57122.97
55861.03,54991.73,56730.39,56767.027
54809.91,54188.74,55923.06,56239.504
53750.97,53439.285,54873.12,55317.676
52036.13,52729.062,54201.28,54378.195
51075.86,52086.85,52939.16,53393.953
50442.75,51495.176,51967.9,52463.215
49512.84,50969.027,51298.82,51525.766
48972.32,50491.96,50926.69,50675.727
48296.85,50008.61,48837.96,49883.895
47671.54,49548.254,48184.43,49191.984
47334.38,49116.887,47426.02,48546.105
46309.29,45585.73,46978.5,47986.04
45919.57,45633.887,46666.66,47199.5
45620.03,45613.69,46135.93,46980.38
45167.24,45479.258,45872.92,46648.766
44814.1,45273.89,45638.88,46245.41
44865.14,45057.688,45176.02,45940.785
45026.29,44903.6,45026.64,45736.71
44758.23,44825.023,44998.22,45621.94
44686.25,44787.7,44869.57,45563.83
44664.57,44807.824,45162.04,45538.0
44780.81,44886.445,45294.86,45505.723
44903.9,45026.42,45253.55,45477.06
44979.71,45235.23,45358.2,45449.926
44956.44,45482.684,45201.48,45441.324
44894.73,45757.656,45219.53,45408.684
44974.08,46057.344,45541.62,45392.133
45539.04,46446.695,45536.95,45395.133
45389.5,46890.96,45214.1,45450.273
45161.11,47338.77,44947.88,45500.16
45401.42,47781.086,45165.49,45602.555
46289.48,48389.7,45016.07,45772.227
46885.23,49040.19,45510.42,46054.727
47109.32,49754.086,45786.28,46377.67
47853.48,50461.84,46332.04,46773.117
48596.91,52509.684,46996.76,47211.387
49168.98,53494.17,48145.79,48402.973
49875.01,54385.527,49120.11,49232.92
50988.28,55200.582,49796.77,50208.285
52869.24,56075.387,50494.13,51150.727
53902.08,56765.934,51496.03,52165.055
54818.5,57339.746,52476.67,53073.43
55679.32,57796.277,53067.88,53937.363
56075.1,58246.438,54095.07,54757.082
56452.77,58538.02,55244.59,55580.516
57105.85,58741.51,56118.42,56286.645
57613.95,58864.223,57059.9,56859.906
58386.48,59014.652,57272.35,57332.516
58495.56,59057.906,57319.45,57816.65
58596.9,59045.31,57712.04,58166.95
59039.1,58983.87,57889.37,58458.83
59111.65,58918.156,57836.95,58733.83
59366.15,58803.977,58401.39,59019.305
59574.65,58630.85,58707.3,59156.188
59608.19,58423.402,59157.71,59162.11
59497.27,58200.9,58470.99,59062.07
59179.44,57955.61,58339.62,58940.305
58764.04,57693.98,58224.48,58565.125
58240.04,57410.96,58042.93,58146.895
57599.74,57058.523,57942.11,57748.973
57046.69,56735.094,57125.51,57420.23
56487.45,56422.695,56823.81,56964.742
55897.82,56119.723,56743.91,56584.55
55772.05,55741.367,56586.08,56267.242
55527.31,55428.92,56159.11,56067.23
55061.81,55162.81,55712.55,55730.938
54937.47,54919.09,55984.42,55541.797
55082.74,54727.824,55074.29,55417.605
54840.79,54499.59,55474.15,55441.555
54787.24,54330.332,54978.44,55293.984
54675.33,54191.746,55486.5,55275.836
54818.55,54364.92,55751.92,55353.453
54978.4,54182.133,55729.82,55803.87
55446.07,54034.254,55788.46,56112.82
56496.16,53918.098,56863.85,56836.56
58355.07,54257.168,57920.11,57763.64
59286.64,54118.996,59251.88,59160.727
59997.33,54038.145,59812.95,59823.266
60132.81,53986.43,59991.99,60204.75
59812.78,54262.977,60026.68,60328.805
59469.3,54188.457,59927.15,60508.11
58867.96,54135.973,60047.38,60219.887
58404.98,54092.07,59823.47,59878.426
58098.51,54144.516,59468.08,59494.656
57536.94,54067.758,59572.64,59098.58
57064.78,53995.492,59153.32,58378.305
56310.06,53926.867,58849.18,57644.57
54801.53,53808.508,58567.55,56879.54
53372.37,53642.676,56942.51,55953.13
52538.19,53391.496,55582.83,54887.57
51949.23,53108.062,54656.46,53921.64
51555.73,52747.566,54186.23,53107.188
51049.35,52410.617,53379.0,52446.21
50741.07,52062.805,52690.18,51860.137
50357.52,51739.03,52443.65,51388.043
51033.6,51523.285,52459.17,50994.754
50444.14,51125.207,52035.26,51474.977
49639.15,50694.082,51493.13,50964.96
48857.85,50196.67,50708.46,50292.223
48212.65,49744.41,49676.61,49499.117
47504.27,49156.266,48355.57,48672.586
46614.18,48573.844,47351.9,47863.367
46317.25,47987.902,46731.18,47094.734
45811.67,47642.22,46250.06,46384.48
45629.35,47209.383,45161.07,45698.79
45408.43,46872.016,44553.43,45054.98
44983.85,46600.234,43939.97,44432.547
43976.25,43534.492,43598.97,43857.39
43749.27,43608.555,43071.68,43435.203
43610.11,43687.11,42832.96,42936.188
43413.34,43720.258,42615.96,42550.277
43021.23,43667.168,42308.35,42205.96
42578.35,43630.242,42165.91,41909.543
42584.21,43550.258,41782.96,41666.94
42508.11,43477.24,41837.05,41466.766
42090.27,43337.47,41613.13,41312.0
42086.51,43226.695,41610.13,41201.953
41996.23,43130.82,41626.97,41141.008
42000.84,43045.402,41663.67,41128.97
42075.0,42926.668,41318.21,41141.492
41937.2,42896.918,41988.0,41161.387
42062.96,42873.29,42159.99,41146.94
41728.42,42886.83,42223.3,41099.7
41950.63,42857.29,42132.59,41024.254
42026.44,42923.605,41911.73,40935.812
41970.21,43008.72,41746.7,40824.957
42032.75,43098.703,41710.96,40721.53
41701.55,43174.87,41283.95,40646.58
41649.96,43253.56,40581.14,40591.82
41999.69,43323.465,40793.56,40587.88
42407.3,43431.047,40965.04,40658.895
42914.82,44037.113,41471.9,40804.047
43107.94,44360.906,42655.47,41446.223
43620.62,44657.99,43241.1,41881.97
44558.52,45007.38,43718.66,42528.184
45643.52,45570.797,43870.28,43258.63
46482.17,46150.227,44920.92,44095.543
47284.3,46782.89,45806.06,44932.57
47981.49,47426.766,47106.92,45841.977
48957.0,48168.086,47941.71,46782.465
49701.19,48749.94,48659.03,47718.203
50156.32,49276.473,49563.36,48594.39
50930.09,49720.26,50104.47,49407.918
51408.0,50237.46,50917.63,50142.01
51802.57,50612.7,51313.05,50822.367
52401.46,50917.72,52076.41,51510.25
52861.17,51194.207,52756.45,52204.64
53635.4,51473.152,53178.84,52953.695
54307.78,51728.52,54259.02,53656.61
54463.44,51921.15,54882.27,54096.844
54201.92,52048.523,55320.08,54298.188
53984.52,52117.113,54855.15,54319.715
53673.27,52176.383,54616.85,54226.027
53303.14,52139.562,54338.39,53875.844
53003.59,52044.72,54218.83,53408.91
52895.72,51925.97,54024.47,52957.4
52824.96,51822.004,54002.5,52611.535
52565.86,51701.156,53371.45,52120.984
51481.41,51558.562,53008.92,51691.15
51411.92,51355.11,52664.85,51363.28
50680.19,51138.08,52828.45,51213.22
50786.67,50849.902,52430.91,50894.902
50392.73,50680.184,52217.68,50675.875
50672.64,50734.004,52104.77,50539.09
50477.96,50634.633,52295.01,50609.32
50504.88,50573.9,51663.56,50479.75
50719.5,50586.938,51796.63,50456.215
51558.2,51228.867,51941.1,50567.906
51988.04,51375.36,52266.95,51095.543
52649.57,51550.477,52435.13,51559.363
54107.55,51773.37,53566.44,52324.42
55200.43,52758.387,54510.78,53168.062
56310.79,52977.4,55886.55,54472.22
56767.26,53176.977,56286.94,55136.5
56880.68,53327.473,56709.23,55668.484
57372.68,54005.906,56897.49,56014.15
57414.14,54061.797,57312.46,56636.598
57211.38,54109.78,57301.32,56556.555
56888.86,54134.723,57017.46,56422.367
56053.04,54491.812,56362.95,56225.68
55404.69,54446.34,55553.01,56196.754
54809.69,54380.105,55264.04,55634.355
54434.04,54293.277,54719.13,55063.688
54637.19,54375.434,54329.98,54531.957
54018.51,54301.38,54353.18,54054.13
53284.67,54176.375,53353.93,53437.6
52607.37,53982.96,52502.38,52878.47
52961.19,53809.414,52167.16,52409.934
52709.85,53663.125,52155.95,52061.207
52446.28,53504.39,51725.74,51653.695
52312.01,53328.766,51569.41,51307.99
53117.12,53365.965,51700.93,51042.305
52582.83,53084.707,52045.07,51748.17
52012.14,52772.754,51635.39,51256.57
51302.47,52421.05,50629.44,50599.16
49608.24,52096.418,49927.41,49854.934
48685.82,51363.9,48596.15,49102.863
48027.71,50585.816,47877.58,48325.367
47393.93,49832.395,47625.13,47546.664
46606.6,49211.402,46888.29,46810.055
46002.09,48480.402,45402.91,46138.742
46205.72,47843.125,44880.66,45481.348
45852.99,47406.906,44261.24,44837.5
45157.21,45391.6,43749.47,44227.242
44782.96,45795.96,43293.33,44053.543
44840.96,46039.535,42928.96,43564.863
44733.12,46223.67,42636.08,43246.78
44209.51,46358.945,42831.15,43046.902
44278.64,46446.414,42404.53,42943.2
44439.04,46564.273,42384.5,42877.69
44541.98,46733.473,42415.42,42874.316
44671.75,46973.668,42513.63,42938.03
44745.7,47238.547,42094.2,43108.23
44887.32,47551.9,42091.01,43326.457
45223.64,47923.523,42479.63,43631.023
46019.0,48379.887,42640.66,44014.734
46544.54,49000.793,43486.62,44537.78
47096.34,49724.32,43803.09,45097.15
47599.49,50538.195,44433.44,45773.203
49536.69,51482.44,45048.26,46591.2
50409.71,52696.98,46852.42,47717.0
51487.07,53966.086,47874.84,48972.375
53380.47,55248.348,49404.18,50578.555
56455.74,56733.598,51547.05,52626.164
59010.96,58005.53,55802.92,55374.53
61313.42,59207.062,58675.45,57916.15
63246.31,60322.754,60749.17,60128.62
65771.76,63636.3,62607.88,61863.45
67057.57,65121.67,64050.31,64260.195
67494.83,66194.625,65161.85,65227.48
68045.51,66964.51,65862.81,66125.93
68428.81,67743.76,66365.23,66803.586
68954.72,68119.78,66926.66,67246.0
69676.39,68381.58,67470.52,67604.71
70153.49,68597.375,67671.32,67879.7
69816.27,68848.195,67684.68,68092.516
70472.63,68985.16,67610.28,68135.42
70694.25,69099.414,68425.79,68278.11
71163.31,69226.95,69085.33,68478.11
70956.14,69229.59,69403.22,68709.56
70937.98,69323.81,69548.76,68879.83
71112.13,69375.67,69848.37,69141.07
70892.12,69441.836,70040.49,69400.24
70993.98,69304.39,70291.22,69634.28
71190.07,69364.94,70339.61,69742.95
71234.56,69400.06,70490.57,69775.78
71165.54,69429.15,70504.91,69783.01
71144.42,69258.016,70357.98,69756.32
71128.64,69292.266,70093.83,69639.91
71531.58,69334.68,70028.54,69423.88
71455.4,69383.53,70466.69,69227.87
71396.44,69272.12,70619.98,69033.71
71233.67,69304.05,70595.21,68799.266
70891.43,69317.32,70472.55,68523.766
70374.46,69340.27,70564.09,68322.53
70412.63,69363.33,69855.76,68153.53
70723.66,69425.055,69494.67,68017.93
70597.81,69505.39,69402.62,67817.586
70436.62,69630.47,69081.15,67704.32
70440.56,69811.336,68959.11,67666.22
70274.15,69972.14,68330.88,67697.41
70091.06,70147.27,68342.92,67539.79
69471.95,70292.55,68347.54,67415.81
69325.45,70472.53,68467.06,67331.18
69380.39,70577.21,68352.75,67527.12
69801.68,70628.22,68619.26,67844.914
70881.48,70655.74,69070.22,68525.22
72055.25,70485.25,69604.19,69407.17
72487.83,70518.68,71008.15,70412.72
72642.94,70534.664,71758.34,71068.414
72298.23,70535.914,72038.62,71413.96
72470.62,70152.77,72027.06,71539.49
72105.93,70123.81,72067.34,71162.9
72084.89,70074.9,71907.01,71034.86
71893.72,70023.445,72273.66,70879.08
71583.23,69536.43,72027.87,70688.51
70527.58,69455.51,71277.87,70005.97
70235.73,69349.625,71062.2,69585.625
69747.56,69240.92,70875.64,69064.62
67760.03,68631.125,70448.22,68467.73
66369.52,68410.086,68454.77,67283.05
65623.44,68140.35,67096.88,66273.05
64462.78,67822.03,66344.91,65278.824
62416.75,66848.19,65491.96,64417.6
61624.33,66133.92,63908.43,63307.723
60942.78,65303.28,63202.66,62418.477
59950.91,64368.39,62434.08,61581.98
59106.27,62975.016,61677.55,60890.5
58638.49,61014.8,60837.02,60349.36
57755.62,59354.957,60002.99,59585.273
56812.97,57924.664,59147.11,58450.164
55625.96,56520.562,58234.08,57334.18
54434.82,55194.95,56955.01,56189.49
53694.4,54164.465,55721.31,55113.555
52816.2,53339.617,54598.65,54065.855
51175.23,52601.617,54133.47,53132.793
50783.7,51741.766,52747.42,52265.484
50221.37,51113.453,52033.93,51502.895
49712.01,50612.742,51483.99,50815.918
48980.71,48255.98,51227.36,50234.82
48751.63,48541.598,50869.68,49817.406
48611.69,48647.19,50483.07,49543.605
48386.75,48666.33,50349.7,49308.297
48160.27,48664.54,50217.74,49121.574
47900.3,48745.38,49868.18,49014.824
48072.28,48906.152,49439.98,48951.89
47961.14,49147.562,49527.97,48960.176
48491.31,49427.844,49867.29,49022.418
48640.83,49775.04,50405.5,49157.734
48364.31,50115.73,50141.59,49288.74
48417.82,50428.543,50179.51,49469.176
49318.67,50811.973,50533.18,49699.812
49807.8,51295.0,50930.84,50030.06
50262.18,51785.832,51277.09,50351.586
50952.82,52324.594,51537.91,50753.06
52681.18,53024.47,52235.82,51237.75
53374.73,53791.277,54076.54,51943.266
54552.71,54557.7,54873.01,52666.734
55542.57,55381.25,56028.02,53640.656
59005.63,56595.223,57624.61,54981.93
61389.63,57725.125,61001.42,57119.65
63161.57,58936.59,62938.4,59467.637
64658.27,60163.543,64716.42,61860.58
67107.82,64935.523,66174.87,63784.523
68202.81,66532.27,68082.23,66338.14
68865.07,67619.02,69374.29,67266.45
69237.88,68360.984,70357.23,68135.18
69729.64,69104.37,71198.79,68778.66
70229.89,69473.52,71793.38,69126.49
70496.47,69728.54,72108.67,69357.164
70543.61,69937.24,72508.39,69515.15
70540.29,70014.96,72574.91,69585.81
70810.9,70094.5,72597.17,69478.586
70978.04,70139.42,72252.13,69474.02
71118.87,70170.32,72314.24,69614.47
70918.13,70007.64,72283.25,69844.31
70962.4,70001.89,71504.67,69951.0
71362.47,70025.08,71902.26,70221.89
71607.05,70047.15,71889.74,70503.76
71273.27,69882.08,71838.79,70737.55
71587.23,69897.26,72128.71,70805.34
71677.33,69899.56,72632.88,70907.45
71780.02,69895.055,72681.71,70939.06
71588.76,69776.27,72609.71,70911.87
71417.84,69769.4,72505.24,70728.91
71669.08,69797.36,72000.56,70496.12
71555.25,69774.09,71885.01,70253.09
71179.13,69689.53,71701.92,70029.266
70343.23,69671.734,72097.81,69770.16
70062.89,69627.83,71984.41,69438.53
69155.02,69606.4,71232.32,69133.64
69840.62,69574.984,70488.51,68881.84
69671.44,69567.67,70246.49,68710.914
69306.36,69582.83,69933.81,68404.82
69030.19,69629.125,69489.78,68181.67
69381.57,69738.875,69148.62,67993.78
69209.75,69778.336,69345.63,67924.4
68828.35,69842.08,68527.28,67650.695
68582.04,69906.55,68359.37,67366.57
68541.91,70073.9,67952.41,67180.53
68677.17,70113.96,68299.52,67324.87
69186.6,70133.34,68756.9,67558.13
69906.31,70134.11,69439.91,68153.05
70622.86,69948.984,70021.05,68943.69
71153.73,69963.41,70967.75,69971.766
71322.11,69987.375,71674.35,70559.39
71340.88,70019.21,72041.86,70820.92
72093.97,69654.945,72108.92,70857.44
71730.98,69655.586,70784.89,70423.62
71301.47,69664.57,70302.05,70211.836
71370.27,69668.195,69856.27,69957.11
70541.12,69199.07,69583.77,69705.25
69510.87,69127.84,69422.13,69030.55
69101.21,69064.1,68894.83,68500.81
68610.78,68992.84,68339.12,67852.56
67944.28,68402.18,67314.18,67139.164
66862.08,68256.555,66581.98,65920.72
65714.93,68089.055,65614.19,64851.46
64604.17,67876.734,64533.78,63852.27
63404.38,67034.086,63429.99,63013.73
62664.08,66607.016,62693.17,61997.11
61640.08,66126.16,61703.38,61101.023
60720.19,65510.492,60850.45,60251.754
60337.25,64166.223,59855.38,59543.215
59530.1,62562.254,60038.92,59266.875
58323.43,60981.562,59224.91,58490.848
57802.71,59417.895,58194.25,57430.586
56553.51,57748.566,57273.38,56415.664
55645.08,56456.81,55943.32,55403.316
54615.85,55375.18,55140.86,54471.355
53880.79,54431.574,54354.67,53563.023
52109.59,53542.348,53375.22,52753.48
51629.4,52668.51,52758.65,51976.363
51403.2,51934.703,52278.87,51301.848
50857.93,51335.457,51812.06,50658.824
50565.26,48827.13,51335.45,50090.75
50333.28,49077.91,50731.86,49689.105
50165.69,49083.91,50321.04,49388.83
49978.85,48969.984,49858.63,49097.035
49003.67,48891.992,49802.54,48855.668
48848.36,48848.83,49382.92,48730.68
49137.81,48889.31,49422.75,48634.934
49283.51,49040.066,49416.23,48606.273
49317.88,49321.086,49372.35,48631.848
49574.07,49673.367,49576.12,48768.465
49847.77,50122.8,49517.05,48881.15
50199.69,50648.734,49675.8,49044.957
51393.48,51284.207,49975.06,49252.676
51527.52,51957.465,50320.83,49589.125
51951.26,52593.523,50787.02,49893.43
52546.58,53236.098,50833.13,50285.805
54046.86,54036.42,51514.13,50783.812
54467.86,54727.555,52473.54,51537.863
55301.76,55369.355,53032.54,52382.19
56288.55,56006.1,54175.08,53565.61
58307.06,56955.16,55412.7,55215.0
60617.06,57562.582,58248.31,57569.87
62573.16,58211.25,60243.73,59863.656
64179.28,58889.293,62239.37,61858.125
66547.1,62952.777,63913.29,63362.13
67328.1,64776.312,65851.85,65059.23
67730.32,66243.05,67182.39,65919.5
68051.84,67332.99,67776.16,66715.71
68745.94,68443.19,68440.34,67322.555
69180.07,68940.23,69022.71,67726.93
69353.25,69303.81,69329.11,68036.07
68877.53,69571.61,69781.0,68288.664
68767.35,69793.98,69801.45,68490.62
69091.0,69895.12,69583.39,68611.414
69270.61,69961.09,69741.49,68783.0
69389.59,70035.19,70313.18,69014.516
69503.38,70007.734,70496.84,69261.6
69534.31,70042.0,70605.76,69476.516
69939.47,70059.01,70663.9,69690.875
70091.59,70057.125,71016.95,69904.99
70295.17,69963.97,71291.66,70094.21
70888.0,69952.016,71703.85,70198.19
71048.78,69961.59,71718.42,70249.79
70759.91,69971.82,71815.18,70272.56
70235.38,69885.945,71690.53,70270.14
70100.15,69856.266,71597.41,70163.41
69868.81,69840.48,71306.25,69998.836
70179.82,69859.11,71110.68,69831.37
70140.14,69792.555,71059.78,69652.75
70099.66,69764.18,71189.54,69410.984
69759.64,69748.21,70836.3,69111.57
69122.06,69804.18,70564.92,68858.25
68497.9,69708.48,70040.11,68644.11
68231.28,69741.555,68947.83,68401.04
68056.32,69758.17,68749.55,68151.53
67880.19,69770.21,68858.93,67993.31
68295.08,69724.31,68956.12,67879.555
68094.74,69786.55,68756.66,67777.48
67750.81,69867.19,68600.94,67573.336
67314.11,69897.48,68445.83,67382.516
67374.33,69966.695,68190.17,67269.21
67638.96,69960.91,68877.79,67490.12
68159.46,69981.82,69253.2,67941.58
69036.67,69941.09,69888.16,68763.05
69890.47,69680.414,70567.93,69676.62
70253.83,69692.266,70834.23,70541.17
70374.02,69665.91,71194.13,70924.19
70246.72,69657.734,71120.75,71059.38
70288.87,69226.055,71006.25,71068.1
69899.48,69176.96,71142.84,70685.07
69471.16,69155.86,70907.59,70497.47
69415.39,69130.664,70782.04,70281.375
68912.75,68593.9,70587.14,70064.61
68530.29,68509.555,70140.69,69491.03
68105.19,68421.836,69499.86,69008.83
67304.74,68332.56,68736.11,68397.09
66420.51,67596.18,67909.92,67698.49
65290.83,67400.555,66701.52,66477.52
64340.95,67111.805,65539.53,65368.742
63607.83,66779.59,64513.49,64336.137
62876.19,65675.15,63591.36,63479.49
62105.34,65100.973,62854.79,62483.75
61269.84,64414.8,62353.07,61597.555
60281.86,63628.324,61449.66,60778.336
59611.3,62182.395,60702.47,60092.57
58570.27,60644.113,60251.07,59884.42
57354.99,59332.23,59445.64,59077.637
56574.49,58177.35,58416.92,58004.76
55551.5,56970.973,57751.55,56993.07
54386.32,56088.984,56620.24,55989.88
53561.11,55298.9,55576.14,55070.816
52926.14,54557.22,54692.74,54194.297
51682.22,53777.98,54179.05,53424.402
51017.26,53062.035,53313.14,52681.01
50912.73,52416.016,52743.82,52033.44
50415.35,51891.86,52256.83,51408.69
49826.68,49370.47,51767.75,50848.06
49434.21,49604.055,51237.69,50510.42
49266.78,49534.1,50846.17,50197.477
48899.66,49380.07,50674.98,49873.258
48264.85,49278.984,50386.45,49599.6
48224.52,49176.29,49674.75,49420.14
48242.94,49134.543,49714.48,49282.55
48429.52,49178.676,49907.89,49211.438
48633.35,49381.047,49998.03,49197.88
48696.44,49645.453,50297.95,49277.062
48851.56,50007.984,50519.09,49357.246
48975.8,50498.105,50598.57,49484.043
49970.91,51199.332,50479.77,49657.344
50112.76,51986.688,51100.24,49963.42
50416.74,52774.78,51408.43,50260.21
50952.2,53599.594,51752.13,50647.598
52383.06,54644.8,52275.45,51144.29
53058.98,55558.297,53737.17,51891.242
53879.69,56400.723,54576.33,52737.586
55241.01,57224.85,55361.58,53890.33
58415.16,58403.89,56951.78,55470.223
60823.52,59231.598,59492.55,57715.38
62829.46,60038.684,61628.45,59995.21
64604.97,60809.88,63537.42,62071.13
66486.74,64813.97,65197.26,63672.21
67219.77,65957.98,67043.67,65387.676
67421.1,66950.92,67901.03,66287.33
67882.13,67736.766,68580.66,67121.6
68240.4,68453.44,69033.34,67750.26
68819.66,68777.06,70002.15,68134.23
69260.0,69077.67,70348.92,68448.625
69490.64,69273.625,70524.57,68726.32
68319.89,69394.01,70472.9,68949.42
67988.13,69483.33,70089.77,69049.05
68459.16,69548.28,70291.14,69231.22
68696.42,69580.83,70634.81,69450.65
69412.62,69451.81,70670.31,69692.49
69449.06,69465.34,70890.17,69863.82
69560.36,69470.68,70796.91,70055.805
69560.0,69462.125,70892.46,70233.695
69635.31,69193.78,71130.05,70375.14
69940.28,69094.94,71267.26,70309.23
69921.23,68956.72,71340.01,69979.43
70166.66,69468.26,71422.23,70796.92
70397.97,69269.37,71275.35,70779.67
70093.42,69201.96,71087.13,70608.49
70158.27,69150.94,70770.09,70383.1
70142.39,69116.734,70612.98,70172.984
69681.41,68923.45,70485.76,69975.06
68999.92,68882.56,70780.86,69693.94
68150.38,68841.305,70605.89,69384.54
67416.61,68804.17,70298.18,69118.54
68212.45,68535.45,69715.08,68884.37
68476.02,68458.88,69463.16,68620.14
68006.01,68407.3,69493.93,68348.25
67895.85,68399.484,69227.1,68178.695
67637.85,68253.59,68953.95,68042.48
67189.26,68315.69,68912.79,67933.87
66770.48,68436.15,68837.9,67651.36
66528.15,68576.45,68908.5,67410.68
66094.66,68735.4,68717.87,67297.69
66095.19,68748.78,68767.54,67551.24
66765.06,68689.13,69161.17,67911.05
67890.06,68731.34,69782.36,68623.56
69286.55,68655.72,70758.51,69425.17
69978.12,68962.234,71462.25,70166.77
70338.44,69255.74,71704.62,70495.29
70250.95,69503.03,71769.0,70608.86
70303.08,69527.09,71846.31,70585.54
70152.65,69591.22,71528.43,70302.22
70105.79,69643.91,71327.93,70064.08
69894.66,69727.66,71001.91,69793.516
70089.18,69572.83,70549.7,69536.17
69594.43,69519.66,69570.56,69077.52
69107.59,69412.28,68775.26,68562.25
68341.46,69252.6,68294.9,67974.44
66806.24,68791.6,67919.65,67353.18
65599.49,68386.85,66817.64,66370.65
64803.15,67870.0,65571.75,65289.574
64014.22,67262.7,64344.4,64256.95
62982.06,66076.48,63448.29,63407.594
62159.02,65073.727,62844.21,62472.918
61325.36,64052.188,62350.37,61559.695
60324.63,63025.074,61568.79,60701.934
59937.93,61523.4,60614.44,60002.445
59204.87,59849.117,60261.24,59753.93
58160.48,58568.95,59825.74,58915.844
57433.49,57505.75,58838.17,57800.746
56179.77,56490.152,58062.29,56780.652
55073.16,55633.797,57300.69,55824.527
54477.34,54889.46,56274.62,54908.18
53556.95,54236.22,55277.06,54021.184
51220.8,53625.05,54640.18,53240.246
50511.13,52866.11,53475.86,52544.945
50698.79,52223.95,52865.16,51882.117
50218.35,51776.203,52543.61,51240.395
49463.92,49383.027,52123.45,50664.49
48955.67,49559.016,51533.86,49367.12
48860.37,49580.234,51018.97,49125.918
48940.4,49551.617,50773.3,48829.914
48347.7,49541.895,50422.73,48562.273
48255.97,49522.4,50285.17,48401.332
48079.98,49559.395,50134.3,48229.445
48034.23,49626.11,50106.32,48130.53
48031.2,49787.082,50302.81,48103.473
48425.3,50038.008,50015.21,48218.47
48736.13,50412.992,49983.93,48294.023
48966.09,50846.918,50206.45,48435.32
49669.31,51388.0,50513.18,48631.375
50382.61,52021.582,51187.95,48965.945
50775.12,52688.25,51415.13,49263.07
50711.8,53317.42,52001.9,49651.355
52392.58,54020.582,52691.71,50150.223
53159.66,54777.938,53598.73,50938.273
54082.86,55511.89,54194.36,51776.664
55163.79,56291.293,55159.66,52922.43
57792.3,57450.96,56614.92,54460.383
60255.68,58384.75,59766.05,56713.69
62040.36,59377.22,61916.1,59011.895
63950.27,60434.312,63679.66,61229.27
66124.66,65021.816,65376.0,63042.344
66689.18,66767.79,66955.25,65043.5
67426.2,68181.03,68108.06,66054.38
68235.52,69202.41,68788.78,67047.99
69236.95,69992.484,69190.14,67805.47
70139.65,70448.86,69499.37,68250.68
70411.87,70740.12,69939.13,68551.516
70443.68,70910.266,70041.28,68777.2
69942.35,70728.97,70196.01,68938.09
70229.12,70776.32,69989.97,68916.086
70218.86,70786.4,70378.63,69001.336
70128.04,70755.63,70499.43,69135.47
70125.32,70415.06,70751.89,69301.07
69904.39,70335.54,70885.51,69315.94
70167.13,70260.234,71109.1,69416.24
69586.26,70198.46,71120.2,69531.78
69169.96,69830.38,70890.24,69635.16
69040.51,69711.555,71205.41,69539.99
69616.47,69549.01,71322.76,69454.22
70004.33,69391.234,71423.4,69339.164
70754.49,69051.914,70934.94,69218.0
70529.21,68894.16,70800.62,68890.336
70121.37,68749.52,70713.64,68571.81
69560.97,68594.3,70610.55,68298.55
69448.89,68356.23,70411.46,68016.97
69127.77,68221.3,70595.47,67618.766
68273.79,68105.75,69914.81,67228.375
67142.08,68004.84,69499.65,66948.65
67111.78,67719.375,68890.48,66652.98
67057.53,67583.03,68114.8,66347.484
66756.87,67460.57,68087.78,65967.625
66608.06,67364.11,67887.58,65730.27
66743.88,67146.766,67417.25,65512.293
66420.06,67023.66,66892.26,65382.203
65973.58,66939.56,66470.97,64983.777
65698.17,66855.445,66432.1,64843.465
66045.85,66631.055,66287.43,64896.055
66221.4,66542.08,66803.37,65420.477
66665.93,66478.55,67743.86,65832.445
67594.12,66430.26,68510.96,66586.5
68451.81,65972.1,69678.06,67431.22
68463.44,65941.984,70386.02,68303.77
68474.58,65914.79,70157.93,68694.53
68669.96,65887.336,70141.84,68855.734
68408.18,65297.72,70133.12,68859.664
67819.25,65178.926,70512.96,68666.08
67588.64,65020.734,70023.11,68387.836
67338.58,64814.906,69898.91,68113.336
66573.9,64027.13,69619.47,67846.66
65623.64,63697.58,69072.88,67552.03
64842.21,63352.85,68252.99,67100.1
63917.53,63004.484,67565.72,66532.39
62431.94,62106.25,66533.95,65958.85
61159.12,61699.555,65163.48,65113.434
60069.7,61312.82,63916.14,64182.38
59326.06,60939.742,62859.55,63240.008
58876.87,60132.344,62422.55,62449.348
57809.06,59734.72,61448.08,61514.61
57095.0,59339.527,61036.68,60665.03
56559.7,58945.168,60544.83,59875.08
56730.39,58041.05,59448.56,59220.66
55923.06,56999.168,58737.73,58665.336
54873.12,56175.59,57861.28,58034.598
54201.28,55409.414,57113.75,56952.7
52939.16,54643.008,56165.57,55892.996
51967.9,53911.547,55057.19,54878.258
51298.82,53203.42,53950.98,53901.98
50926.69,52546.656,53066.81,52956.234
48837.96,51958.496,52359.36,52103.633
48184.43,51193.344,51108.77,51339.484
47426.02,50507.77,50613.25,50649.594
46978.5,49894.086,49875.67,50004.312
46666.66,45665.555,49334.35,49446.816
46135.93,45622.785,47947.29,48701.723
45872.92,45516.64,47544.68,48398.773
45638.88,45335.695,47007.05,48007.574
45176.02,45137.47,46961.75,47575.766
45026.64,44925.81,46640.91,47243.406
44998.22,44759.273,46603.26,47033.805
44869.57,44658.195,46384.18,46924.867
45162.04,44611.6,46273.16,46881.516
45294.86,44653.066,46416.04,46843.24
45253.55,44754.246,46335.97,46816.055
45358.2,44891.797,46346.12,46784.61
45201.48,45098.453,46470.93,46758.145
45219.53,45315.93,46567.61,46714.42
45541.62,45567.27,46561.44,46683.227
45536.95,45876.254,46300.84,46677.723
45214.1,46256.816,46042.28,46691.773
44947.88,46592.97,46240.31,46743.11
45165.49,46923.508,46110.87,46830.527
45016.07,47315.875,46156.29,46969.758
45510.42,47809.305,46755.75,47182.32
45786.28,48314.758,47200.84,47506.605
46332.04,48856.492,47722.42,47851.23
46996.76,49466.312,48251.59,48255.76
48145.79,51592.97,48963.99,48672.367
49120.11,52581.867,50715.43,49877.33
49796.77,53559.203,51662.44,50666.48
50494.13,54470.824,52695.95,51637.914
51496.03,55431.18,53038.05,52574.453
52476.67,56187.992,54231.59,53536.61
53067.88,56835.336,54917.32,54425.508
54095.07,57347.83,55983.84,55254.492
55244.59,57742.047,56929.71,56044.934
56118.42,58062.098,57805.42,56763.715
57059.9,58274.82,58118.66,57466.293
57272.35,58407.613,58435.99,58038.45
57319.45,58529.066,58830.32,58507.78
57712.04,58576.508,59222.45,58887.047
57889.37,58569.176,59307.49,59183.906
57836.95,58528.3,59572.15,59415.445
58401.39,58439.027,59598.15,59610.188
58707.3,58338.24,59813.59,59769.812
59157.71,58158.887,59904.58,59803.906
58470.99,57941.336,60113.54,59726.1
58339.62,57760.61,59939.99,59534.57
58224.48,57519.22,59740.58,59323.438
58042.93,57268.945,59592.88,58882.695
57942.11,57002.094,59083.45,58382.53
57125.51,56802.645,58632.75,57885.7
56823.81,56547.156,57749.11,57559.676
56743.91,56313.773,57209.74,57049.13
56586.08,56083.062,56748.62,56637.695
56159.11,56049.164,56012.84,56330.426
55712.55,55817.402,55861.66,56317.766
55984.42,55628.977,55658.76,56035.33
55074.29,55481.32,55541.96,55908.58
55474.15,55677.043,55419.45,55868.855
54978.44,55595.18,55619.9,56176.57
55486.5,55519.855,55582.41,56061.426
55751.92,55545.37,55617.78,56088.996
55729.82,56149.113,56108.47,56280.527
55788.46,56089.586,56656.26,57247.64
56863.85,56076.926,57685.92,57876.277
57920.11,56147.473,58835.04,58860.574
59251.88,56633.062,59630.64,59881.945
59812.95,56728.05,60255.01,61172.062
59991.99,56814.117,60547.32,61576.305
60026.68,56875.81,60913.49,61730.953
59927.15,57128.37,61089.24,61687.895
60047.38,57120.273,61315.6,61652.035
59823.47,57099.582,60990.48,61245.844
59468.08,57067.81,60430.87,60815.758
59572.64,57078.68,59981.13,60353.68
59153.32,56991.62,59491.9,59906.88
58849.18,56883.496,58874.7,59158.645
58567.55,56755.418,58419.74,58405.016
56942.51,56618.516,57573.54,57640.65
55582.83,56355.105,56089.09,56770.906
54656.46,56002.555,55057.02,55749.17
54186.23,55580.324,54219.77,54863.742
53379.0,55168.23,53450.45,54173.984
52690.18,54675.32,52638.05,53646.098
52443.65,54171.742,52325.38,53147.35
52459.17,53753.043,51791.41,52710.523
52035.26,53226.24,51578.69,52323.32
51493.13,52826.836,51871.47,52441.473
50708.46,52368.69,51549.59,51872.867
49676.61,51813.516,50754.51,51151.637
48355.57,51202.074,49954.18,50348.363
47351.9,50332.184,49108.72,49547.77
46731.18,49477.355,48520.95,48774.992
46250.06,48773.727,47919.05,48021.855
45161.07,48346.816,47224.42,47307.895
44553.43,47839.742,46134.03,46608.668
43939.97,47441.15,45337.0,45944.918
43598.97,47122.168,44932.18,45311.645
43071.68,43956.375,44472.51,44736.047
42832.96,43792.266,43874.51,43677.367
42615.96,43718.902,43190.57,43107.656
42308.35,43677.117,42764.78,42677.293
42165.91,43594.05,42842.24,42337.586
41782.96,43568.047,42709.84,42081.793
41837.05,43515.535,42585.1,41865.47
41613.13,43472.03,42283.58,41694.918
41610.13,43380.566,42406.08,41562.2
41626.97,43336.023,42580.56,41485.63
41663.67,43285.426,42261.32,41426.953
41318.21,43239.125,41989.26,41421.38
41988.0,43153.367,42294.68,41451.727
42159.99,43154.14,42733.81,41503.01
42223.3,43167.96,42619.51,41504.68
42132.59,43201.023,42736.45,41470.543
41911.73,43207.832,42749.55,41403.742
41746.7,43247.586,42455.63,41339.195
41710.96,43282.9,42242.44,41236.957
41283.95,43332.195,42147.08,41149.703
40581.14,43319.016,41739.82,41091.375
40793.56,43300.574,41674.02,41110.742
40965.04,43309.766,41802.78,41138.46
41471.9,43342.387,41913.33,41233.848
42655.47,44311.4,42236.36,41391.1
43241.1,44578.156,42889.34,42314.855
43718.66,44853.54,43346.06,42707.305
43870.28,45152.96,43822.19,43258.566
44920.92,45563.465,44321.45,43904.74
45806.06,45951.645,45693.6,44734.14
47106.92,46416.773,47083.4,45515.688
47941.71,47013.742,48067.22,46349.23
48659.03,47753.656,48896.85,47206.438
49563.36,48314.906,49600.48,48085.49
50104.47,48856.383,50594.93,48926.895
50917.63,49319.184,50872.33,49738.24
51313.05,49854.72,51169.39,50492.08
52076.41,50222.45,52309.94,51196.824
52756.45,50590.426,53049.8,51865.723
53178.84,50959.78,53245.52,52543.832
54259.02,51360.887,53621.16,53292.688
54882.27,51734.086,54420.03,54024.176
55320.08,52053.92,55366.44,54498.88
54855.15,52327.49,55444.27,54699.742
54616.85,52578.94,55435.65,54668.906
54338.39,52720.21,55163.41,54511.574
54218.83,52769.03,55051.5,54016.45
54024.47,52810.92,54337.23,53452.582
54002.5,52952.14,53558.34,52913.996
53371.45,52998.19,53079.65,52598.965
53008.92,52946.555,52489.71,52030.688
52664.85,52891.664,52395.89,51554.188
52828.45,52989.633,51847.51,51170.414
52430.91,52952.895,51630.74,51072.855
52217.68,52893.227,51448.25,50728.74
52104.77,52830.516,51253.42,50490.4
52295.01,53085.88,50835.95,50323.547
51663.56,53047.547,51298.33,50483.234
51796.63,52889.535,50773.64,50337.574
51941.1,52794.355,50934.67,50314.688
52266.95,53170.13,50774.42,50431.387
52435.13,53118.938,51937.08,51132.08
53566.44,53143.11,52857.5,51698.348
54510.78,53376.098,54149.62,52613.89
55886.55,54129.16,55189.86,53693.344
56286.94,54455.555,56555.13,55381.055
56709.23,54713.848,57176.49,56226.63
56897.49,54926.14,57801.93,56805.734
57312.46,55437.91,58045.95,57097.457
57301.32,55513.438,58258.18,57544.71
57017.46,55562.04,58060.22,57293.87
56362.95,55572.273,57713.69,56975.84
55553.01,55781.875,57503.22,56607.84
55264.04,55584.375,56275.92,56366.535
54719.13,55383.37,55559.68,55727.195
54329.98,55145.215,55188.64,55166.875
54353.18,55055.465,54701.28,54690.41
53353.93,54832.125,54122.96,54325.516
52502.38,54409.36,53417.55,53802.785
52167.16,53897.8,52599.65,53329.67
52155.95,53531.555,52211.12,52937.062
51725.74,53150.734,51937.21,52706.547
51569.41,52730.7,51480.52,52376.223
51700.93,52352.97,51212.8,52096.824
52045.07,52080.867,51342.98,51892.414
51635.39,51697.434,51654.97,52237.953
50629.44,51224.375,51139.69,51814.652
49927.41,50635.312,50328.53,51230.85
48596.15,50173.062,49431.91,50563.582
47877.58,49452.215,48647.17,49922.52
47625.13,48815.836,48064.63,49202.625
46888.29,48320.05,47608.47,48478.203
45402.91,47959.23,46942.51,47788.234
44880.66,47444.523,46190.34,47157.957
44261.24,47028.156,45839.95,46532.54
43749.47,46667.836,45379.77,45927.6
43293.33,45124.516,44743.83,45360.383
42928.96,45038.367,44852.95,45189.176
42636.08,44952.047,44754.6,44778.246
42831.15,44850.023,44563.28,44486.406
42404.53,44797.15,44341.83,44290.754
42384.5,44751.246,44284.42,44182.758
42415.42,44769.78,44352.5,44095.754
42513.63,44857.3,44428.75,44058.58
42094.2,45034.92,44472.85,44086.008
42091.01,45224.504,44512.59,44224.883
42479.63,45456.67,44530.12,44408.03
42640.66,45740.703,44815.15,44668.445
43486.62,46085.016,45126.89,44994.836
43803.09,46503.11,45636.93,45469.7
44433.44,46970.246,46038.13,45959.67
45048.26,47528.17,46735.11,46568.117
46852.42,48254.836,47380.4,47328.68
47874.84,49208.855,48618.65,48425.266
49404.18,50318.145,49277.26,49625.4
51547.05,51644.133,50637.53,51099.633
55802.92,53495.96,52293.01,52886.53
58675.45,55597.113,55760.26,55261.883
60749.17,57568.496,58385.31,57533.566
62607.88,59252.11,60715.97,59674.11
64050.31,63744.492,62671.23,61465.812
65161.85,65339.7,65208.75,64174.812
65862.81,66464.11,66099.63,65217.11
66365.23,67328.41,67334.0,66172.32
66926.66,68212.805,67671.91,66891.336
67470.52,68750.08,68532.45,67422.06
67671.32,69166.73,68952.21,67785.4
67684.68,69476.62,69362.68,68049.52
67610.28,69702.05,69586.13,68252.39
68425.79,69838.72,69227.68,68384.164
69085.33,69943.31,69400.36,68522.2
69403.22,69991.24,69741.65,68696.35
69548.76,69946.47,69929.1,68915.99
69848.37,69977.58,70413.13,69132.72
70040.49,69991.51,70393.06,69355.36
70291.22,70007.0,70655.7,69590.13
70339.61,69925.734,70737.12,69819.125
70490.57,69897.28,71009.17,70002.08
70504.91,69901.04,71320.33,70088.37
70357.98,69899.305,71501.5,70146.445
70093.83,69863.55,71385.42,70164.77
70028.54,69851.74,71072.53,70095.055
70466.69,69866.69,70980.08,69935.2
70619.98,69882.09,70945.77,69769.62
70595.21,69888.586,70967.04,69601.94
70472.55,69922.1,71259.97,69370.73
70564.09,69990.6,71008.13,69073.016
69855.76,70044.445,70578.91,68814.14
69494.67,70097.375,70128.29,68583.336
69402.62,70158.2,69783.13,68363.305
69081.15,70239.01,69810.39,68109.44
68959.11,70384.75,69589.14,67946.836
68330.88,70531.81,69363.13,67828.05
68342.92,70668.12,69683.75,67709.72
68347.54,70825.125,69466.03,67458.9
68467.06,70952.766,69153.26,67251.3
68352.75,71010.9,68818.82,67161.92
68619.26,71075.66,68853.07,67402.38
69070.22,71121.59,69209.32,67917.63
69604.19,71168.41,69832.55,68807.57
71008.15,70941.46,70187.08,69769.46
71758.34,71042.37,70351.79,70482.79
72038.62,71142.96,70549.62,70863.3
72027.06,71230.805,70780.42,71006.734
72067.34,70852.01,70534.48,71008.695
71907.01,70925.266,70727.67,70573.04
72273.66,70997.31,70440.22,70369.61
72027.87,71025.29,70207.34,70132.445
71277.87,70515.62,69831.33,69894.195
71062.2,70504.94,69707.14,69193.83
70875.64,70474.1,68831.28,68645.84
70448.22,70427.516,68225.73,67979.336
68454.77,69780.42,67866.3,67276.96
67096.88,69611.07,66882.69,66074.83
66344.91,69380.766,65656.04,65073.277
65491.96,69100.59,64693.08,64133.082
63908.43,68107.664,63758.77,63347.875
63202.66,67496.25,62875.5,62345.0
62434.08,66805.11,62150.94,61517.383
61677.55,66034.58,60990.21,60733.523
60837.02,64511.16,60146.51,60084.547
60002.99,62944.953,60077.17,59537.13
59147.11,61487.35,59326.72,58814.836
58234.08,60155.305,58253.1,57779.117
56955.01,58705.58,57239.44,56765.215
55721.31,57425.55,56316.26,55710.285
54598.65,56307.156,55332.75,54757.28
54133.47,55296.047,54104.8,53819.652
52747.42,54414.973,53387.72,52982.668
52033.93,53507.742,52692.16,52178.87
51483.99,52766.742,51910.72,51512.938
51227.36,52166.965,51388.04,50898.805
50869.68,49852.324,50826.29,50370.133
50483.07,50174.8,49829.51,49306.723
50349.7,50287.145,49713.17,49063.94
50217.74,50315.965,49274.76,48819.906
49868.18,50354.484,49167.7,48601.082
49439.98,50450.195,48843.35,48480.875
49527.97,50583.668,48611.19,48369.51
49867.29,50785.926,48516.67,48328.92
50405.5,51049.72,48638.43,48357.42
50141.59,51363.168,48975.5,48523.27
50179.51,51611.695,49256.14,48679.086
50533.18,51862.418,49443.33,48900.7
50930.84,52187.375,49551.61,49177.89
51277.09,52532.04,50294.72,49592.08
51537.91,52901.363,50345.8,49960.11
52235.82,53291.39,50938.2,50415.297
54076.54,53884.016,51321.64,50972.016
54873.01,54565.535,52762.0,51782.863
56028.02,55278.812,53469.72,52627.133
57624.61,56055.83,54353.58,53753.957
61001.42,57243.06,55841.38,55276.195
62938.4,58389.55,58454.25,57545.562
64716.42,59657.4,60672.24,59826.51
66174.87,60969.54,62652.23,61933.594
68082.23,65957.01,64577.18,63598.863
69374.29,67482.664,66692.29,66076.88
70357.23,68566.055,67860.18,66951.59
71198.79,69388.41,68864.52,67755.41
71793.38,70265.14,69504.44,68365.05
72108.67,70642.336,69876.92,68744.03
72508.39,70925.88,69950.04,69031.42
72574.91,71086.59,70007.57,69252.4
72597.17,71213.164,70275.0,69425.484
72252.13,71188.484,69616.29,69473.07
72314.24,71206.44,69752.82,69578.63
72283.25,71225.445,70161.64,69736.414
71504.67,71084.83,70504.18,69929.95
71902.26,71086.32,70606.94,70106.81
71889.74,71066.19,70192.46,70303.81
71838.79,71003.47,70520.15,70520.78
72128.71,70842.28,71090.3,70717.2
72632.88,70869.49,71376.26,70807.67
72681.71,70860.96,71608.75,70827.3
72609.71,70831.25,71562.53,70808.48
72505.24,70712.45,71324.74,70735.14
72000.56,70659.484,71117.82,70547.586
71885.01,70604.74,70964.08,70278.38
71701.92,70582.0,70917.35,70038.04
72097.81,70529.164,70699.86,69820.94
71984.41,70501.73,70300.5,69588.94
71232.32,70453.445,70356.89,69304.28
70488.51,70437.71,70152.74,69070.055
70246.49,70439.305,69530.6,68889.0
69933.81,70404.94,69636.41,68770.086
69489.78,70389.586,69911.04,68546.6
69148.62,70371.25,69632.52,68406.445
69345.63,70436.5,69428.22,68294.805
68527.28,70512.53,69491.94,68236.766
68359.37,70522.67,69194.97,67899.62
67952.41,70542.83,69031.79,67683.73
68299.52,70564.586,68794.32,67630.12
68756.9,70547.5,69231.56,67890.586
69439.91,70501.46,69912.69,68305.58
70021.05,70428.17,70469.14,69067.67
70967.75,70190.69,71171.34,69998.86
71674.35,70178.87,71723.71,70830.08
72041.86,70161.97,72139.12,71322.91
72108.92,70139.01,72347.51,71548.336
70784.89,69774.35,72130.12,71590.29
70302.05,69742.37,72056.35,71115.31
69856.27,69688.17,71765.86,70928.44
69583.77,69636.516,71713.8,70702.4
69422.13,69137.47,71366.6,70477.07
68894.83,69045.375,70770.19,69765.27
68339.12,68929.51,70211.28,69262.17
67314.18,68793.336,69848.09,68635.05
66581.98,68114.45,69587.19,67975.96
65614.19,67847.7,68273.02,66736.48
64533.78,67537.18,66924.95,65763.734
63429.99,67164.92,66262.65,64833.96
62693.17,66156.734,65458.39,64038.867
61703.38,65560.445,64616.89,62950.992
60850.45,64890.48,63620.19,62086.965
59855.38,64156.105,62558.72,61243.582
60038.92,62705.926,61521.43,60535.363
59224.91,61677.67,60533.4,59838.664
58194.25,60752.676,59856.11,59058.137
57273.38,59853.57,58938.31,57924.793
55943.32,58776.547,57677.86,56838.375
55140.86,57848.06,55803.84,55688.633
54354.67,56982.02,54626.23,54690.945
53375.22,56148.383,53472.75,53720.406
52758.65,55245.957,53024.08,52863.973
52278.87,54426.414,51921.75,52014.523
51812.06,53696.363,51229.84,51353.023
51335.45,53040.703,50880.01,50740.266
50731.86,49382.57,50317.95,50210.934
50321.04,49439.164,49221.13,49193.02
49858.63,49324.766,48607.72,48885.797
49802.54,49119.6,48432.46,48597.023
49382.92,48952.605,48744.12,48348.664
49422.75,48753.586,48289.75,48218.688
49416.23,48606.867,48109.86,48069.32
49372.35,48515.652,48130.75,47982.688
49576.12,48534.207,48339.64,47971.793
49517.05,48588.934,48929.44,48134.992
49675.8,48696.062,49085.46,48271.66
49975.06,48869.91,49085.39,48495.07
50320.83,49173.92,49346.92,48769.42
50787.02,49505.844,49896.15,49237.273
50833.13,49928.11,50423.43,49632.77
51514.13,50417.45,50891.64,50122.32
52473.54,51181.83,51406.07,50713.01
53032.54,52122.8,52948.54,51627.273
54175.08,53321.8,53631.91,52518.8
55412.7,54858.31,54592.99,53696.016
58248.31,57003.598,55835.97,55265.242
60243.73,58905.727,59103.07,57745.02
62239.37,60538.523,61426.68,60144.215
63913.29,61847.758,63544.32,62359.34
65851.85,65282.67,65195.38,64106.492
67182.39,66410.32,67353.5,66734.15
67776.16,67326.055,68796.98,67546.89
68440.34,68049.57,69754.71,68423.39
69022.71,68794.17,70316.45,69120.53
69329.11,69208.81,71368.69,69557.984
69781.0,69507.45,71890.33,69923.15
69801.45,69704.32,72424.37,70207.12
69583.39,69935.375,72555.58,70411.82
69741.49,69993.64,72165.48,70439.13
70313.18,70037.72,72572.98,70558.84
70496.84,70045.61,72822.06,70752.24
70605.76,70052.74,72970.91,71038.875
70663.9,70039.055,72892.21,71289.47
71016.95,70032.1,73168.31,71572.0
71291.66,70025.06,73410.01,71866.99
71703.85,69930.86,73458.42,72078.57
71718.42,69906.016,73802.14,72204.89
71815.18,69880.8,74082.55,72251.516
71690.53,69846.59,73930.39,72235.76
71597.41,69677.85,73668.47,72202.1
71306.25,69619.79,73291.78,72071.84
71110.68,69567.66,73180.84,71862.57
71059.78,69496.25,73248.8,71661.016
71189.54,69291.3,73140.96,71450.6
70836.3,69193.93,73500.42,71199.375
70564.92,69118.94,73558.72,70828.83
70040.11,69041.7,73186.91,70500.09
68947.83,68820.25,72747.63,70208.31
68749.55,68724.055,72474.44,70056.21
68858.93,68637.2,72307.19,69766.14
68956.12,68552.67,71649.71,69569.586
68756.66,68513.6,71319.01,69412.58
68600.94,68425.016,71717.58,69436.56
68445.83,68347.08,71541.98,69124.734
68190.17,68276.01,71265.24,68894.484
68877.79,68486.945,71160.27,68835.64
69253.2,68360.86,71356.43,69235.04
69888.16,68233.65,71843.55,69699.234
70567.93,68121.14,72533.54,70528.6
70834.23,68116.42,72972.39,71425.47
71194.13,67996.27,73571.24,72048.55
71120.75,67886.18,73875.65,72444.98
71006.25,67782.01,74237.56,72618.42
71142.84,67442.266,73616.9,72635.125
70907.59,67277.12,73281.28,72102.77
70782.04,67112.11,72963.61,71926.81
70587.14,66947.516,72814.81,71736.766
70140.69,66350.14,72803.68,71580.42
69499.86,66076.58,71801.45,70891.35
68736.11,65783.28,71245.49,70467.85
67909.92,65467.555,70424.3,69911.1
66701.52,64655.87,69733.21,69299.586
65539.53,64183.785,68058.07,68030.016
64513.49,63701.35,67136.08,67043.93
63591.36,63218.43,66280.55,66092.766
62854.79,62358.39,65292.07,65303.254
62353.07,61816.457,64245.28,64170.477
61449.66,61324.824,63413.66,63309.547
60702.47,60849.695,62418.3,62453.516
60251.07,59945.066,61428.99,61711.918
59445.64,59226.36,61060.84,60920.652
58416.92,58589.84,60358.14,60078.227
57751.55,57939.676,59244.43,58837.773
56620.24,57200.88,58193.33,57650.492
55576.14,56484.375,56847.46,56398.664
54692.74,55776.75,55551.94,55339.906
54179.05,55093.53,54744.19,54308.145
53313.14,54449.016,54130.92,53393.47
52743.82,53775.434,52820.71,52446.92
52256.83,53154.535,51785.99,51708.047
51767.75,52593.027,51017.12,51035.062
51237.69,49048.188,50468.52,50479.73
50846.17,49317.08,50133.39,49339.062
50674.98,49426.58,49629.09,49029.0
50386.45,49432.344,49396.54,48770.074
49674.75,49354.76,49059.62,48533.254
49714.48,49245.625,48813.09,48400.137
49907.89,49177.227,48843.43,48256.207
49998.03,49176.6,48829.61,48155.113
50297.95,49240.0,48924.95,48130.344
50519.09,49392.902,49095.19,48302.453
50598.57,49609.953,49313.37,48420.145
50479.77,49884.1,49238.11,48621.04
51100.24,50261.293,49472.95,48879.207
51408.43,50749.97,50093.49,49356.113
51752.13,51338.76,50617.39,49755.277
52275.45,52052.574,51377.05,50249.727
53737.17,53097.477,52222.88,50851.133
54576.33,54351.098,53517.8,51731.67
55361.58,55804.184,54284.24,52555.97
56951.78,57380.35,55586.5,53664.023
59492.55,59379.977,57274.88,55114.566
61628.45,60796.14,59670.58,57700.082
63537.42,61937.445,62393.66,60267.855
65197.26,62846.52,64209.01,62753.984
67043.67,66125.06,65968.92,64801.33
67901.03,67075.57,67265.78,67587.16
68580.66,67876.766,68662.32,68527.21
69033.34,68499.77,69609.82,69487.625
70002.15,69136.02,70078.13,70264.695
70348.92,69448.86,70472.48,70646.46
70524.57,69669.086,70798.33,70957.21
70472.9,69793.69,70966.51,71137.05
70089.77,69945.11,70904.05,71241.33
70291.14,69969.375,70373.06,71145.03
70634.81,69988.336,70559.8,71141.94
70670.31,70004.86,70703.74,71227.76
70890.17,69994.98,70546.27,71375.766
70796.91,69966.516,70798.8,71501.09
70892.46,69949.266,70797.21,71686.17
71130.05,69925.625,71466.05,71880.51
71267.26,69806.43,72231.69,72027.06
71340.01,69765.055,72206.37,72066.45
71422.23,69734.65,72232.83,72064.234
71275.35,69711.74,72861.31,72041.42
71087.13,69546.26,72567.45,71975.0
70770.09,69500.016,71716.61,71833.1
70612.98,69456.62,71714.04,71607.44
70485.76,69414.164,71782.48,71409.48
70780.86,69177.31,72181.99,71216.65
70605.89,69121.76,72299.64,71049.67
70298.18,69087.68,72029.71,70803.35
69715.08,69057.586,71669.66,70612.41
69463.16,68829.64,70900.7,70454.47
69493.93,68780.65,70515.24,70317.35
69227.1,68763.27,71095.03,70084.44
68953.95,68729.69,70912.61,69913.07
68912.79,68668.38,70982.64,69774.75
68837.9,68649.72,70946.93,69736.27
68908.5,68625.05,70275.17,69445.945
68717.87,68591.44,70214.85,69281.14
68767.54,68770.89,70250.67,69304.46
69161.17,68679.79,70572.1,69784.984
69782.36,68592.02,70827.14,70292.25
70758.51,68517.766,71576.25,71054.055
71462.25,68465.016,72243.65,71785.21
71704.62,68421.555,72279.04,72180.4
71769.0,68391.67,72613.74,72398.055
71846.31,68349.43,72325.6,72435.31
71528.43,68059.32,72517.58,72400.94
71327.93,67964.6,72072.39,71893.82
71001.91,67850.4,71792.72,71730.97
70549.7,67729.0,71412.05,71510.63
69570.56,67203.305,71016.01,71286.18
68775.26,66937.47,70623.78,70579.875
68294.9,66640.305,70112.42,70096.875
67919.65,66341.18,69529.78,69485.234
66817.64,65528.207,68710.31,68813.72
65571.75,65081.66,67966.2,67562.32
64344.4,64571.5,66807.68,66495.336
63448.29,64010.723,65848.43,65486.88
62844.21,62977.92,64659.01,64664.965
62350.37,62337.285,63573.87,63575.875
61568.79,61707.363,62909.99,62742.94
60614.44,61084.094,61628.55,61925.89
60261.24,59987.05,60661.89,61247.336
59825.74,58781.47,60389.14,60353.14
58838.17,57844.04,59635.68,59500.996
58062.29,57003.11,58705.19,58302.562
57300.69,56158.043,57815.06,57164.734
56274.62,55460.758,56512.29,55974.5
55277.06,54823.797,55711.04,54957.914
54640.18,54238.91,54984.03,53981.58
53475.86,53675.84,53987.19,53119.375
52865.16,53104.29,52895.24,52257.625
52543.61,52572.746,52331.72,51555.113
52123.45,52113.727,51124.39,50890.863
51533.86,48827.688,50030.19,50323.05
51018.97,49094.59,49267.8,48269.348
50773.3,49132.684,48744.46,48064.656
50422.73,49083.06,48773.93,47832.65
50285.17,49036.152,48811.16,47580.94
50134.3,48976.785,48756.93,47417.89
50106.32,48936.66,48825.91,47223.867
50302.81,48941.984,48776.69,47084.86
50015.21,49091.902,48926.48,47024.688
49983.93,49218.812,48515.59,47177.324
50206.45,49406.766,48631.66,47262.17
50513.18,49670.445,48730.35,47410.086
51187.95,50103.926,49095.27,47611.29
51415.13,50556.3,50173.56,48044.633
52001.9,51051.277,50846.55,48337.562
52691.71,51608.86,51494.78,48712.242
53598.73,52422.594,51780.75,49179.59
54194.36,53132.81,53007.41,50001.33
55159.66,53858.652,53749.79,50782.703
56614.92,54591.305,54938.57,51842.73
59766.05,55790.848,56476.98,53289.465
61916.1,56575.883,59513.24,55674.145
63679.66,57356.94,61791.29,57948.566
65376.0,58112.96,63801.22,60210.316
66955.25,62746.117,65516.29,62078.695
68108.06,63880.82,67531.39,65629.84
68788.78,64853.754,68836.13,66581.555
69190.14,65705.984,70023.64,67553.97
69499.37,66772.24,70692.45,68339.945
69939.13,67311.17,70827.27,68973.67
70041.28,67720.11,70662.54,69247.66
70196.01,68008.59,70923.32,69400.35
69989.97,68309.8,70967.21,69477.195
70378.63,68431.67,70089.9,69633.23
70499.43,68525.68,69620.58,69652.82
70751.89,68602.836,69858.6,69726.3
70885.51,68637.305,70256.83,69838.93
71109.1,68650.39,70285.59,70035.32
71120.2,68668.15,70754.76,70095.58
70890.24,68683.17,70639.74,70141.01
71205.41,68577.96,70948.39,70153.04
71322.76,68537.85,71105.99,70276.97
71423.4,68503.9,71285.1,70128.805
70934.94,68467.555,71496.2,69922.22
70800.62,68241.61,71266.37,69699.8
70713.64,68168.41,70882.42,69542.02
70610.55,68122.89,70605.78,69180.2
70411.46,68068.99,70069.86,68836.68
70595.47,67792.45,69928.87,68568.92
69914.81,67725.86,69799.99,68398.42
69499.65,67712.74,69744.06,67983.52
68890.48,67673.54,69633.08,67637.445
68114.8,67349.85,69248.65,67268.8
68087.78,67290.27,68120.47,67003.18
67887.58,67249.13,67597.37,66565.75
67417.25,67212.46,67120.26,66269.42
66892.26,67119.12,66608.28,65992.36
66470.97,67115.04,66477.95,65695.125
66432.1,67123.1,66038.72,65231.87
66287.43,67131.38,65651.13,65027.582
66803.37,67244.8,65508.61,65052.64
67743.86,67168.41,65952.83,65338.355
68510.96,67080.43,66198.4,65803.805
69678.06,67006.31,66586.02,66498.61
70386.02,66602.484,67887.3,67245.5
70157.93,66570.85,68831.07,67763.78
70141.84,66548.63,68748.13,68030.29
70133.12,66511.15,68263.09,68063.055
70512.96,65878.75,68674.68,68018.84
70023.11,65780.67,68425.06,67583.97
69898.91,65707.945,67841.42,67229.95
69619.47,65627.71,67633.24,66812.72
69072.88,64914.98,67285.8,66406.08
68252.99,64759.95,66920.8,65555.28
67565.72,64519.45,66168.24,64798.16
66533.95,64204.87,65470.79,64010.434
65163.48,63120.28,65017.87,63312.5
63916.14,62479.656,63870.86,62270.84
62859.55,61744.89,62889.24,61384.2
62422.55,60970.44,61843.25,60492.543
61448.08,59743.95,60742.0,59817.92
61036.68,58881.93,59992.87,58903.746
60544.83,58136.445,59233.09,58206.8
59448.56,57460.387,58304.21,57539.125
58737.73,56647.055,57622.36,57000.664
57861.28,55601.496,57378.14,56299.516
57113.75,54842.375,56819.09,55682.734
56165.57,54185.51,55930.28,54748.67
55057.19,53518.0,54899.97,53784.047
53950.98,52934.004,53550.83,52812.81
53066.81,52368.156,52518.22,51875.773
52359.36,51822.2,51753.61,50932.81
51108.77,51269.066,50937.54,50059.11
50613.25,50734.215,50168.57,49219.863
49875.67,50287.535,49434.3,48522.164
49334.35,49908.023,49021.57,47914.07
47947.29,46788.383,48630.33,47482.89
47544.68,46726.938,48196.99,47322.01
47007.05,46689.797,47718.77,46966.977
46961.75,46540.332,47467.88,46490.62
46640.91,46359.453,47199.78,46016.29
46603.26,46200.69,46801.63,45682.312
46384.18,46069.516,46354.38,45421.54
46273.16,45947.414,46280.85,45235.492
46416.04,45828.215,46131.22,45100.48
46335.97,45818.355,46083.34,45020.98
46346.12,45857.5,46019.51,44907.473
46470.93,45980.96,46033.84,44797.785
46567.61,46183.305,45848.89,44693.703
46561.44,46492.51,45850.13,44640.87
46300.84,46826.664,45921.58,44537.215
46042.28,47132.17,46078.15,44453.21
46240.31,47439.67,46025.93,44379.61
46110.87,47768.86,46068.54,44391.81
46156.29,48055.344,45844.21,44368.188
46755.75,48339.05,45906.79,44403.31
47200.84,48772.254,45902.47,44490.387
47722.42,49153.906,45770.94,44715.367
48251.59,49548.727,46182.07,44951.375
48963.99,49944.625,46514.35,45271.047
50715.43,51883.11,47082.48,45625.242
51662.44,52484.875,48536.55,47083.535
52695.95,53098.418,49787.04,47830.426
53038.05,53719.02,50611.32,48828.89
54231.59,54368.984,51310.12,49885.656
54917.32,54919.74,52506.78,51081.86
55983.84,55391.98,53502.44,52102.94
56929.71,55851.258,54397.84,53071.008
57805.42,56291.914,54868.38,53950.094
58118.66,56660.29,55077.32,54839.523
58435.99,56931.336,55675.87,55558.83
58830.32,57125.273,56110.1,56153.383
59222.45,57255.957,56435.3,56649.555
59307.49,57321.273,56722.64,57097.914
59572.15,57306.203,57046.16,57421.12
59598.15,57231.957,57243.69,57649.203
59813.59,57086.516,57127.67,57837.637
59904.58,56932.742,56953.35,58018.574
60113.54,56752.582,57291.2,58039.145
59939.99,56550.605,57028.43,57913.91
59740.58,56334.62,56909.31,57691.457
59592.88,56113.984,56673.62,57474.17
59083.45,55887.098,56553.17,57033.414
58632.75,55640.65,56426.05,56517.656
57749.11,55492.41,55766.88,55999.91
57209.74,55245.434,56091.75,55666.79
56748.62,55009.25,55923.65,55078.203
56012.84,54791.676,55321.78,54587.227
55861.66,54757.293,54773.45,54197.508
55658.76,54559.824,54628.75,54139.52
55541.96,54451.297,54267.42,53773.242
55419.45,54383.586,53931.67,53566.484
55619.9,54738.996,53671.36,53461.36
55582.41,54718.18,53332.23,53850.74
55617.78,54735.777,53434.75,53775.457
56108.47,54778.367,53382.25,53859.43
56656.26,55425.62,53492.53,54019.055
57685.92,55473.887,54758.68,54972.125
58835.04,55634.953,55829.55,55365.44
59630.64,55818.3,57113.73,56133.047
60255.01,56342.094,58220.55,57043.28
60547.32,56411.633,58646.26,58273.29
60913.49,56453.68,58754.78,58745.18
61089.24,56473.29,59053.32,58969.664
61315.6,56679.895,58957.9,58982.79
60990.48,56591.215,58754.91,58921.85
60430.87,56483.137,58545.45,58520.637
59981.13,56350.18,58199.9,58106.438
59491.9,56333.32,57798.37,57675.445
58874.7,56106.023,57649.74,57178.723
58419.74,55871.97,57231.81,56481.883
57573.54,55642.59,56567.06,55823.69
56089.09,55452.457,56095.99,55162.8
55057.02,54959.805,55296.13,54317.9
54219.77,54403.438,54132.59,53380.887
53450.45,53810.125,53183.9,52558.9
52638.05,53240.676,52764.69,51895.1
52325.38,52526.67,52337.98,51203.51
51791.41,51942.258,51965.87,50690.91
51578.69,51372.113,51205.78,50284.773
51871.47,50494.496,51029.71,49938.438
51549.59,50110.26,51341.44,50855.074
50754.51,49709.15,51048.78,50288.6
49954.18,49263.9,50192.25,49614.094
49108.72,48971.664,49611.62,48814.86
48520.95,48524.234,49218.17,47880.133
47919.05,48141.14,48375.55,47030.246
47224.42,47795.78,47683.62,46218.445
46134.03,47580.42,47062.13,45465.176
45337.0,47196.293,46740.33,44580.87
44932.18,46841.008,46027.9,43867.863
44472.51,46544.625,45776.18,43188.94
43874.51,42816.992,45448.86,42564.758
43190.57,42669.64,44697.46,42118.07
42764.78,42547.543,44440.17,41638.855
42842.24,42425.46,43942.34,41246.887
42709.84,42347.664,43750.4,40881.055
42585.1,42281.6,43070.82,40581.953
42283.58,42216.867,43135.81,40303.75
42406.08,42138.72,42882.0,40061.445
42580.56,42104.5,42815.01,39835.156
42261.32,42074.28,42602.3,39660.484
41989.26,42014.008,42611.92,39527.344
42294.68,41936.77,42677.02,39455.72
42733.81,41924.93,42385.85,39418.04
42619.51,41945.367,42380.13,39381.78
42736.45,41950.375,42355.36,39285.22
42749.55,41969.45,42455.03,39174.445
42455.63,42037.617,42269.04,39036.945
42242.44,42046.383,41893.7,38900.555
42147.08,42023.633,41647.45,38742.336
41739.82,41981.742,41763.56,38602.83
41674.02,41987.36,46115.59,38474.18
41802.78,41948.91,46630.3,38410.652
41913.33,41903.5,46856.4,38355.453
42236.36,41873.727,47172.33,38384.3
42889.34,43300.766,47211.72,38461.516
43346.06,43451.645,43274.85,39700.043
43822.19,43622.18,48788.0,40151.188
44321.45,43830.97,48843.41,40924.86
45693.6,44304.992,48892.77,41812.586
47083.4,44737.83,49599.61,42899.17
48067.22,45340.17,50125.06,43939.977
48896.85,46028.312,50709.62,45083.312
49600.48,46878.45,51142.49,46277.047
50594.93,47518.28,51628.59,47460.727
50872.33,48114.855,52034.48,48527.004
51169.39,48555.29,52460.27,49477.46
52309.94,48989.844,52864.4,50311.19
53049.8,49370.094,53561.86,51029.418
53245.52,49715.76,53848.69,51757.023
53621.16,49978.375,53412.22,52493.16
54420.03,50318.54,53655.5,53279.78
55366.44,50617.58,54545.04,54000.707
55444.27,50923.75,55043.44,54499.383
55435.65,51136.445,55418.15,54786.27
55163.41,51376.156,55632.58,54855.34
55051.5,51478.67,55503.42,54832.02
54337.23,51531.883,55645.44,54539.824
53558.34,51478.957,55481.19,54141.89
53079.65,51468.094,54905.36,53745.824
52489.71,51300.19,54359.73,53465.965
52395.89,51084.027,53917.53,52988.848
51847.51,50921.836,53774.07,52579.53
51630.74,50933.6,53255.28,52260.35
51448.25,50719.47,52862.18,52192.69
51253.42,50556.203,52604.39,51906.94
50835.95,50407.76,52658.58,51719.336
51298.33,50676.4,52240.9,51632.45
50773.64,50619.273,52505.94,51894.168
50934.67,50504.14,52582.49,51875.844
50774.42,50476.9,52838.23,51987.96
51937.08,51073.645,52793.2,52220.336
52857.5,51199.082,53284.42,53110.297
54149.62,51487.184,53822.33,53852.92
55189.86,51937.164,54654.9,54855.28
56555.13,52857.082,55803.02,55825.457
57176.49,53293.72,56600.34,56805.04
57801.93,53636.547,56999.43,57174.22
58045.95,53903.71,57142.17,57379.8
58258.18,54399.945,57304.73,57452.617
58060.22,54477.066,57759.97,57420.617
57713.69,54508.78,57762.41,57095.36
57503.22,54490.26,57439.11,56776.402
56275.92,54650.918,57306.47,56459.406
55559.68,54433.297,57522.22,55935.42
55188.64,54181.742,57289.0,55343.84
54701.28,53951.266,56754.04,54877.023
54122.96,53799.75,55871.76,54513.168
53417.55,53425.4,55346.2,53894.66
52599.65,52990.22,54777.04,53425.03
52211.12,52467.613,54006.07,53039.816
51937.21,52036.793,53423.1,52736.633
51480.52,51537.684,53481.49,52246.203
51212.8,51040.996,53262.91,51906.254
51342.98,50605.13,52821.81,51632.133
51654.97,50099.047,53181.11,51424.31
51139.69,49610.81,53343.02,52776.43
50328.53,49115.164,52971.6,52318.836
49431.91,48579.344,52095.09,51804.94
48647.17,48086.145,51428.59,51217.777
48064.63,47486.27,50772.14,50362.688
47608.47,46960.152,50134.01,49635.047
46942.51,46513.19,49521.47,48853.793
46190.34,46142.793,48943.1,48127.836
45839.95,45733.945,46653.63,47178.35
45379.77,45388.65,46151.66,46404.344
44743.83,45082.496,45999.29,45695.074
44852.95,43092.926,45538.3,45005.992
44754.6,43100.305,45320.92,46497.562
44563.28,43073.902,45122.12,45885.305
44341.83,42992.72,45107.06,45440.176
44284.42,42888.305,44736.35,45096.49
44352.5,42776.0,44214.61,44886.98
44428.75,42692.574,44139.46,44666.344
44472.85,42656.54,44261.97,44486.5
44512.59,42684.965,44016.74,44371.49
44530.12,42760.445,43781.17,44390.324
44815.15,42889.504,43795.64,44468.28
45126.89,43073.547,44194.51,44635.918
45636.93,43346.805,44404.01,44886.39
46038.13,43654.105,44476.53,45270.777
46735.11,44017.754,44477.4,45680.01
47380.4,44467.695,45181.81,46196.26
48618.65,45083.805,45865.15,46863.625
49277.26,45862.684,47175.02,47816.56
50637.53,46827.04,47805.25,48913.594
52293.01,48181.188,48938.46,50340.383
55760.26,50418.21,50846.39,52203.992
58385.31,53455.145,54695.22,54654.07
60715.97,56544.906,57584.27,57265.805
62671.23,59073.254,59833.18,59641.164
65208.75,63392.195,62296.55,61562.895
66099.63,65107.85,64038.35,63176.324
67334.0,66302.766,65540.81,64419.805
67671.91,67160.08,66725.51,65633.88
68532.45,67857.69,67290.18,66598.48
68952.21,68269.98,67162.75,67451.81
69362.68,68541.805,67251.0,68054.01
69586.13,68716.82,66917.96,68497.6
69227.68,68841.39,66974.49,68800.375
69400.36,68897.36,66803.5,69019.19
69741.65,68919.27,67359.36,69157.164
69929.1,68936.93,67578.84,69355.09
70413.13,68932.57,67845.02,69601.516
70393.06,68928.234,68389.46,69758.734
70655.7,68918.14,68413.81,69951.664
70737.12,68912.53,68849.58,70207.33
71009.17,68864.67,68909.05,70434.32
71320.33,68843.61,68989.61,70548.805
71501.5,68826.36,69350.02,70636.586
71385.42,68801.51,69657.1,70657.805
71072.53,68694.92,69811.46,70637.86
70980.08,68651.87,69634.36,70462.72
70945.77,68597.91,69591.31,70295.766
70967.04,68538.37,69352.26,70189.484
71259.97,68362.164,69144.4,69937.49
71008.13,68261.336,69153.9,69645.05
70578.91,68160.95,69317.57,69255.48
70128.29,68051.99,69189.35,68973.625
69783.13,67901.836,68427.0,68794.984
69810.39,67761.69,68338.46,68692.625
69589.14,67628.516,68514.54,68434.805
69363.13,67499.6,68447.72,68320.68
69683.75,67574.35,68167.53,68251.77
69466.03,67455.484,67947.37,68296.3
69153.26,67348.44,67769.7,68233.5
68818.82,67240.08,67182.9,68171.75
68853.07,67433.52,66907.19,68152.58
69209.32,67312.78,66980.83,68336.7
69832.55,67204.11,67586.45,68780.086
70187.08,67112.88,67940.44,69513.16
70351.79,67015.17,69031.17,70333.86
70549.62,66914.62,69081.2,70542.85
70780.42,66832.734,69348.38,70790.64
70534.48,66764.49,69234.99,70854.22
70727.67,66405.01,69143.02,70800.19
70440.22,66294.6,68634.79,69993.23
70207.34,66194.25,68377.76,69747.625
69831.33,66095.24,68130.11,69529.69
69707.14,65495.16,67948.01,69335.59
68831.28,65307.88,67827.02,68394.766
68225.73,65107.87,67113.74,68005.75
67866.3,64892.695,66552.4,67579.33
66882.69,64017.156,65868.62,67093.08
65656.04,63626.082,64713.81,65769.875
64693.08,63190.637,63508.52,64833.78
63758.77,62722.52,62898.54,63873.832
62875.5,61577.133,61889.56,63008.32
62150.94,60878.285,62023.77,61657.36
60990.21,60184.1,61438.23,60711.594
60146.51,59443.477,60147.26,59832.938
60077.17,58690.81,59255.55,59111.74
59326.72,57602.21,59563.74,58838.082
58253.1,56608.64,58891.1,58076.887
57239.44,55649.094,57931.07,57066.19
56316.26,54567.92,57128.82,56082.86
55332.75,53569.41,55571.37,54846.176
54104.8,52674.312,54405.15,53814.89
53387.72,51856.848,53236.35,52760.184
52692.16,51130.996,52493.53,51766.58
51910.72,50467.406,54783.86,50635.46
51388.04,49902.168,54027.58,49739.34
50826.29,49447.293,53552.17,48864.99
49829.51,46551.473,52758.84,48087.688
49713.17,46709.457,51962.52,47876.117
49274.76,46668.85,51709.45,47623.613
49167.7,46452.434,51164.28,47312.07
48843.35,46204.895,51123.94,47048.49
48611.19,45949.875,50910.5,46882.742
48516.67,45737.676,50752.19,46755.1
48638.43,45604.688,50760.34,46698.625
48975.5,45605.273,50729.13,46701.33
49256.14,45725.96,50774.71,46783.523
49443.33,45941.82,50654.2,46885.28
49551.61,46238.22,50670.75,47030.85
50294.72,46618.027,51146.34,47237.305
50345.8,47119.223,51618.59,47554.418
50938.2,47674.984,51955.07,47865.977
51321.64,48354.562,52438.43,48280.37
52762.0,49206.727,52862.89,48822.938
53469.72,50300.88,54203.12,49591.1
54353.58,51549.867,54981.67,50428.79
55841.38,52965.055,56037.45,51548.945
58454.25,54890.277,57474.66,53037.324
60672.24,56594.598,59906.85,55194.89
62652.23,58152.63,61909.94,57512.02
64577.18,59509.207,63946.9,59774.336
66692.29,64198.56,65715.34,61641.25
67860.18,65497.64,66804.99,64036.027
68864.52,66504.695,67958.09,65062.51
69504.44,67331.41,68572.31,65995.734
69876.92,68166.21,69085.69,66695.93
69950.04,68630.8,70014.07,67230.336
70007.57,68945.76,70195.4,67549.97
70275.0,69143.05,70326.67,67772.25
69616.29,69291.05,70098.17,67896.76
69752.82,69333.04,69894.05,67972.78
70161.64,69335.71,70038.51,68054.4
70504.18,69305.195,70227.16,68217.5
70606.94,69260.02,70306.78,68444.945
70192.46,69220.516,70822.88,68698.22
70520.15,69198.22,70813.98,68872.78
71090.3,69175.82,70866.28,69090.42
71376.26,69068.96,71128.31,69280.805
71608.75,69053.64,71016.68,69486.07
71562.53,69028.77,71150.61,69589.94
71324.74,68984.586,71248.32,69582.3
71117.82,68830.22,71286.18,69539.17
70964.08,68777.81,71533.2,69431.88
70917.35,68757.57,71306.45,69170.65
70699.86,68744.19,71343.41,68978.35
70300.5,68596.766,71058.76,68767.94
70356.89,68569.73,71166.07,68606.8
70152.74,68549.54,70963.51,68322.99
69530.6,68552.52,70599.23,68076.43
69636.41,68474.336,69791.81,67891.94
69911.04,68473.58,69655.97,67853.28
69632.52,68500.12,69487.93,67647.91
69428.22,68547.88,69520.86,67548.695
69491.94,68698.94,69344.68,67505.45
69194.97,68709.74,69431.58,67588.42
69031.79,68739.85,69235.84,67476.77
68794.32,68758.24,69049.93,67402.03
69231.56,68871.49,68994.12,67348.46
69912.69,68852.14,69599.82,67574.516
70469.14,68818.17,70003.51,68019.695
71171.34,68808.68,70951.61,68877.11
71723.71,68510.51,71832.32,69815.49
72139.12,68478.03,72959.3,70291.89
72347.51,68464.43,73097.02,70607.15
72130.12,68457.92,73280.0,70712.45
72056.35,67937.734,73345.58,70679.625
71765.86,67901.22,72758.37,69980.125
71713.8,67856.305,72149.46,69749.43
71366.6,67820.086,71996.29,69532.02
70770.19,67171.195,71838.6,69326.234
70211.28,67073.695,71594.75,68498.86
69848.09,66967.945,71013.1,68044.43
69587.19,66846.62,70429.7,67530.22
68273.02,65984.95,69907.01,66961.33
66924.95,65680.78,68582.0,65704.16
66262.65,65284.48,67484.01,64722.418
65458.39,64818.562,66605.3,63774.273
64616.89,63500.62,65888.93,62952.37
63620.19,62628.47,64908.59,61814.07
62558.72,61650.098,64376.63,60921.973
61521.43,60602.684,63349.18,60071.645
60533.4,59501.4,62406.63,59351.684
59856.11,57700.387,62411.99,59190.98
58938.31,56367.43,61593.72,58369.535
57677.86,55229.777,60610.53,57233.758
55803.84,54014.27,59566.85,56102.543
54626.23,53006.688,58281.6,54843.21
53472.75,52088.21,56992.06,53693.035
53024.08,51240.84,56254.24,52508.176
51921.75,50463.49,55723.55,51381.617
51229.84,49789.336,54400.78,50326.3
50880.01,49228.12,53810.06,49315.758
50317.95,48800.03,53372.22,48365.0
49221.13,46347.11,52939.16,47521.68
48607.72,46449.09,52499.88,47716.066
48432.46,46406.543,52142.42,47457.586
48744.12,46276.953,51849.39,47162.53
48289.75,46211.414,51452.12,46907.14
48109.86,46130.21,50678.72,46766.9
48130.75,46089.85,50443.26,46622.54
48339.64,46117.69,50667.71,46534.633
48929.44,46317.395,50673.04,46508.8
49085.46,46642.64,50682.59,46592.336
49085.39,47026.695,50541.16,46656.047
49346.92,47426.04,50780.33,46783.836
49896.15,47977.58,50999.85,46962.875
50423.43,48556.934,52106.48,47261.395
50891.64,49177.855,52335.97,47531.492
51406.07,49805.39,52917.79,47897.188
52948.54,50632.914,53292.6,48376.074
53631.91,51434.92,54696.95,49113.406
54592.99,52207.516,55108.24,49886.54
55835.97,52960.066,56290.93,50914.723
59103.07,54155.707,57743.11,52286.062
61426.68,55066.523,60675.21,54392.406
63544.32,56007.555,63138.0,56769.96
65195.38,56975.598,64834.25,59273.22
67353.5,62770.234,66801.41,61406.082
68796.98,64343.227,68840.98,63793.97
69754.71,65711.45,69882.34,64897.7
70316.45,66802.59,70831.85,65993.336
71368.69,68028.88,71145.89,66855.16
71890.33,68721.914,70683.39,67544.5
72424.37,69267.92,70835.93,67880.94
72555.58,69661.8,70903.23,68040.5
72165.48,70043.305,71089.99,68069.7
72572.98,70201.516,70995.8,68047.69
72822.06,70303.18,71083.09,68007.7
72970.91,70410.73,71152.75,68022.32
72892.21,70532.06,71175.14,68117.695
73168.31,70572.945,71128.57,68235.13
73410.01,70613.73,70949.22,68344.3
73458.42,70601.5,70780.26,68496.17
73802.14,70547.086,71091.41,68656.44
74082.55,70510.69,71310.48,68765.625
73930.39,70448.555,71576.89,68768.29
73668.47,70382.45,71455.46,68744.14
73291.78,70238.97,71494.81,68692.73
73180.84,70157.164,70681.53,68592.9
73248.8,70084.65,70507.52,68313.82
73140.96,70012.81,70553.08,68053.305
73500.42,69856.76,70617.81,67815.055
73558.72,69758.67,70764.15,67634.086
73186.91,69692.086,70150.97,67260.82
72747.63,69653.96,69465.53,66946.31
72474.44,69663.55,68876.16,66676.86
72307.19,69700.555,68971.55,66569.836
71649.71,69807.016,68845.61,66286.234
71319.01,69888.87,68747.53,66131.86
71717.58,70170.48,68635.25,66077.57
71541.98,70246.27,69195.68,66231.234
71265.24,70322.08,68899.43,66158.87
71160.27,70378.17,68850.44,66159.76
71356.43,70397.87,68801.99,66215.81
71843.55,70371.516,68703.97,66533.234
72533.54,70372.945,69102.21,67011.16
72972.39,70367.76,70125.41,67970.88
73571.24,69993.97,71465.66,69130.016
73875.65,69989.375,72267.22,69945.14
74237.56,70007.266,72759.26,70372.25
73616.9,70016.9,72885.34,70483.14
73281.28,69502.12,72942.18,70431.914
72963.61,69481.15,72623.87,69864.63
72814.81,69474.234,72518.73,69608.02
72803.68,69492.57,72376.62,69318.164
71801.45,68946.914,72354.92,69054.15
71245.49,68900.516,71949.19,68306.98
70424.3,68844.41,71112.38,67739.7
69733.21,68779.836,70310.75,67095.41
68058.07,68071.94,69770.19,66405.79
67136.08,67795.664,68661.12,65270.45
66280.55,67411.375,67597.91,64176.367
65292.07,66883.43,66526.81,63116.32
64245.28,65465.17,65697.34,62191.61
63413.66,64388.18,64993.36,61258.56
62418.3,63241.844,64522.71,60312.555
61428.99,62079.562,63499.54,59447.938
61060.84,60967.69,62874.33,58710.06
60358.14,58973.47,62544.28,58387.766
59244.43,57519.75,61881.71,57447.99
58193.33,56344.79,60755.06,56273.477
56847.46,55165.188,60188.6,55162.426
55551.94,54120.56,59461.93,54220.582
54744.19,53186.035,58317.08,53166.234
54130.92,52329.492,57158.15,52139.414
52820.71,51491.75,56596.31,51204.816
51785.99,50643.68,55961.54,50449.277
51017.12,49867.676,55175.27,49596.15
50468.52,49198.824,54650.2,48766.26
50133.39,46668.773,54251.79,48004.05
49629.09,46906.43,54044.19,48140.434
49396.54,46932.457,53749.45,47877.69
49059.62,46841.504,53272.39,47562.26
48813.09,46726.1,52905.8,47289.367
48843.43,46693.543,52867.56,47134.96
48829.61,46738.89,52423.43,46980.688
48924.95,46880.242,52531.8,46863.875
49095.19,47147.21,52451.12,46769.26
49313.37,47496.973,52438.19,46743.316
49238.11,47895.625,52433.07,46739.727
49472.95,48272.34,52701.5,46802.09
50093.49,48726.227,52783.88,46916.5
50617.39,49244.523,53126.7,47106.766
51377.05,49793.805,53172.13,47306.68
52222.88,50395.816,53502.58,47616.906
53517.8,51119.156,53758.91,48054.24
54284.24,51873.484,55390.28,48680.992
55586.5,52630.953,56354.99,49422.094
57274.88,53392.42,57683.85,50408.168
59670.58,54693.457,58908.65,51690.234
62393.66,55782.977,61571.84,53519.25
64209.01,56987.348,64249.83,55694.547
65968.92,58344.535,66048.11,58136.49
67265.78,63656.418,67867.77,60357.53
68662.32,65482.566,69613.59,62480.51
69609.82,66980.53,70875.39,63743.94
70078.13,68171.805,71842.56,64987.566
70472.48,69102.16,71977.52,66003.31
70798.33,69682.19,72204.33,66854.37
70966.51,70054.164,72476.89,67358.73
70904.05,70267.875,72678.59,67679.62
70373.06,70229.78,72855.32,67864.9
70559.8,70138.99,72940.11,67879.53
70703.74,70035.8,73013.36,67990.17
70546.27,69917.375,73133.6,68173.266
70798.8,69749.25,73216.31,68398.99
70797.21,69701.75,72981.17,68544.68
71466.05,69620.71,73113.89,68720.54
72231.69,69588.51,72845.83,68903.98
72206.37,69499.8,73119.51,69114.52
72232.83,69488.69,72576.28,69163.48
72861.31,69498.57,72946.88,69191.336
72567.45,69503.88,73335.27,69169.29
71716.61,69474.01,73375.02,69132.21
71714.04,69395.48,72446.47,68991.49
71782.48,69372.125,72539.82,68740.95
72181.99,69387.65,72189.04,68492.31
72299.64,69419.39,72111.7,68256.016
72029.71,69433.54,71818.6,68075.016
71669.66,69517.65,71988.1,67722.445
70900.7,69577.45,71740.66,67449.1
70515.24,69551.59,71247.56,67179.125
71095.03,69576.69,71391.4,67117.46
70912.61,69672.49,71241.44,66809.31
70982.64,69799.75,71149.67,66627.57
70946.93,70129.26,71079.92,66525.61
70275.17,70240.62,71305.96,66883.08
70214.85,70320.914,70803.79,66818.15
70250.67,70399.805,70453.89,66775.98
70572.1,70602.38,70738.73,66752.24
70827.14,70531.77,71299.59,67233.63
71576.25,70424.03,72015.54,67650.88
72243.65,70302.984,72680.19,68422.06
72279.04,70122.02,73956.03,69203.38
72613.74,70021.19,74595.66,69771.74
72325.6,69917.62,74616.54,69913.266
72517.58,69818.77,74996.61,69912.586
72072.39,69565.3,75320.45,69836.5
71792.72,69537.805,75155.74,69531.1
71412.05,69453.51,74725.01,69225.14
71016.01,69364.97,74669.88,68919.84
70623.78,69026.28,74565.7,68634.1
70112.42,68911.87,73648.1,68169.125
69529.78,68751.71,72766.39,67566.98
68710.31,68536.16,72188.26,66805.49
67966.2,67927.88,71626.33,65912.76
66807.68,67585.89,70032.06,64916.19
65848.43,67182.83,68998.27,63387.29
64659.01,66716.71,67945.42,61806.793
63573.87,65647.73,66938.78,60409.098
62909.99,64864.523,66223.97,59679.027
61628.55,64020.29,65377.4,58496.465
60661.89,63065.863,64753.3,57511.434
60389.14,62017.84,63815.4,56776.836
59635.68,60590.766,63825.0,57369.88
58705.19,59236.207,63293.93,56264.64
57815.06,58018.715,62262.16,54888.75
56512.29,56704.336,60881.3,53660.223
55711.04,55554.047,59979.59,52856.16
54984.03,54524.957,58844.3,51724.516
53987.19,53558.895,58149.25,50694.93
52895.24,52449.605,57111.87,49771.46
52331.72,51368.4,56441.82,49151.37
51124.39,50481.977,56127.96,48316.9
50030.19,49644.562,55648.52,47505.098
49267.8,45891.594,55215.69,46784.68
48744.46,45777.0,54696.71,47072.605
48773.93,45556.457,54395.58,46917.45
48811.16,45377.31,53948.77,46685.117
48756.93,45271.78,54099.07,46477.41
48825.91,45252.18,53459.59,46216.902
48776.69,45302.312,53501.74,46014.0
48926.48,45426.617,53408.14,45882.758
48515.59,45670.008,53424.22,45769.047
48631.66,45968.457,53623.37,45657.29
48730.35,46315.242,53520.82,45640.484
49095.27,46689.92,53524.25,45686.14
50173.56,47161.516,53779.57,45765.254
50846.55,47792.156,53951.99,45859.77
51494.78,48451.94,54009.13,46042.08
51780.75,49107.926,54595.14,46279.17
53007.41,49832.03,55157.51,46601.05
53749.79,50622.78,56024.1,46944.11
54938.57,51388.28,56544.27,47476.88
56476.98,52175.402,57558.69,48220.656
59513.24,53329.965,59153.34,49209.492
61791.29,54328.055,62124.86,50679.312
63801.22,55365.457,64290.15,52536.54
65516.29,56444.934,66326.4,54852.562
67531.39,59395.31,68101.31,57227.926
68836.13,61277.227,70651.08,57303.617
70023.64,62938.598,71832.17,58806.93
70692.45,64291.855,72857.95,60757.695
70827.27,65382.402,73232.6,62552.734
70662.54,66017.625,73281.82,63454.496
70923.32,66368.25,73626.6,64415.246
70967.21,66608.1,73832.3,65113.57
70089.9,66690.22,73628.79,65511.816
69620.58,66783.016,73087.95,65282.633
69858.6,66869.54,73187.45,65529.613
70256.83,66963.5,73683.82,65933.84
70285.59,66953.68,73629.64,66296.75
70754.76,67057.79,73215.46,66268.445
70639.74,67166.85,73535.39,66641.17
70948.39,67294.586,73599.8,67030.24
71105.99,67331.81,73877.04,67372.414
71285.1,67357.13,73961.04,67301.69
71496.2,67367.1,74006.83,67312.984
71266.37,67375.984,74035.28,67298.42
70882.42,67203.03,73803.03,67209.52
70605.78,67121.586,72777.95,67016.83
70069.86,66892.35,72086.5,66641.945
69928.87,66779.88,71929.5,66135.06
69799.99,66765.31,72000.61,65544.79
69744.06,66548.07,72440.76,65017.69
69633.08,66400.0,71779.42,64156.64
69248.65,66130.34,71639.11,63360.285
68120.47,65757.59,70844.47,62679.797
67597.37,65494.37,70709.92,62495.57
67120.26,65379.78,70476.47,61736.816
66608.28,65320.74,70477.32,61315.195
66477.95,65371.78,70173.27,61102.406
66038.72,65085.535,70554.45,61794.133
65651.13,64793.9,69968.87,61543.094
65508.61,64623.49,69960.87,61473.133
65952.83,64982.742,69924.83,61662.83
66198.4,64779.938,71010.36,62983.902
66586.02,64543.754,71577.7,63748.746
67887.3,64487.54,72382.41,64948.15
68831.07,64837.938,72903.13,66075.69
68748.13,64763.7,73154.48,67108.93
68263.09,64551.95,73087.71,67295.73
68674.68,64292.727,72819.52,67232.97
68425.06,64232.062,72609.46,67019.79
67841.42,63952.566,72004.41,66640.76
67633.24,63524.543,71564.66,66002.42
67285.8,63135.234,71404.11,65298.914
66920.8,62588.832,71452.09,64596.69
66168.24,61964.805,69994.88,63824.086
65470.79,61342.188,69368.61,62564.957
65017.87,60709.63,68592.0,61217.637
63870.86,59965.645,67744.94,60024.16
62889.24,59242.754,66487.68,59185.582
61843.25,58407.64,65451.49,57931.53
60742.0,57628.848,64615.97,56858.293
59992.87,56738.254,63705.17,56035.49
59233.09,56085.49,62678.35,55560.46
58304.21,55491.516,62147.89,54731.668
57622.36,54874.312,61276.59,53982.67
57378.14,55604.33,60791.51,53393.18
56819.09,54671.965,59703.92,53921.156
55930.28,53978.82,58902.06,53133.754
54899.97,53219.004,58075.77,51952.39
53550.83,52460.227,57190.19,50852.89
52518.22,51634.13,56584.64,49899.855
51753.61,50852.465,55345.61,48825.27
50937.54,50120.273,54898.06,47750.492
50168.57,49348.734,54126.59,46786.727
49434.3,48790.242,53468.44,45935.88
49021.57,48268.582,52825.18,45125.82
48630.33,47882.32,52299.21,44392.453
48196.99,44657.54,51768.06,43788.613
47718.77,44504.258,50803.49,43725.31
47467.88,44359.836,50272.43,43251.734
47199.78,44192.777,50029.21,42784.363
46801.63,43975.664,49670.25,42342.414
46354.38,43753.836,49038.79,42065.414
46280.85,43483.203,48704.03,41898.953
46131.22,43213.367,48586.44,41799.668
46083.34,42990.934,48641.91,41759.316
46019.51,42926.53,48072.38,41668.805
46033.84,42944.414,47851.24,41592.668
45848.89,43089.58,47857.98,41437.086
45850.13,43329.58,47882.88,41335.1
45921.58,43665.754,47646.6,41268.438
46078.15,44077.254,47684.58,41192.984
46025.93,44533.547,48003.8,41127.543
46068.54,45046.176,48315.9,41101.71
45844.21,45554.023,48386.38,41154.87
45906.79,46011.5,48309.25,41197.812
45902.47,46496.438,48082.8,41279.707
45770.94,47041.69,48328.34,41385.133
46182.07,47493.96,48905.51,41602.43
46514.35,47977.734,49418.52,41898.32
47082.48,48459.43,49578.97,42273.89
48536.55,50387.797,50462.16,42681.445
49787.04,51346.39,51939.55,44121.836
50611.32,52328.37,52629.23,44814.074
51310.12,53178.105,53326.64,45620.516
52506.78,54090.5,53994.19,46473.016
53502.44,54824.27,54930.89,47434.957
54397.84,55468.58,55638.17,48375.477
54868.38,55996.695,56131.79,49318.066
55077.32,56390.39,56962.56,50317.44
55675.87,56706.29,57643.36,51386.188
56110.1,56971.348,58173.93,52328.28
56435.3,57203.383,58822.96,53168.844
56722.64,57264.953,59366.96,53964.094
57046.16,57416.977,59653.3,54745.336
57243.69,57497.785,59782.04,55232.17
57127.67,57598.91,60096.67,55689.05
56953.35,57520.82,60664.97,56139.965
57291.2,57508.066,61029.73,56557.336
57028.43,57416.72,60893.68,56698.016
56909.31,57345.117,61272.54,56706.0
56673.62,57157.703,61457.46,56633.586
56553.17,57054.06,60809.1,56554.64
56426.05,56850.18,60514.86,56030.496
55766.88,56646.168,59951.74,55393.57
56091.75,56370.016,60043.26,54790.816
55923.65,56144.004,59911.15,54462.203
55321.78,55926.008,59136.18,53774.363
54773.45,55646.605,58598.59,53199.96
54628.75,55462.465,57938.62,52738.703
54267.42,55126.316,57531.95,52724.785
53931.67,54818.758,56833.84,52339.125
53671.36,54527.05,56751.99,52075.348
53332.23,54770.21,56629.71,51909.594
53434.75,54562.023,57315.06,52223.766
53382.25,54464.164,57209.09,52087.27
53492.53,54328.96,57082.57,52105.066
54758.68,54882.89,57233.85,52259.5
55829.55,54927.32,57999.55,53338.56
57113.73,55103.19,58863.57,54039.023
58220.55,55318.418,59702.79,55050.605
58646.26,55925.402,60448.58,56019.555
58754.78,56044.246,61361.99,57319.184
59053.32,56141.12,61405.46,57605.664
58957.9,56220.83,61940.16,57705.684
58754.91,56475.266,61975.38,57633.5
58545.45,56466.02,61916.58,57613.977
58199.9,56445.3,61644.28,57085.867
57798.37,56410.098,61557.32,56528.312
57649.74,56424.523,61615.81,55950.63
57231.81,56329.312,60671.29,55269.05
56567.06,56219.812,59641.81,54303.47
56095.99,56050.734,59108.85,53384.28
55296.13,55869.84,58610.41,52484.22
54132.59,55559.0,56816.27,51373.812
53183.9,55082.844,55725.23,50258.07
52764.69,54477.742,55017.3,49326.01
52337.98,53922.81,54222.92,48639.055
51965.87,53289.973,53514.83,48063.1
51205.78,52675.547,53431.91,47601.92
51029.71,51929.07,52948.29,47220.605
51341.44,51990.027,52439.6,46890.707
51048.78,51429.695,52493.19,47809.543
50192.25,50909.047,51922.14,47221.3
49611.62,50291.95,51430.16,46507.145
49218.17,49851.508,50459.37,45719.94
48375.55,49208.17,50020.17,44830.656
47683.62,48530.477,49033.18,44028.492
47062.13,47886.113,48753.43,43275.906
46740.33,47489.977,48041.28,42580.36
46027.9,46936.43,46491.76,41791.938
45776.18,46399.266,45176.47,41172.797
45448.86,45971.773,44515.29,40589.168
44697.46,40462.35,44065.97,40047.547
44440.17,40542.19,44038.57,39160.07
43942.34,40595.414,43537.67,38666.57
43750.4,40546.08,43102.01,38265.395
43070.82,40406.977,42538.2,37940.76
43135.81,40227.35,42071.03,37742.48
42882.0,40045.34,42151.97,37546.47
42815.01,39832.91,42033.67,37405.234
42602.3,39562.73,41828.67,37272.695
42611.92,39353.79,42142.06,37207.48
42677.02,39169.723,42031.22,37132.953
42385.85,39025.703,42302.3,37088.098
42380.13,38852.484,42531.23,37082.68
42355.36,38768.67,43423.75,37136.01
42455.03,38729.555,43587.51,37143.305
42269.04,38737.133,43794.77,37097.344
41893.7,38727.26,43435.32,37043.453
41647.45,38763.777,43727.31,36991.133
41763.56,38809.14,43955.78,36915.695
46115.59,38878.97,43979.32,36830.117
46630.3,39316.76,43611.39,36722.605
46856.4,39941.555,43526.27,36781.254
47172.33,40734.11,43804.38,36770.168
47211.72,41701.67,44539.4,36877.344
43274.85,43316.195,44615.9,37033.695
48788.0,43605.207,45582.85,37995.426
48843.41,45060.39,46300.39,38545.45
48892.77,46467.914,46736.22,39259.22
49599.61,47614.703,47364.9,40019.316
50125.06,48706.727,48798.15,40893.32
50709.62,49592.17,49173.81,41675.207
51142.49,50280.01,49812.91,42494.195
51628.59,50521.867,50868.13,43437.73
52034.48,50918.85,52206.1,44573.04
52460.27,51220.555,52759.02,45370.35
52864.4,51456.375,53705.44,46036.754
53561.86,51425.73,54354.03,46644.83
53848.69,51626.97,55448.11,47363.918
53412.22,51786.4,55921.57,47951.76
53655.5,51792.93,56123.5,48607.15
54545.04,51609.01,56656.57,49416.76
55043.44,51712.586,57174.72,50259.785
55418.15,51869.34,57733.89,50814.906
55632.58,51970.152,58234.26,51139.332
55503.42,51972.996,58481.68,51249.21
55645.44,52049.96,58563.76,51185.32
55481.19,52112.574,58485.86,50777.594
54905.36,52157.703,58087.78,50273.906
54359.73,52079.914,57727.58,49752.836
53917.53,51943.297,57330.88,49237.008
53774.07,51760.46,56877.29,48711.375
53255.28,51595.125,56790.27,48281.09
52862.18,51601.77,56497.99,47946.348
52604.39,51329.37,56241.36,47597.93
52658.58,51052.29,55974.72,47316.0
52240.9,50877.23,55344.89,47076.957
52505.94,51246.086,54892.32,46946.867
52582.49,51095.65,54707.53,46834.785
52838.23,51009.133,54198.24,46754.496
52793.2,50966.793,54354.28,46790.53
53284.42,51651.16,54428.02,46972.33
53822.33,51646.1,55059.2,47390.184
54654.9,51766.367,55877.63,48006.78
55803.02,52064.594,56581.77,48916.066
56600.34,53014.54,57767.65,49887.535
56999.43,53386.81,58188.72,50872.25
57142.17,53692.797,58653.92,51428.297
57304.73,53927.035,58647.37,51790.152
57759.97,54442.94,58978.1,51911.72
57762.41,54554.8,59152.8,51967.332
57439.11,54611.66,59069.2,51611.668
57306.47,54608.32,58417.69,51238.3
57522.22,54860.105,58206.13,50870.492
57289.0,54813.547,57910.15,50478.406
56754.04,54715.484,57648.24,49877.098
55871.76,54556.75,57000.06,49328.83
55346.2,54477.613,56650.35,48849.52
54777.04,53992.54,55792.94,48424.816
54006.07,53484.95,55103.83,47901.41
53423.1,52911.895,54210.46,47445.258
53481.49,52514.793,53509.52,47076.977
53262.91,52019.54,53568.64,46843.027
52821.81,51553.402,53392.18,46573.61
53181.11,51018.594,53198.37,46302.906
53343.02,52179.03,53111.16,46101.85
52971.6,51718.24,53658.84,46727.113
52095.09,51231.47,53491.13,46200.516
51428.59,50617.844,52780.79,45524.297
50772.14,50182.742,51747.07,44773.71
50134.01,49411.594,50732.25,44006.383
49521.47,48638.35,49663.8,43223.44
48943.1,47861.0,48874.69,42440.734
46653.63,47301.61,48873.9,41741.33
46151.66,46216.477,48571.93,41081.387
45999.29,45353.29,48241.73,40561.117
45538.3,44742.58,47548.02,40084.035
45320.92,42375.71,47276.76,39677.336
45122.12,42627.04,46614.01,38470.47
45107.06,42793.875,46593.22,38061.16
44736.35,42916.703,46008.62,37778.656
44214.61,43035.992,45875.11,37612.82
44139.46,43032.695,45695.35,37536.72
44261.97,43069.37,45614.46,37505.15
44016.74,43219.71,45775.38,37500.812
43781.17,43341.586,46387.66,37596.12
43795.64,43548.504,46462.3,37732.43
44194.51,43835.734,45997.63,37870.117
44404.01,44248.277,46558.53,38085.016
44476.53,44704.2,47154.52,38338.434
44477.4,45245.957,47881.8,38555.594
45181.81,45817.953,48105.43,38896.336
45865.15,46557.54,48568.26,39364.812
47175.02,47431.363,49412.74,39895.723
47805.25,48532.984,50798.51,40513.273
48938.46,49695.85,52068.0,41336.0
50846.39,51018.438,53230.27,42343.344
54695.22,52728.0,54675.19,43603.67
57584.27,54880.418,57516.93,45228.434
59833.18,56874.93,60144.93,46976.9
62296.55,58521.4,62179.19,48852.812
64038.35,61751.836,63889.39,50766.086
65540.81,63532.793,66741.11,51370.98
66725.51,64962.566,68409.71,52793.73
67290.18,66110.21,69866.32,54399.42
67162.75,67205.625,70384.74,55790.047
67251.0,67850.86,70749.06,56590.4
66917.96,68331.555,71218.91,57544.125
66974.49,68674.46,71324.12,58075.793
66803.5,68367.08,71187.86,58410.547
67359.36,68525.086,70742.55,57895.934
67578.84,68679.97,70943.68,57995.86
67845.02,68827.21,70896.62,58189.6
68389.46,67614.39,71312.77,58476.15
68413.81,67731.64,72027.04,58327.207
68849.58,67888.87,72148.77,58815.297
68909.05,68020.016,72390.5,59298.055
68989.61,66210.76,72429.45,59837.387
69350.02,66333.56,72132.77,59905.43
69657.1,66452.1,72240.53,60221.25
69811.46,66520.58,72359.43,60564.77
69634.36,64423.527,72251.72,60799.652
69591.31,64378.207,72217.29,60501.168
69352.26,64374.87,71600.52,60265.492
69144.4,64255.273,72466.28,60068.96
69153.9,62542.73,71845.49,59653.285
69317.57,62172.305,72421.4,59117.812
69189.35,62002.176,72312.52,58527.066
68427.0,61814.99,71823.7,57987.676
68338.46,61099.453,71045.37,57469.67
68514.54,60939.53,71355.2,57344.465
68447.72,60887.867,71368.56,56919.145
68167.53,60958.34,71185.72,56659.145
67947.37,61603.816,70623.34,56523.24
67769.7,61526.258,70537.74,57079.055
67182.9,61589.805,70162.25,56907.35
66907.19,61580.43,70142.59,56758.617
66980.83,62849.203,70121.62,56690.164
67586.45,62607.516,70322.46,57671.605
67940.44,62507.39,70920.07,58101.234
69031.17,62248.086,71394.39,59118.86
69081.2,62801.543,71968.55,60368.516
69348.38,62739.06,72647.22,62039.72
69234.99,62612.895,72985.1,62604.477
69143.02,62519.164,73098.93,62794.12
68634.79,62972.688,72948.92,62745.402
68377.76,62838.88,72639.87,62888.695
68130.11,62651.684,72378.6,62343.668
67948.01,62491.906,72317.53,61766.44
67827.02,62865.875,71713.65,61151.977
67113.74,62568.35,71228.75,60821.44
66552.4,62201.527,70359.97,59827.305
65868.62,61934.355,69715.46,58720.56
64713.81,62178.58,69113.94,57661.305
63508.52,61644.645,67789.43,57000.312
62898.54,61090.336,66538.34,55777.246
61889.56,60582.664,65822.09,54660.555
62023.77,60509.016,64632.68,53788.637
61438.23,59906.363,63686.15,53438.797
60147.26,59330.695,62522.77,52508.355
59255.55,58630.78,61415.8,51628.785
59563.74,60551.31,60586.73,50908.887
58891.1,59335.12,60358.0,52280.477
57931.07,58217.418,59163.25,51387.484
57128.82,57043.14,57911.77,50048.902
55571.37,55906.754,56825.25,48739.547
54405.15,54655.805,55810.08,47666.688
53236.35,53373.52,54907.09,46504.516
52493.53,52011.465,54207.19,45463.59
54783.86,50916.418,53996.87,44620.57
54027.58,50359.3,53120.73,44043.09
53552.17,49777.656,52909.44,43430.984
52758.84,49245.402,52798.97,42909.086
51962.52,47827.273,51858.74,42457.543
51709.45,47723.953,51011.96,42935.53
51164.28,47456.32,50577.5,42514.438
51123.94,47090.11,50175.84,42159.684
50910.5,46657.89,49771.52,41832.85
50752.19,46401.56,49026.86,41676.336
50760.34,46213.566,48912.23,41488.93
50729.13,46112.367,49048.03,41352.22
50774.71,45969.33,49325.67,41302.383
50654.2,46092.957,49566.8,41379.68
50670.75,46312.53,49431.95,41404.168
51146.34,46670.97,49662.86,41514.168
51618.59,47127.14,49776.01,41671.812
51955.07,47907.266,50805.38,41976.67
52438.43,48793.242,51259.67,42245.383
52862.89,49782.316,51529.16,42544.86
54203.12,50818.703,51840.29,42884.586
54981.67,52085.805,54072.88,43426.133
56037.45,53436.48,54614.76,43931.93
57474.66,54880.918,55276.96,44558.56
59906.85,56640.367,56742.15,45325.24
61909.94,58222.992,60002.1,46436.652
63946.9,59651.777,62139.14,47647.945
65715.34,60886.47,64228.74,49162.707
66804.99,64005.516,65900.32,50795.25
67958.09,65085.043,67438.55,50459.234
68572.31,65946.64,68403.75,51832.387
69085.69,66602.41,69162.24,53435.645
70014.07,66781.555,69603.28,54855.043
70195.4,67073.516,69895.19,55684.11
70326.67,67233.984,70301.2,56847.47
70098.17,67288.836,70215.16,57896.22
69894.05,66230.89,70693.08,58700.215
70038.51,66352.2,70946.87,57948.246
70227.16,66534.35,71166.18,58826.098
70306.78,66718.66,71434.71,59860.375
70822.88,65460.74,71652.81,60878.74
70813.98,65638.49,71708.15,60157.215
70866.28,65842.83,71756.13,61205.36
71128.31,66060.94,71611.22,62326.715
71016.68,64291.176,71460.44,63364.445
71150.61,64453.62,71089.64,62481.89
71248.32,64574.61,71231.88,63097.992
71286.18,64677.39,71501.92,63700.684
71533.2,62707.3,71168.92,64067.58
71306.45,62719.24,71115.65,63015.35
71343.41,62562.6,70863.27,62896.61
71058.76,62480.668,70753.39,62527.68
71166.07,61107.96,70838.53,62055.242
70963.51,60927.297,71017.77,60682.227
70599.23,60735.445,70921.22,59785.402
69791.81,60553.047,70406.43,58869.332
69655.97,60077.418,70277.77,57953.555
69487.93,59865.56,70633.76,57626.98
69520.86,59701.51,70556.56,56650.95
69344.68,59611.38,70168.06,55930.617
69431.58,59989.84,70238.45,55408.773
69235.84,59952.31,69718.14,56556.902
69049.93,60018.94,69584.53,56091.617
68994.12,60096.77,69441.98,55809.82
69599.82,61190.258,69424.55,55683.938
70003.51,61022.83,70134.91,57585.45
70951.61,60854.09,70819.79,57804.617
71832.32,60728.39,72004.43,58682.93
72959.3,61302.633,72991.66,59819.27
73097.02,61097.934,74047.59,61791.875
73280.0,60894.934,74691.03,62293.53
73345.58,60749.62,74691.79,62476.934
72758.37,61167.79,74986.08,62401.484
72149.46,60925.664,74920.95,62706.81
71996.29,60668.465,74652.53,62291.812
71838.6,60456.848,74492.44,61839.973
71594.75,60886.19,74636.45,61404.67
71013.1,60607.39,73910.82,61249.457
70429.7,60320.758,73563.66,60465.688
69907.01,60011.203,73166.35,59574.184
68582.0,60371.38,72257.17,58691.137
67484.01,59948.71,70804.02,58083.273
66605.3,59500.58,69513.33,56895.2
65888.93,59026.88,68480.72,55771.17
64908.59,59265.832,67777.16,54879.805
64376.63,58605.52,66472.99,54460.906
63349.18,57931.21,65634.64,53640.03
62406.63,57068.45,64962.42,52901.684
62411.99,60419.285,64043.59,52297.688
61593.72,58404.215,62720.24,53684.3
60610.53,56580.594,61985.51,52913.48
59566.85,54807.65,60833.25,51704.07
58281.6,53776.863,59884.67,50587.95
56992.06,52239.82,58838.0,49708.78
56254.24,50893.35,57948.38,48686.297
55723.55,49640.652,56955.67,47733.492
54400.78,49175.453,56353.56,46922.65
53810.06,48096.43,55214.45,46273.047
53372.22,47128.316,55049.82,45573.234
52939.16,46339.227,54097.85,44903.184
52499.88,47508.336,53625.61,44358.5
52142.42,47383.457,53110.5,46006.043
51849.39,47113.965,52676.91,45690.08
51452.12,46875.836,52329.71,45457.11
50678.72,46757.406,52158.76,45211.4
50443.26,46748.53,51727.95,44797.527
50667.71,46838.52,51590.12,44505.223
50673.04,47091.93,51757.79,44348.895
50682.59,47431.824,52138.36,44214.23
50541.16,47893.656,52473.97,43995.39
50780.33,48394.062,52526.24,43945.64
50999.85,48992.527,52739.07,43950.574
52106.48,49650.973,53050.28,44020.89
52335.97,50460.473,53390.4,44030.15
52917.79,51231.562,53365.87,44184.8
53292.6,52000.53,54020.68,44430.97
54696.95,52825.35,54493.28,44719.133
55108.24,53611.094,55431.68,44972.52
56290.93,54332.457,55782.69,45474.363
57743.11,55044.023,56652.97,46065.04
60675.21,56002.06,58309.51,46810.53
63138.0,56721.71,61116.28,47587.156
64834.25,57430.81,63075.84,48607.703
66801.41,58135.87,64830.88,49867.516
68840.98,61638.414,66774.48,51267.93
69882.34,63041.344,69496.09,50388.88
70831.85,64224.19,70746.15,51403.707
71145.89,65215.914,71453.56,52692.58
70683.39,66099.836,72112.14,53880.266
70835.93,66556.53,72988.71,54379.57
70903.23,66812.06,72977.51,55193.984
71089.99,66972.06,73142.63,55890.86
70995.8,65822.23,73189.29,56500.957
71083.09,66215.305,72860.93,56359.773
71152.75,66706.03,73041.77,56906.965
71175.14,67156.31,73351.69,57539.883
71128.57,65535.996,73256.21,58287.504
70949.22,66063.96,73346.07,58237.465
70780.26,66540.89,73554.88,58897.152
71091.41,66909.516,73642.07,59642.562
71310.48,64583.004,73810.97,60412.97
71576.89,64924.94,73907.24,60164.57
71455.46,65183.484,73974.43,60539.707
71494.81,65425.586,74029.23,60938.566
70681.53,63010.355,73881.52,61206.008
70507.52,62993.863,73588.68,60838.69
70553.08,62988.72,73347.7,60883.91
70617.81,62941.3,73265.1,60817.188
70764.15,61501.99,73125.25,60707.22
70150.97,61253.727,73563.3,60409.785
69465.53,60997.348,73352.19,60002.668
68876.16,60674.418,72913.85,59565.9
68971.55,60374.098,72234.48,59051.355
68845.61,59905.66,72861.3,59131.395
68747.53,59493.98,72563.39,58642.555
68635.25,59160.973,72496.52,58218.914
69195.68,60288.484,72360.09,57864.91
68899.43,59978.086,72590.12,58823.46
68850.44,59881.547,72350.46,58587.832
68801.99,59889.348,72601.18,58414.76
68703.97,63240.305,72419.38,58272.41
69102.21,63129.188,72759.92,59736.22
70125.41,62981.92,73224.61,60110.637
71465.66,62724.797,73748.6,60881.13
72267.22,63792.79,74022.39,61667.27
72759.26,63600.78,73865.88,62969.4
72885.34,63488.92,73858.22,63061.895
72942.18,63362.79,73915.24,62984.723
72623.87,63831.64,73620.61,62819.74
72518.73,63579.66,73722.06,62827.883
72376.62,63466.773,73318.56,62339.31
72354.92,63314.51,73144.0,61829.418
71949.19,63595.18,73030.75,61335.316
71112.38,63422.137,72412.52,60969.215
70310.75,63304.113,71955.46,60067.94
69770.19,63142.24,71190.91,59043.938
68661.12,63189.465,70442.23,58022.69
67597.91,62949.48,69130.91,57205.973
66526.81,62683.008,68087.4,55961.387
65697.34,62346.99,66979.71,54857.5
64993.36,62001.016,66483.62,54005.33
64522.71,61509.63,65174.87,53475.31
63499.54,61036.51,64180.58,52623.656
62874.33,60572.824,63187.77,51843.297
62544.28,61502.797,62529.57,51206.766
61881.71,60439.42,62492.92,52371.06
60755.06,59560.688,62069.81,51431.895
60188.6,58613.414,60713.3,50232.523
59461.93,57420.125,59353.71,49186.312
58317.08,56352.312,58190.27,48274.395
57158.15,55285.348,57150.35,47222.98
56596.31,54195.57,56322.4,46223.54
55961.54,53159.11,55653.84,45381.71
55175.27,52164.066,54688.46,44759.984
54650.2,51224.766,54259.88,44093.844
54251.79,50357.492,53724.88,43431.4
54044.19,50037.613,52815.95,42820.336
53749.45,50043.26,52391.38,42209.71
53272.39,49900.71,52057.66,41842.273
52905.8,49780.914,52042.37,41527.727
52867.56,49739.312,51560.07,41288.11
52423.43,49829.363,51706.22,41111.168
52531.8,49950.53,51536.6,40961.78
52451.12,50151.84,51300.21,40864.062
52438.19,50393.74,51318.1,40819.574
52433.07,50771.89,50756.62,40851.188
52701.5,51234.133,50836.85,40913.117
52783.88,51796.312,51251.21,41019.086
53126.7,52389.902,51335.16,41158.555
53172.13,53045.8,51329.49,41385.695
53502.58,53697.367,51671.83,41571.652
53758.91,54371.414,52059.74,41794.61
55390.28,55103.41,52641.67,42062.55
56354.99,55860.414,54378.55,42471.848
57683.85,56601.863,55181.71,42828.273
58908.65,57326.29,56127.94,43289.2
61571.84,58234.76,57768.77,43887.438
64249.83,58882.42,60527.89,44714.85
66048.11,59505.76,62931.78,45664.15
67867.77,60113.09,64831.78,46813.19
69613.59,63050.664,66602.96,47999.438
70875.39,64330.46,68696.53,49106.816
71842.56,65437.09,69920.07,50055.746
71977.52,66355.445,70902.85,51165.715
72204.33,66955.62,71675.81,52254.324
72476.89,67442.95,72093.2,53168.15
72678.59,67706.76,72342.69,54039.77
72855.32,67801.73,72645.94,54785.74
72940.11,66204.35,72669.7,55382.914
73013.36,66533.04,72239.3,55570.863
73133.6,66918.055,72545.68,55984.41
73216.31,67346.945,72997.85,56405.78
72981.17,64976.633,73109.79,56870.227
73113.89,65525.38,72800.82,57149.01
72845.83,66111.65,72838.06,57541.492
73119.51,66681.16,73099.72,57945.375
72576.28,63770.83,73228.78,58333.613
72946.88,64268.32,73871.8,58523.14
73335.27,64484.766,74193.25,58674.81
73375.02,64667.953,73794.57,58828.84
72446.47,62010.8,73459.79,58909.35
72539.82,62022.74,73369.91,58939.29
72189.04,62023.26,73575.9,58742.215
72111.7,61803.297,73618.06,58517.918
71818.6,60748.85,73297.53,58292.207
71988.1,60490.47,73332.71,58257.453
71740.66,60289.652,73223.18,57809.867
71247.56,60017.766,72769.74,57386.85
71391.4,60102.574,72387.25,56999.848
71241.44,59836.07,72045.56,57108.965
71149.67,59662.445,71816.09,56679.99
71079.92,59554.777,71619.95,56395.023
71305.96,60389.3,71288.43,56151.816
70803.79,60233.94,71473.21,56736.35
70453.89,60181.938,71143.03,56476.797
70738.73,60118.406,71097.54,56312.707
71299.59,61451.22,70909.36,56208.156
72015.54,61109.613,71375.76,57553.812
72680.19,60802.344,71944.42,57950.465
73956.03,60636.727,72521.93,58699.15
74595.66,61192.02,73459.33,59451.875
74616.54,61065.363,73438.62,60980.87
74996.61,61022.49,73190.55,61203.617
75320.45,60992.773,73251.28,61190.977
75155.74,61423.08,73401.52,61076.117
74725.01,61350.125,73632.15,61364.375
74669.88,61254.7,73539.57,61074.18
74565.7,61152.793,73667.48,60720.004
73648.1,61425.48,73484.0,60398.484
72766.39,61233.453,73572.37,60192.344
72188.26,60977.496,72912.0,59591.926
71626.33,60724.05,72274.33,58914.86
70032.06,60716.39,71378.23,58257.69
68998.27,60284.867,70372.62,57541.074
67945.42,59809.254,69622.29,56560.914
66938.78,59269.15,68700.62,55608.652
66223.97,58764.918,67537.72,54823.434
65377.4,58016.266,66276.7,54134.508
64753.3,57198.438,65594.7,53412.4
63815.4,56392.22,65015.34,52786.41
63825.0,58693.117,64348.47,52290.24
63293.93,57149.332,62987.98,52959.56
62262.16,55841.492,62149.93,52218.543
60881.3,54638.36,61328.17,51204.43
59979.59,53530.56,60559.34,50286.758
58844.3,52278.97,58855.73,49421.805
58149.25,51192.875,57807.29,48565.934
57111.87,50180.273,57029.41,47742.277
56441.82,49414.977,56472.46,47004.72
56127.96,48510.28,54292.08,46301.848
55648.52,47750.73,53862.76,45641.5
55215.69,47091.332,53829.19,44999.902
54696.71,49108.21,52966.92,44420.562
54395.58,48873.484,52182.91,43790.832
53948.77,48609.863,51886.75,43566.234
54099.07,48434.336,51729.4,43328.08
53459.59,48120.01,51569.85,43111.65
53501.74,48131.23,50732.66,42920.41
53408.14,48253.875,50439.41,42761.69
53424.22,48368.633,50731.07,42682.84
53623.37,48202.273,50887.84,42612.453
53520.82,48472.754,51080.69,42552.184
53524.25,48778.863,51120.25,42578.69
53779.57,49124.883,51532.15,42668.836
53951.99,49243.78,51880.54,42795.234
54009.13,49760.2,52294.69,42941.098
54595.14,50256.246,52335.2,43091.48
55157.51,50814.445,52583.16,43277.812
56024.1,51040.56,52610.88,43507.562
56544.27,51707.6,54027.08,43829.63
57558.69,52394.477,54774.59,44212.465
59153.34,53091.668,55530.26,44699.445
62124.86,53699.797,57438.07,45352.035
64290.15,54491.55,59859.89,46204.64
66326.4,55328.38,62351.89,47300.664
68101.31,56224.227,63445.94,48589.188
70651.08,55336.668,65283.59,49994.258
71832.17,56628.707,68383.39,50301.848
72857.95,58066.22,69916.04,51220.582
73232.6,59428.17,70482.59,52428.305
73281.82,59452.855,71178.68,53676.727
73626.6,60177.863,72253.01,54607.69
73832.3,60639.758,72750.87,55511.168
73628.79,60812.953,72858.3,56311.33
73087.95,60189.605,73195.7,56981.105
73187.45,60332.258,72960.05,57184.46
73683.82,60533.047,72841.62,57655.516
73629.64,60648.027,73088.27,58184.504
73215.46,60264.79,73166.65,58749.945
73535.39,60389.87,73619.82,58937.664
73599.8,60501.523,73620.35,59342.645
73877.04,60558.77,73701.86,59744.043
73961.04,60185.305,73606.99,60104.836
74006.83,60093.945,73622.19,60048.844
74035.28,60003.375,73487.24,60112.305
73803.03,59892.69,73426.86,60125.945
72777.95,59729.145,72858.43,60088.844
72086.5,59652.055,72007.9,59801.438
71929.5,59548.074,71615.39,59421.867
72000.61,59420.7,71392.95,59000.97
72440.76,59396.652,71007.34,58556.984
71779.42,59292.973,70803.21,58205.223
71639.11,59161.83,70201.4,57554.65
70844.47,59042.938,70092.05,56983.414
70709.92,59137.414,68992.3,56476.3
70476.47,58976.645,68730.68,56467.12
70477.32,58872.652,68466.38,55929.266
70173.27,58809.85,68273.47,55553.18
70554.45,59120.434,68196.29,55267.414
69968.87,59100.023,67983.24,55814.086
69960.87,59060.098,67605.53,55522.438
69924.83,59018.53,67873.57,55378.516
71010.36,59457.887,67955.8,55432.28
71577.7,59356.746,68324.55,56834.06
72382.41,59294.86,68915.84,57505.234
72903.13,59263.91,69715.82,58407.203
73154.48,59798.945,70338.14,59229.848
73087.71,59697.473,70487.98,60682.41
72819.52,59597.617,70382.83,60868.844
72609.46,59468.008,70069.72,60833.492
72004.41,59765.6,70041.06,60698.25
71564.66,59474.98,69401.39,60769.707
71404.11,59197.0,69037.01,60281.703
71452.09,58951.58,68875.48,59729.367
69994.88,58967.816,68560.68,59247.54
69368.61,58510.66,68103.49,58800.656
68592.0,58082.562,67330.54,57984.06
67744.94,57662.93,66393.5,57126.88
66487.68,57324.81,65914.96,56373.9
65451.49,56697.918,65025.93,55641.914
64615.97,56083.316,63889.67,54755.453
63705.17,55525.4,62871.37,53962.61
62678.35,55024.445,62301.4,53345.734
62147.89,54368.37,61609.54,52752.74
61276.59,53771.234,61162.97,52082.363
60791.51,53188.5,60454.14,51459.64
59703.92,54039.703,59671.62,50951.438
58902.06,52900.32,59055.96,51266.04
58075.77,51960.863,58034.58,50645.273
57190.19,51124.71,57297.58,49690.184
56584.64,50495.797,56163.2,48790.457
55345.61,49653.383,55218.23,47855.5
54898.06,48829.51,54332.45,46963.93
54126.59,48153.71,53736.07,46054.67
53468.44,47766.27,52987.71,45209.727
52825.18,47133.883,51230.88,44344.54
52299.21,46622.625,50330.78,43637.797
51768.06,46184.113,49769.06,42995.28
50803.49,45379.895,49380.97,42449.086
50272.43,44941.07,48489.3,42295.75
50029.21,44520.633,48158.91,41880.727
49670.25,44120.258,47901.93,41372.29
49038.79,43893.543,47582.61,40883.26
48704.03,43647.656,46948.59,40561.49
48586.44,43466.594,46469.86,40313.492
48641.91,43373.484,46568.67,40179.53
48072.38,43317.96,46673.77,40111.242
47851.24,43196.5,46549.94,40097.83
47857.98,43017.25,46310.96,40047.594
47882.88,42935.11,46427.4,40015.42
47646.6,42951.91,46711.69,39961.367
47684.58,43011.89,47303.06,39966.098
48003.8,43140.516,47736.71,39917.18
48315.9,43370.383,47384.51,39877.97
48386.38,43652.42,47440.16,39868.49
48309.25,43956.08,47833.75,39933.867
48082.8,44241.055,47730.35,39958.543
48328.34,44468.895,47632.77,40021.047
48905.51,44751.56,47800.41,40131.08
49418.52,45138.4,47745.28,40390.094
49578.97,45574.566,48210.99,40596.285
50462.16,45954.867,48146.51,40858.363
51939.55,47711.84,48935.78,41154.25
52629.23,48130.773,50630.32,42952.71
53326.64,48581.35,51159.54,43517.25
53994.19,49071.203,52021.92,44232.688
54930.89,49619.664,52964.36,44974.703
55638.17,50190.113,54053.11,45919.7
56131.79,50748.9,55027.62,46756.12
56962.56,51248.785,55686.68,47605.9
57643.36,51737.875,56585.2,48493.465
58173.93,52086.582,57361.01,49536.125
58822.96,52352.723,57860.68,50396.016
59366.96,52619.316,58576.91,51174.984
59653.3,52925.055,59267.51,51852.895
59782.04,53037.93,59827.87,52569.27
60096.67,53105.766,60110.24,53052.766
60664.97,53139.9,60230.67,53471.168
61029.73,53169.594,60478.94,53875.258
60893.68,53135.027,61158.95,54419.465
61272.54,53021.086,61659.67,54662.625
61457.46,52941.6,61872.05,54821.766
60809.1,52926.797,62020.15,54895.77
60514.86,52754.74,61596.7,55009.887
59951.74,52525.08,61516.3,54772.402
60043.26,52276.15,60926.08,54360.414
59911.15,52249.273,60280.39,53939.266
59136.18,52053.61,59824.61,53818.305
58598.59,51834.777,59770.54,53353.66
57938.62,51650.234,60040.17,52930.09
57531.95,51803.06,59607.92,52552.04
56833.84,51653.605,59157.65,52547.98
56751.99,51495.188,58622.42,52164.637
56629.71,51422.754,58418.35,51906.105
57315.06,51822.574,57994.96,51715.78
57209.09,51867.137,57973.67,52019.457
57082.57,51894.53,57862.55,51886.234
57233.85,51890.535,58240.51,51899.22
57999.55,52476.76,58353.54,51992.49
58863.57,52521.887,58689.83,52856.113
59702.79,52638.49,59456.75,53319.207
60448.58,52779.105,60539.86,54161.94
61361.99,53422.523,60905.48,55050.938
61405.46,53453.74,61715.54,56417.457
61940.16,53461.383,62368.13,56937.055
61975.38,53481.254,62501.79,57248.906
61916.58,53842.76,62826.78,57365.42
61644.28,53771.76,62465.5,57423.805
61557.32,53672.25,61825.96,56965.56
61615.81,53557.62,61528.65,56453.918
60671.29,53575.504,61088.53,55901.027
59641.81,53283.75,60531.56,55191.445
59108.85,52925.24,60014.96,54287.65
58610.41,52592.145,59386.41,53434.984
56816.27,52209.82,58524.39,52600.27
55725.23,51478.086,57280.71,51520.406
55017.3,50631.0,56215.53,50616.816
54222.92,49809.113,55024.85,49913.562
53514.83,48824.984,54313.84,49375.48
53431.91,47877.066,53993.0,48816.945
52948.29,47162.176,53458.35,48429.188
52439.6,46451.566,53475.92,48117.438
52493.19,46860.734,53048.94,47813.613
51922.14,46106.32,53602.08,48701.52
51430.16,45344.242,53120.49,48215.36
50459.37,44716.53,52589.4,47592.52
50020.17,44268.62,51730.34,46844.766
49033.18,43782.637,50719.76,45886.88
48753.43,43341.47,49871.4,45099.867
48041.28,43046.61,49743.33,44351.945
46491.76,42926.58,49083.9,43654.14
45176.47,42528.117,47291.07,42793.133
44515.29,42146.844,46404.28,42161.777
44065.97,41844.477,45784.49,41550.61
44038.57,40094.71,45250.67,40979.492
43537.67,39906.86,44552.76,39982.594
43102.01,39720.64,43660.13,39398.055
42538.2,39550.406,43192.9,38947.242
42071.03,39400.008,42819.05,38561.4
42151.97,39294.484,42515.92,38254.64
42033.67,39248.47,42031.0,37962.297
41828.67,39205.605,41746.31,37715.8
42142.06,39162.332,42079.66,37515.46
42031.22,39184.055,42053.03,37379.2
42302.3,39199.51,42320.55,37245.336
42531.23,39248.13,42086.72,37154.375
43423.75,39334.547,42110.58,37113.344
43587.51,39508.71,42229.21,37134.6
43794.77,39654.33,42313.93,37127.445
43435.32,39818.098,42975.1,37095.58
43727.31,39955.133,43610.75,37040.76
43955.78,40124.758,43335.08,36998.86
43979.32,40300.062,42717.64,36914.133
43611.39,40425.074,42568.51,36844.562
43526.27,40601.453,43052.44,36782.133
43804.38,40703.14,43262.33,36691.594
44539.4,40843.242,43595.2,36639.754
44615.9,41015.79,43252.63,36705.28
45582.85,42409.785,43709.11,36798.242
46300.39,42418.258,44899.04,37852.91
46736.22,42572.984,45403.77,38365.586
47364.9,42772.156,46363.66,39031.06
48798.15,43142.996,47070.34,39756.41
49173.81,43569.047,48065.17,40674.594
49812.91,43961.035,48634.84,41495.953
50868.13,44441.156,49444.01,42418.46
52206.1,45185.63,50107.34,43394.383
52759.02,45726.586,51073.44,44519.84
53705.44,46164.285,51406.27,45412.477
54354.03,46632.004,52344.29,46320.645
55448.11,47174.168,52693.36,47111.707
55921.57,47604.1,52844.55,47897.562
56123.5,47897.168,53443.58,48514.816
56656.57,48079.46,54190.9,49203.34
57174.72,48319.332,55076.12,50064.008
57733.89,48460.727,55123.58,50858.3
58234.26,48629.07,55972.11,51469.324
58481.68,48805.42,56409.58,51745.863
58563.76,49052.28,56457.49,51776.79
58485.86,49143.387,56680.83,51568.133
58087.78,49218.414,56060.66,51018.156
57727.58,49228.7,55743.77,50393.96
57330.88,49307.97,55522.63,49756.758
56877.29,49264.855,55000.23,49100.055
56790.27,49182.812,54231.38,48477.723
56497.99,49153.047,54012.57,47972.53
56241.36,49265.668,53588.25,47604.03
55974.72,49179.53,53128.17,47302.91
55344.89,49062.312,52759.46,47015.63
54892.32,48891.688,52882.25,46828.66
54707.53,49000.312,52514.28,46749.332
54198.24,48813.67,52291.16,46785.95
54354.28,48550.934,52155.93,46758.113
54428.02,48437.992,52663.37,46864.1
55059.2,48517.3,53113.06,47173.508
55877.63,48648.35,54040.23,47994.414
56581.77,48965.82,54426.5,48877.613
57767.65,49294.9,55638.93,49932.63
58188.72,49851.016,56884.81,50892.477
58653.92,50162.797,58423.08,51823.48
58647.37,50389.91,58490.71,52130.383
58978.1,50434.273,58459.49,52226.67
59152.8,50570.344,58980.99,52187.312
59069.2,50557.062,59056.72,51998.613
58417.69,50476.062,58763.87,51548.133
58206.13,50261.773,58596.3,51109.145
57910.15,50069.906,58182.43,50666.17
57648.24,49846.758,57789.65,50059.92
57000.06,49637.344,57333.04,49428.96
56650.35,49326.66,56754.36,48877.4
55792.94,49015.62,56476.66,48390.9
55103.83,48526.906,55973.28,47836.832
54210.46,47996.938,55130.87,47353.01
53509.52,47364.234,54495.05,46947.188
53568.64,46745.29,53898.32,46652.355
53392.18,46375.652,53618.46,46365.816
53198.37,46156.47,53075.74,46145.08
53111.16,46030.11,52569.03,45970.117
53658.84,47755.266,52675.39,45874.016
53491.13,47945.75,53256.78,46963.19
52780.79,48008.367,53182.34,46540.89
51747.07,47903.793,52378.16,45964.055
50732.25,47488.16,51364.3,45320.844
49663.8,46946.266,50053.42,44507.637
48874.69,46411.836,49481.44,43824.727
48873.9,45829.992,48523.64,43169.79
48571.93,45220.086,47598.26,42578.1
48241.73,44839.04,46780.84,41899.35
47548.02,44469.79,46347.75,41458.453
47276.76,43963.125,45858.06,41027.83
46614.01,43282.133,44975.51,40618.38
46593.22,43347.477,44254.18,40431.17
46008.62,43393.516,43831.58,40188.97
45875.11,43452.43,43722.95,40053.4
45695.35,43638.797,43570.14,39984.855
45614.46,43875.77,43720.07,39977.977
45775.38,44098.344,43705.5,39930.51
46387.66,44403.93,43672.29,39921.508
46462.3,44779.27,43455.14,39951.688
45997.63,45107.676,43500.12,40023.547
46558.53,45402.18,43624.41,40084.992
47154.52,45749.4,43911.24,40170.945
47881.8,46041.863,44332.68,40289.992
48105.43,46503.746,44946.46,40506.28
48568.26,47010.883,45655.13,40744.668
49412.74,47511.26,46244.01,41104.75
50798.51,48155.555,46895.62,41625.062
52068.0,49134.34,48587.42,42307.652
53230.27,50288.645,49143.49,43169.72
54675.19,51595.39,50380.16,44303.125
57516.93,53490.324,52213.7,45923.24
60144.93,55716.195,56410.63,48035.758
62179.19,58109.96,58976.48,50460.27
63889.39,60476.668,60757.39,52656.6
66741.11,64447.484,62717.78,54295.152
68409.71,66261.12,65062.94,56417.285
69866.32,67669.88,66602.49,57535.06
70384.74,68733.19,67808.69,58831.043
70749.06,69713.84,68722.54,59940.316
71218.91,70283.61,69676.45,60796.062
71324.12,70597.81,69804.86,61551.39
71187.86,70747.41,69840.01,62193.81
70742.55,70650.28,69933.69,62638.406
70943.68,70563.95,69905.24,62301.508
70896.62,70460.04,70209.06,62495.746
71312.77,70338.69,70129.94,62697.4
72027.04,69914.06,69857.8,63033.227
72148.77,69829.25,70584.1,62697.195
72390.5,69694.71,70577.82,63062.113
72429.45,69577.49,70480.76,63509.984
72132.77,69200.984,70541.59,63956.402
72240.53,69152.555,70375.42,63891.145
72359.43,69152.1,70184.84,64163.43
72251.72,69146.04,70205.43,64402.98
72217.29,68845.19,70016.07,64606.996
71600.52,68852.59,69938.08,64430.914
72466.28,68898.31,69801.68,64372.695
71845.49,68886.086,69723.31,64217.594
72421.4,68666.26,69974.28,63944.234
72312.52,68703.516,70305.2,63533.04
71823.7,68719.58,70057.3,63001.27
71045.37,68712.08,69910.54,62467.574
71355.2,68595.26,69087.85,61999.766
71368.56,68651.39,68583.25,61808.37
71185.72,68716.08,68317.2,61175.83
70623.34,68787.71,67946.99,60717.875
70537.74,68814.164,67510.79,60360.855
70162.25,68814.75,67810.82,61013.387
70142.59,68792.984,67621.42,60513.508
70121.62,68766.945,67204.25,60159.56
70322.46,68714.76,67172.34,59932.227
70920.07,68592.34,67718.39,60997.836
71394.39,68493.63,68538.79,61103.41
71968.55,68426.21,69214.21,61644.242
72647.22,68168.08,69704.04,62406.133
72985.1,68065.73,70088.45,63506.266
73098.93,67967.055,70239.04,63861.723
72948.92,67866.38,70202.05,63990.152
72639.87,67472.03,70176.13,63940.164
72378.6,67294.305,70003.15,63699.89
72317.53,67128.32,69672.85,63290.008
71713.65,66954.625,69572.5,62825.71
71228.75,66413.13,69579.05,62335.754
70359.97,66132.09,68762.59,61742.715
69715.46,65816.76,68099.38,60986.152
69113.94,65467.867,67622.04,60066.938
67789.43,64706.613,66972.19,59248.105
66538.34,64100.586,66027.58,58583.465
65822.09,63419.58,64917.62,57637.453
64632.68,62721.9,63663.11,56644.75
63686.15,61652.652,62991.64,55764.723
62522.77,60666.402,62213.6,55098.46
61415.8,59679.895,61229.13,54215.1
60586.73,58735.15,60351.62,53278.418
60358.0,58464.727,59478.58,52560.92
59163.25,56824.004,59345.43,53310.78
57911.77,55424.12,58219.47,52702.5
56825.25,54184.668,56835.43,51498.758
55810.08,53198.434,55804.97,50230.188
54907.09,52094.867,54845.4,48909.94
54207.19,51159.883,53681.57,47662.83
53996.87,50392.97,52966.12,46503.246
53120.73,49964.777,52185.02,45554.734
52909.44,49354.094,50408.03,44701.113
52798.97,48905.613,49554.71,43993.625
51858.74,48563.074,48902.02,43418.68
51011.96,48664.098,48192.57,42980.688
50577.5,48914.086,47864.85,42455.625
50175.84,48987.133,47517.78,42202.008
49771.52,48961.363,47175.58,41950.703
49026.86,49060.07,47006.64,41729.586
48912.23,49059.5,46325.08,41478.227
49048.03,49106.28,46369.51,41335.812
49325.67,49243.76,46418.11,41261.188
49566.8,49549.97,46801.19,41264.758
49431.95,49801.008,47211.49,41330.12
49662.86,50057.375,47530.74,41481.703
49776.01,50346.39,47481.26,41711.1
50805.38,50766.547,47611.98,42001.64
51259.67,51260.24,47858.48,42376.844
51529.16,51776.242,48192.03,42750.984
51840.29,52302.105,48725.78,43182.023
54072.88,53018.438,49570.02,43669.31
54614.76,53878.75,50642.49,44249.13
55276.96,54683.902,51436.95,44870.547
56742.15,55461.31,52418.58,45657.766
60002.1,56560.53,53939.48,46707.508
62139.14,57473.05,57286.84,48208.707
64228.74,58366.137,59383.25,49942.25
65900.32,59233.137,61408.59,51775.57
67438.55,63045.344,63471.14,53418.426
68403.75,64407.758,65060.38,55552.965
69162.24,65558.32,66092.99,56482.535
69603.28,66516.79,67238.63,57587.668
69895.19,67652.02,68268.13,58577.203
70301.2,68183.69,69216.23,59375.695
70215.16,68559.62,68851.34,60027.617
70693.08,68812.68,68865.74,60549.97
70946.87,69213.57,68634.42,60936.13
71166.18,69356.96,67677.24,60630.156
71434.71,69478.87,68464.58,60685.414
71652.81,69600.23,68610.56,60854.78
71708.15,69748.8,68725.93,61153.984
71756.13,69830.38,68904.31,61060.023
71611.22,69899.79,68730.12,61385.01
71460.44,69940.414,68926.05,61772.043
71089.64,69909.82,69189.99,62163.477
71231.88,69946.46,69613.61,62296.39
71501.92,69983.46,69436.89,62494.605
71168.92,70027.836,69605.01,62648.316
71115.65,69953.91,69979.41,62771.824
70863.27,69976.58,69382.1,62649.67
70753.39,70020.22,69182.69,62314.133
70838.53,70050.805,69374.64,61920.152
71017.77,70014.92,69024.7,61476.645
70921.22,70012.89,68601.72,61074.12
70406.43,70022.016,68433.72,60424.21
70277.77,70045.914,68086.51,59800.055
70633.76,70027.88,67703.96,59276.277
70556.56,70043.625,67706.71,59179.234
70168.06,70081.04,67403.37,58665.27
70238.45,70137.0,67043.52,58311.64
69718.14,70277.875,66974.53,58043.363
69584.53,70330.8,67352.38,58498.9
69441.98,70374.26,66954.59,58118.906
69424.55,70392.06,66754.2,58001.555
70134.91,70367.664,66555.24,58113.184
70819.79,70370.91,67015.38,59113.906
72004.43,70384.65,67743.85,59563.645
72991.66,70419.71,68978.57,60378.746
74047.59,70071.62,69898.3,61237.496
74691.03,70090.47,70765.38,62199.094
74691.79,70109.09,71128.28,62522.383
74986.08,70110.98,71540.1,62623.2
74920.95,69590.17,71483.15,62560.832
74652.53,69564.3,70525.35,62364.49
74492.44,69536.555,70231.82,61937.32
74636.45,69502.31,70083.37,61451.703
73910.82,68864.58,70582.34,60973.043
73563.66,68759.414,70245.02,60380.81
73166.35,68654.625,69412.66,59499.887
72257.17,68530.37,68345.5,58498.297
70804.02,67696.71,67480.75,57525.996
69513.33,67376.914,65903.44,56796.13
68480.72,66989.36,64844.99,55708.566
67777.16,66532.39,63697.49,54627.89
66472.99,65353.773,62029.53,53722.47
65634.64,64607.258,60735.7,53182.668
64962.42,63819.363,59735.37,52261.312
64043.59,63011.176,59355.6,51339.18
62720.24,62839.617,58412.45,50522.74
61985.51,61356.176,57767.31,51306.098
60833.25,59991.406,57197.49,50627.32
59884.67,58692.652,56309.8,49299.19
58838.0,57222.4,54954.62,47931.04
57948.38,56048.8,53660.4,46744.637
56955.67,55022.117,53321.99,45587.867
56353.56,54075.38,52436.53,44550.527
55214.45,53112.32,51457.15,43733.957
55049.82,52219.05,50049.68,43142.81
54097.85,51540.594,49611.3,42629.363
53625.61,50900.32,48928.55,42203.156
53110.5,50647.383,48396.62,41869.867
52676.91,50909.22,47503.71,41779.22
52329.71,51025.8,46829.21,41417.336
52158.76,51083.844,46682.43,41163.977
51727.95,51132.234,46531.51,40914.19
51590.12,51230.6,46074.63,40809.96
51757.79,51396.855,46468.77,40635.227
52138.36,51596.805,46419.84,40525.36
52473.97,51806.21,46097.16,40493.867
52526.24,52060.285,46347.6,40660.93
52739.07,52278.457,46384.62,40825.75
53050.28,52511.24,46161.84,41084.938
53390.4,52780.656,46120.1,41422.914
53365.87,53099.29,46376.95,41946.375
54020.68,53410.332,46381.54,42377.13
54493.28,53795.01,47328.0,42882.805
55431.68,54272.113,48022.06,43452.824
55782.69,54824.074,49468.12,44277.055
56652.97,55340.0,49742.52,44954.375
58309.51,55894.24,50673.89,45809.875
61116.28,56738.195,52522.35,46948.8
63075.84,57474.492,56923.28,48728.65
64830.88,58239.95,59316.16,50493.79
66774.48,59045.664,61245.39,52260.348
69496.09,62851.914,62787.4,53771.914
70746.15,64702.184,65031.21,56101.45
71453.56,66284.266,66146.2,56926.168
72112.14,67555.89,66935.03,57888.293
72988.71,68915.445,67615.23,58816.727
72977.51,69551.125,68220.72,59718.637
73142.63,69974.82,68185.76,60356.332
73189.29,70223.87,68219.86,60869.715
72860.93,70510.766,68427.94,61270.984
73041.77,70555.3,68436.62,61203.63
73351.69,70564.02,68365.97,61449.312
73256.21,70543.586,68657.48,61783.004
73346.07,70583.28,69049.16,62102.473
73554.88,70569.11,68770.88,62002.137
73642.07,70556.836,68670.62,62367.453
73810.97,70547.41,68714.93,62784.39
73907.24,70602.22,68896.4,63178.414
73974.43,70605.2,69060.86,63313.816
74029.23,70599.75,69106.13,63517.195
73881.52,70604.39,69190.88,63663.168
73588.68,70610.25,68938.5,63734.164
73347.7,70591.84,68405.69,63685.492
73265.1,70593.2,68089.78,63477.59
73125.25,70579.49,67959.89,63249.69
73563.3,70515.82,67890.11,62967.918
73352.19,70490.11,67543.32,62791.996
72913.85,70475.52,67148.34,62327.227
72234.48,70479.46,66942.16,61902.082
72861.3,70413.71,66345.54,61464.594
72563.39,70401.12,66401.82,61550.777
72496.52,70411.625,66334.58,61026.15
72360.09,70429.28,66206.53,60562.555
72590.12,70360.89,66150.24,60099.26
72350.46,70356.445,65594.78,61125.2
72601.18,70362.23,65254.43,60620.24
72419.38,70367.734,65117.53,60352.78
72759.92,70249.85,64955.63,60273.71
73224.61,70217.336,65093.52,61660.516
73748.6,70193.71,65602.79,61961.797
74022.39,70182.28,66322.35,62610.02
73865.88,69904.96,67452.53,63403.895
73858.22,69892.47,68896.13,64602.68
73915.24,69868.375,69397.17,64954.24
73620.61,69840.914,69770.32,65027.848
73722.06,69341.74,69650.72,64940.027
73318.56,69300.92,69296.06,64608.715
73144.0,69252.51,69226.08,64205.605
73030.75,69202.13,69084.25,63754.38
72412.52,68508.29,68655.79,63329.094
71955.46,68420.664,67922.81,62586.19
71190.91,68327.29,67312.99,61836.8
70442.23,68222.53,66768.47,61011.62
69130.91,67330.86,66438.87,60199.227
68087.4,67112.01,64923.19,59297.227
66979.71,66875.3,64312.38,58276.83
66483.62,66599.64,63573.71,57249.305
65174.87,65497.254,62529.7,56377.344
64180.58,65039.58,61339.51,55522.594
63187.77,64523.555,60491.67,54479.18
62529.57,63958.098,59688.88,53447.902
62492.92,62736.43,58642.25,52554.758
62069.81,61631.562,58075.66,53040.26
60713.3,60566.996,57022.55,52197.86
59353.71,59469.703,56085.12,50886.56
58190.27,58059.82,54998.49,49604.72
57150.35,57007.273,53438.94,48399.953
56322.4,56019.34,52794.94,47217.81
55653.84,55108.715,52190.88,46066.945
54688.46,54120.832,51607.6,45083.312
54259.88,53347.965,50202.94,44297.547
53724.88,52691.414,49373.7,43630.99
52815.95,52081.695,49174.14,43049.746
52391.38,50227.156,48952.26,42577.695
52057.66,50334.695,48397.6,42399.71
52042.37,50253.72,48176.18,42165.555
51560.07,50149.18,47959.27,41942.555
51706.22,50034.707,47669.55,41749.508
51536.6,50001.63,47118.39,41622.66
51300.21,49992.19,47013.13,41501.406
51318.1,50012.75,47256.53,41441.844
50756.62,50118.047,47358.57,41457.29
50836.85,50256.1,47596.09,41609.027
51251.21,50494.793,47551.89,41757.85
51335.16,50852.133,47933.08,41989.875
51329.49,51334.223,48112.15,42283.76
51671.83,51819.156,48473.16,42753.89
52059.74,52361.312,48908.32,43146.258
52641.67,52958.957,49367.15,43605.664
54378.55,53754.98,49826.29,44120.2
55181.71,54565.344,50812.3,44852.902
56127.94,55344.715,51322.47,45483.336
57768.77,56109.746,51975.51,46237.938
60527.89,57219.727,53728.75,47190.125
62931.78,58023.77,56967.61,48627.312
64831.78,58783.973,58545.5,50236.684
66602.96,59533.71,60240.43,52044.773
68696.53,63119.93,62234.1,53689.387
69920.07,64427.473,64383.96,55646.137
70902.85,65595.164,65325.97,56629.45
71675.81,66622.69,66377.72,57808.42
72093.2,67850.52,67158.39,58813.227
72342.69,68540.01,67815.42,59639.11
72645.94,69048.42,67877.62,60358.61
72669.7,69437.445,67801.73,60903.457
72239.3,69870.23,67826.43,61281.27
72545.68,70009.34,68172.69,61247.383
72997.85,70110.67,68338.18,61460.246
73109.79,70186.125,68489.2,61765.324
72800.82,70329.11,68530.45,62132.465
72838.06,70350.234,67820.95,62106.586
73099.72,70360.47,67442.27,62448.008
73228.78,70367.33,67372.43,62835.527
73871.8,70415.39,67488.62,63205.434
74193.25,70409.02,66824.02,63187.54
73794.57,70403.2,66631.13,63371.2
73459.79,70415.22,66714.08,63516.57
73369.91,70429.73,66448.34,63582.766
73575.9,70437.24,66129.49,63393.277
73618.06,70446.58,66003.25,63140.137
73297.53,70443.13,65871.84,62891.617
73332.71,70401.3,65579.15,62604.086
73223.18,70392.06,66282.51,62264.05
72769.74,70405.99,65715.92,61697.223
72387.25,70415.99,65264.41,61172.88
72045.56,70377.83,64922.98,60657.527
71816.09,70382.016,65373.88,60623.33
71619.95,70390.21,65024.27,60004.52
71288.43,70422.9,64619.15,59511.816
71473.21,70480.21,64373.32,59059.805
71143.03,70500.266,64598.78,59697.656
71097.54,70521.695,64326.35,59189.125
70909.36,70533.88,64609.04,58897.07
71375.76,70506.875,64876.82,58843.81
71944.42,70471.914,65330.9,60065.062
72521.93,70457.305,65724.55,60296.492
73459.33,70450.21,66817.96,60901.293
73438.62,70200.09,67725.13,61685.324
73190.55,70210.164,67570.11,62863.33
73251.28,70243.195,67891.33,63217.656
73401.52,70287.08,68085.62,63334.06
73632.15,69972.75,68170.34,63265.484
73539.57,70049.1,67680.98,63190.656
73667.48,70100.555,67448.09,62762.79
73484.0,70117.42,67369.87,62317.44
73572.37,69694.305,67145.36,61886.254
72912.0,69667.2,66763.4,61437.973
72274.33,69610.664,65567.82,60711.21
71378.23,69526.23,65037.39,59851.99
70372.62,68863.016,64718.2,59016.812
69622.29,68602.695,63028.08,58314.45
68700.62,68267.33,61572.79,57291.414
67537.72,67851.74,60714.86,56340.86
66276.7,66683.1,59684.69,55550.508
65594.7,65930.37,58410.51,55051.516
65015.34,65135.18,57673.85,54228.81
64348.47,64338.58,57332.41,53399.734
62987.98,63154.4,56243.76,52747.67
62149.93,61951.652,55640.8,53328.2
61328.17,60857.562,55087.82,52537.797
60559.34,59807.5,53958.26,51319.39
58855.73,58502.87,52934.38,50150.047
57807.29,57474.707,52213.14,49102.99
57029.41,56528.258,51272.48,48019.305
56472.46,55655.004,50086.65,46949.426
54292.08,54656.64,49005.87,45993.777
53862.76,53605.004,47778.64,45137.652
53829.19,52774.348,47340.3,44379.18
52966.92,52173.38,46609.41,43697.586
52182.91,50812.43,46343.78,43138.516
51886.75,50893.36,46164.7,42126.895
51729.4,50866.027,45952.16,41888.25
51569.85,50815.016,45840.27,41657.0
50732.66,50766.523,45315.96,41453.773
50439.41,50712.98,45027.04,41366.656
50731.07,50709.953,44598.63,41231.06
50887.84,50785.2,44551.07,41161.0
51080.69,50908.05,44535.15,41161.805
51120.25,51121.086,45094.5,41319.08
51532.15,51373.652,45115.14,41445.773
51880.54,51704.332,45650.22,41647.477
52294.69,52118.793,45727.98,41909.77
52335.2,52577.656,46072.53,42346.87
52583.16,53031.24,46321.49,42697.547
52610.88,53509.906,46779.89,43102.57
54027.08,54089.668,47440.21,43571.188
54774.59,54772.754,48543.94,44248.21
55530.26,55453.79,49208.86,44847.125
57438.07,56147.504,50083.4,45597.203
59859.89,57260.33,52089.84,46572.117
62351.89,58199.55,54399.38,47960.902
63445.94,59106.527,55849.25,49467.703
65283.59,59998.746,56952.97,51091.727
68383.39,64515.145,58596.66,52541.082
69916.04,65958.71,60473.78,54249.79
70482.59,67211.49,61871.79,55187.953
71178.68,68215.14,62891.25,56307.39
72253.01,69393.72,63504.63,57322.445
72750.87,69964.07,64122.56,58155.324
72858.3,70354.14,64269.57,58823.195
73195.7,70583.586,64304.9,59310.08
72960.05,70854.29,64304.85,59635.324
72841.62,70913.766,64249.04,59632.344
73088.27,70934.586,64396.85,59826.49
73166.65,70938.086,64566.91,60121.062
73619.82,70976.9,65039.12,60494.598
73620.35,70939.32,64767.6,60698.035
73701.86,70890.04,64177.63,60953.22
73606.99,70836.51,64019.41,61285.48
73622.19,70802.39,64017.09,61587.316
73487.24,70722.83,63827.15,61755.656
73426.86,70626.77,63968.65,61808.598
72858.43,70520.555,64053.38,61837.52
72007.9,70425.195,63830.85,61754.215
71615.39,70316.555,64027.18,61584.082
71392.95,70195.64,63928.04,61075.723
71007.34,70114.86,63614.71,60538.027
70803.21,70002.22,63347.67,60043.06
70201.4,69939.17,62931.84,59776.727
70092.05,69887.0,62397.55,59142.598
68992.3,69827.234,61988.89,58630.08
68730.68,69765.44,61639.74,58212.82
68466.38,69725.82,61884.64,58388.414
68273.47,69719.875,61218.91,57960.832
68196.29,69729.125,60892.97,57697.008
67983.24,69763.34,60779.25,57513.168
67605.53,69754.73,61074.74,58042.31
67873.57,69736.25,60239.45,57777.0
67955.8,69702.04,60427.77,57756.31
68324.55,69446.22,60596.26,57901.355
68915.84,69378.15,61198.91,58904.207
69715.82,69340.875,61487.08,59343.4
70338.14,69301.3,62223.82,59990.89
70487.98,68813.484,62761.88,60604.348
70382.83,68770.22,63419.98,61463.47
70069.72,68714.46,62998.99,61569.18
70041.06,68648.945,63003.45,61476.58
69401.39,67966.77,63134.59,61297.41
69037.01,67842.74,62747.96,61095.58
68875.48,67710.41,62221.69,60553.746
68560.68,67558.89,62022.67,59936.18
68103.49,66636.305,61427.37,59332.867
67330.54,66387.16,60733.84,58704.55
66393.5,66107.43,60345.18,57763.824
65914.96,65784.56,59392.96,56793.465
65025.93,64581.688,58839.14,55989.016
63889.67,64087.6,57410.65,55331.95
62871.37,63553.83,56476.98,54450.67
62301.4,62993.242,55559.49,53622.836
61609.54,61756.953,54744.18,52969.855
61162.97,61107.918,54009.36,52429.598
60454.14,60482.47,53424.48,51754.68
59671.62,59879.92,53087.06,51088.887
59055.96,58941.01,52418.23,50511.395
58034.58,57838.04,52152.75,50738.258
57297.58,56908.492,51714.61,50170.766
56163.2,56060.312,50825.55,49065.582
55218.23,55029.062,49959.58,47916.906
54332.45,54202.258,48690.81,46805.137
53736.07,53433.49,47648.44,45726.06
52987.71,52759.32,46729.05,44697.652
51230.88,51961.652,45528.73,43827.023
50330.78,51238.836,44483.64,43060.93
49769.06,50612.797,44073.1,42468.95
49380.97,50127.08,43495.72,41962.402
48489.3,47846.773,43098.13,41548.062
48158.91,47800.67,42650.95,41455.08
47901.93,47717.66,41881.28,40968.83
47582.61,47548.29,41818.43,40447.54
46948.59,47316.066,41708.39,39965.258
46469.86,47054.88,41506.66,39673.61
46568.67,46805.816,40954.79,39450.145
46673.77,46639.445,40824.41,39341.82
46549.94,46526.832,40722.28,39304.914
46310.96,46477.188,40118.51,39384.22
46427.4,46477.082,40278.45,39407.465
46711.69,46560.383,40564.51,39428.043
47303.06,46767.652,40609.34,39439.664
47736.71,47059.83,40991.58,39542.36
47384.51,47397.773,40964.01,39544.836
47440.16,47694.824,40896.74,39557.78
47833.75,48011.36,41459.34,39587.17
47730.35,48350.754,42274.23,39752.785
47632.77,48651.516,42221.6,39838.684
47800.41,48924.008,42739.24,39983.074
47745.28,49220.3,42559.36,40180.207
48210.99,49483.395,43207.09,40560.883
48146.51,49769.984,43627.14,40859.78
48935.78,50013.023,43906.82,41192.863
50630.32,51974.29,44256.53,41544.15
51159.54,52433.75,45334.82,43468.484
52021.92,52868.156,46210.3,44099.465
52964.36,53341.652,47312.93,44860.844
54053.11,53948.63,48087.18,45623.156
55027.62,54524.91,49679.84,46645.836
55686.68,55118.785,50539.4,47514.902
56585.2,55666.047,51414.69,48406.086
57361.01,56264.445,52103.71,49303.95
57860.68,56697.05,53617.07,50320.65
58576.91,57025.26,54067.44,51150.285
59267.51,57291.305,55066.14,51883.555
59827.87,57615.633,55423.55,52532.227
60110.24,57750.152,55374.13,53197.16
60230.67,57840.367,55500.95,53656.203
60478.94,57899.676,55345.02,54089.17
61158.95,58059.312,55281.27,54488.758
61659.67,58041.395,54817.31,54987.45
61872.05,58030.812,55388.0,55227.367
62020.15,58033.902,56231.89,55407.008
61596.7,58154.406,56302.7,55479.26
61516.3,58070.78,56648.77,55630.555
60926.08,57927.203,56364.14,55353.82
60280.39,57741.227,56364.43,55031.93
59824.61,57808.066,56041.8,54634.06
59770.54,57670.793,55592.42,54591.71
60040.17,57529.484,54981.3,54100.895
59607.92,57429.684,54529.99,53629.598
59157.65,57608.363,54284.95,53223.676
58622.42,57425.914,54157.54,53431.438
58418.35,57260.023,53978.97,53056.508
57994.96,57102.727,53503.12,52794.996
57973.67,57354.453,53409.36,52580.668
57862.55,57259.324,54181.37,53196.996
58240.51,57207.598,54295.95,52952.887
58353.54,57204.574,54532.93,52826.35
58689.83,57438.043,54527.63,52810.414
59456.75,57448.715,54919.15,54007.9
60539.86,57615.69,55835.27,54490.72
60905.48,57808.24,56794.23,55341.207
61715.54,58172.51,57719.67,56247.9
62368.13,58299.008,57828.89,57687.844
62501.79,58430.914,58218.45,58035.74
62826.78,58507.047,58710.01,58183.637
62465.5,58631.06,59131.78,58202.977
61825.96,58502.836,58941.51,58308.2
61528.65,58342.707,58586.39,57943.297
61088.53,58160.28,58400.42,57567.312
60531.56,57996.85,57986.19,57191.996
60014.96,57729.277,57253.64,56667.633
59386.41,57439.82,56518.36,55987.8
58524.39,57117.035,56029.99,55314.21
57280.71,56673.38,55533.39,54661.086
56215.53,56044.09,54914.15,53625.305
55024.85,55269.777,53854.58,52621.156
54313.84,54306.723,52877.07,51697.09
53993.0,53351.49,52119.13,50948.164
53458.35,52556.11,51655.29,49957.477
53475.92,51817.586,51211.97,49424.71
53048.94,51293.453,50490.94,48976.043
53602.08,50773.8,49889.09,48576.887
53120.49,50597.668,50170.33,49858.305
52589.4,50229.312,49698.21,49273.516
51730.34,49800.7,48861.63,48554.5
50719.76,49317.613,47943.59,47727.492
49871.4,48808.426,47156.9,46513.848
49743.33,48374.617,46386.49,45610.848
49083.9,48116.74,45827.99,44766.453
47291.07,47872.387,45198.13,44027.574
46404.28,47495.88,44741.25,42984.83
45784.49,47143.49,44043.95,42351.746
45250.67,46825.9,43695.45,41789.652
44552.76,44256.207,43292.75,41284.406
43660.13,44206.95,42646.05,40644.57
43192.9,44176.84,42044.95,40150.992
42819.05,44143.95,41778.32,39754.566
42515.92,44071.777,41483.95,39409.53
42031.0,44004.85,41348.79,39151.477
41746.31,43934.215,41572.01,38903.586
42079.66,43872.246,41615.8,38701.684
42053.03,43824.85,41225.75,38539.02
42320.55,43827.637,40696.38,38457.28
42086.72,43858.266,40484.68,38346.65
42110.58,43884.027,40269.95,38280.82
42229.21,43849.516,40398.89,38261.29
42313.93,43884.758,40677.46,38309.234
42975.1,43932.473,40618.15,38277.137
43610.75,44038.47,40813.62,38220.85
43335.08,44160.664,40771.59,38131.293
42717.64,44293.562,40844.09,38094.926
42568.51,44346.37,40815.02,37945.594
43052.44,44246.703,40642.92,37807.934
43262.33,44188.93,40462.66,37673.445
43595.2,44250.14,39817.73,37686.258
43252.63,44393.098,39976.32,37646.6
43709.11,44482.68,40036.36,37671.703
44899.04,46549.047,40287.29,37751.777
45403.77,46390.164,40649.85,39160.527
46363.66,46493.312,41085.04,39568.61
47070.34,46744.832,41756.02,40110.293
48065.17,47241.1,42584.93,40707.844
48634.84,47659.51,44471.18,41571.062
49444.01,48139.36,45028.11,42275.527
50107.34,48668.453,45452.3,43076.848
51073.44,49362.25,46351.12,43969.758
51406.27,49850.992,47231.34,45090.25
52344.29,50317.82,48018.11,46011.844
52693.36,50785.504,48721.26,46874.387
52844.55,51281.977,49136.72,47670.777
53443.58,51500.242,49247.53,48519.387
54190.9,51794.56,49440.66,49195.914
55076.12,52161.477,49905.59,49855.266
55123.58,52636.555,50590.77,50585.49
55972.11,52882.633,51823.19,51427.54
56409.58,53102.055,52597.96,51983.215
56457.49,53289.18,53022.26,52323.82
56680.83,53660.688,53278.0,52471.18
56060.66,53649.055,54012.19,52555.777
55743.77,53515.47,53885.3,52254.816
55522.63,53350.254,53547.34,51829.438
55000.23,53453.71,53156.8,51368.2
54231.38,53232.504,52676.44,51123.92
54012.57,52965.8,52116.73,50591.688
53588.25,52792.9,51692.22,50113.496
53128.17,52956.543,51362.26,49711.914
52759.46,52748.523,50667.22,49631.57
52882.25,52592.344,50277.21,49281.78
52514.28,52539.93,49970.07,49031.82
52291.16,52732.71,49665.64,48834.633
52155.93,52606.848,49844.29,48951.285
52663.37,52509.312,49553.66,48796.67
53113.06,52552.418,49562.59,48775.434
54040.23,52820.473,50151.86,48902.19
54426.5,53035.08,51414.59,49512.89
55638.93,53246.43,52102.22,50049.043
56884.81,53625.234,52882.47,50801.543
58423.08,54371.89,53572.22,51550.895
58490.71,54879.387,53879.29,52432.94
58459.49,55132.65,53853.86,52786.137
58980.99,55245.15,54325.17,53024.848
59056.72,55628.95,54526.99,53110.453
58763.87,55640.06,54496.97,53002.043
58596.3,55566.36,54462.37,52610.5
58182.43,55473.477,54334.9,52214.52
57789.65,55500.875,54308.31,51809.03
57333.04,55273.445,53966.95,51022.84
56754.36,55016.266,53353.26,50318.746
56476.66,54712.613,53122.09,49743.895
55973.28,54521.035,52552.26,49291.016
55130.87,54154.582,52182.78,48542.07
54495.05,53673.15,51523.34,48106.242
53898.32,53216.613,50628.74,47765.395
53618.46,52710.594,50263.8,47510.676
53075.74,52281.668,49897.0,47014.26
52569.03,51870.03,49509.71,46791.945
52675.39,51422.883,49149.21,46617.297
53256.78,50965.746,49202.79,46496.363
53182.34,50827.734,49904.49,47492.434
52378.16,50622.234,49372.37,46959.32
51364.3,50259.69,48376.52,46294.727
50053.42,49889.758,47863.5,45566.71
49481.44,49352.418,46781.48,44522.137
48523.64,48982.066,45932.38,43765.113
47598.26,48679.113,45012.2,43038.61
46780.84,48487.84,44607.99,42385.484
46347.75,48134.39,43660.75,41542.617
45858.06,47799.844,43079.49,41034.953
44975.51,47451.22,42752.15,40587.477
44254.18,45369.656,42001.34,40177.402
43831.58,45172.57,41090.24,38586.12
43722.95,45018.387,40462.07,38236.46
43570.14,44920.383,40219.82,37998.32
43720.07,44891.594,40152.73,37837.383
43705.5,44933.477,39543.25,37755.07
43672.29,45031.445,39386.47,37672.117
43455.14,45190.527,39334.33,37628.28
43500.12,45368.6,39250.07,37624.035
43624.41,45644.03,39184.24,37699.758
43911.24,45963.61,39395.38,37775.266
44332.68,46324.66,39786.08,37887.867
44946.46,46699.13,39713.98,38049.215
45655.13,47148.863,40260.13,38327.01
46244.01,47611.75,40758.76,38627.234
46895.62,48090.03,41269.16,39013.035
48587.42,48579.26,41693.67,39484.168
49143.49,49284.418,43110.23,40111.016
50380.16,50029.703,43347.97,40794.082
52213.7,50974.26,43787.99,41644.086
56410.63,52373.76,43916.07,42706.93
58976.48,54512.105,45226.24,44061.15
60757.39,56605.406,45887.53,45546.83
62717.78,58384.938,46494.0,47119.08
65062.94,62420.88,47406.75,48630.176
66602.49,64293.375,49017.75,50116.74
67808.69,65763.19,50014.26,51198.43
68722.54,66955.914,51037.01,52542.938
69676.45,68189.61,52098.64,53795.098
69804.86,68935.49,52909.72,54828.992
69840.01,69473.9,53370.43,55784.973
69933.69,69854.945,53878.04,56594.188
69905.24,70010.36,54066.94,57273.914
70209.06,70116.68,54060.55,57640.44
70129.94,70156.766,54361.11,58030.953
69857.8,70201.78,54794.06,58441.914
70584.1,69907.664,55361.9,58873.6
70577.82,69943.805,55454.26,59129.1
70480.76,69973.83,55375.54,59572.1
70541.59,70009.45,55268.12,60122.363
70375.42,69693.23,55604.39,60692.336
70184.84,69695.2,56518.52,61079.65
70205.43,69698.51,57086.43,61455.598
70016.07,69689.61,57648.67,61811.246
69938.08,69394.7,57805.26,62099.805
69801.68,69403.086,57896.23,62248.137
69723.31,69427.84,57707.9,62202.18
69974.28,69435.63,57614.22,62081.39
70305.2,69164.52,57182.92,61901.113
70057.3,69154.766,57042.23,61691.24
69910.54,69159.12,56747.11,61189.395
69087.85,69169.33,56341.04,60722.746
68583.25,68995.88,56148.69,60279.71
68317.2,69003.55,56056.53,60136.94
67946.99,69035.19,55837.67,59603.203
67510.79,69082.83,55624.92,59202.883
67810.82,69107.47,55809.64,58891.97
67621.42,69087.96,55855.79,59234.395
67204.25,69068.92,55446.72,58828.914
67172.34,69031.52,55094.79,58489.945
67718.39,69020.305,55247.23,58233.992
68538.79,68918.984,55545.01,58964.004
69214.21,68825.336,55953.16,59112.74
69704.04,68757.055,57011.75,59674.016
70088.45,68397.46,57994.21,60426.84
70239.04,68289.625,58627.87,61474.406
70202.05,68207.92,58751.75,61721.22
70176.13,68126.266,58799.57,61781.92
70003.15,67599.07,58781.28,61701.19
69672.85,67438.555,58790.23,61626.113
69572.5,67293.125,58646.0,61155.71
69579.05,67137.414,58581.18,60655.266
68762.59,66492.23,58077.8,60155.46
68099.38,66232.53,57133.7,59774.066
67622.04,65925.05,56376.47,58933.21
66972.19,65628.48,55826.48,57983.605
66027.58,64740.312,55185.12,57076.707
64917.62,64160.324,54195.34,56477.24
63663.11,63483.715,53034.62,55404.055
62991.64,62718.086,52322.24,54381.723
62213.6,61428.793,51658.7,53527.61
61229.13,60435.367,51399.75,53032.098
60351.62,59461.4,50663.86,52124.273
59478.58,58553.664,49911.58,51263.062
59345.43,58055.58,49834.54,50519.85
58219.47,56727.766,50050.58,51600.86
56835.43,55682.516,49562.5,50872.66
55804.97,54701.47,48709.35,49605.57
54845.4,53759.363,47687.27,48343.87
53681.57,52801.25,46235.6,47222.04
52966.12,51944.383,44882.59,46063.277
52185.02,51244.79,44102.42,45017.066
50408.03,50655.82,43642.44,44169.945
49554.71,49921.42,41827.01,43512.71
48902.02,49332.664,41119.63,42928.695
48192.57,48852.28,40650.36,42437.21
47864.85,47737.5,39821.91,42042.57
47517.78,47615.25,39025.06,41849.086
47175.58,47442.94,38768.86,41585.836
47006.64,47212.266,38073.58,41305.844
46325.08,46940.42,37990.25,41053.0
46369.51,46722.93,38596.08,40828.375
46418.11,46595.48,38619.68,40695.82
46801.19,46556.938,38535.2,40614.004
47211.49,46638.96,38335.62,40601.83
47530.74,46833.953,38347.72,40712.473
47481.26,47100.793,38237.61,40845.754
47611.98,47390.883,38229.66,41054.234
47858.48,47751.52,38536.42,41305.82
48192.03,48156.484,39492.35,41728.203
48725.78,48614.01,39295.71,42047.383
49570.02,49165.086,39387.66,42421.273
50642.49,49905.957,39520.42,42837.844
51436.95,50852.707,40123.34,43519.082
52418.58,51914.137,39978.46,44011.164
53939.48,53091.535,40147.26,44636.414
57286.84,54696.15,40321.17,45452.824
59383.25,56262.57,40787.04,46710.67
61408.59,57603.156,40625.59,48057.406
63471.14,58764.523,40807.91,49672.613
65060.38,63399.105,41342.34,51254.965
66092.99,64893.062,42510.41,52631.953
67238.63,66125.89,43296.93,53725.75
68268.13,67184.09,43839.28,55009.246
69216.23,68368.336,45005.79,56168.926
68851.34,68996.61,45906.88,57148.61
68865.74,69441.47,46373.48,58017.77
68634.42,69724.055,47362.5,58730.406
67677.24,69693.43,48130.76,59293.426
68464.58,69631.22,48908.68,59413.496
68610.56,69584.59,49485.66,59742.44
68725.93,69583.84,50232.88,60116.992
68904.31,69261.36,51305.53,60522.42
68730.12,69219.76,52513.19,60688.1
68926.05,69183.75,52886.81,61104.84
69189.99,69163.445,53127.32,61575.6
69613.61,68951.03,53573.81,62034.297
69436.89,68920.49,54100.13,62271.918
69605.01,68903.21,54407.73,62527.28
69979.41,68874.086,54211.27,62759.445
69382.1,68646.06,53854.54,62891.0
69182.69,68608.44,53811.7,62856.156
69374.64,68571.195,53554.42,62714.086
69024.7,68542.875,53670.06,62519.43
68601.72,68281.12,53242.54,62269.895
68433.72,68207.234,52965.63,61994.977
68086.51,68180.44,52669.97,61487.91
67703.96,68171.234,52539.2,61069.04
67706.71,67996.73,52415.22,60708.926
67403.37,67981.4,51695.33,60579.85
67043.52,67982.05,50910.76,60083.02
66974.53,67998.336,50740.9,59720.566
67352.38,68019.41,49950.26,59450.234
66954.59,67981.734,49670.15,59658.926
66754.2,67951.38,49278.2,59245.957
66555.24,67913.06,49284.9,58953.383
67015.38,67770.65,49685.89,58824.03
67743.85,67581.77,49774.39,59505.527
68978.57,67444.9,50040.54,59812.438
69898.3,67358.336,50729.67,60482.297
70765.38,66985.39,51309.08,61174.43
71128.28,66866.21,52049.02,62044.52
71540.1,66775.8,52608.11,62170.95
71483.15,66692.45,52493.56,62128.668
70525.35,66288.34,52077.04,61997.08
70231.82,66039.43,52291.6,61929.656
70083.37,65808.79,51666.65,61475.21
70582.34,65597.1,51172.81,60989.73
70245.02,65075.875,50472.45,60532.234
69412.66,64677.61,49766.9,60187.797
68345.5,64204.848,48765.97,59418.254
67480.75,63694.203,48295.94,58538.05
65903.44,62865.297,47797.07,57678.43
64844.99,61916.242,46791.54,57065.43
63697.49,60964.68,46081.54,55981.83
62029.53,60013.703,46007.62,54939.906
60735.7,58958.984,45688.26,54087.203
59735.37,57789.246,45643.17,53551.535
59355.6,56797.69,45588.37,52651.137
58412.45,55937.035,45432.9,51762.465
57767.31,55385.836,45030.04,51017.47
57197.49,53833.51,45090.02,52010.49
56309.8,52727.35,45028.22,51229.71
54954.62,51757.426,44690.81,49906.04
53660.4,51042.945,44275.55,48601.555
53321.99,50067.55,43645.88,47437.836
52436.53,49365.965,43004.2,46263.508
51457.15,48781.355,42326.18,45146.223
50049.68,48456.94,41830.89,44197.938
49611.3,47891.098,41337.23,43464.22
48928.55,47506.36,40826.37,42807.734
48396.62,47177.29,40336.19,42246.29
47503.71,46955.645,39742.75,41800.86
46829.21,47020.93,39074.88,39712.246
46682.43,46982.492,38383.92,39335.9
46531.51,46883.28,37856.74,39046.434
46074.63,46907.91,37574.65,38832.04
46468.77,46887.516,37247.42,38715.38
46419.84,46986.01,37012.17,38593.92
46097.16,47162.23,36747.16,38468.473
46347.6,47460.82,36736.89,38380.613
46384.62,47725.09,36783.95,38385.227
46161.84,47973.05,36643.98,38276.547
46120.1,48173.17,36636.79,38176.66
46376.95,48453.35,36481.64,38076.42
46381.54,48660.008,36384.25,38017.28
47328.0,48851.65,36411.64,37901.07
48022.06,49160.91,36782.67,37794.914
49468.12,49720.07,36876.57,37685.5
49742.52,50375.19,37166.42,37682.05
50673.89,51027.332,36978.69,37595.133
52522.35,51819.773,37075.6,37476.453
56923.28,53260.766,37090.32,37412.07
59316.16,55089.016,37016.75,37436.527
61245.39,56636.08,36891.52,37398.035
62787.4,57853.867,36809.33,37368.535
65031.21,62295.402,37378.42,37392.4
66146.2,63874.43,38047.9,38582.71
66935.03,65221.586,38288.62,38869.83
67615.23,66319.34,38714.0,39358.375
68220.72,67642.78,39485.5,39935.344
68185.76,68375.195,40737.01,40720.805
68219.86,68914.34,41598.77,41399.0
68427.94,69270.586,42229.48,42083.25
68436.62,69599.44,43255.71,42759.117
68365.97,69713.766,44936.81,43562.68
68657.48,69782.445,46133.85,44208.46
69049.16,69801.53,46604.72,44832.67
68770.88,69793.63,47288.15,45409.89
68670.62,69782.9,48033.63,46107.02
68714.93,69767.95,48770.92,46629.906
68896.4,69719.01,49197.05,47153.113
69060.86,69663.836,49641.65,47676.96
69106.13,69618.695,50070.25,48353.523
69190.88,69580.14,50864.69,48814.816
68938.5,69541.53,51117.28,49230.953
68405.69,69440.45,51140.05,49533.836
68089.78,69373.95,51201.71,49916.793
67959.89,69303.664,50740.2,49888.473
67890.11,69228.49,50306.08,49649.836
67543.32,69040.15,49799.26,49234.13
67148.34,68940.26,48317.85,48938.18
66942.16,68848.24,47865.63,48289.0
66345.54,68754.81,47491.49,47694.156
66401.82,68547.445,47291.08,47141.188
66334.58,68411.42,46817.75,46919.824
66206.53,68303.87,46411.68,46442.01
66150.24,68219.086,46166.43,46022.0
65594.78,68451.86,45872.49,45711.547
65254.43,68403.73,45923.08,45718.746
65117.53,68362.625,45839.73,45464.56
64955.63,68315.766,45418.02,45401.895
65093.52,68504.22,45007.66,45482.523
65602.79,68368.31,44822.68,45983.72
66322.35,68227.61,45042.53,46348.082
67452.53,68103.984,45629.34,46956.992
68896.13,67874.71,46447.6,47745.176
69397.17,67742.28,47277.51,48943.12
69770.32,67628.94,47355.37,49698.754
69650.72,67527.18,47834.14,50304.58
69296.06,66954.36,48055.38,50654.555
69226.08,66737.37,48460.07,51078.85
69084.25,66534.91,48278.26,50990.363
68655.79,66322.39,48305.03,50844.723
67922.81,65351.582,48144.71,50613.383
67312.99,64937.023,47887.56,50581.14
66768.47,64487.645,47432.25,50263.82
66438.87,64003.543,47258.04,49943.57
64923.19,62668.62,46859.04,49608.37
64312.38,61918.016,46395.19,49451.516
63573.71,61175.64,45651.2,49067.812
62529.7,60442.766,44925.65,48633.66
61339.51,59093.844,44906.05,48262.074
60491.67,58205.03,44516.15,47991.637
59688.88,57427.176,44507.98,47600.785
58642.25,56713.84,44299.37,47272.984
58075.66,56450.668,43968.03,46931.957
57022.55,55195.445,44451.98,46894.535
56085.12,54223.375,44285.45,46468.668
54998.49,53345.695,43730.24,45826.008
53438.94,52382.36,42986.83,45112.125
52794.94,51463.93,42968.79,44411.484
52190.88,50733.266,42501.2,43658.8
51607.6,50156.273,41616.5,43004.973
50202.94,49613.465,41073.01,42422.375
49373.7,49133.184,39412.22,41926.824
49174.14,48728.18,38800.43,41476.156
48952.26,48444.85,38305.61,41063.484
48397.6,47728.688,37903.65,40668.695
48176.18,47861.434,37512.53,39017.082
47959.27,47926.156,36987.28,38653.08
47669.55,47913.32,36713.51,38409.797
47118.39,47885.973,36423.17,38232.64
47013.13,47837.4,36633.32,38140.008
47256.53,47841.684,36280.2,37990.65
47358.57,47951.484,36244.45,37842.984
47596.09,48207.195,36171.69,37705.492
47551.89,48489.28,36065.86,37634.33
47933.08,48767.79,35896.95,37496.234
48112.15,49073.55,36003.18,37362.543
48473.16,49490.477,36037.75,37218.773
48908.32,49870.47,36787.08,37130.633
49367.15,50301.938,37171.31,36982.953
49826.29,50783.59,37055.51,36821.492
50812.3,51466.582,36871.82,36670.656
51322.47,52153.445,37208.82,36585.477
51975.51,52828.18,36966.71,36448.97
53728.75,53506.42,37003.76,36334.805
56967.61,54702.414,36753.17,36250.027
58545.5,55878.18,36862.53,36260.656
60240.43,56941.664,36859.41,36273.85
62234.1,57954.707,36618.24,36354.734
64383.96,62432.15,37025.32,36496.055
65325.97,63928.586,37772.61,37669.367
66377.72,65245.395,38217.32,37994.6
67158.39,66454.53,38690.44,38440.36
67815.42,67870.13,39420.24,38987.016
67877.62,68676.58,40351.93,39796.574
67801.73,69276.164,40711.8,40545.36
67826.43,69664.89,41205.84,41388.574
68172.69,69929.11,42092.72,42288.03
68338.18,69965.78,43332.02,43353.773
68489.2,70019.14,44077.49,44219.375
68530.45,70074.64,44619.38,44981.01
67820.95,70029.38,45041.1,45639.445
67442.27,70027.234,46020.07,46362.176
67372.43,70026.305,46420.48,46888.688
67488.62,70021.64,47173.57,47383.48
66824.02,69879.555,47617.97,47825.598
66631.13,69817.375,48203.74,48346.74
66714.08,69758.58,48606.36,48576.08
66448.34,69689.4,48946.43,48700.06
66129.49,69517.25,49252.06,48693.18
66003.25,69438.7,49476.44,48726.258
65871.84,69395.07,49205.84,48340.242
65579.15,69374.32,48671.57,47874.81
66282.51,69198.3,48081.66,47388.04
65715.92,69120.19,47822.3,47120.105
65264.41,69053.67,47388.74,46607.668
64922.98,68983.89,46917.4,46154.797
65373.88,68808.51,46517.64,45777.457
65024.27,68722.164,46266.32,45670.39
64619.15,68655.01,45943.67,45372.707
64373.32,68618.35,45763.46,45152.016
64598.78,68803.945,45587.83,44990.074
64326.35,68797.69,46086.42,45163.844
64609.04,68824.66,46073.61,45094.42
64876.82,68841.13,45863.32,45137.527
65330.9,68821.36,45858.23,45323.797
65724.55,68774.766,46634.13,46023.25
66817.96,68747.29,47101.63,46643.367
67725.13,68749.53,47909.8,47517.47
67570.11,68462.945,48622.15,48525.996
67891.33,68399.05,49037.36,49912.547
68085.62,68328.49,49286.12,50712.79
68170.34,68235.51,49444.61,51279.703
67680.98,67759.125,49532.15,51598.6
67448.09,67534.37,49357.43,52061.67
67369.87,67302.57,49220.54,51996.074
67145.36,67069.39,49128.72,51864.938
66763.4,66357.61,48901.35,51703.363
65567.82,65961.91,48891.41,51756.82
65037.39,65484.062,48369.78,51442.47
64718.2,64976.35,47872.44,51122.113
63028.08,63856.094,47524.49,50837.402
61572.79,63040.0,47058.84,50721.24
60714.86,62201.58,46597.86,50359.992
59684.69,61383.992,46182.38,50010.195
58410.51,60084.195,45766.63,49696.04
57673.85,59081.03,46368.09,49499.74
57332.41,58155.973,46243.92,49136.977
56243.76,57370.83,46133.91,48781.973
55640.8,56893.543,45964.6,48461.805
55087.82,55652.027,46775.82,48142.72
53958.26,54651.6,46343.05,47710.26
52934.38,53692.336,45814.85,47093.508
52213.14,52612.926,45038.03,46362.098
51272.48,51797.65,43931.58,45688.55
50086.65,51100.92,43048.16,44960.04
49005.87,50478.31,42179.27,44298.273
47778.64,49740.25,41490.55,43719.24
47340.3,49246.67,40534.41,43232.008
46609.41,48896.906,39934.43,42754.242
46343.78,48609.016,39764.87,42308.797
46164.7,46927.367,39318.03,41894.547
45952.16,46960.855,39047.39,42332.938
45840.27,46992.887,38575.15,41748.18
45315.96,47008.242,38289.57,41276.453
45027.04,47063.953,37989.4,40897.47
44598.63,47095.555,37953.27,40663.79
44551.07,47137.977,37843.88,40440.723
44535.15,47224.918,37696.94,40292.46
45094.5,47429.65,37668.64,40207.312
45115.14,47644.934,37714.58,40267.676
45650.22,47850.656,37720.86,40272.797
45727.98,48069.883,37755.18,40287.07
46072.53,48376.69,38004.37,40329.027
46321.49,48629.09,38342.55,40517.883
46779.89,48888.86,38543.99,40616.46
47440.21,49192.33,38945.71,40738.19
48543.94,49709.305,39149.07,40901.273
49208.86,50249.555,39521.94,41266.6
50083.4,50833.516,39900.39,41550.215
52089.84,51488.984,39990.96,41930.164
54399.38,52678.953,40363.41,42426.285
55849.25,53826.047,41486.41,43224.03
56952.97,54878.02,41865.07,44007.098
58596.66,55789.766,42663.37,44949.047
60473.78,60669.37,43577.93,45953.07
61871.79,61966.06,45186.96,47982.582
62891.25,63129.39,45937.24,48901.164
63504.63,64147.344,47024.59,49962.1
64122.56,65640.76,48146.35,50971.082
64269.57,66413.43,49269.56,51992.04
64304.9,67029.766,49672.07,52772.28
64304.85,67490.12,50302.48,53430.96
64249.04,68033.72,50901.1,53962.176
64396.85,68272.13,51723.11,54402.234
64566.91,68475.84,52444.9,54712.63
65039.12,68646.72,52995.89,55018.12
64767.6,68820.68,53182.6,55324.26
64177.63,68845.28,53730.2,55679.33
64019.41,68863.89,54025.52,55913.8
64017.09,68843.51,54119.62,56171.457
63827.15,68846.14,54126.6,56418.516
63968.65,68783.04,54247.5,56720.312
64053.38,68734.74,54518.38,56798.918
63830.85,68669.5,55038.98,56858.293
64027.18,68595.63,55231.94,56876.41
63928.04,68496.57,55417.82,56982.195
63614.71,68401.91,55362.06,56721.46
63347.67,68332.59,55163.0,56451.36
62931.84,68213.99,55149.52,56163.75
62397.55,68126.58,55427.78,56110.65
61988.89,68033.0,54789.6,55666.32
61639.74,67972.33,54397.17,55293.633
61884.64,67891.625,54053.51,54968.086
61218.91,67797.375,54159.03,55064.61
60892.97,67730.6,53868.5,54661.875
60779.25,67682.44,53869.82,54385.203
61074.74,67675.06,53650.72,54154.027
60239.45,67544.945,53814.42,54469.25
60427.77,67419.55,53540.5,54123.72
60596.26,67305.79,53707.42,53902.402
61198.91,66956.32,53948.06,53850.14
61487.08,66787.22,54044.03,54665.12
62223.82,66647.34,54519.48,55220.703
62761.88,66527.97,55463.53,56082.297
63419.98,66028.766,56495.06,56948.836
62998.99,65852.96,57041.41,58128.137
63003.45,65649.01,57272.78,58501.207
63134.59,65425.355,57399.95,58646.164
62747.96,64799.25,57634.94,58670.6
62221.69,64421.848,57287.88,58813.96
62022.67,64032.59,56922.64,58629.17
61427.37,63638.24,56560.57,58388.67
60733.84,62748.586,56276.1,58151.527
60345.18,62126.566,56140.72,57913.223
59392.96,61531.2,55209.25,57432.387
58839.14,60907.83,54912.13,56877.04
57410.65,59779.75,54484.12,56342.895
56476.98,58869.836,53268.39,55806.113
55559.49,57972.41,52341.06,55116.652
54744.18,57072.258,51342.19,54473.953
54009.36,55814.13,50361.15,53949.48
53424.48,54818.824,50133.12,53488.07
53087.06,53934.15,49769.32,52954.918
52418.23,53191.87,49267.05,52462.973
52152.75,52513.297,48835.02,52073.004
51714.61,51750.02,49073.06,52101.7
50825.55,51133.234,48469.17,51684.633
49959.58,50563.805,47711.7,51006.387
48690.81,49877.566,46893.61,50338.773
47648.44,49357.883,46311.15,49630.83
46729.05,48910.965,45746.09,48947.566
45528.73,48537.016,44803.48,48244.305
44483.64,48020.297,44204.01,47588.22
44073.1,47744.684,43312.45,46891.46
43495.72,47547.78,42692.25,46292.938
43098.13,47397.426,42029.15,45700.98
42650.95,44377.32,41814.44,45158.887
41881.28,44338.04,41198.17,45240.977
41818.43,44301.176,40857.28,44971.86
41708.39,44216.176,40641.19,44594.918
41506.66,44147.664,40557.54,44172.82
40954.79,44034.51,40463.16,43858.992
40824.41,43919.215,40412.87,43578.03
40722.28,43825.723,40375.44,43374.242
40118.51,43821.625,40118.33,43207.984
40278.45,43779.715,40089.52,43105.688
40564.51,43792.805,40121.94,42967.54
40609.34,43870.875,40260.62,42833.42
40991.58,44075.68,40333.98,42711.703
40964.01,44267.36,40725.35,42647.016
40896.74,44453.938,40881.18,42545.375
41459.34,44619.586,40936.67,42451.133
42274.23,44903.668,40988.05,42370.707
42221.6,45136.516,41207.68,42389.055
42739.24,45320.785,41095.14,42366.14
42559.36,45513.473,40996.36,42379.56
43207.09,45793.71,41057.66,42441.883
43627.14,45994.004,41120.94,42595.492
43906.82,46176.84,41347.45,42714.78
44256.53,46340.37,41339.33,42868.188
45334.82,48297.332,41682.62,43041.33
46210.3,48687.867,42831.93,44282.348
47312.93,49097.13,43342.2,44687.83
48087.18,49563.61,43901.47,45218.273
49679.84,50319.77,44929.77,45799.285
50539.4,50959.156,46110.71,46534.273
51414.69,51584.41,46630.66,47263.516
52103.71,52199.68,47198.14,48051.664
53617.07,52901.95,47918.93,48862.75
54067.44,53554.234,49208.98,49645.32
55066.14,54126.13,50020.16,50363.32
55423.55,54704.07,50660.34,50981.25
55374.13,55211.098,50961.82,51506.543
55500.95,55600.445,50403.13,51961.17
55345.02,55918.703,50489.33,52318.0
55281.27,56122.344,50811.43,52625.402
54817.31,56219.633,51023.19,52902.78
55388.0,56278.105,51025.93,53221.98
56231.89,56342.91,51364.71,53346.957
56302.7,56408.492,51719.36,53400.43
56648.77,56370.87,51750.85,53360.32
56364.14,56337.402,51642.3,53418.746
56364.43,56243.65,51526.45,53086.074
56041.8,56114.61,51402.48,52688.71
55592.42,56011.617,50974.4,52281.29
54981.3,55770.695,50834.35,52143.902
54529.99,55457.53,50460.49,51643.367
54284.95,55117.96,50087.41,51180.82
54157.54,55067.395,49899.66,50815.613
53978.97,54753.64,49424.18,50874.418
53503.12,54510.586,48936.79,50541.258
53409.36,54261.445,48784.94,50339.656
54181.37,54708.55,48958.45,50211.668
54295.95,54642.656,49710.91,50573.89
54532.93,54597.234,49686.99,50452.32
54527.63,54571.703,49836.5,50465.465
54919.15,54953.344,50197.9,50593.4
55835.27,54848.03,51081.69,51385.453
56794.23,54877.785,51847.79,51844.605
57719.67,54979.41,52902.97,52644.953
57828.89,55325.477,53989.46,53532.465
58218.45,55365.715,55220.96,54753.547
58710.01,55429.39,55536.68,55185.28
59131.78,55505.625,55865.73,55410.816
58941.51,55653.004,55985.94,55463.367
58586.39,55613.188,56044.04,55646.11
58400.42,55544.67,55794.09,55356.54
57986.19,55456.473,55661.2,55050.62
57253.64,55333.434,55282.58,54729.68
56518.36,55087.543,55067.4,54478.29
56029.99,54790.812,54285.34,53898.08
55533.39,54466.867,53913.91,53332.246
54914.15,54092.38,53283.02,52785.223
53854.58,53638.156,52544.44,52246.207
52877.07,53005.68,51588.6,51541.613
52119.13,52261.207,50757.45,50940.08
51655.29,51454.29,50083.72,50437.395
51211.97,50696.562,49692.84,49973.21
50490.94,49992.188,49299.05,49511.6
49889.09,49290.13,48859.7,49141.16
50170.33,48692.605,48483.17,48836.04
49698.21,48111.95,48739.93,49030.547
48861.63,47565.777,48352.65,48620.65
47943.59,47041.17,47718.32,48106.0
47156.9,46565.21,46862.41,47499.34
46386.49,46032.6,45613.64,46781.055
45827.99,45589.34,44946.6,46088.31
45198.13,45252.438,44327.02,45423.844
44741.25,44945.754,43679.44,44800.19
44043.95,44662.01,42966.35,44112.293
43695.45,44391.477,42367.59,43557.92
43292.75,44153.62,41883.76,43036.957
42646.05,41663.53,41323.17,42551.35
42044.95,41579.508,40490.68,42282.754
41778.32,41531.63,40098.85,41881.297
41483.95,41481.867,40092.35,41573.72
41348.79,41389.176,40126.02,41298.824
41572.01,41347.477,40039.16,41105.848
41615.8,41333.992,40197.36,40913.18
41225.75,41329.758,40107.23,40748.82
40696.38,41285.727,39955.3,40597.25
40484.68,41222.695,39704.18,40495.906
40269.95,41149.96,39544.84,40380.203
40398.89,41078.223,39535.87,40293.93
40677.46,41016.914,39205.18,40224.0
40618.15,41003.03,39181.75,40203.32
40813.62,41000.383,39315.67,40117.492
40771.59,41013.03,39500.73,40024.03
40844.09,41079.453,39300.77,39920.477
40815.02,41116.617,39395.92,39845.652
40642.92,41161.773,39226.99,39720.305
40462.66,41195.28,38963.56,39590.816
39817.73,41305.023,38774.09,39464.71
39976.32,41301.203,38259.45,39401.367
40036.36,41308.883,38168.65,39311.125
40287.29,41320.605,38333.76,39254.688
40649.85,43033.273,38326.75,39230.266
41085.04,43176.21,38634.59,40211.19
41756.02,43325.047,38838.68,40447.258
42584.93,43520.617,39316.78,40866.797
44471.18,44000.516,39833.95,41364.293
45028.11,44426.03,40893.06,42009.445
45452.3,44876.625,41504.95,42657.305
46351.12,45332.297,41982.59,43404.805
47231.34,46055.3,42653.5,44204.656
48018.11,46612.57,43720.45,45056.42
48721.26,47172.32,44557.55,45837.438
49136.72,47694.6,45222.76,46540.812
49247.53,48259.53,45558.7,47171.71
49440.66,48532.914,45443.19,47818.254
49905.59,48703.477,45874.4,48370.062
50590.77,48843.977,46163.09,48928.266
51823.19,49147.875,46647.25,49461.64
52597.96,49402.207,47075.67,49969.797
53022.26,49654.44,47978.08,50172.516
53278.0,49858.54,48817.41,50217.66
54012.19,50170.992,49169.65,50121.54
53885.3,50382.234,49765.27,50068.19
53547.34,50506.78,49658.31,49669.14
53156.8,50552.58,49329.34,49263.39
52676.44,50727.93,48642.2,48881.074
52116.73,50603.42,48207.27,48733.305
51692.22,50326.613,47567.73,48360.445
51362.26,49776.316,47447.83,48114.28
50667.22,49662.066,46942.54,47876.58
50277.21,49666.918,46633.05,47676.17
49970.07,49463.684,46401.26,47411.094
49665.64,49228.75,46195.93,47253.086
49844.29,49382.492,46016.87,47161.0
49553.66,49169.52,46634.49,47339.047
49562.59,48970.348,46541.91,47303.094
50151.86,48831.344,46662.28,47358.594
51414.59,49120.516,46844.31,47548.6
52102.22,49301.35,47934.65,48276.016
52882.47,49567.367,48697.1,48916.926
53572.22,49903.44,49650.16,49845.855
53879.29,50443.367,50695.56,50832.44
53853.86,50681.984,51904.0,52037.42
54325.17,50828.484,52349.78,52536.03
54526.99,51019.85,52426.12,52835.797
54496.97,51306.797,52648.82,52948.996
54462.37,51330.734,53096.34,53159.527
54334.9,51321.496,52981.91,52885.04
54308.31,51273.723,53045.38,52603.188
53966.95,51292.598,52707.03,52310.918
53353.26,51098.95,52605.84,52043.277
53122.09,50794.97,52161.16,51516.68
52552.26,50532.797,51854.46,51090.69
52182.78,50199.895,51149.25,50756.516
51523.34,49771.957,50926.2,50425.355
50628.74,49268.453,50040.41,50017.926
50263.8,48641.16,49330.5,49660.92
49897.0,48048.39,48925.32,49373.934
49509.71,47432.695,48402.12,49091.875
49149.21,46855.03,48262.68,48799.516
49202.79,46313.723,48231.93,48558.633
49904.49,45951.086,48552.59,48378.773
49372.37,45605.89,48836.88,49017.2
48376.52,45188.54,48225.64,48622.87
47863.5,44665.105,47524.35,48152.83
46781.48,44216.074,47211.26,47628.836
45932.38,43649.89,46296.56,46995.06
45012.2,43147.44,45411.16,46351.535
44607.99,42689.69,44909.83,45717.508
43660.75,42333.324,43967.5,45113.97
43079.49,42004.027,43331.98,44419.24
42752.15,41726.816,43487.44,43841.125
42001.34,41525.953,42871.9,43275.508
41090.24,41871.113,42413.72,42743.79
40462.07,41632.4,41684.33,42317.223
40219.82,41426.2,41278.32,41768.523
40152.73,41261.805,40963.07,41360.914
39543.25,41146.082,40626.37,41037.11
39386.47,41151.42,40373.15,40795.277
39334.33,41205.05,40063.59,40582.773
39250.07,41310.67,39808.5,40421.832
39184.24,41427.965,39859.5,40327.016
39395.38,41722.945,40212.26,40349.79
39786.08,42064.047,40318.42,40394.82
39713.98,42438.953,40275.35,40471.285
40260.13,42766.54,39971.13,40573.25
40758.76,43214.84,40629.16,40785.57
41269.16,43681.164,41065.13,40961.29
41693.67,44132.754,41320.28,41151.25
43110.23,44497.02,41440.39,41372.07
43347.97,45085.754,42375.37,41722.14
43787.99,45620.85,42749.95,42077.133
43916.07,46143.37,43018.66,42542.36
45226.24,46676.508,43234.87,43178.508
45887.53,47439.273,43894.42,44124.383
46494.0,48226.883,44596.65,45090.066
47406.75,49046.227,45464.96,46095.66
49017.75,51667.844,46438.86,47028.164
50014.26,52891.56,47795.47,48651.957
51037.01,54301.27,48202.83,49517.83
52098.64,55897.895,49311.39,50533.617
52909.72,58194.02,50002.28,51518.21
53370.43,59853.72,50994.44,52453.668
53878.04,61258.242,51174.89,53264.27
54066.94,62564.797,52028.39,53956.523
54060.55,63995.504,52625.07,54503.984
54361.11,64682.55,53198.0,54855.055
54794.06,65245.242,53840.99,55133.613
55361.9,65720.96,54314.11,55447.656
55454.26,66297.71,54482.36,55796.15
55375.54,66594.016,53647.97,56108.39
55268.12,66834.625,53341.87,56413.105
55604.39,66979.42,53536.53,56779.2
56518.52,67105.42,53373.73,57150.312
57086.43,67250.086,53166.16,57455.72
57648.67,67413.96,53509.58,57646.54
57805.26,67559.89,53799.89,57801.105
57896.23,67544.65,54040.52,57902.83
57707.9,67602.76,54199.29,57960.66
57614.22,67653.41,54277.26,57760.766
57182.92,67722.984,54002.93,57495.344
57042.23,67505.49,54077.67,57205.71
56747.11,67486.27,53388.99,57056.375
56341.04,67481.84,52681.32,56564.28
56148.69,67463.78,52248.34,56110.07
56056.53,67190.82,52291.84,55704.906
55837.67,67188.516,52711.1,55707.965
55624.92,67191.34,52495.28,55250.633
55809.64,67232.36,52220.94,54883.49
55855.79,66959.79,52298.16,54616.434
55446.72,66942.28,52820.61,54944.92
55094.79,66911.57,52612.39,54675.402
55247.23,66828.81,52653.63,54543.742
55545.01,66366.58,52790.47,54528.125
55953.16,66178.65,53410.58,55214.48
57011.75,65979.38,53870.67,55698.027
57994.21,65879.95,54648.57,56658.246
58627.87,65243.17,55897.18,57812.008
58751.75,65033.33,57720.63,59227.297
58799.57,64792.176,58340.33,59861.25
58781.28,64498.277,58514.81,60168.348
58790.23,63694.027,58512.89,60280.88
58646.0,63135.875,58888.11,60326.7
58581.18,62557.62,58674.88,60158.875
58077.8,61867.156,58449.51,60005.113
57133.7,61501.72,58244.14,60245.246
56376.47,61403.496,57671.7,59367.562
55826.48,60512.547,56982.32,58890.625
55185.12,59596.168,56746.04,58365.336
54195.34,58316.44,56307.12,57805.32
53034.62,57113.582,55191.51,57022.52
52322.24,55819.02,54233.36,56146.43
51658.7,54597.293,53473.14,55241.965
51399.75,53276.68,52937.33,54468.617
50663.86,52124.074,52377.87,53718.734
49911.58,51032.793,52039.83,52994.21
49834.54,49983.56,51803.86,52342.4
50050.58,48934.72,51524.9,51809.46
49562.5,48033.35,51596.25,52295.457
48709.35,47283.68,50922.87,51741.992
47687.27,46576.027,50169.18,50903.742
46235.6,45983.215,49606.21,50139.68
44882.59,44732.918,48913.1,49619.656
44102.42,43528.047,47648.84,48500.414
43642.44,43030.676,46750.3,47640.1
41827.01,42753.477,46214.91,46930.14
41827.01,42740.195,46214.91,46944.938
41827.01,42727.57,46214.91,46957.957
41827.01,42715.402,46214.91,46969.57
41827.01,42705.49,46214.91,46980.094
41827.01,42700.934,46214.91,46990.027
41827.01,42697.78,46214.91,46999.645
41827.01,42695.89,46214.91,47009.055
41827.01,42695.277,46214.91,47018.37
41827.01,42696.98,46214.91,47027.664
41827.01,42699.105,46214.91,47036.96
41827.01,42700.844,46214.91,47046.242
41827.01,42701.78,46214.91,47055.508
41827.01,42702.062,46214.91,47064.73
41827.01,42702.812,46214.91,47073.94
41827.01,42702.918,46214.91,47083.086
41827.01,42702.742,46214.91,47092.168
41827.01,42699.855,46214.91,47100.863
41827.01,42695.91,46214.91,47109.242
41827.01,42691.438,46214.91,47117.36
41827.01,42686.406,46214.91,47125.188
41827.01,42677.234,46214.91,47131.477
41827.01,42667.4,46214.91,47137.14
41827.01,42656.777,46214.91,47142.09
41827.01,42644.613,46214.91,47145.73
41827.01,42630.42,46214.91,47146.656
41827.01,42616.34,46214.91,47145.758
41827.01,42603.184,46214.91,47143.17
41827.01,42591.74,46214.91,47139.312
41827.01,42580.05,46214.91,47134.35
41827.01,42569.453,46214.91,47128.7
41827.01,42559.9,46214.91,47122.5
41827.01,42551.15,46214.91,47115.97
41827.01,42543.336,46214.91,47109.17
41827.01,42536.605,46214.91,47102.02
41827.01,42530.27,46214.91,47094.867
41827.01,42525.375,46214.91,47087.223
41827.01,42521.17,46214.91,47079.234
41827.01,42517.676,46214.91,47070.883
41827.01,42515.113,46214.91,47062.04
41827.01,42513.51,46214.91,47052.652
41827.01,42512.027,46214.91,47042.832
41827.01,42510.918,46214.91,47032.457
41827.01,42509.68,46214.91,47021.7
41827.01,42508.293,46214.91,47010.47
41827.01,42505.605,46214.91,46999.18
41827.01,42503.957,46214.91,46986.637
41827.01,42504.05,46214.91,46971.984
41827.01,42504.133,46214.91,46956.562
41827.01,42504.48,46214.91,46939.33
41827.01,42505.086,46214.91,46921.062
41827.01,42506.117,46214.91,46901.418
41827.01,42507.4,46214.91,46879.996
41827.01,42505.93,46214.91,46858.76
41827.01,42495.613,46214.91,46847.117
41827.01,42472.812,46214.91,46859.46
41827.01,42419.06,46214.91,46938.48
41827.01,42278.402,46214.91,47520.41
41827.01,42863.926,46214.91,47240.324
41827.01,43235.527,46214.91,46964.68
41827.01,43416.875,46214.91,46821.62
41827.01,43484.39,46214.91,46755.9
41827.01,43519.867,46214.91,46712.688
41827.01,43538.65,46214.91,46681.73
41827.01,43549.312,46214.91,46656.72
41827.01,43561.67,46214.91,46629.574
41827.01,43572.04,46214.91,46603.47
41827.01,43581.64,46214.91,46577.61
41827.01,43587.85,46214.91,46555.176
41827.01,43591.6,46214.91,46536.375
41827.01,43593.164,46214.91,46521.66
41827.01,43592.613,46214.91,46510.414
41827.01,43591.727,46214.91,46501.242
41827.01,43590.066,46214.91,46493.62
41827.01,43587.59,46214.91,46486.992
41827.01,43584.656,46214.91,46481.008
41827.01,43581.867,46214.91,46475.547
41827.01,43577.766,46214.91,46470.246
41827.01,43573.027,46214.91,46465.082
41827.01,43567.62,46214.91,46459.96
41827.01,43560.953,46214.91,46454.7
41827.01,43552.38,46214.91,46449.203
41827.01,43542.414,46214.91,46443.555
41827.01,43531.535,46214.91,46437.883
41827.01,43520.125,46214.91,46432.234
41827.01,43507.797,46214.91,46426.707
41827.01,43495.06,46214.91,46421.344
41827.01,43482.094,46214.91,46416.16
41827.01,43469.05,46214.91,46411.266
41827.01,43455.547,46214.91,46406.934
41827.01,43441.992,46214.91,46402.977
41827.01,43428.57,46214.91,46399.7
41827.01,43415.53,46214.91,46397.086
41827.01,43402.53,46214.91,46395.26
41827.01,43389.953,46214.91,46394.21
41827.01,43377.992,46214.91,46394.098
41827.01,43366.625,46214.91,46394.633
41827.01,43355.633,46214.91,46396.336
41827.01,43344.586,46214.91,46398.35
41827.01,43334.258,46214.91,46401.445
41827.01,43323.273,46214.91,46405.164
41827.01,43315.055,46214.91,46409.574
41827.01,43307.383,46214.91,46414.598
41827.01,43300.156,46214.91,46420.14
41827.01,43293.1,46214.91,46426.023
41827.01,43286.66,46214.91,46432.504
41827.01,43280.363,46214.91,46439.305
41827.01,43273.625,46214.91,46446.15
41827.01,43266.062,46214.91,46452.887
41827.01,43257.695,46214.91,46459.67
41827.01,43248.965,46214.91,46466.797
41827.01,43239.523,46214.91,46474.273
41827.01,43229.055,46214.91,46482.17
41827.01,43217.3,46214.91,46490.734
41827.01,43204.6,46214.91,46500.438
41827.01,43189.18,46214.91,46511.49
41827.01,43170.383,46214.91,46524.89
41827.01,43145.312,46214.91,46542.223
41827.01,43111.055,46214.91,46566.812
41827.01,43057.348,46214.91,46605.938
41827.01,42957.203,46214.91,46679.67
41827.01,42752.29,46214.91,46831.742
41827.01,42370.67,46214.91,47143.64
41827.01,42009.383,46214.91,47467.195
41827.01,41888.258,46214.91,47456.65
41827.01,42219.984,46214.91,47246.934
41827.01,42657.46,46214.91,46832.03
41827.01,42867.82,46214.91,46645.02
41827.01,42953.56,46214.91,46556.848
41827.01,42994.094,46214.91,46505.043
41827.01,43009.473,46214.91,46474.59
41827.01,43015.414,46214.91,46453.15
41827.01,43016.61,46214.91,46437.02
41827.01,43014.453,46214.91,46424.562
41827.01,43011.6,46214.91,46413.84
41827.01,43008.75,46214.91,46404.35
41827.01,43005.227,46214.91,46396.016
41827.01,43001.547,46214.91,46388.453
41827.01,42998.133,46214.91,46381.5
41827.01,42994.777,46214.91,46375.047
41827.01,42991.72,46214.91,46369.03
41827.01,42988.68,46214.91,46363.375
41827.01,42985.766,46214.91,46358.04
41827.01,42982.9,46214.91,46352.973
41827.01,42979.71,46214.91,46348.07
41827.01,42975.79,46214.91,46343.266
41827.01,42971.336,46214.91,46338.516
41827.01,42966.73,46214.91,46333.86
41827.01,42961.89,46214.91,46329.266
41827.01,42957.715,46214.91,46324.977
41827.01,42953.105,46214.91,46320.695
41827.01,42947.62,46214.91,46316.344
41827.01,42940.87,46214.91,46311.812
41827.01,42935.27,46214.91,46307.61
41827.01,42929.086,46214.91,46303.37
41827.01,42922.742,46214.91,46299.188
41827.01,42916.016,46214.91,46295.04
41827.01,42909.83,46214.91,46291.08
41827.01,42903.133,46214.91,46287.113
41827.01,42896.83,46214.91,46283.38
41827.01,42890.188,46214.91,46279.656
41827.01,42884.133,46214.91,46276.27
41827.01,42878.758,46214.91,46273.336
41827.01,42874.15,46214.91,46270.973
41827.01,42870.125,46214.91,46269.074
41827.01,42865.31,46214.91,46267.305
41827.01,42860.38,46214.91,46265.805
41827.01,42855.4,46214.91,46264.66
41827.01,42849.93,46214.91,46263.562
41827.01,42843.93,46214.91,46262.887
41827.01,42837.06,46214.91,46262.15
41827.01,42829.715,46214.91,46261.562
41827.01,42822.355,46214.91,46261.22
41827.01,42813.414,46214.91,46260.52
41827.01,42803.777,46214.91,46259.625
41827.01,42793.234,46214.91,46258.19
41827.01,42782.758,46214.91,46256.203
41827.01,42770.652,46214.91,46253.176
41827.01,42757.992,46214.91,46249.43
41827.01,42745.035,46214.91,46245.016
41827.01,42733.52,46214.91,46240.367
41827.01,42720.445,46214.91,46235.168
41827.01,42707.258,46214.91,46229.715
41827.01,42693.85,46214.91,46224.14
41827.01,42683.996,46214.91,46218.58
41827.01,42671.25,46214.91,46213.027
41827.01,42658.0,46214.91,46207.535
41827.01,42645.477,46214.91,46202.37
41827.01,42639.85,46214.91,46197.797
41827.01,42628.906,46214.91,46193.957
41827.01,42618.797,46214.91,46190.945
41827.01,42609.418,46214.91,46188.734
41827.01,42609.81,46214.91,46187.273
41827.01,42601.984,46214.91,46186.895
41827.01,42594.453,46214.91,46187.1
41827.01,42585.484,46214.91,46188.047
41827.01,42551.957,46214.91,46190.17
41827.01,42544.4,46214.91,46193.062
41827.01,42537.195,46214.91,46196.504
41827.01,42529.938,46214.91,46200.047
41827.01,42523.332,46214.91,46204.367
41827.01,42516.402,46214.91,46208.543
41827.01,42509.613,46214.91,46213.047
41827.01,42503.094,46214.91,46217.965
41827.01,42496.43,46214.91,46222.92
41827.01,42490.586,46214.91,46228.812
41827.01,42484.508,46214.91,46234.633
41827.01,42477.7,46214.91,46239.883
41827.01,42470.66,46214.91,46245.07
41827.01,42463.62,46214.91,46250.332
41827.01,42456.008,46214.91,46255.15
41827.01,42447.64,46214.91,46259.473
41827.01,42438.4,46214.91,46263.07
41827.01,42426.883,46214.91,46264.562
41827.01,42414.383,46214.91,46265.234
41827.01,42400.867,46214.91,46264.992
41827.01,42385.96,46214.91,46263.34
41827.01,42369.953,46214.91,46259.848
41827.01,42354.113,46214.91,46255.32
41827.01,42339.395,46214.91,46250.363
41827.01,42328.6,46214.91,46245.28
41827.01,42315.793,46214.91,46240.53
41827.01,42304.695,46214.91,46236.21
41827.01,42295.043,46214.91,46232.414
41827.01,42286.883,46214.91,46229.195
41827.01,42279.383,46214.91,46226.47
41827.01,42272.04,46214.91,46224.168
41827.01,42265.016,46214.91,46222.414
41827.01,42258.293,46214.91,46221.03
41827.01,42250.22,46214.91,46219.61
41827.01,42242.07,46214.91,46218.832
41827.01,42234.555,46214.91,46218.97
41827.01,42227.676,46214.91,46219.76
41827.01,42218.746,46214.91,46220.715
41827.01,42209.277,46214.91,46222.273
41827.01,42199.812,46214.91,46224.836
41827.01,42190.66,46214.91,46228.312
41827.01,42180.805,46214.91,46233.75
41827.01,42170.992,46214.91,46240.797
41827.01,42159.5,46214.91,46248.098
41827.01,42147.4,46214.91,46255.75
41827.01,42133.062,46214.91,46264.297
41827.01,42118.44,46214.91,46274.61
41827.01,42103.547,46214.91,46286.48
41827.01,42087.727,46214.91,46299.023
41827.01,42070.676,46214.91,46313.36
41827.01,42053.266,46214.91,46329.25
41827.01,42035.582,46214.91,46345.668
41827.01,42017.816,46214.91,46362.85
41827.01,42000.91,46214.91,46380.96
41827.01,41984.613,46214.91,46400.5
41827.01,41968.11,46214.91,46421.727
41827.01,41950.88,46214.91,46444.06
41827.01,41935.777,46214.91,46470.332
41827.01,41921.297,46214.91,46497.74
41827.01,41907.5,46214.91,46527.684
41827.01,41893.85,46214.91,46559.33
41827.01,41882.523,46214.91,46597.098
41827.01,41873.55,46214.91,46635.92
41827.01,41866.344,46214.91,46675.53
41827.01,41861.46,46214.91,46738.992
41827.01,41858.62,46214.91,46790.87
41827.01,41855.72,46214.91,46803.957
41827.01,41853.414,46214.91,46821.87
41827.01,41851.94,46214.91,46839.707
41827.01,41851.14,46214.91,46857.68
41827.01,41850.07,46214.91,46874.723
41827.01,41849.387,46214.91,46891.543
41827.01,41848.74,46214.91,46907.17
41827.01,41848.52,46214.91,46922.47
41827.01,41847.383,46214.91,46935.363
41827.01,41845.438,46214.91,46946.145
41827.01,41842.23,46214.91,46954.42
41827.01,41837.758,46214.91,46960.25
41827.01,41832.434,46214.91,46964.41
41827.01,41826.23,46214.91,46966.79
41827.01,41818.97,46214.91,46967.242
41827.01,41810.66,46214.91,46965.938
41827.01,41801.92,46214.91,46963.816
41827.01,41792.89,46214.91,46961.074
41827.01,41783.62,46214.91,46957.703
41827.01,41774.117,46214.91,46953.266
41827.01,41764.49,46214.91,46948.36
41827.01,41754.87,46214.91,46943.094
41827.01,41745.49,46214.91,46937.58
41827.01,41736.523,46214.91,46931.887
41827.01,41728.203,46214.91,46926.316
41827.01,41720.62,46214.91,46920.91
41827.01,41713.883,46214.91,46915.637
41827.01,41708.48,46214.91,46911.875
41827.01,41702.34,46214.91,46908.68
41827.01,41695.383,46214.91,46905.61
41827.01,41688.035,46214.91,46903.688
41827.01,41683.445,46214.91,46902.52
41827.01,41679.168,46214.91,46901.727
41827.01,41674.996,46214.91,46901.12
41827.01,41670.977,46214.91,46900.727
41827.01,41668.117,46214.91,46901.58
41827.01,41665.65,46214.91,46902.914
41827.01,41662.6,46214.91,46903.76
41827.01,41659.188,46214.91,46904.348
41827.01,41655.4,46214.91,46904.617
41827.01,41651.43,46214.91,46904.812
41827.01,41646.73,46214.91,46904.36
41827.01,41641.42,46214.91,46903.38
41827.01,41635.445,46214.91,46901.793
41827.01,41629.34,46214.91,46900.117
41827.01,41622.805,46214.91,46898.08
41827.01,41616.17,46214.91,46895.96
41827.01,41607.76,46214.91,46892.168
41827.01,41598.504,46214.91,46887.633
41827.01,41588.49,46214.91,46882.46
41827.01,41577.066,46214.91,46876.32
41827.01,41564.652,46214.91,46870.14
41827.01,41552.137,46214.91,46865.28
41827.01,41539.484,46214.91,46861.492
41827.01,41527.664,46214.91,46860.047
41827.01,41518.406,46214.91,46864.156
41827.01,41511.645,46214.91,46871.484
41827.01,41506.273,46214.91,46879.887
41827.01,41502.57,46214.91,46889.66
41827.01,41500.805,46214.91,46901.742
41827.01,41500.203,46214.91,46914.562
41827.01,41500.27,46214.91,46927.05
41827.01,41501.062,46214.91,46939.766
41827.01,41501.47,46214.91,46951.234
41827.01,41502.195,46214.91,46961.8
41827.01,41503.484,46214.91,46972.35
41827.01,41505.586,46214.91,46982.48
41827.01,41508.293,46214.91,46993.023
41827.01,41511.36,46214.91,47002.953
41827.01,41514.793,46214.91,47012.465
41827.01,41518.613,46214.91,47021.223
41827.01,41522.145,46214.91,47029.5
41827.01,41525.586,46214.91,47037.035
41827.01,41529.0,46214.91,47044.01
41827.01,41531.58,46214.91,47049.57
41827.01,41532.73,46214.91,47053.414
41827.01,41533.434,46214.91,47056.39
41827.01,41533.867,46214.91,47058.83
41827.01,41533.81,46214.91,47060.52
41827.01,41533.312,46214.91,47061.773
41827.01,41531.945,46214.91,47062.117
41827.01,41530.38,46214.91,47062.188
41827.01,41527.266,46214.91,47060.945
41827.01,41523.848,46214.91,47059.37
41827.01,41520.13,46214.91,47057.465
41827.01,41516.188,46214.91,47055.31
41827.01,41512.027,46214.91,47053.0
41827.01,41507.836,46214.91,47050.47
41827.01,41503.29,46214.91,47047.582
41827.01,41499.1,46214.91,47044.844
41827.01,41494.97,46214.91,47042.098
41827.01,41491.54,46214.91,47039.586
41827.01,41488.977,46214.91,47037.492
41827.01,41487.63,46214.91,47036.04
41827.01,41487.215,46214.91,47035.094
41827.01,41487.105,46214.91,47034.188
41827.01,41486.86,46214.91,47033.062
41827.01,41486.17,46214.91,47031.51
41827.01,41485.39,46214.91,47029.84
41827.01,41483.734,46214.91,47027.508
41827.01,41481.6,46214.91,47024.797
41827.01,41479.258,46214.91,47021.883
41827.01,41476.516,46214.91,47018.67
41827.01,41473.195,46214.91,47015.08
41827.01,41468.94,46214.91,47010.96
41827.01,41463.715,46214.91,47006.34
41827.01,41458.02,46214.91,47001.49
41827.01,41451.594,46214.91,46996.31
41827.01,41444.406,46214.91,46990.883
41827.01,41436.68,46214.91,46985.36
41827.01,41428.727,46214.91,46979.836
41827.01,41420.68,46214.91,46974.35
41827.01,41412.535,46214.91,46968.94
41827.01,41404.383,46214.91,46963.68
41827.01,41396.004,46214.91,46958.656
41827.01,41388.633,46214.91,46953.85
41827.01,41381.5,46214.91,46949.53
41827.01,41374.637,46214.91,46945.664
41827.01,41368.31,46214.91,46942.594
41827.01,41362.812,46214.91,46940.285
41827.01,41357.83,46214.91,46938.812
41827.01,41352.86,46214.91,46937.973
41827.01,41347.773,46214.91,46938.008
41827.01,41344.883,46214.91,46940.324
41827.01,41343.996,46214.91,46943.895
41827.01,41343.773,46214.91,46948.277
41827.01,41344.426,46214.91,46953.29
41827.01,41346.715,46214.91,46959.652
41827.01,41349.562,46214.91,46966.605
41827.01,41352.887,46214.91,46974.02
41827.01,41356.887,46214.91,46982.023
41827.01,41362.29,46214.91,46991.23
41827.01,41368.66,46214.91,47001.387
41827.01,41374.707,46214.91,47011.375
41827.01,41380.73,46214.91,47021.195
41827.01,41386.938,46214.91,47031.273
41827.01,41393.125,46214.91,47041.863
41827.01,41399.53,46214.91,47052.258
41827.01,41405.4,46214.91,47062.12
41827.01,41409.816,46214.91,47070.875
41827.01,41413.527,46214.91,47078.832
41827.01,41417.844,46214.91,47087.477
41827.01,41422.004,46214.91,47096.043
41827.01,41425.543,46214.91,47103.883
41827.01,41429.395,46214.91,47111.94
41827.01,41433.23,46214.91,47120.203
41827.01,41437.133,46214.91,47128.18
41827.01,41440.895,46214.91,47136.277
41827.01,41443.82,46214.91,47143.543
41827.01,41446.77,46214.91,47150.957
41827.01,41448.79,46214.91,47156.973
41827.01,41446.457,46214.91,47160.258
41827.01,41443.53,46214.91,47162.754
41827.01,41439.844,46214.91,47164.027
41827.01,41435.42,46214.91,47164.08
41827.01,41429.957,46214.91,47162.832
41827.01,41423.793,46214.91,47160.582
41827.01,41417.28,46214.91,47157.71
41827.01,41410.4,46214.91,47154.105
41827.01,41402.934,46214.91,47149.92
41827.01,41395.312,46214.91,47145.418
41827.01,41387.56,46214.91,47140.523
41827.01,41379.754,46214.91,47135.297
41827.01,41371.875,46214.91,47129.85
41827.01,41363.97,46214.91,47124.305
41827.01,41356.06,46214.91,47118.695
41827.01,41348.33,46214.91,47113.008
41827.01,41340.46,46214.91,47107.16
41827.01,41332.906,46214.91,47101.23
41827.01,41325.484,46214.91,47095.266
41827.01,41318.145,46214.91,47089.27
41827.01,41310.62,46214.91,47083.293
41827.01,41303.11,46214.91,47077.312
41827.01,41295.914,46214.91,47071.42
41827.01,41288.367,46214.91,47065.67
41827.01,41280.758,46214.91,47060.047
41827.01,41273.285,46214.91,47054.445
41827.01,41265.766,46214.91,47048.746
41827.01,41257.72,46214.91,47043.188
41827.01,41249.47,46214.91,47037.812
41827.01,41241.086,46214.91,47032.68
41827.01,41232.633,46214.91,47027.64
41827.01,41224.0,46214.91,47022.824
41827.01,41215.32,46214.91,47018.023
41827.01,41206.66,46214.91,47013.273
41827.01,41197.87,46214.91,47008.297
41827.01,41188.902,46214.91,47003.254
41827.01,41179.965,46214.91,46998.027
41827.01,41170.887,46214.91,46992.44
41827.01,41161.95,46214.91,46986.504
41827.01,41152.984,46214.91,46980.477
41827.01,41144.324,46214.91,46974.312
41827.01,41135.945,46214.91,46968.086
41827.01,41127.76,46214.91,46961.844
41827.01,41119.754,46214.91,46955.586
41827.01,41111.816,46214.91,46949.297
41827.01,41103.4,46214.91,46943.035
41827.01,41094.86,46214.91,46936.77
41827.01,41086.25,46214.91,46930.58
41827.01,41077.33,46214.91,46924.484
41827.01,41068.367,46214.91,46918.53
41827.01,41059.344,46214.91,46912.812
41827.01,41050.37,46214.91,46907.496
41827.01,41041.734,46214.91,46902.88
41827.01,41033.492,46214.91,46899.04
41827.01,41026.168,46214.91,46896.266
41827.01,41019.285,46214.91,46894.22
41827.01,41012.87,46214.91,46892.484
41827.01,41006.875,46214.91,46891.367
41827.01,41000.945,46214.91,46890.19
41827.01,40995.348,46214.91,46889.5
41827.01,40989.617,46214.91,46888.203
41827.01,40984.426,46214.91,46887.46
41827.01,40980.047,46214.91,46887.37
41827.01,40977.234,46214.91,46888.44
41827.01,40976.836,46214.91,46890.992
41827.01,40984.97,46214.91,46894.95
41827.01,41002.062,46214.91,46899.18
41827.01,41012.895,46214.91,46904.51
41827.01,41023.883,46214.91,46913.273
41827.01,41036.164,46214.91,46923.938
41827.01,41049.3,46214.91,46936.047
41827.01,41064.14,46214.91,46949.42
41827.01,41076.855,46214.91,46964.445
41827.01,41091.55,46214.91,46981.79
41827.01,41106.78,46214.91,47000.45
41827.01,41124.26,46214.91,47020.22
41827.01,41144.594,46214.91,47040.92
41827.01,41165.562,46214.91,47063.11
41827.01,41183.207,46214.91,47086.246
41827.01,41202.348,46214.91,47108.543
41827.01,41217.773,46214.91,47131.03
41827.01,41234.348,46214.91,47152.875
41827.01,41249.848,46214.91,47175.508
41827.01,41266.773,46214.91,47198.188
41827.01,41281.598,46214.91,47220.64
41827.01,41293.49,46214.91,47242.97
41827.01,41305.438,46214.91,47263.53
41827.01,41320.984,46214.91,47282.426
41827.01,41336.12,46214.91,47302.18
41827.01,41350.49,46214.91,47323.785
41827.01,41363.625,46214.91,47345.926
41827.01,41379.25,46214.91,47366.793
41827.01,41391.56,46214.91,47387.156
41827.01,41403.727,46214.91,47406.68
41827.01,41413.883,46214.91,47427.266
41827.01,41423.31,46214.91,47446.65
41827.01,41430.43,46214.91,47462.965
41827.01,41436.105,46214.91,47478.04
41827.01,41440.11,46214.91,47490.793
41827.01,41442.656,46214.91,47501.934
41827.01,41443.406,46214.91,47510.867
41827.01,41443.184,46214.91,47518.625
41827.01,41441.94,46214.91,47524.75
41827.01,41439.723,46214.91,47529.613
41827.01,41436.008,46214.91,47532.72
41827.01,41431.79,46214.91,47535.25
41827.01,41426.594,46214.91,47536.234
41827.01,41420.945,46214.91,47536.664
41827.01,41415.047,46214.91,47536.848
41827.01,41408.703,46214.91,47536.14
41827.01,41401.79,46214.91,47534.383
41827.01,41394.277,46214.91,47531.523
41827.01,41386.793,46214.91,47528.58
41827.01,41378.836,46214.91,47524.703
41827.01,41370.6,46214.91,47520.363
41827.01,41362.285,46214.91,47515.957
41827.01,41353.664,46214.91,47511.33
41827.01,41345.3,46214.91,47507.26
41827.01,41337.008,46214.91,47503.484
41827.01,41328.74,46214.91,47499.906
41827.01,41320.664,46214.91,47496.887
41827.01,41313.18,46214.91,47494.773
41827.01,41305.65,46214.91,47492.89
41827.01,41298.22,46214.91,47491.555
41827.01,41291.395,46214.91,47490.875
41827.01,41284.83,46214.91,47490.727
41827.01,41277.88,46214.91,47490.348
41827.01,41271.13,46214.91,47490.523
41827.01,41264.77,46214.91,47491.062
41827.01,41258.508,46214.91,47491.812
41827.01,41251.55,46214.91,47491.707
41827.01,41243.84,46214.91,47490.875
41827.01,41235.227,46214.91,47488.664
41827.01,41226.164,46214.91,47485.887
41827.01,41216.1,46214.91,47481.62
41827.01,41204.93,46214.91,47476.11
41827.01,41193.45,46214.91,47469.477
41827.01,41181.883,46214.91,47462.758
41827.01,41170.24,46214.91,47456.016
41827.01,41158.438,46214.91,47448.977
41827.01,41146.793,46214.91,47441.863
41827.01,41135.152,46214.91,47434.85
41827.01,41123.594,46214.91,47427.895
41827.01,41111.92,46214.91,47421.133
41827.01,41100.312,46214.91,47414.562
41827.01,41088.66,46214.91,47408.25
41827.01,41077.1,46214.91,47402.34
41827.01,41065.53,46214.91,47396.637
41827.01,41054.21,46214.91,47391.312
41827.01,41043.34,46214.91,47386.82
41827.01,41032.92,46214.91,47383.05
41827.01,41023.08,46214.91,47380.03
41827.01,41013.508,46214.91,47377.305
41827.01,41004.492,46214.91,47375.35
41827.01,40995.715,46214.91,47374.145
41827.01,40986.605,46214.91,47372.664
41827.01,40977.977,46214.91,47370.25
41827.01,40969.473,46214.91,47367.832
41827.01,40962.438,46214.91,47366.617
41827.01,40957.87,46214.91,47367.156
41827.01,40956.117,46214.91,47370.305
41827.01,40956.453,46214.91,47374.66
41827.01,40959.438,46214.91,47381.312
41827.01,40975.13,46214.91,47398.836
41827.01,41201.07,46214.91,47594.332
41827.01,41003.47,46214.91,47438.555
41827.01,40961.72,46214.91,47419.44
41827.01,40958.258,46214.91,47433.797
41827.01,40973.348,46214.91,47452.652
41827.01,40990.312,46214.91,47473.86
41827.01,41008.055,46214.91,47495.805
41827.01,41026.516,46214.91,47518.71
41827.01,41043.773,46214.91,47541.008
41827.01,41061.477,46214.91,47563.523
41827.01,41079.68,46214.91,47586.355
41827.01,41098.258,46214.91,47610.418
41827.01,41114.56,46214.91,47634.38
41827.01,41129.223,46214.91,47657.902
41827.01,41141.35,46214.91,47680.203
41827.01,41150.84,46214.91,47700.688
41827.01,41155.168,46214.91,47718.58
41827.01,41157.023,46214.91,47733.68
41827.01,41157.773,46214.91,47746.812
41827.01,41164.484,46214.91,47763.727
41827.01,41159.047,46214.91,47768.734
41827.01,41152.29,46214.91,47772.023
41827.01,41145.81,46214.91,47772.047
41827.01,41138.36,46214.91,47768.1
41827.01,41125.92,46214.91,47758.848
41827.01,41119.586,46214.91,47748.945
41827.01,41122.484,46214.91,47739.75
41827.01,41134.113,46214.91,47731.99
41827.01,41131.0,46214.91,47727.73
41827.01,41136.344,46214.91,47726.996
41827.01,41149.234,46214.91,47729.78
41827.01,41168.848,46214.91,47735.832
41827.01,41189.188,46214.91,47742.457
41827.01,41210.945,46214.91,47750.133
41827.01,41238.49,46214.91,47761.492
41827.01,41257.586,46214.91,47768.08
41827.01,41259.53,46214.91,47765.5
41827.01,41262.94,46214.91,47763.645
41827.01,41266.062,46214.91,47761.395
41827.01,41268.46,46214.91,47758.586
41827.01,41270.797,46214.91,47756.547
41827.01,41272.83,46214.91,47754.438
41827.01,41274.617,46214.91,47752.297
41827.01,41277.17,46214.91,47750.34
41827.01,41276.113,46214.91,47747.97
41827.01,41275.055,46214.91,47745.84
41827.01,41275.016,46214.91,47744.26
41827.01,41277.844,46214.91,47743.047
41827.01,41276.35,46214.91,47741.523
41827.01,41277.58,46214.91,47740.93
41827.01,41281.977,46214.91,47741.13
41827.01,41291.266,46214.91,47741.77
41827.01,41294.47,46214.91,47742.05
41827.01,41297.402,46214.91,47742.07
41827.01,41302.312,46214.91,47741.773
41827.01,41304.703,46214.91,47740.16
41827.01,41300.277,46214.91,47737.047
41827.01,41296.59,46214.91,47733.562
41827.01,41292.42,46214.91,47729.543
41827.01,41283.95,46214.91,47724.707
41827.01,41278.547,46214.91,47719.543
41827.01,41272.883,46214.91,47713.977
41827.01,41263.805,46214.91,47707.965
41827.01,41252.66,46214.91,47701.758
41827.01,41244.062,46214.91,47695.82
41827.01,41239.74,46214.91,47690.48
41827.01,41239.203,46214.91,47685.668
41827.01,41241.93,46214.91,47680.984
41827.01,41244.203,46214.91,47676.125
41827.01,41247.934,46214.91,47671.258
41827.01,41252.13,46214.91,47666.117
41827.01,41258.242,46214.91,47660.625
41827.01,41261.84,46214.91,47654.566
41827.01,41264.562,46214.91,47648.12
41827.01,41267.184,46214.91,47641.383
41827.01,41272.36,46214.91,47634.305
41827.01,41271.766,46214.91,47626.086
41827.01,41267.945,46214.91,47617.098
41827.01,41264.336,46214.91,47607.555
41827.01,41260.535,46214.91,47597.703
41827.01,41253.984,46214.91,47587.42
41827.01,41246.86,46214.91,47577.043
41827.01,41238.695,46214.91,47566.77
41827.01,41231.99,46214.91,47556.703
41827.01,41225.195,46214.91,47546.8
41827.01,41220.945,46214.91,47537.438
41827.01,41224.703,46214.91,47528.66
41827.01,41253.07,46214.91,47520.46
41827.01,41248.48,46214.91,47511.656
41827.01,41243.688,46214.91,47503.86
41827.01,41242.633,46214.91,47497.547
41827.01,41256.164,46214.91,47492.48
41827.01,41241.67,46214.91,47488.207
41827.01,41239.117,46214.91,47485.336
41827.01,41239.89,46214.91,47482.58
41827.01,41231.895,46214.91,47479.14
41827.01,41173.53,46214.91,47477.12
41827.01,41092.023,46214.91,47476.992
41827.01,41007.7,46214.91,47480.586
41827.01,40852.75,46214.91,47488.684
41827.01,40888.594,46214.91,47501.375
41827.01,40914.836,46214.91,47514.77
41827.01,40949.85,46214.91,47529.305
41827.01,40997.69,46214.91,47544.438
41827.01,41033.75,46214.91,47561.29
41827.01,41053.04,46214.91,47577.773
41827.01,41074.973,46214.91,47594.375
41827.01,41093.453,46214.91,47610.05
41827.01,41119.203,46214.91,47624.746
41827.01,41151.484,46214.91,47638.605
41827.01,41191.71,46214.91,47652.688
41827.01,41227.65,46214.91,47666.31
41827.01,41248.63,46214.91,47679.05
41827.01,41265.51,46214.91,47690.965
41827.01,41278.81,46214.91,47701.676
41827.01,41290.242,46214.91,47710.65
41827.01,41302.863,46214.91,47717.14
41827.01,41314.06,46214.91,47722.016
41827.01,41325.15,46214.91,47725.062
41827.01,41342.367,46214.91,47725.49
41827.01,41358.516,46214.91,47720.74
41827.01,41385.04,46214.91,47713.516
41827.01,41418.285,46214.91,47704.258
41827.01,41444.535,46214.91,47693.242
41827.01,41437.03,46214.91,47681.68
41827.01,41430.844,46214.91,47670.023
41827.01,41426.492,46214.91,47658.445
41827.01,41424.008,46214.91,47647.098
41827.01,41423.34,46214.91,47636.082
41827.01,41421.992,46214.91,47624.844
41827.01,41420.67,46214.91,47613.54
41827.01,41419.258,46214.91,47602.047
41827.01,41414.93,46214.91,47590.086
41827.01,41412.34,46214.91,47578.324
41827.01,41409.695,46214.91,47566.547
41827.01,41407.79,46214.91,47554.715
41827.01,41405.08,46214.91,47542.758
41827.01,41402.137,46214.91,47530.664
41827.01,41399.406,46214.91,47518.566
41827.01,41397.34,46214.91,47506.49
41827.01,41395.93,46214.91,47494.438
41827.01,41394.16,46214.91,47482.195
41827.01,41392.72,46214.91,47469.93
41827.01,41392.83,46214.91,47457.684
41827.01,41391.41,46214.91,47444.74
41827.01,41389.8,46214.91,47431.33
41827.01,41388.97,46214.91,47417.434
41827.01,41387.805,46214.91,47402.46
41827.01,41386.03,46214.91,47385.61
41827.01,41385.312,46214.91,47364.95
41827.01,41387.9,46214.91,47331.67
41827.01,41431.152,46214.91,47191.83
41827.01,41044.305,46214.91,47949.33
41827.01,41042.56,46214.91,47901.312
41827.01,41037.83,46214.91,47880.332
41827.01,41032.08,46214.91,47864.484
41827.01,41026.805,46214.91,47850.59
41827.01,41020.65,46214.91,47837.625
41827.01,41014.117,46214.91,47825.15
41827.01,41007.215,46214.91,47812.95
41827.01,41001.234,46214.91,47801.004
41827.01,40996.61,46214.91,47789.406
41827.01,40994.54,46214.91,47778.44
41827.01,40994.76,46214.91,47768.086
41827.01,40997.223,46214.91,47758.387
41827.01,41000.855,46214.91,47749.0
41827.01,41005.895,46214.91,47739.977
41827.01,41011.113,46214.91,47730.9
41827.01,41013.65,46214.91,47720.97
41827.01,41015.58,46214.91,47710.812
41827.01,41017.234,46214.91,47700.535
41827.01,41020.58,46214.91,47690.594
41827.01,41022.99,46214.91,47680.35
41827.01,41023.453,46214.91,47669.51
41827.01,41021.29,46214.91,47658.09
41827.01,41017.434,46214.91,47646.28
41827.01,41010.81,46214.91,47634.117
41827.01,41002.707,46214.91,47621.902
41827.01,40993.285,46214.91,47609.82
41827.01,40982.523,46214.91,47598.285
41827.01,40971.035,46214.91,47587.43
41827.01,40959.39,46214.91,47577.258
41827.01,40947.984,46214.91,47567.383
41827.01,40937.65,46214.91,47558.33
41827.01,40925.09,46214.91,47549.9
41827.01,40912.99,46214.91,47542.08
41827.01,40901.62,46214.91,47535.312
41827.01,40891.96,46214.91,47530.38
41827.01,40883.125,46214.91,47527.43
41827.01,40874.93,46214.91,47525.06
41827.01,40868.258,46214.91,47524.23
41827.01,40863.656,46214.91,47525.137
41827.01,40860.57,46214.91,47528.707
41827.01,40858.027,46214.91,47533.145
41827.01,40856.766,46214.91,47539.03
41827.01,40855.83,46214.91,47546.156
41827.01,40860.75,46214.91,47555.71
41827.01,40867.58,46214.91,47567.023
41827.01,40875.008,46214.91,47578.758
41827.01,40882.957,46214.91,47590.938
41827.01,40892.316,46214.91,47604.402
41827.01,40900.562,46214.91,47616.867
41827.01,40909.05,46214.91,47629.51
41827.01,40918.484,46214.91,47643.09
41827.01,40927.258,46214.91,47656.047
41827.01,40935.93,46214.91,47668.938
41827.01,40945.14,46214.91,47682.51
41827.01,40954.41,46214.91,47696.273
41827.01,40962.785,46214.91,47709.383
41827.01,40970.78,46214.91,47722.56
41827.01,40976.26,46214.91,47733.227
41827.01,40979.855,46214.91,47742.117
41827.01,40980.094,46214.91,47747.41
41827.01,40979.676,46214.91,47751.992
41827.01,40977.367,46214.91,47754.38
41827.01,40971.824,46214.91,47752.91
41827.01,40960.81,46214.91,47744.562
41827.01,40949.242,46214.91,47733.625
41827.01,40938.234,46214.91,47721.277
41827.01,40929.25,46214.91,47708.402
41827.01,40919.617,46214.91,47694.273
41827.01,40911.625,46214.91,47680.2
41827.01,40904.727,46214.91,47666.4
41827.01,40898.848,46214.91,47653.07
41827.01,40893.973,46214.91,47640.39
41827.01,40889.72,46214.91,47628.49
41827.01,40887.688,46214.91,47617.715
41827.01,40890.8,46214.91,47608.41
41827.01,40894.848,46214.91,47600.04
41827.01,40901.547,46214.91,47592.613
41827.01,40908.84,46214.91,47586.055
41827.01,40919.555,46214.91,47583.39
41827.01,40976.15,46214.91,47769.28
41827.01,40982.555,46214.91,47772.805
41827.01,40986.37,46214.91,47767.6
41827.01,40990.85,46214.91,47761.37
41827.01,40992.688,46214.91,47754.016
41827.01,40994.96,46214.91,47746.18
41827.01,40998.08,46214.91,47737.85
41827.01,41002.723,46214.91,47729.03
41827.01,41005.367,46214.91,47719.656
41827.01,41006.832,46214.91,47710.043
41827.01,41007.168,46214.91,47700.254
41827.01,41008.883,46214.91,47690.26
41827.01,41011.23,46214.91,47680.133
41827.01,41012.25,46214.91,47669.797
41827.01,41013.375,46214.91,47659.355
41827.01,41012.746,46214.91,47648.75
41827.01,41012.688,46214.91,47638.164
41827.01,41012.46,46214.91,47627.5
41827.01,41011.562,46214.91,47616.703
41827.01,41013.508,46214.91,47605.844
41827.01,41014.18,46214.91,47594.344
41827.01,41013.74,46214.91,47582.594
41827.01,41007.31,46214.91,47570.605
41827.01,40964.59,46214.91,47557.727
41827.01,40951.535,46214.91,47545.707
41827.01,40940.523,46214.91,47533.336
41827.01,40930.84,46214.91,47520.848
41827.01,40922.668,46214.91,47508.324
41827.01,40926.484,46214.91,47496.78
41827.01,40932.477,46214.91,47485.36
41827.01,40940.156,46214.91,47473.95
41827.01,40947.133,46214.91,47462.37
41827.01,40954.086,46214.91,47450.734
41827.01,40960.793,46214.91,47439.066
41827.01,40967.887,46214.91,47427.395
41827.01,40973.688,46214.91,47415.42
41827.01,40978.234,46214.91,47403.176
41827.01,40981.86,46214.91,47390.727
41827.01,40984.773,46214.91,47378.082
41827.01,40987.504,46214.91,47365.277
41827.01,40986.195,46214.91,47352.254
41827.01,40984.18,46214.91,47339.254
41827.01,40981.387,46214.91,47326.316
41827.01,40977.76,46214.91,47313.668
41827.01,40971.266,46214.91,47301.367
41827.01,40964.61,46214.91,47289.605
41827.01,40958.438,46214.91,47278.406
41827.01,40953.387,46214.91,47268.1
41827.01,40942.45,46214.91,47258.176
41827.01,40931.734,46214.91,47249.457
41827.01,40921.414,46214.91,47241.887
41827.01,40912.348,46214.91,47235.79
41827.01,40899.973,46214.91,47231.836
41827.01,40889.906,46214.91,47228.977
41827.01,40881.41,46214.91,47227.08
41827.01,40874.168,46214.91,47226.043
41827.01,40867.418,46214.91,47227.31
41827.01,40862.023,46214.91,47230.402
41827.01,40856.426,46214.91,47234.234
41827.01,40851.926,46214.91,47239.27
41827.01,40851.203,46214.91,47245.094
41827.01,40851.0,46214.91,47251.406
41827.01,40851.297,46214.91,47258.22
41827.01,40852.258,46214.91,47265.684
41827.01,40855.062,46214.91,47274.453
41827.01,40858.438,46214.91,47283.56
41827.01,40861.21,46214.91,47292.14
41827.01,40863.902,46214.91,47300.56
41827.01,40866.19,46214.91,47308.47
41827.01,40868.656,46214.91,47316.543
41827.01,40870.195,46214.91,47323.793
41827.01,40871.324,46214.91,47330.7
41827.01,40871.73,46214.91,47336.855
41827.01,40871.137,46214.91,47342.098
41827.01,40869.555,46214.91,47346.406
41827.01,40867.016,46214.91,47349.82
41827.01,40862.656,46214.91,47351.273
41827.01,40857.445,46214.91,47351.79
41827.01,40851.176,46214.91,47351.12
41827.01,40842.72,46214.91,47347.508
41827.01,40832.71,46214.91,47339.49
41827.01,40822.89,46214.91,47329.69
41827.01,40814.086,46214.91,47318.29
41827.01,40807.37,46214.91,47305.17
41827.01,40804.273,46214.91,47291.215
41827.01,40803.18,46214.91,47276.81
41827.01,40804.746,46214.91,47262.03
41827.01,40808.445,46214.91,47246.973
41827.01,40814.14,46214.91,47231.715
41827.01,40820.28,46214.91,47216.39
41827.01,40826.438,46214.91,47201.0
41827.01,40832.812,46214.91,47185.5
41827.01,40840.49,46214.91,47169.914
41827.01,40848.9,46214.91,47154.23
41827.01,40858.03,46214.91,47138.47
41827.01,40867.55,46214.91,47122.66
41827.01,40874.992,46214.91,47106.766
41827.01,40881.438,46214.91,47090.824
41827.01,40887.86,46214.91,47074.86
41827.01,40894.812,46214.91,47058.895
41827.01,40899.836,46214.91,47043.0
41827.01,40904.42,46214.91,47027.188
41827.01,40909.34,46214.91,47011.438
41827.01,40913.61,46214.91,46995.76
41827.01,40916.73,46214.91,46980.094
41827.01,40919.53,46214.91,46964.44
41827.01,40922.03,46214.91,46948.805
41827.01,40924.04,46214.91,46933.203
41827.01,40927.613,46214.91,46917.348
41827.01,40929.484,46214.91,46901.43
41827.01,40930.027,46214.91,46885.414
41827.01,40929.516,46214.91,46869.227
41827.01,40930.27,46214.91,46852.773
41827.01,40930.13,46214.91,46836.137
41827.01,40928.76,46214.91,46819.29
41827.01,40926.477,46214.91,46802.164
41827.01,40925.562,46214.91,46784.9
41827.01,40924.055,46214.91,46767.555
41827.01,40923.227,46214.91,46749.996
41827.01,40923.0,46214.91,46732.207
41827.01,40924.44,46214.91,46714.35
41827.01,40927.1,46214.91,46696.375
41827.01,40933.457,46214.91,46678.31
41827.01,40943.363,46214.91,46660.297
41827.01,40953.11,46214.91,46642.324
41827.01,40964.42,46214.91,46624.44
41827.01,40976.934,46214.91,46606.664
41827.01,40990.188,46214.91,46588.906
41827.01,41001.97,46214.91,46571.05
41827.01,41013.18,46214.91,46553.12
41827.01,41024.53,46214.91,46535.227
41827.01,41035.42,46214.91,46517.266
41827.01,41045.344,46214.91,46499.234
41827.01,41051.055,46214.91,46480.906
41827.01,41055.188,46214.91,46462.492
41827.01,41058.66,46214.91,46444.05
41827.01,41057.145,46214.91,46425.703
41827.01,41052.023,46214.91,46407.816
41827.01,41045.223,46214.91,46390.344
41827.01,41036.832,46214.91,46373.58
41827.01,41026.58,46214.91,46357.91
41827.01,41015.594,46214.91,46343.016
41827.01,41004.633,46214.91,46328.484
41827.01,40993.17,46214.91,46315.355
41827.01,40980.555,46214.91,46303.016
41827.01,40968.184,46214.91,46291.55
41827.01,40956.082,46214.91,46282.016
41827.01,40945.133,46214.91,46274.46
41827.01,40934.023,46214.91,46268.33
41827.01,40924.387,46214.91,46264.266
41827.01,40917.223,46214.91,46262.99
41827.01,40912.9,46214.91,46264.375
41827.01,40911.586,46214.91,46269.004
41827.01,40911.375,46214.91,46275.027
41827.01,40913.082,46214.91,46283.586
41827.01,40919.004,46214.91,46293.953
41827.01,40922.062,46214.91,46304.227
41827.01,40925.832,46214.91,46315.242
41827.01,40930.062,46214.91,46326.66
41827.01,40935.953,46214.91,46339.992
41827.01,40943.582,46214.91,46354.445
41827.01,40953.14,46214.91,46370.62
41827.01,40963.062,46214.91,46387.133
41827.01,40973.195,46214.91,46403.93
41827.01,40981.086,46214.91,46418.703
41827.01,40989.176,46214.91,46433.61
41827.01,40995.04,46214.91,46446.617
41827.01,41000.74,46214.91,46459.53
41827.01,41005.562,46214.91,46471.277
41827.01,41009.85,46214.91,46482.32
41827.01,41012.508,46214.91,46491.9
41827.01,41013.227,46214.91,46499.44
41827.01,41010.52,46214.91,46503.38
41827.01,41006.03,46214.91,46505.37
41827.01,40998.94,46214.91,46504.82
41827.01,40987.805,46214.91,46499.203
41827.01,40975.492,46214.91,46488.855
41827.01,40962.83,46214.91,46475.926
41827.01,40950.707,46214.91,46461.305
41827.01,40939.85,46214.91,46444.223
41827.01,40932.36,46214.91,46425.875
41827.01,40928.08,46214.91,46406.562
41827.01,40926.69,46214.91,46386.71
41827.01,40927.277,46214.91,46366.598
41827.01,40930.062,46214.91,46346.348
41827.01,40933.66,46214.91,46326.113
41827.01,40937.645,46214.91,46305.895
41827.01,40941.9,46214.91,46285.688
41827.01,40945.93,46214.91,46265.453
41827.01,40950.73,46214.91,46245.227
41827.01,40956.35,46214.91,46225.02
41827.01,40964.297,46214.91,46204.91
41827.01,40971.24,46214.91,46184.734
41827.01,40975.836,46214.91,46164.438
41827.01,40979.965,46214.91,46144.117
41827.01,40984.277,46214.91,46123.793
41827.01,40987.793,46214.91,46103.438
41827.01,40992.074,46214.91,46083.14
41827.01,40997.04,46214.91,46062.918
41827.01,41001.32,46214.91,46042.64
41827.01,41006.418,46214.91,46022.375
41827.01,41011.363,46214.91,46002.117
41827.01,41015.133,46214.91,45981.746
41827.01,41018.234,46214.91,45961.31
41827.01,41019.727,46214.91,45940.73
41827.01,41019.594,46214.91,45920.1
41827.01,41018.27,46214.91,45899.44
41827.01,41016.016,46214.91,45878.715
41827.01,41015.04,46214.91,45857.97
41827.01,41012.02,46214.91,45837.277
41827.01,41008.145,46214.91,45816.617
41827.01,41004.016,46214.91,45795.87
41827.01,41001.42,46214.91,45775.105
41827.01,40996.273,46214.91,45754.535
41827.01,40991.812,46214.91,45733.863
41827.01,40988.105,46214.91,45713.07
41827.01,40986.758,46214.91,45692.258
41827.01,40986.45,46214.91,45671.434
41827.01,40989.203,46214.91,45650.75
41827.01,40994.625,46214.91,45630.27
41827.01,41003.543,46214.91,45610.242
41827.01,41010.67,46214.91,45590.043
41827.01,41018.14,46214.91,45569.918
41827.01,41026.83,46214.91,45549.97
41827.01,41034.082,46214.91,45529.85
41827.01,41039.156,46214.91,45509.5
41827.01,41043.844,46214.91,45489.113
41827.01,41046.434,46214.91,45468.504
41827.01,41046.574,46214.91,45447.723
41827.01,41045.637,46214.91,45426.9
41827.01,41041.566,46214.91,45406.05
41827.01,41036.305,46214.91,45385.3
41827.01,41027.6,46214.91,45365.258
41827.01,41017.246,46214.91,45345.938
41827.01,41005.633,46214.91,45327.574
41827.01,40993.32,46214.91,45310.277
41827.01,40979.64,46214.91,45294.027
41827.01,40965.367,46214.91,45278.727
41827.01,40951.22,46214.91,45264.004
41827.01,40937.914,46214.91,45250.586
41827.01,40922.074,46214.91,45237.707
41827.01,40906.797,46214.91,45225.78
41827.01,40893.152,46214.91,45216.05
41827.01,40882.35,46214.91,45208.688
41827.01,40877.03,46214.91,45205.047
41827.01,40882.336,46214.91,45204.83
41827.01,40902.28,46214.91,45207.383
41827.01,40935.21,46214.91,45217.2
41827.01,40977.242,46214.91,45233.035
41827.01,41023.566,46214.91,45250.69
41827.01,41047.94,46214.91,45272.29
41827.01,41097.31,46214.91,45294.7
41827.01,41107.535,46214.91,45318.973
41827.01,41120.33,46214.91,45347.992
41827.01,41135.023,46214.91,45377.91
41827.01,41152.477,46214.91,45408.99
41827.01,41174.266,46214.91,45441.71
41827.01,41196.453,46214.91,45478.297
41827.01,41220.42,46214.91,45516.316
41827.01,41247.465,46214.91,45555.223
41827.01,41271.85,46214.91,45598.6
41827.01,41296.08,46214.91,45641.484
41827.01,41321.508,46214.91,45682.973
41827.01,41344.324,46214.91,45724.65
41827.01,41370.086,46214.91,45764.2
41827.01,41394.26,46214.91,45804.285
41827.01,41413.125,46214.91,45845.23
41827.01,41431.766,46214.91,45882.74
41827.01,41453.594,46214.91,45915.305
41827.01,41473.156,46214.91,45948.547
41827.01,41493.902,46214.91,45978.875
41827.01,41512.45,46214.91,46010.7
41827.01,41532.535,46214.91,46038.777
41827.01,41551.29,46214.91,46064.74
41827.01,41566.18,46214.91,46089.57
41827.01,41576.96,46214.91,46112.957
41827.01,41590.305,46214.91,46130.008
41827.01,41605.445,46214.91,46143.504
41827.01,41619.664,46214.91,46151.992
41827.01,41630.746,46214.91,46157.42
41827.01,41633.11,46214.91,46154.84
41827.01,41638.766,46214.91,46151.41
41827.01,41651.383,46214.91,46148.47
41827.01,41673.297,46214.91,46147.375
41827.01,41700.246,46214.91,46144.258
41827.01,41754.41,46214.91,46145.688
41827.01,41851.97,46214.91,46152.824
41827.01,41991.797,46214.91,46168.316
41827.01,42152.656,46214.91,46183.36
41827.01,42413.125,46214.91,46209.27
41827.01,42794.047,46214.91,46248.36
41827.01,43210.5,46214.91,46303.64
41827.01,43475.76,46214.91,46339.05
41827.01,43787.344,46214.91,46386.934
41827.01,44110.023,46214.91,46449.406
41827.01,44328.887,46214.91,46515.434
41827.01,44409.656,46214.91,46530.11
41827.01,44462.69,46214.91,46533.58
41827.01,44499.18,46214.91,46521.035
41827.01,44494.434,46214.91,46482.133
41827.01,44425.254,46214.91,46402.812
41827.01,44345.312,46214.91,46329.758
41827.01,44245.25,46214.91,46258.504
41827.01,44087.344,46214.91,46176.402
41827.01,43888.043,46214.91,46101.594
41827.01,43421.258,46214.91,46001.727
41827.01,42521.45,46214.91,45882.723
41827.01,41467.28,46214.91,45746.684
41827.01,41234.215,46214.91,45699.79
41827.01,40973.84,46214.91,45647.38
41827.01,40738.105,46214.91,45592.367
41827.01,40530.613,46214.91,45534.797
41827.01,40489.777,46214.91,45508.18
41827.01,40443.074,46214.91,45480.21
41827.01,40402.527,46214.91,45451.32
41827.01,40373.938,46214.91,45421.598
41827.01,40361.53,46214.91,45393.637
41827.01,40355.08,46214.91,45365.69
41827.01,40353.38,46214.91,45337.582
41827.01,40352.312,46214.91,45309.004
41827.01,40351.24,46214.91,45280.438
41827.01,40348.55,46214.91,45251.805
41827.01,40345.695,46214.91,45223.15
41827.01,40341.44,46214.91,45194.57
41827.01,40334.96,46214.91,45166.44
41827.01,40323.18,46214.91,45138.67
41827.01,40307.848,46214.91,45111.203
41827.01,40290.516,46214.91,45084.227
41827.01,40270.953,46214.91,45058.14
41827.01,40245.836,46214.91,45033.824
41827.01,40217.79,46214.91,45011.664
41827.01,40189.742,46214.91,44991.57
41827.01,40162.67,46214.91,44972.83
41827.01,40135.156,46214.91,44955.23
41827.01,40106.777,46214.91,44939.62
41827.01,40078.67,46214.91,44925.523
41827.01,40057.496,46214.91,44912.625
41827.01,40037.07,46214.91,44901.58
41827.01,40018.797,46214.91,44894.19
41827.01,40004.22,46214.91,44891.266
41827.01,39995.453,46214.91,44892.598
41827.01,39993.445,46214.91,44898.195
41827.01,39998.645,46214.91,44905.54
41827.01,40012.89,46214.91,44911.51
41827.01,40032.43,46214.91,44917.96
41827.01,40041.51,46214.91,44929.223
41827.01,40030.727,46214.91,44939.5
41827.01,40037.78,46214.91,44960.594
41827.01,40063.6,46214.91,44994.336
41827.01,40098.09,46214.91,45034.117
41827.01,40137.38,46214.91,45076.953
41827.01,40180.72,46214.91,45123.33
41827.01,40221.203,46214.91,45171.543
41827.01,40261.3,46214.91,45218.008
41827.01,40306.7,46214.91,45264.62
41827.01,40363.383,46214.91,45316.035
41827.01,40426.215,46214.91,45374.324
41827.01,40493.613,46214.91,45436.344
41827.01,40561.156,46214.91,45502.207
41827.01,40629.07,46214.91,45567.8
41827.01,40695.516,46214.91,45631.08
41827.01,40761.562,46214.91,45696.043
41827.01,40833.184,46214.91,45759.89
41827.01,40909.984,46214.91,45825.39
41827.01,40992.645,46214.91,45890.87
41827.01,41086.754,46214.91,45957.406
41827.01,41190.934,46214.91,46027.305
41827.01,41306.164,46214.91,46101.547
41827.01,41401.258,46214.91,46186.676
41827.01,41492.05,46214.91,46272.277
41827.01,41569.04,46214.91,46360.16
41827.01,41630.613,46214.91,46447.902
41827.01,41683.355,46214.91,46531.336
41827.01,41726.117,46214.91,46611.45
41827.01,41762.79,46214.91,46684.754
41827.01,41790.06,46214.91,46749.043
41827.01,41818.773,46214.91,46791.62
41827.01,41842.59,46214.91,46829.184
41827.01,41863.242,46214.91,46863.484
41827.01,41881.26,46214.91,46889.547
41827.01,41893.15,46214.91,46907.805
41827.01,41906.504,46214.91,46920.207
41827.01,41920.965,46214.91,46927.664
41827.01,41940.07,46214.91,46932.617
41827.01,41941.58,46214.91,46934.754
41827.01,41947.707,46214.91,46935.797
41827.01,41968.324,46214.91,46934.434
41827.01,42011.12,46214.91,46930.1
41827.01,41982.17,46214.91,46912.29
41827.01,41965.824,46214.91,46892.84
41827.01,41990.49,46214.91,46874.582
41827.01,42083.285,46214.91,46860.402
41827.01,42098.953,46214.91,46837.973
41827.01,42135.0,46214.91,46820.758
41827.01,42215.93,46214.91,46811.676
41827.01,42356.984,46214.91,46810.473
41827.01,42285.215,46214.91,46794.453
41827.01,42192.902,46214.91,46776.484
41827.01,42088.57,46214.91,46756.094
41827.01,41940.543,46214.91,46729.797
41827.01,41848.664,46214.91,46708.44
41827.01,41755.61,46214.91,46688.773
41827.01,41632.777,46214.91,46668.06
41827.01,41495.523,46214.91,46648.3
41827.01,41426.21,46214.91,46633.508
41827.01,41377.29,46214.91,46622.727
41827.01,41335.676,46214.91,46612.324
41827.01,41300.293,46214.91,46595.188
41827.01,41273.445,46214.91,46573.027
41827.01,41245.625,46214.91,46546.812
41827.01,41216.133,46214.91,46516.39
41827.01,41183.492,46214.91,46482.45
41827.01,41148.715,46214.91,46447.113
41827.01,41113.34,46214.91,46411.56
41827.01,41078.277,46214.91,46373.562
41827.01,41042.465,46214.91,46334.312
41827.01,41006.07,46214.91,46294.816
41827.01,40969.258,46214.91,46255.086
41827.01,40932.098,46214.91,46215.53
41827.01,40893.58,46214.91,46175.695
41827.01,40855.23,46214.91,46137.06
41827.01,40816.863,46214.91,46101.17
41827.01,40779.383,46214.91,46066.17
41827.01,40742.547,46214.91,46034.105
41827.01,40707.96,46214.91,46003.926
41827.01,40675.473,46214.91,45977.805
41827.01,40646.55,46214.91,45958.15
41827.01,40617.836,46214.91,45941.33
41827.01,40592.168,46214.91,45927.473
41827.01,40568.047,46214.91,45917.016
41827.01,40545.305,46214.91,45909.86
41827.01,40521.117,46214.91,45902.074
41827.01,40499.477,46214.91,45888.406
41827.01,40483.617,46214.91,45879.547
41827.01,40478.78,46214.91,45880.562
41827.01,40484.188,46214.91,45886.836
41827.01,40510.227,46214.91,45905.215
41827.01,40555.043,46214.91,45933.555
41827.01,40619.14,46214.91,45973.234
41827.01,40695.63,46214.91,46017.805
67456.36,70954.37,66399.16,70312.96
67414.46,70726.89,66095.85,70150.38
66768.6,70565.62,66086.65,69778.484
67044.95,70410.74,65938.28,69450.38
66597.08,70263.17,65462.39,69165.84
66314.51,69921.586,64985.74,68888.34
65684.9,69765.055,64624.65,68408.15
65213.62,69617.83,64291.08,68012.63
65001.39,69478.195,63937.56,67618.22
64588.92,69107.875,63498.84,67224.84
64448.83,68966.94,63316.87,66647.4
64049.76,68836.26,62769.86,66232.84
64140.15,68710.45,63015.31,65959.18
64012.72,68399.32,62894.86,65762.58
63561.72,68266.8,62655.68,65421.598
63849.2,68167.11,62613.42,65279.85
63475.48,68067.48,62665.94,65207.91
63245.47,67805.086,62925.71,65165.773
62965.62,67693.445,62446.66,64896.098
62495.26,67605.48,62155.26,64852.535
62540.17,67541.41,62218.64,64853.875
62501.19,67366.28,62265.92,64896.836
61781.8,67311.57,61875.85,64715.832
61680.73,67291.055,61176.81,64672.316
61362.71,67264.52,61165.0,64646.93
60918.98,67040.53,60744.01,64615.387
59999.32,66858.586,60194.68,64428.59
59348.05,66542.64,59134.34,64491.473
58857.38,66102.84,58534.5,64653.836
58290.01,65154.77,57937.86,64698.016
57384.25,64097.527,57098.09,64353.66
56582.2,62987.785,56478.29,63645.73
55892.86,61849.965,56144.43,62734.414
55489.46,60327.805,55985.92,61786.49
55122.53,58936.082,55741.65,60630.74
54043.91,57845.1,54939.25,59682.86
52810.96,56564.52,53766.17,58776.047
51556.29,54195.72,52587.71,57898.22
51035.57,53372.285,51512.43,56718.875
49916.12,52636.797,50367.01,55957.043
49149.87,51781.22,49631.91,54816.9
48170.15,50926.727,48806.58,53705.38
47457.08,50196.13,47812.53,52625.33
46803.87,49607.156,47384.15,51682.086
46325.56,49075.656,46765.35,50673.28
45934.66,48712.117,46490.39,50032.94
45685.32,48380.344,45696.63,49330.367
45127.71,48102.773,45563.31,48714.977
44835.98,47847.03,45122.56,48132.008
44814.26,46990.816,44890.48,47595.383
44714.81,47113.91,44352.46,48055.95
44802.88,47317.93,44333.34,47812.2
44989.68,47489.39,44119.5,47622.758
44880.38,47690.16,44319.53,47454.027
45051.45,47698.035,44422.4,47401.4
45115.3,47694.01,44389.48,47352.92
45031.45,47666.746,44518.26,47392.28
45454.43,47660.54,44772.76,47514.957
45668.43,47660.844,44945.25,47787.34
45749.44,47738.047,45107.08,48041.1
46256.13,47863.938,45429.45,48359.305
47152.26,48258.64,45916.97,48748.418
47820.19,48836.633,46838.53,49364.805
48556.38,49676.766,47259.31,50001.047
50381.36,50887.15,47852.4,50877.414
53458.14,53421.656,49319.66,52136.36
55421.05,56439.766,52569.76,54665.344
57060.48,59263.44,54610.91,57035.168
58557.74,61378.797,56238.55,59231.77
60159.06,63307.125,57651.64,60778.42
61174.03,64249.71,59135.97,61859.85
62122.57,64957.36,60406.62,62863.305
63000.85,65534.766,61342.09,63728.953
63988.88,66394.766,62175.49,64490.38
64808.01,66995.85,62401.85,65151.39
65563.89,67515.88,62610.06,65607.15
65821.94,67928.516,63076.96,66031.805
65476.41,68434.695,63467.84,66383.97
66189.82,68668.97,63394.48,66721.79
66896.96,68875.875,63779.25,66986.23
67553.41,69095.22,64260.84,67246.2
67695.46,69390.195,64844.71,67508.2
67623.91,69519.21,64429.93,67828.98
68074.79,69635.74,64246.05,68111.734
68875.55,69762.49,64594.36,68429.89
69477.28,69926.24,65021.12,68770.836
69564.33,70036.9,65193.29,69133.01
69833.52,70128.12,65779.55,69412.62
69526.85,70222.2,66253.13,69657.984
68650.88,70243.57,66525.64,69847.336
68006.27,70241.984,66166.18,69916.266
68069.38,70196.45,66034.78,69898.26
68176.78,70134.82,66089.29,69853.17
68228.13,69916.36,66123.28,69778.72
67824.21,69788.45,66061.6,69556.25
67141.08,69634.02,65994.02,69331.516
66502.16,69480.516,65935.53,69099.805
66026.11,69159.15,65539.83,68854.01
65766.84,68982.58,65223.34,68458.99
65339.17,68817.76,65194.81,68101.63
65245.93,68631.23,64990.36,67775.41
64859.15,68259.734,64857.03,67449.68
65073.53,68108.72,64863.32,66968.05
64590.36,67963.3,64652.73,66562.96
63716.29,67826.62,64036.67,66180.85
63524.35,67449.125,63281.85,65789.39
63868.28,67323.46,62769.89,65182.516
63261.1,67217.19,62218.73,64756.406
62818.27,67114.71,61899.85,64474.543
62927.21,66754.67,61675.19,64296.863
63196.59,66626.02,61731.97,63920.46
63355.17,66508.62,61679.58,63835.94
63454.08,66414.875,62041.69,63813.277
62817.31,66120.875,62037.26,63828.793
63044.44,65998.68,61804.34,63551.477
62906.08,65891.67,61540.77,63581.85
62847.74,65800.19,61551.67,63655.31
62386.08,65615.1,61590.5,63759.492
62034.72,65514.9,61472.89,63552.902
61548.13,65416.19,60585.89,63560.06
61104.12,65345.465,60469.46,63579.12
60377.64,65167.68,60090.83,63592.223
59402.76,65044.176,59582.51,63461.94
59338.1,64892.16,58864.49,63611.887
58761.73,64698.363,58080.45,63932.734
57954.05,63969.023,57311.16,64127.055
57302.71,63158.094,56766.2,63687.36
56766.84,62334.58,56180.34,62925.2
56555.09,61588.12,55801.63,61972.656
56346.58,60547.777,55806.59,61022.285
55685.9,59637.03,54934.59,59802.965
54734.29,58808.73,54237.96,58849.324
53827.57,57822.41,53196.05,57940.36
52334.19,55494.062,52254.64,57161.65
51362.3,54438.613,50966.18,55705.496
50367.92,53332.164,49833.27,54964.715
49420.37,52259.0,49148.15,54000.71
48197.58,51160.02,48637.54,53022.676
47572.25,50179.062,47831.22,51944.113
47114.13,49452.848,47180.08,51142.137
46689.72,48928.664,47020.32,50400.957
46458.37,48490.63,46831.38,49754.188
46235.69,48175.56,46204.49,49034.34
46016.65,47865.58,45839.99,48468.46
45535.78,47667.96,45414.82,48009.723
44740.58,47038.504,45201.2,47653.523
44892.27,47200.938,44649.48,47631.85
44960.32,47456.895,44772.9,47333.555
44793.4,47662.32,44530.78,47120.023
44964.74,47821.79,44623.28,46927.477
45143.5,47868.207,44743.05,46818.566
44829.41,47913.445,44764.16,46735.047
44855.65,47883.062,44607.03,46729.79
45340.66,47912.953,44730.81,46802.57
45606.42,47971.277,45040.17,47006.05
45892.77,48092.32,45397.88,47210.87
46293.64,48289.82,45860.06,47479.617
47530.6,48694.383,46093.46,47806.28
48065.8,49263.188,47465.42,48322.49
48681.09,49977.29,47924.48,48826.39
50273.9,50896.09,48681.77,49436.82
53186.1,52992.58,49925.31,50204.703
55207.69,55544.973,52589.91,51599.023
56939.23,58489.54,54311.51,53296.082
58388.81,60512.785,55958.31,55644.07
59996.23,63726.797,57413.88,59206.57
61199.67,64797.69,58815.97,62032.625
62216.45,65520.867,59966.57,63598.11
63346.07,66033.76,60783.37,64662.31
64249.82,66640.02,61598.07,65464.496
64787.29,67276.62,62613.53,65836.14
65337.29,67775.5,63032.47,66375.97
65462.42,68162.87,63216.26,66873.81
65418.5,68545.74,63497.26,67264.41
65832.44,68720.43,63305.93,67583.5
66301.76,68860.8,63779.67,67851.86
66726.43,68981.625,64568.0,68106.98
66498.32,69098.16,65159.74,68375.61
66619.72,68874.734,65466.29,68701.984
67365.46,69198.69,65644.16,68892.99
67728.41,69265.945,66276.79,69227.59
67995.11,69272.445,66614.77,69579.14
68382.73,69299.875,67006.54,69798.305
68563.23,69326.18,67265.44,70054.83
68916.75,69361.6,67531.57,70273.09
68286.5,69236.164,67472.12,70454.75
67960.11,69212.77,67382.19,70396.51
68147.38,69166.74,67082.72,70387.67
68177.45,69097.06,67008.61,70369.61
67906.36,68812.49,66844.03,70336.25
67732.02,68699.4,66886.61,70059.95
67544.86,68562.24,66434.71,69887.586
67088.3,68428.83,66059.8,69723.69
66716.28,68043.125,65562.16,69559.4
66487.47,67883.43,65516.11,69150.42
66426.78,67739.664,65321.6,68870.56
66010.69,67604.54,64906.42,68629.98
65773.27,67217.08,64485.77,68389.94
65348.32,67065.055,64460.7,67949.836
65218.53,66930.35,64182.1,67589.2
65052.41,66803.055,63736.36,67255.68
64974.34,66432.19,63216.14,66906.81
64466.75,66259.195,63004.18,66387.766
64073.28,66120.24,62746.26,65913.92
64008.47,66011.375,62503.5,65595.414
64346.35,65759.93,62214.9,65390.89
64304.83,65616.64,62560.76,65105.94
64171.32,65495.285,62363.69,64970.72
63854.51,65383.254,62153.12,64921.137
63660.49,65219.695,62290.59,64913.797
63390.96,65047.0,62092.39,64712.42
63462.19,64904.67,61738.56,64682.312
63509.33,64787.58,61806.78,64701.33
63389.63,64685.547,61931.96,64747.87
62680.04,64556.332,61699.41,64571.78
62525.49,64470.906,61038.11,64606.008
62103.6,64371.2,60488.64,64791.184
61299.94,64326.938,60185.83,65170.79
60535.47,64232.297,59633.59,65743.07
59775.85,64155.945,58880.97,66081.06
59160.45,64114.562,58248.86,66087.97
58424.53,63741.492,57426.39,65792.38
57917.72,63363.973,56830.94,64859.688
57669.39,62920.01,56439.87,63945.41
57441.57,62470.047,55799.93,62937.957
56848.16,61493.586,55351.62,61982.035
56252.42,60629.793,54731.36,60785.996
55369.92,59817.367,54129.77,59844.38
54405.25,58913.406,53087.93,58950.55
53213.12,56772.45,52054.9,58100.38
52416.04,55490.945,51198.92,57060.46
51420.05,54271.57,50259.24,56373.273
50544.14,53080.957,49492.33,55309.11
49297.71,51901.395,48570.94,54291.523
48786.87,50784.02,47792.14,53135.43
48304.06,50005.15,47324.83,52293.996
47850.05,49428.92,47117.66,51522.188
47272.9,48933.02,46689.1,50853.35
46775.13,48549.402,46228.46,50077.0
46506.29,48246.316,45856.19,49554.344
46220.44,48025.375,45422.59,49063.438
45882.17,46924.824,45367.86,48619.58
46024.84,47350.25,44799.4,47792.39
45794.06,47771.445,44748.72,47585.008
45655.93,47997.934,44613.58,47420.83
45810.44,48129.28,44525.82,47273.355
45822.68,48169.902,45080.77,47206.53
45453.79,48201.023,44941.12,47160.305
45561.76,48153.61,44858.92,47185.734
46035.25,48210.656,44936.67,47278.234
46380.8,48295.152,45734.86,47487.438
46469.3,48487.355,45988.63,47698.875
46860.4,48713.24,46273.41,47973.34
47789.95,49160.133,46747.81,48310.992
48184.33,49758.062,47880.23,48834.082
49080.13,50499.465,48325.55,49355.91
50066.0,51539.965,48904.26,50034.293
53076.37,53262.805,50304.9,50974.258
55403.38,55652.207,52932.09,52684.5
57084.08,58575.285,54839.3,54865.574
58438.58,61261.266,56481.12,57729.004
59982.65,63843.25,57773.55,60203.285
61301.7,65101.684,59405.91,62257.023
62374.89,65905.88,60145.42,63629.742
63098.96,66443.74,61358.7,64712.277
63870.36,67857.945,62222.55,65551.01
64625.31,68376.234,63212.99,66254.984
65127.8,68789.72,64007.18,66779.625
65526.1,69124.8,64358.6,67256.266
65345.07,69541.01,65040.01,67613.836
65998.89,69704.484,64814.84,68025.75
66332.87,69842.27,65038.33,68262.53
66852.63,69967.766,65732.99,68499.89
66516.35,70123.17,66206.05,68750.67
66643.66,70161.484,66619.25,69073.0
66419.97,70207.234,66899.25,69335.04
66662.18,70243.78,67154.78,69631.42
67093.84,70252.55,67379.09,69942.57
67406.89,70231.12,67421.6,70184.19
67615.13,70222.21,67499.67,70397.734
67466.64,70213.77,67817.94,70567.93
67132.75,70143.0,67791.99,70687.52
66964.09,70121.016,67357.85,70603.09
67188.5,70092.99,66860.88,70524.28
67026.69,69983.42,66707.4,70447.55
66770.16,69997.83,66169.55,70204.86
66278.48,70031.08,65780.4,69742.836
66064.29,70035.09,65151.87,69375.055
65062.22,70018.2,64938.78,69013.08
65035.66,69839.95,64404.13,68646.2
64910.9,69802.07,64073.59,68051.93
64588.85,69775.66,64032.45,67619.47
64371.75,69745.78,64421.66,67256.445
64455.53,69445.766,63677.46,66891.88
64162.77,69343.66,63774.48,66359.695
64020.6,69220.234,63960.14,65943.53
63568.54,69054.03,63765.46,65567.73
63665.07,68659.55,63063.36,65227.85
63090.7,68417.086,63102.21,64677.637
63090.69,68037.55,62739.21,64395.55
62792.94,67772.18,62204.73,64175.523
62686.39,67364.266,61855.32,64018.477
62069.78,67189.39,62037.85,63546.836
62417.15,66962.7,61851.86,63385.305
62157.73,66670.51,61693.52,63307.656
62430.25,66210.48,61830.21,63261.41
61933.15,65820.12,61661.71,62821.117
61799.65,65442.625,60859.39,62725.824
61853.17,65077.613,60551.75,62652.25
61362.88,64656.32,60359.83,62613.324
60694.94,64286.05,60214.11,62259.316
60310.93,63956.25,59310.4,62192.062
59776.4,63675.19,58893.93,62214.676
58422.67,63376.07,58421.95,62385.88
57737.74,62995.69,57589.31,62557.434
56688.25,62670.027,56687.57,62925.21
56367.08,62342.145,55777.23,63054.754
55649.99,61575.64,55186.01,62832.023
55304.44,60807.914,54624.66,61698.824
54674.26,60153.844,54162.92,60845.03
54345.04,59437.844,53736.76,59968.29
53954.47,58257.47,53367.46,59219.723
53472.96,57289.59,52720.54,58041.242
52906.57,56400.36,51976.67,57384.914
52046.29,55507.656,50853.6,56764.35
50548.18,53519.047,49938.8,56253.863
49823.39,52688.008,49038.36,54720.164
48979.78,51789.78,48655.24,54301.02
48359.99,50898.164,47994.16,53496.598
47474.02,50098.016,47232.01,52681.523
46758.65,49293.812,46359.04,51607.12
46290.04,48626.754,45783.44,50867.08
45522.79,48117.01,45224.59,50157.11
44639.17,47695.04,44727.43,49517.215
44265.64,47303.76,43990.0,48729.625
43843.67,46994.72,43501.24,48193.773
43536.98,46751.082,43157.74,47683.402
42923.99,45831.297,43151.45,47214.375
42324.68,45720.94,42349.21,47068.27
42185.23,45695.89,42303.05,46899.652
42419.19,45648.05,41954.76,46794.61
42263.83,45622.113,42138.36,46580.195
42193.6,45583.0,42229.9,46399.29
41937.76,45545.234,42020.24,46215.555
41842.69,45506.54,41765.36,46085.812
41873.42,45491.83,41919.75,46016.945
41736.37,45487.156,41908.46,46056.18
42154.25,45476.85,41813.15,46089.305
41730.72,45513.59,41733.95,46170.035
42157.41,45573.19,41801.71,46268.133
41796.63,45659.29,41889.35,46441.21
41766.68,45700.816,41654.8,46584.0
41776.73,45812.336,41287.91,46696.844
42759.33,45995.523,41783.54,46841.547
43544.65,46247.812,42491.75,47063.086
43951.61,46614.027,43194.31,47281.785
44627.36,47035.5,43814.94,47584.5
45617.53,47655.195,44585.42,47965.984
46474.56,48308.355,45505.2,48538.56
47532.3,49079.375,46119.9,49152.688
48620.23,49933.598,47079.29,49891.02
49861.28,51508.652,47913.19,50693.74
50611.48,52231.406,48804.67,51597.188
51381.48,53048.34,49579.11,52512.344
52035.99,53911.695,50299.18,53498.43
52784.08,55182.418,50974.26,54240.61
53629.57,56267.12,52129.7,55030.395
54578.87,57274.0,52672.41,55756.945
54953.45,58112.805,53277.1,56413.652
54700.9,58818.64,53904.63,57018.38
55172.64,59290.656,54380.22,57579.074
55624.92,59641.99,54727.75,58049.62
55765.99,59902.61,55210.86,58412.06
55547.42,60133.797,55345.85,58701.566
55638.45,60213.11,55424.58,58940.035
55710.17,60261.434,56255.03,59146.12
55615.61,60266.7,56693.91,59279.23
55812.68,60268.52,56227.76,59328.27
56130.64,60217.746,55366.95,59247.2
55967.99,60125.418,55015.73,59058.957
55270.86,60018.832,54503.77,58750.91
54660.62,59810.926,54120.89,58370.668
54101.14,59428.223,53147.28,57894.965
54137.57,59006.67,52667.22,57399.04
53854.97,58655.336,52726.93,56910.223
53154.46,58292.707,51884.01,56470.53
52870.17,57620.49,51090.44,56017.957
52455.51,57014.97,50735.22,55603.184
52197.7,56408.867,50571.32,55261.875
52320.19,55904.73,49889.85,54999.832
52008.03,55484.676,50160.02,54721.723
51621.69,55068.363,50647.57,54481.83
51923.11,54639.25,50397.89,54297.605
52425.15,54574.293,50071.52,54158.027
52155.15,54605.516,50306.65,53975.83
51765.98,54509.797,50243.5,53816.65
52121.74,54253.074,49857.0,53737.52
52354.27,54434.086,49796.72,53737.023
52437.99,54433.12,50569.39,53772.69
52355.3,54492.734,50459.47,53868.78
52073.54,54500.38,50128.05,54074.168
52347.6,54564.69,50452.57,54326.113
51902.41,54463.21,51195.79,54561.754
52121.79,54149.98,51499.66,54711.22
52386.22,54129.797,51282.71,54864.938
52281.91,54400.05,51077.32,54981.402
51832.6,54185.43,51170.89,55101.414
51241.18,53873.812,50536.29,55063.344
50681.57,53430.066,50252.35,55027.24
50009.21,52955.06,49897.71,54973.973
49232.06,52115.805,49216.42,55036.477
48630.07,51347.367,48529.63,54955.668
48126.85,50676.008,47928.04,54966.734
47834.47,50031.895,47210.26,54970.43
47654.54,49481.133,46947.17,54743.887
47419.12,49084.64,46657.38,54430.652
47543.2,48747.047,46592.61,54024.1
47747.17,48430.76,46854.06,53551.98
47732.26,48266.4,46802.38,52896.49
46721.99,48123.1,46412.5,52335.42
46223.97,47772.4,45405.45,51804.973
44989.95,46409.5,44866.66,51345.703
44567.46,46154.746,44085.9,50687.34
43862.27,45830.75,43496.13,50077.383
43136.6,45433.613,42969.64,49344.36
42112.64,44986.21,42134.93,48485.383
41518.72,44526.9,41204.11,47435.234
40867.68,44147.047,40529.02,46428.66
40532.97,43822.984,39979.93,45357.098
39900.89,43542.754,39425.02,44298.97
39346.15,43291.766,38324.94,43126.074
38687.76,43082.4,37758.49,42224.055
38238.02,42898.176,37412.23,41440.387
37763.0,41347.55,37152.5,40789.68
37583.15,41235.324,36545.78,40608.2
37530.51,41139.043,36317.23,40278.977
37413.41,41051.293,36113.86,40002.008
37136.56,41012.32,35877.3,39745.992
36833.1,40941.156,35977.0,39575.668
36759.82,40862.25,36012.97,39372.016
36736.44,40777.43,36052.87,39204.688
36661.6,40727.367,35901.53,39063.906
36542.34,40643.242,35672.36,39023.586
37050.71,40560.39,35616.24,38940.816
36805.7,40484.53,35781.55,38857.195
36609.58,40480.32,35051.69,38758.047
36178.31,40440.566,35394.21,38713.066
36214.51,40396.797,35790.56,38583.63
36229.74,40367.836,35578.06,38457.75
36868.04,40463.918,35915.87,38333.5
37342.84,40534.902,36396.82,38340.992
37787.1,40655.312,36552.85,38319.14
38253.2,40795.906,36994.74,38365.918
38401.79,41090.867,37324.12,38504.727
38943.62,41252.156,37486.23,38869.246
39776.02,41376.19,38008.54,39224.38
40570.55,41536.758,38730.92,39719.41
41159.95,43333.176,39209.04,40301.367
41857.77,43544.527,40332.28,41751.664
42509.27,43698.348,41298.05,42574.95
42905.18,43867.203,42090.94,43398.105
44308.86,44215.633,42813.57,44179.75
44861.01,44571.938,43456.25,45005.105
45532.48,45065.305,44266.34,45756.562
46364.76,45683.242,45176.26,46474.406
46919.89,46652.242,45764.89,47168.457
47595.71,47577.4,46691.66,47870.918
48101.63,48619.08,46809.16,48474.953
48528.77,49601.438,47255.56,48991.523
48757.87,50537.613,47931.82,49427.523
49143.84,51202.87,48581.85,49865.035
49642.48,51759.875,49150.18,50300.844
49478.8,52245.742,49577.72,50718.62
50053.07,52491.105,49433.47,51066.89
49942.54,52741.15,49414.08,51261.844
49743.25,52735.92,48780.71,51182.766
49546.79,52585.047,48322.5,50889.89
48916.36,52413.684,48132.83,50444.773
47824.19,51950.227,47766.1,49937.824
47354.3,51177.96,47085.15,49326.19
47468.47,50519.523,46868.35,48750.9
47423.89,50230.023,46410.16,48236.08
47483.37,49966.902,45748.11,47796.375
47282.68,49847.406,45647.71,47375.176
46865.05,49684.96,45568.93,47021.81
46532.61,49529.027,45543.64,46727.516
46615.55,49266.383,45438.82,46420.94
46421.99,49173.535,45310.14,46151.316
46337.43,49052.53,45080.3,45916.906
46709.69,49018.66,45152.51,45724.727
46798.91,49040.953,44920.54,45457.785
46665.17,49087.83,45137.05,45332.484
46923.76,49079.742,45729.85,45297.02
47615.07,49278.96,45822.59,45342.047
47697.93,49530.93,46068.3,45362.87
47585.31,49726.01,45618.83,45573.438
47979.92,49783.355,45895.99,45900.832
48368.56,50094.67,46551.97,46314.43
47997.0,50300.43,47323.8,46753.016
47908.97,50284.574,47536.13,47209.67
48311.08,50237.87,47677.05,47672.594
48703.37,50570.168,48028.55,48104.875
48612.88,50653.066,47951.03,48504.785
48476.07,50622.33,47550.85,48732.875
47911.6,50509.47,47388.02,48957.04
48144.56,50265.766,47298.41,49186.016
47963.37,49820.207,47442.47,49518.918
47416.53,49359.938,47239.23,49787.97
46851.99,48758.156,46816.58,50009.652
46546.09,48195.348,46340.82,50046.36
46539.01,47496.875,46681.25,49707.574
46732.71,47051.918,46460.22,49307.65
47397.84,46809.965,46646.86,48802.742
47717.4,46875.52,47406.27,48279.766
47450.89,46891.105,47495.96,47588.35
46665.39,46756.29,46885.22,46974.203
46052.31,46369.867,46286.75,46386.89
45112.33,45578.137,45630.14,45895.055
44510.9,45149.887,44843.66,45393.43
43888.61,44571.42,43985.71,44629.297
43610.67,43937.086,43213.69,43817.64
43031.1,43404.66,42574.92,43007.574
42236.28,42754.992,42098.86,42004.207
42150.88,42105.203,41564.24,41318.953
42001.79,41588.31,41129.48,40658.35
41406.01,41232.703,40601.55,40072.715
41309.94,40741.39,39823.74,39259.43
41032.26,40455.664,39454.38,38934.477
40747.63,40161.438,39075.84,38427.973
39960.81,39154.54,38913.36,37972.906
39864.38,39374.72,38879.77,38881.15
39802.27,39566.742,38878.98,38758.105
39793.99,39699.65,39161.44,38719.91
39789.15,39849.59,38994.79,38741.66
39923.19,39854.273,39217.31,38852.22
40060.96,39849.75,39313.75,38934.758
40238.27,39920.46,39283.5,39156.305
40758.78,40114.816,39351.93,39480.8
41160.37,40321.156,40185.72,39941.67
41802.05,40638.38,40627.91,40396.87
42105.33,41116.152,41250.99,40913.176
43714.07,41773.844,41955.67,41523.34
44036.76,42762.145,43462.64,42388.75
45151.26,43893.61,44106.09,43423.977
47068.25,45410.58,44713.51,44774.52
50459.6,47875.723,46337.92,46525.797
52850.96,50819.008,50010.07,49161.5
54547.83,53614.516,52187.37,51858.58
56216.19,56026.676,53865.28,54591.44
58184.32,58477.6,55400.05,56954.844
59284.62,59976.79,57111.69,59074.043
60193.32,61143.902,58445.98,60615.406
60825.42,62067.01,59544.07,61912.156
61424.75,61147.223,60575.91,62968.535
62078.78,62203.24,61338.18,63654.086
62552.7,63018.156,62089.64,64220.484
63224.26,63651.15,62451.39,64736.242
63032.08,64333.64,62879.83,65135.2
63581.76,64670.59,62577.36,65441.656
64328.99,64953.504,62895.13,65701.4
65159.2,65190.55,63474.22,65951.11
65853.15,65569.14,64107.86,66194.95
66306.25,65691.414,64826.82,66445.53
66586.73,65771.51,65074.41,66714.27
66997.63,65817.68,65416.0,67020.414
67048.01,66122.016,65999.13,67322.81
67404.11,66227.69,66225.23,67572.47
67626.22,66156.13,66640.52,67848.26
67685.2,66067.97,67202.49,68082.47
67470.77,66088.5,67250.93,68264.19
67398.82,65939.81,66535.47,68349.195
67343.51,65805.016,66174.26,68355.875
67540.07,65628.55,66263.24,68320.484
67319.97,65520.043,66204.05,68249.27
67150.02,65371.98,66103.71,68050.76
67021.33,65246.82,65696.8,67869.5
66114.8,65630.63,65098.87,67492.61
65745.48,65415.605,64909.82,67317.19
65831.14,65278.836,64505.36,66994.05
66097.46,65146.26,64575.51,66691.62
64986.21,65020.117,63891.7,66402.13
65064.63,64757.76,63599.36,66108.98
64837.55,64653.73,63930.75,65679.96
64688.13,64547.207,63235.49,65278.586
64041.07,64449.65,62740.22,64900.39
63823.44,64145.85,62285.66,64518.273
63329.79,64066.004,62128.39,63980.703
63416.06,64000.473,61749.56,63553.477
63354.7,63956.78,61583.96,63257.395
63601.16,63667.367,61539.32,63063.54
63212.0,63597.574,61851.19,62779.367
63412.88,63534.227,61634.71,62642.26
63706.2,63495.914,61528.19,62571.17
62842.97,63220.14,61514.46,62552.266
62603.36,63134.28,61275.38,62345.45
62608.54,63063.28,60817.8,62325.11
62634.69,63015.293,60782.62,62344.43
62119.49,62753.062,61063.26,62409.19
61447.82,62650.742,60867.41,62171.383
61205.91,62547.83,60154.57,62119.66
60647.44,62435.668,59883.79,62094.08
59887.57,62221.555,59671.93,62079.99
59090.74,62099.664,59019.68,61602.734
58404.26,61950.36,58220.94,61478.9
57595.32,61805.75,57644.3,61472.824
57103.93,61331.64,56626.67,61443.617
56789.25,60702.035,56227.48,60710.574
56098.48,60031.508,55813.97,59920.414
55551.27,59412.035,55433.74,58886.36
55344.38,58308.125,55337.64,57822.465
54611.67,57073.27,54821.1,56373.164
53407.12,56093.375,54233.04,55362.734
52363.0,55189.156,52978.28,54419.65
50940.67,54013.98,51967.95,53638.008
50091.27,52370.266,50775.28,52110.355
49145.77,51048.22,49808.07,51411.87
48468.03,49933.61,49121.93,50222.617
47470.18,48846.535,48127.83,49066.33
47193.64,47739.12,46594.17,47701.17
46347.85,46979.266,45848.95,46749.164
46008.07,46271.91,45583.57,45884.22
45548.38,45605.203,45328.89,45159.285
45247.89,45002.418,44485.41,44454.203
44931.39,44538.66,43940.56,43947.355
44547.95,44161.86,43657.17,43487.43
44524.75,42910.492,43538.37,43094.023
44642.36,44241.66,42353.7,42629.812
44290.96,45011.35,42470.72,42485.71
44240.11,45325.773,42335.7,42417.07
44326.7,45550.895,42450.91,42369.707
44539.03,45593.953,42864.15,42419.29
44742.02,45679.36,42917.75,42487.125
44787.4,45808.133,42763.94,42646.31
45052.08,46059.234,42940.62,42883.832
45473.6,46276.574,43371.7,43271.633
45908.14,46657.414,43613.97,43677.402
46227.97,47212.113,44282.15,44152.47
46605.74,48099.992,44991.52,44704.188
47086.68,49116.9,46451.14,45489.414
48342.36,50441.08,46683.56,46301.13
49819.66,52279.816,47620.1,47259.387
52896.41,54172.914,49193.73,48643.203
54991.52,56755.117,52245.9,51131.49
56848.92,58939.24,54231.82,53696.363
58169.77,60626.773,55508.18,56522.93
59389.38,62500.75,56798.54,58034.938
60438.76,63260.83,58992.04,60457.598
61782.72,63831.625,60138.65,61962.89
62281.93,64251.42,61508.71,63157.34
62211.6,64888.953,62252.62,64098.645
62799.99,65444.258,63339.63,64713.74
63334.2,65882.11,64036.26,65202.242
63584.36,66223.25,64325.75,65625.19
63675.02,66576.88,64707.51,65961.555
64128.32,66748.53,64639.89,66234.66
64361.62,66906.25,65273.63,66476.516
64606.92,67035.69,65877.19,66703.47
65290.04,67195.32,66541.77,66921.39
65751.53,67252.22,66782.06,67177.71
66221.79,67322.58,66965.04,67423.36
66640.59,67367.9,67248.83,67716.5
67701.31,67438.34,67548.87,68029.664
67995.71,67449.516,67732.6,68379.22
68193.59,67458.625,67503.03,68635.68
68036.12,67435.49,67522.86,68841.21
67448.55,67369.36,67603.55,68986.234
67066.75,67270.04,67351.81,69056.945
66935.12,67164.72,66625.81,69022.89
66872.5,67030.555,66579.92,68972.98
67045.83,66784.91,66660.42,68872.75
66813.48,66592.47,66446.18,68673.38
66399.16,66424.32,66294.6,68451.31
66095.85,66258.22,65781.91,68229.32
66086.65,65967.45,65363.63,68001.695
65938.28,65783.016,65236.23,67632.836
65462.39,65627.125,65412.85,67289.31
64985.74,65490.875,65209.56,66962.18
64624.65,65161.258,65122.84,66643.36
64291.08,65019.48,64726.83,66162.516
63937.56,64885.258,64763.06,65718.58
63498.84,64781.082,64047.65,65292.83
63316.87,64425.26,63587.83,64860.152
62769.86,64298.062,63032.72,64267.086
63015.31,64204.062,62679.61,63783.027
62894.86,64110.5,62421.25,63445.426
62655.68,63773.973,62259.72,63208.723
62613.42,63663.766,62224.47,62874.07
62665.94,63580.46,61959.89,62697.59
62925.71,63501.555,61890.89,62608.086
62446.66,63176.758,61994.68,62558.926
62155.26,63057.023,61711.62,62333.535
62218.64,62947.297,61481.62,62293.062
62265.92,62863.598,61418.17,62300.75
61875.85,62592.58,61541.38,62356.4
61176.81,62485.227,61407.67,62183.62
61165.0,62396.504,60769.34,62142.48
60744.01,62321.555,60246.29,62135.168
60194.68,62083.676,59994.63,62150.188
59134.34,61973.14,59283.18,61831.746
58534.5,61864.113,58601.87,61795.773
57937.86,61776.04,58045.51,61887.43
57098.09,61261.29,57188.95,61956.42
56478.29,60620.562,56383.8,61125.246
56144.43,59912.945,56141.95,60375.535
55985.92,59241.402,56116.0,59410.637
55741.65,58097.72,55581.96,58423.72
54939.25,56895.12,55046.25,56974.13
53766.17,55919.3,54303.45,55975.582
52587.71,55061.668,53532.02,55017.633
51512.43,53305.83,52330.22,54202.69
50367.01,51990.3,51408.28,52380.492
49631.91,50842.293,50299.66,51632.676
48806.58,49922.375,49367.23,50431.98
47812.53,48955.023,48738.19,49249.984
47384.15,48004.926,47301.69,47897.652
46765.35,47318.44,46817.35,46940.953
46490.39,46735.543,46452.56,46075.13
45696.63,46152.848,45987.85,45352.094
45563.31,45582.07,45508.45,44614.61
45122.56,45152.832,45151.51,44115.938
44890.48,44772.066,44998.54,43666.06
44352.46,43695.97,44638.85,43274.914
44333.34,44742.246,44031.32,42893.883
44119.5,45309.74,43755.49,42717.76
44319.53,45581.414,43319.34,42624.535
44422.4,45854.594,43319.77,42556.746
44389.48,45953.04,43485.49,42578.95
44518.26,46035.086,43665.11,42623.9
44772.76,46126.395,43378.51,42757.18
44945.25,46355.082,43668.76,42978.812
45107.08,46541.95,44342.17,43351.855
45429.45,46820.293,44812.22,43720.504
45916.97,47223.05,44912.76,44160.344
46838.53,47925.13,45395.98,44675.652
47259.31,48746.395,46530.16,45432.305
47852.4,49800.383,46884.01,46192.855
49319.66,51179.766,47525.06,47137.312
52569.76,53842.33,48727.24,48326.41
54610.91,56294.355,51833.46,50323.914
56238.55,58437.082,53743.93,52462.207
57651.64,60020.273,55099.48,55023.66
59135.97,61732.58,56395.55,57535.977
60406.62,62413.086,57841.82,60004.168
61342.09,62925.207,58733.24,61637.906
62175.49,63317.527,60028.94,62929.332
62401.85,64382.902,60619.99,63913.234
62610.06,64843.0,61799.96,64556.477
63076.96,65246.008,62493.58,65010.457
63467.84,65580.69,63146.37,65424.56
63394.48,66007.41,63566.86,65744.73
63779.25,66160.7,63298.04,65978.52
64260.84,66306.21,63597.96,66194.46
64844.71,66412.734,64353.59,66408.945
64429.93,66581.805,64878.53,66632.03
64246.05,66576.76,64960.77,66844.39
64594.36,66555.766,65210.11,67117.86
65021.12,66498.266,65573.99,67433.54
65193.29,66444.79,65887.12,67766.53
65779.55,66265.125,65954.31,68031.53
66253.13,66062.83,66365.53,68290.11
66525.64,65834.74,66425.18,68514.914
66166.18,65589.445,66072.7,68681.09
66034.78,65305.54,65668.0,68666.5
66089.29,65049.973,65659.7,68639.6
66123.28,64811.867,65690.66,68578.94
66061.6,64509.57,65581.24,68485.734
65994.02,64274.883,65876.32,68194.836
65935.53,64074.26,65642.28,67942.63
65539.83,63898.21,65237.24,67697.73
65223.34,63584.406,64657.33,67435.4
65194.81,63411.223,64548.45,66971.96
64990.36,63268.1,64370.22,66577.57
64857.03,63131.953,64015.24,66220.14
64863.32,62778.14,63638.65,65862.08
64652.73,62655.844,64072.67,65339.875
64036.67,62550.723,63973.09,64888.37
63281.85,62473.914,63321.08,64477.223
62769.89,62120.855,62592.67,64058.125
62218.73,62038.77,62355.62,63501.016
61899.85,61972.55,61874.11,62992.62
61675.19,61924.812,61645.16,62618.77
61731.97,61628.555,61570.99,62358.145
61679.58,61563.758,61844.67,62050.7
62041.69,61513.234,61524.51,61903.965
62037.26,61465.266,61298.47,61823.55
61804.34,61230.242,61417.68,61786.26
61540.77,61131.2,61408.12,61647.51
61551.67,61045.625,61199.86,61633.938
61590.5,60976.027,60824.65,61662.32
61472.89,60814.895,60846.87,61738.508
60585.89,60736.67,60411.83,61708.562
60469.46,60705.6,59818.64,61750.883
60090.83,60716.76,59638.73,61850.5
59582.51,60742.28,59351.54,61991.26
58864.49,60762.48,58942.48,62131.68
58080.45,60716.51,58113.37,62396.188
57311.16,60595.07,57388.42,62768.05
56766.2,59917.527,56594.85,62968.184
56180.34,59139.74,56075.21,62172.113
55801.63,58423.55,55899.89,61369.555
55806.59,57880.984,55795.13,60309.414
54934.59,57056.875,55662.94,59179.05
54237.96,56163.965,55073.9,57736.78
53196.05,55560.297,54398.45,56552.188
52254.64,55051.492,53328.09,55406.812
50966.18,53548.266,52051.25,54431.062
49833.27,52470.188,50972.81,53162.844
49148.15,51432.0,49849.24,52207.473
48637.54,50544.816,49149.86,50857.29
47831.22,49613.258,48398.18,49611.312
47180.08,48690.223,47470.47,48331.7
47020.32,47975.89,47060.99,47377.11
46831.38,47451.133,46432.64,46534.895
46204.49,46903.195,45868.42,45837.434
45839.99,46369.562,45333.24,45095.45
45414.82,45935.523,45045.2,44602.805
45201.2,45549.273,45080.15,44153.17
44649.48,44168.246,44640.91,43757.574
44772.9,45283.67,44081.52,43328.33
44530.78,45870.113,44193.96,43097.395
44623.28,46146.234,44047.04,42963.188
44743.05,46387.273,43969.7,42863.04
44764.16,46470.676,44242.64,42857.05
44607.03,46537.336,44135.58,42880.49
44730.81,46562.004,44170.83,42991.355
45040.17,46711.246,44583.39,43187.875
45397.88,46817.64,44707.41,43532.05
45860.06,47024.258,44765.36,43872.164
46093.46,47329.746,45174.6,44278.97
47465.42,47834.03,45601.34,44754.977
47924.48,48444.793,46819.05,45457.895
48681.77,49119.62,47211.12,46138.715
49925.31,49909.47,47827.32,46962.793
52589.91,51265.797,49241.08,47983.6
54311.51,52619.797,51966.01,49636.062
55958.31,54047.832,53577.2,51316.492
57413.88,55447.434,55136.19,53458.125
58815.97,57374.285,56673.47,55799.934
59966.57,58427.984,58203.06,58481.766
60783.37,59248.34,59350.14,60466.727
61598.07,59898.594,60383.62,62135.617
62613.53,61171.098,61352.57,63412.22
63032.47,61953.793,62187.32,63566.082
63216.26,62598.902,62826.4,64135.95
63497.26,63135.0,63377.63,64637.934
63305.93,63668.453,63634.45,65006.41
63779.67,63924.668,63329.93,65141.766
64568.0,64078.785,63647.5,65396.047
65159.74,64132.133,64142.75,65644.625
65466.29,64114.395,64538.01,65905.13
65644.16,63990.4,64386.6,66114.44
66276.79,63845.336,64843.27,66445.34
66614.77,63666.16,65177.25,66826.21
67006.54,63427.0,65975.47,67233.195
67265.44,63226.938,66397.72,67556.54
67531.57,63034.055,66997.01,67898.31
67472.12,62870.617,67534.52,68211.195
67382.19,62619.953,67798.84,68476.555
67082.72,62477.914,67081.91,68527.414
67008.61,62359.367,66488.06,68576.29
66844.03,62258.145,66421.55,68586.08
66886.61,62003.285,66280.57,68565.125
66434.71,61917.875,66426.05,68302.94
66059.8,61840.688,66413.64,68117.305
65562.16,61784.938,66134.74,67932.56
65516.11,61502.895,65634.91,67739.086
65321.6,61456.027,65477.23,67242.0
64906.42,61420.75,65789.75,66907.14
64485.77,61397.504,65517.09,66602.76
64460.7,61079.746,65009.8,66316.99
64182.1,61038.707,65143.49,65736.83
63736.36,61008.68,64535.15,65354.254
63216.14,60996.04,64308.74,65013.523
63004.18,60666.293,63768.02,64663.17
62746.26,60602.95,63508.21,64070.332
62503.5,60557.44,62892.99,63590.945
62214.9,60528.074,62501.79,63266.074
62560.76,60261.17,62484.53,63027.305
62363.69,60163.875,62859.55,62763.16
62153.12,60082.07,63007.46,62582.89
62290.59,60014.12,62864.12,62529.84
62092.39,59904.945,62719.47,62528.867
61738.56,59771.305,62480.44,62484.723
61806.78,59667.105,61997.94,62474.5
61931.96,59593.43,62310.71,62528.035
61699.41,59830.523,62553.71,62627.008
61038.11,59732.33,62298.34,62621.62
60488.64,59709.37,61631.73,62646.86
60185.83,59751.324,61303.7,62744.855
59633.59,60082.066,61011.19,62907.887
58880.97,59874.516,60116.23,63295.84
58248.86,59658.992,59194.01,63682.734
57426.39,59424.664,58375.26,63967.805
56830.94,58745.01,57942.27,63892.797
56439.87,58047.78,57411.92,63048.98
55799.93,57555.56,56724.48,61952.44
55351.62,57197.46,56832.18,60654.36
54731.36,56477.785,56409.02,59379.17
54129.77,55795.23,55507.53,58045.215
53087.93,55341.406,54596.84,56835.67
52054.9,54948.203,53508.39,55747.938
51198.92,53288.977,52387.21,54873.797
50259.24,52316.47,51234.58,54026.492
49492.33,51327.305,50327.78,53091.73
48570.94,50441.69,49462.68,51845.105
47792.14,49393.566,48647.55,50698.34
47324.83,48487.67,47945.22,49492.875
47117.66,47811.74,47336.45,48556.215
46689.1,47303.39,47008.64,47715.055
46228.46,46736.484,46496.74,47004.387
45856.19,46248.426,45878.63,46243.32
45422.59,45845.285,45508.96,45711.324
45367.86,45489.164,45114.43,45224.906
44799.4,44481.008,45097.08,44797.367
44748.72,45292.86,44574.41,44141.535
44613.58,45755.68,44468.47,43955.484
44525.82,46010.36,44402.54,43831.227
45080.77,46225.81,44307.47,43727.344
44941.12,46366.44,44688.22,43713.535
44858.92,46443.383,44478.06,43723.586
44936.67,46496.58,44493.75,43814.84
45734.86,46670.01,44492.46,43980.03
45988.63,46865.0,44849.71,44293.184
46273.41,47110.43,45180.88,44593.547
46747.81,47420.15,45613.87,44967.586
47880.23,47963.08,45996.78,45420.63
48325.55,48556.42,46961.83,46121.77
48904.26,49226.36,47451.97,46790.984
50304.9,50002.125,48271.06,47629.54
52932.09,51309.734,49435.87,48709.855
54839.3,52597.074,52247.66,50529.53
56481.12,53978.41,53915.44,52531.9
57773.55,55363.074,55546.6,55231.406
59405.91,57438.67,56864.26,58060.555
60145.42,58624.957,58509.17,60546.68
61358.7,59552.484,59443.03,62176.375
62222.55,60269.285,59940.62,63470.453
63212.99,62044.957,61425.15,64480.336
64007.18,62668.508,62606.16,65167.66
64358.6,63197.367,63031.99,65710.28
65040.01,63640.19,63180.52,66167.54
64814.84,64238.26,63367.12,66500.0
65038.33,64429.0,63149.87,66826.62
65732.99,64560.508,63642.5,67034.8
66206.05,64610.79,64611.6,67247.63
66619.25,64719.434,64967.32,67479.625
66899.25,64563.1,65194.29,67738.164
67154.78,64376.43,65467.58,67997.28
67379.09,64154.203,65949.53,68288.96
67421.6,63927.453,66471.92,68587.19
67499.67,63646.883,66259.33,68814.734
67817.94,63373.15,66659.12,69013.43
67791.99,63120.285,67027.79,69164.25
67357.85,62826.758,67286.65,69253.09
66860.88,62595.75,66732.86,69184.61
66707.4,62394.754,66442.52,69068.28
66169.55,62230.66,66073.7,68902.44
65780.4,61964.06,65859.23,68690.3
65151.87,61839.938,65612.88,68261.46
64938.78,61748.51,65261.89,67867.48
64404.13,61670.555,64752.46,67470.56
64073.59,61428.24,64232.76,67082.51
64032.45,61414.312,64187.41,66472.984
64421.66,61416.92,63890.71,65979.82
63677.46,61383.133,63481.75,65546.45
63774.48,61090.016,62770.21,65156.867
63960.14,61090.254,62384.13,64586.023
63765.46,61089.367,62141.38,64119.875
63063.36,61110.094,61883.07,63710.973
63102.21,60716.93,61468.08,63319.383
62739.21,60682.453,61670.05,62766.992
62204.73,60643.938,61258.85,62401.04
61855.32,60650.348,60556.93,62145.09
62037.85,60338.812,60026.64,61948.734
61851.86,60281.04,59757.87,61559.62
61693.52,60260.188,59793.75,61355.246
61830.21,60223.16,60066.27,61179.168
61661.71,59952.14,60045.82,61009.203
60859.39,59788.39,60101.81,60629.402
60551.75,59665.227,59623.66,60423.004
60359.83,59579.87,59612.1,60244.945
60214.11,59539.89,59393.1,60107.34
59310.4,59365.39,58923.67,59846.125
58893.93,59269.254,58262.58,59701.38
58421.95,59211.91,57599.07,59614.73
57589.31,59339.414,57114.71,59621.285
56687.57,59103.508,56352.02,59660.31
55777.23,58918.28,55305.33,59670.684
55186.01,58744.67,54547.57,59763.855
54624.66,57987.6,54062.97,59822.953
54162.92,57253.11,53500.74,58995.777
53736.76,56662.93,53131.04,58291.016
53367.46,56195.42,52809.67,57386.56
52720.54,55200.03,52692.51,56496.254
51976.67,54436.777,52312.18,55264.773
50853.6,53793.918,51740.23,54426.008
49938.8,53038.035,50750.61,53629.504
49038.36,52002.477,49971.69,52957.457
48655.24,51106.58,49299.01,51512.242
47994.16,50225.414,48422.81,50901.434
47232.01,49389.664,47442.91,49889.83
46359.04,48562.953,46841.19,48893.574
45783.44,47617.23,46241.89,47739.844
45224.59,46854.258,45780.39,46896.72
44727.43,46210.56,45024.38,46129.94
43990.0,45653.6,44645.99,45473.734
43501.24,45074.75,44117.76,44758.508
43157.74,44597.316,43299.93,44273.12
43151.45,44220.465,43009.38,43821.883
42349.21,42331.32,42480.21,43426.883
42303.05,42406.41,41639.38,42563.5
41954.76,42531.688,41006.39,42336.797
42138.36,42510.85,40739.37,42200.5
42229.9,42494.703,40688.16,41978.758
42020.24,42427.836,40028.53,41770.215
41765.36,42340.82,39881.32,41595.668
41919.75,42256.457,39752.85,41488.438
41908.46,42275.82,39757.94,41449.207
41813.15,42317.094,39359.5,41490.383
41733.95,42395.06,39341.62,41574.305
41801.71,42506.61,39407.5,41707.574
41889.35,42701.96,39402.27,41878.875
41654.8,42922.883,39804.18,42110.805
41287.91,43118.62,39420.76,42318.594
41783.54,43271.863,39120.46,42541.9
42491.75,43603.113,39356.96,42788.89
43194.31,44101.42,40516.73,43170.83
43814.94,44817.477,41113.86,43563.535
44585.42,45720.85,42010.27,44086.277
45505.2,46974.11,42773.2,44755.695
46119.9,48336.375,43590.3,45757.508
47079.29,49690.047,44387.82,46749.21
47913.19,50939.934,45689.74,47777.953
48804.67,52052.07,46633.13,48750.773
49579.11,52959.137,47830.87,49716.85
50299.18,53789.863,48921.13,50607.223
50974.26,54653.645,49820.97,51456.547
52129.7,55552.996,50739.65,52213.207
52672.41,56327.03,51260.14,53103.23
53277.1,56888.293,51854.76,53772.098
53904.63,57248.5,52736.77,54371.34
54380.22,57550.574,53087.83,54905.11
54727.75,57624.664,53653.99,55507.938
55210.86,57583.086,54059.16,55915.992
55345.85,57440.965,54283.84,56251.43
55424.58,57323.082,54872.21,56540.582
56255.03,57067.86,54781.63,56895.758
56693.91,56769.92,55117.2,57142.95
56227.76,56443.414,55461.85,57335.234
55366.95,56157.383,55849.99,57419.68
55015.73,55819.176,55562.82,57413.23
54503.77,55473.926,55469.32,57251.996
54120.89,55136.457,55619.51,56946.008
53147.28,54832.973,55208.07,56550.777
52667.22,54509.15,54584.75,56086.734
52726.93,54188.586,53801.32,55558.785
51884.01,53941.695,52894.08,55068.48
51090.44,53676.074,52473.35,54595.234
50735.22,53283.504,51763.71,54108.92
50571.32,52923.484,51178.61,53658.234
49889.85,52646.36,50882.25,53276.05
50160.02,52308.812,50727.25,52997.855
50647.57,52062.395,51010.8,52720.355
50397.89,52032.082,51028.57,52464.008
50071.52,51944.906,50964.88,52302.926
50306.65,51888.44,50824.31,52195.19
50243.5,51755.39,51045.4,51997.13
49857.0,51642.17,50824.76,51803.68
49796.72,51441.387,50416.66,51718.914
50569.39,51470.883,50142.99,51738.23
50459.47,51494.617,49845.18,51818.676
50128.05,51468.19,49871.71,51984.07
50452.57,51339.656,50144.33,52222.45
51195.79,51580.023,50491.66,52476.547
51499.66,51628.797,51822.32,52675.324
51282.71,51707.37,52020.56,52775.64
51077.32,51685.89,51560.46,52876.48
51170.89,51884.234,51237.16,52948.46
50536.29,51668.65,51236.83,52997.23
50252.35,51295.016,50739.63,52893.164
49897.71,50937.508,50493.51,52775.996
49216.42,50846.047,50569.68,52635.887
48529.63,50132.188,49894.18,52549.523
47928.04,49392.68,48573.08,52240.85
47210.26,48671.668,47739.64,52025.254
46947.17,48103.246,47991.95,51988.348
46657.38,47366.387,47487.26,51981.305
46592.61,46808.824,47352.49,51936.8
46854.06,46434.625,47991.65,51761.07
46802.38,46303.926,48039.9,51395.62
46412.5,46060.953,47657.78,50778.336
45405.45,45744.004,46789.64,50127.504
44866.66,45225.992,46387.24,49493.332
44085.9,44165.246,45920.04,48918.703
43496.13,43816.92,44504.37,48107.65
42969.64,43351.375,43849.58,47328.465
42134.93,42850.68,43279.2,46420.035
41204.11,42318.707,42721.17,45436.63
40529.02,41690.785,41512.2,44309.184
39979.93,41167.97,40937.97,43334.543
39425.02,40762.9,40320.04,42420.96
38324.94,40497.098,39519.77,41579.914
37758.49,40217.227,39027.44,40723.406
37412.23,40006.098,38505.45,40052.535
37152.5,39840.16,37797.68,39464.246
36545.78,37756.18,37484.89,38965.594
36317.23,37733.65,37091.86,38278.688
36113.86,37751.527,37210.64,38040.035
35877.3,37770.86,36747.66,37853.023
35977.0,37812.57,36897.15,37703.973
36012.97,37837.992,36551.82,37592.28
36052.87,37863.89,36600.23,37500.977
35901.53,37889.164,36319.65,37438.133
35672.36,37938.0,36408.57,37403.633
35616.24,37953.504,36119.42,37418.11
35781.55,37963.875,36057.08,37427.617
35051.69,37978.625,36332.38,37433.773
35394.21,38015.188,36215.93,37414.555
35790.56,38030.484,36444.27,37421.61
35578.06,38062.914,36176.8,37391.562
35915.87,38101.61,36159.65,37366.742
36396.82,38239.5,36034.32,37357.133
36552.85,38351.47,36382.78,37470.125
36994.74,38495.73,36415.4,37563.406
37324.12,38856.305,36939.56,37909.836
37486.23,39125.156,37312.22,37865.79
38008.54,39333.797,38011.76,38314.18
38730.92,39574.74,38497.48,38771.21
39209.04,39826.12,38777.04,39343.992
40332.28,41431.797,39537.02,39995.035
41298.05,41676.617,40235.27,41513.086
42090.94,41918.906,41442.98,42366.945
42813.57,42212.22,42189.78,43230.695
43456.25,42706.46,43041.76,44096.594
44266.34,43138.516,43579.14,45072.68
45176.26,43674.0,44042.05,45875.305
45764.89,44354.812,44540.35,46636.504
46691.66,45223.49,45035.15,47363.633
46809.16,46101.598,45620.17,48136.094
47255.56,46817.023,46511.83,48752.85
47931.82,47458.2,47180.03,49287.363
48581.85,48146.793,47823.92,49765.703
49150.18,48700.94,48393.79,50304.36
49577.72,49158.03,49000.05,50814.29
49433.47,49491.43,49742.98,51301.242
49414.08,49666.258,49809.87,51660.17
48780.71,49651.508,50104.79,51871.0
48322.5,49383.33,49550.95,51761.023
48132.83,49022.633,49260.47,51423.14
47766.1,48764.977,49032.54,50937.37
47085.15,48392.676,48514.96,50395.75
46868.35,47902.555,48080.39,49718.383
46410.16,47534.023,47533.83,49110.28
45748.11,47206.95,47369.36,48577.695
45647.71,46699.42,46750.95,48061.895
45568.93,46387.996,46709.59,47618.758
45543.64,46197.742,46407.83,47220.797
45438.82,46149.848,45807.49,46884.094
45310.14,46041.656,45595.28,46568.008
45080.3,45982.188,45633.19,46280.047
45152.51,45906.293,45262.44,46009.7
44920.54,46015.66,45016.48,45866.305
45137.05,45952.36,45115.86,45761.32
45729.85,46005.36,44962.2,45720.234
45822.59,46248.543,45206.81,45791.18
46068.3,46535.688,45369.58,45971.395
45618.83,46706.11,45705.17,46193.895
45895.99,46690.766,45842.04,46571.12
46551.97,46788.98,45750.13,47028.023
47323.8,47181.297,45831.91,47518.97
47536.13,47563.71,46615.61,47978.086
47677.05,47893.43,47125.93,48345.793
48028.55,48151.56,47026.41,48659.05
47951.03,48597.703,46934.66,48926.312
47550.85,48604.76,47719.27,49131.027
47388.02,48439.91,47700.24,49164.605
47298.41,48256.23,47697.85,49179.895
47442.47,48223.01,47459.55,49171.543
47239.23,48024.22,47697.06,49079.77
46816.58,47774.06,47498.83,48967.633
46340.82,47409.234,47258.72,48948.727
46681.25,47017.094,46623.3,49114.207
46460.22,46739.504,46519.17,49296.35
46646.86,46436.062,46551.25,49564.64
47406.27,46287.664,47190.19,49667.78
47495.96,46442.945,47643.16,49567.76
46885.22,46447.023,47826.3,49129.453
46286.75,46172.895,47325.68,48557.027
45630.14,45752.688,46624.92,47848.49
44843.66,44372.88,45609.2,47148.605
43985.71,43975.01,44997.77,46081.42
43213.69,43326.055,44477.54,45101.363
42574.92,42631.316,43597.07,44064.867
42098.86,41951.29,42950.47,43094.594
41564.24,41297.92,42244.1,42072.934
41129.48,40711.156,41891.96,41331.406
40601.55,40202.906,41664.76,40676.824
39823.74,39751.78,41107.26,40114.707
39454.38,39318.82,40520.22,39532.68
39075.84,38988.867,40176.68,39122.164
38913.36,38736.797,39786.61,38731.105
38879.77,38551.273,39157.3,38368.16
38878.98,38750.94,38711.19,38715.47
39161.44,38951.03,38793.28,38529.926
38994.79,39143.52,38652.81,38445.383
39217.31,39330.547,38508.72,38417.41
39313.75,39410.445,38968.59,38469.09
39283.5,39494.67,39013.73,38555.832
39351.93,39574.53,39039.26,38699.67
40185.72,39768.42,38910.25,38914.344
40627.91,40005.09,39870.51,39235.73
41250.99,40360.48,40200.01,39589.44
41955.67,40853.63,40710.66,40025.78
43462.64,41650.64,41214.79,40583.87
44106.09,42750.29,42657.33,41411.58
44713.51,44133.086,43540.95,42416.18
46337.92,45828.414,44255.84,43745.64
50010.07,48340.66,45617.8,45514.29
52187.37,50980.438,48794.64,48233.52
53865.28,53379.168,51216.7,51098.234
55400.05,55361.082,52912.44,53858.566
57111.69,57346.54,54305.79,56186.668
58445.98,58576.82,56234.57,58396.406
59544.07,59551.184,57470.43,59955.312
60575.91,60335.023,58630.0,61258.234
61338.18,60205.926,59729.23,62329.152
62089.64,61272.918,60714.03,61629.99
62451.39,62079.566,61477.17,62043.21
62879.83,62740.836,62047.61,62493.164
62577.36,63439.195,62202.55,62847.176
62895.13,63740.062,61817.32,63611.984
63474.22,63967.656,62247.3,63905.113
64107.86,64130.03,62960.84,64194.53
64826.82,64424.938,63830.28,64525.223
65074.41,64389.91,64277.42,65117.12
65416.0,64354.086,64218.88,65521.734
65999.13,64264.434,64327.61,65966.65
66225.23,64296.113,64696.73,66421.13
66640.52,64083.617,64939.55,66950.984
67202.49,63906.297,65504.4,67288.19
67250.93,63727.445,65946.9,67562.81
66535.47,63669.03,65766.76,67764.4
66174.26,63413.7,65511.31,67858.73
66263.24,63170.223,65312.55,67857.11
66204.05,62944.08,65412.07,67808.914
66103.71,62849.18,65907.14,67728.664
65696.8,62641.156,65914.07,67512.11
65098.87,62492.492,65517.88,67301.1
