actual_mw_step_1,predicted_mw_step_1,actual_mw_step_2880,predicted_mw_step_2880
66114.8,63052.67,63130.16,65460.99
65745.48,63409.47,62733.54,65204.957
65831.14,63383.926,62917.67,65189.664
66097.46,63982.258,63101.09,65378.203
64986.21,63869.133,62793.52,65162.53
65064.63,63884.105,62331.46,64945.805
64837.55,63897.324,62116.03,64395.117
64688.13,63849.93,61901.99,64132.547
64041.07,63778.832,62040.96,63875.586
63823.44,63506.72,61472.13,63634.4
63329.79,63459.047,60970.09,63014.668
63416.06,63378.086,60737.17,62774.727
63354.7,63289.82,60578.11,62571.906
63601.16,62788.17,60491.43,62433.1
63212.0,62683.93,60577.0,61934.723
63412.88,62585.406,60437.88,61841.23
63706.2,62521.785,60254.63,61792.754
62842.97,61882.246,60049.07,61779.62
62603.36,61760.547,59785.31,61404.08
62608.54,61643.414,59307.82,61452.203
62634.69,61550.758,59315.4,61510.63
62119.49,60821.715,59663.99,61554.758
61447.82,60658.5,59734.32,61045.324
61205.91,60449.902,59085.61,60908.54
60647.44,60171.586,58511.32,60691.7
59887.57,59491.586,57962.42,60406.57
59090.74,59288.184,57045.09,59503.05
58404.26,59086.668,57317.79,59063.875
57595.32,58973.656,56647.09,58621.703
57103.93,58534.652,56628.97,58206.34
56789.25,58392.188,56503.11,57498.17
56098.48,58186.91,56192.01,57007.895
55551.27,58076.023,55425.02,56441.785
55344.38,57343.39,54599.83,55808.906
54611.67,57085.97,53184.43,54667.68
53407.12,56963.477,52080.19,53725.95
52363.0,56963.57,51124.94,52741.215
50940.67,53757.19,50077.12,51761.45
50091.27,53323.203,48192.37,50088.14
49145.77,52815.797,47259.19,49073.273
48468.03,52270.254,46704.62,47983.605
47470.18,51558.4,45849.43,46995.547
47193.64,50908.332,45218.02,45787.363
46347.85,50319.613,44719.51,45060.695
46008.07,49734.16,43973.37,44443.195
45548.38,49150.79,43688.64,43906.152
45247.89,48612.227,43142.26,43088.395
44931.39,48141.168,42927.74,42669.18
44547.95,47762.582,42486.33,42295.37
44524.75,45792.43,42119.41,41962.82
44642.36,45537.492,41733.74,41791.367
44290.96,45316.06,41854.05,41764.086
44240.11,45199.062,41928.18,41733.297
44326.7,45330.684,42128.87,41743.25
44539.03,45398.37,41788.97,41819.08
44742.02,45552.152,41540.67,41895.754
44787.4,45764.484,41919.54,42021.78
45052.08,46227.375,42090.89,42200.82
45473.6,46667.812,42191.41,42499.023
45908.14,47203.33,42379.17,42820.613
46227.97,47762.613,42820.44,43301.836
46605.74,48481.445,43350.47,43938.688
47086.68,49068.164,44706.0,44832.98
48342.36,49629.785,45465.2,45818.55
49819.66,50236.926,45896.25,47144.29
52896.41,51068.543,46821.94,49055.74
54991.52,51774.566,49543.06,51674.44
56848.92,52389.66,51118.35,54102.773
58169.77,52938.63,52381.18,56170.406
59389.38,54251.625,53473.9,57858.324
60438.76,54846.723,55675.28,59296.793
61782.72,55382.402,57059.91,60447.48
62281.93,55866.055,58157.02,61387.4
62211.6,59797.04,59380.28,62173.9
62799.99,60146.78,59861.39,63337.086
63334.2,60483.285,60507.27,63661.664
63584.36,60734.78,60695.48,63895.586
63675.02,61378.07,61174.65,64083.715
64128.32,61547.43,61096.1,64404.113
64361.62,61671.062,61508.92,64615.27
64606.92,61762.547,62305.93,64890.316
65290.04,62167.04,62692.39,65211.117
65751.53,62233.29,62797.18,65718.086
66221.79,62230.438,63097.44,66081.39
66640.59,62260.887,63863.02,66454.266
67701.31,62603.83,64400.94,66796.78
67995.71,62617.832,64775.19,67204.27
68193.59,62598.207,65151.3,67452.61
68036.12,62599.996,65901.56,67637.95
67448.55,62916.273,66001.6,67750.79
67066.75,62899.207,65301.44,67814.42
66935.12,62912.863,65274.27,67778.0
66872.5,62899.008,65191.47,67563.82
67045.83,63209.184,65484.95,67375.03
66813.48,63185.55,64977.15,67013.06
66399.16,63181.332,64313.77,66720.266
66095.85,63183.18,64059.21,66416.15
66086.65,63427.664,64048.78,66180.46
65938.28,63418.617,63335.91,65640.766
65462.39,63424.664,62831.75,65276.664
64985.74,63438.16,62562.97,64956.305
64624.65,63498.37,62591.4,64640.023
64291.08,63537.707,62527.74,64114.5
63937.56,63561.914,61839.34,63787.625
63498.84,63593.75,61544.37,63558.98
63316.87,63454.113,61372.33,63431.754
62769.86,63458.383,61612.28,62981.28
63015.31,63469.39,61186.6,62784.113
62894.86,63439.184,60638.38,62619.695
62655.68,63036.344,60842.65,62538.68
62613.42,62992.875,61324.31,62014.598
62665.94,62956.71,60790.21,61847.574
62925.71,62878.414,60006.81,61729.62
62446.66,62231.504,59777.76,61655.336
62155.26,62097.344,60088.86,61203.113
62218.64,61957.49,60136.02,61228.35
62265.92,61826.883,59835.49,61211.96
61875.85,61085.82,59655.6,61216.598
61176.81,60891.27,60147.1,60648.074
61165.0,60689.633,59673.06,60511.023
60744.01,60467.984,59192.86,60284.63
60194.68,59850.312,58573.12,59975.13
59134.34,59614.984,57874.84,59010.824
58534.5,59380.98,56930.7,58577.75
57937.86,59174.504,56177.25,58170.938
57098.09,58858.223,55727.61,57831.84
56478.29,58547.266,55706.99,57201.19
56144.43,58264.55,55845.25,56871.08
55985.92,58035.434,55104.37,56480.047
55741.65,57132.797,54201.15,55997.363
54939.25,56778.625,53446.35,55041.78
53766.17,56476.605,52553.54,54190.855
52587.71,56245.95,51585.86,53279.8
51512.43,52934.28,50583.89,52352.953
50367.01,52670.086,49192.53,50750.8
49631.91,52392.324,48262.69,49736.84
48806.58,52049.43,47235.88,48663.816
47812.53,51455.684,46528.79,47681.883
47384.15,50871.555,45216.83,46497.96
46765.35,50300.848,44614.4,45758.06
46490.39,49754.09,44007.89,45136.445
45696.63,49196.727,43731.12,44592.92
45563.31,48671.695,42922.78,43765.85
45122.56,48222.93,42761.93,43310.89
44890.48,47809.227,42310.2,42915.2
44352.46,45827.14,41983.61,42558.8
44333.34,46092.43,41545.38,42318.81
44119.5,46273.918,41354.84,42261.87
44319.53,46452.51,41427.34,42203.945
44422.4,46850.777,41427.47,42199.63
44389.48,47117.48,41388.27,42233.652
44518.26,47419.918,41477.59,42290.348
44772.76,47770.56,41562.59,42384.297
44945.25,48316.355,41605.21,42524.516
45107.08,48689.527,41906.95,42769.03
45429.45,49116.195,42083.08,43073.65
45916.97,49557.633,42390.72,43523.934
46838.53,50185.574,42807.35,44130.29
47259.31,50681.695,44343.97,45002.67
47852.4,51172.816,45182.97,46054.023
49319.66,51680.16,46079.81,47583.914
52569.76,52336.61,47001.2,49675.36
54610.91,52995.043,49652.73,52169.246
56238.55,53637.656,51680.55,54347.664
57651.64,54255.96,52982.18,56223.47
59135.97,56176.2,54188.87,57802.984
60406.62,56981.25,55550.48,59236.76
61342.09,57662.613,56853.51,60339.504
62175.49,58125.188,57977.41,61255.305
62401.85,61528.94,58967.86,62006.492
62610.06,61772.62,59925.69,63136.906
63076.96,61964.754,60487.47,63411.633
63467.84,62106.746,61066.87,63615.83
63394.48,62404.87,61784.87,63776.715
63779.25,62594.523,61411.75,64153.68
64260.84,62795.555,61854.24,64317.258
64844.71,62979.508,62524.1,64510.008
64429.93,63287.016,62949.3,64732.14
64246.05,63408.875,63371.22,65344.23
64594.36,63509.14,63570.85,65608.48
65021.12,63563.688,64024.05,65874.24
65193.29,63781.586,64261.98,66119.32
65779.55,63783.89,64585.51,66640.75
66253.13,63765.668,65022.85,66789.914
66525.64,63729.33,65637.1,66885.52
66166.18,63905.715,65632.76,66911.91
66034.78,63854.082,64732.68,67036.99
66089.29,63793.31,64842.55,66906.39
66123.28,63738.4,64786.15,66725.66
66061.6,63868.68,64870.65,66503.695
65994.02,63803.203,64262.95,66284.75
65935.53,63731.992,63901.78,65973.27
65539.83,63660.055,63911.99,65663.65
65223.34,63694.78,62974.66,65350.07
65194.81,63617.17,62616.6,64904.6
64990.36,63536.336,62370.66,64492.773
64857.03,63447.773,61817.52,64103.805
64863.32,63302.992,61796.6,63746.402
64652.73,63222.03,61631.04,63196.1
64036.67,63132.7,61384.39,62882.633
63281.85,63035.74,60568.59,62643.742
62769.89,62636.84,60316.04,62463.965
62218.73,62538.016,60422.52,61985.742
61899.85,62448.05,60665.45,61846.938
61675.19,62397.582,60858.55,61774.676
61731.97,61848.953,61258.37,61748.793
61679.58,61837.875,61538.16,61308.344
62041.69,61835.66,61150.99,61300.62
62037.26,61832.664,60888.84,61323.207
61804.34,61109.812,60812.38,61368.992
61540.77,61080.746,60681.73,60923.477
61551.67,61048.535,60442.38,60961.473
61590.5,60985.94,60382.69,60982.33
61472.89,60064.95,59980.51,60944.793
60585.89,59889.176,59402.94,60195.945
60469.46,59716.17,58593.48,59949.34
60090.83,59542.793,58176.38,59635.957
59582.51,58905.836,57815.28,59291.938
58864.49,58859.39,57312.51,58355.465
58080.45,58831.566,56516.86,57913.934
57311.16,58791.727,56013.32,57492.934
56766.2,58637.312,55755.36,57086.26
56180.34,58468.387,55321.2,56412.42
55801.63,58284.14,54705.75,55911.28
55806.59,58072.51,54310.46,55347.133
54934.59,57331.383,53376.13,54724.51
54237.96,56987.082,52395.5,53744.25
53196.05,56650.004,51230.35,52930.75
52254.64,56335.953,50062.63,52155.105
50966.18,52734.457,49129.05,51427.03
49833.27,52326.51,47395.34,49852.246
49148.15,51934.99,46582.13,49107.293
48637.54,51532.832,45862.71,48310.562
47831.22,51065.914,45084.13,47585.176
47180.08,50609.08,44861.94,46698.23
47020.32,50228.754,44538.54,46112.027
46831.38,49899.28,44117.62,45597.65
46204.49,49488.805,43631.38,45145.63
45839.99,49139.613,42822.36,44475.707
45414.82,48866.918,42402.53,44080.227
45201.2,48648.88,41663.49,43724.797
44649.48,46604.395,40541.38,43407.105
44772.9,46572.387,39628.26,41801.71
44530.78,46515.598,39765.35,41683.55
44623.28,46481.805,40080.29,41430.504
44743.05,46618.367,41110.02,41179.8
44764.16,46793.434,41118.38,40874.914
44607.03,47056.266,40997.47,40648.03
44730.81,47370.45,40107.2,40473.773
45040.17,47846.977,39650.72,40369.81
45397.88,48295.414,39451.85,40279.684
45860.06,48808.848,39431.12,40259.375
46093.46,49391.004,39484.39,40252.188
47465.42,50168.117,39934.76,40263.82
47924.48,50859.816,40917.8,40291.977
48681.77,51529.867,40749.78,40401.08
49925.31,52201.25,40261.43,40580.29
52589.91,53384.68,40402.8,40876.734
54311.51,54139.344,40705.56,41328.848
55958.31,54886.66,40919.2,41818.625
57413.88,55593.87,41565.58,42423.145
58815.97,56797.586,42513.87,43160.766
59966.57,57379.348,43968.87,44152.156
60783.37,57882.17,44953.79,45073.785
61598.07,58295.21,45753.53,46015.938
62613.53,61340.125,46608.71,46926.582
63032.47,61463.047,47288.82,48658.883
63216.26,61539.44,48345.0,49561.457
63497.26,61590.754,49097.85,50451.96
63305.93,61828.023,50237.56,51277.883
63779.67,61868.69,51236.36,51961.062
64568.0,61928.39,52302.98,52668.59
65159.74,62004.043,53878.45,53161.03
65466.29,62302.383,54642.07,53562.395
65644.16,62435.2,54808.71,53938.273
66276.79,62584.18,54684.9,54356.977
66614.77,62729.168,54844.41,54768.734
67006.54,63014.42,54394.99,55148.133
67265.44,63130.453,54639.51,55445.203
67531.57,63224.188,55032.05,55723.758
67472.12,63301.707,55429.97,55849.477
67382.19,63465.684,55831.22,55859.88
67082.72,63505.664,55987.6,55317.05
67008.61,63525.492,55755.94,55065.992
66844.03,63526.066,55393.72,54793.133
66886.61,63578.89,55151.95,54297.89
66434.71,63555.023,54502.63,53893.492
66059.8,63510.926,53934.44,53421.73
65562.16,63452.016,53810.46,52987.004
65516.11,63384.812,53541.46,52528.047
65321.6,63317.52,52256.17,52081.766
64906.42,63231.117,52092.47,51756.89
64485.77,63135.914,51959.52,51569.15
64460.7,62925.21,51950.93,51268.18
64182.1,62820.637,51812.39,51179.863
63736.36,62701.426,51186.3,50898.418
63216.14,62572.766,50984.67,50731.344
63004.18,62183.86,50792.89,50685.66
62746.26,62048.83,50709.46,50619.805
62503.5,61900.938,50551.0,50607.89
62214.9,61756.215,50456.52,50595.918
62560.76,61143.59,50354.75,50674.367
62363.69,60986.414,50551.82,50723.055
62153.12,60814.92,50714.01,50770.02
62290.59,60647.023,50962.36,50851.06
62092.39,59801.785,51002.86,50981.207
61738.56,59596.316,51125.18,51540.195
61806.78,59341.49,50698.1,51343.707
61931.96,59081.13,50754.3,51188.113
61699.41,57938.92,50412.73,51099.71
61038.11,57609.3,50946.1,50932.914
60488.64,57271.42,49851.78,50677.527
60185.83,56956.53,49389.11,50410.344
59633.59,55958.793,49229.14,50172.516
58880.97,55664.51,48419.42,49928.273
58248.86,55398.12,47953.42,49640.5
57426.39,55149.402,47198.27,49385.965
56830.94,54951.637,47114.59,49153.38
56439.87,54627.906,47192.59,48813.863
55799.93,54334.617,47433.4,48405.24
55351.62,54098.02,47039.98,48020.754
54731.36,53826.363,46237.1,47627.67
54129.77,53555.49,46130.39,47028.473
53087.93,53335.094,45232.0,46492.117
52054.9,53169.86,44378.61,45998.9
51198.92,50409.945,44013.22,45513.125
50259.24,50271.65,42983.77,44478.5
49492.33,50128.35,42254.97,43778.547
48570.94,49981.836,41357.33,43057.89
47792.14,49860.0,40586.3,42272.92
47324.83,49586.984,39807.2,41301.24
47117.66,49344.375,39681.14,40502.04
46689.1,49130.39,39364.53,39728.5
46228.46,48883.293,38669.53,38983.33
45856.19,48633.81,37964.32,38157.96
45422.59,48420.07,37915.09,37508.29
45367.86,48211.918,37792.67,36952.426
44799.4,46145.777,37289.05,36493.555
44748.72,45972.973,37216.99,36195.4
44613.58,45824.215,37020.62,36004.3
44525.82,45746.81,36560.45,35786.617
45080.77,45853.83,36485.1,35570.25
44941.12,46056.164,36450.5,35357.45
44858.92,46303.773,36174.19,35196.797
44936.67,46580.812,35962.42,35081.77
45734.86,47010.47,36108.44,35002.727
45988.63,47477.285,36080.48,34966.75
46273.41,47978.625,36130.21,34943.15
46747.81,48508.54,36202.16,34943.477
47880.23,49241.1,36269.16,34959.273
48325.55,49898.254,36280.34,35011.453
48904.26,50546.58,36300.37,35047.914
50304.9,51211.957,36155.52,35093.824
52932.09,52351.5,35937.03,35154.047
54839.3,53122.945,36295.19,35306.004
56481.12,53910.105,36580.96,35480.82
57773.55,54649.215,36703.85,35760.227
59405.91,55763.715,37062.9,36196.02
60145.42,56400.402,38053.02,36912.758
61358.7,56957.004,38798.0,37656.36
62222.55,57431.152,39705.88,38437.07
63212.99,60458.125,40337.35,39188.297
64007.18,60568.703,41169.63,40605.24
64358.6,60633.863,41891.15,41351.51
65040.01,60686.625,42467.21,42092.29
64814.84,60975.79,42786.17,42801.15
65038.33,61036.53,43358.03,43582.82
65732.99,61153.35,44064.01,44259.734
66206.05,61329.01,45122.1,44890.742
66619.25,61843.516,46189.62,45506.15
66899.25,62063.086,46523.65,46120.594
67154.78,62297.895,47107.14,46705.043
67379.09,62515.74,47417.75,47281.023
67421.6,62930.76,47716.69,47847.035
67499.67,63075.496,49163.65,48347.67
67817.94,63192.566,50115.21,48723.547
67791.99,63287.805,51037.44,48906.734
67357.85,63521.445,50899.91,48865.94
66860.88,63576.703,50954.73,48561.027
66707.4,63621.945,50664.02,48107.402
66169.55,63656.04,49771.21,47527.49
65780.4,63747.438,49097.6,46868.7
65151.87,63772.055,47916.92,46215.7
64938.78,63795.082,47710.95,45564.742
64404.13,63806.4,47998.71,44951.258
64073.59,63773.35,47341.19,44378.754
64032.45,63817.344,45982.9,43942.496
64421.66,63852.64,46052.23,43506.086
63677.46,63852.953,46659.62,43115.188
63774.48,63680.688,46395.85,42811.133
63960.14,63715.53,45852.14,42657.293
63765.46,63731.92,45983.2,42522.266
63063.36,63754.848,45973.36,42450.47
63102.21,63379.67,45796.39,42413.96
62739.21,63387.15,45591.53,42467.14
62204.73,63361.35,44973.2,42581.688
61855.32,63334.35,44808.57,42754.555
62037.85,62797.25,44785.81,42996.918
61851.86,62707.88,45273.83,43264.688
61693.52,62586.125,45610.44,43682.906
61830.21,62394.434,46014.57,44160.855
61661.71,61484.773,46181.03,44693.062
60859.39,61146.3,47196.75,45165.305
60551.75,60721.766,47749.75,45692.59
60359.83,60229.18,47902.62,46159.164
60214.11,58874.723,48097.51,46543.82
59310.4,58274.05,48096.04,46744.96
58893.93,57700.246,47343.15,46865.984
58421.95,57200.64,47224.82,46961.5
57589.31,56277.24,46804.74,47051.43
56687.57,55996.375,47207.31,47006.684
55777.23,55817.594,47251.69,46983.13
55186.01,55730.582,47309.8,46980.46
54624.66,55854.016,47283.93,46973.492
54162.92,55735.07,47437.43,46855.098
53736.76,55627.633,47479.44,46707.5
53367.46,55573.28,47206.21,46547.926
52720.54,55156.348,46831.12,46366.277
51976.67,55094.77,46565.27,46093.51
50853.6,55048.67,45953.06,45791.457
49938.8,54967.453,44891.55,45506.973
49038.36,52435.41,44283.01,45224.87
48655.24,52160.473,43850.55,43805.805
47994.16,51836.074,43183.82,43080.04
47232.01,51424.91,42457.24,42387.055
46359.04,50977.676,41853.79,41725.9
45783.44,50287.42,41209.61,41016.98
45224.59,49610.47,40511.5,40472.6
44727.43,48956.58,40312.34,40011.92
43990.0,48428.707,39983.74,39609.016
43501.24,47795.04,39138.55,39159.27
43157.74,47252.047,38746.3,38815.094
43151.45,46787.215,38692.87,38501.133
42349.21,43261.527,38607.27,38200.016
42303.05,42294.477,38407.73,38335.9
41954.76,41981.273,38381.16,38359.65
42138.36,41853.867,38280.33,38381.324
42229.9,41840.746,38331.88,38397.285
42020.24,41712.047,37700.48,38428.44
41765.36,41497.61,38047.66,38494.082
41919.75,41262.797,38028.99,38624.25
41908.46,41207.87,38054.92,38841.215
41813.15,41147.906,38746.34,39206.965
41733.95,41127.184,38892.74,39716.39
41801.71,41111.273,39489.93,40412.293
41889.35,41212.387,40142.05,41238.754
41654.8,41247.06,41748.65,42208.594
41287.91,41238.992,42574.83,43277.984
41783.54,41193.04,43553.7,44665.258
42491.75,41420.547,45378.78,46553.168
43194.31,41625.496,48538.49,49119.887
43814.94,41961.75,50445.6,51713.984
44585.42,42374.44,51962.52,54053.63
45505.2,43116.906,53178.12,56020.617
46119.9,43702.184,54963.97,57690.234
47079.29,44287.58,56300.05,58980.727
47913.19,44907.21,57381.01,60049.867
48804.67,47124.133,58253.66,60936.58
49579.11,47560.168,59396.49,62340.61
50299.18,48019.637,60166.87,62733.855
50974.26,48482.996,60404.29,63043.1
52129.7,48871.676,60750.77,63289.188
52672.41,49295.25,60620.21,63540.336
53277.1,49643.883,61203.82,63727.902
53904.63,49925.656,61638.22,63941.36
54380.22,50081.793,61886.11,64177.04
54727.75,50264.99,61906.96,64571.246
55210.86,50394.582,61879.96,64888.76
55345.85,50493.97,62439.91,65225.03
55424.58,50512.66,63558.0,65564.97
56255.03,50569.973,64530.34,65944.62
56693.91,50623.215,65343.44,66185.555
56227.76,50665.207,65560.44,66372.44
55366.95,50648.258,64971.82,66500.4
55015.73,50648.92,64360.83,66564.9
54503.77,50634.25,64261.72,66486.055
54120.89,50617.316,64393.16,66341.414
53147.28,50553.348,64166.25,66176.945
52667.22,50508.805,64451.57,65938.29
52726.93,50459.344,64287.23,65719.01
51884.01,50438.676,63265.36,65499.656
51090.44,50317.17,62702.69,65314.758
50735.22,50226.48,61815.79,64975.125
50571.32,50145.605,61274.83,64726.24
49889.85,50084.586,60908.87,64506.69
50160.02,49883.67,60483.67,64285.23
50647.57,49832.703,60804.69,63834.156
50397.89,49817.93,60467.58,63511.35
50071.52,49787.504,60359.88,63206.22
50306.65,49615.09,60188.72,62929.445
50243.5,49591.45,61050.85,62434.727
49857.0,49553.03,60904.22,62203.703
49796.72,49490.78,60686.5,62034.69
50569.39,49330.906,60618.22,61876.094
50459.47,49363.586,60440.61,61455.844
50128.05,49381.902,60124.71,61352.35
50452.57,49389.023,59974.26,61282.668
51195.79,49329.47,59971.56,61273.39
51499.66,49422.035,59518.13,60924.33
51282.71,49516.44,59030.99,60966.78
51077.32,49579.65,58699.97,61017.62
51170.89,49562.773,58626.08,61058.066
50536.29,49606.242,58428.38,60617.875
50252.35,49585.24,58253.63,60518.645
49897.71,49557.89,57874.24,60322.953
49216.42,49427.1,57609.98,60086.086
48529.63,49265.297,56967.64,59401.875
47928.04,49053.977,55992.66,59076.992
47210.26,48826.91,55846.9,58734.87
46947.17,48537.094,55986.91,58390.438
46657.38,48216.227,55930.17,57820.992
46592.61,47931.777,55162.88,57333.84
46854.06,47711.06,54212.8,56746.613
46802.38,47491.793,53452.79,56068.277
46412.5,47284.53,52458.63,55039.297
45405.45,47091.44,51541.17,54093.918
44866.66,46828.95,50811.33,53111.305
44085.9,45683.6,49776.14,52142.88
43496.13,45378.637,48070.41,50371.668
42969.64,45096.82,47174.95,49397.81
42134.93,44835.367,46511.62,48307.86
41204.11,44556.812,46295.41,47342.08
40529.02,44277.215,45394.73,46342.44
39979.93,44026.22,44552.97,45643.914
39425.02,43804.7,44060.24,45046.03
38324.94,43639.727,43708.07,44553.43
37758.49,43449.035,42799.12,43965.51
37412.23,43278.13,42240.98,43565.883
37152.5,43134.79,42033.81,43207.67
36545.78,40417.664,42099.2,42898.355
36317.23,39794.035,41832.29,42526.836
36113.86,39374.227,41620.75,42487.168
35877.3,39065.87,41600.05,42456.83
35977.0,38885.992,41613.52,42494.668
36012.97,38742.633,41542.41,42611.375
36052.87,38656.8,41854.29,42734.266
35901.53,38609.105,41826.92,42906.016
35672.36,38627.125,41799.08,43118.45
35616.24,38614.086,42087.7,43430.453
35781.55,38618.016,42384.98,43783.492
35051.69,38637.996,42315.28,44287.594
35394.21,38682.543,42715.92,44931.61
35790.56,38715.477,44700.37,45807.92
35578.06,38764.15,45989.61,46807.273
35915.87,38803.44,46685.49,48193.9
36396.82,38954.555,47837.97,50193.363
36552.85,39079.062,50962.03,52758.758
36994.74,39234.848,52897.3,55001.434
37324.12,39443.46,53972.61,56879.15
37486.23,39878.688,55276.75,58415.703
38008.54,40158.887,56889.09,59728.918
38730.92,40495.406,58019.11,60760.17
39209.04,40875.156,58858.27,61614.77
40332.28,43231.715,59560.84,62314.32
41298.05,43463.277,60391.8,63348.96
42090.94,43825.312,61021.88,63616.523
42813.57,44208.453,61549.09,63832.28
43456.25,44760.695,62102.85,64008.65
44266.34,45140.71,61808.74,64171.453
45176.26,45508.97,62206.94,64358.17
45764.89,45870.562,62833.1,64580.46
46691.66,46285.96,63389.26,64849.516
46809.16,46612.93,63670.68,65200.72
47255.56,46888.6,63838.88,65512.344
47931.82,47159.18,64325.66,65863.15
48581.85,47454.492,64668.71,66150.67
49150.18,47742.227,65363.45,66467.14
49577.72,48024.88,65554.11,66659.086
49433.47,48296.215,66026.68,66789.3
49414.08,48522.19,65961.22,66801.49
48780.71,48726.395,64506.21,66713.97
48322.5,48858.324,64533.74,66534.79
48132.83,48945.008,64710.2,66357.44
47766.1,48979.473,64689.59,66180.055
47085.15,49015.54,63723.58,65966.48
46868.35,48992.195,62804.03,65737.03
46410.16,48964.465,62991.72,65590.22
45748.11,48863.395,61779.43,65408.848
45647.71,48782.598,61646.16,65099.125
45568.93,48708.203,61334.38,64745.79
45543.64,48639.586,61267.8,64503.57
45438.82,48477.848,60428.17,64194.035
45310.14,48417.35,60904.01,63734.777
45080.3,48354.79,60514.11,63387.523
45152.51,48279.344,59276.82,63024.664
44920.54,48093.8,59026.9,62764.383
45137.05,48023.906,59443.99,62290.8
45729.85,47964.414,59058.1,61961.99
45822.59,47940.13,58393.2,61695.227
46068.3,47787.824,58643.32,61555.05
45618.83,47778.85,58669.11,61081.18
45895.99,47738.707,58386.25,60925.062
46551.97,47714.586,58686.88,60884.164
47323.8,47619.906,58512.42,60845.24
47536.13,47681.28,58598.3,60534.64
47677.05,47745.96,58269.19,60566.945
48028.55,47806.016,58868.02,60632.61
47951.03,47799.41,59428.53,60682.652
47550.85,47846.906,59116.12,60290.973
47388.02,47859.527,58149.87,60203.676
47298.41,47853.754,57781.03,60048.1
47442.47,47786.406,57288.45,59821.66
47239.23,47764.867,56582.08,59171.066
46816.58,47733.582,56006.55,58896.57
46340.82,47682.445,55423.02,58628.02
46681.25,47582.39,55374.35,58383.6
46460.22,47477.418,55079.73,57936.633
46646.86,47388.414,54780.44,57535.734
47406.27,47318.15,54038.68,57012.812
47495.96,47256.926,53155.35,56379.2
46885.22,47238.39,52298.25,55359.5
46286.75,47170.695,51226.39,54413.758
45630.14,47054.188,50075.38,53434.594
44843.66,45948.66,48715.41,52471.17
43985.71,45700.875,47538.85,50746.043
43213.69,45416.797,46594.03,49754.805
42574.92,45119.133,46231.75,48666.555
42098.86,44859.562,45665.07,47677.887
41564.24,44587.633,44784.94,46652.637
41129.48,44341.984,44329.51,45919.33
40601.55,44121.234,44007.12,45297.184
39823.74,43962.58,43448.91,44771.062
39454.38,43796.74,42512.33,44190.56
39075.84,43651.17,42126.57,43781.496
38913.36,43525.355,42002.76,43420.312
38879.77,42976.89,41715.16,43107.555
38878.98,43182.383,41366.76,42872.594
39161.44,43171.26,40962.89,42847.797
38994.79,42890.86,41153.41,42848.633
39217.31,42763.547,41367.13,42914.44
39313.75,42685.457,41279.48,43090.71
39283.5,42719.812,40970.14,43239.184
39351.93,42811.855,41245.11,43426.742
40185.72,43062.598,41599.08,43655.703
40627.91,43295.08,41875.2,44010.07
41250.99,43572.375,42033.7,44355.6
41955.67,43936.52,42479.51,44818.168
43462.64,44496.656,42956.96,45436.09
44106.09,45080.293,44516.3,46331.92
44713.51,45782.64,45272.42,47286.508
46337.92,46579.41,46158.68,48534.17
50010.07,47609.117,47127.23,50308.473
52187.37,48625.24,50084.69,52755.79
53865.28,49697.703,51902.63,55049.76
55400.05,50650.02,53397.93,57031.24
57111.69,52046.414,54575.97,58625.945
58445.98,52899.03,56162.43,59854.832
59544.07,53678.098,57151.13,60882.52
60575.91,54357.43,58137.52,61707.31
61338.18,58547.637,59012.0,62379.9
62089.64,58945.637,59910.7,63256.984
62451.39,59228.53,60690.91,63561.945
62879.83,59529.49,60747.68,63803.88
62577.36,60040.57,60701.26,63990.617
62895.13,60221.008,60089.58,64087.01
63474.22,60366.11,60142.99,64251.008
64107.86,60518.906,60614.65,64417.945
64826.82,61007.395,61467.43,64613.867
65074.41,61124.797,61620.21,64916.14
65416.0,61310.734,61949.39,65193.17
65999.13,61511.684,62420.13,65473.188
66225.23,61985.043,62670.08,65720.22
66640.52,62154.28,62901.39,66028.68
67202.49,62374.938,63811.38,66185.87
67250.93,62607.445,64129.33,66286.1
66535.47,63047.9,63922.38,66337.73
66174.26,63174.5,63559.11,66363.42
66263.24,63261.594,63445.53,66201.086
66204.05,63309.535,63121.05,65986.02
66103.71,63587.402,62177.33,65748.6
65696.8,63623.43,62401.24,65543.57
65098.87,63673.773,62394.3,65309.33
64909.82,63674.727,62204.75,65066.05
64505.36,63850.57,61441.88,64857.867
64575.51,63835.816,61207.76,64552.973
63891.7,63782.527,61065.1,64242.117
63599.36,63713.445,60890.57,63914.64
63930.75,63767.445,60230.39,63598.31
63235.49,63684.34,60431.27,63135.812
62740.22,63566.195,59839.27,62743.285
62285.66,63414.047,59438.92,62375.582
62128.39,63184.33,59403.76,62051.4
61749.56,63002.848,58478.41,61509.586
61583.96,62792.28,57959.18,61187.414
61539.32,62581.6,57587.62,60956.625
61851.19,62156.43,57445.16,60798.42
61634.71,61967.363,57705.03,60354.594
61528.19,61793.65,57965.47,60279.59
61514.46,61661.188,58089.55,60271.664
61275.38,61097.766,57616.58,60304.293
60817.8,60988.594,57691.92,60001.617
60782.62,60891.504,57822.93,60090.25
61063.26,60815.688,58076.5,60193.227
60867.41,60163.242,58009.46,60288.242
60154.57,60043.527,57562.02,59874.434
59883.79,59922.367,57161.45,59811.83
59671.93,59834.164,57095.45,59665.86
59019.68,59453.79,56724.53,59483.71
58220.94,59417.68,56063.72,58837.95
57644.3,59385.594,55329.88,58609.6
56626.67,59335.543,54880.84,58423.16
56227.48,59161.195,54679.66,58267.348
55813.97,59108.973,54915.89,57927.875
55433.74,59006.406,54352.31,57558.99
55337.64,58898.195,53355.72,57017.1
54821.1,58366.836,52384.48,56326.742
54233.04,58388.758,51558.29,55261.816
52978.28,58391.344,50525.04,54235.41
51967.95,58376.484,49459.75,53190.477
50775.28,54879.773,48326.06,52177.61
49808.07,54560.297,47239.8,50495.656
49121.93,54153.266,46714.23,49472.105
48127.83,53698.848,45771.7,48414.758
46594.17,53142.312,45081.78,47463.996
45848.95,52546.824,43875.75,46471.37
45583.57,51958.312,43477.32,45761.31
45328.89,51391.35,42823.49,45169.406
44485.41,50771.637,42087.73,44657.707
43940.56,50187.484,41672.1,44065.867
43657.17,49681.83,41310.06,43654.73
43538.37,49240.887,40898.51,43302.242
42353.7,46333.79,40996.71,42986.207
42470.72,46025.53,40737.34,42929.312
42335.7,45778.746,40457.34,42924.926
42450.91,45598.562,40368.21,42943.7
42864.15,45647.703,40731.56,42991.117
42917.75,45664.297,40801.01,43115.387
42763.94,45771.246,40794.62,43238.96
42940.62,45924.758,40781.96,43408.836
43371.7,46271.332,41168.21,43611.363
43613.97,46615.312,41368.52,43922.207
44282.15,47074.21,41728.17,44254.504
44991.52,47635.668,42177.5,44722.742
46451.14,48403.938,42796.77,45339.75
46683.56,49124.7,43833.59,46210.96
47620.1,49846.016,44473.27,47179.535
49193.73,50577.37,45406.43,48483.72
52245.9,51402.21,46739.6,50311.84
54231.82,52176.51,48904.03,52835.39
55508.18,52928.945,50263.81,55248.805
56798.54,53559.67,51317.34,57346.863
58992.04,54687.535,52428.01,58998.004
60138.65,55225.145,53555.47,60376.91
61508.71,55692.973,54552.88,61442.055
62252.62,56057.652,55786.23,62247.0
63339.63,59367.258,56669.9,62877.17
64036.26,59692.16,57745.71,63944.312
64325.75,60014.0,58471.13,64226.97
64707.51,60276.85,59495.69,64454.14
64639.89,60777.38,59939.78,64656.406
65273.63,60980.453,60237.6,64810.707
65877.19,61124.492,60457.63,64995.582
66541.77,61224.03,60879.86,65207.273
66782.06,61611.137,61103.25,65447.086
66965.04,61665.023,61614.74,65762.01
67248.83,61684.992,61949.69,66076.26
67548.87,61713.066,62444.1,66387.17
67732.6,62083.594,63073.55,66697.09
67503.03,62069.535,63625.53,67003.44
67522.86,62078.332,64265.44,67191.25
67603.55,62104.203,65052.19,67310.24
67351.81,62600.062,65491.41,67330.28
66625.81,62701.008,64689.95,67321.086
66579.92,62829.707,64427.66,67175.56
66660.42,62943.86,64425.14,66993.09
66446.18,63476.21,64067.94,66764.73
66294.6,63584.832,63172.43,66493.055
65781.91,63686.32,62647.38,66321.35
65363.63,63780.137,62810.71,66184.05
65236.23,64149.773,62893.82,65985.12
65412.85,64209.234,62315.73,65658.65
65209.56,64245.92,61952.08,65337.473
65122.84,64286.215,62327.03,65114.348
64726.83,64453.504,61792.81,64843.016
64763.06,64471.547,61749.72,64420.125
64047.65,64472.375,61837.68,64133.023
63587.83,64473.08,61641.0,63784.363
63032.72,64348.75,61383.23,63516.4
62679.61,64309.023,61328.13,63071.82
62421.25,64238.406,61164.81,62763.63
62259.72,64140.086,60827.47,62590.555
62224.47,63709.547,60717.86,62431.586
61959.89,63507.33,60271.34,62051.01
61890.89,63296.67,60087.82,61957.742
61994.68,63048.2,59830.49,61801.945
61711.62,62212.625,60057.81,61790.95
61481.62,61872.223,59825.03,61433.15
61418.17,61486.688,59169.25,61433.33
61541.38,61094.0,58995.77,61515.94
61407.67,59916.53,59646.62,61564.125
60769.34,59389.254,59516.37,61126.215
60246.29,58857.7,58755.36,60950.203
59994.63,58381.113,58325.68,60699.0
59283.18,57474.523,58087.48,60391.613
58601.87,57175.76,57706.83,59596.11
58045.51,56909.926,56610.26,59236.734
57188.95,56697.27,56189.53,58902.695
56383.8,56550.03,55877.79,58573.688
56141.95,56393.836,55034.76,58016.895
56116.0,56239.586,54036.25,57569.17
55581.96,56092.94,53327.44,57045.434
55046.25,55621.914,52356.44,56436.754
54303.45,55458.953,51318.67,55481.805
53532.02,55335.707,50360.2,54608.21
52330.22,55243.027,49394.03,53725.156
51408.28,52040.99,48304.7,52846.348
50299.66,51815.32,46340.92,51183.957
49367.23,51593.375,45861.47,50256.777
48738.19,51377.445,45436.99,49253.8
47301.69,51104.805,45125.89,48307.5
46817.35,50751.984,44215.76,47307.406
46452.56,50404.36,43686.8,46586.906
45987.85,50056.414,42923.37,45968.305
45508.45,49635.938,42688.94,45427.867
45151.51,49234.17,42125.71,44802.95
44998.54,48878.945,41845.25,44357.95
44638.85,48578.496,41681.16,43959.5
44031.32,46173.914,41645.22,43592.3
43755.49,46363.82,41177.73,43483.92
43319.34,46514.65,40868.06,43456.086
43319.77,46645.434,40688.14,43435.87
43485.49,46945.04,41020.57,43442.133
43665.11,47197.03,40932.95,43533.17
43378.51,47517.92,40986.11,43628.547
43668.76,47857.79,40753.31,43758.26
44342.17,48393.2,40994.4,43925.246
44812.22,48890.656,41499.12,44206.21
44912.76,49441.332,41646.37,44518.324
45395.98,50021.82,41927.11,44955.043
46530.16,50790.793,42629.64,45537.473
46884.01,51431.99,43848.04,46397.598
47525.06,52056.766,44434.08,47398.305
48727.24,52676.07,45140.45,48827.004
51833.46,53490.453,46139.01,50800.137
53743.93,54071.055,48840.53,53207.387
55099.48,54622.41,50672.54,55299.79
56395.55,55134.223,51845.52,57108.125
57841.82,56072.555,53260.56,58631.47
58733.24,56481.043,55136.52,59895.773
60028.94,56857.145,56224.12,60927.76
60619.99,57145.797,56658.72,61774.11
61799.96,60676.09,57750.19,62451.67
62493.58,60745.78,58607.87,63368.367
63146.37,60794.38,59188.82,63657.72
63566.86,60846.11,59675.79,63868.44
63298.04,61195.867,60117.68,64046.406
63597.96,61284.574,60248.82,64189.71
64353.59,61396.64,60613.41,64324.316
64878.53,61523.45,61347.78,64482.848
64960.77,61993.812,61561.95,64666.867
65210.11,62114.703,61611.3,64998.773
65573.99,62229.39,61990.56,65239.266
65887.12,62321.164,61831.37,65482.676
65954.31,62751.836,62183.25,65716.55
66365.53,62788.805,62238.21,66016.766
66425.18,62809.492,62435.46,66110.66
66072.7,62804.953,62806.74,66125.23
65668.0,63133.62,62809.38,66039.64
65659.7,63094.176,62260.67,65917.41
65690.66,63043.008,62188.0,65658.0
65581.24,62983.22,61738.68,65362.53
65876.32,63229.17,61503.72,65065.62
65642.28,63162.855,61060.33,64771.56
65237.24,63097.234,60646.35,64397.527
64657.33,63022.953,60445.67,63986.72
64548.45,63160.777,59555.27,63564.133
64370.22,63089.89,59382.72,63097.992
64015.24,63015.54,58854.4,62617.4
63638.65,62932.707,58296.41,62198.64
64072.67,62890.293,57822.29,61848.285
63973.09,62803.062,57620.5,61441.48
63321.08,62705.203,57158.27,61089.637
62592.67,62600.766,56641.48,60811.01
62355.62,62282.477,56219.67,60593.473
61874.11,62160.1,56644.43,60209.48
61645.16,62015.11,56327.5,60002.367
61570.99,61862.797,55934.31,59882.414
61844.67,61217.87,55838.45,59820.85
61524.51,61035.574,56398.38,59471.633
61298.47,60842.17,56306.96,59426.24
61417.68,60644.973,56117.19,59434.75
61408.12,59715.61,55975.36,59481.18
61199.86,59480.453,55712.29,59179.24
60824.65,59217.566,55717.67,59223.492
60846.87,58915.39,55696.03,59270.273
60411.83,57679.242,55705.85,59292.16
59818.64,57250.566,55334.08,58806.67
59638.73,56786.773,54684.08,58628.1
59351.54,56326.348,54541.24,58364.117
58942.48,55277.656,54265.08,58046.285
58113.37,55037.48,53710.55,57286.7
57388.42,54855.453,52862.21,56891.26
56594.85,54715.215,52507.75,56537.195
56075.21,54848.258,52399.05,56215.51
55899.89,54682.48,52523.41,55670.805
55795.13,54495.324,52139.81,55234.223
55662.94,54317.848,51477.57,54738.152
55073.9,54115.52,50316.55,54175.457
54398.45,53916.742,49394.93,53303.17
53328.09,53754.062,48540.43,52496.69
52051.25,53637.844,47604.52,51698.676
50972.81,51101.953,46600.87,50908.36
49849.24,50987.0,45429.95,49409.195
49149.86,50861.195,44713.81,48533.91
48398.18,50752.414,44114.92,47622.367
47470.47,50693.71,43667.11,46763.54
47060.99,50561.02,42849.54,45862.64
46432.64,50448.86,42127.75,45175.61
45868.42,50356.727,41749.68,44596.418
45333.24,50223.426,41210.0,44095.066
45045.2,50077.965,40690.45,43570.75
45080.15,49945.832,40469.09,43161.39
44640.91,49828.266,40393.85,42804.14
44081.52,47071.42,40098.93,42480.49
44193.96,47047.504,39734.52,40993.26
44047.04,46951.07,39521.04,40856.95
43969.7,46839.188,39276.02,40639.812
44242.64,46898.13,39497.4,40448.215
44135.58,47003.547,39100.0,40314.3
44170.83,47203.566,38957.18,40226.613
44583.39,47487.51,38989.7,40193.69
44707.41,47959.703,38685.01,40197.02
44765.36,48384.14,38542.86,40245.59
45174.6,48854.67,38547.98,40301.14
45601.34,49391.957,38679.76,40363.195
46819.05,50105.695,39002.04,40443.32
47211.12,50780.508,39782.92,40587.7
47827.32,51467.273,39834.33,40757.984
49241.08,52192.04,40033.55,41008.438
51966.01,53376.21,40356.5,41353.758
53577.2,54256.004,40874.77,41836.85
55136.19,55122.785,40747.47,42368.18
56673.47,55914.03,41264.71,42994.92
58203.06,57155.09,41837.87,43711.535
59350.14,57753.906,43250.98,44556.758
60383.62,58227.934,43847.73,45448.316
61352.57,58598.4,44599.55,46337.44
62187.32,61385.33,45225.59,47205.613
62826.4,61484.902,46299.97,48679.684
63377.63,61571.24,47071.46,49542.38
63634.45,61622.85,47927.02,50508.492
63329.93,62104.516,48771.83,51457.117
63647.5,62087.91,49320.24,52190.0
64142.75,62050.004,49894.78,52916.207
64538.01,61990.484,50351.81,53462.332
64386.6,62394.508,50790.32,53857.016
64843.27,62282.96,51135.05,54016.88
65177.25,62176.98,51728.03,54285.83
65975.47,62099.438,51860.95,54534.055
66397.72,62477.08,52538.24,54801.996
66997.01,62416.824,52622.7,54986.848
67534.52,62402.293,53174.75,55191.56
67798.84,62428.902,53465.16,55314.594
67081.91,62870.945,53075.18,55367.04
66488.06,62940.11,52363.95,55272.066
66421.55,63025.336,52251.64,55020.203
66280.57,63116.582,52338.44,54714.023
66426.05,63490.72,52163.58,54304.51
66413.64,63566.152,51352.73,53794.555
66134.74,63646.49,51079.95,53219.87
65634.91,63729.062,50487.17,52709.977
65477.23,63945.055,50390.2,52194.11
65789.75,64011.766,50568.36,51752.68
65517.09,64073.58,50690.25,51324.188
65009.8,64140.266,50701.94,51022.723
65143.49,64155.832,50578.9,50767.7
64535.15,64213.145,50563.83,50540.406
64308.74,64249.65,50627.77,50327.61
63768.02,64258.086,49863.05,50170.0
63508.21,63937.516,49714.67,50092.61
62892.99,63912.973,49745.06,50118.742
62501.79,63858.117,49518.41,50118.023
62484.53,63733.625,49415.71,50147.87
62859.55,63020.344,49515.55,50251.684
63007.46,62824.312,50225.56,50387.934
62864.12,62604.984,50163.82,50456.875
62719.47,62348.29,49224.59,50575.836
62480.44,61308.934,49234.99,50725.9
61997.94,61032.492,48808.0,50886.066
62310.71,60710.79,48769.68,50945.297
62553.71,60357.42,48839.71,51007.797
62298.34,59065.87,48882.93,51058.39
61631.73,58684.72,49028.51,51016.99
61303.7,58330.062,48754.51,50894.88
61011.19,58001.98,48678.89,50769.266
60116.23,57139.55,48373.88,50613.86
59194.01,56980.67,47894.71,50417.938
58375.26,56831.7,47180.0,50111.426
57942.27,56699.535,47159.27,49804.66
57411.92,56464.797,47295.12,49464.22
56724.48,56267.9,47062.4,49066.957
56832.18,56064.656,46555.66,48537.664
56409.02,55861.75,45976.29,48020.266
55507.53,55469.94,45463.04,47494.777
54596.84,55240.305,45358.76,46888.375
53508.39,55049.812,44544.59,46273.56
52387.21,54916.82,43616.98,45717.54
51234.58,52131.188,43141.03,45182.01
50327.78,52104.54,42557.23,44292.773
49462.68,52043.45,41655.14,43445.535
48647.55,51924.805,40929.84,42591.688
47945.22,51756.52,40662.13,41707.812
47336.45,51515.977,39679.26,40766.027
47008.64,51288.625,38958.28,39929.777
46496.74,51061.95,38311.88,39166.06
45878.63,50733.6,37390.34,38466.91
45508.96,50418.14,36713.26,37844.844
45114.43,50157.266,36487.17,37293.05
45097.08,49926.81,36238.07,36835.875
44574.41,47054.918,36137.67,36486.24
44468.47,46837.668,35889.0,36252.39
44402.54,46651.3,35160.85,36090.145
44307.47,46545.918,35057.48,35910.08
44688.22,46622.45,35258.94,35754.367
44478.06,46737.54,35153.88,35637.53
44493.75,46886.85,34850.19,35547.195
44492.46,47088.98,34793.83,35472.9
44849.71,47443.445,34624.08,35416.344
45180.88,47751.105,34683.47,35376.637
45613.87,48121.547,34474.51,35365.383
45996.78,48546.266,34701.55,35373.81
46961.83,49168.18,35061.7,35391.96
47451.97,49732.703,35259.63,35418.64
48271.06,50335.793,35340.38,35457.82
49435.87,50988.766,35416.04,35503.87
52247.66,51977.695,35810.31,35573.164
53915.44,52801.656,35899.59,35695.61
55546.6,53626.516,36048.87,35870.016
56864.26,54396.926,36115.62,36131.227
58509.17,55447.87,36364.33,36504.574
59443.03,56042.797,36691.84,37072.03
59940.62,56545.516,37448.96,37740.883
61425.15,56994.96,38016.72,38505.977
62606.16,60381.79,38781.92,39313.65
63031.99,60453.9,39589.5,40588.766
63180.52,60505.402,40598.7,41453.375
63367.12,60535.87,41288.94,42289.492
63149.87,60930.0,41997.72,43040.887
63642.5,60898.79,42546.66,43760.504
64611.6,60872.69,43119.13,44400.742
64967.32,60857.984,43744.49,44994.62
65194.29,61293.395,44524.74,45545.227
65467.58,61357.977,45394.63,46084.703
65949.53,61496.914,45897.64,46632.766
66471.92,61701.066,46516.61,47190.51
66259.33,62291.29,46631.03,47738.23
66659.12,62524.05,47556.06,48284.57
67027.79,62753.05,48190.28,48786.04
67286.65,62960.47,48709.75,49163.094
66732.86,63410.355,48737.34,49362.76
66442.52,63536.08,48587.32,49422.08
66073.7,63638.12,48701.01,49270.594
65859.23,63711.64,48465.69,48929.703
65612.88,63948.035,48301.84,48452.797
65261.89,63987.25,47874.11,47955.613
64752.46,64018.277,47773.46,47376.098
64232.76,64047.08,47654.99,46776.766
64187.41,64111.574,46886.61,46167.53
63890.71,64120.875,46611.68,45687.25
63481.75,64121.0,46612.73,45173.223
62770.21,64118.26,46465.09,44681.4
62384.13,64016.656,46455.49,44224.875
62141.38,64008.914,46479.72,43918.59
61883.07,63979.676,46092.17,43616.61
61468.08,63922.703,46199.25,43392.645
61670.05,63580.387,45893.82,43247.277
61258.85,63517.875,46076.28,43227.848
60556.93,63409.5,45745.82,43265.125
60026.64,63267.05,45791.16,43379.82
59757.87,62602.613,45901.1,43602.6
59793.75,62370.69,46391.57,43882.664
60066.27,62057.293,46351.12,44308.332
60045.82,61682.977,45446.89,44825.61
60101.81,60586.086,45079.47,45428.53
59623.66,60144.188,46170.77,45971.95
59612.1,59664.26,47004.44,46536.688
59393.1,59146.82,47157.93,47023.82
58923.67,57761.06,47557.02,47387.734
58262.58,57186.75,46706.33,47554.78
57599.07,56629.043,45967.35,47584.832
57114.71,56147.535,46147.74,47575.71
56352.02,55136.52,45968.87,47568.227
55305.33,54934.19,45959.67,47522.082
54547.57,54858.57,45883.48,47438.207
54062.97,54883.42,45943.58,47400.64
53500.74,54997.375,45729.94,47388.215
53131.04,55052.73,46574.51,47340.84
52809.67,55104.066,46633.06,47236.16
52692.51,55158.863,46148.2,47151.184
52312.18,55101.188,45853.54,47038.4
51740.23,55087.668,46443.33,46873.51
50750.61,55090.25,45747.1,46637.734
49971.69,55119.547,44995.11,46410.406
49299.01,52773.824,44141.89,46167.76
48422.81,52329.44,42621.74,45051.082
47442.91,51845.62,41827.29,44337.355
46841.19,51307.38,41276.21,43620.805
46241.89,50957.71,40905.99,42910.547
45780.39,50350.734,40308.92,42176.613
45024.38,49822.688,40026.18,41565.742
44645.99,49284.293,39753.32,41049.926
44117.76,48968.42,39501.49,40601.11
43299.93,48485.316,39042.72,40168.9
43009.38,47948.754,38949.03,39802.27
42480.21,47434.188,38656.94,39481.656
41639.38,44832.59,38341.46,39188.555
41006.39,43443.46,38262.01,39052.945
40739.37,42639.61,38315.8,39059.785
40688.16,42181.6,38475.53,39078.336
40028.53,41897.188,38542.11,39110.6
39881.32,41527.945,38777.02,39142.926
39752.85,41199.934,38780.23,39209.773
39757.94,40906.71,38864.79,39329.31
39359.5,40739.844,39168.16,39535.02
39341.62,40563.125,39217.63,39852.16
39407.5,40437.57,39402.06,40336.008
39402.27,40344.906,39817.07,40990.773
39804.18,40297.547,40314.07,41762.758
39420.76,40269.61,42103.21,42650.004
39120.46,40196.11,43274.37,43607.008
39356.96,40120.668,44238.27,44826.28
40516.73,40318.445,45958.36,46529.14
41113.86,40547.13,49052.66,48949.04
42010.27,40897.28,51265.63,51535.77
42773.2,41392.395,52918.39,53987.5
43590.3,42285.277,54377.41,56077.527
44387.82,42953.832,56209.71,57845.355
45689.74,43625.277,57454.04,59238.004
46633.13,44328.59,58410.28,60390.188
47830.87,46028.27,59458.29,61334.65
48921.13,46571.883,60988.57,62658.703
49820.97,47119.266,61783.35,63141.676
50739.65,47638.047,62234.44,63505.074
51260.14,48146.85,62578.32,63783.69
51854.76,48679.242,62372.87,64008.418
52736.77,49178.434,62736.34,64208.77
53087.83,49638.37,63311.45,64429.188
53653.99,50022.65,63606.93,64667.223
54059.16,50390.863,63671.8,65015.145
54283.84,50687.168,64214.28,65340.926
54872.21,50903.98,64791.66,65693.45
54781.63,51047.95,65220.56,66043.95
55117.2,51164.47,65047.18,66516.45
55461.85,51249.504,65618.32,66801.734
55849.99,51287.004,66041.63,67026.47
55562.82,51302.44,66126.03,67154.86
55469.32,51325.285,65925.92,67315.99
55619.51,51345.438,65593.51,67251.71
55208.07,51378.594,65979.4,67145.93
54584.75,51379.242,66340.99,67009.57
53801.32,51372.266,65597.02,66882.65
52894.08,51364.496,65622.19,66669.1
52473.35,51324.82,65247.48,66447.47
51763.71,51229.59,64309.81,66219.62
51178.61,51163.15,63891.71,66024.14
50882.25,51074.062,63547.13,65795.66
50727.25,51021.62,63576.74,65580.555
51010.8,50967.29,63181.82,65347.414
51028.57,50940.86,62941.89,64932.01
50964.88,50909.492,62489.04,64541.74
50824.31,50856.414,62358.48,64129.074
51045.4,50785.355,61647.46,63687.355
50824.76,50727.92,61054.32,63126.03
50416.66,50675.766,60342.44,62709.395
50142.99,50609.504,59907.94,62393.18
49845.18,50575.234,59818.08,62127.54
49871.71,50516.023,59633.95,61646.566
50144.33,50470.23,59500.36,61480.355
50491.66,50447.035,59249.66,61384.656
51822.32,50478.074,59301.55,61326.465
52020.56,50521.5,59426.69,61003.836
51560.46,50550.082,59511.63,61003.246
51237.16,50561.3,59086.22,61024.914
51236.83,50621.12,59465.42,61071.57
50739.63,50637.92,59281.41,60637.223
50493.51,50627.688,58772.42,60529.332
50569.68,50608.062,58412.89,60357.375
49894.18,50610.637,57709.59,60131.625
48573.08,50531.082,57280.0,59511.82
47739.64,50373.156,56691.36,59264.21
47991.95,50195.195,56331.21,59022.258
47487.26,49980.938,56573.27,58771.01
47352.49,49766.09,56232.18,58320.668
47991.65,49577.535,55470.76,57855.17
48039.9,49478.77,54572.05,57244.19
47657.78,49245.363,53769.96,56507.57
46789.64,49063.492,52508.98,55479.992
46387.24,48820.19,51157.47,54423.54
45920.04,48589.785,50076.89,53339.133
44504.37,47628.12,49080.16,52291.07
43849.58,47164.418,47784.36,50711.785
43279.2,46705.29,47038.49,49707.234
42721.17,46246.637,46167.05,48614.12
41512.2,45593.22,45414.77,47637.09
40937.97,45072.42,45117.56,46718.617
40320.04,44638.082,44654.81,46012.33
39519.77,44306.93,44279.12,45416.133
39027.44,43876.773,43771.67,44914.027
38505.45,43674.258,43379.72,44400.566
37797.68,43495.97,43105.6,44001.87
37484.89,43330.05,43069.42,43650.75
37091.86,40962.38,42814.2,43335.97
37210.64,40423.277,42216.64,42932.85
36747.66,40083.457,42036.58,42901.168
36897.15,39808.348,42202.19,42897.07
36551.82,39579.344,42280.43,42953.97
36600.23,39416.812,42305.64,43077.727
36319.65,39315.14,42185.74,43213.477
36408.57,39232.74,42249.96,43377.42
36119.42,39154.402,42431.09,43580.766
36057.08,39101.418,42899.49,43861.203
36332.38,39067.906,43220.86,44167.035
36215.93,39058.312,43649.51,44603.34
36444.27,39048.727,44041.44,45175.17
36176.8,39047.383,45395.49,45951.76
36159.65,39048.496,46192.48,46830.656
36034.32,39060.934,46644.22,48052.06
36382.78,39199.92,48173.34,49912.5
36415.4,39277.56,50746.96,52520.016
36939.56,39383.82,52477.04,54918.33
37312.22,39549.297,53751.9,56931.95
38011.76,39977.195,55120.53,58551.883
38497.48,40271.457,56518.98,59776.047
38777.04,40600.797,57140.12,60826.65
39537.02,40946.92,58118.08,61683.13
40235.27,42880.016,58923.58,62357.934
41442.98,43196.082,60032.1,63304.03
42189.78,43587.35,60316.36,63582.58
43041.76,43989.92,61032.71,63784.266
43579.14,44556.426,61236.53,63947.656
44042.05,44999.793,61046.74,64100.082
44540.35,45424.46,61745.09,64234.06
45035.15,45828.22,62398.74,64392.812
45620.17,46329.773,62970.57,64598.37
46511.83,46778.49,63516.48,64930.125
47180.03,47222.312,63973.09,65183.867
47823.92,47673.727,64002.46,65450.36
48393.79,48129.832,64513.84,65709.734
49000.05,48584.33,64597.25,66033.945
49742.98,49032.504,64906.34,66211.19
49809.87,49426.95,65471.51,66309.67
50104.79,49736.92,65246.48,66362.73
49550.95,50081.734,64546.94,66379.52
49260.47,50329.168,64302.29,66203.91
49032.54,50543.254,64264.68,66007.305
48514.96,50620.52,64191.93,65806.71
48080.39,50666.24,64094.14,65613.734
47533.83,50733.37,63965.78,65389.016
47369.36,50775.945,63668.25,65174.094
46750.95,50594.785,63445.37,64964.62
46709.59,50564.902,63015.6,64694.32
46407.83,50455.242,62899.42,64408.71
45807.49,50324.344,62755.78,64141.383
45595.28,50143.875,62601.0,63891.016
45633.19,50011.934,62535.77,63504.574
45262.44,49854.824,61885.89,63175.082
45016.48,49732.61,61371.02,62876.188
45115.86,49516.043,61148.6,62623.406
44962.2,49389.89,60825.27,62195.77
45206.81,49264.156,60397.76,61942.24
45369.58,49156.117,60267.84,61741.61
45705.17,48994.195,60230.62,61594.38
45842.04,48914.656,60365.6,61204.867
45750.13,48827.195,59977.54,61115.055
45831.91,48730.805,60157.06,61105.19
46615.61,48570.66,60059.43,61153.023
47125.93,48539.137,59800.25,60909.68
47026.41,48535.45,59575.14,60993.207
46934.66,48528.043,59612.16,61088.273
47719.27,48425.812,59669.08,61180.29
47700.24,48464.387,59486.69,60862.812
47697.85,48503.543,58899.22,60836.047
47459.55,48545.59,58800.6,60746.555
47697.06,48397.637,58305.34,60606.652
47498.83,48420.664,57650.71,60244.88
47258.72,48432.82,56987.31,60023.977
46623.3,48431.676,56885.87,59710.06
46519.17,48171.695,56846.94,59307.76
46551.25,48115.918,56308.77,58726.734
47190.19,48072.367,55326.5,58014.914
47643.16,48090.688,54608.87,57195.465
47826.3,47953.848,53527.16,56298.742
47325.68,47998.465,52274.97,55167.055
46624.92,47987.375,51158.89,54057.94
45609.2,47919.258,50005.41,52986.273
44997.77,47089.066,49367.06,51980.477
44477.54,46862.254,47853.1,50500.26
43597.07,46613.395,47142.71,49515.56
42950.47,46318.555,46469.75,48472.168
42244.1,45879.09,45986.96,47526.652
41891.96,45521.72,45000.43,46622.145
41664.76,45175.406,44567.98,45906.277
41107.26,44862.297,44295.48,45303.66
40520.22,44473.89,43603.12,44781.71
40176.68,44199.344,43354.92,44272.53
39786.61,43966.938,42914.52,43852.85
39157.3,43767.17,42716.72,43485.12
38711.19,43060.234,42223.51,43154.766
38793.28,43193.086,41707.28,42777.28
38652.81,43279.652,41916.9,42763.945
38508.72,42948.656,41950.24,42782.54
38968.59,42596.47,41898.08,42864.69
39013.73,42315.35,41741.54,43042.727
39039.26,42172.785,42107.42,43204.83
38910.25,42120.816,42247.53,43399.99
39870.51,42204.633,42343.04,43619.62
40200.01,42328.707,42529.13,43939.594
40710.66,42493.383,42810.69,44264.074
41214.79,42724.742,43357.55,44698.297
42657.33,43102.023,43689.68,45282.68
43540.95,43501.176,44873.45,46133.164
44255.84,43982.61,45746.14,47057.402
45617.8,44570.105,46843.6,48279.414
48794.64,45537.293,47934.28,50085.547
51216.7,46535.445,50581.2,52728.54
52912.44,47691.516,52180.07,55146.004
54305.79,48960.56,53744.64,57126.902
56234.57,50797.14,54869.15,58696.562
57470.43,52141.66,56542.9,59820.895
58630.0,53365.09,57633.1,60802.7
59729.23,54400.996,58760.09,61596.46
60714.03,58025.01,59713.78,62239.973
61477.17,58751.273,58869.66,63070.26
62047.61,59330.72,60860.9,63367.938
62202.55,59777.242,60891.67,63601.72
61817.32,60545.69,61042.42,63778.664
62247.3,60828.992,60950.75,63850.688
62960.84,61030.777,61323.75,63979.492
63830.28,61163.46,61577.53,64124.645
64277.42,61585.637,62032.84,64300.75
64218.88,61641.266,62204.49,64598.99
64327.61,61704.555,62333.48,64822.0
64696.73,61753.895,62987.14,65054.023
64939.55,62167.215,63108.08,65272.574
65504.4,62208.785,63552.28,65575.81
65946.9,62252.67,64276.09,65698.445
65766.76,62271.59,64512.82,65760.08
65511.31,62723.35,64883.61,65739.766
65312.55,62760.906,64412.99,65753.68
65412.07,62775.402,64351.43,65580.38
65907.14,62794.543,64100.12,65380.715
65914.07,63256.086,64166.25,65172.43
65517.88,63254.344,63944.48,65013.832
64919.73,63233.46,63687.46,64746.89
64493.79,63204.35,63391.51,64480.836
64488.1,63594.12,62222.04,64226.96
63838.98,63530.89,62203.81,63961.484
63649.58,63464.89,62291.18,63616.555
63290.54,63394.195,61589.2,63284.74
63407.08,63592.355,60994.75,62966.344
63091.57,63520.453,60905.79,62544.96
62999.89,63464.5,60734.74,62176.56
62746.75,63402.117,60194.4,61863.195
62806.62,63380.02,59804.87,61593.293
62565.16,63318.84,59773.68,61139.117
62261.13,63244.984,59355.73,60875.754
62009.29,63189.152,59199.81,60682.39
61887.07,62873.957,58966.21,60558.29
62128.38,62785.715,59035.66,60166.87
62098.02,62651.098,58911.65,60123.62
62280.09,62529.047,58757.97,60157.785
62135.6,61869.75,58814.19,60237.18
62161.39,61685.555,58459.96,59963.203
61889.41,61426.98,58448.71,60062.0
61753.22,61114.367,58328.15,60160.99
61446.93,59987.297,58018.18,60246.984
60876.28,59554.547,58001.1,59804.082
60734.81,59125.09,57367.82,59712.72
60384.7,58717.07,57036.15,59568.535
59679.06,57754.02,56765.06,59417.496
58674.42,57312.504,56262.7,58951.64
57907.71,56964.742,56073.78,58823.79
57381.26,56695.33,55979.57,58720.35
56644.47,56198.086,56049.08,58611.156
56639.04,55956.8,56053.83,58367.246
56386.32,55703.64,55245.61,57899.77
55828.74,55434.047,54168.16,57217.62
55500.09,54935.17,53034.94,56371.055
54831.41,54692.332,51590.74,55224.17
53531.48,54497.434,50607.45,54063.137
52753.51,54388.73,49307.29,52931.363
51388.53,50868.03,48532.33,51872.426
50596.15,50555.34,47416.02,50328.363
49607.95,50192.797,46501.86,49307.742
48729.2,49780.24,45770.82,48270.484
47882.56,49470.586,45294.32,47338.215
47080.27,49020.156,44438.26,46428.523
46596.69,48582.4,43767.21,45720.484
46151.51,48159.914,43745.23,45127.406
45519.59,47836.75,43607.67,44613.344
45350.13,47459.6,43002.78,44081.266
45046.66,47113.742,42712.88,43663.04
44825.48,46802.617,42245.4,43297.336
44415.66,45253.03,42094.83,42970.617
43955.44,45551.67,41502.04,42799.395
43699.04,45778.625,41384.24,42767.227
43581.02,45970.67,41507.62,42759.805
43943.18,46250.348,41539.5,42804.203
43732.84,46476.062,41725.47,42948.492
43555.83,46729.676,41593.74,43086.824
43848.21,46997.86,41539.96,43260.863
44147.39,47405.215,41833.37,43468.484
44092.71,47734.09,42231.82,43782.074
44403.84,48092.26,42549.4,44098.72
45037.56,48500.36,42937.62,44527.016
46055.77,49098.023,43370.87,45100.465
46489.77,49592.508,44850.44,45940.516
47304.03,50110.945,45781.15,46852.875
48569.8,50666.664,46670.73,48051.004
51065.56,51583.92,48047.59,49788.754
52661.29,52263.562,50759.45,52306.258
54291.84,53012.535,52286.67,54673.98
55935.47,53834.684,53459.2,56704.496
57524.19,55241.668,54574.37,58342.715
58616.59,55955.67,56093.84,59462.043
59556.69,56610.355,57246.55,60506.973
60576.15,57115.387,58102.34,61357.66
61428.93,60564.34,58891.65,62045.062
62112.75,60690.695,59784.8,62960.414
62608.79,60795.363,60177.11,63267.98
63176.87,60896.906,60715.46,63495.85
62990.92,61797.137,60884.69,63659.758
63582.54,61863.18,60930.04,63822.71
64312.52,61970.59,61483.35,63935.035
64969.34,62117.08,62085.8,64065.64
65217.38,62844.14,62624.2,64232.758
65494.34,62992.402,62742.43,64642.258
65877.28,63148.867,62680.49,64892.656
66215.79,63298.79,63031.13,65162.184
66631.28,63902.98,63619.96,65421.98
67134.59,63998.07,64201.28,65822.48
67379.59,64077.203,64347.7,65994.08
67554.96,64139.125,64445.94,66104.72
67004.49,64551.914,64676.62,66129.26
66537.04,64584.83,64056.17,66177.836
66485.59,64625.73,64032.05,66030.84
66466.43,64668.9,63694.94,65845.06
66372.12,64986.33,63690.04,65643.21
66207.18,65038.785,63478.67,65489.297
65809.15,65097.86,63344.79,65236.46
65456.78,65166.23,63235.14,64985.945
65382.78,65364.895,62767.77,64738.31
65117.92,65428.227,62572.42,64442.92
64830.29,65488.86,62191.99,64085.617
64758.47,65530.277,61916.88,63744.598
64736.18,65532.883,61681.5,63412.195
64348.53,65550.0,61925.45,62966.1
63584.94,65560.45,61543.63,62578.39
63313.99,65556.414,60940.29,62253.094
62948.58,65332.582,60589.24,61964.56
62662.43,65301.92,60447.74,61482.945
62560.48,65228.42,60053.42,61212.83
62246.2,65131.062,59748.69,61023.535
62281.44,64597.83,59738.87,60906.098
62065.84,64426.51,59879.63,60489.957
62193.11,64206.05,59599.74,60429.82
62135.27,63936.695,59468.81,60434.043
61696.52,62972.3,59494.94,60485.54
61419.29,62586.703,59440.65,60145.32
61298.58,62100.402,59063.72,60207.934
61471.7,61498.31,58920.37,60284.965
61611.72,59868.004,58877.22,60355.688
61207.9,59000.875,58872.29,59814.7
60861.71,58032.79,58125.41,59718.4
60711.24,57073.875,57787.52,59574.54
59917.71,55575.14,57433.51,59420.766
59067.72,55030.977,56671.31,58799.23
58295.38,54531.418,56357.87,58639.188
57780.16,54075.965,56647.05,58521.938
57419.62,53226.54,56891.98,58415.64
57239.55,52936.69,56380.64,58122.906
56957.35,52619.0,55623.44,57707.56
56731.03,52326.3,54799.8,57096.3
55879.19,51622.938,53599.19,56330.438
55000.19,51428.965,52429.43,55214.47
53673.82,51266.598,51458.01,54141.785
52786.38,51149.676,50251.54,53085.766
51575.65,48275.8,49274.62,52078.27
50706.2,47960.17,48125.41,50508.543
49650.38,47637.75,47516.9,49509.844
49144.4,47348.523,46702.79,48496.055
48207.88,47271.887,46014.73,47568.39
47768.58,47043.793,45116.44,46596.72
47481.21,46855.434,44320.08,45876.668
46973.06,46677.336,44000.59,45266.94
46589.62,46676.133,43936.13,44736.26
46115.19,46522.977,43538.46,44133.31
45784.01,46404.883,43018.43,43691.168
45776.24,46304.242,42771.05,43301.168
45119.95,45327.887,42520.37,42949.24
44842.3,45733.004,41899.31,42746.71
44629.74,46012.09,41711.52,42709.234
44549.13,46253.36,41645.62,42687.332
44951.14,46610.695,41884.76,42713.156
44952.77,46931.203,41807.88,42817.38
44840.39,47290.137,41689.71,42933.04
44964.62,47646.63,41811.78,43088.703
45357.49,48139.414,42035.61,43282.695
45705.48,48513.992,42450.9,43574.906
46071.33,48911.555,42790.91,43880.977
46420.35,49318.996,42929.32,44299.812
47571.84,49892.21,43680.49,44861.87
47978.01,50352.363,44858.56,45685.984
48814.42,50820.203,45205.19,46630.24
49564.37,51329.27,46308.51,47988.074
51827.18,52164.523,48047.6,49926.78
53821.28,52847.312,50491.6,52379.066
55167.83,53563.023,52103.35,54501.688
56583.71,54325.637,53537.67,56322.367
58363.53,55405.703,54671.25,57850.414
59603.33,56111.793,56196.54,59043.22
60616.29,56706.645,57224.45,60078.402
61599.51,57159.617,58407.6,60920.445
62401.66,60237.227,59257.08,61598.94
63193.58,60441.684,60020.57,62575.168
63610.94,60626.348,60358.17,62858.973
64041.89,60749.48,60739.59,63071.03
63907.23,61554.2,61217.42,63229.54
64325.73,61598.453,61471.52,63508.777
64959.54,61613.426,61843.47,63632.156
65622.58,61674.703,62431.68,63775.4
65957.79,62188.71,62877.54,63949.78
66313.59,62107.094,63267.64,64504.816
66724.81,62079.19,63632.33,64754.83
67295.13,62158.38,63989.23,65005.086
67442.71,62686.617,64492.99,65243.125
67877.07,62995.758,64711.82,65642.31
68142.79,63393.562,64916.22,65775.72
68279.08,63809.41,65138.51,65832.695
67295.31,64391.492,64865.91,65797.53
67135.44,64723.777,63940.19,65801.17
67216.18,65013.63,63545.69,65587.27
67244.51,65257.625,63495.45,65340.793
66974.9,65550.27,63150.06,65072.926
66629.82,65713.39,62983.2,64833.312
66313.41,65852.086,62615.73,64472.14
65979.35,65980.414,62296.9,64100.67
65964.98,66117.44,61753.29,63724.656
65947.63,66184.77,61329.82,63299.53
65710.69,66232.125,61119.77,62872.555
65417.76,66235.836,60769.38,62508.69
65348.03,66168.09,60374.32,62205.79
64775.24,66128.87,60387.95,61793.71
64428.78,66046.89,60007.3,61500.715
64010.87,65964.086,59580.85,61275.93
63906.55,65715.06,59357.13,61109.52
63368.85,65615.35,59583.25,60702.4
63147.15,65507.293,59213.57,60553.402
62920.21,65418.863,58625.83,60473.41
62914.89,64934.67,58598.95,60450.004
62655.17,64734.645,58874.51,60045.953
62603.82,64513.65,58720.93,60034.42
62692.36,64268.133,58571.11,60065.39
62590.05,63475.324,58338.26,60125.035
62227.48,63124.98,58146.8,59680.18
62407.08,62698.844,57891.78,59690.156
62405.04,62191.7,57777.68,59679.598
62292.5,60977.957,57751.54,59624.25
61863.98,60236.727,57119.03,58839.125
61405.01,59433.625,56421.84,58533.88
61289.31,58639.547,56349.37,58189.133
60572.39,57331.78,56077.73,57859.0
59941.99,56799.31,55373.88,57109.34
59212.38,56388.457,54767.05,56803.19
58366.0,56062.637,54751.66,56528.28
57986.16,55330.355,54757.89,56273.188
57629.56,55180.47,54339.18,55785.15
57369.95,55055.023,53420.46,55298.914
57215.74,54892.887,52398.59,54694.74
56668.6,54422.586,51147.67,54016.062
55993.28,54252.656,49919.16,52954.76
54781.46,54084.418,49333.83,52076.13
53838.94,53981.285,48414.27,51239.098
52743.95,50148.094,47497.16,50434.48
52019.45,50232.234,46745.32,49006.066
51128.05,50244.598,46033.04,48154.695
50874.11,50190.684,45350.12,47272.008
49720.71,49932.457,44753.8,46442.914
49235.33,49738.824,43597.03,45498.973
48863.84,49434.88,43362.99,44821.883
48460.0,49118.94,42966.91,44241.266
47992.82,48740.36,42506.61,43731.555
47715.18,48389.03,41654.27,43113.22
47383.46,48014.45,40982.85,42683.71
47108.95,47646.82,40706.99,42307.47
46839.93,47067.734,40285.95,41965.36
46616.31,47628.848,39618.57,40745.453
46449.61,48045.695,39465.14,40566.125
46279.43,48399.01,39423.11,40296.75
46348.37,48842.688,39158.47,40077.76
46223.19,49119.53,39053.63,39927.08
46046.01,49364.31,38938.17,39845.883
45972.71,49566.242,38842.08,39814.035
46336.38,49900.16,38938.52,39813.12
46549.77,50108.965,38780.64,39851.176
46864.91,50340.25,38796.21,39887.375
47379.81,50599.24,38769.53,39938.727
48571.61,51068.465,38750.52,40007.793
49099.06,51411.168,39227.76,40144.055
49239.83,51767.668,39400.14,40284.3
50132.73,52145.63,39498.04,40495.496
52247.36,52887.62,39829.48,40793.45
53914.56,53474.668,40651.84,41232.617
55291.63,54145.414,40597.64,41702.36
56637.51,54908.26,41035.53,42276.39
58229.03,55968.766,41539.94,42994.46
59436.99,56638.38,42755.14,43816.47
60849.17,57233.508,43690.31,44857.363
61887.67,57686.21,44536.4,45906.645
62636.52,60881.688,45619.09,46910.2
63134.74,60936.297,46753.79,48084.297
63740.22,61028.14,47664.52,49061.508
64390.54,61137.316,48445.38,50022.918
64217.57,61920.03,49200.79,50906.582
64605.13,61934.47,50015.78,51461.23
65202.91,62030.87,50588.17,52126.66
65920.8,62234.11,50944.6,52610.69
66404.97,62907.285,51513.63,52969.816
66687.23,63315.867,51789.98,53124.008
67269.31,63809.63,51915.78,53508.566
67565.32,64294.3,52405.61,53870.09
67833.37,64723.887,52709.52,54205.477
67998.35,65024.203,52949.34,54469.01
68609.14,65247.92,53271.72,54782.395
68907.02,65417.26,53764.57,55021.785
67763.85,65395.562,53699.19,55164.82
67367.89,65462.367,53462.98,55164.066
67626.85,65512.023,53566.3,55067.867
67794.32,65549.38,53143.42,54830.867
67560.85,65453.453,52607.41,54464.527
67255.86,65478.812,52090.3,53967.29
67071.27,65489.203,51948.39,53435.414
66545.41,65496.266,51755.32,52889.03
66183.09,65428.203,51227.11,52363.13
66174.49,65436.992,50538.7,51834.277
65960.22,65430.375,50441.02,51392.582
65709.67,65434.125,50089.79,51039.734
65761.55,65321.223,49572.67,50768.992
65358.67,65336.027,49770.22,50500.82
64752.07,65350.977,49660.37,50359.496
64339.76,65352.617,49455.21,50308.348
64211.82,65203.742,49005.87,50321.1
63851.3,65234.938,49110.41,50286.645
63358.18,65264.76,48962.63,50343.242
63414.29,65295.277,48848.2,50437.97
63661.89,65037.89,48545.28,50542.62
63021.43,65092.22,49113.34,50568.71
63366.2,65134.633,49046.85,50605.344
63246.96,65151.965,49139.52,50655.895
63339.03,64764.77,49260.34,50696.8
62964.08,64832.086,49479.49,50685.277
63037.19,64855.004,49420.49,50609.594
63063.29,64792.66,49382.73,50540.797
62620.94,63958.258,49315.9,50443.543
62339.42,63840.75,49760.99,50238.816
62167.28,63565.047,49745.02,49900.566
61938.2,63193.062,49404.96,49605.004
61475.93,61580.523,48622.55,49342.406
60795.51,61283.25,48073.47,48999.473
60282.37,60921.668,47722.39,48652.977
59782.32,60515.617,48053.77,48354.27
59070.98,59415.637,47993.58,48051.383
58884.8,59074.133,47887.55,47590.22
58715.45,58877.844,47202.05,47132.12
58267.4,58817.297,46887.42,46688.89
57450.07,58145.73,46115.69,46230.305
56457.9,58033.22,45658.58,45580.46
55406.45,57997.63,45005.48,45022.14
54969.55,58027.207,44271.54,44514.7
53993.71,53816.473,43405.1,44015.062
53174.42,53408.566,42129.92,43266.625
52162.48,53076.91,41598.01,42504.734
51332.06,52742.18,41193.39,41761.867
50281.26,52028.74,40389.24,40978.508
49598.28,51603.53,39448.8,40025.93
49259.21,51186.234,38953.6,39282.99
48639.78,50782.496,38456.37,38611.97
48046.18,50053.277,38105.69,38000.527
47705.26,49599.23,37597.26,37317.58
47396.33,49169.06,36983.91,36788.27
47114.65,48773.406,36789.91,36318.22
46981.32,48536.82,36699.31,35902.195
46712.43,48816.81,36377.57,35903.305
46545.56,48978.82,36010.98,35710.965
46391.04,49090.0,35712.48,35501.867
46659.69,49314.625,35732.18,35286.406
46497.36,49372.03,35670.98,35051.1
46446.74,49423.13,35536.83,34903.633
46634.49,49477.82,35625.52,34795.305
47016.38,49730.465,35557.3,34710.52
47282.12,49806.9,35415.21,34614.25
47450.94,49907.547,35480.73,34571.78
48073.26,50016.453,35362.15,34550.35
48954.16,50377.383,35188.04,34545.92
49611.7,50573.29,35497.1,34532.516
49885.34,50814.875,35475.37,34550.47
50974.29,51096.703,35582.44,34577.72
53291.09,51746.19,35366.3,34615.875
55035.01,52274.32,36091.51,34683.445
56322.95,52890.996,35718.31,34794.71
57545.04,53571.355,35945.88,34986.156
59465.05,54386.46,36263.76,35304.92
60507.79,55018.64,37142.24,35971.0
61566.69,55554.188,37855.97,36674.734
62545.7,55979.414,38632.18,37524.97
63432.83,59157.953,39353.24,38414.87
63976.42,59509.574,40214.08,39996.04
64194.03,59794.586,41013.26,40852.6
64708.03,60044.688,41762.91,41627.79
64685.56,60680.22,42235.79,42316.094
65198.28,60915.156,42880.3,43102.766
65876.18,61143.17,43681.14,43727.473
66463.37,61394.383,44295.94,44321.344
66628.86,61941.21,45019.96,44888.273
66712.86,62180.97,45439.07,45619.844
67094.06,62410.457,45923.5,46264.0
67646.12,62640.36,46231.71,46913.812
67565.04,63111.1,46759.06,47558.05
67805.35,63313.79,47302.55,48235.555
67972.67,63532.754,47696.75,48827.5
67986.53,63760.938,48152.6,49294.832
67343.01,64225.668,48445.34,49591.36
66855.89,64420.707,48496.96,49697.24
66824.26,64596.234,48350.88,49602.77
66657.95,64760.17,48172.02,49315.836
65917.68,65077.31,47935.45,48880.57
65644.08,65201.516,47486.07,48357.54
65436.26,65307.82,47193.5,47819.777
64841.23,65400.117,46794.3,47307.97
64467.98,65499.297,46452.13,46844.402
64440.42,65570.46,46226.92,46427.28
64212.65,65633.164,46102.85,46083.69
63973.29,65692.71,45942.88,45809.59
63528.49,65581.195,45543.27,45611.312
63199.72,65649.055,45660.55,45442.86
63010.01,65691.2,45389.71,45379.535
62266.58,65755.64,45227.17,45378.984
62349.29,65503.543,45162.42,45439.535
62580.31,65632.86,45194.5,45465.035
62302.74,65620.33,44834.5,45620.16
62177.91,65606.1,44737.54,45825.016
62631.88,65029.39,44912.99,46075.89
62649.18,65025.586,45732.2,46238.242
62579.16,65039.574,45880.7,46544.598
62315.9,65021.902,46093.37,46898.844
62707.33,64197.992,46444.35,47290.02
62043.24,64120.684,47256.3,47580.66
61898.26,64056.93,47580.5,47946.32
61432.89,63931.89,47390.94,48283.637
61185.42,62830.18,47660.07,48549.68
60868.14,62629.39,47744.98,48563.844
60762.16,62412.645,47617.32,48498.508
60338.2,62204.535,47515.38,48369.26
59437.23,61341.234,47637.34,48234.844
58600.73,61028.95,47543.46,47963.535
57636.8,60605.55,47780.18,47811.95
56938.27,60340.1,48215.0,47704.89
56206.22,59661.42,48387.73,47627.16
55976.1,59514.71,48300.22,47463.246
56061.54,59393.176,47677.04,47342.113
55269.6,59137.78,47279.34,47228.457
54951.98,58049.125,47055.79,47098.016
54572.03,57904.996,46914.89,46855.824
53241.97,57736.316,46512.98,46619.367
52043.82,57618.28,45920.18,46387.34
51096.25,54137.688,45313.15,46138.758
50218.53,53500.703,44479.93,45216.79
49051.27,52900.76,43888.92,44545.516
48346.55,52280.402,43456.53,43841.25
47686.0,51245.75,42968.82,43104.2
46669.28,50599.85,42413.73,42210.254
46113.6,49907.52,41928.03,41547.42
45664.18,49281.348,41282.05,40973.15
44479.92,48236.08,41002.17,40462.92
43964.69,47514.188,40651.76,39785.094
43475.67,46818.24,40397.42,39315.977
42797.31,46192.094,40144.75,38884.375
42688.91,46259.355,40025.39,38482.375
42194.85,45618.156,39721.22,38017.344
42206.52,44918.336,39622.53,37989.32
42083.33,44386.043,39763.7,38027.14
41677.29,43910.11,39569.52,38094.992
41482.39,43423.883,39131.68,38129.473
41102.58,43003.086,39256.7,38239.645
41171.48,42601.34,39238.07,38376.79
40934.84,42278.676,39370.25,38565.207
40695.3,41948.21,39995.47,38809.85
40486.08,41668.984,40321.6,39236.844
40674.65,41428.676,40957.27,39845.242
40976.35,41306.285,41588.68,40591.14
40903.53,41184.523,43382.93,41440.484
40601.5,41064.598,44319.95,42435.47
40745.05,40922.777,45573.43,43767.656
41679.81,41040.78,47398.24,45607.83
42144.37,41108.42,50560.16,48049.844
43077.9,41278.184,52404.78,50476.816
43704.74,41636.473,53784.31,52724.4
44789.03,42395.32,55127.72,54665.086
45865.81,42949.777,56810.22,56470.844
46299.26,43565.312,57903.01,57819.883
47233.22,44149.105,59126.94,58954.918
47963.72,45842.91,60388.46,59911.973
48742.76,46313.23,61283.49,61426.043
49512.99,46802.977,62129.02,61816.42
50419.33,47294.04,62685.46,62109.934
51342.02,47885.586,63091.33,62314.3
51883.45,48391.68,63182.96,62825.426
52452.69,48860.906,63561.13,62994.035
52953.97,49309.277,64257.21,63174.086
52963.35,49751.5,64455.75,63382.19
53149.62,50131.695,64892.94,64047.402
53851.46,50483.402,65368.52,64360.79
54223.35,50843.973,65882.6,64688.79
54885.61,51172.47,66376.84,65015.516
55269.63,51505.406,66612.66,65578.14
55468.86,51718.727,67220.21,65854.016
55415.58,51872.918,67592.11,66071.086
54981.28,51863.363,67621.43,66228.48
54635.18,51851.06,67051.8,66437.07
54538.61,51806.805,66837.77,66452.18
54139.5,51685.145,66837.28,66404.9
53340.22,51505.99,67132.89,66295.98
52965.29,51409.87,67068.14,66142.44
52755.37,51289.05,67044.29,65914.57
52444.07,51212.2,67093.95,65666.75
52150.78,51031.29,66321.09,65422.22
52001.52,50959.703,66005.56,65104.188
51846.96,50881.41,66041.76,64828.01
51733.01,50847.383,65620.19,64571.586
51437.65,50647.566,65293.37,64333.133
51443.78,50596.63,65137.47,63882.688
51011.46,50549.51,64986.64,63582.7
50755.23,50508.21,64740.82,63308.188
50623.46,50265.934,64193.39,63066.117
50728.32,50239.848,63959.68,62530.03
50540.95,50239.316,63765.05,62291.14
50480.49,50204.906,63238.58,62111.566
50750.88,50013.6,63121.45,61995.33
50834.25,50015.938,63155.27,61515.184
51167.45,50043.402,63233.66,61464.973
50829.1,50036.863,63351.4,61471.945
51309.11,49905.67,63329.56,61542.895
51015.81,49932.83,62603.34,61144.27
51287.41,49964.4,62066.16,61233.52
51272.24,50000.42,62217.11,61329.06
51273.35,49791.008,61857.0,61401.1
50938.67,49777.062,61361.84,60651.61
50863.53,49708.223,60655.51,60505.758
50469.81,49598.902,60505.33,60295.383
49626.92,49119.203,60099.1,60073.344
48903.86,48892.445,60071.19,59296.715
48629.27,48643.184,59759.79,59047.285
47837.21,48408.02,60087.95,58782.508
47099.66,47726.145,60178.2,58491.227
47243.24,47408.957,59433.42,57810.492
46869.39,47149.81,58484.81,57254.617
47090.24,46886.688,56957.76,56567.324
46850.59,46223.477,56084.0,55782.52
46341.34,45945.375,55097.33,54573.742
45435.51,45639.492,54141.13,53527.75
45016.72,45266.83,52957.42,52471.84
43963.1,44217.156,52087.34,51464.168
43126.38,43651.383,51045.31,49850.082
42477.4,43136.105,50386.62,48951.55
41873.46,42698.785,49525.66,47996.934
41160.08,41945.164,48809.19,47152.754
40295.18,41602.156,47932.87,46164.582
40067.43,41302.01,47521.41,45544.656
39651.09,41110.945,47045.44,45019.273
39080.45,40709.688,46322.68,44560.516
38904.52,40631.703,45253.93,43888.58
38726.19,40598.8,45298.26,43507.03
38272.15,40590.47,44771.82,43163.03
37856.79,40065.633,44681.06,42849.074
37833.2,39688.457,44206.84,42635.42
37773.58,39436.77,44203.92,42505.254
37708.92,39254.062,44252.7,42390.035
37673.7,39107.086,44380.19,42356.07
37614.82,38995.746,44454.16,42364.656
37307.23,38917.617,44410.85,42422.113
37263.48,38846.223,44224.16,42520.254
37339.21,38803.414,44201.03,42673.152
37464.86,38770.95,44733.42,42907.8
37509.93,38763.336,44773.81,43271.99
36232.22,38761.31,45078.31,43785.305
37170.67,38715.78,45780.04,44424.89
37149.03,38732.047,47484.48,45258.832
37040.04,38752.195,48375.89,46281.633
37150.47,38768.797,49714.75,47766.477
37047.54,38960.06,51010.16,49842.953
37020.94,39038.477,54096.32,52343.594
37225.85,39170.688,55376.85,54442.066
37969.92,39369.684,56424.69,56201.74
38954.69,39912.547,57509.9,57694.844
39139.37,40328.805,58945.14,59155.324
39636.49,40756.97,60261.14,60223.69
40174.31,41214.85,61418.64,61081.465
41170.51,43223.605,62171.4,61731.27
41402.6,43472.89,63199.71,62813.934
42095.74,43751.785,63737.43,62987.215
42843.4,44066.85,64259.34,63106.53
43755.75,44555.79,64715.74,63197.242
44275.16,44913.77,64260.58,63653.13
44946.35,45222.75,64753.21,63807.29
45793.38,45514.29,65684.33,64003.82
46373.16,45938.45,66220.52,64256.574
46403.77,46226.6,66470.88,64997.156
46890.9,46474.664,66756.75,65312.383
47445.91,46713.21,67139.27,65586.67
47944.48,47055.74,67537.8,65840.055
48177.55,47316.062,67847.57,66279.57
48437.72,47556.883,68504.44,66447.14
49054.16,47781.06,68900.99,66575.04
49105.78,48049.81,69080.64,66647.7
48930.72,48255.2,68020.58,66764.83
48444.18,48405.664,67885.82,66727.266
48163.41,48491.094,68077.01,66650.53
47989.54,48530.113,68153.76,66531.96
47529.64,48565.38,67957.48,66345.23
47151.12,48565.285,67718.61,66116.29
46638.42,48541.266,67417.3,65886.46
46321.03,48419.047,66948.12,65672.664
46413.51,48363.227,66633.17,65351.773
46070.85,48323.188,66575.6,65104.594
46140.35,48272.598,66226.68,64876.94
46408.34,48098.57,65980.95,64658.664
46083.4,48093.49,66433.6,64185.46
45787.13,48057.566,65811.61,63892.31
45636.93,48008.707,65875.01,63622.23
45828.28,47783.83,65834.74,63385.0
45755.14,47753.73,65493.72,62808.047
45607.66,47719.03,64726.16,62554.902
45950.11,47678.676,64892.92,62371.24
46538.89,47459.05,64568.75,62233.13
46952.64,47486.508,64573.02,61734.72
47192.48,47522.215,64419.22,61667.516
47495.41,47571.55,64624.18,61667.46
48451.36,47410.32,64568.2,61714.805
48490.7,47511.965,63987.9,61285.91
48546.39,47608.473,63722.4,61347.785
48637.7,47689.984,63522.67,61408.273
49293.27,47484.8,63582.47,61444.047
49231.36,47557.777,63315.24,60718.215
49044.3,47605.52,62512.52,60551.492
48738.03,47629.617,62257.0,60332.78
48722.43,47277.477,62225.06,60107.227
48416.96,47246.188,62070.69,59335.54
48048.78,47198.473,61363.2,59078.77
47597.04,47133.7,61394.2,58814.598
47898.38,46683.152,61532.59,58524.312
48049.28,46613.902,60812.3,57850.27
48383.59,46575.02,59823.28,57318.598
48370.68,46572.688,58631.53,56669.168
48097.68,46210.527,57378.09,55923.348
47541.8,46151.547,56395.83,54724.688
46705.83,46046.12,55436.86,53689.453
46172.5,45876.4,53932.82,52634.707
45013.55,44713.87,52991.55,51617.777
44331.19,44469.39,51680.74,50059.273
43776.91,44215.34,50856.97,49141.383
43373.75,43953.598,50015.88,48200.09
41866.89,43390.25,49321.27,47367.926
41406.58,43053.562,48338.32,46380.35
40888.75,42743.227,47942.26,45771.027
40680.98,42464.223,47293.72,45255.574
40415.51,41980.477,46743.82,44805.67
40228.85,41788.203,46333.45,44128.56
40104.92,41631.39,46000.34,43756.844
39938.16,41509.69,45618.69,43422.5
39774.1,42273.117,45292.09,43118.555
39743.49,42206.492,44611.98,42991.766
39611.02,42002.957,44473.08,42873.09
39741.08,41567.145,44366.88,42767.152
39527.43,41272.316,44358.64,42730.734
39513.43,41026.75,44217.64,42739.82
39667.14,40923.92,44348.89,42786.1
39873.85,40914.32,44415.68,42872.387
40424.3,41033.66,44456.4,43015.812
40555.26,41099.055,45317.04,43251.496
40894.51,41218.2,45611.86,43612.562
41379.96,41385.34,45858.61,44127.5
42752.18,41712.29,46289.44,44766.46
43714.86,42041.656,48015.33,45596.977
44164.43,42470.305,49082.42,46584.08
45674.92,42976.7,50221.07,48002.45
49634.76,43838.258,51742.02,50015.035
51733.78,44723.098,54548.74,52499.797
53458.03,45860.305,55955.56,54608.387
55105.35,47262.258,57200.76,56381.066
57197.11,49153.266,58434.98,57882.22
58403.02,50776.62,60053.89,59347.18
59484.55,52263.63,61007.69,60423.31
60564.92,53606.285,62030.7,61295.754
61513.84,57469.035,62895.91,61971.062
62178.8,58283.367,63766.05,63007.25
62623.11,58960.88,64195.01,63220.67
62941.51,59534.664,64434.48,63364.047
62801.47,60439.28,64769.77,63480.742
62907.45,60839.76,64254.97,63838.297
63595.88,61189.25,65122.16,64001.965
64752.82,61471.37,65635.95,64204.664
64979.84,62050.336,66172.02,64454.805
65040.05,62209.926,66380.63,65098.594
65115.17,62325.49,66741.83,65413.03
65384.79,62390.348,67199.92,65709.74
65177.34,62761.52,67757.72,65975.266
65632.94,62785.184,68058.08,66475.51
65662.53,62768.86,68237.29,66637.2
65822.92,62744.008,68602.71,66751.06
65803.1,62999.31,68570.45,66822.83
65537.41,62951.22,68367.87,66997.88
65401.44,62911.586,68425.4,66969.19
65558.5,62858.688,68302.49,66889.2
65376.92,63026.3,68597.88,66760.98
65237.62,62972.547,68085.35,66592.31
64837.36,62920.637,67825.58,66371.15
64360.6,62860.08,67786.64,66153.74
63944.7,62904.016,67510.79,65945.4
63927.78,62890.324,67778.99,65614.59
63601.35,62868.97,67731.26,65360.36
63279.78,62829.656,67195.66,65133.055
63247.36,62669.56,67279.55,64915.9
62979.75,62649.766,67073.14,64441.266
62272.47,62625.14,66629.93,64146.855
61844.39,62591.41,65534.67,63872.492
61624.17,62151.37,65178.59,63628.29
61401.6,62086.51,65301.99,63028.36
61033.75,62003.64,64601.14,62770.11
60988.07,61922.973,63845.56,62576.52
60923.61,61126.29,63568.06,62453.76
60831.16,60985.43,63764.23,61953.887
60969.35,60816.824,63609.81,61885.28
61212.52,60642.203,63282.21,61880.812
60869.0,59485.67,63164.02,61924.695
60539.2,59202.492,63184.8,61496.38
60695.81,58898.49,62858.04,61534.67
60465.08,58528.44,62548.69,61566.023
59933.73,56869.73,62381.94,61600.496
59531.53,56249.18,62323.98,60857.492
59291.53,55577.09,61868.48,60669.695
59251.5,54890.5,61590.48,60407.867
58481.82,52956.527,61331.46,60151.945
57707.88,52416.35,61176.77,59378.117
56829.46,51948.953,60871.31,59092.83
56277.04,51544.984,60679.87,58801.297
56059.15,50250.22,60350.47,58493.91
55809.87,49930.71,59743.95,57837.668
55692.32,49628.043,59028.78,57296.594
55334.26,49359.066,58061.06,56636.03
54602.74,48404.094,57073.66,55878.848
53746.85,48178.613,55843.3,54686.797
52696.13,47983.066,54882.14,53650.332
51719.5,47810.453,53461.03,52611.094
50335.25,44867.82,52411.15,51626.508
49241.23,44454.938,51354.7,50160.992
48606.18,44037.81,50067.0,49263.195
47924.27,43664.7,49278.24,48360.07
46736.64,43254.53,48885.79,47564.992
46253.35,42956.8,48253.5,46606.168
45716.46,42696.977,48183.72,46008.746
45320.16,42469.496,47716.41,45503.47
44893.21,42285.758,47194.38,45053.52
44513.63,42116.758,47030.14,44390.668
44464.35,41965.97,46720.46,44010.055
44211.4,41842.34,46523.33,43664.836
43926.15,43292.08,45954.0,43347.035
43735.92,43550.977,45297.92,43384.61
43655.08,43680.57,45164.54,43249.656
43710.19,43770.16,44893.44,43126.723
43627.01,43970.97,44636.19,43075.57
43589.19,44084.59,44797.74,43051.734
43778.43,44236.992,45054.08,43073.99
43905.66,44439.08,44982.83,43136.438
44451.28,44815.906,45101.68,43256.465
44933.0,45126.117,45496.17,43456.92
45244.73,45501.45,45989.87,43786.33
45841.05,45926.844,46158.86,44277.383
46745.4,46603.195,46265.83,44902.0
47086.3,47164.957,47891.99,45712.45
47831.37,47772.137,48848.72,46690.88
49080.82,48443.25,49658.87,48080.85
51439.37,49525.84,51281.53,50054.176
53005.89,50368.523,54321.09,52515.688
54522.9,51310.566,55946.61,54619.25
55826.27,52323.074,57103.53,56386.332
57438.54,53762.016,57952.81,57865.26
58686.69,54590.914,59536.38,59268.574
59903.76,55330.73,60445.85,60343.293
60651.17,55969.766,61551.88,61239.656
61332.46,59290.594,62373.66,61946.5
61945.38,59596.516,63295.62,62951.55
62409.28,59872.7,63794.5,63203.016
62741.27,60125.72,63893.69,63371.227
63074.48,60978.637,63877.97,63491.227
63433.0,61171.082,63820.65,63728.1
64128.81,61355.055,64385.26,63851.812
64678.81,61513.836,64904.25,64020.824
65019.71,62211.11,65167.07,64241.82
65715.51,62313.402,65626.39,64673.98
66377.67,62391.71,66430.59,64964.867
66735.17,62450.855,66863.48,65250.477
67285.86,62937.42,67372.89,65519.473
67641.48,62943.605,67422.18,65890.5
67644.83,62938.95,67481.07,66070.87
67903.19,62925.11,67585.66,66195.36
67253.4,63251.51,67707.79,66266.23
66844.79,63251.0,66973.91,66325.32
66960.33,63255.766,66809.99,66237.664
66996.31,63246.676,67088.14,66085.95
66723.36,63460.207,67487.75,65901.9
66643.47,63479.56,67506.23,65667.07
66717.87,63500.785,66767.96,65432.72
66485.46,63495.297,65982.22,65208.883
65766.18,63568.22,65182.57,64999.203
65970.85,63600.11,64849.64,64671.004
65280.74,63638.54,65127.34,64418.73
65323.4,63661.5,64996.1,64159.43
65304.25,63509.67,64700.26,63900.785
64995.79,63537.297,64411.78,63371.676
64365.36,63537.86,64070.96,63031.72
64006.27,63529.04,64029.81,62730.113
64313.12,63000.688,63675.64,62465.457
63795.7,62947.984,63536.61,61877.555
63647.32,62872.934,63150.41,61631.48
63164.44,62796.547,63045.98,61446.145
62896.7,61845.445,62712.69,61313.61
62654.51,61696.973,62779.74,60813.324
62967.68,61510.695,62703.67,60739.72
62939.52,61284.58,62872.97,60737.95
62935.16,59947.46,62672.69,60785.01
62698.78,59618.227,62206.43,60427.55
62503.7,59238.082,61604.18,60511.965
62440.84,58805.77,61539.5,60589.06
61924.2,56904.008,61556.24,60639.92
61377.94,56259.363,61220.46,60056.438
60768.28,55553.535,60777.84,59911.285
60256.09,54880.113,60458.78,59709.99
59698.96,52911.855,60280.26,59523.09
58772.66,52504.395,60293.85,58898.453
58062.02,52183.22,60143.57,58745.28
57652.41,51964.05,60434.65,58579.984
57442.8,50804.613,60222.19,58357.844
57370.71,50658.086,59116.27,57760.594
57112.63,50517.83,58345.54,57139.93
56696.46,50413.355,57352.07,56366.316
55981.2,49553.62,56052.53,55486.273
54841.45,49475.438,55034.81,54196.01
53736.55,49432.11,53898.93,53095.492
52698.93,49409.695,52817.25,52054.44
51818.6,46352.625,51993.24,51091.492
50862.53,46195.098,50551.07,49715.83
49890.06,45994.336,49538.77,48781.12
48882.69,45797.29,48750.37,47861.6
48068.91,45403.457,48383.14,47021.57
47561.73,45169.547,47281.75,46024.586
46932.46,44992.926,46836.39,45369.348
46425.27,44830.156,46507.0,44812.03
46103.13,44561.82,46074.22,44315.15
45900.34,44369.363,45629.14,43615.41
45773.85,44163.516,45148.68,43189.76
45355.25,43973.074,44997.01,42808.65
44790.21,44808.727,44668.56,42459.176
44582.01,45318.906,44219.77,42451.555
44476.64,45643.223,43821.6,42360.242
44264.7,45873.48,44037.4,42262.434
44037.0,46199.164,44022.84,42217.54
43970.92,46413.035,43722.6,42227.387
44126.8,46631.566,43702.49,42269.4
44318.61,46900.98,43638.25,42353.316
44483.41,47346.668,43742.0,42486.18
44819.05,47690.5,43813.34,42712.414
45197.44,48097.84,44174.0,43013.367
45858.67,48548.547,44388.83,43459.03
46955.85,49251.793,45131.52,44052.277
47484.89,49803.26,46786.43,44884.33
48300.61,50382.938,47605.97,45904.254
49495.31,50985.418,48675.51,47403.92
52346.13,51999.86,49944.51,49460.15
54176.85,52802.94,52797.19,51925.598
55607.36,53682.332,54690.67,53988.938
56955.64,54566.516,56198.67,55743.74
58528.57,55861.27,57386.59,57236.938
59395.14,56635.766,58551.89,58603.066
60632.7,57291.695,59661.82,59684.17
61629.83,57831.496,60583.81,60578.957
62473.94,60700.957,61410.26,61293.875
62844.67,60822.5,62436.38,62399.25
63315.04,60960.625,63040.55,62661.74
63641.33,61062.75,63491.95,62837.22
63390.14,61501.223,63820.16,62955.61
63837.36,61540.0,63429.3,63275.234
64178.51,61546.664,63748.1,63385.297
64456.79,61530.844,64317.77,63521.0
64966.31,61877.98,64809.28,63695.84
65335.56,61847.24,65053.64,64114.035
65624.42,61799.082,65060.71,64350.758
66090.4,61750.95,65585.88,64592.25
66977.48,62035.1,65907.54,64814.69
67890.89,61972.94,66094.61,65161.305
67962.66,61909.836,66322.83,65278.695
68023.84,61874.242,66514.69,65311.504
66861.5,62130.562,66633.45,65247.715
66290.65,62165.656,65772.31,65179.348
65906.23,62217.824,65272.38,64909.93
65841.37,62275.176,65276.07,64601.344
65657.58,62460.465,65359.09,64285.71
64981.25,62534.438,64975.52,63990.633
64197.23,62623.188,64288.4,63623.312
63993.98,62688.95,64168.57,63245.285
63230.09,62693.9,63404.61,62871.168
63192.18,62715.11,63506.63,62414.375
63488.6,62709.637,63589.37,62010.605
63481.67,62696.688,63441.97,61676.08
63589.14,62463.406,63261.73,61401.75
63614.7,62428.016,63229.99,60978.367
63003.98,62393.25,62834.2,60733.594
62752.05,62296.668,62326.07,60549.723
62780.53,61836.406,61872.55,60415.09
62791.93,61771.086,62166.7,59995.492
62405.73,61686.5,61909.27,59879.543
61904.0,61619.92,61515.09,59832.31
61520.17,60956.062,61225.33,59835.285
61478.5,60905.137,61517.36,59431.566
61354.83,60850.594,61363.4,59452.15
61494.04,60783.906,61037.48,59512.953
60922.66,59925.684,60915.33,59604.883
60887.52,59851.562,60541.46,59205.906
61014.86,59711.58,60173.51,59271.848
61045.4,59543.05,59908.94,59303.797
60770.31,58314.88,59763.87,59282.676
60008.87,58002.36,59483.91,58522.95
59303.07,57662.137,58954.09,58261.49
59034.75,57327.04,58602.96,57957.906
58327.88,55967.363,58440.1,57680.97
57468.5,55722.67,57816.51,56965.293
56901.27,55516.24,57864.22,56716.938
56348.22,55352.965,57719.77,56466.14
55597.84,54328.45,57547.01,56181.246
55487.17,54169.848,56583.15,55596.066
55208.12,54000.14,55701.53,54977.68
54705.91,53816.9,54465.92,54258.164
53810.13,52959.785,53355.16,53487.004
52774.92,52752.11,52143.91,52373.758
51439.12,52583.28,51304.17,51467.42
50577.84,52479.207,50358.53,50631.445
49855.95,49534.68,49472.64,49847.312
48821.24,49284.297,48399.66,48643.44
47975.37,49024.48,47833.43,47816.22
46939.5,48757.914,46966.45,47004.383
45976.18,48260.242,46315.28,46242.676
45573.8,47914.0,44687.71,45330.367
44960.83,47631.383,44333.01,44703.875
44668.44,47382.67,44246.38,44168.5
44122.03,47027.617,43759.71,43691.23
43827.77,46763.93,42542.21,43054.855
43805.58,46526.89,42127.49,42640.477
43668.27,46314.72,41500.78,42276.914
42873.14,45752.918,41172.8,41942.15
42690.41,45423.242,40632.22,40898.062
42701.69,44909.367,40047.46,40719.934
42878.15,44452.453,39891.11,40445.46
42812.87,44349.566,39801.06,40198.695
42766.25,44305.1,39893.23,39962.67
42759.48,44388.383,39658.74,39817.28
42921.77,44538.703,39420.98,39725.82
43450.06,44903.652,39260.43,39671.406
43719.57,45253.547,39356.09,39628.44
43966.48,45670.324,39452.05,39628.29
44425.7,46178.074,39325.47,39650.92
45331.02,47021.152,39526.86,39694.47
45906.35,47856.383,40026.12,39767.9
46659.16,48783.92,40022.56,39884.953
47822.86,49793.016,40044.31,40072.574
50720.12,51127.434,40709.83,40348.727
52317.67,52370.684,41597.09,40741.39
53527.77,53632.445,41876.18,41198.586
55023.83,54821.05,41916.26,41764.613
56279.1,56060.773,42307.99,42469.566
57461.39,56980.215,43601.01,43462.344
58523.41,57692.37,44287.96,44529.4
59415.28,58211.246,45229.46,45623.395
59844.02,60483.47,46370.06,46661.844
60389.98,60603.2,47434.81,47891.664
61080.05,60685.406,48535.67,48903.83
61514.67,60716.113,49162.38,49839.94
61142.17,60982.402,49984.6,50676.664
61478.26,60977.55,50740.71,51261.32
62119.78,60963.754,51474.03,51918.938
62694.09,60926.863,52407.2,52428.062
62714.57,61181.215,52885.03,52833.055
63042.28,61151.137,52940.13,53045.6
63624.2,61133.92,53167.42,53496.613
63913.81,61142.54,53697.0,53907.66
64231.53,61459.082,53644.25,54269.883
64676.24,61580.96,53709.84,54460.17
65437.89,61760.574,54231.08,54768.043
65850.42,61965.336,54497.65,54992.355
65471.58,62325.57,54491.19,55116.004
65347.14,62503.03,54378.06,55044.73
65358.07,62663.97,54330.55,54960.15
65495.39,62791.18,54096.6,54748.3
64831.27,62935.81,53564.15,54423.973
64691.26,63014.695,53380.6,53964.195
64278.1,63073.94,53077.99,53521.48
63587.11,63117.47,53279.39,53073.516
63174.41,63054.605,52796.74,52651.242
63066.62,63076.633,53007.32,52219.477
62808.77,63097.867,52940.83,51883.797
62847.21,63099.453,52372.76,51632.793
62371.07,62859.23,52384.56,51461.344
61519.58,62853.3,52130.21,51310.03
61025.2,62845.18,51969.55,51267.406
61010.03,62811.043,51821.11,51298.883
60950.42,62339.023,51209.02,51367.62
60543.05,62298.586,51375.27,51407.19
60081.94,62220.58,51309.6,51476.47
59703.77,62129.64,50477.24,51556.54
59849.52,61404.613,50525.13,51626.67
59845.76,61231.105,50633.35,51673.52
59621.73,61015.176,51152.81,51662.938
60210.39,60776.527,50951.13,51655.38
60045.06,59794.03,50969.09,51640.168
59900.84,59451.75,51758.96,51649.402
59514.03,59059.88,51464.99,51505.902
59474.16,58621.723,51228.81,51364.605
59190.07,57356.945,51055.99,51200.336
58410.74,56789.41,51037.91,51042.63
58094.93,56218.84,50515.14,50611.28
57773.5,55673.586,50178.2,50257.996
56931.98,54461.9,49812.98,49976.64
55932.99,54089.426,49585.08,49778.766
55407.4,53796.703,49650.14,49439.81
55132.56,53581.84,49158.89,49141.9
54807.16,52862.12,49007.33,48838.484
54724.66,52701.832,48311.53,48480.555
54554.32,52557.355,47425.07,47974.164
54217.97,52439.22,46985.79,47484.39
53472.63,51860.848,46562.66,46977.684
52443.06,51731.684,46389.87,46376.1
51432.01,51648.203,45917.68,45750.184
50615.07,51596.113,45387.63,45196.11
49570.22,49647.17,45045.18,44671.465
48762.81,49372.617,44268.5,44126.258
47934.27,49103.29,43695.9,43354.523
47099.75,48879.945,43478.97,42619.39
46737.36,48422.977,43012.59,41846.85
46139.36,48206.86,41888.72,40893.63
45631.67,48013.07,41377.27,40120.42
45009.92,47837.684,40864.08,39426.04
44190.32,47432.02,40653.68,38812.47
43617.23,47188.71,39792.17,38157.305
43378.98,46944.44,39373.07,37673.633
43131.62,46717.387,39062.23,37251.383
42596.38,45819.797,38570.55,36875.312
42804.27,45444.434,37877.26,37206.15
42657.59,45095.305,37442.3,37081.33
42868.17,44659.64,37124.58,36939.016
42991.99,44446.723,37301.01,36786.062
43132.37,44288.664,36858.93,36558.09
43160.12,44277.5,36835.13,36440.566
43193.38,44354.492,36547.38,36339.1
43907.47,44612.727,36389.5,36261.992
44120.96,44881.227,36727.61,36112.0
44375.58,45207.445,36831.06,36088.273
44792.54,45591.97,37039.61,36104.594
45924.0,46237.23,36875.38,36124.11
46698.24,46857.85,36932.09,36093.85
47170.5,47596.945,36917.9,36112.387
48208.15,48422.242,37176.18,36155.773
50484.87,49578.31,37230.55,36238.71
51955.83,50661.758,37772.43,36290.03
53483.1,51822.98,37638.7,36381.414
54849.24,52986.527,37737.84,36542.508
56600.13,54303.15,37424.53,36810.227
57543.37,55237.746,37832.29,37353.742
58586.25,55991.664,38341.89,37967.82
59478.17,56584.797,39140.1,38696.266
60351.51,59217.31,39481.94,39458.07
60896.44,59346.434,40578.76,40846.438
61242.93,59434.535,41458.63,41575.58
61548.52,59481.508,42489.59,42295.79
61490.58,59855.12,43024.38,42960.996
61879.98,59855.555,43573.8,43681.945
62251.61,59882.887,43955.67,44279.164
62948.99,59945.055,44828.93,44842.61
63125.64,60378.64,45296.41,45378.805
63346.93,60542.44,45665.14,45941.473
63658.79,60771.11,46307.68,46490.29
63881.83,61024.715,46965.58,47040.336
63944.98,61490.816,47787.1,47588.48
64432.73,61687.52,48096.24,48085.996
65046.42,61853.7,48730.63,48517.266
65602.39,61974.547,49102.51,48827.656
65096.1,62181.13,49424.47,48979.05
64793.26,62263.44,49072.25,48925.164
64925.96,62329.992,48809.49,48735.55
64536.89,62378.477,48655.75,48429.844
63850.15,62401.16,47999.48,48051.355
63430.91,62442.793,47865.92,47637.75
62572.79,62480.44,47839.72,47222.035
61939.61,62507.7,47989.64,46835.945
61425.57,62387.84,47923.38,46485.684
60962.22,62420.234,47604.86,46191.94
60383.6,62441.297,47342.65,45911.656
59826.47,62449.133,47222.31,45664.344
60100.77,62152.65,46473.85,45460.668
59623.33,62157.785,45980.62,45284.945
59506.76,62143.91,45392.26,45109.164
59475.5,62127.613,44772.41,44953.938
59460.35,61668.406,44289.67,44834.637
59513.73,61633.574,45180.89,44719.848
59260.56,61561.348,45150.3,44658.496
58893.21,61466.96,44784.48,44678.164
59441.62,60770.414,44836.03,44781.934
59138.51,60617.24,45077.22,44946.79
59204.84,60399.453,45348.07,45272.266
58892.2,60121.918,45106.29,45703.547
58293.64,59063.88,45966.95,46135.844
57795.8,58629.125,46364.38,46570.18
57655.71,58149.9,46746.38,46933.71
57916.56,57678.8,47155.35,47223.78
57514.33,56364.598,46810.78,47433.727
56844.97,55873.0,46776.05,47507.367
56405.04,55466.496,46281.81,47457.33
55985.72,55142.36,46166.31,47428.406
55102.14,54118.848,46261.29,47403.105
54225.32,53947.31,47330.6,47311.797
53600.49,53836.027,47843.86,47226.453
52976.61,53806.004,48108.01,47155.43
52703.68,53204.344,47893.96,47063.727
52749.96,53131.95,47025.72,46946.81
52409.64,53062.805,46260.61,46717.793
51801.3,53005.33,45795.94,46516.992
50965.6,52348.06,45306.0,46310.676
50077.35,52180.09,45517.63,46101.09
48857.69,52026.66,44956.51,45814.566
48040.15,51869.344,44289.56,45581.195
46927.46,49685.0,43627.69,45363.742
46173.21,48979.477,42966.31,44340.707
45525.57,48377.414,42499.84,43683.74
44837.24,47855.457,41774.87,43055.676
43043.84,47158.797,41050.5,42443.53
42395.9,46658.64,40109.85,41811.242
41827.02,46256.08,39565.1,41277.105
41443.36,45883.65,39429.97,40848.176
41006.61,45414.45,39072.27,40484.805
40856.56,45124.9,38714.81,40119.043
40614.26,44851.07,38259.79,39806.215
40177.4,44608.53,37863.79,39535.65
39815.79,43108.86,37766.91,39278.703
39474.12,42084.41,37680.21,39233.92
39072.02,41684.344,37520.1,39206.78
38926.09,41334.92,37546.86,39210.38
38865.72,41054.914,37624.04,39225.055
39127.84,40763.547,37749.21,39294.062
38918.38,40567.99,37735.53,39349.33
38859.03,40421.414,37697.99,39480.082
38861.84,40385.645,38014.64,39699.402
38769.08,40378.72,38897.61,40044.79
38767.1,40405.43,39402.41,40452.484
38713.35,40461.05,40028.17,41007.047
38869.91,40574.86,40563.64,41708.633
39079.81,40696.996,41580.34,42585.91
39132.4,40858.426,42579.4,43513.582
39142.85,41024.676,43987.59,44669.58
39820.73,41261.785,45831.8,46269.01
40117.42,41563.082,49431.04,48573.258
40676.0,41912.234,51349.97,50973.5
41274.01,42353.805,52316.32,53224.26
42423.42,42997.805,53589.64,55113.14
43288.54,43673.73,55742.55,56739.96
44148.12,44371.117,56668.64,57999.766
45149.38,45070.58,57697.91,59057.457
46307.2,46421.727,58635.05,59950.508
46868.98,47005.477,59317.39,61122.2
47512.57,47543.727,59868.35,61636.707
48353.25,48026.383,60301.84,62044.73
49081.28,48428.496,60272.18,62317.336
49578.33,48782.895,59796.95,62436.605
50275.42,49057.848,60159.33,62678.746
51079.22,49274.492,60734.52,62876.688
51415.12,49428.215,61143.55,63110.543
51956.18,49543.902,61382.61,63365.523
52241.14,49616.223,61727.86,63648.87
52562.22,49668.3,62248.79,63973.11
52617.25,49715.02,62949.99,64319.594
52896.95,49730.918,63545.47,64623.316
53371.27,49737.746,64046.18,64828.82
53438.79,49748.96,64252.67,64959.32
53197.51,49764.375,65444.36,65039.258
53227.64,49760.957,64560.77,65004.164
52808.8,49757.52,64199.7,64892.918
52656.81,49750.36,64809.64,64747.562
52131.07,49732.402,64292.21,64585.11
51645.16,49723.355,64088.83,64345.938
50703.87,49708.125,63691.2,64134.336
50337.75,49679.51,63462.0,63931.496
49714.38,49617.945,63230.82,63765.086
49151.88,49568.555,62881.14,63482.5
48864.04,49514.96,62709.87,63261.67
48765.07,49458.68,62383.65,63042.9
48974.86,49354.53,62033.0,62849.367
48826.81,49317.367,61908.52,62449.316
48571.85,49288.055,61455.01,62181.84
47957.21,49246.508,61134.98,61929.227
47813.37,49118.586,60678.76,61690.9
47648.7,49052.965,60601.79,61217.14
47841.07,48999.6,60443.1,60953.133
47815.45,48963.97,60232.56,60751.582
47895.77,48870.453,59189.65,60585.906
48139.35,48836.79,59278.1,60211.18
48387.74,48829.594,59410.77,60118.188
48486.57,48832.37,59633.18,60103.88
48502.0,48807.176,59529.01,60121.92
48314.17,48805.95,59184.22,59883.305
47930.64,48799.72,59162.05,59938.906
48287.71,48779.984,59384.53,60012.26
48491.97,48767.125,59205.1,60058.855
47830.56,48763.887,59157.84,59742.58
47553.33,48718.15,59176.14,59643.04
47167.85,48651.418,59218.82,59471.652
46685.07,48501.332,58998.48,59271.13
45694.85,48340.254,58858.9,58592.297
45245.48,48140.95,58756.14,58235.65
45038.66,47943.965,58901.22,57871.57
45215.26,47666.5,58132.41,57524.055
45581.89,47495.477,57167.52,56943.53
45436.3,47389.125,56140.71,56440.05
44991.44,47288.29,55182.05,55863.332
44453.53,47039.99,53937.47,55211.574
43735.56,46869.477,52663.97,54210.844
43345.82,46680.137,51685.4,53244.688
42821.07,46501.316,50680.67,52274.34
42030.13,45334.43,49919.62,51342.71
41137.79,45004.81,48143.02,49843.062
40388.45,44674.55,46989.42,48874.5
39773.96,44348.402,46534.14,47949.938
38577.85,43893.38,45738.65,47123.39
37885.18,43548.367,44282.06,46318.844
37597.76,43223.08,43642.42,45683.355
37276.73,42966.234,43224.83,45154.297
36965.41,42689.652,42996.92,44696.086
36665.28,42546.438,42561.55,44236.48
36455.34,42427.5,42487.77,43868.383
36235.91,42335.78,42163.27,43553.89
35833.57,40922.523,42154.86,43275.223
35494.74,40305.53,42045.39,42681.977
35539.63,39927.035,41897.19,42596.277
35529.42,39649.586,41967.48,42532.066
35536.74,39467.656,42181.13,42548.312
35349.01,39335.367,41784.13,42684.97
35315.37,39237.406,42034.42,42802.074
35213.99,39182.54,42119.68,42953.312
35220.97,39187.668,42187.11,43137.508
35232.11,39212.17,42529.53,43429.17
35303.73,39265.523,42671.78,43717.188
35295.97,39337.348,43304.66,44145.418
35465.87,39455.85,43835.75,44703.76
35188.88,39560.156,45164.56,45504.22
35415.03,39631.82,45961.29,46375.117
35142.44,39719.258,46883.48,47499.363
35477.9,39836.008,48426.51,49074.438
35482.64,39983.277,52016.61,51413.816
35650.15,40166.55,54186.81,53693.082
35969.49,40423.21,55302.88,55674.312
36688.28,40898.51,56610.84,57314.73
37339.28,41345.3,58396.55,58711.156
37987.58,41810.48,59581.27,59845.03
38658.54,42275.28,60441.22,60795.734
39749.82,43766.062,60915.54,61584.605
40588.82,44143.543,61213.49,62488.434
40907.54,44558.844,61878.58,62906.16
41744.01,44934.71,62499.28,63247.7
42519.8,45475.598,62707.17,63547.19
42983.46,45864.5,61810.71,63589.35
43483.95,46206.164,61946.19,63821.266
44229.38,46519.305,62417.82,64090.883
44420.5,46947.383,62854.59,64424.44
44972.85,47210.297,62687.8,64769.29
45723.98,47450.945,63042.91,65138.305
46308.24,47684.848,63693.78,65515.332
46814.58,47987.414,64281.77,65870.59
47454.44,48180.9,64340.38,66169.97
47770.6,48350.402,64903.85,66387.66
47804.41,48494.574,65125.65,66536.664
47243.91,48649.695,65394.2,66634.11
47080.8,48705.652,64620.06,66588.24
46390.67,48737.7,64351.16,66477.22
46226.64,48733.633,64850.28,66317.83
45967.38,48749.184,65017.02,66131.22
45233.07,48726.113,65073.6,65835.414
45162.55,48669.137,64651.49,65630.266
44945.04,48624.68,64265.82,65464.688
44772.6,48582.234,63760.59,65319.74
44434.49,48536.65,63869.15,64995.195
44225.8,48478.027,63612.31,64687.395
44137.56,48419.773,63200.26,64474.08
44178.41,48332.35,62932.37,64281.504
43896.91,48293.53,62970.64,63833.266
43435.37,48241.176,62646.46,63488.688
43712.25,48180.84,62034.38,63198.61
43718.03,48073.953,61555.4,62913.17
43899.83,48041.203,61090.91,62403.555
43872.51,48015.035,61008.49,62125.4
44016.32,47987.363,60362.83,61918.973
44352.25,47877.707,60082.76,61746.445
44437.45,47870.848,60488.04,61362.305
44143.84,47853.945,60776.59,61240.633
44342.99,47831.344,60546.77,61151.918
44651.7,47743.266,60559.56,61099.695
44634.28,47747.254,60474.07,60811.766
44854.4,47752.797,60101.01,60780.117
45088.26,47767.027,59714.48,60771.207
45365.06,47694.484,59675.4,60780.387
44757.5,47684.19,59383.16,60398.72
44806.3,47625.89,59417.0,60283.438
44706.32,47562.664,59269.29,60103.633
45020.11,47318.562,59065.73,59909.07
44667.75,47233.395,58932.84,59165.75
44653.19,47137.082,59071.73,58747.875
44408.77,47051.344,58908.48,58306.633
44469.31,46774.133,58224.04,57873.64
44926.07,46670.387,57213.08,57196.953
45075.11,46594.848,56263.23,56652.938
44826.6,46534.414,55117.6,56037.05
44944.1,46268.547,54080.99,55343.43
44483.37,46186.227,52917.44,54369.65
43704.56,46086.137,51874.38,53359.59
42989.58,45964.062,50708.77,52350.133
42076.88,45024.902,49571.2,51388.43
41360.74,44709.22,48108.61,49883.09
40651.65,44401.91,47307.74,48910.348
40025.48,44096.492,46532.93,47999.008
39393.71,43599.684,45908.91,47184.113
39164.47,43310.043,44528.84,46401.715
39212.77,43049.688,44008.28,45769.82
38716.4,42849.35,43439.77,45239.438
38131.66,42529.445,43140.9,44773.836
37930.9,42386.97,42689.96,44317.344
37360.06,42267.17,42479.07,43936.59
37147.28,42160.25,42479.53,43596.863
36825.92,42242.215,42670.95,43287.203
36639.24,41971.844,41928.18,42727.07
36682.95,41897.547,41540.1,42627.36
36501.3,41469.0,41605.68,42553.664
36658.38,40946.61,41876.87,42557.402
36511.64,40440.71,42007.02,42669.645
36591.04,40066.074,41952.32,42760.406
36709.65,39833.89,42003.43,42877.64
37400.56,39798.824,42240.44,43021.93
37782.21,39788.984,42740.6,43275.1
38053.0,39851.465,42880.06,43530.207
38626.38,39951.99,43371.49,43901.688
40431.98,40242.83,44029.16,44422.125
40972.91,40586.867,45666.88,45217.28
41917.2,41004.266,46604.31,46069.285
43405.12,41545.133,47467.96,47191.668
46763.34,42483.953,48889.43,48802.812
48587.45,43496.703,52429.18,51144.242
50130.77,44781.008,54447.94,53340.336
51440.23,46346.008,55368.46,55215.53
53002.35,48376.605,56601.98,56755.156
54046.89,50153.746,57940.06,58033.914
55395.85,51837.742,58753.85,59133.61
56558.37,53305.4,59749.32,60072.582
57698.69,57316.18,60702.41,60863.31
58123.85,58013.74,61381.34,61905.715
58786.19,58550.516,62063.61,62323.625
59590.33,58958.652,62248.68,62638.43
59789.98,59618.387,62488.55,62902.234
60372.18,59846.25,62257.77,63027.43
60872.07,60052.094,62668.33,63231.39
61306.06,60250.387,63374.43,63464.188
61724.22,60853.523,63509.43,63743.332
62053.53,61053.203,63519.83,64122.973
62652.15,61257.49,64098.69,64477.67
62513.92,61433.836,64726.68,64857.754
63263.14,61874.715,64991.93,65227.22
64279.89,61984.215,65135.53,65620.2
64103.45,62058.15,65372.43,65875.25
64243.01,62098.414,65755.29,66044.67
63684.56,62296.332,65902.06,66151.22
63034.03,62300.523,65275.7,66191.055
62562.46,62288.516,64849.37,66117.91
62260.91,62252.164,65206.63,65967.88
62593.86,62287.953,65233.82,65741.34
62688.27,62205.656,64608.06,65523.46
62458.43,62112.227,64231.31,65331.18
62301.91,62031.285,63802.98,65142.336
61889.27,61944.71,63010.93,64935.758
62213.62,61865.277,62683.16,64645.07
62044.82,61815.805,62582.88,64423.758
61767.43,61749.246,62630.85,64233.504
61818.48,61520.133,62484.56,64042.293
61247.85,61452.0,62608.99,63606.25
60907.54,61404.465,62143.8,63306.504
60342.12,61341.94,61848.29,63017.508
59798.95,60935.02,61361.52,62757.42
59490.05,60857.65,61353.96,62292.4
58815.48,60751.234,60922.13,62028.055
58885.47,60640.426,60520.36,61859.418
58948.19,59980.605,60679.31,61736.227
59027.2,59825.418,61043.69,61286.24
59253.42,59656.402,60722.27,61162.508
59121.25,59470.684,60893.08,61106.56
59040.1,58576.305,60906.93,61094.93
58824.08,58293.324,60879.17,60761.867
58780.34,57980.523,60768.25,60777.773
58448.53,57604.38,60967.65,60827.484
58306.15,56383.68,61342.88,60875.367
57763.79,55862.355,61528.39,60353.71
57686.09,55354.375,61319.75,60234.176
57326.37,54890.17,60799.99,60021.93
56124.94,53708.73,60825.49,59866.344
55331.9,53370.125,60585.11,59087.6
54845.05,53112.594,60381.12,58642.543
54574.63,52932.04,59910.72,58150.855
54316.49,52018.74,59098.64,57692.652
54092.95,51867.062,58163.64,56951.637
53702.21,51728.773,57203.82,56385.586
52842.32,51603.754,55876.23,55780.074
51994.58,50834.81,54684.17,55155.434
51041.42,50696.5,52907.53,54255.57
49768.59,50564.62,51826.65,53364.953
48802.09,50454.09,50513.77,52456.582
47617.72,47901.613,49891.33,51579.004
46818.72,47369.375,49266.42,50081.805
46157.33,46883.33,47837.19,49121.074
45481.75,46482.145,46574.77,48209.617
44818.25,45934.11,46079.87,47395.49
44357.19,45603.27,45807.95,46585.8
44022.06,45336.53,45498.01,45951.82
43736.84,45119.78,45604.94,45419.508
42762.9,44735.203,44896.68,44961.8
42452.08,44528.1,44510.6,44469.71
42214.59,44315.902,43668.67,44082.59
41935.95,44111.32,43056.47,43756.17
41350.95,43678.367,42940.19,43442.785
41462.74,43392.473,42585.12,43004.242
41293.2,43166.33,42273.25,42886.867
41452.27,42866.094,42413.19,42810.453
41475.25,42829.71,42534.93,42804.746
41551.59,42853.97,42378.57,42889.58
41391.99,42994.258,42627.25,42929.86
41488.62,43174.19,42825.88,42996.92
42184.41,43573.207,42881.5,43115.934
42522.41,43997.66,43425.28,43357.035
42802.59,44511.258,43794.66,43608.54
43136.32,45123.84,44158.7,43967.242
44359.3,46060.58,44637.61,44470.957
45192.85,46981.83,46016.33,45255.215
45897.6,48028.58,46807.26,46108.383
47002.86,49160.445,47652.61,47221.324
50203.55,50645.684,49516.92,48793.477
51947.71,51874.27,52661.4,51099.246
53199.98,53058.824,54706.47,53265.96
54367.07,54145.45,55699.92,55149.703
56179.56,55428.74,57104.78,56765.13
57301.57,56184.207,58938.63,58095.99
58122.04,56746.75,60109.92,59183.89
59455.52,57154.523,61007.38,60051.867
60410.01,59621.016,61891.53,60806.848
60864.68,59704.426,63092.72,61935.367
61433.7,59784.78,63698.01,62371.164
62026.14,59836.57,63676.51,62764.246
61435.68,60187.477,63951.83,63083.77
61468.03,60224.18,63222.91,63220.023
61779.49,60269.63,63483.01,63460.836
62304.17,60295.2,63970.9,63729.066
61831.84,60593.285,64183.94,64029.992
62359.09,60603.31,63616.84,64328.61
63113.62,60604.79,64025.08,64705.65
64090.73,60639.5,64790.51,65119.03
64359.72,60918.375,65348.04,65531.61
64561.81,60940.867,65772.76,65755.62
65580.64,60998.805,66485.14,66032.83
65852.83,61047.17,67164.14,66228.33
65150.66,61322.914,67414.61,66268.484
64862.96,61449.08,66781.99,66180.125
64695.37,61584.383,66888.76,66131.39
64885.37,61705.41,66888.46,65949.42
64652.85,61929.84,66706.92,65807.65
64051.88,62042.695,66403.34,65489.977
63702.9,62135.9,66062.34,65256.332
63337.57,62213.992,66269.41,65036.18
63051.9,62256.383,65220.61,64825.797
62501.42,62279.6,64821.08,64390.92
62246.4,62361.05,64935.06,64125.562
61458.34,62386.793,64460.35,63871.727
61163.04,62181.938,63946.45,63600.586
60838.11,62224.594,63886.33,63085.535
60609.91,62254.684,63825.35,62785.438
60223.45,62222.125,63336.62,62500.336
59849.37,61714.914,62800.83,62281.312
59608.61,61659.65,63043.82,61797.824
59758.05,61567.406,62100.48,61584.42
60126.98,61437.1,62121.28,61452.15
60601.36,60713.9,62322.38,61347.965
60794.81,60490.86,62248.53,60984.273
60541.17,60229.242,62481.61,60915.223
60505.29,59929.35,61498.02,60852.47
59945.39,58939.03,61906.13,60843.797
59367.77,58563.984,62924.26,60622.406
59445.84,58180.547,62530.72,60634.938
59223.86,57756.965,61992.08,60625.13
58786.91,56539.6,62141.93,60592.367
57885.27,56107.13,62157.18,60165.645
57602.11,55692.6,61688.09,59951.06
57018.9,55263.15,61267.8,59733.965
56337.39,54093.832,61496.13,59517.945
55596.34,53741.207,61452.3,58670.996
55253.71,53461.754,61131.84,58221.875
55031.1,53243.227,60671.37,57749.56
54919.21,52372.66,59654.88,57259.516
55107.58,52170.734,58882.6,56578.535
54633.78,51973.508,57773.17,55924.703
53503.63,51809.22,56629.76,55264.645
52286.92,51120.637,55438.14,54578.816
51155.21,50986.36,53813.62,53643.133
50142.87,50888.87,52575.37,52785.43
49303.76,50807.516,51507.13,51964.727
47864.86,48719.14,50434.68,51176.387
46919.02,48318.805,48734.84,49796.734
46508.75,47949.195,47955.36,48915.484
46041.57,47645.273,47229.28,48051.316
44911.41,47156.094,46507.61,47257.39
44288.87,46889.555,45196.94,46452.324
43643.14,46638.277,44747.57,45820.113
43467.18,46410.96,44541.41,45285.11
42815.18,45973.09,44314.54,44841.285
42275.97,45724.89,44112.55,44379.42
41997.02,45452.887,43890.46,43990.25
41838.94,45171.94,43410.76,43643.754
41569.44,44275.336,42990.77,43333.06
41443.56,44037.47,42485.96,42910.51
41918.6,43809.402,42104.58,42839.72
42000.2,43473.492,42113.88,42777.047
41846.3,43306.39,42469.8,42758.77
41645.75,43184.883,42215.44,42859.055
41853.25,43172.195,42330.06,42899.902
42072.23,43280.75,42195.88,42970.71
42684.15,43605.414,42575.91,43092.62
42803.1,43956.016,43158.09,43368.445
43173.95,44371.492,43296.92,43618.438
43924.13,44925.465,43632.01,43999.375
45043.05,45844.992,44287.66,44534.727
45451.94,46746.38,45632.4,45394.934
45895.27,47715.605,46477.67,46303.047
47207.08,48752.73,47369.9,47458.574
50281.05,50090.637,48979.76,48967.97
52061.59,51213.457,52088.06,51065.348
53339.59,52292.008,53942.01,53005.973
54391.49,53276.7,55362.55,54762.805
56012.73,54425.113,56932.27,56277.062
57608.38,55146.254,58875.45,57565.24
58583.76,55709.59,59693.91,58608.387
59085.81,56137.586,60444.69,59445.52
59839.55,58731.074,61521.97,60131.25
60326.3,59057.098,62635.7,61047.13
60567.09,59284.754,63146.93,61495.742
60794.6,59433.52,63259.8,61855.953
60925.21,59705.31,63601.54,62167.742
61037.71,59782.36,63414.26,62140.727
61685.81,59845.65,63415.88,62354.375
62843.18,59904.773,63795.77,62559.35
63326.48,60159.008,64128.17,62807.297
63944.18,60201.008,64089.93,62963.004
64529.6,60223.016,64126.03,63292.207
65021.18,60223.625,64617.6,63624.5
65387.39,60413.758,65001.53,63937.45
66045.0,60446.043,64538.11,64102.145
66061.24,60461.664,64584.01,64230.61
65623.17,60500.043,64843.73,64275.25
64690.24,60682.844,65044.36,64215.71
63788.67,60718.027,64517.83,64016.477
63277.13,60738.84,64497.17,63763.176
63189.74,60777.543,64285.67,63492.18
63131.59,60865.17,63689.96,63216.32
63373.11,60828.715,63230.33,62843.03
63130.16,60833.133,62981.57,62480.73
62733.54,60841.836,62595.55,62116.113
62917.67,60858.17,61823.76,61750.492
63101.09,60889.523,61464.79,61253.586
62793.52,60886.406,61250.29,60826.168
62331.46,60833.484,60725.18,60464.195
62116.03,60627.977,60295.94,60162.9
61901.99,60578.062,60264.81,59739.016
62040.96,60523.785,60101.3,59459.242
61472.13,60456.914,59715.3,59237.89
60970.09,60132.176,59679.51,59050.445
60737.17,60104.977,59544.32,58689.812
60578.11,60049.418,58963.37,58517.21
60491.43,60008.543,58617.1,58442.34
60577.0,59567.51,58502.36,58417.125
60437.88,59503.316,59171.84,58169.5
60254.63,59428.66,59079.39,58149.11
60049.07,59340.99,59063.55,58147.69
59785.31,58719.56,59192.17,58167.426
59307.82,58603.29,59428.25,57920.715
59315.4,58494.04,58963.26,57894.535
59663.99,58382.832,58957.2,57892.867
59734.32,57479.496,59067.22,57894.742
59085.61,57243.797,59057.14,57490.22
58511.32,57022.25,58496.84,57330.895
57962.42,56810.863,58471.51,57132.35
57045.09,55665.67,58698.97,56900.168
57317.79,55444.336,58669.4,56072.02
56647.09,55250.656,58200.44,55656.727
56628.97,55082.902,57317.37,55219.668
56503.11,54158.57,56487.25,54776.047
56192.01,53929.07,55375.71,54104.797
55425.02,53711.95,54133.29,53448.33
54599.83,53488.543,53145.16,52764.99
53184.43,52522.18,52040.52,52069.84
52080.19,52213.707,51311.31,51131.93
51124.94,51921.2,50223.85,50310.36
50077.12,51682.734,49113.13,49556.43
48192.37,49296.508,48552.59,48844.586
47259.19,48675.42,47463.88,47592.844
46704.62,48157.957,46569.54,46773.203
45849.43,47710.875,45573.45,45977.137
45218.02,46896.816,44945.03,45214.49
44719.51,46457.11,43699.12,44419.5
43973.37,46130.066,42635.76,43795.918
43688.64,45867.406,42295.41,43269.008
43142.26,45367.21,42111.41,42801.76
42927.74,45123.14,41544.59,42339.566
42486.33,44882.812,41068.52,41959.574
42119.41,44633.746,40947.83,41640.223
41733.74,44440.45,40855.76,41361.848
41854.05,44122.348,40271.48,40469.152
41928.18,43825.312,40217.45,40364.28
42128.87,43545.156,39968.12,40204.707
41788.97,43585.105,39810.43,40077.8
41540.67,43584.445,40094.0,40044.54
41919.54,43664.227,39689.94,39991.81
42090.89,43901.086,39657.78,39951.69
42191.41,44387.297,39692.26,39921.79
42379.17,44757.04,39725.42,39962.516
42820.44,45216.55,39760.22,39969.98
43350.47,45804.17,39653.38,40002.375
44706.0,46760.24,39732.45,40056.156
45465.2,47684.574,39934.8,40202.93
45896.25,48683.65,39898.12,40324.258
46821.94,49699.242,39925.6,40513.145
49543.06,50994.3,40199.95,40787.633
51118.35,52102.39,41021.29,41229.387
52381.18,53107.88,41586.15,41695.53
53473.9,53955.863,41648.41,42252.418
55675.28,54814.273,42490.85,42879.523
57059.91,55499.598,43884.14,43582.977
58157.02,56002.156,44648.09,44345.17
59380.28,56399.207,45340.88,45108.1
59861.39,58656.324,46025.91,45847.79
60507.27,59154.22,47048.41,46930.13
60695.48,59466.574,47935.91,47740.414
61174.65,59667.168,48576.82,48579.06
61096.1,60008.953,49243.13,49407.547
61508.92,60187.5,49997.29,50153.965
62305.93,60331.082,50437.79,50860.445
62692.39,60441.508,50982.99,51485.977
62797.18,60744.316,51255.82,51998.242
63097.44,60821.75,51841.11,52344.445
63863.02,60883.082,52172.43,52631.484
64400.94,60929.867,52311.91,52871.39
64775.19,61197.984,52599.38,53065.113
65151.3,61314.367,53155.49,53173.293
65901.56,61432.16,53552.91,53225.715
66001.6,61546.62,53245.78,53233.01
65301.44,61882.66,53198.79,53171.58
65274.27,62077.06,53095.96,52998.855
65191.47,62092.664,53077.42,52695.613
65484.95,62268.16,53135.49,52319.227
64977.15,62487.633,52463.27,51868.88
64313.77,62642.02,51659.34,51362.188
64059.21,62759.438,50843.95,50781.387
64048.78,62978.934,50744.08,50260.02
63335.91,63006.605,50215.35,49794.465
62831.75,63062.11,49686.0,49390.863
62562.97,63145.336,49061.55,48964.766
62591.4,63176.71,48437.45,48628.223
62527.74,63071.53,48094.88,48361.695
61839.34,63072.06,48065.41,48146.707
61544.37,63120.9,48077.19,47924.117
61372.33,63207.145,47834.88,47788.188
61612.28,62922.68,47816.4,47722.113
61186.6,62877.32,48046.53,47671.008
60638.38,62822.17,47643.91,47640.863
60842.65,62807.168,47813.74,47682.12
61324.31,62267.85,47917.45,47775.484
60790.21,62126.715,48820.64,47880.73
60006.81,61977.76,48894.08,47973.06
59777.76,61816.484,49333.33,48113.13
60088.86,61157.793,49705.8,48275.05
60136.02,61038.89,49849.89,48414.86
59835.49,60831.35,49797.9,48477.56
59655.6,60591.15,49943.17,48530.4
60147.1,59579.516,50093.73,48541.516
59673.06,59119.984,50304.26,48397.844
59192.86,58534.82,49918.14,48200.875
58573.12,57831.46,49884.84,48004.008
57874.84,56175.027,50077.96,47785.46
56930.7,55441.156,50441.38,47461.867
56177.25,54824.47,50103.16,47074.117
55727.61,54335.492,49486.04,46684.17
55706.99,53183.26,48746.47,46267.887
55845.25,52812.293,47899.51,45836.906
55104.37,52531.535,46993.26,45335.258
54201.15,52316.766,46341.91,44902.215
53446.35,51430.035,45750.62,44505.754
52553.54,51197.004,45353.72,44137.3
51585.86,50998.16,44587.25,43742.76
50583.89,50832.01,43910.76,43405.938
49192.53,48593.902,43222.13,43083.37
48262.69,48083.484,42331.62,42009.594
47235.88,47655.293,41438.12,41308.992
46528.79,47268.805,40841.39,40593.414
45216.83,46496.387,40142.2,39883.41
44614.4,46109.223,39328.56,39225.99
44007.89,45856.79,38763.72,38616.69
43731.12,45667.562,38289.98,38076.594
42922.78,45195.895,37916.34,37583.53
42761.93,45008.42,37302.61,37201.03
42310.2,44792.5,36912.59,36791.035
41983.61,44559.633,36895.82,36446.42
41545.38,43889.387,36661.02,36164.242
41354.84,43436.902,36187.33,35613.938
41427.34,43068.055,36042.93,35484.457
41427.47,42668.83,35876.64,35371.414
41388.27,42539.906,35659.83,35276.586
41477.59,42438.62,35563.51,35234.98
41562.59,42469.938,35645.23,35172.3
41605.21,42590.535,35467.23,35129.977
41906.95,42927.99,35622.94,35111.6
42083.08,43233.984,35493.84,35140.594
42390.72,43633.516,35390.0,35147.832
42807.35,44160.305,35437.23,35163.992
44343.97,45018.508,35807.51,35186.72
45182.97,45929.027,35625.67,35255.195
46079.81,46922.22,35365.94,35293.508
47001.2,47950.28,35589.83,35339.438
49652.73,49145.66,35609.54,35398.734
51680.55,50176.758,36447.62,35539.707
52982.18,51152.004,36660.79,35697.0
54188.87,52057.156,36926.8,35937.34
55550.48,53064.176,37073.53,36277.594
56853.51,53867.383,37273.59,36711.137
57977.41,54530.164,37598.32,37299.29
58967.86,55051.1,38492.62,37952.47
59925.69,57397.758,39524.56,38619.613
60487.47,57699.094,40636.2,39782.277
61066.87,57914.91,41171.73,40465.97
61784.87,58048.152,42066.01,41202.074
61411.75,58440.35,42735.69,41940.465
61854.24,58515.21,43745.47,42665.78
62524.1,58567.47,44374.43,43363.914
62949.3,58597.836,45134.7,44043.39
63371.22,59043.97,45839.65,44695.258
63570.85,59088.867,46479.76,45292.395
64024.05,59132.688,47059.2,45851.523
64261.98,59156.7,46972.45,46426.723
64585.51,59571.555,47827.91,47013.875
65022.85,59592.137,48794.61,47566.168
65637.1,59614.203,49082.91,48050.32
65632.76,59606.156,49389.52,48432.48
64732.68,59882.44,49912.73,48638.906
64842.55,59874.203,49694.02,48626.332
64786.15,59868.67,48979.87,48378.76
64870.65,59857.668,48345.66,47992.914
64262.95,60038.223,48046.69,47504.02
63901.78,60022.887,47540.51,46984.035
63911.99,60006.305,47043.19,46392.195
62974.66,59986.17,46881.24,45838.97
62616.6,60031.67,46322.45,45328.51
62370.66,60013.766,46148.0,44911.246
61817.52,59997.848,45668.95,44490.336
61796.6,59968.82,45835.43,44140.734
61631.04,59833.5,45592.56,43860.44
61384.39,59801.4,45832.75,43654.16
60568.59,59759.312,45498.95,43484.074
60316.04,59697.703,45462.28,43379.97
60422.52,59325.438,45503.91,43340.688
60665.45,59242.28,45397.9,43305.438
60858.55,59166.51,45105.38,43342.21
61258.37,59095.83,45440.58,43455.03
61538.16,58542.76,45750.17,43643.805
61150.99,58440.875,46123.96,43877.28
60888.84,58309.938,46250.48,44231.582
60812.38,58153.9,46636.3,44703.414
60681.73,57348.156,47102.4,45245.12
60442.38,57125.918,47945.57,45842.16
60382.69,56918.324,47749.62,46324.85
59980.51,56667.816,47768.02,46755.85
59402.94,55557.965,48046.45,47086.082
58593.48,55192.484,48160.98,47287.727
58176.38,54883.965,47748.65,47247.992
57815.28,54648.863,48008.39,47148.555
57312.51,53550.9,48364.56,46976.543
56516.86,53322.09,49074.43,46810.16
56013.32,53193.21,48694.31,46464.6
55755.36,53123.523,48372.73,46160.613
55321.2,52403.52,47841.48,45865.168
54705.75,52350.074,47239.11,45636.977
54310.46,52351.53,46654.84,45306.02
53376.13,52379.23,46276.56,45053.816
52395.5,51670.484,45931.97,44832.125
51230.35,51544.074,46052.38,44665.633
50062.63,51440.4,45218.9,44407.094
49129.05,51354.668,44695.24,44193.312
47395.34,48974.203,43888.44,43977.51
46582.13,48356.78,43284.44,42833.277
45862.71,47792.87,42665.36,42111.105
45084.13,47250.973,41960.52,41403.418
44861.94,46282.42,41399.33,40740.348
44538.54,45728.773,40435.15,40184.918
44117.62,45208.55,39908.22,39687.293
43631.38,44723.28,39643.43,39273.82
42822.36,43984.887,39188.67,38909.164
42402.53,43492.14,38855.1,38611.35
41663.49,43080.8,38537.82,38318.71
40541.38,42687.594,38312.41,38060.36
39628.26,42448.266,37920.89,37827.42
39765.35,41879.883,37616.77,37986.906
40080.29,41537.094,37619.32,37966.54
41110.02,41421.79,37610.26,37973.066
41118.38,41542.258,37631.34,38010.797
40997.47,41609.64,37749.61,38138.457
40107.2,41623.402,38052.48,38233.53
39650.72,41466.52,37796.04,38370.703
39451.85,41257.16,37941.47,38567.22
39431.12,41031.62,38602.3,38913.94
39484.39,40857.766,39052.86,39292.844
39934.76,40732.29,39602.56,39812.652
40917.8,40736.902,40141.07,40497.797
40749.78,40866.78,42233.58,41438.113
40261.43,40923.832,43516.95,42409.79
40402.8,40880.227,44922.82,43580.312
40705.56,40989.94,46629.14,45138.56
40919.2,41053.113,50398.65,47411.73
41565.58,41172.58,53212.49,49774.293
42513.87,41423.914,55116.9,51978.645
43968.87,42090.496,56269.67,53809.31
44953.79,42667.6,57844.09,55337.176
45753.53,43292.41,58996.79,56519.594
46608.71,43930.086,59837.85,57524.14
47288.82,45687.59,60638.6,58400.703
48345.0,46445.54,61598.82,59750.023
49097.85,47165.555,62234.62,60356.688
50237.56,47803.824,62553.87,60870.93
51236.36,48491.746,62775.33,61309.98
52302.98,48992.65,62688.55,61499.42
53878.45,49358.78,63274.61,61805.54
54642.07,49625.57,64052.92,62089.46
54808.71,49959.844,64272.38,62352.46
54684.9,50128.35,64569.75,62468.914
54844.41,50267.707,65039.22,62763.43
54394.99,50385.52,65471.43,63086.05
54639.51,50639.145,65774.88,63433.52
55032.05,50824.72,66105.79,63642.87
55429.97,50955.367,66413.64,63918.63
55831.22,51107.312,66304.74,64145.12
55987.6,51001.48,66382.15,64325.297
55755.94,50950.15,65489.42,64304.438
55393.72,50966.98,65230.76,64290.438
55151.95,50879.86,65183.22,64206.145
54502.63,51034.07,65399.56,64061.04
53934.44,51012.258,65285.6,63727.227
53810.46,51024.664,64984.34,63462.117
53541.46,50992.516,64974.37,63217.33
52256.17,50987.164,64186.94,62997.44
52092.47,51011.39,63985.31,62624.504
51959.52,51128.7,63992.13,62350.383
51950.93,51068.965,63785.66,62107.016
51812.39,51213.168,63299.6,61892.203
51186.3,51097.434,63104.04,61487.266
50984.67,51022.62,62617.07,61191.64
50792.89,51023.484,62304.03,60939.23
50709.46,50885.953,61632.32,60720.41
50551.0,50865.617,61187.13,60325.227
50456.52,50790.445,60697.92,60096.07
50354.75,50754.523,60097.41,59905.395
50551.82,50535.824,59977.12,59766.895
50714.01,50448.27,60262.6,59449.656
50962.36,50395.91,60143.44,59342.324
51002.86,50371.527,60445.04,59298.83
51125.18,50660.797,60628.97,59306.96
50698.1,50557.8,60338.95,59120.555
50754.3,50465.117,60087.05,59165.777
50412.73,50391.594,60391.96,59230.68
50946.1,50193.066,60463.94,59283.293
49851.78,50060.22,60401.89,59007.16
49389.11,49824.04,60050.1,58923.336
49229.14,49597.14,60299.73,58782.375
48419.42,49217.883,60541.38,58592.59
47953.42,49015.23,60691.98,57818.957
47198.27,48813.438,60329.88,57401.055
47114.59,48659.836,59302.38,56940.957
47192.59,48259.203,58341.56,56474.35
47433.4,48108.04,57349.09,55790.047
47039.98,47985.465,56192.65,55199.547
46237.1,47869.875,54900.72,54557.54
46130.39,47406.33,53824.38,53874.86
45232.0,47263.164,52987.73,52912.242
44378.61,47100.63,52313.35,52012.926
44013.22,46880.33,51130.13,51140.06
42983.77,45701.32,50128.12,50320.57
42254.97,45082.04,48737.98,48892.52
41357.33,44423.457,47797.65,48045.137
40586.3,43751.68,47061.74,47222.87
39807.2,42794.074,46485.9,46481.363
39681.14,42307.254,44773.47,45762.61
39364.53,41945.32,44377.16,45190.836
38669.53,41685.312,43885.07,44710.285
37964.32,41243.184,43494.16,44288.582
37915.09,41111.5,42981.79,43867.35
37792.67,41046.836,42377.78,43523.0
37289.05,41023.61,42251.36,43223.656
37216.99,39616.523,41997.17,42954.188
37020.62,39450.95,41463.85,42558.07
36560.45,39326.473,41168.26,42404.137
36485.1,39159.406,41555.99,42318.746
36450.5,39015.625,41854.31,42327.66
36174.19,38878.57,41814.25,42470.324
35962.42,38754.984,41856.39,42570.05
36108.44,38660.13,42121.47,42695.316
36080.48,38628.734,42277.5,42853.19
36130.21,38577.11,42824.38,43141.945
36202.16,38549.082,42918.42,43411.13
36269.16,38538.28,43577.85,43810.504
36280.34,38564.316,44337.52,44368.793
36300.37,38558.273,45717.05,45219.453
36155.52,38558.176,46693.68,46102.676
35937.03,38552.47,47757.12,47205.074
36295.19,38631.363,49686.38,48717.074
36580.96,38678.504,53236.66,50953.92
36703.85,38757.62,55398.19,53045.098
37062.9,38893.254,57042.71,54870.938
38053.02,39353.797,58121.98,56341.125
38798.0,39711.21,59424.0,57618.85
39705.88,40091.336,60208.19,58614.957
40337.35,40481.51,61403.81,59462.992
41169.63,42333.22,62046.82,60172.277
41891.15,42808.38,62820.09,61096.195
42467.21,43269.79,63314.77,61504.48
42786.17,43718.465,63493.32,61813.46
43358.03,44356.293,63312.29,62078.29
44064.01,44768.49,62884.39,62037.062
45122.1,45168.145,63105.75,62266.305
46189.62,45624.32,63421.84,62508.055
46523.65,46223.28,63589.6,62792.1
47107.14,46686.617,63383.07,62960.086
47417.75,47103.55,63675.12,63327.46
47716.69,47399.883,64215.61,63716.86
49163.65,47742.34,64718.08,64100.344
50115.21,48129.35,64965.63,64405.824
51037.44,48500.89,65712.17,64640.082
50899.91,48809.695,65979.22,64754.332
50954.73,48940.383,66163.14,64824.48
50664.02,49068.16,65688.68,64731.074
49771.21,49146.688,65706.65,64601.383
49097.6,49182.4,65821.43,64444.48
47916.92,49124.816,65683.74,64269.8
47710.95,49093.02,65597.16,63984.332
47998.71,49048.418,65255.86,63742.14
47341.19,49024.06,64775.92,63520.594
45982.9,48884.87,63996.93,63353.562
46052.23,48773.86,64096.23,63026.383
46659.62,48711.54,63788.33,62768.297
46395.85,48736.91,63067.01,62518.28
45852.14,48610.996,62577.57,62246.117
45983.2,48547.766,62418.8,61771.65
45973.36,48497.04,62062.86,61443.59
45796.39,48452.535,61173.1,61159.164
45591.53,48263.285,60559.97,60910.094
44973.2,48193.934,60760.63,60412.22
44808.57,48097.637,60254.1,60128.297
44785.81,48016.09,59761.87,59917.156
45273.83,47791.535,59697.14,59776.777
45610.44,47754.844,60395.14,59433.74
46014.57,47744.45,60311.1,59353.246
46181.03,47764.996,60428.19,59320.902
47196.75,47618.215,60513.54,59315.44
47749.75,47674.316,60682.96,59060.11
47902.62,47738.55,60548.93,59085.96
48097.51,47793.33,60530.48,59132.06
48096.04,47638.527,60694.55,59182.46
47343.15,47673.625,60685.93,58893.12
47224.82,47684.16,60330.03,58802.965
46804.74,47674.99,60616.64,58697.688
47207.31,47407.87,60981.29,58552.465
47251.69,47352.203,61257.83,57820.336
47309.8,47283.598,61039.3,57465.336
47283.93,47220.746,60333.1,57095.867
47437.43,46911.34,59459.44,56712.582
47479.44,46808.914,58426.98,56103.81
47206.21,46713.004,57310.43,55584.92
46831.12,46616.305,55980.12,54979.926
46565.27,46221.266,54951.44,54300.734
45953.06,46059.438,53895.34,53294.16
44891.55,45880.32,53016.92,52344.152
44283.01,45659.703,51651.19,51416.297
43850.55,44335.06,50453.49,50545.617
43183.82,43910.734,48812.89,49076.92
42457.24,43541.383,47812.6,48199.152
41853.79,43200.844,46861.45,47369.688
41209.61,42684.727,46011.17,46623.01
40511.5,42412.324,44850.54,45868.008
40312.34,42169.79,44363.6,45290.59
39983.74,41986.99,43977.38,44802.844
39138.55,41705.77,43335.94,44380.48
38746.3,41580.812,43147.61,43937.062
38692.87,41468.805,42982.3,43594.6
38607.27,41384.797,42702.61,43303.47
38407.73,41347.47,42629.24,43040.18
38381.16,41100.11,42654.53,42629.805
38280.33,40936.04,42841.66,42512.75
38331.88,40522.48,42953.03,42441.594
37700.48,40301.37,43001.14,42464.29
38047.66,40074.383,42781.27,42622.44
38028.99,40025.47,43001.36,42729.457
38054.92,40044.812,43035.37,42863.168
38746.34,40242.938,43083.17,43026.684
38892.74,40436.812,43326.0,43327.36
39489.93,40663.137,43839.34,43608.363
40142.05,40980.844,44317.46,44008.273
41748.65,41567.37,44995.04,44564.105
42574.83,42226.855,46021.79,45409.316
43553.7,43027.844,47192.55,46290.664
45378.78,43987.598,48517.29,47365.395
48538.49,45476.465,50500.78,48757.188
50445.6,46998.402,54236.39,50819.25
51962.52,48619.9,56878.37,52885.523
53178.12,50252.844,58544.43,54723.01
54963.97,52017.78,59599.06,56224.35
56300.05,53370.586,60592.92,57525.67
57381.01,54437.844,61553.63,58580.65
58253.66,55265.695,62391.99,59458.836
59396.49,58010.39,63090.66,60189.58
60166.87,58460.844,63849.29,61118.258
60404.29,58764.383,64186.23,61565.52
60750.77,58997.15,64598.76,61914.19
60620.21,59247.52,64574.1,62208.254
61203.82,59419.707,63321.48,62185.484
61638.22,59588.926,63495.63,62387.945
61886.11,59732.85,63944.13,62596.76
61906.96,60032.664,64367.64,62856.918
61879.96,60169.055,64086.59,62995.867
62439.91,60289.086,64588.34,63307.586
63558.0,60399.47,65152.25,63649.793
64530.34,60649.75,65078.11,64022.664
65343.44,60742.32,64521.37,64344.816
65560.44,60800.277,64597.3,64608.94
64971.82,60852.39,64896.23,64822.164
64360.83,61018.137,65069.46,64971.13
64261.72,60998.246,64907.99,64976.383
64393.16,60943.758,64874.26,64948.383
64166.25,60894.93,64947.45,64875.13
64451.57,60935.566,65396.86,64777.625
64287.23,60877.664,65408.02,64554.133
63265.36,60791.22,64808.3,64404.156
62702.69,60723.125,64758.77,64286.99
61815.79,60645.734,64238.6,64147.883
61274.83,60539.742,64055.55,63799.324
60908.87,60461.777,63715.86,63562.984
60483.67,60380.984,63388.92,63352.434
60804.69,60209.918,63436.91,63152.64
60467.58,60102.75,63748.31,62656.58
60359.88,60000.24,63467.79,62389.668
60188.72,59909.258,62744.84,62131.543
61050.85,59633.625,62165.69,61938.72
60904.22,59620.926,61858.32,61458.19
60686.5,59646.016,61582.67,61254.184
60618.22,59646.316,60951.29,61102.094
60440.61,59319.082,60937.45,61008.758
60124.71,59324.938,61424.73,60683.9
59974.26,59305.543,61459.85,60616.758
59971.56,59295.75,61631.25,60601.984
59518.13,58822.855,61624.57,60605.254
59030.99,58789.188,62387.97,60328.688
58699.97,58743.145,62594.64,60381.312
58626.08,58678.484,62508.07,60453.23
58428.38,58042.688,62803.82,60561.707
58253.63,57912.793,62542.58,60200.277
57874.24,57731.777,62213.67,60128.22
57609.98,57551.47,62455.38,60002.99
56967.64,56556.13,62494.17,59831.867
55992.66,56318.64,62687.15,59026.977
55846.9,56090.805,61692.92,58654.74
55986.91,55870.008,60665.44,58220.543
55930.17,54790.02,59711.15,57786.426
55162.88,54525.09,58422.4,57096.086
54212.8,54278.504,57466.14,56437.023
53452.79,54044.793,56270.8,55758.547
52458.63,53023.004,55245.6,55075.184
51541.17,52679.06,54335.82,54093.125
50811.33,52330.945,53286.56,53243.23
49776.14,51984.324,51865.09,52417.547
48070.41,49454.26,50870.78,51633.07
47174.95,48581.223,49538.26,50120.375
46511.62,47677.81,48545.41,49224.04
46295.41,46855.426,47726.88,48344.57
45394.73,45898.56,47554.28,47562.42
44552.97,45284.344,46846.94,46734.402
44060.24,44772.676,46333.19,46127.97
43708.07,44372.71,45969.85,45606.26
42799.12,43898.164,45798.06,45142.89
42240.98,43597.547,45069.89,44623.465
42033.81,43323.42,44476.25,44247.504
42099.2,43093.023,44180.5,43910.797
41832.29,42966.008,44294.52,43608.89
41620.75,42851.54,43995.22,43211.445
41600.05,42736.883,43762.42,43111.266
41613.52,42652.938,43729.11,43027.203
41542.41,42824.523,43827.3,42994.69
41854.29,42966.855,43677.33,43031.64
41826.92,43269.258,43420.65,43059.375
41799.08,43652.113,43207.8,43128.96
42087.7,44280.363,43291.37,43238.195
42384.98,44861.863,43657.93,43464.65
42315.28,45558.52,44099.86,43718.797
42715.92,46329.992,44359.62,44111.793
44700.37,47517.89,45175.17,44652.938
45989.61,48787.734,47346.9,45442.92
46685.49,50112.938,47916.96,46285.03
47837.97,51396.406,49301.91,47393.72
50962.03,52907.824,51052.73,48939.137
52897.3,53959.137,54135.47,51112.797
53972.61,54824.906,56704.89,53090.56
55276.75,55529.234,58449.8,54782.25
56889.09,56195.457,59645.63,56194.8
58019.11,56641.105,60896.37,57471.043
58858.27,56954.305,61731.44,58532.97
59560.84,57163.242,62491.59,59484.57
60391.8,59131.785,63095.48,60288.188
61021.88,59174.914,63878.91,61393.797
61549.09,59207.29,64545.73,61869.25
62102.85,59254.52,64968.46,62201.066
61808.74,59375.58,65021.05,62438.617
62206.94,59539.35,64482.36,62554.316
62833.1,59755.18,64799.41,62722.164
63389.26,60030.32,64986.91,62917.35
63670.68,60394.645,65228.61,63150.46
63838.88,60643.56,65583.12,63435.56
64325.66,60920.805,65897.65,63758.594
64668.71,61088.176,66251.47,64083.805
65363.45,61334.723,66631.98,64387.344
65554.11,61491.67,66797.34,64700.67
66026.68,61636.25,67016.11,64924.082
65961.22,61697.22,67676.33,65098.426
64506.21,61770.645,67661.24,65217.633
64533.74,61792.83,66844.94,65223.695
64710.2,61852.535,66599.14,65159.57
64689.59,61938.594,66466.88,65020.46
63723.58,62028.273,66349.14,64864.22
62804.03,62038.863,66333.48,64615.188
62991.72,62133.89,66342.42,64409.445
61779.43,62155.1,66044.82,64215.28
61646.16,62116.773,65585.39,64058.625
61334.38,62035.598,65297.08,63741.688
61267.8,62085.926,65377.65,63515.336
60428.17,62053.836,64922.01,63331.324
60904.01,61917.117,64816.52,63155.375
60514.11,61933.938,64892.43,62738.938
59276.82,61889.293,64341.18,62463.227
59026.9,61900.047,63957.94,62222.285
59443.99,61604.9,63498.57,62004.32
59058.1,61520.68,62933.6,61555.74
58393.2,61451.508,62525.77,61326.22
58643.32,61439.28,61847.89,61156.082
58669.11,60942.26,61934.62,61031.766
58386.25,60801.12,61637.06,60688.633
58686.88,60699.38,61608.23,60614.266
58512.42,60530.285,61401.0,60571.336
58598.3,59885.227,61439.07,60553.523
58269.19,59626.848,61623.66,60266.3
58868.02,59322.203,61291.28,60270.2
59428.53,58923.63,61446.75,60285.78
59116.12,57815.61,61765.16,60296.93
58149.87,57212.25,61898.24,59816.223
57781.03,56614.746,61568.37,59717.61
57288.45,56009.16,61738.58,59607.883
56582.08,54616.523,62287.13,59465.44
56006.55,54130.613,62821.78,58701.19
55423.02,53735.766,62294.34,58394.793
55374.35,53475.305,61484.45,58038.51
55079.73,52356.58,60597.19,57632.547
54780.44,52076.85,59575.62,57037.336
54038.68,51836.617,58572.13,56397.68
53155.35,51655.543,57470.68,55697.043
52298.25,50646.65,56439.87,54948.18
51226.39,50404.15,55681.05,53948.83
50075.38,50186.94,54342.36,52957.176
48715.41,49992.188,53264.89,52012.305
47538.85,47567.125,52412.96,51130.66
46594.03,46925.453,51833.09,49636.742
46231.75,46391.938,50700.2,48755.35
45665.07,45984.656,49734.1,47942.83
44784.94,45396.742,48987.77,47221.03
44329.51,45077.65,47483.7,46495.01
44007.12,44829.957,46560.17,45936.906
43448.91,44627.832,46245.34,45472.98
42512.33,44262.223,45942.77,45063.26
42126.57,44058.957,45430.18,44597.793
42002.76,43850.0,44980.49,44241.31
41715.16,43682.758,45052.13,43922.848
41366.76,43201.76,45155.91,43624.617
40962.89,42793.586,45008.48,43135.676
41153.41,42451.6,44770.38,43085.57
41367.13,42220.312,44939.25,43041.867
41279.48,42336.074,45199.54,43030.08
40970.14,42427.15,45477.09,43090.617
41245.11,42556.188,45340.72,43130.84
41599.08,42818.78,46055.6,43198.758
41875.2,43375.383,46118.91,43302.027
42033.7,43847.99,45877.61,43513.094
42479.51,44398.438,45902.17,43757.9
42956.96,45148.227,45970.45,44127.24
44516.3,46324.42,46792.22,44631.414
45272.42,47492.61,47936.7,45381.31
46158.68,48755.285,48634.83,46233.82
47127.23,50031.57,49909.74,47434.47
50084.69,51490.914,51445.87,49118.78
51902.63,52594.03,54800.15,51365.19
53397.93,53538.324,57524.53,53324.344
54575.97,54287.81,59400.32,55045.59
56162.43,54800.008,60412.82,56514.086
57151.13,55463.215,61714.66,57855.402
58137.52,55996.742,62506.14,58934.883
59012.0,56417.31,63196.78,59814.066
59910.7,58340.555,63628.73,60498.426
60690.91,58628.527,64542.8,61615.918
60747.68,58829.156,65018.49,62013.582
60701.26,58953.246,65333.4,62289.727
60089.58,59018.26,65731.61,62541.85
60142.99,59151.4,65714.03,62718.277
60614.65,59271.21,65798.76,62898.69
61467.43,59369.78,66184.95,63119.887
61620.21,59541.195,66574.38,63412.375
61949.39,59637.508,66372.83,63771.062
62420.13,59741.203,66272.04,64090.797
62670.08,59786.426,66613.61,64399.945
62901.39,59944.41,67228.1,64715.695
63811.38,59996.902,67641.4,64991.53
64129.33,60073.17,68167.23,65142.566
63922.38,60206.027,68512.21,65188.965
63559.11,60501.758,68527.95,65125.75
63445.53,60628.3,67612.04,64940.04
63121.05,60722.004,67255.54,64704.895
62177.33,60816.07,66842.18,64438.613
62401.24,60979.645,66408.52,64156.273
62394.3,61124.09,66108.28,63739.06
62204.75,61220.953,65544.41,63388.055
61441.88,61322.2,65444.56,63054.58
61207.76,61319.938,64611.22,62684.992
61065.1,61339.805,64395.25,62161.96
60890.57,61318.914,64126.75,61746.453
60230.39,61295.305,63097.54,61364.81
60431.27,61109.09,62711.18,61054.867
59839.27,61029.406,62981.92,60578.293
59438.92,60877.53,62310.22,60258.1
59403.76,60663.906,61985.42,60025.39
58478.41,60089.465,61484.66,59851.17
57959.18,59818.78,61512.99,59422.977
57587.62,59591.7,61195.44,59257.438
57445.16,59405.47,60380.14,59164.043
57705.03,58811.223,60333.83,59117.0
57965.47,58709.34,60656.97,58737.074
58089.55,58624.234,60392.74,58649.242
57616.58,58541.27,60608.93,58597.824
57691.92,57941.125,60545.41,58569.598
57822.93,57857.707,60337.81,58194.89
58076.5,57738.254,60116.62,58152.926
58009.46,57587.617,59791.51,58088.027
57562.02,56750.023,59795.11,58019.09
57161.45,56482.27,59836.44,57421.742
57095.45,56166.32,59551.98,57202.223
56724.53,55879.79,59867.22,56963.027
56063.72,54866.953,60316.15,56707.004
55329.88,54664.883,60361.69,55889.098
54880.84,54505.684,59523.54,55502.85
54679.66,54341.99,58596.97,55110.875
54915.89,53460.957,57248.75,54710.215
54352.31,53065.277,55504.79,54103.758
53355.72,52677.047,54460.95,53526.81
52384.48,52357.777,53312.17,52901.848
51558.29,51402.82,52283.73,52235.082
50525.04,51044.445,51544.01,51310.47
49459.75,50764.88,50550.43,50488.94
48326.06,50453.41,49476.75,49741.965
47239.8,48241.574,48791.34,49034.047
46714.23,47536.293,47718.45,47787.25
45771.7,46966.03,46521.8,46986.02
45081.78,46491.918,45718.96,46221.58
43875.75,45800.035,45210.82,45493.203
43477.32,45344.37,44140.29,44686.734
42823.49,44953.375,43723.57,44083.746
42087.73,44609.234,43336.56,43580.75
41672.1,44054.83,42534.92,43145.254
41310.06,43727.64,42033.01,42658.836
40898.51,43418.484,41265.94,42301.043
40996.71,43118.375,40908.44,42000.824
40737.34,43109.266,40728.14,41732.867
40457.34,42825.594,40196.39,40932.293
40368.21,42629.883,40158.51,40826.414
40731.56,42527.1,40067.02,40665.402
40801.01,42759.703,39859.89,40540.812
40794.62,42951.395,40024.56,40522.027
40781.96,43209.016,39967.38,40468.156
41168.21,43483.668,39602.15,40424.2
41368.52,44035.934,39560.01,40389.676
41728.17,44464.402,39742.1,40453.613
42177.5,45027.617,39673.12,40454.953
42796.77,45729.03,39670.24,40478.82
43833.59,46842.875,39969.5,40521.53
44473.27,47911.332,40418.69,40677.137
45406.43,49096.44,40446.22,40779.156
46739.6,50337.39,40504.69,40940.11
48904.03,51963.285,40985.68,41181.1
50263.81,53298.957,42315.65,41610.953
51317.34,54472.59,43365.68,42036.918
52428.01,55460.957,43460.06,42559.555
53555.47,56437.574,43612.06,43182.535
54552.88,57166.605,44928.51,43905.02
55786.23,57676.78,45694.73,44731.734
56669.9,58035.453,46777.84,45607.6
57745.71,60221.258,47520.38,46437.773
58471.13,60386.61,48620.3,47433.96
59495.69,60472.797,49430.52,48225.43
59939.78,60515.598,50197.32,49025.676
60237.6,60552.87,50559.74,49819.13
60457.63,60622.67,50734.98,50444.082
60879.86,60670.16,51100.14,51085.855
61103.25,60693.297,51938.24,51641.246
61614.74,60785.36,52552.06,52091.76
61949.69,60814.254,52505.31,52326.65
62444.1,60831.344,52925.46,52603.562
63073.55,60832.67,53399.68,52840.457
63625.53,60881.78,53728.13,53031.508
64265.44,60819.555,54341.52,53077.082
65052.19,60847.53,54563.05,53155.543
65491.41,60878.24,54622.41,53170.14
64689.95,61074.926,54597.47,53099.484
64427.66,61246.363,53985.2,52859.855
64425.14,61452.906,53420.82,52568.77
64067.94,61581.297,53060.48,52182.38
63172.43,61714.332,52312.57,51714.85
62647.38,61915.746,52010.99,51156.22
62810.71,62085.875,51426.51,50597.645
62893.82,62147.867,50799.83,50080.84
62315.73,62100.477,50096.77,49610.42
61952.08,62077.844,49769.07,49134.17
62327.03,62146.074,49257.01,48717.902
61792.81,62159.195,48774.54,48378.867
61749.72,62005.348,48677.66,48106.06
61837.68,62020.953,48458.69,47805.207
61641.0,61953.92,48605.79,47606.586
61383.23,61908.945,48346.52,47486.086
61328.13,61605.477,48181.26,47431.336
61164.81,61505.42,48469.19,47309.734
60827.47,61464.883,48582.72,47311.883
60717.86,61365.906,48440.54,47383.242
60271.34,60847.273,48354.88,47507.348
60087.82,60688.953,49248.83,47581.74
59830.49,60377.6,49677.81,47751.848
60057.81,60138.77,49869.43,47981.473
59825.03,59300.355,49981.48,48232.84
59169.25,58997.1,50297.72,48385.67
58995.77,58796.89,50092.29,48493.13
59646.62,58569.9,49943.9,48563.33
59516.37,57483.812,49678.95,48596.004
58755.36,57045.51,49643.78,48366.844
58325.68,56645.21,49726.57,48254.35
58087.48,56286.18,49993.37,48173.203
57706.83,55053.62,50484.61,48087.92
56610.26,54852.836,51105.27,47828.867
56189.53,54798.61,50508.7,47593.586
55877.79,54806.016,49635.16,47323.11
55034.76,54024.57,49153.31,46990.918
54036.25,53964.508,48308.12,46576.25
53327.44,53935.492,47680.11,46068.12
52356.44,53920.4,46627.46,45587.867
51318.67,53097.25,46349.17,45119.39
50360.2,52955.145,45944.15,44597.85
49394.03,52819.258,45353.52,44094.156
48304.7,52666.777,44350.16,43648.176
46340.92,50154.34,43831.18,43228.7
45861.47,49360.305,43004.37,42176.02
45436.99,48625.58,42261.96,41451.773
45125.89,47958.12,41159.33,40767.39
44215.76,46972.625,40745.6,40098.566
43686.8,46255.766,39665.03,39443.48
42923.37,45608.312,39239.89,38877.883
42688.94,44964.926,38715.05,38374.926
42125.71,44248.055,38254.69,37925.9
41845.25,43730.03,37567.03,37583.35
41681.16,43338.98,37223.62,37229.84
41645.22,43042.977,36993.5,36933.43
41177.73,43450.84,37173.02,36696.797
40868.06,43203.26,36949.28,36222.227
40688.14,43051.37,36798.64,36074.895
41020.57,42929.6,36442.45,35917.965
40932.95,43072.453,36548.58,35788.973
40986.11,43112.004,36431.88,35742.984
40753.31,43199.63,36219.49,35670.586
40994.4,43249.336,36198.61,35625.5
41499.12,43538.918,36272.74,35595.945
41646.37,43805.65,36145.81,35649.07
41927.11,44131.59,35946.46,35648.17
42629.64,44561.742,36135.67,35663.47
43848.04,45389.637,36217.12,35692.234
44434.08,46239.07,36744.62,35791.64
45140.45,47171.53,36694.15,35833.715
46139.01,48165.625,36732.51,35885.867
48840.53,49453.152,36952.97,35960.72
50672.54,50520.953,37436.18,36157.64
51845.52,51529.426,37521.61,36319.91
53260.56,52439.83,37568.68,36558.582
55136.52,53348.156,37483.4,36875.195
56224.12,54201.133,38129.73,37285.406
56658.72,54897.7,38818.8,37847.055
57750.19,55441.727,39717.3,38558.29
58607.87,57729.164,40799.11,39307.0
59188.82,58035.594,41557.64,40559.094
59675.79,58246.434,42264.69,41178.695
60117.68,58372.65,43478.97,41832.98
60248.82,58500.08,44124.37,42452.75
60613.41,58574.09,44575.82,43047.094
61347.78,58633.6,44923.45,43555.82
61561.95,58673.953,45432.43,44107.09
61611.3,58918.68,46082.54,44671.43
61990.56,59042.445,46073.45,45192.438
61831.37,59242.43,46664.73,45770.95
62183.25,59498.55,47442.62,46345.875
62238.21,59898.277,47953.46,46945.312
62435.46,60110.934,48271.47,47499.664
62806.74,60302.492,48326.01,48013.68
62809.38,60431.867,48588.94,48396.08
62260.67,60593.816,48873.66,48609.094
62188.0,60671.2,48797.57,48543.074
61738.68,60719.688,48274.84,48292.2
61503.72,60778.3,48088.99,47904.2
61060.33,60852.062,47754.88,47412.543
60646.35,60904.234,47409.45,46848.05
60445.67,60906.316,47156.57,46295.43
59555.27,60886.54,46448.49,45775.06
59382.72,60773.926,45566.21,45275.074
58854.4,60728.062,45318.08,44832.305
58296.41,60650.33,45158.59,44433.11
57822.29,60546.61,45255.59,44037.85
57620.5,60178.27,44664.03,43740.04
57158.27,59955.266,44366.3,43474.223
56641.48,59661.36,44055.61,43344.125
56219.67,59313.098,44236.53,43284.938
56644.43,58633.176,44042.63,43251.27
56327.5,58351.96,44497.02,43203.05
55934.31,58142.05,44680.88,43313.36
55838.45,57997.914,45013.41,43520.062
56398.38,57440.75,45222.22,43756.133
56306.96,57403.46,46041.48,43946.508
56117.19,57399.504,46396.23,44304.465
55975.36,57413.938,46690.9,44712.8
55712.29,56851.867,46905.2,45137.844
55717.67,56844.13,48290.49,45464.38
55696.03,56819.367,48537.61,45762.47
55705.85,56747.86,48815.43,46016.06
55334.08,55954.504,49034.66,46234.64
54684.08,55756.277,49117.06,46225.703
54541.24,55528.445,48916.15,46284.336
54265.08,55297.438,49405.68,46388.812
53710.55,54389.188,50104.51,46495.844
52862.21,54121.582,50767.78,46552.082
52507.75,53862.68,50557.75,46508.99
52399.05,53606.902,49758.84,46442.746
52523.41,52766.965,48722.31,46320.477
52139.81,52410.77,48052.74,46175.344
51477.57,52071.645,47511.77,45899.27
50316.55,51769.17,47419.35,45654.36
49394.93,50887.094,47210.52,45414.93
48540.43,50491.785,46785.98,45172.62
47604.52,50142.277,45986.98,44890.066
46600.87,49834.965,45088.19,44671.023
45429.95,47797.95,44436.96,44471.16
44713.81,46969.99,43425.53,43408.66
44114.92,46237.562,42448.69,42831.83
43667.11,45579.977,42027.23,42285.125
42849.54,44729.87,41478.53,41746.508
42127.75,44129.94,40495.14,41193.016
41749.68,43604.887,40057.0,40727.71
41210.0,43185.36,39693.1,40332.234
40690.45,42690.547,39333.99,39978.6
40469.09,42370.742,38841.18,39637.984
40393.85,42126.87,38404.3,39338.195
40098.93,41949.273,38544.2,39069.793
39734.52,41128.92,38559.1,38819.727
39521.04,40565.977,38360.09,38746.81
39276.02,40202.715,38090.67,38702.64
39497.4,39935.617,38062.03,38678.254
39100.0,39865.883,38126.08,38680.094
38957.18,39650.15,38165.2,38743.57
38989.7,39460.895,38116.11,38825.355
38685.01,39323.832,38191.04,38988.17
38542.86,39217.78,38442.99,39250.79
38547.98,39076.805,39372.92,39658.54
38679.76,38987.79,39559.71,40126.957
39002.04,38947.82,40260.53,40694.254
39782.92,39031.336,41252.44,41360.176
39834.33,39150.484,42747.7,42206.016
40033.55,39242.355,43554.21,43146.176
40356.5,39344.535,45285.22,44426.96
40874.77,39576.777,47412.47,46215.938
40747.47,39774.137,51392.67,48615.668
41264.71,39936.24,53827.53,50865.605
41837.87,40205.43,55781.58,52791.137
43250.98,40769.92,57033.4,54355.26
43847.73,41390.082,58905.25,55730.184
44599.55,42034.89,59763.04,56821.58
45225.59,42707.37,60459.92,57761.88
46299.97,44678.797,61534.3,58573.195
47071.46,45402.625,62422.85,59710.58
47927.02,46074.18,62312.59,60183.543
48771.83,46696.965,62755.28,60556.832
49320.24,47332.793,62967.82,60848.195
49894.78,47788.035,62518.89,60989.28
50351.81,48131.48,62756.57,61187.566
50790.32,48413.89,62976.25,61370.61
51135.05,48677.67,63307.67,61559.496
51728.03,48879.34,63443.83,61736.273
51860.95,49014.28,63666.95,61998.285
52538.24,49129.766,64177.84,62290.133
52622.7,49219.582,64614.16,62587.06
53174.75,49272.438,64762.64,62845.46
53465.16,49298.453,65217.76,63045.195
53075.18,49336.395,65468.34,63186.41
52363.95,49349.223,65599.48,63266.227
52251.64,49360.363,65521.17,63246.31
52338.44,49408.27,65180.1,63142.53
52163.58,49449.625,65211.16,62991.297
51352.73,49424.75,65236.37,62840.562
51079.95,49389.203,65196.73,62611.734
50487.17,49359.91,64833.91,62410.453
50390.2,49272.223,64671.42,62242.684
50568.36,49158.727,64183.02,62084.22
50690.25,49114.96,63943.56,61814.973
50701.94,49131.78,64225.12,61627.016
50578.9,49166.273,63867.2,61468.89
50563.83,49111.273,63500.54,61331.883
50627.77,49133.25,63465.73,60996.06
49863.05,49129.58,63175.3,60778.91
49714.67,49091.695,63129.39,60583.61
49745.06,48994.297,62775.61,60405.98
49518.41,48943.29,62533.53,60028.93
49415.71,48861.574,62029.0,59826.14
49515.55,48810.754,61729.91,59669.855
50225.56,48703.875,61602.49,59568.176
50163.82,48653.547,61711.4,59275.363
49224.59,48612.34,61595.83,59199.332
49234.99,48537.863,61576.14,59179.008
48808.0,48460.516,61547.38,59214.68
48769.68,48372.484,61509.34,59039.67
48839.71,48284.36,61338.17,59112.875
48882.93,48219.438,61509.04,59174.742
49028.51,48111.293,61725.23,59228.85
48754.51,48073.65,61718.74,58930.863
48678.89,48034.2,61704.73,58869.562
48373.88,47991.75,62180.8,58721.992
47894.71,47858.336,62440.24,58514.7
47180.0,47783.72,61770.19,57811.71
47159.27,47690.85,60743.26,57424.35
47295.12,47620.73,59977.9,56939.617
47062.4,47402.875,59125.71,56406.414
46555.66,47315.203,57917.73,55672.0
45976.29,47206.77,57013.55,54959.277
45463.04,47055.582,55827.43,54211.26
45358.76,46667.18,54806.81,53451.797
44544.59,46481.215,53355.5,52438.566
43616.98,46251.023,52373.66,51510.97
43141.03,45953.066,51402.64,50636.19
42557.23,44633.43,50399.86,49827.01
41655.14,44300.902,49198.82,48403.79
40929.84,43980.848,48213.03,47565.844
40662.13,43669.508,47418.92,46772.746
39679.26,43190.277,46782.2,46049.246
38958.28,42874.094,46300.71,45343.094
38311.88,42561.062,45961.26,44773.844
37390.34,42288.375,45525.44,44319.426
36713.26,41892.062,45084.47,43929.906
36487.17,41706.312,44561.67,43510.93
36238.07,41564.367,44254.27,43186.688
36137.67,41470.49,43703.48,42879.484
35889.0,40388.05,43400.68,42604.766
35160.85,39773.844,42998.09,42142.78
35057.48,39309.36,42743.08,42051.28
35258.94,38953.945,42654.07,41970.934
35153.88,38748.1,42768.8,41955.727
34850.19,38596.55,42637.93,42086.36
34793.83,38482.85,42850.73,42185.062
34624.08,38414.58,42924.43,42319.516
34683.47,38395.773,43292.87,42479.37
34474.51,38402.805,43343.53,42770.586
34701.55,38422.56,43436.47,43060.457
35061.7,38466.223,44036.61,43469.51
35259.63,38569.996,44686.54,44043.57
35340.38,38653.496,46076.77,44884.22
35416.04,38721.15,46629.42,45789.22
35810.31,38788.79,48301.34,46942.8
35899.59,38947.44,50064.82,48563.406
36048.87,39024.664,54041.93,50862.02
36115.62,39108.156,56348.82,53016.504
36364.33,39215.72,58145.7,54848.445
36691.84,39552.17,59159.22,56330.043
37448.96,39804.445,61044.24,57640.984
38016.72,40157.156,61822.41,58671.125
38781.92,40574.215,62235.56,59517.473
39589.5,42356.43,62922.08,60204.547
40598.7,42714.027,63572.05,61113.516
41288.94,43183.562,64256.75,61557.234
41997.72,43638.73,64563.41,61910.832
42546.66,44237.387,64352.57,62161.125
43119.13,44652.586,64045.9,62209.99
43744.49,45042.363,64108.5,62460.71
44524.74,45416.062,64344.09,62697.203
45394.63,45893.11,64589.38,62974.05
45897.64,46285.69,64466.29,63193.383
46516.61,46644.55,65028.48,63623.36
46631.03,46962.844,65250.76,64034.676
47556.06,47275.35,66144.12,64468.812
48190.28,47538.39,66371.42,64705.383
48709.75,47759.1,67301.65,64945.047
48737.34,47942.3,67638.45,65105.54
48587.32,48107.27,67939.43,65213.117
48701.01,48209.543,66251.56,65121.434
48465.69,48282.152,65927.33,65016.863
48301.84,48328.34,66157.46,64887.305
47874.11,48345.734,65825.75,64744.14
47773.46,48354.055,66215.23,64437.96
47654.99,48353.645,65496.75,64235.586
46886.61,48333.566,64907.71,64057.355
46611.68,48232.188,64376.94,63924.504
46612.73,48162.453,64316.36,63579.082
46465.09,48107.0,63867.07,63367.6
46455.49,48057.715,63854.33,63198.87
46479.72,47962.93,63521.69,63033.973
46092.17,47944.086,63930.37,62629.555
46199.25,47933.105,63080.05,62378.73
45893.82,47916.977,62972.14,62160.773
46076.28,47843.957,62682.17,61945.277
45745.82,47844.496,62736.06,61503.117
45791.16,47775.48,62300.46,61294.84
45901.1,47764.906,61596.79,61152.266
46391.57,47702.35,61604.66,61056.52
46351.12,47707.094,61895.34,60734.914
45446.89,47693.8,61722.55,60646.414
45079.47,47655.6,61771.8,60625.934
46170.77,47553.08,61496.54,60617.023
47004.44,47604.816,61360.23,60430.21
47157.93,47697.043,61403.03,60478.32
47557.02,47731.58,61702.65,60520.95
46706.33,47628.13,61385.99,60541.402
45967.35,47539.67,61892.67,60272.062
46147.74,47419.574,62080.55,60242.523
45968.87,47311.293,62805.04,60127.992
45959.67,47029.168,63448.18,59945.383
45883.48,46887.71,63790.3,59179.445
45943.58,46768.07,62772.52,58748.016
45729.94,46690.26,61703.96,58248.918
46574.51,46423.637,60895.57,57723.457
46633.06,46356.633,59261.58,56960.387
46148.2,46312.605,58216.22,56276.457
45853.54,46259.31,57236.27,55581.73
46443.33,45944.82,55805.2,54890.656
45747.1,45868.266,54395.65,53925.1
44995.11,45747.19,53053.19,53121.344
44141.89,45563.227,52024.35,52343.562
42621.74,44311.9,51079.93,51612.2
41827.29,43767.42,49425.17,50188.332
41276.21,43262.227,48368.06,49313.47
40905.99,42838.477,47473.77,48403.637
40308.92,42268.117,46903.52,47594.855
40026.18,41983.43,45569.67,46788.094
39753.32,41759.734,45016.89,46197.96
39501.49,41594.152,44535.46,45713.945
39042.72,41320.71,44335.78,45304.58
38949.03,41231.094,43679.53,44863.695
38656.94,41153.168,43274.67,44532.848
38341.46,41084.65,42855.35,44237.027
38262.01,41114.8,42664.06,43963.81
38315.8,40814.254,42463.94,43814.633
38475.53,40640.023,42176.61,43662.805
38542.11,40244.703,42007.52,43565.83
38777.02,40004.766,41970.69,43522.83
38780.23,39870.85,42293.88,43588.113
38864.79,39839.906,42448.84,43632.08
39168.16,39906.234,42307.95,43708.25
39217.63,40172.023,42484.37,43832.383
39402.06,40367.75,43121.22,44092.477
39817.07,40629.4,43326.57,44393.945
40314.07,40981.656,43652.48,44850.973
42103.21,41630.156,44060.18,45465.605
43274.37,42384.52,45820.12,46368.99
44238.27,43320.605,46679.46,47349.652
45958.36,44439.574,48085.83,48529.3
49052.66,45999.54,49989.4,49964.355
51265.63,47525.887,54264.45,51985.273
52918.39,49133.203,56927.74,53950.004
54377.41,50675.055,58747.14,55719.29
56209.71,52245.41,60218.35,57151.426
57454.04,53323.1,61444.31,58328.79
58410.28,54186.977,62184.49,59232.04
59458.29,54861.754,62544.03,59891.527
60988.57,57508.98,63448.8,60426.92
61783.35,57921.426,63722.66,61156.945
62234.44,58238.43,64308.65,61497.21
62578.32,58462.83,64410.03,61756.35
62372.87,58723.254,64387.5,62048.42
62736.34,58956.145,63376.88,61998.78
63311.45,59194.97,63601.86,62260.617
63606.93,59394.492,63932.32,62516.758
63671.8,59669.367,64627.37,62820.094
64214.28,59829.086,64096.95,62863.133
64791.66,59958.027,64202.0,63210.344
65220.56,60057.742,64258.49,63572.71
65047.18,60316.09,64867.13,63899.664
65618.32,60412.703,65067.81,64036.305
66041.63,60489.562,64978.42,64209.043
66126.03,60504.234,65478.0,64371.766
65925.92,60692.207,65409.38,64441.805
65593.51,60665.99,64609.65,64287.91
65979.4,60642.72,64575.55,64168.406
66340.99,60603.824,64149.93,64005.24
65597.02,60675.184,63891.43,63864.68
65622.19,60608.938,64147.01,63540.13
65247.48,60515.367,63951.77,63309.004
64309.81,60402.812,64151.63,63150.92
63891.71,60418.05,63731.06,62998.4
63547.13,60399.76,63417.42,62637.39
63576.74,60396.613,63174.39,62397.29
63181.82,60378.32,62515.28,62153.14
62941.89,60215.875,62095.08,61957.133
62489.04,60151.105,61881.35,61527.16
62358.48,60060.652,61625.54,61232.324
61647.46,59919.26,61147.74,61005.336
61054.32,59600.5,60445.59,60780.785
60342.44,59481.074,60850.0,60381.883
59907.94,59401.234,60631.57,60145.664
59818.08,59304.49,60105.29,59948.816
59633.95,58814.55,59955.91,59826.64
59500.36,58737.227,60767.2,59528.83
59249.66,58648.418,61160.04,59502.42
59301.55,58511.48,60962.82,59461.477
59426.69,57868.22,60958.39,59453.93
59511.63,57717.316,60883.5,59273.5
59086.22,57550.547,60537.19,59294.656
59465.42,57386.844,60620.12,59352.38
59281.41,56511.637,60776.21,59449.555
58772.42,56243.402,60515.35,59281.195
58412.89,55979.82,60583.59,59337.27
57709.59,55713.582,61727.66,59323.594
57280.0,54689.152,62364.1,59226.406
56691.36,54520.277,61875.14,58622.74
56331.21,54388.67,60961.98,58405.258
56573.27,54265.906,59978.81,58059.164
56232.18,53305.38,58805.36,57563.875
55470.76,53097.465,57612.4,56819.57
54572.05,52865.61,56094.93,56028.938
53769.96,52678.91,55055.35,55239.39
52508.98,51700.133,54205.73,54463.566
51157.47,51409.87,53180.23,53426.496
50076.89,51125.746,52073.26,52514.11
49080.16,50831.89,50857.62,51665.066
47784.36,48555.918,49932.44,50881.1
47038.49,47734.75,49442.73,49527.707
46167.05,46963.87,48834.94,48684.074
45414.77,46327.46,47960.74,47868.984
45117.56,45543.113,47119.14,47133.137
44654.81,45124.742,45801.76,46392.98
44279.12,44794.25,45556.34,45833.656
43771.67,44531.87,45096.56,45376.86
43379.72,44107.375,44511.35,44981.86
43105.6,43894.477,43445.37,44534.61
43069.42,43694.66,42954.87,44196.53
42814.2,43511.008,42755.61,43895.656
42216.64,43012.137,42510.93,43619.99
42036.58,42905.195,42286.04,43542.605
42202.19,42800.76,42064.39,43419.094
42280.43,42664.543,42391.8,43336.57
42305.64,42780.54,42215.19,43313.73
42185.74,42937.164,42882.56,43430.066
42249.96,43189.96,42961.09,43497.633
42431.09,43578.035,42981.88,43599.11
42899.49,44255.26,43028.36,43749.66
43220.86,44956.51,43332.59,44062.46
43649.51,45896.75,43507.45,44374.54
44041.44,47005.55,43848.12,44840.695
45395.49,48452.574,44918.92,45470.188
46192.48,49737.492,46409.42,46407.684
46644.22,50969.223,47678.76,47374.93
48173.34,52053.402,48591.12,48501.395
50746.96,53273.547,50159.34,49852.805
52477.04,53986.863,54329.57,51751.72
53751.9,54537.023,56947.16,53591.758
55120.53,54973.99,58745.77,55301.918
56518.98,55332.406,59908.94,56737.547
57140.12,55663.1,60224.36,57940.72
58118.08,55928.54,60729.86,58863.58
58923.58,56135.984,61293.62,59570.383
60032.1,58084.312,62032.8,60117.445
60316.36,58165.367,63091.76,60801.4
61032.71,58236.6,63484.47,61150.89
61236.53,58278.266,63574.45,61420.285
61046.74,58378.22,63675.1,61646.836
61745.09,58432.895,62700.31,61494.168
62398.74,58499.14,63413.96,61667.48
62970.57,58587.336,63939.09,61839.69
63516.48,58840.543,63922.75,62029.375
63973.09,58976.38,63542.18,61994.08
64002.46,59149.656,63812.49,62235.65
64513.84,59339.867,64149.69,62506.242
64597.25,59648.594,64788.39,62791.66
64906.34,59831.3,65798.87,62912.47
65471.51,59992.06,66308.96,63093.527
65246.48,60131.28,66715.11,63220.07
64546.94,60317.668,67095.55,63271.54
64302.29,60382.77,65888.33,63110.516
64264.68,60424.805,65891.56,62953.766
64191.93,60448.953,65529.72,62759.082
64094.14,60455.133,65359.15,62553.336
63965.78,60466.285,64700.18,62222.277
63668.25,60458.418,64565.64,61960.812
63445.37,60440.336,64096.48,61715.09
63015.6,60317.047,63331.56,61487.117
62899.42,60270.316,63159.24,61103.09
62755.78,60217.504,63264.72,60798.836
62601.0,60165.344,62995.41,60520.457
62535.77,59912.16,62648.59,60273.957
61885.89,59851.715,62885.36,59848.273
61371.02,59779.242,62364.5,59555.31
61148.6,59709.94,61741.08,59316.945
60825.27,59340.543,61134.35,59119.754
60397.76,59272.086,60914.17,58723.71
60267.84,59189.547,60677.07,58518.117
60230.62,59095.86,60306.78,58384.45
60365.6,58595.105,60124.62,58307.164
59977.54,58477.63,60149.9,58033.367
60157.06,58341.477,59623.2,58022.07
60059.43,58186.67,59597.32,58059.58
59800.25,57525.797,59813.48,58127.62
59575.14,57313.76,59718.7,57987.344
59612.16,57087.125,59533.64,58078.348
59669.08,56854.008,59708.34,58163.668
59486.69,56006.223,60177.69,58261.137
58899.22,55732.027,60791.11,58136.895
58800.6,55461.492,60975.59,58204.094
58305.34,55181.043,61768.01,58233.508
57650.71,54215.59,62593.25,58236.24
56987.31,53921.457,62487.11,57939.297
56885.87,53650.8,61652.41,57896.55
56846.94,53392.63,60390.69,57717.703
56308.77,52346.918,59320.22,57368.44
55326.5,51995.953,57856.48,56740.55
54608.87,51683.105,56821.3,55938.55
53527.16,51407.414,55843.21,55100.184
52274.97,50379.383,54810.08,54246.16
51158.89,50007.777,54280.51,53150.22
50005.41,49664.207,53366.43,52184.336
49367.06,49365.04,52252.21,51328.926
47853.1,47226.152,51295.63,50562.234
47142.71,46602.355,50100.18,49433.87
46469.75,46101.863,49233.62,48597.69
45986.96,45734.4,48558.04,47822.44
45000.43,45189.023,47828.04,47101.914
44567.98,44905.543,46520.54,46360.562
44295.48,44644.027,45950.47,45784.523
43603.12,44425.32,45424.82,45311.246
43354.92,44077.22,45149.29,44899.305
42914.52,43905.613,45131.84,44463.12
42716.72,43744.19,44964.38,44122.21
42223.51,43612.06,44712.21,43828.6
41707.28,42979.047,44404.25,43562.375
41916.9,42755.29,43991.93,43390.156
41950.24,42674.29,44192.91,43278.656
41898.08,42487.78,44190.46,43211.152
41741.54,42533.133,44280.41,43215.72
42107.42,42585.164,44402.64,43335.914
42247.53,42812.555,44512.22,43428.63
42343.04,43162.938,44652.07,43565.445
42529.13,43796.29,44857.64,43749.73
42810.69,44428.39,45347.95,44072.168
43357.55,45241.375,45778.38,44404.543
43689.68,46267.94,46112.29,44873.92
44873.45,47690.133,46661.49,45514.41
45746.14,48947.945,47940.86,46451.844
46843.6,50159.766,48824.24,47432.973
47934.28,51274.77,50049.1,48600.047
50581.2,52585.56,51670.62,50035.47
52180.07,53370.996,54541.96,51977.562
53744.64,53999.586,56612.79,53791.28
54869.15,54535.402,58531.55,55427.484
56542.9,54983.07,59601.67,56801.246
57633.1,55553.71,59748.33,57974.75
58760.09,56010.62,60546.05,58886.848
59713.78,56353.703,61144.95,59594.895
58869.66,58210.688,61845.91,60145.887
60860.9,58406.82,62757.13,60735.47
60891.67,58564.133,63245.25,61108.625
61042.42,58704.758,63504.16,61402.52
60950.75,58814.797,63506.26,61659.723
61323.75,59022.54,62819.24,61520.918
61577.53,59247.25,63074.77,61716.77
62032.84,59463.594,63424.64,61903.465
62204.49,59767.125,63843.29,62101.58
62333.48,59934.6,63875.58,61991.914
62987.14,60065.215,64189.54,62236.35
63108.08,60146.008,64138.1,62503.504
63552.28,60305.24,64805.08,62763.266
64276.09,60319.5,65700.57,62843.0
64512.82,60312.703,66068.01,62960.07
64883.61,60276.7,65887.45,63000.805
64412.99,60333.684,66025.16,62962.273
64351.43,60289.035,64786.5,62741.12
64100.12,60246.68,64100.17,62514.598
64166.25,60197.96,63759.59,62271.58
63944.48,60181.67,63352.78,62031.4
63687.46,60131.85,62968.05,61675.938
63391.51,60072.88,62072.76,61334.766
62222.04,60022.895,61358.65,60999.562
62203.81,59930.18,60945.24,60676.45
62291.18,59862.62,60366.97,60212.656
61589.2,59790.293,60081.65,59818.9
60994.75,59710.562,59605.1,59475.1
60905.79,59472.758,59251.67,59189.047
60734.74,59386.027,58620.59,58779.113
60194.4,59299.117,58612.07,58483.28
59804.87,59202.254,57657.95,58246.72
59773.68,58818.926,57045.95,58047.277
59355.73,58728.94,57344.42,57688.61
59199.81,58636.84,57285.75,57529.28
58966.21,58550.957,57167.52,57468.37
59035.66,58046.08,57484.8,57467.4
58911.65,57972.05,58265.86,57224.4
58757.97,57899.355,58187.4,57234.83
58814.19,57813.965,58267.0,57277.113
58459.96,57180.465,58186.84,57337.754
58448.71,57054.715,58211.24,57136.266
58328.15,56892.363,57967.74,57171.516
58018.18,56686.082,57933.29,57204.32
58001.1,55802.023,58038.26,57239.953
57367.82,55464.61,58413.75,56968.137
57036.15,55120.742,58419.68,56925.844
56765.06,54809.39,59230.02,56839.74
56262.7,53905.84,59776.76,56724.26
56073.78,53633.676,59270.11,56194.402
55979.57,53383.977,58210.52,55921.04
56049.08,53164.742,57088.72,55550.12
56053.83,52434.66,56438.16,55094.457
55245.61,52158.348,55301.63,54439.555
54168.16,51924.844,54461.71,53669.4
53034.94,51734.38,53345.79,52894.8
51590.74,51049.79,52390.95,52131.965
50607.45,50804.336,51707.24,51134.39
49307.29,50587.895,51060.95,50300.15
48532.33,50398.926,50045.11,49570.695
47416.02,48674.22,48956.93,48898.656
46501.86,48108.32,47948.83,47815.67
45770.82,47618.78,46979.84,47032.18
45294.32,47215.46,46469.28,46286.31
44438.26,46587.64,46082.06,45572.793
43767.21,46204.34,44711.94,44835.77
43745.23,45845.46,43999.1,44247.69
43607.67,45528.273,43258.22,43759.41
43002.78,45035.664,42705.56,43342.79
42712.88,44758.188,42402.71,42939.434
42245.4,44501.617,41798.01,42611.17
42094.83,44278.367,41242.55,42334.414
41502.04,43661.34,41158.96,42089.01
41384.24,43308.8,40930.46,41562.426
41507.62,43089.67,40690.57,41469.887
41539.5,42772.344,40472.01,41352.01
41725.47,42701.89,40555.28,41269.742
41593.74,42705.04,40678.98,41276.46
41539.96,42811.695,40537.31,41231.684
41833.37,43003.03,40716.97,41197.234
42231.82,43501.95,40652.28,41182.293
42549.4,44014.594,40827.8,41260.945
42937.62,44681.254,40837.51,41289.72
43370.87,45521.38,41032.05,41340.312
44850.44,46751.137,41217.94,41419.504
45781.15,47928.434,41776.99,41605.008
46670.73,49113.844,41672.2,41735.8
48047.59,50230.08,41817.22,41918.625
50759.45,51526.594,42090.91,42182.12
52286.67,52366.203,43255.98,42627.863
53459.2,53052.44,43807.24,43069.074
54574.37,53654.34,44222.01,43596.953
56093.84,54115.13,44509.28,44198.727
57246.55,54828.68,45705.91,44907.656
58102.34,55419.98,46234.91,45648.63
58891.65,55898.3,47352.24,46446.504
59784.8,57870.918,48481.66,47244.11
60177.11,58301.28,49493.71,48059.96
60715.46,58596.133,50110.86,48800.516
60884.69,58767.594,50476.64,49543.58
60930.04,58902.656,51396.67,50281.637
61483.35,59041.055,51111.98,50791.68
62085.8,59135.777,51560.88,51397.57
62624.2,59201.39,52206.21,51924.777
62742.43,59464.79,52869.33,52360.59
62680.49,59552.94,53133.39,52463.086
63031.13,59629.28,53593.14,52735.19
63619.96,59692.594,53571.81,52996.305
64201.28,59940.695,54114.36,53226.26
64347.7,59993.992,54059.87,53225.32
64445.94,60036.742,54315.77,53343.832
64676.62,60065.266,54467.52,53406.387
64056.17,60248.203,54636.15,53392.11
64032.05,60275.79,53771.61,53182.14
63694.94,60303.59,53468.61,52953.117
63690.04,60335.19,53227.17,52623.027
63478.67,60455.207,52734.92,52196.633
63344.79,60495.387,52584.71,51652.043
63235.14,60528.92,52291.13,51098.793
62767.77,60560.09,51924.05,50566.64
62572.42,60560.89,51431.48,50065.203
62191.99,60529.844,50667.08,49553.89
61916.88,60495.184,50513.81,49098.027
61681.5,60443.6,50333.28,48711.496
61925.45,60286.043,49739.94,48389.285
61543.63,60210.637,49837.27,48045.805
60940.29,60127.55,49606.71,47800.566
60589.24,60022.266,49235.65,47637.85
60447.74,59679.957,49028.71,47548.46
60053.42,59587.97,48666.95,47412.242
59748.69,59510.184,48558.51,47404.547
59738.87,59448.26,48594.22,47479.35
59879.63,58999.453,48575.38,47620.105
59599.74,58950.953,49272.41,47720.84
59468.81,58909.812,49751.83,47919.676
59494.94,58877.418,49933.64,48180.8
59440.65,58320.53,50256.19,48455.73
59063.72,58255.582,50603.86,48618.71
58920.37,58167.195,50651.56,48714.06
58877.22,58046.086,50732.27,48794.656
58872.29,57164.203,50903.42,48867.066
58125.41,56943.258,50997.78,48766.098
57787.52,56695.32,51177.57,48752.6
57433.51,56453.35,51911.33,48758.016
56671.31,55420.773,52192.86,48734.688
56357.87,55164.402,52283.99,48652.062
56647.05,54898.816,51404.92,48432.367
56891.98,54623.62,50476.41,48139.97
56380.64,53647.695,49824.7,47750.027
55623.44,53274.86,48856.16,47311.31
54799.8,52911.78,48247.74,46712.957
53599.19,52559.266,47548.53,46160.55
52429.43,51548.656,46938.3,45631.008
51458.01,51090.895,46321.38,45065.61
50251.54,50658.203,45671.37,44522.6
49274.62,50267.203,44766.41,44053.402
48125.41,48229.203,44278.63,43605.85
47516.9,47551.05,42914.09,42625.074
46702.79,47038.83,42279.35,41850.43
46014.73,46642.668,41691.81,41109.848
45116.44,45999.016,41265.22,40378.023
44320.08,45701.086,40223.32,39720.83
44000.59,45432.137,39625.69,39093.477
43936.13,45190.973,39075.05,38537.504
43538.46,44746.35,38870.75,38043.36
43018.43,44546.445,38168.73,37718.188
42771.05,44343.715,37736.24,37340.53
42520.37,44174.61,37308.38,37021.33
41899.31,43789.082,37086.02,36764.63
41711.52,43399.54,36528.28,36375.68
41645.62,43144.945,36283.43,36210.945
41884.76,42826.312,36126.5,36033.594
41807.88,42795.266,36021.08,35890.76
41689.71,42753.23,36104.76,35850.414
41811.78,42788.258,36093.64,35766.58
42035.61,42920.664,36146.56,35705.902
42450.9,43320.023,35963.81,35663.586
42790.91,43706.85,36477.82,35706.9
42929.32,44234.43,36587.0,35699.71
43680.49,44882.79,36575.08,35705.117
44858.56,45936.086,36748.23,35722.81
45205.19,46946.258,36926.92,35811.89
46308.51,47962.598,36913.67,35843.906
48047.6,48990.15,37007.96,35880.957
50491.6,50249.324,37043.72,35928.45
52103.35,51110.14,37558.15,36065.684
53537.67,51838.395,37837.39,36182.25
54671.25,52487.984,37902.05,36363.645
56196.54,53162.32,38230.89,36625.086
57224.45,53890.582,38824.11,37004.785
58407.6,54528.586,39632.5,37504.086
59257.08,55060.97,40534.33,38148.594
60020.57,57094.273,41470.55,38889.824
60358.17,57503.605,41956.07,40036.68
60739.59,57809.14,42772.54,40789.18
61217.42,58013.434,43484.1,41551.33
61471.52,58336.03,44179.98,42291.797
61843.47,58477.754,45116.27,42993.562
62431.68,58601.965,45438.76,43696.82
62877.54,58695.645,46359.07,44377.168
63267.64,59122.203,46883.06,45014.938
63632.33,59209.008,47281.03,45511.688
63989.23,59292.258,47680.15,46045.004
64492.99,59385.766,48422.8,46577.96
64711.82,59759.34,48803.1,47113.312
64916.22,59902.703,48648.24,47581.24
65138.51,60085.566,49233.42,48037.73
64865.91,60279.387,49482.65,48365.715
63940.19,60651.355,49442.93,48520.89
63545.69,60834.164,48978.15,48473.23
63495.45,60995.613,48566.62,48266.773
63150.06,61116.934,48516.03,47932.742
62983.2,61270.453,47826.93,47523.523
62615.73,61327.266,47678.16,47077.72
62296.9,61355.37,47402.42,46622.926
61753.29,61353.79,46932.23,46174.49
61329.82,61259.36,46089.52,45745.223
61119.77,61205.715,45658.88,45334.3
60769.38,61125.03,45584.62,44961.203
60374.32,61012.29,45670.39,44634.992
60387.95,60634.477,44953.36,44366.26
60007.3,60457.824,44756.99,44133.277
59580.85,60246.348,44564.64,43987.984
59357.13,60009.83,44402.23,43905.645
59583.25,59378.17,44019.54,43892.043
59213.57,59152.492,44211.77,43876.96
58625.83,58928.645,44208.03,44015.65
58598.95,58721.246,44233.85,44250.13
58874.51,57979.703,44376.42,44582.027
58720.93,57813.07,45970.77,44896.457
58571.11,57650.754,46377.82,45374.57
58338.26,57496.637,46865.29,45885.77
58146.8,56651.773,47519.63,46391.523
57891.78,56431.652,47986.08,46758.996
57777.68,56157.734,48480.6,47124.875
57751.54,55821.684,48875.99,47488.434
57119.03,54635.46,49158.28,47841.266
56421.84,54241.773,48983.51,48029.86
56349.37,53897.566,49561.51,48208.613
56077.73,53618.05,50467.42,48356.254
55373.88,52829.21,50906.96,48422.727
54767.05,52663.043,51255.77,48435.22
54751.66,52513.434,50391.21,48229.96
54757.89,52389.945,49649.25,47978.89
54339.18,51840.84,48923.53,47663.53
53420.46,51664.957,48163.64,47381.383
52398.59,51512.086,47354.97,46950.953
51147.67,51395.344,47293.75,46602.906
49919.16,50807.68,47351.87,46295.305
49333.83,50597.37,47248.49,46043.0
48414.27,50412.52,46323.27,45739.78
47497.16,50240.336,45810.88,45525.41
46745.32,48510.336,44909.11,45342.992
46033.04,47977.25,44057.05,44451.016
45350.12,47513.082,42938.4,43884.062
44753.8,47111.15,42249.12,43324.02
43597.03,46430.7,41736.83,42753.223
43362.99,46027.164,40952.13,42218.824
42966.91,45720.066,40460.25,41707.54
42506.61,45469.62,40300.66,41273.39
41654.27,45002.24,40064.6,40889.215
40982.85,44765.016,39910.92,40562.16
40706.99,44521.35,39565.29,40218.543
40285.95,44313.066,39527.61,39910.44
39618.57,43502.21,39450.18,39617.156
39465.14,42546.336,39322.21,39319.5
39423.11,42051.055,39233.31,39261.582
39158.47,41717.195,39401.91,39232.004
39053.63,41416.086,39470.6,39244.184
38938.17,41113.51,39724.14,39335.99
38842.08,40836.78,40011.89,39436.473
38938.52,40607.105,40192.65,39631.3
38780.64,40519.51,40340.89,39941.055
38796.21,40460.2,40719.79,40413.957
38769.53,40476.53,41138.65,40915.664
38750.52,40535.383,41765.12,41506.1
39227.76,40667.25,42208.4,42200.04
39400.14,40868.93,43657.04,43112.816
39498.04,41088.92,44523.53,44116.004
39829.48,41299.0,45922.97,45524.805
40651.84,41607.145,48035.26,47496.707
40597.64,41980.234,52149.67,50078.066
41035.53,42291.777,54878.53,52410.465
41539.94,42697.414,56939.14,54391.21
42755.14,43343.03,58656.02,55997.766
43690.31,44132.87,60793.91,57406.086
44536.4,44960.14,61371.27,58521.33
45619.09,45757.004,62199.3,59494.406
46753.79,47086.395,62704.33,60323.973
47664.52,47687.125,63980.95,61429.12
48445.38,48207.55,64383.78,61955.184
49200.79,48632.1,64774.9,62375.965
50015.78,48930.125,64981.88,62697.53
50588.17,49203.676,64469.57,62810.54
50944.6,49387.617,64684.79,63016.95
51513.63,49518.61,65470.78,63208.887
51789.98,49718.81,65617.95,63419.32
51915.78,49791.918,66249.49,63550.26
52405.61,49803.355,66924.66,63834.438
52709.52,49815.086,67246.14,64143.22
52949.34,49895.027,67511.54,64453.54
53271.72,49887.395,67551.29,64623.555
53764.57,49860.83,67728.32,64834.324
53699.19,49839.11,67680.85,64985.35
53462.98,49839.953,67605.47,65084.117
53566.3,49818.203,67270.31,65015.383
53143.42,49800.12,66826.64,64916.195
52607.41,49787.746,66877.21,64748.02
52090.3,49770.547,66701.67,64550.55
51948.39,49754.29,66935.61,64244.426
51755.32,49738.53,66786.85,63997.426
51227.11,49726.152,66608.09,63774.562
50538.7,49687.01,66013.54,63573.06
50441.02,49665.586,65695.32,63249.883
50089.79,49653.227,65584.09,63009.938
49572.67,49642.31,65414.57,62796.875
49770.22,49583.77,65302.06,62610.31
49660.37,49576.504,65181.2,62244.465
49455.21,49568.71,64635.22,61979.043
49005.87,49559.56,64498.29,61746.54
49110.41,49491.688,64287.57,61546.848
48962.63,49480.492,63751.53,61169.355
48848.2,49466.83,63264.26,60946.523
48545.28,49454.406,62954.02,60773.387
49113.34,49390.22,62920.31,60641.086
49046.85,49390.598,63554.97,60337.45
49139.52,49388.324,63173.67,60251.02
49260.34,49399.797,63354.78,60238.234
49479.49,49381.406,63453.76,60278.562
49420.49,49400.34,63105.61,60125.438
49382.73,49425.277,62943.62,60208.418
49315.9,49446.97,63079.14,60308.363
49760.99,49342.89,63448.21,60420.668
49745.02,49310.605,63547.94,60202.957
49404.96,49269.734,63776.43,60182.46
48622.55,49200.934,64787.25,60068.33
48073.47,48946.37,64906.25,59862.992
47722.39,48797.93,63917.84,59188.15
48053.77,48665.812,62263.22,58725.58
47993.58,48572.67,61323.82,58139.18
47887.55,48325.535,60348.18,57491.35
47202.05,48212.89,59075.29,56670.97
46887.42,48089.98,58033.99,55838.03
46115.69,47970.04,56771.32,54981.285
45658.58,47604.86,55662.07,54111.594
45005.48,47405.195,54615.45,53008.156
44271.54,47184.688,53640.19,52010.707
43405.1,46929.32,52303.53,51108.746
42129.92,45871.668,51304.76,50302.875
41598.01,45255.285,50236.42,48984.86
41193.39,44603.273,49443.67,48182.832
40389.24,44027.004,48355.71,47426.406
39448.8,43229.836,47992.66,46730.79
38953.6,42801.152,46932.73,46053.66
38456.37,42493.953,46457.83,45491.625
38105.69,42285.15,46497.95,45013.9
37597.26,41957.47,45631.08,44596.19
36983.91,41870.676,45287.7,44188.453
36789.91,41792.375,45020.83,43849.68
36699.31,41744.4,44660.94,43553.88
36377.57,40790.91,44195.28,43288.93
36010.98,40258.98,43769.6,42825.96
35712.48,39898.46,43969.26,42689.1
35732.18,39608.426,44035.33,42605.875
35670.98,39376.234,44063.02,42626.47
35536.83,39246.4,44228.46,42765.08
35625.52,39158.41,44338.81,42885.387
35557.3,39120.96,44375.03,43031.773
35415.21,39086.348,44513.56,43208.35
35480.73,39092.164,44825.34,43493.863
35362.15,39125.64,45326.13,43778.715
35188.04,39167.32,45643.83,44183.82
35497.1,39203.746,46288.41,44753.984
35475.37,39290.484,47673.94,45609.598
35582.44,39367.36,48823.39,46530.176
35366.3,39445.977,50229.21,47727.812
36091.51,39530.33,51596.07,49417.984
35718.31,39657.73,54772.63,51792.836
35945.88,39741.7,57114.68,53875.62
36263.76,39901.664,59102.5,55601.81
37142.24,40437.0,60452.12,56996.2
37855.97,40881.62,61691.37,58260.188
38632.18,41417.84,62113.01,59270.895
39353.24,41998.492,62620.5,60148.01
40214.08,43737.984,63293.17,60874.973
41013.26,44149.293,63896.76,61691.89
41762.91,44583.21,64042.89,62124.46
42235.79,45016.344,64499.7,62446.965
42880.3,45659.14,64758.51,62706.805
43681.14,46054.402,64726.18,62731.973
44295.94,46446.223,65324.76,62907.03
45019.96,46812.137,65708.63,63069.566
45439.07,47405.4,65668.47,63267.85
45923.5,47710.297,65979.73,63329.312
46231.71,47963.75,65853.57,63570.598
46759.06,48172.81,66238.92,63829.016
47302.55,48458.754,66357.42,64093.938
47696.75,48615.234,66444.86,64267.97
48152.6,48731.234,66754.68,64445.453
48445.34,48832.914,67014.1,64592.363
48496.96,48952.19,66968.72,64674.39
48350.88,49015.3,66485.37,64640.04
48172.02,49053.2,66527.08,64536.035
47935.45,49077.027,66505.45,64382.867
47486.07,49090.96,66716.75,64211.973
47193.5,49083.76,66548.58,63941.918
46794.3,49068.113,66572.03,63726.387
46452.13,49045.29,66464.61,63525.938
46226.92,48995.88,65876.23,63359.668
46102.85,48962.55,65661.67,63058.203
45942.88,48926.85,65401.91,62837.996
45543.27,48889.543,65434.55,62650.207
45660.55,48789.855,65352.54,62479.492
45389.71,48749.56,65104.32,62126.613
45227.17,48699.652,64614.52,61881.953
45162.42,48651.844,64225.71,61669.656
45194.5,48540.707,63655.97,61497.14
44834.5,48494.57,63511.23,61143.82
44737.54,48435.266,63244.74,60950.277
44912.99,48383.184,63038.1,60810.082
45732.2,48276.17,62853.02,60714.49
45880.7,48277.098,62959.82,60448.83
46093.37,48279.848,63015.63,60368.72
46444.35,48298.71,63301.9,60384.07
47256.3,48262.156,63328.96,60439.305
47580.5,48328.387,62590.86,60320.05
47390.94,48398.29,62466.76,60471.062
47660.07,48447.895,63108.93,60634.57
47744.98,48343.723,63294.25,60791.297
47617.32,48349.438,63887.63,60597.598
47515.38,48347.395,64326.82,60606.56
47637.34,48333.875,65074.13,60534.766
47543.46,48151.043,65047.3,60362.305
47780.18,48109.777,64230.11,59735.797
48215.0,48103.14,62788.15,59290.293
48387.73,48117.316,62096.06,58704.293
48300.22,47966.1,61002.9,58034.266
47677.04,47943.64,60164.43,57166.656
47279.34,47887.594,59053.23,56307.867
47055.79,47815.066,57772.87,55457.54
46914.89,47556.656,56418.12,54607.52
46512.98,47462.7,55400.63,53515.047
45920.18,47361.402,54457.39,52523.81
45313.15,47235.76,53364.17,51611.633
44479.93,46263.598,52147.27,50780.395
43888.92,45996.523,50719.18,49405.914
43456.53,45754.766,49896.16,48567.574
42968.82,45543.086,49011.85,47784.0
42413.73,45109.06,48166.85,47067.96
41928.03,44894.04,47304.42,46356.41
41282.05,44677.668,46484.05,45781.695
41002.17,44445.79,46015.38,45294.527
40651.76,43999.098,45934.37,44862.777
40397.42,43759.035,45195.45,44423.645
40144.75,43522.41,44810.14,44065.875
40025.39,43301.36,44299.11,43762.004
39721.22,43303.71,44069.08,43481.29
39622.53,42882.53,43924.35,43091.484
39763.7,42696.3,43572.93,43002.156
39569.52,42280.99,43789.35,42943.688
39131.68,41799.637,43779.47,42950.777
39256.7,41282.82,43949.89,43048.406
39238.07,40899.74,44002.33,43138.406
39370.25,40636.22,43967.57,43257.35
39995.47,40572.773,44223.69,43408.89
40321.6,40571.68,44637.82,43664.95
40957.27,40667.87,44966.05,43942.926
41588.68,40870.195,45563.32,44356.336
43382.93,41299.9,46349.21,44929.703
44319.95,41828.875,48175.53,45759.633
45573.43,42494.586,49246.2,46662.867
47398.24,43311.938,50262.3,47878.07
50560.16,44507.543,52308.14,49618.12
52404.78,45689.14,55960.85,51967.953
53784.31,46973.95,58381.14,54002.46
55127.72,48387.273,60196.23,55672.715
56810.22,50246.9,61719.37,57033.78
57903.01,51765.625,63423.12,58305.684
59126.94,53181.36,63881.94,59341.1
60388.46,54405.7,64420.2,60285.938
61283.49,57498.246,64920.27,61112.516
62129.02,58268.59,65184.89,62204.05
62685.46,58922.305,65035.07,62700.465
63091.33,59432.72,65139.85,63051.875
63182.96,60291.137,65138.57,63316.984
63561.13,60548.93,65177.56,63408.117
64257.21,60717.53,65093.99,63575.816
64455.75,60801.434,65527.74,63741.785
64892.94,61445.473,65866.12,63938.887
65368.52,61418.04,66462.61,64052.39
65882.6,61363.414,66717.2,64318.566
66376.84,61287.695,66887.64,64605.57
66612.66,61641.367,66934.79,64900.168
67220.21,61569.13,67679.01,65047.344
67592.11,61497.08,67851.05,65251.055
67621.43,61432.977,68249.68,65394.57
67051.8,61655.46,68005.46,65498.02
66837.77,61619.25,67733.48,65410.695
66837.28,61608.56,67274.67,65332.137
67132.89,61608.402,67434.68,65187.535
67068.14,61757.332,67404.0,65004.5
67044.29,61796.01,66863.83,64671.938
67093.95,61825.24,66490.65,64429.67
66321.09,61856.598,66090.43,64211.832
66005.56,61898.12,65315.19,64030.46
66041.76,61949.91,65009.24,63670.86
65620.19,61998.47,64850.84,63428.918
65293.37,62042.355,65039.71,63217.4
65137.47,61887.086,64546.2,63028.344
64986.64,61937.223,64475.18,62634.164
64740.82,61977.484,64185.36,62366.516
64193.39,62011.72,64451.49,62134.445
63959.68,61662.96,63688.44,61946.97
63765.05,61689.86,63174.73,61559.906
63238.58,61692.305,62621.56,61344.258
63121.45,61692.477,62165.13,61184.047
63155.27,61097.02,61658.72,61065.934
63233.66,61063.555,61473.15,60762.336
63351.4,60990.168,61595.03,60693.414
63329.56,60917.516,62103.55,60681.37
62603.34,60046.25,62096.47,60719.645
62066.16,59877.277,62252.64,60581.33
62217.11,59647.332,62113.8,60671.883
61857.0,59328.867,62456.74,60791.08
61361.84,57887.21,62754.27,60924.867
60655.51,57420.395,63447.72,60753.91
60505.33,56918.73,63880.8,60774.047
60099.1,56448.348,64638.65,60709.35
60071.19,55208.234,64437.18,60569.363
59759.79,54855.668,63207.78,60132.066
60087.95,54513.15,61940.0,59709.94
60178.2,54184.434,60814.29,59109.574
59433.42,53129.996,59656.41,58421.117
58484.81,52791.516,59156.09,57567.75
56957.76,52484.37,58077.86,56678.707
56084.0,52203.566,56886.42,55802.176
55097.33,51309.598,56018.52,54927.83
54141.13,51020.613,55417.73,53793.17
52957.42,50741.527,54317.71,52791.69
52087.34,50485.47,53128.36,51896.945
51045.31,48191.312,52082.67,51094.727
50386.62,47487.156,50713.0,49802.383
49525.66,46887.434,49649.74,48970.098
48809.19,46391.367,48890.19,48206.684
47932.87,45813.707,48296.34,47499.25
47521.41,45464.906,47382.46,46783.996
47045.44,45193.652,46980.08,46209.703
46322.68,44985.51,46540.93,45723.2
45253.93,44651.01,46255.98,45292.094
45298.26,44507.86,45639.38,44846.766
44771.82,44396.758,45414.53,44480.867
44681.06,44301.75,45093.59,44157.7
44206.84,44242.773,44680.84,43868.58
44203.92,44445.09,43659.36,43591.406
44252.7,44510.72,43635.73,43495.094
44380.19,44477.098,43710.91,43430.383
44454.16,44587.96,44055.32,43439.97
44410.85,44701.387,44262.6,43546.67
44224.16,44912.207,44226.25,43634.652
44201.03,45207.52,44099.01,43758.004
44733.42,45756.46,44433.1,43914.95
44773.81,46330.246,44807.74,44184.152
45078.31,47062.125,45176.74,44465.53
45780.04,47937.5,45646.37,44889.516
47484.48,49146.45,46035.17,45480.023
48375.89,50237.46,47503.34,46348.84
49714.75,51337.625,48633.18,47292.383
51010.16,52347.574,49875.47,48509.547
54096.32,53492.89,51761.92,50174.92
55376.85,54193.48,55209.21,52475.473
56424.69,54742.457,57788.46,54541.445
57509.9,55216.016,59860.42,56285.895
58945.14,56032.645,60910.64,57713.688
60261.14,56410.75,61613.74,58982.797
61418.64,56736.97,61937.5,60038.7
62171.4,57022.594,62657.45,60961.824
63199.71,59368.453,63399.09,61738.82
63737.43,59531.58,63883.61,62687.484
64259.34,59726.797,64438.16,63170.223
64715.74,59952.414,64870.78,63515.562
64260.58,60683.562,65074.37,63787.57
64753.21,60921.754,65318.41,63822.96
65684.33,61140.312,65729.0,64008.645
66220.52,61334.062,66079.56,64188.39
66470.88,62153.36,66243.18,64402.72
66756.75,62231.91,66054.38,64490.41
67139.27,62242.305,66373.75,64781.645
67537.8,62243.17,66713.96,65116.445
67847.57,62630.734,67184.55,65442.4
68504.44,62595.67,67510.4,65631.64
68900.99,62569.625,68172.56,65883.65
69080.64,62515.21,68570.45,66088.93
68020.58,62705.883,68715.07,66230.92
67885.82,62660.74,68219.15,66208.16
68077.01,62651.668,67835.93,66165.42
68153.76,62657.74,67465.86,66055.06
67957.48,62746.305,67159.29,65891.67
67718.61,62746.043,67259.9,65636.195
67417.3,62756.87,67024.1,65444.3
66948.12,62785.906,66517.77,65297.543
66633.17,62768.906,66172.28,65183.375
66575.6,62808.49,65919.99,64895.06
66226.68,62848.64,66026.34,64703.066
65980.95,62877.812,65731.28,64534.37
66433.6,62648.336,65483.92,64389.645
65811.61,62679.508,66111.63,64018.844
65875.01,62702.03,65522.23,63801.617
65834.74,62721.605,65415.4,63612.5
65493.72,62258.633,65019.85,63441.95
64726.16,62243.766,64739.1,63084.49
64892.92,62216.105,64566.08,62901.55
64568.75,62128.4,64374.45,62787.316
64573.02,61413.207,63894.02,62718.383
64419.22,61281.508,63305.9,62456.402
64624.18,61103.324,63376.67,62430.59
64568.2,60871.41,63451.72,62476.043
63987.9,59773.9,63599.45,62563.406
63722.4,59389.562,63294.06,62411.11
63522.67,58894.133,63306.29,62541.953
63582.47,58310.08,63579.13,62721.58
63315.24,56811.25,63887.44,62893.375
62512.52,56162.97,64489.2,62557.62
62257.0,55576.14,64914.7,62509.05
62225.06,55098.402,65170.37,62390.586
62070.69,53991.94,64774.09,62164.383
61363.2,53674.89,64167.68,61555.625
61394.2,53429.918,62862.07,60917.062
61532.59,53255.39,61717.2,60130.254
60812.3,52306.69,60923.52,59323.9
59823.28,52141.133,60439.44,58406.75
58631.53,52021.44,59045.69,57569.832
57378.09,51944.703,58068.72,56806.48
56395.83,51197.14,57195.44,56091.17
55436.86,51113.25,55977.01,55127.88
53932.82,51047.34,54909.31,54278.336
52991.55,51000.125,53894.09,53488.742
51680.74,48779.094,52651.98,52745.414
50856.97,48310.402,51022.34,51372.27
50015.88,47918.91,50073.92,50479.69
49321.27,47599.13,49106.59,49624.586
48338.32,47086.977,48368.29,48833.395
47942.26,46833.594,47482.63,48035.242
47293.72,46657.625,46891.42,47411.9
46743.82,46537.312,46465.68,46887.332
46333.45,46216.42,46101.22,46416.86
46000.34,46122.2,45188.27,45910.914
45618.69,46023.746,44862.24,45504.69
45292.09,45923.312,44524.98,45129.09
44611.98,45371.906,44174.99,44788.312
44473.08,45548.25,44024.77,44419.914
44366.88,45570.887,43908.63,44394.418
44358.64,45377.043,43931.58,44346.734
44217.64,45354.9,43975.44,44315.336
44348.89,45367.41,44075.9,44376.82
44415.68,45538.6,44237.14,44417.4
44456.4,45827.258,44273.9,44469.535
45317.04,46357.76,44278.54,44539.465
45611.86,46937.508,44641.47,44770.523
45858.61,47641.293,45027.85,45027.754
46289.44,48462.312,45304.09,45428.98
48015.33,49618.586,46016.32,45975.47
49082.42,50694.945,47200.45,46773.406
50221.07,51797.832,47747.13,47703.547
51742.02,52858.164,48597.76,49074.094
54548.74,54115.78,50629.9,51015.664
55955.56,54948.047,54602.03,53465.3
57200.76,55637.406,57037.44,55496.27
58434.98,56215.95,58888.37,57251.71
60053.89,57138.42,60582.3,58746.195
61007.69,57588.1,62296.93,60134.81
62030.7,57945.01,62769.56,61259.207
62895.91,58216.754,63399.91,62221.477
63766.05,60525.64,64036.04,62979.086
64195.01,60596.504,65064.76,64209.5
64434.48,60675.91,65608.39,64711.008
64769.77,60744.44,65877.75,65068.387
64254.97,61182.44,66149.93,65371.598
65122.16,61242.367,66492.9,65486.65
65635.95,61308.25,66759.03,65675.984
66172.02,61382.902,67238.94,65867.98
66380.63,62008.074,67392.44,66131.086
66741.83,62145.008,67520.49,66358.83
67199.92,62309.586,67724.76,66704.03
67757.72,62477.29,68020.48,67053.484
68058.08,63125.8,68106.48,67346.31
68237.29,63237.51,68360.07,67482.91
68602.71,63336.29,68671.54,67613.92
68570.45,63403.523,69139.76,67673.53
68367.87,63781.617,68854.05,67658.55
68425.4,63788.867,68706.76,67457.77
68302.49,63784.344,68604.22,67248.0
68597.88,63770.37,68605.09,66990.484
68085.35,63876.523,68559.06,66697.98
67825.58,63851.746,67952.51,66269.8
67786.64,63837.848,67247.63,65907.195
67510.79,63814.816,66495.85,65581.11
67778.99,63715.938,65697.35,65260.965
67731.26,63676.49,65284.95,64751.938
67195.66,63656.195,64922.16,64319.793
67279.55,63618.547,64262.12,63950.17
67073.14,63306.6,63927.03,63634.05
66629.93,63256.46,66067.44,63197.33
65534.67,63181.945,63366.25,62887.93
65178.59,63090.918,62898.69,62652.62
65301.99,62474.316,62550.99,62466.086
64601.14,62352.05,62718.56,62077.426
63845.56,62205.266,62304.51,61869.258
63568.06,62058.246,62148.49,61729.527
63764.23,61252.383,61968.79,61641.18
63609.81,61079.793,61644.71,61361.727
63282.21,60888.48,61620.4,61338.152
63164.02,60684.824,61459.56,61348.39
63184.8,59668.74,61588.73,61401.46
62858.04,59375.832,61370.24,61178.3
62548.69,58997.438,61129.97,61238.965
62381.94,58614.332,61395.32,61316.594
62323.98,57320.176,61272.35,61412.895
61868.48,56900.145,62156.44,61126.53
61590.48,56503.895,62274.67,61082.266
61331.46,56215.535,62703.41,60938.137
61176.77,55182.246,62498.96,60738.63
60871.31,54968.23,61321.4,60033.258
60679.87,54785.945,60207.34,59610.152
60350.47,54644.22,59260.36,59010.82
59743.95,53756.695,58073.57,58393.125
59028.78,53566.59,56938.57,57549.5
58061.06,53394.516,55997.48,56682.617
57073.66,53261.21,54917.27,55848.297
55843.3,52536.934,53686.78,55046.824
54882.14,52374.93,53142.61,54023.297
53461.03,52231.7,52405.75,53170.605
52411.15,52116.203,51637.39,52410.18
51354.7,50130.08,50264.97,51703.71
50067.0,49682.59,48762.73,50366.758
49278.24,49306.215,47955.03,49523.79
48885.79,49015.953,47114.38,48697.176
48253.5,48558.793,46291.35,47918.336
48183.72,48302.49,45197.07,47134.06
47716.41,48094.977,44622.87,46481.91
47194.38,47916.113,43924.17,45933.715
47030.14,47522.844,43738.9,45457.9
46720.46,47351.746,43574.22,44989.16
46523.33,47178.37,43070.03,44580.902
45954.0,47018.63,42469.35,44221.79
45297.92,46159.316,42143.7,43907.85
45164.54,46261.965,41162.02,42778.297
44893.44,46292.176,40791.23,42743.52
44636.19,46079.086,40771.4,42630.527
44797.74,45945.36,40850.34,42502.1
45054.08,45826.82,41687.02,42437.3
44982.83,45865.184,41577.25,42342.688
45101.68,45989.383,41562.8,42285.754
45496.17,46361.168,41604.26,42275.926
45989.87,46710.316,41782.0,42314.92
46158.86,47163.875,41655.17,42338.77
46265.83,47734.61,41736.84,42391.16
47891.99,48618.51,41955.79,42473.273
48848.72,49460.64,41789.7,42624.645
49658.87,50398.676,41855.53,42786.703
51281.53,51332.746,42246.06,43020.406
54321.09,52541.35,42598.59,43364.316
55946.61,53413.848,43241.1,43920.45
57103.53,54232.523,44191.12,44477.35
57952.81,54934.797,44577.01,45123.055
59536.38,55922.23,44943.04,45852.582
60445.85,56474.58,45908.96,46773.43
61551.88,56921.332,46276.2,47612.566
62373.66,57311.477,47273.25,48431.883
63295.62,59953.836,48266.24,49220.43
63794.5,60302.758,50030.54,50567.18
63893.69,60588.344,50868.74,51371.88
63877.97,60801.363,51855.36,52236.953
63820.65,61237.54,52020.36,53104.87
64385.26,61391.45,51468.83,53907.332
64904.25,61519.45,51654.63,54632.773
65167.07,61633.65,52261.31,55257.555
65626.39,62035.098,53025.92,55725.7
66430.59,62198.17,54214.85,56050.39
66863.48,62363.668,54775.5,56355.2
67372.89,62485.98,55419.63,56652.164
67422.18,62836.727,55727.53,56930.402
67481.07,62942.117,55893.03,57149.695
67585.66,63020.42,55921.33,57365.117
67707.79,63083.867,56416.53,57494.176
66973.91,63310.76,56311.5,57496.77
66809.99,63359.113,55920.53,57346.3
67088.14,63398.07,55811.27,56969.254
67487.75,63443.367,56079.2,56581.082
67506.23,63559.73,55298.17,56064.83
66767.96,63596.844,54458.26,55582.22
65982.22,63611.906,54053.85,54984.566
65182.57,63614.32,53669.26,54455.277
64849.64,63591.887,52700.59,53991.652
65127.34,63604.008,52550.29,53655.047
64996.1,63582.86,52026.32,53238.62
64700.26,63551.54,51121.71,53004.176
64411.78,63323.72,51654.76,52768.133
64070.96,63315.523,51834.49,52624.582
64029.81,63301.355,51849.07,52470.37
63675.64,63271.176,51464.23,52367.37
63536.61,62879.53,50793.83,52277.05
63150.41,62863.1,50973.17,52281.316
63045.98,62825.84,50576.8,52277.883
62712.69,62774.918,50318.04,52343.94
62779.74,62236.547,50479.72,52420.855
62703.67,62166.945,51147.55,52483.297
62872.97,62086.074,51090.09,52550.082
62672.69,61977.92,51230.05,52636.79
62206.43,61231.234,52034.15,52739.324
61604.18,61044.082,52338.17,52829.316
61539.5,60797.97,52314.66,52853.76
61556.24,60499.52,52326.48,52952.848
61220.46,59323.664,52414.2,53106.562
60777.84,58884.33,53267.27,53239.758
60458.78,58425.22,53557.93,53241.184
60280.26,58005.69,53892.6,53198.812
60293.85,56769.01,53116.24,53039.96
60143.57,56341.74,52504.62,52844.688
60434.65,55915.4,51691.76,52271.49
60222.19,55504.613,50943.73,51698.152
59116.27,54403.125,49689.57,51103.23
58345.54,53964.273,48497.4,50512.18
57352.07,53588.82,47686.61,49855.562
56052.53,53275.773,46835.84,49298.707
55034.81,52429.32,46379.2,48780.434
53898.93,52113.367,46378.87,48226.5
52817.25,51847.47,45622.19,47675.664
51993.24,51624.383,44593.26,47186.766
50551.07,49996.844,43665.7,46708.336
49538.77,49558.17,42461.05,45930.61
48750.37,49202.72,42115.59,45104.21
48383.14,48915.47,41169.59,44292.53
47281.75,48406.188,40856.87,43465.508
46836.39,48147.04,40729.24,42708.09
46507.0,47893.11,39977.02,41973.676
46074.22,47660.98,39513.3,41304.55
45629.14,47175.047,39150.16,40696.332
45148.68,46951.363,38614.53,40211.85
44997.01,46721.895,38238.85,39704.27
44668.56,46525.6,38053.94,39265.47
44219.77,45795.92,37501.78,38904.184
43821.6,45620.793,36857.8,38796.492
44037.4,45585.484,36499.07,38615.61
44022.84,45360.04,36582.54,38414.094
43722.6,45246.742,36419.4,38221.805
43702.49,45083.016,36521.56,38112.64
43638.25,45060.516,36432.29,38031.35
43742.0,45134.504,36374.38,37977.145
43813.34,45456.164,36282.02,37938.195
44174.0,45669.426,36399.15,37998.473
44388.83,45973.887,36554.77,38008.965
45131.52,46351.79,36349.63,38034.53
46786.43,47088.504,36199.88,38080.785
47605.97,47788.81,36309.9,38159.023
48675.51,48560.883,36034.36,38207.41
49944.51,49383.793,36007.97,38256.625
52797.19,50556.72,36451.76,38351.117
54690.67,51453.5,37445.28,38580.535
56198.67,52308.645,37340.9,38823.59
57386.59,53107.574,37430.2,39165.57
58551.89,54155.402,37626.51,39582.727
59661.82,54944.676,38643.86,40126.348
60583.81,55681.65,38767.12,40636.664
61410.26,56337.15,39397.55,41177.48
62436.38,59217.9,40078.12,41792.18
63040.55,59722.535,41234.89,43035.11
63491.95,60093.062,42198.18,43785.293
63820.16,60371.54,42998.23,44587.89
63429.3,60896.527,44206.47,45380.312
63748.1,61059.887,45371.22,46191.734
64317.77,61185.484,46061.54,46875.676
64809.28,61276.445,46497.37,47529.984
65053.64,61658.78,47887.61,48109.98
65060.71,61718.18,48545.78,48726.977
65585.88,61756.496,49091.52,49200.785
65907.54,61779.227,49768.16,49716.562
66094.61,62055.625,49969.33,50222.594
66322.83,62068.242,50271.58,50811.9
66514.69,62073.79,51336.83,51358.984
66633.45,62076.016,51914.35,51837.43
65772.31,62288.39,52199.57,52148.6
65272.38,62282.89,51286.5,52388.637
65276.07,62264.863,51132.01,52302.375
65359.09,62246.082,51187.59,52027.9
64975.52,62375.72,51174.46,51661.332
64288.4,62374.168,50771.42,51178.25
64168.57,62356.062,50644.6,50672.137
63404.61,62342.89,50337.99,50163.37
63506.63,62367.38,50319.7,49735.016
63589.37,62373.09,49248.03,49484.98
63441.97,62383.273,49240.3,49229.566
63261.73,62388.555,48948.16,49105.668
63229.99,62251.344,48778.14,48994.96
62834.2,62261.375,49163.25,48987.32
62326.07,62264.113,48386.86,48976.168
61872.55,62262.9,47576.49,49021.96
62166.7,61902.715,47463.37,49238.723
61909.27,61892.074,47723.82,49268.33
61515.09,61879.633,47370.19,49532.594
61225.33,61858.066,47646.63,49894.305
61517.36,61292.984,48287.04,50271.793
61363.4,61240.117,49448.5,50502.83
61037.48,61169.15,49494.02,50851.934
60915.33,61074.6,49558.5,51200.3
60541.46,60243.312,49575.29,51556.855
60173.51,60027.914,50504.09,51795.445
59908.94,59726.91,51143.55,52103.438
59763.87,59340.38,51313.23,52401.84
59483.91,57946.57,51270.67,52636.305
58954.09,57410.22,51739.95,52720.152
58602.96,56876.76,52233.08,52702.953
58440.1,56393.043,52042.11,52588.93
57816.51,55043.7,51810.32,52366.97
57864.22,54570.9,51675.87,52057.47
57719.77,54128.535,50662.33,51533.33
57547.01,53738.777,49499.54,51077.875
56583.15,52494.145,49320.84,50658.027
55701.53,52115.402,49060.67,50276.2
54465.92,51794.6,48454.77,49848.562
53355.16,51538.125,48196.08,49546.31
52143.91,50668.902,48209.71,49284.37
51304.17,50473.918,48566.71,49018.637
50358.53,50329.98,48114.59,48712.863
49472.64,50219.58,47060.24,48489.64
48399.66,48775.62,46091.65,48275.26
47833.43,48445.53,45386.93,47818.41
46966.45,48164.453,44573.15,47246.11
46315.28,47924.336,43907.56,46649.2
44687.71,47442.273,43471.28,45944.523
44333.01,47187.824,44129.84,45239.133
44246.38,46920.145,43525.82,44481.98
43759.71,46698.484,43488.95,43815.684
42542.21,46315.27,42865.89,43203.207
42127.49,46162.6,42526.61,42640.49
41500.78,46009.445,42237.41,42060.9
41172.8,45887.457,42230.61,41500.67
40632.22,45151.016,41778.94,40944.656
40047.46,44566.64,41552.14,42176.824
39891.11,44173.273,41506.57,41936.055
39801.06,43782.36,41702.99,41793.66
39893.23,43436.86,41705.4,41720.586
39658.74,43163.445,42102.93,41795.58
39420.98,42873.62,41992.44,41924.17
39260.43,42579.66,42467.96,42095.71
39356.09,42369.0,42828.05,42378.34
39452.05,42277.188,43465.51,42774.773
39325.47,42269.723,43878.71,43181.98
39526.86,42284.438,44722.34,43811.676
40026.12,42386.957,45578.3,44575.367
40022.56,42565.305,46069.71,45580.047
40044.31,42737.83,47242.12,46722.508
40709.83,42896.863,48565.99,48166.93
41597.09,43194.594,50828.06,50148.215
41876.18,43558.945,55499.65,52976.54
41916.26,43904.504,57432.97,55514.22
42307.99,44233.188,59097.88,57866.438
43601.01,44866.05,60504.02,59855.06
44287.96,45566.39,62204.53,61673.605
45229.46,46321.875,63017.05,63094.727
46370.06,47102.055,63946.36,64378.78
47434.81,48746.594,64540.9,65446.54
48535.67,49449.734,64882.27,66411.31
49162.38,50074.91,65785.87,66987.41
49984.6,50565.195,65900.6,67454.92
50740.71,50992.438,66118.77,67840.44
51474.03,51273.82,65363.76,68085.79
52407.2,51458.367,65474.7,68401.37
52885.03,51575.93,65632.77,68697.53
52940.13,51802.61,66310.19,69087.36
53167.42,51844.85,66252.98,69353.09
53697.0,51839.04,66237.36,69807.24
53644.25,51825.51,66407.55,70293.81
53709.84,51893.73,67307.02,70772.84
54231.08,51894.215,67805.23,70982.016
54497.65,51883.05,68008.05,71226.336
54491.19,51876.25,68003.53,71380.95
54378.06,51908.184,68175.56,71497.56
54330.55,51913.0,67603.37,71373.91
54096.6,51900.113,67755.75,71322.94
53564.15,51884.06,67629.29,71199.21
53380.6,51875.188,67715.53,71013.805
53077.99,51855.086,67770.07,70603.83
53279.39,51825.113,68027.39,70300.18
52796.74,51810.668,66989.39,69971.81
53007.32,51796.008,66249.47,69661.45
52940.83,51804.293,65916.08,69190.586
52372.76,51825.37,65727.44,68860.04
52384.56,51852.83,64953.32,68552.67
52130.21,51884.23,64651.42,68260.8
51969.55,51915.176,64946.33,67770.305
51821.11,51943.094,64263.1,67376.83
51209.02,51968.258,63321.22,67052.93
51375.27,51955.27,62856.41,66747.734
51309.6,51965.586,63666.54,66287.16
50477.24,51974.65,62741.13,65982.19
50525.13,51961.184,62375.1,65738.336
50633.35,51932.76,61719.96,65560.086
51152.81,51934.707,62506.26,65225.43
50951.13,51959.758,62429.66,65129.4
50969.09,51980.363,62195.25,65081.59
51758.96,51962.76,62259.34,65081.234
51464.99,52005.332,63041.78,64937.79
51228.81,52037.95,62649.55,64951.562
51055.99,52045.39,62564.7,65023.84
51037.91,51899.156,63068.89,65133.73
50515.14,51796.145,63594.03,64910.29
50178.2,51692.445,64469.63,64865.707
49812.98,51569.62,64847.26,64721.863
49585.08,51229.637,64505.52,64471.223
49650.14,51041.29,63292.13,63713.3
49158.89,50914.83,62134.53,63208.7
49007.33,50778.33,60950.94,62556.227
48311.53,50421.008,59775.05,61815.94
47425.07,50227.746,58698.13,60878.043
46985.79,50004.1,57616.54,59974.383
46562.66,49793.414,56656.11,59111.82
46389.87,49341.676,55382.56,58279.9
45917.68,49159.21,54555.38,57216.94
45387.63,49000.312,53594.37,56264.785
45045.18,48847.367,52193.1,55358.223
44268.5,48081.035,51175.08,54519.555
43695.9,47769.266,49720.69,53083.06
43478.97,47395.223,48839.06,52086.086
43012.59,47050.348,48047.77,51104.625
41888.72,46390.637,47204.23,50223.16
41377.27,45970.805,46882.05,49387.08
40864.08,45551.625,46368.53,48714.023
40653.68,45172.605,45805.43,48151.973
39792.17,44598.22,45806.84,47659.863
39373.07,44350.56,45801.98,47163.242
39062.23,44129.008,45504.95,46750.586
38570.55,43943.22,44967.36,46386.53
37877.26,42423.46,44878.41,46056.21
37442.3,41987.086,44607.12,45958.16
37124.58,41682.375,44045.08,45770.51
37301.01,41430.71,44221.21,45632.867
36858.93,41184.14,44195.84,45584.086
36835.13,41044.023,44362.99,45653.9
36547.38,40945.49,44391.35,45719.86
36389.5,40867.66,44533.68,45852.062
36727.61,40728.395,44919.49,46034.137
36831.06,40736.77,45881.64,46334.598
37039.61,40784.633,46236.12,46656.473
36875.38,40836.406,46617.41,47161.566
36932.09,40838.688,47631.63,47889.496
36917.9,40872.836,49441.12,48964.09
37176.18,40923.016,50526.05,50186.992
37230.55,41021.43,51532.14,51744.9
37772.43,41097.68,53201.96,53794.305
37638.7,41191.07,55566.88,56560.754
37737.84,41261.17,57908.07,59016.277
37424.53,41361.4,59910.36,61029.496
37832.29,41668.84,61429.76,62623.477
38341.89,41923.156,63067.47,63941.414
39140.1,42242.188,63710.24,64985.44
39481.94,42650.055,64462.24,65853.336
40578.76,44241.555,65019.88,66533.945
41458.63,44570.445,65700.24,67183.2
42489.59,44994.62,66324.49,67547.81
43024.38,45475.105,66930.6,67824.62
43573.8,46132.6,67193.68,68063.0
43955.67,46570.906,66544.94,68025.21
44828.93,46970.95,67107.06,68271.28
45296.41,47401.8,66920.63,68529.18
45665.14,47932.58,67285.91,68811.336
46307.68,48314.89,67976.22,68883.28
46965.58,48692.605,68289.38,69230.266
47787.1,49076.004,68516.72,69591.164
48096.24,49508.668,69024.71,69959.62
48730.63,49833.145,69238.04,70066.3
49102.51,50130.676,69957.19,70243.62
49424.47,50384.477,70228.63,70357.984
49072.25,50623.25,70157.17,70399.71
48809.49,50779.14,69429.95,70171.32
48655.75,50884.363,69543.88,69998.24
47999.48,50951.977,69373.53,69769.08
47865.92,50958.234,69409.96,69593.41
47839.72,50957.242,69475.25,69225.8
47989.64,50938.754,69236.26,69017.016
47923.38,50916.668,68532.72,68809.836
47604.86,50860.125,68052.54,68678.74
47342.65,50801.137,67828.13,68296.27
47222.31,50727.625,67627.66,68050.69
46473.85,50655.188,67089.79,67812.336
45980.62,50468.04,66588.07,67612.69
45392.26,50310.305,66511.81,67133.555
44772.41,50140.633,65956.74,66868.87
44289.67,49930.17,65319.87,66618.305
45180.89,49616.547,64681.9,66410.49
45150.3,49501.836,64719.05,65912.26
44784.48,49389.938,64438.96,65710.82
44836.03,49245.47,64139.32,65578.84
45077.22,49016.477,64280.18,65516.492
45348.07,48952.34,64649.04,65164.42
45106.29,48937.293,64856.6,65120.945
45966.95,48845.023,64913.36,65154.992
46364.38,48773.87,65204.46,65249.83
46746.38,48797.645,64385.67,65026.03
47155.35,48836.94,64291.91,65112.27
46810.78,48879.145,64770.22,65254.184
46776.05,48792.504,64756.96,65419.71
46281.81,48741.26,65577.42,65548.06
46166.31,48655.797,65577.44,65764.11
46261.29,48594.453,65605.28,65783.08
47330.6,48351.254,65187.84,65554.72
47843.86,48346.31,64130.95,64726.793
48108.01,48375.867,63100.1,63839.61
47893.96,48397.598,61884.31,62868.184
47025.72,48156.996,60986.08,61932.332
46260.61,48028.133,60325.41,60655.74
45795.94,47855.82,59647.53,59659.863
45306.0,47689.13,58343.85,58729.926
45517.63,47332.016,57033.77,57825.727
44956.51,47188.24,56097.11,56639.22
44289.56,47013.277,54520.58,55609.543
43627.69,46825.504,53587.41,54673.805
42966.31,45676.05,52508.73,53810.586
42499.84,45262.453,51139.05,52400.914
41774.87,44940.742,49907.0,51461.63
41050.5,44661.906,49104.83,50606.66
40109.85,44327.406,48084.67,49805.883
39565.1,44124.863,47051.81,48996.855
39429.97,43971.367,46667.72,48384.86
39072.27,43860.035,46289.24,47864.63
38714.81,43731.426,46106.72,47419.977
38259.79,43659.555,46362.71,46924.027
37863.79,43587.438,46058.77,46558.703
37766.91,43516.97,45810.35,46211.445
37680.21,43621.117,45455.69,45877.418
37520.1,42533.07,45593.18,45667.086
37546.86,41939.75,45725.21,45577.797
37624.04,41512.734,45883.32,45519.9
37749.21,41322.348,45778.76,45485.223
37735.53,41108.26,45735.14,45588.984
37697.99,40997.645,45900.7,45677.668
38014.64,41004.39,45895.52,45810.715
38897.61,41294.28,46149.05,45975.113
39402.41,41562.633,46079.1,46336.7
40028.17,41877.61,46547.89,46685.355
40563.64,42279.617,47126.35,47205.5
41580.34,42981.625,47534.49,47925.918
42579.4,43622.426,48906.57,49112.78
43987.59,44423.58,49901.83,50332.3
45831.8,45443.49,50877.0,51857.42
49431.04,47068.664,52719.14,53898.86
51349.97,48734.652,55561.51,56736.39
52316.32,50640.312,57825.89,59088.004
53589.64,52753.69,59525.32,61044.95
55742.55,55085.79,61151.47,62599.832
56668.64,56978.156,62270.65,64053.574
57697.91,58415.996,62629.51,65002.324
58635.05,59439.293,63415.49,65829.24
59317.39,61779.9,63605.41,66469.69
59868.35,62493.207,64537.86,67381.35
60301.84,62983.184,65022.21,67755.56
60272.18,63250.688,65295.93,68004.805
59796.95,63409.66,64741.91,68121.8
60159.33,63638.24,64456.64,68095.87
60734.52,63765.023,64631.12,68216.11
61143.55,63868.4,65126.68,68384.16
61382.61,64022.734,65712.64,68557.77
61727.86,64119.65,65722.54,68587.44
62248.79,64230.0,66034.08,68860.53
62949.99,64344.58,65644.84,69180.42
63545.47,64517.57,66067.42,69568.336
64046.18,64572.168,66180.25,69698.836
64252.67,64603.86,66741.51,69981.44
65444.36,64625.758,66933.45,70183.86
64560.77,64679.742,67713.36,70331.01
64199.7,64680.703,67818.37,70211.95
64809.64,64693.52,67292.75,70139.77
64292.21,64685.16,67173.5,70035.016
64088.83,64658.34,67110.77,69895.734
63691.2,64633.28,67426.48,69461.05
63462.0,64590.51,66867.76,69206.16
63230.82,64587.57,66125.08,68963.39
62881.14,64516.477,65950.67,68798.14
62709.87,64520.35,65398.47,68306.32
62383.65,64507.61,65151.53,68038.25
62033.0,64514.906,65050.53,67824.875
61908.52,64324.7,64893.28,67609.75
61455.01,64356.555,64190.07,67103.67
61134.98,64361.31,63260.66,66785.08
60678.76,64335.676,62757.28,66568.56
60601.79,63991.066,62135.25,66361.93
60443.1,63965.492,61626.29,65872.99
60232.56,63937.5,61787.01,65637.16
59189.65,63893.73,61323.28,65450.082
59278.1,63466.996,61028.53,65363.477
59410.77,63441.734,61039.13,65071.062
59633.18,63435.85,61696.81,65058.438
59529.01,63415.848,61580.91,65048.07
59184.22,62926.402,61566.56,65087.46
59162.05,62899.027,61847.17,65061.234
59384.53,62875.13,61150.83,65227.496
59205.1,62795.074,61433.59,65508.83
59157.84,62104.402,61757.15,65835.71
59176.14,61879.81,62675.71,66426.13
59218.82,61645.44,63143.71,66973.55
58998.48,61436.004,63492.5,67231.3
58858.9,60626.746,62835.95,67169.766
58756.14,60342.9,62080.43,66371.125
58901.22,60072.855,60834.57,65543.375
58132.41,59818.973,59829.11,64530.047
57167.52,58784.77,58970.68,63423.11
56140.71,58286.266,57542.05,61953.234
55182.05,57746.348,56578.45,60831.215
53937.47,57167.914,55735.53,59878.39
52663.97,55843.094,55280.59,59060.96
51685.4,54895.21,54615.04,57994.156
50680.67,54000.035,53414.75,57164.613
49919.62,53240.816,52005.87,56417.023
48143.02,51277.4,50938.34,55702.668
46989.42,50441.656,49376.84,54462.766
46534.14,49847.477,48622.11,53438.35
45738.65,49418.18,47871.39,52430.14
44282.06,48953.21,47493.45,51502.805
43642.42,48636.92,46850.06,50511.188
43224.83,48374.14,46259.4,49783.234
42996.92,48170.58,45303.97,49192.594
42561.55,47882.453,45123.5,48704.176
42487.77,47735.395,44407.51,48135.57
42163.27,47606.324,44074.7,47769.14
42154.86,47503.668,43548.99,47457.223
42045.39,46788.76,43495.21,47184.414
41897.19,46236.18,43671.18,44598.86
41967.48,46048.47,43298.59,44686.785
42181.13,45784.844,42836.0,44838.64
41784.13,45768.438,42850.78,45022.79
42034.42,45630.613,43138.17,45283.38
42119.68,45650.727,42897.28,45420.92
42187.11,45812.83,42876.74,45458.508
42529.53,46340.81,42545.95,45376.9
42671.78,46799.21,42355.7,45279.57
43304.66,47376.14,42018.27,45061.527
43835.75,48170.31,41800.42,44825.21
45164.56,49482.28,41816.04,44594.633
45961.29,50801.207,41419.69,44457.61
46883.48,52361.668,40695.94,44274.914
48426.51,54047.914,40266.1,44123.152
52016.61,56152.445,40057.49,44005.4
54186.81,57625.64,40171.51,44015.37
55302.88,58791.96,40044.88,43986.727
56610.84,59709.285,40083.45,44007.47
58396.55,60383.83,40314.98,44072.29
59581.27,61089.492,41222.02,44271.54
60441.22,61619.69,41352.85,44419.117
60915.54,61993.562,42121.98,44604.0
61213.49,63497.844,42575.09,44819.438
61878.58,64255.797,43614.08,46496.03
62499.28,64742.516,44405.13,46880.594
62707.17,65051.67,45170.34,47291.64
61810.71,65028.71,45804.35,47706.94
61946.19,65194.797,46541.89,48097.66
62417.82,65295.176,46817.48,48468.395
62854.59,65365.29,47506.25,48790.95
62687.8,65404.305,48181.32,49069.527
63042.91,65417.23,48844.7,49234.918
63693.78,65403.816,49543.62,49446.33
64281.77,65362.355,50224.11,49653.65
64340.38,65366.395,50737.79,49847.484
64903.85,65304.906,51256.54,49948.605
65125.65,65223.73,52052.85,50163.953
65394.2,65162.566,52243.75,50409.61
64620.06,65137.383,52461.29,50671.473
64351.16,65054.406,52908.83,50850.297
64850.28,64954.184,52538.71,51096.367
65017.02,64830.266,51588.72,51338.348
65073.6,64692.043,51694.77,51549.215
64651.49,64589.84,50874.41,51621.863
64265.82,64520.67,50194.36,51653.258
63760.59,64450.484,49657.01,51603.2
63869.15,64267.223,49113.68,51449.918
63612.31,64022.41,48766.2,51128.965
63200.26,63891.895,48267.28,50767.56
62932.37,63773.484,48084.55,50388.715
62970.64,63434.85,47714.22,50014.26
62646.46,63259.03,47720.76,49580.035
62034.38,63141.156,47047.14,49232.29
61555.4,62996.168,47354.84,48942.227
61090.91,62544.13,47133.15,48712.902
61008.49,62459.062,47226.98,48469.066
60362.83,62411.02,47021.66,48354.152
60082.76,62348.28,46894.46,48311.16
60488.04,61860.69,46783.54,48356.953
60776.59,61809.043,47159.32,48418.652
60546.77,61735.727,47663.05,48646.113
60559.56,61654.12,48310.78,48984.848
60474.07,61044.062,48817.35,49423.9
60101.01,60916.625,49553.5,49885.535
59714.48,60751.992,49737.99,50439.215
59675.4,60580.375,50305.63,51012.438
59383.16,59727.984,50706.14,51562.668
59417.0,59550.16,51585.3,52030.117
59269.29,59371.87,51930.34,52388.695
59065.73,59245.883,52111.48,52604.945
58932.84,58308.234,51760.36,52687.195
59071.73,58060.582,51387.16,52569.582
58908.48,57801.582,50622.84,52345.168
58224.04,57521.78,49819.27,51960.06
57213.08,56338.137,49434.36,51438.34
56263.23,55745.18,48497.28,50749.67
55117.6,55106.69,47925.04,50037.89
54080.99,54442.027,47517.04,49328.008
52917.44,53095.805,47301.01,48673.1
51874.38,52281.8,47438.33,48019.383
50708.77,51598.58,46754.18,47523.78
49571.2,51070.207,45824.75,47142.12
48108.61,49142.684,45276.74,46855.965
47307.74,48488.17,44289.51,45738.098
46532.93,47929.832,43539.38,45397.254
45908.91,47484.56,42681.46,44951.62
44528.84,46938.492,42028.73,44470.555
44008.28,46622.773,41258.07,43914.992
43439.77,46359.33,40514.84,43447.88
43140.9,46179.61,39831.75,43007.55
42689.96,45933.977,39250.77,42594.816
42479.07,45927.984,38852.17,42140.656
42479.53,45961.88,38333.06,41768.15
42670.95,46055.117,38309.51,41405.516
41928.18,45569.863,38425.94,41051.05
41540.1,45081.395,38086.32,39153.273
41605.68,44994.08,38001.35,39033.68
41876.87,44812.35,37957.89,39038.363
42007.02,44792.004,38014.35,39146.703
41952.32,44747.336,38339.73,39335.527
42003.43,44791.375,38351.04,39528.242
42240.44,44991.457,38545.56,39749.57
42740.6,45582.797,38534.16,40023.758
42880.06,46264.523,39248.18,40397.777
43371.49,47084.81,39708.19,40782.82
44029.16,48142.086,40117.62,41202.89
45666.88,49751.01,40428.62,41673.492
46604.31,51380.582,41770.02,42329.883
47467.96,52925.324,42233.45,42982.094
48889.43,54235.297,43126.58,43742.17
52429.18,55636.54,44354.42,44613.023
54447.94,56460.746,46944.07,45803.203
55368.46,57048.0,48700.83,46922.645
56601.98,57525.945,50361.76,48141.324
57940.06,58041.832,51542.92,49428.684
58753.85,58566.8,53479.71,50905.3
59749.32,59039.727,53852.27,52083.25
60702.41,59452.164,54483.97,53161.7
61381.34,61512.7,55188.51,54113.34
62063.61,62126.188,55808.99,55059.32
62248.68,62601.85,56275.65,55330.04
62488.55,62942.65,56740.31,55632.113
62257.77,63166.234,57237.65,55893.773
62668.33,63446.164,57892.39,56037.188
63374.43,63635.29,58360.95,56135.97
63509.43,63770.4,58739.6,56219.816
63519.83,64003.145,58982.01,56295.156
64098.69,64138.36,58828.41,56427.348
64726.68,64267.414,58929.9,56452.973
64991.93,64365.582,59190.03,56480.04
65135.53,64560.727,59335.76,56504.797
65372.43,64579.613,59494.35,56755.83
65755.29,64541.594,60103.87,56708.473
65902.06,64487.133,60486.06,56629.81
65275.7,64538.273,60827.35,56549.926
64849.37,64498.88,60737.02,56761.4
65206.63,64442.227,60269.89,56610.695
65233.82,64340.586,59999.34,56425.266
64608.06,64364.914,59939.69,56145.406
64231.31,64394.523,59851.59,56090.504
63802.98,64423.97,59450.72,55629.46
63010.93,64414.95,58631.5,55139.523
62683.16,64392.906,57961.4,54694.355
62582.88,64448.1,57992.0,54683.145
62630.85,64524.97,57833.27,54152.816
62484.56,64582.555,57747.02,53627.816
62608.99,64395.023,57522.71,53185.29
62143.8,64444.812,57289.85,53410.336
61848.29,64489.17,56723.8,53055.05
61361.52,64529.312,56537.73,52743.76
61353.96,64225.01,56102.25,52492.184
60922.13,64245.18,55719.8,52797.387
60520.36,64284.28,55173.83,52698.273
60679.31,64288.69,55217.66,52676.297
61043.69,63656.83,55171.4,52760.69
60722.27,63601.047,55559.97,53629.805
60893.08,63554.004,56043.44,54064.46
60906.93,63532.535,56125.06,54572.203
60879.17,62851.766,56233.34,55228.816
60768.25,62883.293,56670.41,56326.97
60967.65,62876.523,56655.67,57272.93
61342.88,62802.664,56837.86,58252.355
61528.39,61686.312,57264.35,59074.996
61319.75,61545.914,58048.7,60159.145
60799.99,61330.715,58244.89,60036.195
60825.49,61255.28,58299.3,59589.426
60585.11,60276.98,57716.86,58990.793
60381.12,60093.5,56985.77,58109.03
59910.72,59873.527,55477.34,57091.742
59098.64,59731.426,54429.06,56180.645
58163.64,58691.973,53607.33,55404.742
57203.82,58389.465,52351.99,54556.86
55876.23,58075.297,51709.67,53746.457
54684.17,57755.355,51214.28,53102.15
52907.53,56699.285,50064.68,52577.254
51826.65,56061.08,49042.72,51966.207
50513.77,55379.06,48174.53,51336.047
49891.33,54711.875,47425.31,50790.79
49266.42,52716.293,46477.73,50260.57
47837.19,51549.434,45922.84,49118.555
46574.77,50728.312,45234.19,48258.832
46079.87,50100.402,44501.18,47410.594
45807.95,49322.32,43559.1,46639.742
45498.01,48934.902,42437.23,45856.516
45604.94,48662.0,41970.54,45215.1
44896.68,48467.82,41788.3,44725.027
44510.6,48024.645,41048.86,44323.883
43668.67,47851.04,40747.69,43904.016
43056.47,47699.965,40612.4,43575.305
42940.19,47553.965,40382.59,43299.09
42585.12,47143.234,40093.2,43068.984
42273.25,46600.293,39782.16,41832.32
42413.19,46406.168,39394.5,41838.742
42534.93,46294.69,39201.85,41830.58
42378.57,46485.004,39187.74,41842.83
42627.25,46585.76,39227.4,41892.812
42825.88,46803.266,39339.53,41938.484
42881.5,47156.176,39697.63,41996.844
43425.28,47835.832,39912.05,42066.945
43794.66,48635.316,40268.12,42179.582
44158.7,49642.34,40343.17,42276.242
44637.61,50844.44,40360.0,42388.035
46016.33,52518.383,40539.96,42513.49
46807.26,53996.71,40856.35,42698.18
47652.61,55246.62,41125.18,42876.953
49516.92,56222.26,41400.41,43120.047
52661.4,57419.19,41665.66,43437.5
54706.47,58035.766,41796.07,43926.633
55699.92,58554.34,42095.14,44425.1
57104.78,59112.63,42992.82,44983.93
58938.63,59667.01,43589.6,45589.28
60109.92,60145.258,44600.01,46336.95
61007.38,60491.97,45227.81,46884.188
61891.53,60797.254,45477.66,47350.33
63092.72,62500.285,46352.34,47745.65
63698.01,63054.355,47628.37,48765.33
63676.51,63488.5,48411.44,48959.523
63951.83,63770.723,49436.1,49143.34
63222.91,63861.492,49981.35,49332.46
63483.01,64084.92,50306.24,49653.504
63970.9,64263.156,50938.75,49816.695
64183.94,64401.2,51579.09,49976.883
63616.84,64508.47,51994.55,50129.3
64025.08,64654.35,52213.08,50377.383
64790.51,64780.06,52794.32,50447.508
65348.04,64878.76,53143.18,50529.477
65772.76,64833.867,53060.79,50622.95
66485.14,64928.79,53534.01,50761.64
67164.14,65003.336,54099.97,50839.496
67414.61,64983.17,54498.49,50915.61
66781.99,65009.49,54476.02,50947.13
66888.76,65141.824,54914.91,50892.484
66888.46,65135.953,54545.17,50733.492
66706.92,65197.754,54108.84,50500.523
66403.34,65155.062,53632.16,50219.508
66062.34,65186.09,52961.67,49821.2
66269.41,65212.35,52240.67,49377.242
65220.61,65232.395,52188.21,48979.65
64821.08,65076.656,51487.14,48649.24
64935.06,65133.316,50872.72,48440.723
64460.35,65167.465,50310.87,48148.4
63946.45,65161.734,49932.69,47934.68
63886.33,64879.336,49571.41,47792.055
63825.35,64883.023,49573.54,47792.594
63336.62,64831.03,49394.49,47661.85
62800.83,64823.25,49254.78,47583.41
63043.82,64388.664,48937.3,47521.64
62100.48,64340.066,49149.56,47646.965
62121.28,64340.586,48901.33,47629.71
62322.38,64338.11,49166.98,47649.074
62248.53,63916.324,48885.46,47696.42
62481.61,63980.46,49159.01,48073.664
61498.02,64006.07,49275.43,48187.742
61906.13,64076.562,49808.18,48354.703
62924.26,63660.258,49987.45,48555.94
62530.72,63561.01,50002.91,49059.8
61992.08,63375.125,50272.44,49189.73
62141.93,63121.133,50362.84,49317.207
62157.18,62224.723,50874.25,49440.938
61688.09,61817.08,52139.42,49694.297
61267.8,61503.094,52610.38,49791.777
61496.13,61269.51,52649.77,49795.31
61452.3,60350.63,51897.13,49688.043
61131.84,59970.08,51562.99,49536.45
60671.37,59644.97,50227.54,49168.824
59654.88,59343.86,49342.74,48740.645
58882.6,58437.152,48699.26,48290.63
57773.17,57848.863,48293.98,47755.316
56629.76,57290.812,47788.31,47252.836
55438.14,56703.707,47048.51,46836.355
53813.62,55468.54,46287.88,46476.758
52575.37,54526.957,46783.33,45981.93
51507.13,53720.535,46348.75,45639.676
50434.68,53073.457,45592.14,45364.285
48734.84,51170.76,44721.78,45123.293
47955.36,50168.332,43996.33,43846.312
47229.28,49489.484,43506.4,43427.51
46507.61,49026.72,42722.09,42907.84
45196.94,48363.113,42249.74,42312.746
44747.57,48065.266,41925.21,41600.066
44541.41,47825.125,41306.69,40954.094
44314.54,47693.64,40776.77,40350.19
44112.55,47355.125,40230.5,39792.96
43890.46,47239.367,38869.22,39303.71
43410.76,47135.98,38280.64,38858.64
42990.77,47056.45,38269.97,38472.96
42485.96,47008.473,38233.12,38133.832
42104.58,46516.293,37968.81,37810.266
42113.88,46577.652,37764.62,37744.88
42469.8,46782.902,37832.55,37696.88
42215.44,47291.85,37734.69,37655.117
42330.06,47645.11,38270.52,37656.453
42195.88,48062.78,38395.69,37633.11
42575.91,48533.496,38489.06,37625.023
43158.09,49447.535,38525.87,37631.11
43296.92,50299.906,38566.06,37685.29
43632.01,51136.742,38396.11,37710.59
44287.66,51930.4,38595.91,37741.055
45632.4,53054.23,38614.21,37772.418
46477.67,53760.133,39202.94,37838.367
47369.9,54342.19,38716.8,37881.598
48979.76,54798.863,38653.4,37932.664
52088.06,55628.04,38582.54,37992.496
53942.01,55923.902,38798.25,38102.375
55362.55,56138.06,38936.66,38231.684
56932.27,56342.582,38937.2,38411.406
58875.45,56631.965,39295.99,38646.004
59693.91,56961.074,39639.58,38986.39
60444.69,57276.1,39932.13,39350.75
61521.97,57578.836,40423.23,39789.94
62635.7,59630.07,41007.31,40295.516
63146.93,60276.324,42297.54,41424.418
63259.8,60759.426,42903.02,42176.844
63601.54,61092.25,43906.33,42941.484
63414.26,61190.734,44700.48,43705.53
63415.88,61627.29,45530.75,44454.23
63795.77,61902.836,46410.43,45100.117
64128.17,62091.13,47284.61,45643.188
64089.93,62217.836,47671.96,46083.32
64126.03,62470.574,48219.54,46413.965
64617.6,62639.008,48918.95,46672.64
65001.53,62751.164,49276.83,46901.137
64538.11,62853.367,49816.66,47120.87
64584.01,62945.16,50461.74,47333.523
64843.73,63008.9,51206.83,47505.414
65044.36,63037.777,51931.7,47616.824
64517.83,63100.195,52235.28,47645.477
64497.17,63124.906,51894.94,47574.64
64285.67,63128.367,51307.15,47359.22
63689.96,63100.395,51172.06,47074.863
63230.33,63042.668,50948.94,46746.42
62981.57,63002.117,50824.5,46446.53
62595.55,62950.758,50453.65,46085.11
61823.76,62890.58,50466.01,45768.105
61464.79,62706.3,50050.53,45484.168
61250.29,62641.508,50429.61,45315.42
60725.18,62571.508,50356.61,45095.86
60295.94,62497.64,50226.12,44945.906
60264.81,62143.746,49740.21,44853.906
60101.3,62097.79,49591.53,44867.582
59715.3,62041.773,49443.45,44873.51
59679.51,61974.242,49181.88,44897.445
59544.32,61493.375,48877.97,44951.934
58963.37,61422.062,49342.04,45105.24
58617.1,61362.973,49228.55,45185.87
58502.36,61307.406,49377.97,45321.094
59171.84,60729.977,49184.36,45484.492
59079.39,60670.83,49787.99,45942.004
59063.55,60580.324,50155.35,46263.617
59192.17,60470.234,50576.86,46673.457
59428.25,59677.203,50853.95,47122.332
58963.26,59435.797,50885.9,47810.445
58957.2,59175.145,51206.68,48216.07
59067.22,58898.29,51885.81,48584.656
59057.14,57802.082,52744.0,48873.59
58496.84,57452.332,53688.05,49001.45
58471.51,57151.094,53541.6,49024.34
58698.97,56869.9,53048.61,48897.914
58669.4,55670.88,52461.95,48632.92
58200.44,55238.41,52075.75,47918.074
57317.37,54808.934,51271.26,47290.37
56487.25,54384.79,50430.69,46730.56
55375.71,53095.742,49824.9,46256.094
54133.29,52391.914,49652.64,45424.953
53145.16,51690.918,49123.91,45097.613
52040.52,51038.457,48586.14,44893.402
51311.31,49750.258,48643.18,44774.555
50223.85,49051.773,49228.21,44348.03
49113.13,48478.6,48857.06,44278.68
48552.59,48047.05,48288.06,44252.43
47463.88,46572.402,47647.0,44239.24
46569.54,46069.7,46787.22,42225.57
45573.45,45781.56,45995.15,42014.254
44945.03,45673.77,45378.1,41786.887
43699.12,45461.85,44582.37,41607.297
42635.76,45524.83,43994.27,41293.465
42295.41,45590.35,43428.07,41122.844
42111.41,45688.055,42900.85,40927.46
41544.59,45618.86,42296.83,40696.145
41068.52,45676.81,41589.17,40398.562
40947.83,45711.926,41324.96,40143.76
40855.76,45739.42,41148.02,39902.758
40271.48,44627.484,41108.61,39682.844
40217.45,43763.516,40818.92,39876.92
39968.12,43050.004,40658.58,39927.29
39810.43,42343.016,40603.42,39984.52
40094.0,41831.96,40705.82,40084.53
39689.94,41465.47,40948.34,40309.14
39657.78,41163.934,41036.06,40543.977
39692.26,40990.65,41076.8,40854.875
39725.42,41002.242,41078.94,41215.36
39760.22,41015.227,41943.74,41678.066
39653.38,41082.676,42172.38,42147.35
39732.45,41155.39,42713.5,42734.18
39934.8,41357.35,43652.07,43454.133
39898.12,41504.957,45439.9,44406.18
39925.6,41634.066,46519.69,45347.945
40199.95,41757.098,47755.35,46382.707
41021.29,42030.99,49708.94,47588.316
41586.15,42311.99,53728.28,49267.32
41648.41,42634.74,56115.76,51032.793
42490.85,42915.246,58022.69,52824.48
43884.14,43343.938,59863.45,54339.586
44648.09,43941.46,61371.38,55642.81
45340.88,44562.832,62144.44,56551.74
46025.91,45187.84,62584.45,57276.43
47048.41,46718.91,63329.26,57854.895
47935.91,47398.69,64482.16,58194.438
48576.82,48026.68,65284.93,58279.137
49243.13,48570.55,65686.16,58312.11
49997.29,49092.883,65760.72,58362.13
50437.79,49591.06,65204.23,58243.45
50982.99,50014.35,65477.48,58294.105
51255.82,50382.83,65844.17,58363.766
51841.11,50736.836,65924.26,58452.64
52172.43,51064.504,66267.41,58318.848
52311.91,51333.574,66541.74,58452.676
52599.38,51544.883,66879.48,58644.86
53155.49,51750.863,67012.43,58888.633
53552.91,51885.74,66545.42,58869.723
53245.78,51969.438,67009.42,59090.055
53198.79,52003.816,67317.4,59280.793
53095.96,52061.53,67114.37,59427.71
53077.42,52061.863,66250.3,59223.207
53135.49,52047.56,66235.28,59097.64
52463.27,52020.97,66321.35,58868.36
51659.34,52008.816,66429.22,58611.098
50843.95,51959.844,66591.95,58181.67
50744.08,51903.023,66388.56,57870.883
50215.35,51853.633,65610.0,57589.168
49686.0,51798.656,64705.01,57331.406
49061.55,51738.61,64121.69,57019.09
48437.45,51665.195,64044.85,56697.387
48094.88,51576.406,63366.11,56401.355
48065.41,51441.367,63014.73,56144.71
48077.19,51349.836,63241.59,55906.023
47834.88,51259.44,63029.44,55546.93
47816.4,51163.758,62534.99,55251.02
48046.53,50979.1,62129.36,54986.375
47643.91,50872.05,62143.34,54907.996
47813.74,50749.06,61504.55,54625.82
47917.45,50644.188,61660.79,54401.78
48820.64,50431.086,61335.62,54202.83
48894.08,50321.527,61583.8,54384.87
49333.33,50212.293,61576.05,54383.48
49705.8,50109.78,62078.33,54517.777
49849.89,49930.074,62044.38,54740.344
49797.9,49720.227,62631.66,55522.61
49943.17,49513.066,62743.42,55931.46
50093.73,49311.516,63678.94,56384.17
50304.26,48974.63,64662.78,56823.023
49918.14,48659.535,65898.61,57790.14
49884.84,48397.043,65868.78,58340.434
50077.96,48185.688,65676.31,58648.086
50441.38,47697.848,65131.87,58626.625
50103.16,47463.76,64441.03,58430.652
49486.04,47287.094,62995.62,57629.6
48746.47,47142.777,61814.77,56705.977
47899.51,46761.266,61089.79,55791.65
46993.26,46553.965,59954.8,55054.15
46341.91,46385.434,59432.27,54083.66
45750.62,46237.934,58359.3,53264.355
45353.72,45965.688,57313.94,52522.133
44587.25,45786.008,56518.11,51904.273
43910.76,45629.38,55697.16,51082.4
43222.13,45481.383,54390.36,50351.285
42331.62,44545.867,53444.32,49673.312
41438.12,44154.95,51713.47,48754.76
40841.39,43836.055,50725.37,47805.793
40142.2,43582.992,49758.51,46931.65
39328.56,43291.504,49166.81,46129.746
38763.72,43093.28,47836.9,45569.27
38289.98,42934.67,47119.8,44971.832
37916.34,42805.586,46692.77,44495.52
37302.61,42647.35,46414.91,44099.484
36912.59,42557.742,45219.78,43849.74
36895.82,42488.54,44923.16,43548.0
36661.02,42438.145,44878.72,43297.914
36187.33,42348.426,44629.14,43077.72
36042.93,41565.973,44066.71,42211.625
35876.64,41078.883,43960.28,42245.668
35659.83,40663.45,44042.53,42371.914
35563.51,40385.496,44088.22,42525.58
35645.23,40148.547,44136.94,42685.75
35467.23,39998.742,44376.25,42826.57
35622.94,39903.27,44762.98,42981.54
35493.84,39948.08,44876.72,43151.39
35390.0,39977.758,45949.93,43357.445
35437.23,40020.527,46496.07,43617.062
35807.51,40073.86,47193.32,43983.234
35625.67,40243.812,48174.67,44472.023
35365.94,40328.574,49104.84,45122.863
35589.83,40381.17,49766.64,45908.258
35609.54,40439.664,50982.02,46874.99
36447.62,40598.992,52365.12,48138.6
36660.79,40731.418,55588.96,49971.777
36926.8,40847.97,57863.01,52231.348
37073.53,40968.465,59717.37,54517.945
37273.59,41114.754,61509.54,56354.234
37598.32,41345.793,63164.83,57721.67
38492.62,41612.574,64346.69,58659.816
39524.56,41962.008,65035.95,59351.39
40636.2,43564.547,65734.12,59826.81
41171.73,44182.863,67051.6,59268.355
42066.01,44801.53,67652.13,59468.1
42735.69,45428.215,67943.96,59682.33
43745.47,46115.246,68120.43,59889.793
44374.43,46786.02,66851.29,59988.164
45134.7,47374.445,67073.55,60185.01
45839.65,47895.367,67766.69,60394.51
46479.76,48398.29,67480.82,60648.04
47059.2,48818.707,67000.12,60777.293
46972.45,49160.22,67406.41,61077.023
47827.91,49415.387,67589.99,61474.297
48794.61,49692.086,67826.94,61903.97
49082.91,49920.625,68342.09,62022.703
49389.52,50096.78,69466.18,62303.363
49912.73,50241.414,69915.33,62521.785
49694.02,50418.79,70054.13,62669.367
48979.87,50531.73,69904.19,62353.242
48345.66,50598.24,69163.41,62217.875
48046.69,50626.45,68977.19,61991.805
47540.51,50664.023,69245.62,61721.906
47043.19,50655.25,69199.3,61111.906
46881.24,50609.01,68838.13,60740.324
46322.45,50547.33,68383.68,60416.613
46148.0,50437.43,67635.7,60139.973
45668.95,50349.043,67079.99,59679.25
45835.43,50231.316,66735.49,59347.156
45592.56,50131.45,66694.64,59050.11
45832.75,49921.2,66539.55,58774.266
45498.95,49826.94,66017.93,58362.5
45462.28,49723.676,65583.15,57930.305
45503.91,49627.773,65173.98,57581.08
45397.9,49357.453,64512.92,57293.293
45105.38,49233.633,64382.67,57133.92
45440.58,49100.066,64320.16,56873.324
45750.17,48993.84,64089.36,56669.39
46123.96,48723.176,63867.81,56525.133
46250.48,48593.85,63755.41,56676.7
46636.3,48474.07,63677.37,56715.887
47102.4,48378.293,64120.65,56833.87
47945.57,48230.164,64284.8,57015.2
47749.62,48108.68,64563.83,57467.793
47768.02,47993.855,64657.93,57810.344
48046.45,47886.89,65379.06,58218.344
48160.98,47642.477,65990.54,58635.438
47748.65,47460.727,66318.5,59636.152
48008.39,47315.887,65979.63,59915.625
48364.56,47216.445,65648.48,59777.695
49074.43,46859.305,65196.45,59384.016
48694.31,46732.766,63595.83,58926.133
48372.73,46644.25,62740.83,57922.07
47841.48,46572.89,61613.99,56898.04
47239.11,46304.508,60420.84,55954.953
46654.84,46160.28,59693.3,55182.715
46276.56,46036.383,58624.37,54233.777
45931.97,45932.637,57586.35,53435.156
46052.38,45742.027,56935.19,52738.383
45218.9,45606.082,56392.43,52231.85
44695.24,45487.797,55540.15,51467.54
43888.44,45378.812,54376.73,50774.355
43284.44,44599.29,53399.71,50090.47
42665.36,44289.176,52549.23,49027.984
41960.52,44029.562,51676.45,47973.22
41399.33,43806.37,50578.45,46976.977
40435.15,43571.555,49657.66,46117.97
39908.22,43365.316,48179.16,45522.125
39643.43,43196.234,47369.33,44895.273
39188.67,43064.914,47470.47,44386.695
38855.1,42923.39,47136.61,43966.76
38537.82,42826.78,46886.99,43817.395
38312.41,42748.23,46410.57,43551.492
37920.89,42687.348,45795.18,43351.316
37616.77,42981.266,45521.58,43161.055
37619.32,42715.23,44861.12,41952.195
37610.26,42677.793,44384.32,42012.273
37631.34,42515.04,44566.7,42153.695
37749.61,42376.203,44640.22,42291.29
38052.48,42067.98,45011.03,42525.66
37796.04,41796.664,45505.54,42617.26
37941.47,41555.047,45710.09,42705.023
38602.3,41594.11,45761.47,42811.47
39052.86,41597.39,46688.65,43065.01
39602.56,41726.445,47248.62,43280.195
40141.07,41958.297,47668.92,43603.312
42233.58,42546.008,48452.99,44083.008
43516.95,43132.098,49867.74,44848.023
44922.82,43898.406,50619.1,45715.895
46629.14,44851.24,51464.92,46846.934
50398.65,46397.258,53081.26,48359.402
53212.49,47961.164,56396.07,50616.984
55116.9,49837.125,58554.22,53000.055
56269.67,51942.79,59972.51,55178.35
57844.09,54338.54,61589.87,56850.805
58996.79,56277.156,63360.16,58149.418
59837.85,57797.01,64263.05,59012.656
60638.6,58903.0,65257.9,59640.08
61598.82,61466.684,65755.47,60073.543
62234.62,62021.195,65642.37,59766.195
62553.87,62362.68,65790.63,59905.402
62775.33,62559.688,65706.64,60044.47
62688.55,62535.184,66082.08,60182.953
63274.61,62733.414,65432.65,60214.645
64052.92,62853.047,65621.52,60390.21
64272.38,62899.62,65644.04,60604.906
64569.75,62824.656,65686.49,60866.688
65039.22,62941.33,65961.55,60980.16
65471.43,63004.33,65745.78,61315.332
65774.88,63043.03,65971.29,61703.523
66105.79,62997.348,66725.61,62148.574
66413.64,63058.543,67046.7,62262.207
66304.74,63086.02,67648.29,62518.99
66382.15,63097.938,68167.63,62683.664
65489.42,63026.555,68615.12,62748.25
65230.76,63037.23,68645.51,62357.27
65183.22,63035.582,68437.3,62124.04
65399.56,63019.613,68174.1,61856.09
65285.6,62913.5,68317.59,61628.62
64984.34,62913.21,68628.77,61133.387
64974.37,62914.28,68741.38,60809.945
64186.94,62910.375,68497.21,60537.086
63985.31,62765.207,67740.32,60317.21
63992.13,62763.516,67951.41,59995.85
63785.66,62755.723,67341.56,59694.668
63299.6,62744.53,67315.42,59417.92
63104.04,62499.27,66483.94,59169.555
62617.07,62494.145,66163.9,58920.492
62304.03,62498.516,65738.59,58569.145
61632.32,62487.68,65271.82,58288.82
61187.13,62152.6,64425.45,58038.24
60697.92,62162.895,63627.86,58021.246
60097.41,62170.0,63071.38,57775.82
59977.12,62179.727,62823.93,57556.414
60262.6,61772.72,62873.04,57368.332
60143.44,61749.24,62882.97,57576.984
60445.04,61726.4,63037.73,57551.953
60628.97,61702.58,63455.29,57623.547
60338.95,61141.555,63852.08,57790.51
60087.05,61002.047,64533.87,58325.074
60391.96,60838.73,64388.84,58804.016
60463.94,60634.324,65008.12,59369.605
60401.89,59800.84,65663.89,59877.883
60050.1,59422.79,66543.29,60942.03
60299.73,59125.55,66174.15,61128.83
60541.38,58879.965,65966.29,60897.684
60691.98,57830.742,65352.21,60420.246
60329.88,57455.39,64089.05,59814.266
59302.38,57143.016,62887.49,58613.508
58341.56,56889.258,62179.94,57394.984
57349.09,55937.75,60760.7,56284.96
56192.65,55575.66,59445.42,55443.055
54900.72,55258.414,58720.97,54435.785
53824.38,54971.25,58056.45,53597.453
52987.73,54175.367,57253.02,52895.773
52313.35,53730.16,56036.29,52442.52
51130.13,53325.676,55331.29,51691.41
50128.12,52946.617,54264.61,51080.633
48737.98,51319.508,53192.39,50526.445
47797.65,50539.652,52434.68,49645.152
47061.74,49814.266,51632.99,48673.48
46485.9,49166.94,51073.3,47674.38
44773.47,48358.195,50169.9,46780.242
44377.16,47837.383,49502.06,46179.39
43885.07,47431.586,48552.7,45485.082
43494.16,47113.152,48544.01,44967.78
42981.79,46674.742,47817.83,44536.055
42377.78,46425.96,47172.76,44343.516
42251.36,46224.26,46455.13,44057.766
41997.17,46068.344,46439.33,43819.234
41463.85,45565.23,46137.5,43615.133
41168.26,44688.242,45671.21,42710.242
41555.99,44259.055,45429.66,42698.332
41854.31,44099.22,45719.0,42753.727
41814.25,44312.24,45776.91,42799.844
41856.39,44481.17,45937.52,42903.504
42121.47,44804.566,45611.77,42904.58
42277.5,45390.45,46152.99,42938.46
42824.38,46481.48,46532.91,42995.023
42918.42,47696.895,47170.0,43203.414
43577.85,49112.176,47069.46,43410.688
44337.52,50742.02,47685.15,43733.984
45717.05,52774.285,48500.72,44215.58
46693.68,54185.117,49157.49,45026.95
47757.12,55276.7,49927.74,45992.09
49686.38,56106.918,51073.39,47275.47
53236.66,57261.004,52629.67,48897.23
55398.19,57663.043,55607.09,51132.207
57042.71,58006.586,57917.09,53550.18
58121.98,58287.168,59433.93,55926.105
59424.0,58807.223,60947.09,57835.312
60208.19,59078.48,62859.41,59269.07
61403.81,59333.637,63694.14,60190.566
62046.82,59590.76,63962.04,60864.457
62820.09,61514.598,64499.41,61332.555
63314.77,61686.09,65733.84,61011.57
63493.32,61814.902,66220.98,61118.945
63312.29,61900.617,66929.46,61253.18
62884.39,61835.152,67321.5,61404.543
63105.75,62182.773,66639.09,61451.35
63421.84,62400.617,67010.69,61605.348
63589.6,62530.668,67440.17,61802.035
63383.07,62574.14,67700.5,62050.316
63675.12,62866.312,67489.56,62140.94
64215.61,63061.0,67540.06,62459.938
64718.08,63201.133,67614.37,62869.324
64965.63,63430.305,68287.27,63320.957
65712.17,63625.453,68808.81,63443.95
65979.22,63737.9,69144.11,63771.74
66163.14,63858.65,69361.79,64034.6
65688.68,63996.13,69196.0,64215.84
65706.65,64073.348,68845.29,63854.57
65821.43,64124.05,68866.66,63712.426
65683.74,64135.176,68828.29,63480.97
65597.16,64116.54,68380.23,63225.28
65255.86,64082.223,69131.97,62630.164
64775.92,64033.03,68527.13,62330.344
63996.93,64019.85,67559.65,62075.84
64096.23,63895.664,67851.46,61865.28
63788.33,63852.074,66888.54,61453.668
63067.01,63806.6,66879.17,61146.555
62577.57,63732.176,66684.35,60857.434
62418.8,63460.984,66670.28,60587.656
62062.86,63422.28,65824.78,60260.48
61173.1,63388.383,65746.58,59944.21
60559.97,63354.914,65537.8,59676.86
60760.63,62952.223,64856.93,59411.387
60254.1,62899.6,64133.65,59234.77
59761.87,62858.6,63479.05,58966.547
59697.14,62823.715,63494.85,58721.69
60395.14,62351.613,63178.42,58471.96
60311.1,62317.566,63992.33,58400.52
60428.19,62288.305,64299.07,58268.258
60513.54,62255.61,63974.79,58209.984
60682.96,61673.92,63849.59,58280.574
60548.93,61584.402,64082.98,58598.3
60530.48,61455.82,63635.51,58965.938
60694.55,61250.258,64171.77,59424.305
60685.93,60344.34,64923.11,59940.867
60330.03,59967.35,65884.9,61160.145
60616.64,59688.566,65909.89,61740.67
60981.29,59444.723,65349.13,61921.094
61257.83,58453.906,64867.29,61725.21
61039.3,58066.504,64163.43,61232.5
60333.1,57728.703,63037.95,60147.152
59459.44,57403.426,62184.09,58857.062
58426.98,56287.77,61371.28,57510.504
57310.43,55744.824,59577.04,56321.05
55980.12,55218.137,59009.66,54979.805
54951.44,54702.527,58266.53,53916.297
53895.34,53528.46,57474.08,53050.957
53016.92,52782.88,57197.91,52486.824
51651.19,52131.56,56376.22,51700.516
50453.49,51611.58,55271.36,51077.168
48812.89,49954.59,54066.27,50544.855
47812.6,49225.793,52812.12,49506.133
46861.45,48736.887,51925.99,48597.76
46011.17,48405.234,51210.0,47649.96
44850.54,47940.656,50563.15,46786.215
44363.6,47696.773,49843.67,46256.977
43977.38,47504.008,49247.05,45601.996
43335.94,47360.9,49099.03,45090.906
43147.61,47061.332,48261.4,44675.793
42982.3,46923.383,47131.65,44505.137
42702.61,46810.895,46773.21,44199.63
42629.24,46718.703,46640.85,43952.07
42654.53,46217.707,46470.64,43742.438
42841.66,45760.3,45850.67,43155.688
42953.03,45934.805,45824.23,43262.207
43001.14,46094.04,45828.54,43370.9
42781.27,46487.863,45971.45,43455.094
43001.36,46788.32,46161.65,43563.0
43035.37,47274.188,46230.65,43603.812
43083.17,47991.258,46316.18,43659.754
43326.0,49250.164,46477.04,43756.42
43839.34,50452.83,46649.08,44000.094
44317.46,51772.94,47000.37,44306.53
44995.04,53034.38,47736.89,44750.5
46021.79,54526.906,48391.68,45335.64
47192.55,55387.703,49650.28,46278.703
48517.29,56047.453,50200.84,47458.9
50500.78,56553.703,51223.39,48989.36
54236.39,57429.832,52630.67,50906.086
56878.37,57761.086,56350.13,53425.402
58544.43,58019.61,58599.99,55749.2
59599.06,58194.523,60638.58,57821.42
60592.92,58488.82,62285.0,59455.02
61553.63,58742.95,64359.58,60739.137
62391.99,58994.25,65249.72,61623.246
63090.66,59235.203,65987.27,62266.66
63849.29,61165.484,66629.51,62740.098
64186.23,61884.99,67306.65,62990.75
64598.76,62442.62,67483.31,63153.258
64574.1,62823.414,67669.63,63290.367
63321.48,62838.273,67890.51,63433.6
63495.63,63237.82,67252.74,63361.203
63944.13,63461.4,67297.17,63554.1
64367.64,63600.633,67987.88,63797.59
64086.59,63584.11,68481.89,64092.56
64588.34,63760.793,67734.29,64143.96
65152.25,63876.22,67659.46,64528.36
65078.11,63973.023,67819.74,64943.02
64521.37,64117.023,68288.63,65344.074
64597.3,64190.04,68350.29,65270.113
64896.23,64239.9,68472.44,65411.324
65069.46,64272.305,68559.01,65463.293
64907.99,64331.973,68262.9,65437.316
64874.26,64365.008,68373.37,64999.742
64947.45,64395.332,67813.1,64740.86
65396.86,64412.656,67353.86,64462.406
65408.02,64425.223,67434.01,64186.59
64808.3,64451.25,67769.58,63626.516
64758.77,64505.812,67059.61,63245.664
64238.6,64516.973,66415.21,62876.844
64055.55,64394.26,65666.67,62520.23
63715.86,64385.113,65527.13,62002.223
63388.92,64388.215,65292.64,61641.195
63436.91,64390.96,65212.55,61349.81
63748.31,64108.734,64959.02,61109.492
63467.79,64136.477,64872.79,60737.68
62744.84,64126.637,64366.89,60475.92
62165.69,64146.227,63532.74,60261.547
61858.32,63754.188,62964.05,60075.496
61582.67,63747.414,62665.48,59835.15
60951.29,63725.234,62309.45,59679.613
60937.45,63708.406,62307.95,59547.84
61424.73,63269.0,62324.48,59442.89
61459.85,63240.76,62933.45,59245.957
61631.25,63253.176,62875.05,59189.69
61624.57,63242.69,63211.08,59225.5
62387.97,62638.83,63261.24,59356.758
62594.64,62560.156,64150.99,59448.76
62508.07,62432.75,64135.13,59749.54
62803.82,62294.637,64856.67,60081.35
62542.58,61290.406,65538.34,60416.38
62213.67,61044.36,66540.11,60802.633
62455.38,60830.836,65782.24,61164.13
62494.17,60643.777,65194.36,61250.402
62687.15,59570.863,64776.64,60981.266
61692.92,59301.53,63017.67,60391.688
60665.44,59048.812,61551.3,59192.383
59711.15,58857.125,60328.49,57863.1
58422.4,57866.21,59315.0,56591.836
57466.14,57482.203,57977.84,55205.707
56270.8,57112.31,57215.17,54019.98
55245.6,56750.547,56267.06,53069.566
54335.82,55573.535,55546.46,52309.414
53286.56,54989.023,55059.89,51531.195
51865.09,54411.51,54455.38,50863.062
50870.78,53858.953,53379.37,50352.645
49538.26,51685.07,52055.52,49911.223
48545.41,50275.61,50862.26,48519.246
47726.88,49144.3,50263.26,47770.812
47554.28,48300.094,49537.82,46966.027
46846.94,47238.91,48495.9,46236.977
46333.19,46777.84,47453.99,45623.465
45969.85,46459.027,46833.62,45061.395
45798.06,46290.83,46751.84,44622.758
45069.89,45988.12,46027.86,44281.094
44476.25,46040.707,45381.27,44070.754
44180.5,46124.77,44919.88,43810.66
44294.52,46263.277,44479.92,43610.48
43995.22,46097.062,44123.81,43432.36
43762.42,45832.83,43635.45,41701.562
43729.11,45960.297,43319.55,41703.477
43827.3,46105.78,43127.07,41682.934
43677.33,46469.95,43098.19,41665.086
43420.65,46696.426,42991.86,41740.156
43207.8,46917.617,42832.16,41739.734
43291.37,47156.85,43028.46,41745.71
43657.93,47732.81,42735.72,41765.03
44099.86,48301.348,42777.7,41893.16
44359.62,49093.24,43005.88,41938.395
45175.17,50057.336,43009.1,41997.16
47346.9,51560.676,43370.82,42070.863
47916.96,52954.168,44064.05,42262.727
49301.91,54088.598,44221.81,42419.242
51052.73,54954.637,44138.69,42651.395
54135.47,55995.156,44504.43,42966.543
56704.89,56439.99,44886.42,43466.83
58449.8,56771.145,45476.76,43952.72
59645.63,57050.52,45653.67,44496.027
60896.37,57567.984,46539.65,45058.906
61731.44,57830.914,47469.01,45774.47
62491.59,58097.113,47974.15,46317.36
63095.48,58321.355,48250.25,46811.816
63878.91,60551.23,49060.58,47339.625
64545.73,61227.453,50452.19,48463.15
64968.46,61758.312,51536.47,49070.875
65021.05,62113.164,52041.57,49701.74
64482.36,62366.36,52629.97,50252.777
64799.41,62636.758,53071.94,50796.234
64986.91,62847.453,53755.62,51143.754
65228.61,63011.97,54355.54,51448.34
65583.12,63251.86,54964.39,51682.895
65897.65,63454.01,55520.1,51850.2
66251.47,63609.82,55586.16,52027.562
66631.98,63715.547,55950.56,52249.0
66797.34,63926.91,55968.54,52497.14
67016.11,64018.016,56412.07,52724.832
67676.33,64085.79,56986.7,52932.473
67661.24,64123.832,57254.01,53101.402
66844.94,64195.156,57199.86,53190.547
66599.14,64195.555,56497.81,53183.07
66466.88,64149.59,56603.42,52975.383
66349.14,64100.13,56306.66,52680.52
66333.48,64075.816,55731.17,52306.895
66342.42,64034.953,55258.49,51991.953
66044.82,63972.355,54633.04,51567.52
65585.39,63935.86,54203.13,51145.39
65297.08,63802.93,53446.8,50774.918
65377.65,63747.953,53228.93,50489.93
64922.01,63717.953,52810.66,50154.04
64816.52,63678.734,52703.77,49921.03
64892.43,63389.3,52039.34,49732.414
64341.18,63329.82,51512.89,49598.832
63957.94,63278.68,50929.39,49478.04
63498.57,63212.02,50392.08,49407.742
62933.6,62767.7,50310.16,49367.945
62525.77,62691.734,50651.82,49357.496
61847.89,62613.52,50457.51,49326.246
61934.62,62526.25,50621.11,49335.312
61637.06,61968.875,50937.2,49347.9
61608.23,61906.07,51595.25,49463.414
61401.0,61818.06,51892.06,49491.832
61439.07,61715.312,52284.32,49572.797
61623.66,60977.527,52508.34,49721.574
61291.28,60798.547,53402.19,50226.734
61446.75,60566.117,53691.98,50471.867
61765.16,60289.61,54069.92,50774.055
61898.24,59145.453,55126.82,51100.938
61568.37,58883.594,55640.15,51682.06
61738.58,58694.363,55329.99,51842.78
62287.13,58533.273,54728.57,51808.773
62821.78,57453.24,53730.01,51551.36
62294.34,57242.44,52804.89,51163.98
61484.45,57009.094,51642.86,50464.88
60597.19,56763.258,50604.29,49748.5
59575.62,55633.46,49761.0,49020.336
58572.13,55168.273,48654.81,48281.984
57470.68,54666.24,47889.86,47563.215
56439.87,54163.05,47201.96,46982.137
55681.05,53000.133,46882.22,46470.363
54342.36,52399.05,46536.92,45925.285
53264.89,51886.254,45921.06,45443.523
52412.96,51470.977,45108.28,45039.82
51833.09,49610.418,44441.7,44660.156
50700.2,48771.91,44074.18,43270.83
49734.1,48124.707,43177.02,42560.113
48987.77,47628.844,42375.47,41834.17
47483.7,46899.7,41770.75,41114.39
46560.17,46533.547,41440.63,40485.906
46245.34,46228.348,40964.01,39883.54
45942.77,45980.777,40610.28,39352.535
45430.18,45524.65,40050.9,38890.523
44980.49,45394.285,39579.44,38613.707
45052.13,45308.344,39092.73,38253.63
45155.91,45310.625,38582.25,37949.336
45008.48,45176.95,38187.59,37695.555
44770.38,45091.344,38197.97,36865.195
44939.25,45180.695,37786.87,36758.133
45199.54,45251.547,37600.1,36661.547
45477.09,45513.39,37752.9,36601.74
45340.72,45663.035,37623.29,36601.5
46055.6,45825.61,37386.85,36587.242
46118.91,46161.062,37507.06,36578.97
45877.61,46841.38,37323.46,36580.766
45902.17,47451.707,37594.62,36616.17
45970.45,48219.797,37653.24,36637.395
46792.22,49146.79,37817.88,36668.812
47936.7,50601.723,38178.04,36704.25
48634.83,51921.414,38055.95,36773.664
49909.74,53262.137,38153.85,36830.82
51445.87,54494.453,38468.65,36899.86
54800.15,55930.06,38678.34,36996.902
57524.53,56742.934,39100.07,37190.29
59400.32,57383.547,39455.55,37427.035
60412.82,57896.746,40053.42,37749.844
61714.66,58596.01,40297.03,38157.754
62506.14,59017.14,40955.05,38705.598
63196.78,59354.59,41301.12,39206.766
63628.73,59570.516,41505.84,39695.984
64542.8,61464.562,41929.71,40199.04
65018.49,62272.062,43335.59,41399.734
65333.4,62815.54,44349.15,42035.797
65731.61,63191.434,44976.95,42767.84
65714.03,63532.68,45815.58,43483.105
65798.76,63766.85,46414.86,44155.344
66184.95,63939.46,47049.56,44747.906
66574.38,64086.26,47924.8,45286.207
66372.83,64320.906,48669.81,45780.42
66272.04,64391.332,48946.66,46239.33
66613.61,64411.24,49565.31,46666.375
67228.1,64425.74,50074.65,47113.04
67641.4,64541.773,50629.03,47578.492
68167.23,64532.64,50846.51,48000.816
68512.21,64496.777,51763.5,48349.535
68527.95,64425.832,52222.45,48570.805
67612.04,64452.785,52234.97,48656.945
67255.54,64440.805,52014.91,48582.465
66842.18,64432.246,52146.18,48386.8
66408.52,64414.645,52040.08,48102.12
66108.28,64362.203,51078.0,47773.59
65544.41,64341.156,50273.56,47447.52
65444.56,64325.5,49979.97,47105.484
64611.22,64258.395,49446.11,46765.547
64395.25,64076.848,49151.71,46448.727
64126.75,64056.75,48856.59,46138.06
63097.54,64019.227,48713.25,45836.02
62711.18,63994.562,48164.49,45563.18
62981.92,63658.08,47859.81,45318.598
62310.22,63614.15,48157.95,45052.996
61985.42,63574.414,47467.96,44874.793
61484.66,63541.188,47091.41,44750.77
61512.99,63022.25,46984.24,44687.77
61195.44,62982.28,47414.7,44621.11
60380.14,62938.555,47239.02,44674.727
60333.83,62895.58,47175.41,44828.125
60656.97,62235.195,47282.27,45045.73
60392.74,62123.438,47645.01,45221.562
60608.93,61990.383,47921.53,45610.652
60545.41,61834.914,48871.36,46051.715
60337.81,60920.695,49428.62,46525.668
60116.62,60679.332,50246.52,47140.24
59791.51,60361.168,50942.11,47684.008
59795.11,60031.645,52070.78,48298.504
59836.44,58784.62,53183.36,48880.773
59551.98,58441.88,54082.93,49429.684
59867.22,58144.188,54081.64,49674.64
60316.15,57852.977,53683.3,49737.453
60361.69,56691.375,52671.09,49524.113
59523.54,56272.387,52427.18,49081.902
58596.97,55836.438,51627.39,48412.87
57248.75,55371.312,51218.32,47814.14
55504.79,54088.367,50383.98,47307.96
54460.95,53336.03,49694.48,46791.375
53312.17,52600.137,49158.85,46352.07
52283.73,51944.055,49084.2,46058.883
51544.01,50804.19,48684.31,45823.57
50550.43,50307.176,48625.97,45613.023
49476.75,50015.703,48296.6,45403.906
48791.34,49868.152,47621.19,45273.29
47718.45,48883.96,46758.77,45151.562
46521.8,48502.664,46123.61,43646.715
45718.96,48246.1,45232.02,43239.832
45210.82,48068.605,44207.48,42773.12
44140.29,47709.082,43880.53,42293.59
43723.57,47557.75,43108.37,41867.516
43336.56,47420.375,42390.34,41430.305
42534.92,47322.227,41976.38,41063.914
42033.01,47079.5,41448.31,40745.14
41265.94,46989.45,41038.59,40582.26
40908.44,46904.2,40619.46,40281.85
40728.14,46837.04,40263.86,39988.527
40196.39,45068.64,40134.02,39700.41
40158.51,44324.82,40114.77,39419.652
40067.02,43695.42,39546.7,39375.24
39859.89,43049.492,39360.62,39336.16
40024.56,42576.1,39208.58,39393.754
39967.38,42213.945,39172.01,39645.445
39602.15,41977.29,39321.39,39869.473
39560.01,41797.34,39330.96,40199.188
39742.1,41813.87,39577.03,40596.63
39673.12,41846.23,40282.11,41106.477
39670.24,41906.2,40529.72,41548.332
39969.5,41988.363,41306.59,42080.492
40418.69,42243.336,42275.38,42734.99
40446.22,42449.227,44169.06,43687.64
40504.69,42629.195,45036.09,44675.87
40985.68,42791.707,46220.47,45957.664
42315.65,43141.34,48467.1,47691.63
43365.68,43525.188,52375.0,50127.883
43460.06,43982.465,54832.5,52480.28
43612.06,44382.64,56352.86,54639.08
44928.51,44825.94,58732.33,56406.863
45694.73,45468.24,61649.46,57958.06
46777.84,46192.918,62531.3,59048.844
47520.38,46947.49,63150.03,59962.26
48620.3,48400.766,63787.0,60738.67
49430.52,49161.504,64651.02,61544.844
50197.32,49789.58,64974.94,61784.734
50559.74,50310.02,65272.16,61927.54
50734.98,50677.34,65202.37,62083.21
51100.14,51111.0,64449.55,61938.83
51938.24,51485.13,64456.15,62053.414
52552.06,51802.43,64965.93,62177.625
52505.31,51970.484,64909.15,62318.406
52925.46,52106.684,64962.23,62345.906
53399.68,52158.01,64808.78,62551.195
53728.13,52140.637,65055.88,62770.445
54341.52,52056.977,65560.43,62990.68
54563.05,51932.832,65826.63,63082.117
54622.41,51787.965,66233.6,63192.83
54597.47,51642.21,66232.39,63226.305
53985.2,51498.18,66387.71,63179.074
53420.82,51357.3,66424.14,62960.66
53060.48,51221.117,66280.29,62751.344
52312.57,51105.348,66270.36,62528.625
52010.99,50963.848,66151.4,62313.008
51426.51,50876.08,66593.22,62027.965
50799.83,50797.82,66279.72,61781.39
50096.77,50729.64,66172.63,61564.273
49769.07,50583.26,65620.75,61374.258
49257.01,50521.504,65370.02,61067.926
48774.54,50454.7,64897.4,60803.785
48677.66,50396.508,64504.05,60555.84
48458.69,50225.18,64317.74,60324.637
48605.79,50174.55,64323.24,59962.215
48346.52,50140.152,63828.69,59671.938
48181.26,50117.734,63537.12,59419.082
48469.19,49944.574,62891.84,59218.477
48582.72,49917.668,62669.22,58943.863
48440.54,49910.664,62470.31,58763.2
48354.88,49901.207,62241.68,58652.1
49248.83,49781.13,62174.45,58587.652
49677.81,49786.13,62602.38,58606.25
49869.43,49814.387,63035.12,58666.812
49981.48,49846.273,63370.62,58835.42
50297.72,49792.047,63595.33,59167.04
50092.29,49717.438,63874.78,59724.99
49943.9,49621.18,64064.78,60184.555
49678.95,49503.324,65206.54,60642.938
49643.78,49169.61,66724.71,61086.703
49726.57,48965.348,67574.25,61387.94
49993.37,48806.645,67299.13,61821.137
50484.61,48697.227,67187.06,62139.953
51105.27,48249.074,66641.64,62209.625
50508.7,48116.805,65112.64,61971.336
49635.16,48009.68,63861.99,61238.895
49153.31,47918.816,62735.66,60421.75
48308.12,47550.926,61825.24,59600.965
47680.11,47380.348,60677.74,58621.996
46627.46,47236.438,59772.12,57598.582
46349.17,47106.54,58877.37,56630.242
45944.15,46809.566,57867.15,55675.746
45353.52,46629.414,56802.15,54583.8
44350.16,46450.566,55930.04,53548.824
43831.18,46277.83,54645.36,52640.527
43004.37,45169.91,53568.52,51823.926
42261.96,44757.844,51904.2,50538.75
41159.33,44425.805,51018.07,49564.133
40745.6,44128.5,50076.93,48680.45
39665.03,43797.105,49332.27,47887.145
39239.89,43590.54,48164.12,47153.82
38715.05,43434.07,47804.52,46561.652
38254.69,43315.6,47523.39,46064.44
37567.03,43169.066,46867.59,45648.684
37223.62,43088.004,46199.7,45277.297
36993.5,43012.36,45839.86,44927.68
37173.02,42946.96,45790.85,44622.137
36949.28,41923.695,45735.8,44350.742
36798.64,41250.664,45252.51,42968.594
36442.45,40813.18,45198.61,43050.258
36548.58,40431.168,45104.4,43155.984
36431.88,40214.07,45026.69,43267.94
36219.49,40005.37,45372.29,43451.65
36198.61,39854.016,45581.45,43568.28
36272.74,39772.75,46052.43,43706.55
36145.81,39813.23,46159.51,43882.367
35946.46,39799.926,46729.96,44178.2
36135.67,39796.414,47228.26,44482.523
36217.12,39828.22,47735.13,44945.9
36744.62,39967.062,48628.42,45578.348
36694.15,40043.414,49703.52,46478.895
36732.51,40103.19,50400.17,47449.836
36952.97,40158.88,51764.15,48729.645
37436.18,40348.945,53485.84,50566.016
37521.61,40421.04,56841.05,53058.63
37568.68,40479.047,58666.87,55242.953
37483.4,40525.055,60335.74,57029.395
38129.73,40612.16,61802.42,58424.766
38818.8,40811.094,63801.05,59661.63
39717.3,41160.703,64685.27,60544.82
40799.11,41609.89,65250.15,61282.54
41557.64,43542.945,65622.54,61880.55
42264.69,44219.285,65943.24,62520.21
43478.97,44922.527,66338.35,62706.562
44124.37,45691.473,66579.98,62813.51
44575.82,46573.36,66962.22,62906.004
44923.45,47117.35,66466.55,62671.67
45432.43,47576.29,66664.98,62804.57
46082.54,47988.62,67047.64,62957.17
46073.45,48418.758,67155.85,63167.164
46664.73,48681.383,67017.23,63136.312
47442.62,48948.59,67247.79,63305.938
47953.46,49256.727,67435.94,63513.938
48271.47,49589.19,67786.82,63724.562
48326.01,49814.11,68116.19,63780.184
48588.94,49975.656,68784.3,63898.71
48873.66,50132.113,69146.41,63872.133
48797.57,50248.137,69479.11,63807.07
48274.84,50291.266,69105.19,63580.957
48088.99,50303.46,68824.59,63349.32
47754.88,50296.344,68573.1,63174.773
47409.45,50224.195,68175.25,63033.543
47156.57,50173.71,67964.31,62608.625
46448.49,50133.008,67552.39,62281.355
45566.21,50057.39,66899.06,62033.523
45318.08,49911.836,66261.51,61872.203
45158.59,49871.586,65848.16,61615.73
45255.59,49789.74,65852.65,61430.688
44664.03,49755.562,65974.71,61177.906
44366.3,49581.312,65532.37,60907.453
44055.61,49570.664,65857.74,60563.207
44236.53,49587.508,65508.38,60224.85
44042.63,49580.16,65102.59,59929.715
44497.02,49414.785,64611.74,59654.86
44680.88,49443.92,64649.24,59339.066
45013.41,49557.445,64533.39,59077.938
45222.22,49638.336,64521.46,58893.242
46041.48,49580.51,64386.31,58772.02
46396.23,49652.355,64748.66,58834.594
46690.9,49709.805,65038.38,58923.605
46905.2,49741.094,65523.6,59101.992
48290.49,49691.223,66081.23,59364.875
48537.61,49734.797,66078.45,59812.91
48815.43,49737.67,66793.35,60144.074
49034.66,49723.633,67909.67,60454.99
49117.06,49550.797,68961.85,60722.91
48916.15,49508.867,69208.71,61359.348
49405.68,49442.707,68667.74,61804.984
50104.51,49388.99,68216.95,61938.344
50767.78,49082.03,67533.18,61748.707
50557.75,49027.418,66159.28,61436.145
49758.84,48947.47,64764.99,60559.844
48722.31,48830.957,63731.45,59645.812
48052.74,48331.727,62653.53,58775.426
47511.77,48101.45,61388.28,57899.414
47419.35,47873.39,60233.12,56904.176
47210.52,47677.188,58936.48,55978.484
46785.98,47276.07,58120.46,55051.547
45986.98,47031.414,57663.41,54063.15
45088.19,46768.96,56719.21,53070.508
44436.96,46480.14,55230.55,52223.707
43425.53,45137.906,54219.01,51453.305
42448.69,44622.91,52561.31,50235.746
42027.23,44179.2,51211.79,49340.156
41478.53,43814.145,50445.0,48533.934
40495.14,43364.812,49642.03,47798.62
40057.0,43108.94,48694.03,47139.78
39693.1,42903.96,48079.51,46563.98
39333.99,42747.277,47801.78,46091.36
38841.18,42539.89,47263.08,45686.56
38404.3,42465.152,46474.12,45319.36
38544.2,42393.004,46208.55,44985.926
38559.1,42344.875,46041.58,44693.297
38360.09,42586.88,45715.03,44421.88
38090.67,41515.496,45173.93,43217.062
38062.03,40914.72,45316.24,43373.03
38126.08,40453.98,45566.96,43553.914
38165.2,40242.664,45560.38,43697.15
38116.11,40065.23,45500.43,43921.582
38191.04,40008.42,45946.47,44058.453
38442.99,40072.79,46368.62,44216.996
39372.92,40398.23,46794.82,44405.953
39559.71,40769.445,47030.43,44713.508
40260.53,41155.953,47235.43,45001.992
41252.44,41636.58,47994.55,45436.594
42747.7,42499.977,48516.87,46050.406
43554.21,43360.434,50082.76,46958.832
45285.22,44388.656,50409.41,47928.555
47412.47,45766.598,51448.89,49199.57
51392.67,47890.97,53058.86,50900.574
53827.53,49936.715,56806.42,53396.035
55781.58,51919.28,59150.99,55740.316
57033.4,53620.555,60647.81,57712.945
58905.25,55388.562,62004.97,59215.32
59763.04,56539.152,64439.83,60479.176
60459.92,57463.953,65611.42,61313.156
61534.3,58192.22,66382.76,61982.605
62422.85,60794.86,67215.15,62513.58
62312.59,61357.11,67903.42,63159.312
62755.28,61754.035,68525.65,63446.855
62967.82,62014.48,68693.7,63650.875
62518.89,62210.8,68830.59,63793.633
62756.57,62392.52,68772.58,63664.508
62976.25,62507.348,69032.53,63798.94
63307.67,62578.355,69341.52,63955.67
63443.83,62699.65,69354.9,64174.703
63666.95,62825.633,69372.38,64107.477
64177.84,62935.92,69752.66,64415.824
64614.16,63025.258,69949.71,64796.383
64762.64,63177.656,70299.06,65181.04
65217.76,63255.562,70380.41,65143.152
65468.34,63305.688,70632.46,65360.117
65599.48,63348.605,70715.03,65510.836
65521.17,63445.246,70477.28,65606.95
65180.1,63466.13,69920.13,65226.79
65211.16,63475.094,69273.21,65029.797
65236.37,63486.6,69695.83,64821.945
65196.73,63484.42,69801.69,64628.164
64833.91,63494.375,69390.03,64134.773
64671.42,63518.895,69490.59,63863.055
64183.02,63517.516,69369.64,63639.5
63943.56,63429.875,68856.33,63433.39
64225.12,63448.832,68545.73,62964.297
63867.2,63468.793,68224.89,62660.18
63500.54,63484.92,67176.77,62375.1
63465.73,63277.83,67277.27,62140.188
63175.3,63314.133,67048.26,61666.145
63129.39,63351.36,66612.16,61329.8
62775.61,63375.797,66013.6,61044.367
62533.53,63054.58,65461.59,60801.598
62029.0,63092.58,65598.93,60534.645
61729.91,63136.023,65647.82,60293.055
61602.49,63193.625,65248.28,60113.652
61711.4,62785.93,65410.53,59953.566
61595.83,62807.207,65490.44,59967.855
61576.14,62827.945,65220.36,59988.098
61547.38,62854.293,65345.25,60095.562
61509.34,62293.54,65768.84,60274.473
61338.17,62243.246,65574.21,60634.688
61509.04,62124.527,66238.49,60949.97
61725.23,61980.984,67413.49,61305.32
61718.74,61210.56,68190.01,61709.6
61704.73,61068.348,68185.8,62652.414
62180.8,60932.13,67786.28,63351.727
62440.24,60820.707,67527.92,63539.25
61770.19,59937.555,67147.66,63345.055
60743.26,59775.24,65903.03,62727.727
59977.9,59622.188,64910.31,61731.51
59125.71,59480.816,64142.6,60668.133
57917.73,58530.574,62814.93,59655.535
57013.55,58205.785,61326.59,58632.387
55827.43,57820.785,60700.71,57596.305
54806.81,57419.42,59702.19,56722.74
53355.5,56292.223,58357.17,55943.4
52373.66,55480.234,57327.18,55122.633
51402.64,54624.69,56709.82,54240.168
50399.86,53791.297,55772.52,53454.113
49198.82,51651.52,54468.95,52740.543
48213.03,50540.57,53065.04,51608.668
47418.92,49762.332,52077.26,50550.27
46782.2,49191.977,51155.34,49562.84
46300.71,48551.184,49809.57,48685.94
45961.26,48204.14,48960.04,47876.156
45525.44,47969.355,48338.22,47227.652
45084.47,47793.613,47982.11,46712.297
44561.67,47423.223,47367.33,46285.344
44254.27,47312.688,46769.77,45906.652
43703.48,47164.344,46307.34,45584.805
43400.68,47064.227,46533.12,45312.53
42998.09,46615.29,46108.11,45063.363
42743.08,46165.26,45903.94,43914.914
42654.07,46031.293,45993.25,44034.656
42768.8,45874.215,45801.19,44190.895
42637.93,46027.93,45648.52,44324.906
42850.73,46057.574,45735.44,44491.336
42924.43,46244.26,45873.43,44597.547
43292.87,46574.51,45950.97,44719.266
43343.53,47378.71,46039.66,44872.953
43436.47,48052.617,47003.4,45154.633
44036.61,48878.65,47276.67,45442.234
44686.54,50020.32,47568.75,45875.47
46076.77,51836.926,48177.91,46502.305
46629.42,53533.6,49674.6,47465.06
48301.34,55180.09,50439.12,48483.496
50064.82,56661.992,51109.29,49751.87
54041.93,58206.656,52717.26,51413.086
56348.82,59045.312,55821.47,53808.54
58145.7,59708.508,57977.52,56099.086
59159.22,60238.883,59695.19,58081.49
61044.24,60960.008,61485.44,59590.996
61822.41,61420.008,63873.94,60769.094
62235.56,61745.906,65115.57,61582.54
62922.08,61945.812,65921.46,62239.363
63572.05,63823.54,66132.9,62717.11
64256.75,64669.42,66579.07,63400.9
64563.41,65250.047,67313.27,63614.336
64352.57,65526.56,67564.15,63751.695
64045.9,65468.793,67630.85,63847.42
64108.5,65778.62,67233.19,63623.35
64344.09,65929.91,67713.56,63724.406
64589.38,65999.16,68098.06,63861.24
64466.29,65908.76,67948.4,64015.594
65028.48,66081.914,68254.04,63929.184
65250.76,66167.03,68395.31,64196.29
66144.12,66293.31,68647.06,64524.11
66371.42,66255.734,68938.11,64852.008
67301.65,66301.32,68691.33,64836.797
67638.45,66296.25,69094.09,65015.918
67939.43,66286.49,69516.89,65097.484
66251.56,66207.53,69451.52,65081.25
65927.33,66189.72,68984.48,64661.477
66157.46,66202.8,68853.24,64398.07
65825.75,66224.984,68870.18,64099.336
66215.23,66147.05,68640.16,63817.305
65496.75,66172.336,68559.73,63423.867
64907.71,66194.1,68237.26,63167.68
64376.94,66235.016,68135.73,62949.48
64316.36,66062.15,67990.86,62756.887
63867.07,66074.625,67512.3,62375.695
63854.33,66120.59,67234.39,62053.61
63521.69,66156.5,66640.01,61747.652
63930.37,65899.3,66565.05,61504.33
63080.05,65925.945,66417.9,61071.97
62972.14,65963.22,66237.88,60712.805
62682.17,65968.734,65515.18,60422.484
62736.06,65582.82,64633.33,60187.82
62300.46,65602.02,64512.19,59893.816
61596.79,65636.9,64104.04,59650.945
61604.66,65681.375,64154.28,59466.918
61895.34,65272.28,63978.96,59356.81
61722.55,65272.69,64293.81,59455.75
61771.8,65348.023,64184.68,59551.438
61496.54,65402.836,64688.04,59742.305
61360.23,65078.53,64988.42,59983.21
61403.03,65079.2,65156.27,60375.94
61702.65,65010.082,65793.57,60731.953
61385.99,64874.25,67055.89,61116.45
61892.67,64208.617,67552.53,61515.133
62080.55,64032.023,67798.39,62582.86
62805.04,63887.266,67096.18,62970.656
63448.18,63783.65,66633.46,62967.492
63790.3,62962.79,66070.38,62697.164
62772.52,62653.043,65045.38,62244.836
61703.96,62461.594,63835.65,61371.094
60895.57,62360.023,63093.61,60462.64
59261.58,61587.406,62133.49,59613.855
58216.22,61404.18,60794.41,58694.07
57236.27,61336.652,60127.82,57719.855
55805.2,61278.324,58972.85,56849.445
54395.65,60664.844,58118.07,56019.453
53053.19,60621.19,57244.55,55085.0
52024.35,60627.57,56277.68,54137.68
51079.93,60639.883,55278.99,53308.027
49425.17,59129.855,54082.75,52528.387
48368.06,59041.09,52612.08,51226.14
47473.77,58891.812,51546.83,50230.973
46903.52,58606.105,51012.16,49326.43
45569.67,57280.043,50330.52,48474.465
45016.89,56411.26,48927.41,47720.914
44535.46,55271.5,48215.36,47071.367
44335.78,54065.062,47918.23,46547.05
43679.53,52211.594,47531.53,46100.016
43274.67,50989.426,46840.29,45698.953
42855.35,49991.83,46299.91,45315.23
42664.06,49222.207,46107.33,44981.367
42463.94,49649.13,45633.23,44677.125
42176.61,48638.977,45208.2,43374.22
42007.52,48326.95,45101.15,43527.57
41970.69,48239.926,45152.68,43692.66
42293.88,48505.676,45028.62,43850.54
42448.84,48767.26,44991.98,44087.035
42307.95,49160.633,45134.4,44209.65
42484.37,49684.23,45173.24,44360.254
43121.22,50725.105,45534.14,44521.6
43326.57,51840.043,46130.67,44798.617
43652.48,53177.76,46475.23,45061.098
44060.18,54640.152,46914.25,45451.242
45820.12,56470.09,47381.92,46019.742
46679.46,57823.684,48703.49,46903.625
48085.83,58868.79,49679.98,47900.914
49989.4,59609.523,50801.56,49248.69
54264.45,60601.527,52391.7,51113.457
56927.74,61000.086,55948.03,53665.613
58747.14,61306.99,58052.86,55904.37
60218.35,61541.64,59922.35,57800.65
61444.31,61863.258,61732.53,59366.082
62184.49,61988.387,63939.13,60646.066
62544.03,61956.414,65211.41,61530.145
63448.8,61942.344,65542.65,62201.766
63722.66,63519.95,65850.87,62755.117
64308.65,63915.42,66629.03,63673.16
64410.03,64156.61,67218.05,63905.992
64387.5,64317.133,67390.74,64027.246
63376.88,64109.945,67891.66,64116.055
63601.86,64523.008,67978.47,63914.918
63932.32,64779.434,68252.03,64022.242
64627.37,64964.184,68940.02,64194.902
64096.95,64859.453,69027.29,64406.254
64202.0,65149.203,68759.29,64415.473
64258.49,65320.492,68717.3,64760.156
64867.13,65402.69,69008.84,65183.66
65067.81,65385.562,69347.04,65604.0
64978.42,65451.426,68935.97,65666.02
65478.0,65537.98,69929.47,65874.32
65409.38,65559.59,70409.47,65986.28
64609.65,65503.01,70572.96,66016.23
64575.55,65520.812,70477.2,65673.805
64149.93,65503.348,70327.73,65449.74
63891.43,65513.547,70051.09,65223.445
64147.01,65405.992,69427.48,64972.062
63951.77,65363.742,69101.48,64446.855
64151.63,65387.887,68480.75,64063.457
63731.06,65400.02,67581.24,63715.15
63417.42,65242.6,66754.82,63395.855
63174.39,65242.05,65772.62,62849.13
62515.28,65208.754,65606.99,62509.75
62095.08,65224.75,65447.57,62237.0
61881.35,64999.297,64821.38,61991.555
61625.54,64990.508,64783.19,61534.156
61147.74,65014.508,64272.72,61279.984
60445.59,65000.65,63932.93,61104.67
60850.0,64722.805,63754.75,60961.93
60631.57,64699.727,63919.0,60629.555
60105.29,64651.227,63203.87,60497.82
59955.91,64630.04,62675.86,60437.37
60767.2,64253.203,62905.0,60440.125
61160.04,64283.543,62892.23,60337.406
60962.82,64262.555,63053.85,60452.38
60958.39,64245.28,63359.48,60642.227
60883.5,63804.867,63765.32,60896.27
60537.19,63624.164,64757.91,61130.75
60620.12,63370.227,65564.82,61535.223
60776.21,63070.684,66527.72,62007.07
60515.35,62202.664,67277.93,62490.68
60583.59,61768.72,67296.2,63757.453
61727.66,61423.0,66386.5,63975.31
62364.1,61103.473,66091.83,63708.656
61875.14,60039.72,65609.01,63042.492
60961.98,59488.8,63331.71,61883.164
59978.81,59047.914,62040.74,60503.77
58805.36,58652.535,60691.62,59157.93
57612.4,57556.49,59716.97,58031.57
56094.93,57020.164,58599.14,56722.49
55055.35,56585.285,57097.82,55667.31
54205.73,56218.9,55681.31,54849.754
53180.23,55110.586,54851.88,54174.492
52073.26,54645.35,53996.75,53360.402
50857.62,54298.16,53274.04,52715.953
49932.44,54029.5,52190.36,52215.242
49442.73,52280.008,51334.88,51754.08
48834.94,51561.8,50575.97,50444.35
47960.74,50962.844,49675.5,49692.516
47119.14,50470.33,48994.08,48918.05
45801.76,49723.55,47992.99,48159.734
45556.34,49358.074,45906.94,47360.867
45096.56,49070.72,45324.74,46737.168
44511.35,48847.324,45073.83,46209.266
43445.37,48406.277,44504.65,45770.03
42954.87,48209.75,43795.75,45333.13
42755.61,48025.094,43339.65,44970.336
42510.93,47879.93,43041.66,44660.96
42286.04,48071.848,42715.37,44345.516
42064.39,47403.684,42319.83,42821.824
42391.8,47367.973,42076.64,42780.434
42215.19,47517.082,41702.87,42723.645
42882.56,47874.688,41745.6,42677.68
42961.09,48146.906,41754.47,42675.83
42981.88,48419.523,41573.12,42652.35
43028.36,48777.984,41627.4,42655.08
43332.59,49590.742,41676.75,42677.08
43507.45,50306.41,42152.92,42745.723
43848.12,51180.234,42624.11,42803.0
44918.92,52203.133,42696.31,42880.094
46409.42,53791.676,42879.05,42973.766
47678.76,55001.19,43101.71,43112.367
48591.12,56034.832,43272.03,43264.04
50159.34,56852.49,43252.68,43485.32
54329.57,57970.99,43831.27,43792.844
56947.16,58464.402,44908.33,44260.188
58745.77,58837.438,45593.13,44772.047
59908.94,59131.305,46225.99,45358.816
60224.36,59615.113,46795.95,45987.68
60729.86,59786.67,48152.91,46738.11
61293.62,59926.9,48879.79,47356.984
62032.8,60066.195,49800.13,47915.17
63091.76,61692.297,50176.67,48409.188
63484.47,61787.457,50347.06,49738.96
63574.45,61855.168,50832.65,50106.008
63675.1,61890.906,51620.71,50489.727
62700.31,61763.23,52230.65,50883.414
63413.96,62008.855,53091.02,51317.85
63939.09,62201.78,53625.48,51642.88
63922.75,62312.863,54298.23,51935.066
63542.18,62344.87,54851.76,52192.58
63812.49,62602.773,55423.1,52459.05
64149.69,62756.36,56032.83,52650.41
64788.39,62835.6,56227.77,52845.766
65798.87,62918.25,56231.97,53055.77
66308.96,63056.504,56047.37,53231.984
66715.11,63138.805,55981.55,53414.883
67095.55,63175.14,56554.31,53603.02
65888.33,63225.344,56395.41,53766.18
65891.56,63286.395,56446.75,53702.406
65529.72,63323.215,55873.14,53601.22
65359.15,63342.215,55294.2,53418.633
64700.18,63353.203,55094.26,53160.1
64565.64,63410.594,54984.91,52744.523
64096.48,63454.086,54694.04,52337.83
63331.56,63482.93,54439.32,51959.152
63159.24,63397.066,53938.03,51592.953
63264.72,63454.816,53723.68,51232.305
62995.41,63499.887,53585.23,50856.426
62648.59,63538.43,53045.0,50560.254
62885.36,63332.92,52686.17,50359.617
62364.5,63379.176,52612.64,50206.996
61741.08,63415.26,52308.23,49966.105
61134.35,63444.04,52333.59,49822.04
60914.17,63109.73,52023.13,49741.254
60677.07,63129.797,52098.77,49731.45
60306.78,63149.95,52045.61,49677.24
60124.62,63164.523,52376.08,49696.023
60149.9,62734.086,52527.04,49771.6
59623.2,62725.727,53160.44,50026.97
59597.32,62725.15,53448.23,50206.99
59813.48,62719.11,53891.8,50479.895
59718.7,62213.992,54466.48,50838.105
59533.64,62057.984,55793.75,51519.145
59708.34,61846.855,56086.63,52007.11
60177.69,61601.36,57197.44,52500.047
60791.11,61003.61,57458.48,52914.285
60975.59,60375.94,56628.1,53410.402
61768.01,59951.637,56313.68,53368.367
62593.25,59650.22,55871.0,53111.926
62487.11,58655.477,55121.87,52675.56
61652.41,58225.797,53920.88,52029.645
60390.69,57970.25,52697.44,51212.254
59320.22,57835.86,51749.61,50398.49
57856.48,57236.6,51034.2,49612.742
56821.3,57084.695,50039.28,48816.984
55843.21,56978.83,49531.79,48105.395
54810.08,56893.742,48730.4,47541.227
54280.51,56393.758,48283.52,47041.01
53366.43,56169.645,48201.64,46501.42
52252.21,55924.67,47587.81,46052.098
51295.63,55643.055,46860.72,45700.938
50100.18,54175.17,46225.79,45387.008
49233.62,53429.52,45370.94,44186.684
48558.04,52627.72,44453.49,43534.703
47828.04,51882.543,43703.18,42806.234
46520.54,50868.227,42707.08,42026.42
45950.47,50322.21,41011.26,41337.742
45424.82,49891.688,40495.82,40683.695
45149.29,49557.125,40166.94,40119.355
45131.84,49014.883,39395.56,39616.02
44964.38,48792.625,39242.94,39301.094
44712.21,48613.633,38830.0,38901.918
44404.25,48468.938,38360.2,38546.098
43991.93,48306.34,37968.61,38243.566
44192.91,47967.473,37961.36,37557.57
44190.46,48093.902,37588.02,37418.387
44280.41,48311.723,37396.17,37309.188
44402.64,48778.7,37534.05,37235.086
44512.22,49128.227,37537.04,37217.28
44652.07,49567.645,37589.32,37181.094
44857.64,50141.66,37528.89,37160.168
45347.95,51113.33,37190.86,37144.227
45778.38,52064.086,37959.77,37171.914
46112.29,53150.72,38437.17,37185.887
46661.49,54256.54,38164.55,37207.484
47940.86,55597.746,37895.44,37242.87
48824.24,56493.832,38576.12,37338.04
50049.1,57193.91,38630.94,37389.305
51670.62,57714.84,38516.52,37453.297
54541.96,58478.957,38423.78,37534.93
56612.79,58773.01,38550.73,37717.41
58531.55,59002.875,38880.43,37917.523
59601.67,59181.082,39182.81,38197.2
59748.33,59562.574,39281.15,38560.914
60546.05,59674.02,40058.04,39083.164
61144.95,59780.816,40568.45,39583.508
61845.91,59923.5,41010.12,40095.58
62757.13,61339.844,41405.83,40596.543
63245.25,61407.617,41976.07,41667.758
63504.16,61481.477,43120.38,42290.688
63506.26,61534.836,43989.27,42985.31
62819.24,61394.605,44674.86,43697.023
63074.77,61615.76,44810.0,44342.727
63424.64,61777.836,45319.09,44993.984
63843.29,61877.1,45826.26,45577.1
63875.58,61823.434,46647.16,46087.633
64189.54,62141.08,47635.52,46440.08
64138.1,62338.664,48524.1,46784.492
64805.08,62423.562,48971.1,47118.707
65700.57,62493.168,49442.77,47456.07
66068.01,62605.18,50612.45,47678.95
65887.45,62644.07,51387.89,47941.273
66025.16,62642.406,51879.65,48129.07
64786.5,62690.016,51671.11,48195.195
64100.17,62724.625,51389.09,48054.15
63759.59,62739.324,51251.37,47833.125
63352.78,62741.06,50644.94,47564.35
62968.05,62755.383,50150.07,47255.867
62072.76,62786.51,49434.62,46905.08
61358.65,62800.477,48455.76,46537.426
60945.24,62815.086,48326.73,46196.316
60366.97,62743.203,47777.94,45877.164
60081.65,62804.973,47358.51,45577.76
59605.1,62844.043,47254.32,45296.055
59251.67,62878.39,47324.65,45060.902
58620.59,62681.715,47057.49,44870.42
58612.07,62756.008,47643.56,44688.14
57657.95,62806.266,47271.67,44573.29
57045.95,62823.477,47064.44,44511.34
57344.42,62473.766,46974.63,44499.656
57285.75,62503.684,47633.61,44507.266
57167.52,62534.555,47449.2,44625.703
57484.8,62562.81,47765.1,44834.453
58265.86,62075.406,48423.13,45137.758
58187.4,62056.523,49030.6,45736.375
58267.0,62024.566,49161.88,46333.242
58186.84,61968.383,49693.79,47033.797
58211.24,61272.438,50674.28,47772.746
57967.74,61049.66,51571.55,48930.098
57933.29,60752.18,52186.34,49533.816
58038.26,60425.82,53390.37,50024.664
58413.75,59550.285,53579.62,50361.04
58419.68,59062.812,54080.28,50872.84
59230.02,58670.957,53580.2,50769.54
59776.76,58339.59,53233.98,50548.797
59270.11,57296.855,52776.28,50200.406
58210.52,56780.305,52319.1,49828.29
57088.72,56420.566,51287.2,49202.742
56438.16,56171.375,50437.01,48701.645
55301.63,55351.418,49592.87,48287.293
54461.71,55001.246,49431.6,47943.234
53345.79,54719.38,49104.84,47569.17
52390.95,54479.77,48648.62,47325.9
51707.24,53763.92,48610.57,47145.33
51060.95,53347.926,48878.51,46973.97
50045.11,52971.348,48244.71,46763.867
48956.93,52619.562,47420.5,46618.664
47948.83,51349.562,46713.4,46479.656
46979.84,50531.54,45246.93,45566.348
46469.28,49883.44,44020.27,44916.35
46082.06,49375.57,43181.65,44225.363
44711.94,48702.156,42564.74,43512.29
43999.1,48359.637,42162.98,42894.133
43258.22,48079.914,41557.45,42314.76
42705.56,47861.52,41342.61,41852.992
42402.71,47459.125,41021.71,41459.477
41798.01,47291.836,40758.61,41139.383
41242.55,47146.156,40482.95,40762.664
41158.96,47023.7,40220.05,40402.62
40930.46,46606.516,40211.82,40061.33
40690.57,45600.277,39901.87,39718.547
40472.01,44788.145,39684.17,39636.688
40555.28,44062.367,39406.8,39616.707
40678.98,43648.555,39672.36,39638.375
40537.31,43318.93,40083.01,39743.02
40716.97,43100.387,40201.42,39864.016
40652.28,43020.977,40228.53,40090.9
40827.8,43119.785,40247.92,40404.21
40837.51,43191.227,41029.33,40875.32
41032.05,43291.9,41713.16,41350.61
41217.94,43447.72,42104.42,41959.83
41776.99,43767.51,42815.6,42751.83
41672.2,44027.953,44789.32,43825.004
41817.22,44245.086,46353.14,45027.383
42090.91,44467.234,47913.46,46602.85
43255.98,44846.32,50013.86,48699.816
43807.24,45209.812,53691.12,51304.293
44222.01,45574.55,56096.26,53580.004
44509.28,45911.418,58289.66,55422.79
45705.91,46280.246,60312.67,56854.098
46234.91,46690.61,62472.78,58100.0
47352.24,47126.05,63491.08,59016.875
48481.66,47610.688,64396.04,59843.04
49493.71,48650.14,65013.77,60590.688
50110.86,49186.574,65700.49,61721.195
50476.64,49609.562,65787.41,62218.023
51396.67,49926.984,66140.3,62590.727
51111.98,50144.484,66768.11,62884.5
51560.88,50578.598,66631.87,62848.77
52206.21,50962.746,66736.65,63070.875
52869.33,51287.67,67155.48,63310.3
53133.39,51441.48,67456.77,63639.496
53593.14,51809.836,67266.42,63770.965
53571.81,52103.15,67654.8,64135.6
54114.36,52263.336,67753.76,64369.74
54059.87,52182.773,68089.8,64677.64
54315.77,52117.426,68034.17,64736.156
54467.52,52057.965,68332.77,64939.492
54636.15,52002.55,68121.07,65127.39
53771.61,51854.387,67895.43,65193.82
53468.61,51752.277,67547.6,64899.406
53227.17,51665.195,67539.07,64773.727
52734.92,51584.59,68161.39,64561.35
52584.71,51414.336,68470.75,64295.008
52291.13,51311.76,68777.19,63724.414
51924.05,51215.3,68458.03,63410.6
51431.48,51123.535,67430.19,63139.266
50667.08,50929.67,67110.34,62842.34
50513.81,50825.824,66671.72,62228.82
50333.28,50739.613,66082.53,61874.4
49739.94,50671.0,65639.63,61609.723
49837.27,50488.53,65251.81,61357.223
49606.71,50434.734,65190.83,60788.977
49235.65,50390.99,65167.4,60460.83
49028.71,50355.45,64890.06,60141.613
48666.95,50227.72,64375.19,59899.754
48558.51,50194.414,64663.78,59452.945
48594.22,50185.008,63867.34,59214.156
48575.38,50193.82,63638.48,59052.434
49272.41,50159.402,63269.0,58964.953
49751.83,50201.234,63481.31,58904.4
49933.64,50270.484,63499.19,59023.15
50256.19,50337.074,63671.42,59224.52
50603.86,50402.113,64101.23,59490.34
50651.56,50387.105,65384.36,59843.746
50732.27,50373.023,66127.51,60225.52
50903.42,50340.207,67056.6,60668.22
50997.78,50374.797,67752.99,61148.035
51177.57,50262.508,66992.55,62295.652
51911.33,50215.586,66255.46,62495.53
52192.86,50197.812,65643.79,62273.36
52283.99,50001.492,65440.35,61767.35
51404.92,49904.805,65070.72,60953.305
50476.41,49836.047,63969.08,59974.465
49824.7,49757.117,62727.75,59020.59
48856.16,49321.3,61675.64,58134.22
48247.74,49112.598,59784.97,57156.273
47548.53,48920.97,59250.6,56219.15
46938.3,48702.027,58125.29,55381.613
46321.38,48197.703,57256.48,54581.125
45671.37,47832.676,57131.85,53605.137
44766.41,47457.777,56308.27,52693.645
44278.63,47025.047,55026.91,51890.535
42914.09,45662.656,54267.42,51131.402
42279.35,45031.734,53205.97,49982.758
41691.81,44492.96,52358.06,49124.62
41265.22,44059.746,51628.77,48355.1
40223.32,43611.664,50491.63,47659.59
39625.69,43347.703,49296.28,46917.332
39075.05,43139.05,48743.76,46356.508
38870.75,42980.785,48395.79,45891.46
38168.73,42788.035,47809.87,45485.61
37736.24,42709.797,46771.4,45033.96
37308.38,42636.383,46404.47,44700.336
37086.02,42575.65,46148.25,44413.312
36528.28,42014.85,45774.01,44149.375
36283.43,41208.734,45473.13,43515.445
36126.5,40720.79,45243.76,43485.336
36021.08,40354.938,45224.99,43511.547
36104.76,40182.97,45103.37,43562.582
36093.64,40024.605,45287.15,43713.58
36146.56,39930.008,45606.02,43830.47
35963.81,39887.05,45680.59,43984.59
36477.82,39962.668,45835.91,44177.406
36587.0,40020.78,46585.03,44536.137
36575.08,40091.734,47167.95,44857.324
36748.23,40160.562,47863.79,45315.992
36926.92,40355.82,48346.73,45971.547
36913.67,40455.035,49629.05,46975.39
37007.96,40534.375,50533.41,48015.457
37043.72,40599.438,51710.29,49270.516
37558.15,40751.25,53288.53,50850.3
37837.39,40833.39,56497.54,53070.695
37902.05,40915.867,58854.78,55220.492
38230.89,40980.65,60596.09,57016.863
38824.11,41130.023,62304.04,58359.94
39632.5,41307.23,64233.41,59431.363
40534.33,41651.984,65417.02,60183.977
41470.55,42173.785,65898.56,60804.484
41956.07,43829.906,66044.51,61342.39
42772.54,44370.35,66549.19,62142.727
43484.1,44935.74,66843.79,62536.53
44179.98,45486.25,67073.89,62779.09
45116.27,46151.074,67001.0,62934.29
45438.76,46786.906,66272.11,62767.2
46359.07,47339.555,66824.69,62924.105
46883.06,47879.418,67268.57,63095.5
47281.03,48332.336,67192.76,63244.07
47680.15,48741.258,66894.52,63123.867
48422.8,49102.1,67061.29,63368.336
48803.1,49422.613,67402.14,63635.676
48648.24,49602.65,67553.86,63929.527
49233.42,49764.336,67839.96,63862.684
49482.65,49907.363,68537.65,64123.5
49442.93,50018.367,68864.18,64327.473
48978.15,50051.91,68862.5,64469.754
48566.62,50080.758,68182.66,64230.246
48516.03,50080.816,67851.64,64165.03
47826.93,50081.535,67829.7,64057.37
47678.16,50006.156,68034.94,63856.16
47402.42,49978.375,68570.14,63362.54
46932.23,49941.824,68434.35,63174.977
46089.52,49889.594,67926.12,63017.66
45658.88,49739.137,67044.79,62952.617
45584.62,49646.97,66344.15,62480.047
45670.39,49569.625,66376.79,62260.85
44953.36,49510.64,66294.05,62045.46
44756.99,49308.68,66113.49,61820.973
44564.64,49213.492,65999.22,61196.633
44402.23,49115.2,65747.08,60879.117
44019.54,49022.07,65483.09,60646.594
44211.77,48774.383,64834.55,60449.03
44208.03,48703.97,64348.67,59953.832
44233.85,48639.0,63816.32,59704.566
44376.42,48588.26,63782.74,59507.45
45970.77,48386.01,63534.48,59381.246
46377.82,48475.758,63439.71,59206.79
46865.29,48561.37,63533.38,59202.65
47519.63,48648.99,63707.39,59308.1
47986.08,48559.77,64178.65,59509.035
48480.6,48627.715,64644.28,59800.324
48875.99,48702.06,65500.57,60191.688
49158.28,48776.992,66791.15,60700.637
48983.51,48692.285,67344.65,61288.277
49561.51,48703.42,67638.7,62592.605
50467.42,48758.277,67238.83,62985.734
50906.96,48851.59,66747.66,62902.184
51255.77,48686.23,66380.1,62530.86
50391.21,48722.3,65846.34,61758.477
49649.25,48711.145,64784.45,60835.953
48923.53,48652.594,63632.3,59877.863
48163.64,48251.562,62500.42,58982.633
47354.97,48046.88,61324.71,57958.03
47293.75,47802.99,60337.5,56997.06
47351.87,47594.566,59082.14,56144.613
47248.49,47223.03,58308.61,55332.438
46323.27,47012.477,57547.98,54336.164
45810.88,46742.023,56511.94,53381.73
44909.11,46465.47,55079.57,52515.402
44057.05,45248.074,53961.13,51694.348
42938.4,44706.19,52734.18,50578.234
42249.12,44226.984,51825.27,49612.164
41736.83,43824.81,50879.55,48753.1
40952.13,43423.992,50052.27,47962.43
40460.25,43190.21,49310.56,47169.69
40300.66,43003.7,48918.21,46546.53
40064.6,42865.246,48216.56,46032.04
39910.92,42693.637,47642.87,45594.254
39565.29,42621.797,46667.2,45123.395
39527.61,42558.43,45994.13,44777.81
39450.18,42501.723,45861.52,44472.074
39322.21,43330.984,45540.26,44204.46
39233.31,42329.13,45066.9,43741.39
39401.91,41761.195,44837.42,43727.71
39470.6,41305.35,44851.33,43763.74
39724.14,41102.54,45059.92,43825.703
40011.89,40949.383,45359.35,43978.086
40192.65,40949.61,45587.26,44110.832
40340.89,41079.22,45500.37,44283.914
40719.79,41489.125,45861.82,44500.703
41138.65,41860.28,46567.03,44849.57
41765.12,42331.75,46758.29,45189.918
42208.4,42930.855,47284.42,45659.676
43657.04,43854.984,47924.47,46313.426
44523.53,44742.37,50073.66,47301.383
45922.97,45770.47,51175.72,48337.832
48035.26,47034.062,52378.99,49577.633
52149.67,48929.273,54042.76,51102.535
54878.53,50821.895,57283.97,53226.926
56939.14,52914.223,59775.96,55366.31
58656.02,54894.324,61755.04,57230.914
60793.91,56819.547,63398.44,58617.008
61371.27,58049.574,65655.91,59681.13
62199.3,58942.773,67047.11,60412.906
62704.33,59582.004,67599.03,61014.76
63980.95,61803.03,67883.03,61524.438
64383.78,62295.67,68154.4,62139.312
64774.9,62597.195,68491.88,62550.66
64981.88,62740.2,68801.52,62827.523
64469.57,62779.28,68771.34,63021.223
64684.79,62877.72,68256.31,62844.777
65470.78,62925.59,68512.4,63013.3
65617.95,62942.65,68754.89,63164.566
66249.49,62948.84,68928.91,63325.402
66924.66,63027.12,69206.62,63126.273
67246.14,63086.008,69196.15,63353.023
67511.54,63124.586,69234.24,63599.676
67551.29,63148.31,69592.73,63872.57
67728.32,63219.695,69948.93,63737.08
67680.85,63263.008,70473.33,63958.86
67605.47,63310.945,70474.9,64139.492
67270.31,63331.46,70295.17,64270.992
66826.64,63355.9,69607.48,63959.934
66877.21,63358.406,69388.12,63896.83
66701.67,63357.766,69597.98,63755.004
66935.61,63314.51,69386.1,63573.305
66786.85,63329.617,69328.79,62999.42
66608.09,63326.938,68751.62,62692.176
66013.54,63314.555,68453.48,62422.41
65695.32,63168.266,67914.04,62193.27
65584.09,63182.68,67404.83,61646.273
65414.57,63195.39,67172.49,61340.87
65302.06,63205.79,67034.21,61074.96
65181.2,62944.297,66738.31,60836.863
64635.22,62961.53,66604.34,60302.7
64498.29,62977.1,65867.7,59984.8
64287.57,62995.938,65774.64,59725.81
63751.53,62615.125,65137.53,59525.535
63264.26,62637.785,65258.1,59143.926
62954.02,62651.094,64803.3,58921.02
62920.31,62665.035,64753.11,58781.0
63554.97,62165.33,64616.9,58729.207
63173.67,62161.297,64665.02,58786.633
63354.78,62119.37,64840.85,58983.168
63453.76,62048.727,65278.0,59289.035
63105.61,61296.363,65683.15,59638.383
62943.62,61106.312,66031.37,60174.82
63079.14,60898.04,66906.58,60713.78
63448.21,60700.008,68218.54,61367.15
63547.94,59784.133,68692.47,62087.406
63776.43,59544.65,68939.09,63370.633
64787.25,59333.953,68318.33,63566.33
64906.25,59139.465,67931.56,63350.383
63917.84,58097.312,67534.76,62918.918
62263.22,57835.227,66369.14,62029.617
61323.82,57618.844,64976.17,61085.457
60348.18,57429.805,63650.28,60146.543
59075.29,56496.965,62917.23,59290.6
58033.99,56213.133,61831.78,58292.8
56771.32,55952.805,60732.83,57358.746
55662.07,55697.98,59993.28,56528.37
54615.45,54870.008,59154.34,55721.793
53640.19,54486.855,58272.64,54722.938
52303.53,54119.43,57326.09,53788.125
51304.76,53755.043,55778.92,52932.81
50236.42,52070.875,54515.65,52128.7
49443.67,51198.336,52658.03,50965.49
48355.71,50377.3,51522.9,49982.027
47992.66,49660.508,50614.79,49086.434
46932.73,48779.273,49538.8,48260.754
46457.83,48282.855,48430.85,47461.797
46497.95,47916.125,48129.69,46839.37
45631.08,47648.016,47681.62,46348.72
45287.7,47210.656,47311.72,45926.86
45020.83,47012.24,46515.99,45483.785
44660.94,46852.652,46158.06,45136.633
44195.28,46731.035,45925.21,44837.223
43769.6,46663.586,45237.88,44565.812
43969.26,46345.777,44883.0,44233.6
44035.33,46342.17,44630.97,44226.83
44063.02,46400.594,44769.79,44259.09
44228.46,46746.223,44752.24,44304.53
44338.81,47072.137,44906.21,44427.25
44375.03,47567.234,45020.27,44522.574
44513.56,48222.445,44808.88,44654.938
44825.34,49318.906,44972.58,44840.594
45326.13,50336.047,45563.92,45142.36
45643.83,51591.324,46241.35,45475.305
46288.41,52999.555,46967.09,45986.984
47673.94,54845.297,47519.68,46690.598
48823.39,56236.895,49245.66,47664.062
50229.21,57433.297,50300.08,48712.836
51596.07,58380.09,51176.57,50037.945
54772.63,59492.926,52756.11,51730.758
57114.68,59943.566,56296.08,54103.18
59102.5,60265.98,58389.84,56269.824
60452.12,60486.02,60579.19,58033.562
61691.37,60961.81,62280.22,59392.63
62113.01,61056.965,64340.92,60537.883
62620.5,61109.332,65558.52,61291.7
63293.17,61130.812,66324.94,61898.387
63896.76,62787.117,67012.43,62369.797
64042.89,62966.0,67431.15,63039.727
64499.7,63044.42,67528.5,63403.727
64758.51,63057.73,67849.0,63651.793
64726.18,62984.625,67858.67,63856.293
65324.76,63098.625,67832.82,63637.742
65708.63,63168.285,68129.77,63735.555
65668.47,63215.805,68749.72,63830.465
65979.73,63169.38,68786.21,63874.4
65853.57,63231.535,68275.72,63674.62
66238.92,63231.902,68543.97,63861.035
66357.42,63212.32,68952.76,64094.844
66444.86,63252.133,69275.29,64341.477
66754.68,63264.734,69244.27,64263.918
67014.1,63267.41,69399.82,64447.734
66968.72,63228.484,69737.6,64711.28
66485.37,63270.734,69835.97,64902.082
66527.08,63266.78,69547.12,64612.574
66505.45,63278.12,69325.42,64579.074
66716.75,63289.387,69275.15,64671.613
66548.58,63300.168,69642.72,64467.29
66572.03,63336.57,69593.95,63924.227
66464.61,63363.84,69397.15,63596.17
65876.23,63404.664,69031.0,63401.21
65661.67,63316.586,68378.38,63346.555
65401.91,63364.47,67742.76,62889.016
65434.55,63415.03,67080.43,62639.496
65352.54,63465.254,66937.12,62332.188
65104.32,63258.98,66458.6,62005.38
64614.52,63318.055,66118.88,61395.945
64225.71,63376.57,65461.03,61059.883
63655.97,63428.48,64984.96,60972.434
63511.23,63063.125,64622.35,60782.848
63244.74,63133.81,65110.95,60296.22
63038.1,63198.023,64751.25,60011.113
62853.02,63250.97,64428.95,59875.12
62959.82,62778.57,64212.87,59863.39
63015.63,62783.67,64535.18,59876.414
63301.9,62815.46,64754.19,60020.727
63328.96,62805.332,65112.36,60233.938
62590.86,62156.46,65589.83,60530.62
62466.76,62121.93,67000.44,61007.367
63108.93,62052.043,68247.78,61655.33
63294.25,61956.086,69764.04,62402.203
63887.63,61173.23,70285.29,63198.402
64326.82,61047.836,70481.99,64415.348
65074.13,60969.246,69632.27,64544.297
65047.3,60889.766,69134.46,64293.492
64230.11,59925.58,68449.79,63849.168
62788.15,59799.203,66657.08,62858.215
62096.06,59715.902,65409.29,61835.613
61002.9,59622.598,64369.4,60808.523
60164.43,58673.766,63497.19,59859.3
59053.23,58386.75,61596.88,58766.355
57772.87,58074.918,60381.2,57788.23
56418.12,57733.44,59553.38,56939.348
55400.63,56665.98,58374.93,56143.234
54457.39,56043.64,57757.12,55166.48
53364.17,55386.07,56330.67,54231.098
52147.27,54685.53,54920.05,53390.824
50719.18,52831.14,54171.73,52604.74
49896.16,51625.777,52878.9,51381.83
49011.85,50709.543,51655.69,50342.41
48166.85,50055.543,50929.93,49376.086
47304.42,49332.7,50171.19,48504.723
46484.05,48949.6,48340.77,47662.457
46015.38,48653.89,47741.48,47043.82
45934.37,48432.977,47188.73,46564.703
45195.45,48045.5,46805.53,46176.652
44810.14,47879.812,46089.45,45745.793
44299.11,47738.133,45619.05,45435.875
44069.08,47626.113,45443.53,45169.598
43924.35,47487.977,45222.59,44921.066
43572.93,46987.156,44878.61,44515.637
43789.35,46923.41,44815.5,44584.707
43779.47,46819.26,44749.87,44668.945
43949.89,46946.46,44608.82,44753.242
44002.33,47191.453,44603.14,44906.47
43967.57,47669.8,44511.52,45007.56
44223.69,48377.29,44427.93,45140.684
44637.82,49570.16,44606.74,45316.76
44966.05,50781.254,44589.81,45652.883
45563.32,52033.066,44803.09,46019.746
46349.21,53219.56,45800.81,46567.664
48175.53,54631.207,46764.33,47314.09
49246.2,55549.336,48120.31,48418.29
50262.3,56278.344,49252.15,49597.72
52308.14,56854.242,50471.32,51095.93
55960.85,57754.918,52199.05,53023.293
58381.14,58121.367,55707.05,55537.406
60196.23,58438.555,58349.88,57708.574
61719.37,58715.28,60594.19,59563.508
63423.12,59397.918,62299.58,61016.023
63881.94,59606.387,64371.73,62273.617
64420.2,59785.008,65930.28,63119.137
64920.27,59933.79,67063.71,63759.875
65184.89,62465.805,67683.52,64295.375
65035.07,62778.766,68451.83,65366.703
65139.85,63003.51,68846.28,65668.34
65138.57,63136.797,69050.2,65856.125
65177.56,63291.613,68846.33,65906.61
65093.99,63465.57,68200.37,65554.77
65527.74,63575.13,68052.26,65594.93
65866.12,63646.996,68375.14,65654.484
66462.61,63704.938,68440.49,65807.37
66717.2,63835.973,67877.21,65661.41
66887.64,63916.3,67826.93,65970.59
66934.79,63971.64,68348.08,66347.52
67679.01,63998.492,68429.43,66732.71
67851.05,64094.39,68452.08,66687.5
68249.68,64144.426,68399.1,66886.555
68005.46,64181.984,69140.78,66999.04
67733.48,64180.81,69335.73,67026.914
67274.67,64214.836,68470.13,66615.99
67434.68,64232.348,67804.54,66406.43
67404.0,64246.348,67626.68,66160.1
66863.83,64201.46,66897.07,65887.3
66490.65,64227.367,66398.88,65211.383
66090.43,64244.387,65727.12,64803.992
65315.19,64265.906,65240.5,64403.812
65009.24,64102.54,64416.8,64025.758
64850.84,64118.523,64185.1,63274.465
65039.71,64137.773,63796.45,62846.844
64546.2,64153.805,63320.08,62476.64
64475.18,63878.918,63057.4,62154.69
64185.36,63908.59,63336.37,61479.695
64451.49,63933.375,62782.2,61054.87
63688.44,63980.785,62528.62,60731.79
63174.73,63598.5,62088.12,60461.77
62621.56,63636.113,62217.68,59964.59
62165.13,63677.715,62130.2,59762.055
61658.72,63721.79,61774.79,59669.6
61473.15,63210.293,61883.29,59684.574
61595.03,63203.582,62047.57,59613.812
62103.55,63163.855,62244.01,59801.062
62096.47,63087.918,62568.63,60072.26
62252.64,62311.0,62958.05,60436.754
62113.8,62088.24,63780.34,61134.465
62456.74,61859.086,64921.35,61839.062
62754.27,61637.113,66021.29,62653.023
63447.72,60696.81,66086.03,63483.242
63880.8,60377.8,66782.43,64576.2
64638.65,60109.004,66143.09,64616.18
64437.18,59866.684,65896.66,64199.582
63207.78,58739.64,64851.17,63524.023
61940.0,58395.383,63711.52,62177.906
60814.29,58113.57,62485.03,60992.883
59656.41,57869.35,61664.7,59873.707
59156.09,56861.895,60174.4,58860.55
58077.86,56478.49,58651.36,57524.273
56886.42,56133.406,57603.25,56462.277
56018.52,55812.703,56296.81,55562.41
55417.73,54866.758,55492.44,54771.414
54317.71,54398.516,55289.19,53718.992
53128.36,53969.875,54342.16,52914.145
52082.67,53572.03,53720.25,52232.363
50713.0,52008.395,53243.2,51611.453
49649.74,51100.06,51451.36,50329.383
48890.19,50420.246,50124.36,49526.96
48296.34,49932.684,49009.44,48705.145
47382.46,49297.832,48465.39,47924.6
46980.08,49010.547,47960.49,47101.355
46540.93,48789.703,47295.94,46537.207
46255.98,48634.25,46794.23,46094.926
45639.38,48274.336,46347.43,45729.12
45414.53,48142.14,45630.83,45317.195
45093.59,48030.156,45092.33,45030.305
44680.84,47947.367,45276.74,44779.734
43659.36,48107.035,44813.14,44551.117
43635.73,47534.4,44107.38,43192.824
43710.91,47530.355,44103.69,43220.434
44055.32,47615.64,43709.93,43210.13
44262.6,48044.695,43795.55,43200.684
44226.25,48559.242,43724.72,43220.746
44099.01,49243.414,43345.28,43232.09
44433.1,50083.645,43381.86,43261.758
44807.74,51387.375,43469.88,43313.94
45176.74,52564.27,43647.2,43419.53
45646.37,53665.098,43829.36,43504.734
46035.17,54617.805,43989.41,43610.094
47503.34,55741.56,44176.64,43734.33
48633.18,56424.344,44581.52,43940.414
49875.47,56967.746,44743.58,44136.062
51761.92,57384.08,44939.71,44408.027
55209.21,58134.082,45374.07,44763.824
57788.46,58394.855,46263.64,45340.94
59860.42,58594.754,46826.48,45913.63
60910.64,58746.668,47413.92,46592.68
61613.74,59250.83,47993.64,47349.957
61937.5,59387.285,48972.62,48271.773
62657.45,59517.746,49583.27,49122.887
63399.09,59659.41,50766.86,49875.168
63883.61,61971.566,51280.99,50562.918
64438.16,62314.57,51990.6,51613.6
64870.78,62594.47,52298.71,52219.14
65074.37,62790.46,53559.03,52821.406
65318.41,62954.41,54346.86,53381.684
65729.0,63203.496,55276.74,53698.555
66079.56,63388.67,55804.28,54080.867
66243.18,63531.42,55952.89,54447.04
66054.38,63622.5,56179.7,54763.6
66373.75,63842.637,55852.76,54691.086
66713.96,64020.258,56054.19,54879.492
67184.55,64155.465,55786.3,55118.668
67510.4,64289.375,55952.45,55400.246
68172.56,64450.258,56458.2,55318.484
68570.45,64577.49,56741.73,55536.902
68715.07,64674.434,56608.99,55714.418
68219.15,64776.996,56674.63,55809.758
67835.93,64892.355,56461.51,55565.36
67465.86,64965.09,56115.46,55364.72
67159.29,65001.875,55946.79,55075.043
67259.9,65009.652,55831.73,54692.46
67024.1,65064.203,55928.35,54184.13
66517.77,65121.68,55628.5,53662.387
66172.28,65173.32,54517.81,53175.96
65919.99,65081.29,54211.91,52742.38
66026.34,65127.363,53899.11,52353.465
65731.28,65166.113,53884.78,51944.13
65483.92,65196.992,53300.57,51643.582
66111.63,64946.805,53159.78,51393.227
65522.23,65030.414,52805.48,51184.26
65415.4,65081.062,52352.16,50988.58
65019.85,65104.555,52220.18,50898.49
64739.1,64729.16,51635.53,50871.453
64566.08,64793.773,51858.24,50897.316
64374.45,64855.363,51929.96,50947.023
63894.02,64910.84,51989.39,51045.133
63305.9,64380.555,52226.94,51177.305
63376.67,64419.86,52097.33,51427.695
63451.72,64428.758,52422.24,51636.652
63599.45,64401.176,52757.69,51934.57
63294.06,63592.984,53677.7,52284.348
63306.29,63477.6,54915.1,52835.703
63579.13,63364.285,56289.19,53352.78
63887.44,63244.17,57297.51,53863.23
64489.2,62236.164,57261.18,54319.95
64914.7,62059.418,57020.95,54649.42
65170.37,61929.305,56102.68,54519.688
64774.09,61821.16,55586.73,54173.48
64167.68,60713.215,55132.17,53627.51
62862.07,60539.21,54126.55,52774.79
61717.2,60383.492,52969.37,51931.613
60923.52,60243.16,52033.68,51187.83
60439.44,59277.016,51110.29,50511.83
59045.69,58997.15,50916.46,49695.277
58068.72,58700.06,50434.81,49100.04
57195.44,58415.77,49751.84,48647.65
55977.01,57333.258,49207.02,48249.105
54909.31,56835.26,49580.52,47649.027
53894.09,56395.688,48844.07,47250.125
52651.98,56009.066,48042.61,46939.95
51022.34,54428.844,47250.06,46611.383
50073.92,53173.867,46608.65,45594.42
49106.59,52286.285,45811.67,44991.348
48368.29,51602.848,45341.61,44299.46
47482.63,50671.58,44591.64,43565.848
46891.42,50252.027,43239.71,42811.324
46465.68,49941.336,42461.9,42173.133
46101.22,49729.348,42212.97,41595.1
45188.27,49253.625,41407.64,41064.043
44862.24,49090.227,40803.51,40607.363
44524.98,48936.21,40365.85,40127.58
44174.99,48831.363,39932.22,39681.477
44024.77,48623.812,39216.08,39276.996
43908.63,47995.453,38193.14,38972.902
43931.58,47839.83,38047.08,38851.79
43975.44,47821.36,37844.7,38757.668
44075.9,48112.766,37811.07,38718.43
44237.14,48373.5,37966.99,38711.133
44273.9,48729.484,37930.85,38666.195
44278.54,49112.9,37753.57,38652.7
44641.47,49763.52,37341.6,38678.203
45027.85,50346.523,37037.8,38869.63
45304.09,51084.46,37094.65,38955.44
46016.32,51924.74,38124.61,39055.1
47200.45,53247.062,38008.1,39120.78
47747.13,54356.793,38401.34,39225.125
48597.76,55316.152,38393.57,39306.15
50629.9,56146.04,38182.29,39356.367
54602.03,57327.88,38179.62,39413.22
57037.44,57920.082,38039.88,39723.977
58888.37,58393.58,38100.55,39994.14
60582.3,58794.664,38889.71,40343.49
62296.93,59529.832,38486.64,40744.66
62769.56,59769.1,39051.39,41372.01
63399.91,59957.676,39500.17,41900.18
64036.04,60034.18,39353.58,42435.9
65064.76,62588.473,39806.74,42956.0
65608.39,63189.35,41001.36,44363.92
65877.75,63637.63,41651.49,45014.75
66149.93,63974.195,42643.53,45766.46
66492.9,64303.562,43252.53,46477.78
66759.03,64544.992,44403.88,47179.45
67238.94,64702.95,44922.59,47699.137
67392.44,64824.234,45980.68,48153.934
67520.49,64991.414,46869.0,48553.375
67724.76,65135.79,47625.13,48908.34
68020.48,65253.492,48432.71,49215.523
68106.48,65335.812,48899.64,49536.24
68360.07,65441.05,48936.32,49919.008
68671.54,65542.65,49852.68,50313.375
69139.76,65609.08,50120.35,50734.598
68854.05,65633.21,50425.17,51198.367
68706.76,65647.81,50822.66,51578.11
68604.22,65666.09,51051.81,51787.008
68605.09,65666.82,51585.56,51807.008
68559.06,65629.83,51982.01,51701.73
67952.51,65547.89,51925.15,51470.793
67247.63,65513.227,52136.53,51125.766
66495.85,65489.09,52073.87,50713.168
65697.35,65452.47,51505.32,50335.676
65284.95,65287.82,50946.93,49987.582
64922.16,65248.086,50396.32,49689.29
64262.12,65216.74,49761.12,49424.0
63927.03,65197.234,49306.32,49233.85
66067.44,64932.656,48660.12,49101.477
63366.25,64933.574,48097.37,48984.97
62898.69,64950.55,47921.39,48941.92
62550.99,64958.188,48033.67,48963.22
62718.56,64530.008,48144.0,49027.62
62304.51,64528.93,48058.33,48983.734
62148.49,64510.48,48014.19,49112.875
61968.79,64459.08,47941.31,49318.156
61644.71,63867.938,47700.49,49599.99
61620.4,63838.395,47903.98,49971.348
61459.56,63771.047,48085.91,50467.324
61588.73,63688.098,48649.41,51118.324
61370.24,62790.453,49552.51,51879.316
61129.97,62602.883,51262.78,52908.7
61395.32,62398.195,53028.84,53750.062
61272.35,62222.49,54653.73,54519.504
62156.44,61161.312,55408.47,55077.797
62274.67,60948.1,56243.62,55549.855
62703.41,60756.74,55987.65,55398.75
62498.96,60612.344,55646.65,55091.88
61321.4,59520.492,54987.22,54616.414
60207.34,59334.426,54545.96,53876.23
59260.36,59171.812,53975.95,53032.324
58073.57,59048.816,53437.24,52308.945
56938.57,58203.418,52603.27,51680.723
55997.48,57880.383,52367.68,51067.902
54917.27,57554.926,51216.38,50555.703
53686.78,57211.125,50133.05,50219.742
53142.61,56254.31,49358.52,49969.7
52405.75,55688.867,48967.17,49731.38
51637.39,55177.18,48753.49,49507.242
50264.97,54751.92,48340.21,49378.92
48762.73,53396.5,48065.82,49270.64
47955.03,52349.03,48321.16,48701.63
47114.38,51610.965,47739.89,48130.543
46291.35,51053.293,46939.97,47535.344
45197.07,50351.79,46175.07,46853.664
44622.87,49956.492,45431.05,46190.87
43924.17,49641.207,44672.35,45492.312
43738.9,49393.727,44085.61,44877.355
43574.22,49030.793,43560.88,44325.734
43070.03,48880.21,43691.99,43887.832
42469.35,48730.18,43811.07,43390.07
42143.7,48606.992,43496.73,42920.895
41162.02,46854.97,43313.47,42457.594
40791.23,45883.04,43068.58,43314.273
40771.4,45083.47,42772.11,43171.04
40850.34,44360.465,42749.16,43100.953
41687.02,43877.848,42656.3,43110.44
41577.25,43526.9,42611.7,43232.99
41562.8,43242.1,42524.39,43409.766
41604.26,43051.047,42660.17,43668.258
41782.0,42999.3,43028.32,43991.152
41655.17,42925.605,43233.03,44420.87
41736.84,42871.055,43456.59,44884.45
41955.79,42867.68,43504.83,45475.453
41789.7,43006.39,43524.4,46228.676
41855.53,43018.234,44215.36,47264.547
42246.06,43045.117,44517.11,48429.59
42598.59,43157.297,45478.7,49846.574
43241.1,43462.016,46308.6,51621.695
44191.12,43698.02,48187.73,54070.69
44577.01,44037.61,49193.22,56703.758
44943.04,44379.8,50476.56,59282.676
45908.96,44884.312,52152.22,61414.82
46276.2,45358.984,55232.14,63064.477
47273.25,45848.555,57858.22,64149.312
48266.24,46445.4,60161.12,64950.266
50030.54,48178.574,61825.22,65584.77
50868.74,49255.867,63208.57,66075.98
51855.36,50242.953,64101.9,66495.24
52020.36,51102.676,64961.01,66811.31
51468.83,51888.473,65733.67,66997.45
51654.63,52513.836,66375.34,66958.17
52261.31,53009.387,66343.44,67051.1
53025.92,53395.305,66207.74,67125.46
54214.85,53769.93,66124.62,67195.4
54775.5,54068.7,65609.51,67013.234
55419.63,54284.945,65826.59,67200.48
55727.53,54464.58,66158.45,67410.15
55893.03,54661.055,66501.43,67618.266
55921.33,54809.895,66915.12,67484.68
56416.53,54888.895,67336.56,67794.5
56311.5,54939.29,67882.14,68097.24
55920.53,55023.797,68535.91,68350.05
55811.27,54977.586,69249.45,67997.086
56079.2,55017.566,69321.46,68079.0
55298.17,55020.453,69643.58,68025.53
54458.26,55095.414,69745.33,67896.92
54053.85,55041.445,69368.43,67277.33
53669.26,54996.117,69169.99,67024.71
52700.59,54970.996,69442.87,66877.07
52550.29,54969.23,69397.2,66612.55
52026.32,54883.953,69332.1,66003.72
51121.71,54870.754,69113.43,65887.5
51654.76,54760.758,68406.4,65644.625
51834.49,54689.605,67771.35,65382.387
51849.07,54637.926,67593.6,64899.43
51464.23,54567.297,67189.41,64601.945
50793.83,54441.418,66945.74,64214.516
50973.17,54255.45,66644.99,63957.555
50576.8,54178.883,66234.93,63544.023
50318.04,54090.8,65840.05,63262.33
50479.72,53950.785,65329.46,63095.973
51147.55,53677.418,64924.92,63006.266
51090.09,53606.297,63924.59,63025.746
51230.05,53485.81,63798.81,63166.27
52034.15,53365.69,63805.56,63184.977
52338.17,53182.957,64299.86,63252.477
52314.66,53112.777,65133.52,63813.055
52326.48,53065.89,66558.29,64450.27
52414.2,53050.21,67959.91,65251.168
53267.27,52799.57,68401.45,66182.984
53557.93,52821.188,68131.66,67230.31
53892.6,52879.824,67636.11,67384.42
53116.24,52940.887,67095.9,67201.734
52504.62,52568.094,66490.74,66824.73
51691.76,52455.055,66620.62,65545.516
50943.73,52311.758,66469.99,64400.547
49689.57,52105.797,65937.66,63258.273
48497.4,51385.695,65191.89,62192.613
47686.61,50826.742,64663.91,60892.258
46835.84,50186.98,63659.2,59872.65
46379.2,49470.33,62585.02,59075.57
46378.87,48506.258,61708.68,58344.027
45622.19,47943.895,60868.39,57380.37
44593.26,47437.336,60077.52,56545.113
43665.7,46940.25,59011.17,55769.715
42461.05,45637.78,57920.06,55026.945
42115.59,45024.42,57486.81,54091.293
41169.59,44589.38,56528.82,53074.227
40856.87,44240.34,55577.61,52130.82
40729.24,43901.91,54370.06,51260.914
39977.02,43716.496,52734.23,50356.26
39513.3,43552.414,51353.24,49640.75
39150.16,43426.523,50354.45,49050.375
38614.53,43271.5,49622.16,48538.242
38238.85,43197.17,49152.01,47975.996
38053.94,43126.918,48422.68,47559.33
37501.78,43072.473,48142.97,47197.203
36857.8,42250.89,47587.64,46883.715
36499.07,41973.42,47222.2,46881.297
36582.54,41774.305,46990.23,46752.5
36419.4,41615.676,46754.06,46686.348
36521.56,41547.84,46408.09,46667.617
36432.29,41459.68,45933.56,46725.11
36374.38,41387.22,45987.27,46826.11
36282.02,41313.547,46312.88,47000.246
36399.15,41338.43,46392.27,47231.06
36554.77,41289.566,46090.13,47579.625
36349.63,41265.973,46511.93,47985.875
36199.88,41245.953,46741.08,48553.227
36309.9,41310.336,47061.72,49309.1
36034.36,41299.61,47654.15,50316.195
36007.97,41279.234,48180.16,51384.645
36451.76,41278.477,48421.38,52587.645
37445.28,41424.336,49102.46,53962.41
37340.9,41483.312,50415.36,55796.32
37430.2,41494.406,51191.45,57861.363
37626.51,41490.297,52228.8,60028.387
38643.86,41614.004,53917.58,61823.727
38767.12,41709.715,57456.77,63133.656
39397.55,41832.504,59964.24,64029.406
40078.12,42059.273,61912.55,64721.086
41234.89,43603.258,63228.75,65291.812
42198.18,44213.71,64445.13,65836.914
42998.23,44868.414,64885.46,66270.65
44206.47,45532.79,65692.82,66588.17
45371.22,46487.93,66465.99,66790.64
46061.54,47325.83,67259.95,66703.016
46497.37,48101.84,67888.89,66775.0
47887.61,48762.13,67864.06,66840.54
48545.78,49617.77,67965.36,66891.266
49091.52,50243.34,68130.14,66636.4
49768.16,50786.273,68206.75,66720.91
49969.33,51246.82,68258.11,66835.06
50271.58,51687.426,68284.71,67017.39
51336.83,52037.05,68420.81,66809.8
51914.35,52356.906,68513.11,67048.63
52199.57,52584.535,68552.64,67288.08
51286.5,52858.605,69141.7,67504.484
51132.01,52977.605,69125.13,67210.85
51187.59,53038.746,69551.16,67273.43
51174.46,53117.414,69530.26,67287.33
50771.42,53067.992,69395.28,67250.08
50644.6,53084.92,68823.44,66738.23
50337.99,53050.188,68541.95,66507.06
50319.7,53026.613,68290.89,66268.24
49248.03,53048.617,68506.03,66074.16
49240.3,53016.24,68696.37,65525.062
48948.16,53039.06,68362.49,65266.29
48778.14,52935.812,67927.76,65049.848
49163.25,52789.246,67411.36,64887.14
48386.86,52660.89,67334.4,64414.54
47576.49,52384.0,67016.49,64148.707
47463.37,52134.324,67105.76,63931.445
47723.82,51447.777,66999.27,63764.39
47370.19,51127.95,66796.62,63427.445
47646.63,50847.516,66476.94,63225.95
48287.04,50596.63,66184.03,63114.723
49448.5,50128.543,66010.41,63103.492
49494.02,50070.266,65778.01,63284.96
49558.5,49944.47,65466.04,63309.477
49575.29,49814.168,65833.07,63429.883
50504.09,49440.746,66314.85,63702.777
51143.55,49443.688,67275.24,64458.52
51313.23,49515.1,68351.31,65394.508
51270.67,49584.023,69618.52,66410.66
51739.95,49396.61,69946.34,67170.06
52233.08,49553.4,69293.35,67648.18
52042.11,49769.656,68931.09,67630.16
51810.32,49938.44,68654.2,67356.11
51675.87,49687.055,68365.28,66868.91
50662.33,49674.492,67870.25,65910.53
49499.54,49461.637,67249.68,64840.305
49320.84,49059.55,66671.49,63662.008
49060.67,48341.188,66034.28,62497.055
48454.77,47999.785,65392.21,61295.508
48196.08,47656.527,64136.65,60242.36
48209.71,47323.61,62898.56,59404.957
48566.71,46771.434,62253.69,58703.41
48114.59,46565.86,61539.42,57968.527
47060.24,46382.68,60759.3,57233.746
46091.65,46174.004,59940.33,56556.777
45386.93,45099.613,58999.27,55892.71
44573.15,44748.883,58718.26,55704.492
43907.56,44467.633,57923.3,54677.324
43471.28,44186.4,56397.53,53703.293
44129.84,43874.81,55645.96,52798.72
43525.82,43679.332,54054.33,51952.504
43488.95,43534.457,52977.75,51216.887
42865.89,43428.79,51996.46,50604.258
42526.61,43262.055,51225.28,50063.707
42237.41,43163.117,49923.93,49533.984
42230.61,43076.414,49200.97,49152.08
41778.94,43021.594,49097.37,48830.656
41552.14,45220.387,48809.03,48487.71
41506.57,44599.676,48346.72,48636.22
41702.99,44507.96,48275.33,48445.547
41705.4,44467.3,48017.58,48316.02
42102.93,44615.49,48063.76,48227.043
41992.44,44746.703,47280.34,48221.016
42467.96,44921.16,47426.97,48217.14
42828.05,45393.72,47399.03,48260.566
43465.51,46156.914,47354.71,48335.156
43878.71,46837.723,47442.39,48489.586
44722.34,47813.203,47655.64,48617.56
45578.3,48868.46,47754.28,48801.242
46069.71,50311.547,48013.37,49062.496
47242.12,51685.934,48633.52,49467.23
48565.99,53455.36,48922.59,49869.344
50828.06,55698.01,49543.13,50332.188
55499.65,58687.812,50048.74,50863.83
57432.97,61076.355,51311.37,51601.01
59097.88,62950.26,52024.79,52540.76
60504.02,64335.605,53059.18,53934.867
62204.53,65656.69,54545.48,55758.914
63017.05,66309.65,57491.71,57802.51
63946.36,66794.53,59887.5,59649.547
64540.9,67001.5,61256.17,61282.04
64882.27,68665.195,62540.14,62711.24
65785.87,68705.49,63932.21,64498.336
65900.6,68643.4,64522.49,65584.63
66118.77,68565.92,65168.09,66301.94
65363.76,68475.28,65848.44,66754.77
65474.7,68499.914,66743.85,66947.57
65632.77,68490.95,67072.64,67052.56
66310.19,68558.07,66784.59,67130.51
66252.98,68464.51,66949.21,67237.72
66237.36,68567.74,66596.95,67270.65
66407.55,68639.63,66718.98,67425.18
67307.02,68710.695,67070.75,67615.53
67805.23,68604.984,66983.3,67861.375
68008.05,68681.59,67446.99,67675.375
68003.53,68701.0,67317.0,67906.78
68175.56,68729.92,67540.8,68096.94
67603.37,68627.36,67791.98,68257.68
67755.75,68687.28,67661.04,67913.39
67629.29,68709.66,67657.74,67915.125
67715.53,68696.74,67824.51,67853.59
67770.07,68555.96,67982.12,67750.5
68027.39,68571.16,67780.26,67251.0
66989.39,68519.11,67695.48,67026.73
66249.47,68455.93,67880.77,66812.445
65916.08,68243.91,67663.26,66614.04
65727.44,68241.12,68238.49,66127.234
64953.32,68229.6,68043.09,65865.92
64651.42,68201.72,67602.39,65639.414
64946.33,67937.87,67105.52,65445.59
64263.1,67903.7,67174.52,65007.312
63321.22,67909.02,66989.69,64709.14
62856.41,67872.79,66726.45,64461.406
63666.54,67571.39,66652.93,64261.242
62741.13,67516.56,66168.4,63941.027
62375.1,67488.46,65775.35,63724.258
61719.96,67503.66,65545.27,63595.844
62506.26,67211.875,65400.75,63559.1
62429.66,67324.06,65053.71,63597.598
62195.25,67373.13,64792.19,63614.934
62259.34,67370.16,65128.91,63747.64
63041.78,66864.4,65680.55,64045.95
62649.55,66576.35,67164.28,64672.727
62564.7,66352.59,68428.3,65627.39
63068.89,66162.54,69136.23,66593.04
63594.03,65452.082,69591.84,67265.625
64469.63,65125.13,68671.56,67622.03
64847.26,64817.44,68158.58,67558.24
64505.52,64476.1,67791.88,67290.98
63292.13,63389.69,67616.26,66856.2
62134.53,62983.4,67988.14,65972.05
60950.94,62630.055,67624.81,65026.723
59775.05,62337.715,67067.85,63982.98
58698.13,61192.297,66505.82,62930.418
57616.54,60832.902,65162.33,61793.137
56656.11,60580.41,64049.74,60814.742
55382.56,60369.035,62948.17,60035.363
54555.38,59218.453,62200.28,59377.75
53594.37,58938.562,61667.68,58672.273
52193.1,58732.93,61360.24,58007.742
51175.08,58574.17,60804.23,57395.83
49720.69,56854.035,59753.95,56774.47
48839.06,56305.027,58530.36,56827.65
48047.77,55657.996,57990.0,55861.688
47204.23,54894.824,56901.61,54927.04
46882.05,53436.035,55756.12,54024.355
46368.53,52481.7,54772.16,53100.19
45805.43,51589.684,54009.73,52328.492
45806.84,50814.184,52956.14,51664.305
45801.98,49858.77,52344.52,51065.094
45504.95,49384.64,50730.56,50446.254
44967.36,49017.156,50051.58,49918.13
44878.41,48727.152,49487.33,49470.67
44607.12,48912.26,49246.73,49075.92
44045.08,47888.984,48124.43,49163.7
44221.21,47408.14,47858.8,48967.51
44195.84,47349.855,47553.49,48844.336
44362.99,47676.63,47256.89,48781.18
44391.35,48096.926,47170.16,48807.188
44533.68,48668.598,47247.45,48840.133
44919.49,49403.938,47208.8,48916.953
45881.64,50636.617,47217.44,49019.74
46236.12,51850.42,47494.28,49200.32
46617.41,53048.32,47614.99,49362.844
47631.63,54177.58,47580.33,49579.805
49441.12,55723.875,47604.57,49862.77
50526.05,56795.824,47907.33,50281.35
51532.14,57678.297,47957.42,50683.035
53201.96,58412.43,48183.43,51143.11
55566.88,59570.844,48708.66,51668.008
57908.07,60076.34,49484.25,52382.984
59910.36,60478.77,49746.34,53201.336
61429.76,60829.844,50340.84,54383.418
63067.47,61682.234,50938.37,56026.703
63710.24,62041.004,53207.95,58048.047
64462.24,62372.062,54795.17,59943.766
65019.88,62658.47,56096.95,61612.977
65700.24,65286.375,57215.93,63017.22
66324.49,65712.27,58681.64,64476.957
66930.6,66051.42,59330.22,65486.965
67193.68,66237.555,59936.24,66179.76
66544.94,66267.6,61025.59,66659.3
67107.06,66585.9,62004.26,66860.67
66920.63,66802.66,62507.46,67034.64
67285.91,66919.38,62582.37,67151.52
67976.22,66814.21,62623.84,67291.81
68289.38,67035.33,62371.02,67404.71
68516.72,67182.85,62908.41,67612.85
69024.71,67307.83,63490.37,67831.6
69238.04,67290.35,63761.81,68088.5
69957.19,67400.734,63203.05,67948.67
70228.63,67495.64,63496.47,68162.25
70157.17,67521.27,63756.43,68327.0
69429.95,67463.61,63760.51,68466.01
69543.88,67470.12,63761.71,68042.79
69373.53,67435.8,63977.98,68014.94
69409.96,67472.61,64134.66,67916.59
69475.25,67361.805,64081.1,67786.96
69236.26,67415.06,63144.6,67297.695
68532.72,67440.9,62738.16,67061.8
68052.54,67508.11,62489.2,66845.805
67828.13,67310.67,62272.36,66650.375
67627.66,67318.8,62505.97,66206.37
67089.79,67298.86,62262.82,65919.82
66588.07,67317.414,61669.32,65661.76
66511.81,66994.14,61312.54,65445.496
65956.74,67035.46,61505.78,65041.273
65319.87,67030.46,61037.77,64712.926
64681.9,67048.445,60766.27,64454.703
64719.05,66543.94,60382.82,64243.4
64438.96,66565.67,60334.02,63959.22
64139.32,66592.46,59802.09,63707.473
64280.18,66629.34,59840.16,63528.06
64649.04,65981.19,59647.03,63422.004
64856.6,65911.17,59433.71,63434.176
64913.36,65844.67,59182.87,63496.23
65204.46,65767.52,59285.03,63712.61
64385.67,64852.78,59737.38,64087.2
64291.91,64631.207,61301.43,64624.043
64770.22,64480.34,62607.79,65545.05
64756.96,64361.977,63388.56,66599.555
65577.42,63546.14,63643.72,67472.59
65577.44,63358.21,63704.3,67994.22
65605.28,63222.29,63577.57,68044.63
65187.84,63084.727,63316.01,67859.19
64130.95,62158.207,63044.4,67540.28
63100.1,61912.89,62884.99,66656.74
61884.31,61685.242,62336.58,65878.21
60986.08,61499.504,62136.22,65022.418
60325.41,60478.18,61894.87,64163.2
59647.53,60167.223,60404.76,63031.207
58343.85,59860.383,59279.32,62198.207
57033.77,59534.395,58462.32,61545.0
56097.11,58282.27,57991.63,60969.5
54520.58,57627.855,57051.77,60052.887
53587.41,56844.246,56618.22,59399.836
52508.73,56001.11,56049.61,58782.016
51139.05,54007.082,55654.25,58136.61
49907.0,52747.52,55060.04,58420.0
49104.83,51851.332,54354.42,57492.79
48084.67,51214.305,53541.59,56567.766
47051.81,50448.652,52245.01,55637.25
46667.72,50060.223,50521.72,54470.9
46289.24,49748.58,49503.82,53621.926
46106.72,49527.7,48788.43,52881.703
46362.71,49105.234,48320.42,52204.375
46058.77,48957.973,47061.48,51365.93
45810.35,48816.19,46513.16,50757.25
45455.69,48717.363,45933.37,50234.312
45593.18,48170.043,45472.94,49758.11
45725.21,47393.734,44748.98,49951.727
45883.32,47340.344,44564.04,49619.582
45778.76,47409.207,44449.54,49366.754
45735.14,47823.27,43898.52,49232.348
45900.7,48355.04,43456.61,49195.02
45895.52,49095.79,43414.59,49190.812
46149.05,49969.965,43377.0,49220.477
46079.1,51287.438,43308.21,49276.836
46547.89,52332.777,43578.66,49386.117
47126.35,53368.45,43675.44,49507.254
47534.49,54294.668,43765.31,49683.867
48906.57,55649.84,43339.28,49933.41
49901.83,56448.973,43992.92,50260.086
50877.0,57046.73,44232.63,50640.473
52719.14,57536.957,44369.25,51102.3
55561.51,58587.74,44503.25,51650.816
57825.89,58879.203,44786.57,52342.277
59525.32,59207.44,44772.02,53210.95
61151.47,59530.914,45103.93,54426.3
62270.65,60514.047,45222.3,56115.496
62629.51,60760.39,45989.96,58231.246
63415.49,61017.742,46744.21,60324.586
63605.41,61215.08,47324.21,62182.043
64537.86,64147.457,47921.93,63722.207
65022.21,64952.64,48847.15,65549.21
65295.93,65631.195,49562.34,66519.08
64741.91,65960.23,50391.78,67241.01
64456.64,66176.15,51278.39,67819.67
64631.12,66347.695,52393.9,68214.414
65126.68,66461.25,53081.48,68459.74
65712.64,66537.695,53590.72,68602.734
65722.54,66542.28,53718.46,68715.86
66034.08,66705.516,53710.08,68665.91
65644.84,66796.62,53994.87,68774.78
66067.42,66878.64,54117.61,68931.91
66180.25,66839.31,54463.03,69172.24
66741.51,66995.54,54702.62,69252.375
66933.45,67091.16,55056.41,69500.79
67713.36,67158.836,55463.19,69717.04
67818.37,67120.33,55920.98,69891.56
67292.75,67209.59,56288.17,69720.39
67173.5,67270.305,56785.29,69722.72
67110.77,67321.805,57154.23,69670.23
67426.48,67202.46,57187.86,69575.88
66867.76,67255.82,57628.92,69162.36
66125.08,67265.77,57498.79,68917.24
65950.67,67322.734,57148.17,68685.74
65398.47,67113.18,57311.97,68471.34
65151.53,67150.89,57088.33,68011.61
65050.53,67210.38,56793.66,67651.24
64893.28,67233.23,56527.2,67339.33
64190.07,66957.734,55886.52,67079.03
63260.66,66956.45,55629.11,66598.984
62757.28,67023.36,55096.77,66249.805
62135.25,67068.33,54957.97,65998.12
61626.29,66731.4,54610.91,65816.61
61787.01,66790.484,55309.49,65454.945
61323.28,66826.9,54959.85,65264.414
61028.53,66912.78,54973.97,65186.29
61039.13,66599.16,54997.59,65209.34
61696.81,66642.89,55063.61,65141.996
61580.91,66625.37,54875.84,65401.234
61566.56,66586.01,55483.65,65829.12
61847.17,66163.46,56082.05,66331.91
61150.83,65907.92,58202.46,66918.49
61433.59,65797.99,59011.1,67415.93
61757.15,65710.97,59342.37,67722.52
62675.71,65266.71,59449.96,67820.11
63143.71,64893.617,59065.74,67425.305
63492.5,64616.812,58644.43,67024.37
62835.95,64339.24,58336.18,66497.734
62080.43,63280.797,57838.19,65886.8
60834.57,62944.695,57705.59,64569.03
59829.11,62706.645,57031.27,63534.426
58970.68,62493.914,56559.98,62556.938
57542.05,61306.9,56214.7,61648.043
56578.45,61064.26,55002.61,60311.996
55735.53,60821.0,53997.84,59305.68
55280.59,60573.93,53177.31,58445.51
54615.04,59433.254,52611.82,57669.074
53414.75,59172.934,51938.57,56577.566
52005.87,58976.23,51509.32,55777.957
50938.34,58752.0,50975.53,55120.277
49376.84,57046.684,50668.01,54527.133
48622.11,56316.55,51000.46,53790.594
47871.39,55506.28,50080.55,52970.73
47493.45,54626.48,49310.83,52169.73
46850.06,53221.36,48467.68,51315.875
46259.4,52393.88,47523.21,50328.07
45303.97,51655.2,46735.54,49493.305
45123.5,51045.906,46090.6,48782.832
44407.51,50148.887,45570.26,48156.39
44074.7,49661.594,44301.78,47422.008
43548.99,49173.266,43758.5,46888.633
43495.21,48747.65,43105.55,46439.258
43671.18,45840.836,42654.37,46033.184
43298.59,44921.66,42000.26,45565.438
42836.0,44216.137,41487.98,45427.992
42850.78,43862.96,41449.22,45150.188
43138.17,43856.734,41215.9,44841.38
42897.28,43835.35,41098.08,44550.004
42876.74,43858.168,40797.06,44355.93
42545.95,43892.797,40661.79,44246.445
42355.7,44051.367,40580.45,44208.6
42018.27,44095.29,40627.64,44202.82
41800.42,44129.08,40598.13,44244.29
41816.04,44151.742,40644.55,44309.7
41419.69,44293.13,40670.45,44384.797
40695.94,44300.25,40897.14,44459.066
40266.1,44309.094,40912.82,44583.99
40057.49,44151.54,41257.65,44748.05
40171.51,44306.977,41490.54,44940.766
40044.88,44294.992,42253.09,45252.46
40083.45,44310.812,42318.11,45761.457
40314.98,44349.35,42424.89,46395.934
41222.02,44661.285,43215.16,47301.35
41352.85,44940.21,43999.98,48623.36
42121.98,45034.7,44518.98,49983.434
42575.09,45107.83,44903.2,51136.74
43614.08,47273.918,45388.6,52048.684
44405.13,47445.477,46677.79,53422.98
45170.34,47621.86,47128.64,54235.254
45804.35,47784.812,47599.69,54979.57
46541.89,48045.902,48721.28,55712.082
46817.48,48154.777,49995.25,56470.89
47506.25,48224.215,50565.0,57038.188
48181.32,48259.703,51341.49,57560.746
48844.7,48382.46,52052.33,58029.266
49543.62,48378.78,52941.41,58475.35
50224.11,48356.72,53474.31,58770.793
50737.79,48322.492,53530.27,59039.004
51256.54,48391.477,53717.97,59299.887
52052.85,48365.26,53925.49,59529.348
52243.75,48329.52,54236.14,59658.973
52461.29,48293.418,54482.87,59745.094
52908.83,48331.594,54733.04,59739.9
52538.71,48313.4,54975.99,59568.28
51588.72,48293.707,55212.83,59317.68
51694.77,48275.934,55645.8,59011.992
50874.41,48284.164,55700.82,58600.03
50194.36,48273.523,55583.57,58010.293
49657.01,48260.07,55615.49,57372.31
49113.68,48245.195,55447.74,56733.07
48766.2,48220.805,55607.39,56155.836
48267.28,48211.258,55369.18,55558.426
48084.55,48202.47,55110.22,54961.984
47714.22,48195.645,55155.11,54489.86
47720.76,48129.99,54278.66,54113.33
47047.14,48122.668,53798.51,53858.734
47354.84,48115.61,53548.53,53578.742
47133.15,48113.645,52995.5,53386.59
47226.98,48003.516,52647.93,53307.82
47021.66,47996.395,52709.34,53332.844
46894.46,47990.266,52581.81,53376.18
46783.54,47986.324,52012.26,53460.598
47159.32,47822.633,51943.27,53685.03
47663.05,47790.96,52315.77,54123.65
48310.78,47753.15,52287.69,54626.805
48817.35,47707.965,52669.53,55297.492
49553.5,47462.64,53599.23,56067.305
49737.99,47394.273,55836.29,57319.91
50305.63,47347.406,56663.87,57969.418
50706.14,47324.434,57889.38,58433.1
51585.3,47083.504,58434.8,58648.75
51930.34,47059.016,58110.42,58520.598
52111.48,47042.984,57510.2,58070.227
51760.36,47031.605,57145.02,57504.367
51387.16,46757.242,57067.07,56813.66
50622.84,46734.24,56225.68,56059.086
49819.27,46715.72,55397.73,55184.805
49434.36,46698.074,54644.11,54360.97
48497.28,46434.848,54145.05,53567.37
47925.04,46407.336,53174.69,52794.86
47517.04,46386.543,51710.99,52003.48
47301.01,46369.637,51109.87,51369.383
47438.33,46136.883,50380.36,50818.82
46754.18,46121.516,49568.59,50303.0
45824.75,46113.54,49066.06,49824.008
45276.74,46111.117,48938.91,49466.348
44289.51,44217.07,48674.93,49145.844
43539.38,44185.805,48684.67,48725.145
42681.46,44165.367,48459.88,48023.105
42028.73,44183.215,47464.42,47231.113
41258.07,44083.035,46613.78,46338.04
40514.84,44132.46,45777.64,45541.336
39831.75,44184.625,45413.61,44732.367
39250.77,44235.97,44683.21,44019.58
38852.17,44170.97,43889.55,43378.555
38333.06,44250.145,42225.24,42865.867
38309.51,44367.734,41498.98,42314.168
38425.94,44545.12,41028.15,41826.85
38086.32,47462.004,40591.82,41381.703
38001.35,46801.74,39835.69,40221.656
37957.89,46563.477,39495.64,39988.297
38014.35,46503.01,38728.51,39775.195
38339.73,46662.8,38551.04,39594.89
38351.04,46816.48,38779.44,39499.066
38545.56,46968.16,38655.34,39442.53
38534.16,47156.75,38059.82,39442.76
39248.18,47488.395,38229.55,39469.945
39708.19,47836.695,38599.94,39496.17
40117.62,48255.21,38522.34,39542.72
40428.62,48702.84,38100.08,39602.29
41770.02,49352.11,38162.79,39629.004
42233.45,50091.844,38526.59,39712.344
43126.58,50868.184,38640.21,39754.42
44354.42,51776.516,38778.07,39789.508
46944.07,53137.734,38635.23,39824.39
48700.83,54454.508,39103.53,39913.03
50361.76,55670.918,39101.49,40029.945
51542.92,56712.227,38425.55,40213.4
53479.71,57972.074,38369.05,40474.9
53852.27,58669.79,38267.36,40877.01
54483.97,59247.117,38335.58,41299.57
55188.51,59713.71,38776.13,41770.492
55808.99,62135.547,38955.15,42262.613
56275.65,62730.223,39423.9,43368.03
56740.31,63182.125,39799.61,44123.117
57237.65,63509.887,40430.34,45013.773
57892.39,63846.0,41069.14,45977.39
58360.95,63985.13,42241.08,47039.953
58739.6,64093.24,43345.93,47939.242
58982.01,64178.902,44366.28,48760.312
58828.41,64311.312,45090.17,49534.86
58929.9,64420.38,45823.21,50340.145
59190.03,64510.816,46390.41,50890.71
59335.76,64585.38,46936.47,51380.1
59494.35,64738.41,47308.95,51823.164
60103.87,64852.26,48081.55,52354.656
60486.06,64925.645,48835.06,52769.21
60827.35,64989.402,48932.47,53195.16
60737.02,65097.312,49694.56,53542.59
60269.89,65092.55,50458.05,53768.027
59999.34,65046.992,51441.56,53652.477
59939.69,64987.066,52019.06,53387.86
59851.59,64928.523,52050.79,52995.945
59450.72,64948.023,51822.46,52503.09
58631.5,64962.848,51532.81,51846.78
57961.4,64954.684,51319.72,51247.777
57992.0,64809.74,50709.94,50696.95
57833.27,64830.367,50151.44,50186.875
57747.02,64837.684,49574.34,49658.297
57522.71,64829.273,49279.47,49211.934
57289.85,64478.723,48673.45,48825.582
56723.8,64494.832,48468.79,48427.375
56537.73,64526.42,48486.93,48094.883
56102.25,64540.305,48234.16,47842.664
55719.8,63972.44,48096.44,47652.07
55173.83,64043.27,48507.04,47443.387
55217.66,64111.734,48346.85,47388.69
55171.4,64178.76,48347.32,47491.477
55559.97,63432.57,48114.51,47769.918
56043.44,63432.016,48280.05,48375.062
56125.06,63397.88,48732.02,49184.88
56233.34,63388.88,49318.79,50252.117
56670.41,62702.74,50364.6,51458.312
56655.67,62646.926,52326.03,53137.215
56837.86,62674.195,53342.49,53979.16
57264.35,62717.387,53959.5,54563.273
58048.7,62144.508,54520.84,54884.066
58244.89,62127.32,54846.69,55043.812
58299.3,62157.305,54455.57,54801.35
57716.86,62165.176,54400.97,54467.934
56985.77,61279.844,53914.3,54039.848
55477.34,61229.133,53293.94,53600.91
54429.06,61249.1,52864.06,52878.246
53607.33,61368.39,52571.8,52218.867
52351.99,60497.55,51884.16,51599.734
51709.67,60472.625,51360.13,51137.016
51214.28,60447.67,50368.22,50553.145
50064.68,60315.48,50049.12,50169.58
49042.72,59240.73,49308.37,49881.004
48174.53,58901.89,48881.63,49763.85
47425.31,58501.9,48141.68,49517.223
46477.73,57998.688,47735.89,49374.848
45922.84,55849.598,47636.01,49245.06
45234.19,54701.64,47827.4,49002.348
44501.18,53517.32,47346.59,48342.934
43559.1,52400.96,46394.48,47554.703
42437.23,51114.47,45844.85,46651.24
41970.54,50417.695,44865.32,45878.11
41788.3,49868.21,44238.11,45075.695
41048.86,49458.594,43670.12,44420.55
40747.69,48904.004,43021.98,43876.004
40612.4,48664.72,42351.11,43504.13
40382.59,48456.375,41875.33,43061.61
40093.2,48269.008,41708.09,42652.387
39782.16,46191.992,41509.18,42242.367
39394.5,45227.816,40980.35,42042.484
39201.85,44467.75,41012.58,41831.79
39187.74,43830.32,40958.69,41720.484
39227.4,43437.71,40884.66,41685.246
39339.53,43147.65,40241.71,41738.715
39697.63,42983.2,40291.53,41875.383
39912.05,42943.137,40564.96,42094.566
40268.12,43027.176,40642.22,42391.36
40343.17,43122.043,40515.8,42748.613
40360.0,43228.42,40887.67,43152.03
40539.96,43332.55,41345.34,43660.414
40856.35,43528.996,41698.89,44317.137
41125.18,43693.04,42384.26,45212.918
41400.41,43881.93,42898.8,46240.78
41665.66,44089.35,43502.83,47487.734
41796.07,44402.742,44153.98,48953.957
42095.14,44612.715,45293.59,50766.836
42992.82,44838.562,46245.27,52357.844
43589.6,45155.52,47777.73,54078.37
44600.01,45615.32,49986.04,55820.297
45227.81,46018.664,53272.91,57714.707
45477.66,46420.664,56133.1,59338.58
46352.34,46794.867,58351.73,60915.15
47628.37,48005.5,60355.64,62245.594
48411.44,48478.258,62672.4,63626.84
49436.1,48950.902,63454.4,64460.18
49981.35,49368.17,63786.05,65087.92
50306.24,49805.61,64665.42,65700.38
50938.75,50138.152,65679.67,66419.82
51579.09,50419.254,65893.81,66718.24
51994.55,50639.336,66304.87,66930.63
52213.08,50914.695,66518.18,67120.72
52794.32,51164.12,65946.44,67374.19
53143.18,51365.38,66201.11,67482.31
53060.79,51519.945,67064.35,67614.66
53534.01,51768.652,67304.23,67791.22
54099.97,51981.293,67441.01,67956.58
54498.49,52161.047,67743.51,68189.336
54476.02,52301.555,68042.6,68431.46
54914.91,52545.785,68100.33,68670.95
54545.17,52715.14,68140.18,68733.45
54108.84,52832.9,68172.35,68795.04
53632.16,52930.812,67853.41,68808.664
52961.67,53126.64,68118.56,68769.44
52240.67,53214.7,67502.66,68515.56
52188.21,53270.016,67501.87,68302.99
51487.14,53301.516,67723.19,68101.18
50872.72,53433.312,68042.58,67912.13
50310.87,53474.445,68592.79,67534.72
49932.69,53515.945,67973.75,67289.7
49571.41,53558.754,67348.29,67096.484
49573.54,53621.848,67095.0,66914.625
49394.49,53667.02,67336.98,66486.22
49254.78,53691.74,67465.15,66209.79
48937.3,53677.996,67203.86,65972.1
49149.56,53624.73,66476.83,65771.62
48901.33,53596.867,66837.1,65376.94
49166.98,53536.35,66408.34,65131.035
48885.46,53450.55,66160.32,64946.02
49159.01,53301.438,65726.94,64809.016
49275.43,53129.195,65529.37,64690.645
49808.18,52947.15,65423.08,64819.094
49987.45,52771.54,65537.99,65157.53
50002.91,52662.082,66288.21,65691.195
50272.44,52366.47,67700.83,66934.13
50362.84,52106.047,68846.53,67792.38
50874.25,51866.37,69299.5,68269.01
52139.42,51641.918,69602.33,68450.07
52610.38,51238.73,68989.28,68097.26
52649.77,50923.074,68511.76,67854.7
51897.13,50652.85,68116.55,67508.63
51562.99,50237.277,67746.33,67050.53
50227.54,49963.695,67415.89,65880.16
49342.74,49748.984,66647.96,64962.625
48699.26,49552.793,66388.6,64012.863
48293.98,49218.707,65706.07,63093.09
47788.31,48972.504,64337.7,61976.49
47048.51,48759.75,63018.65,61046.387
46287.88,48571.41,62173.98,60212.586
46783.33,48257.77,61162.09,59385.867
46348.75,48075.133,59526.67,58471.855
45592.14,47923.777,58408.31,57513.574
44721.78,47785.375,57459.72,56650.926
43996.33,46867.37,56431.24,55835.914
43506.4,46630.508,56064.37,55160.223
42722.09,46421.49,55048.32,54032.945
42249.74,46228.016,53775.3,52977.742
41925.21,45971.105,52595.87,51924.438
41306.69,45793.164,51266.85,50986.38
40776.77,45626.812,50413.21,50073.387
40230.5,45474.01,49725.51,49320.19
38869.22,45264.61,49182.3,48672.844
38280.64,45119.055,47939.73,48106.63
38269.97,44993.26,48005.45,47589.824
38233.12,44899.04,47498.89,47163.43
37968.81,44385.125,46960.15,46783.562
37764.62,43769.383,46204.11,46050.47
37832.55,43447.285,45953.89,45733.25
37734.69,43209.7,45925.62,45505.414
38270.52,43088.58,45323.21,45377.54
38395.69,43087.492,45456.73,45356.83
38489.06,43139.094,45502.62,45389.83
38525.87,43219.19,45629.16,45489.645
38566.06,43352.812,45761.46,45636.42
38396.11,43481.477,46042.29,45804.01
38595.91,43591.547,46100.22,46010.29
38614.21,43714.08,46486.69,46262.777
39202.94,43867.633,46839.01,46612.934
38716.8,44054.855,47375.04,47019.445
38653.4,44156.477,47667.84,47493.727
38582.54,44230.336,48388.88,47980.277
38798.25,44337.99,49017.17,48500.996
38936.66,44439.96,50421.84,49187.414
38937.2,44537.453,51333.13,50235.477
39295.99,44612.973,52154.99,51933.004
39639.58,44785.562,53699.65,54070.387
39932.13,44955.188,56497.49,56386.68
40423.23,45167.04,58473.14,58328.9
41007.31,45456.38,60457.75,60011.2
42297.54,46504.945,62738.85,61463.613
42903.02,47150.14,64412.38,63421.637
43906.33,47725.773,65018.7,64394.312
44700.48,48310.234,65705.65,65086.977
45530.75,48869.977,66464.34,65645.27
46410.43,49411.62,66898.96,66158.81
47284.61,49886.934,67200.89,66486.67
47671.96,50298.656,67629.11,66741.94
48219.54,50585.746,67683.17,66957.12
48918.95,50978.652,67077.73,67309.85
49276.83,51311.742,67309.52,67446.39
49816.66,51589.74,67385.33,67584.94
50461.74,51875.605,67724.13,67775.66
51206.83,52193.83,67758.62,68110.03
51931.7,52462.234,67751.1,68320.125
52235.28,52676.4,68155.28,68549.234
51894.94,52961.57,68557.59,68778.45
51307.15,53183.668,68982.4,69017.51
51172.06,53358.33,69258.03,69105.164
50948.94,53489.09,69074.41,69126.5
50824.5,53706.203,69063.63,69117.836
50453.65,53853.758,68536.07,69025.63
50466.01,53967.812,68259.44,68830.19
50050.53,54057.902,68628.01,68603.42
50429.61,54199.418,68933.57,68391.72
50356.61,54301.43,68868.68,68075.26
50226.12,54370.637,68703.77,67807.86
49740.21,54408.457,68091.04,67576.71
49591.53,54418.965,67495.87,67387.45
49443.45,54457.574,67334.49,67026.53
49181.88,54458.42,66822.1,66740.91
48877.97,54431.324,66683.82,66509.664
49342.04,54315.13,66367.63,66302.18
49228.55,54242.004,66545.29,65942.37
49377.97,54137.24,66312.5,65696.64
49184.36,54013.047,65984.26,65504.207
49787.99,53790.23,65443.45,65365.523
50155.35,53601.387,66003.52,65305.406
50576.86,53423.453,66111.05,65391.56
50853.95,53258.164,66533.94,65716.05
50885.9,53052.72,67351.99,66281.67
51206.68,52784.066,68549.34,67644.9
51885.81,52568.09,69413.31,68376.94
52744.0,52380.453,70020.32,68783.53
53688.05,52044.355,70321.58,68945.96
53541.6,51778.57,69891.07,68667.37
53048.61,51565.66,69461.18,68455.09
52461.95,51383.145,69500.94,68176.81
52075.75,51008.426,69394.49,67823.29
51271.26,50802.996,69108.65,66816.01
50430.69,50631.266,68203.41,66028.11
49824.9,50473.414,67667.82,65156.87
49652.64,50164.42,67087.0,64266.98
49123.91,49963.266,65901.0,63107.348
48586.14,49779.645,64604.99,62188.4
48643.18,49605.34,63377.38,61394.4
49228.21,49334.76,62387.22,60637.137
48857.06,49181.34,61813.37,59791.727
48288.06,49047.09,60808.73,58890.656
47647.0,48914.03,59598.12,58063.055
46787.22,48038.31,58985.58,57224.703
45995.15,47777.68,57886.71,56889.91
45378.1,47460.926,57097.95,55761.934
44582.37,47151.465,55586.54,54670.85
43994.27,46748.492,54631.93,53513.91
43428.07,46458.16,53537.34,52345.293
42900.85,46203.19,52140.52,51276.86
42296.83,45979.72,51389.75,50386.58
41589.17,45701.94,50705.29,49617.32
41324.96,45525.78,49663.68,48899.547
41148.02,45375.098,48947.96,48288.992
41108.61,45255.23,48110.45,47794.973
40818.92,45731.25,47836.54,47368.85
40658.58,44507.72,48056.58,46796.98
40603.42,43940.992,47728.05,46389.92
40705.82,43658.543,47491.68,46042.062
40948.34,43628.004,47072.32,45778.926
41036.06,43677.64,46853.16,45638.613
41076.8,43796.566,46841.89,45553.184
41078.94,43989.5,46875.86,45546.62
41943.74,44273.883,46739.4,45602.547
42172.38,44690.06,47546.24,45734.89
42713.5,45252.01,47794.55,45872.156
43652.07,46021.793,47628.86,46064.79
45439.9,47037.176,47956.58,46341.023
46519.69,48475.383,48847.12,46760.414
47755.35,50162.54,49270.93,47216.633
49708.94,51903.92,49509.41,47762.938
53728.28,53278.16,50320.27,48412.254
56115.76,54748.047,51466.17,49342.23
58022.69,55979.695,52173.2,50520.957
59863.45,57004.996,53132.72,52228.25
61371.38,57692.508,54801.29,54397.258
62144.44,58433.22,58223.86,56821.254
62584.45,59091.94,60537.41,58931.246
63329.26,59725.88,62377.86,60739.477
64482.16,61510.87,64072.14,62241.58
65284.93,61995.945,66087.27,64323.773
65686.16,62564.68,66531.99,65329.93
65760.72,63097.71,66822.33,66045.63
65204.23,64259.77,67552.88,66583.06
65477.48,64335.344,68153.77,66921.055
65844.17,64367.86,68867.84,67173.7
65924.26,64391.99,68743.14,67363.1
66267.41,64259.848,69141.22,67528.875
66541.74,64339.062,68870.66,67700.39
66879.48,64414.062,69042.01,67862.66
67012.43,64456.41,69027.46,68036.875
66545.42,64297.7,69075.73,68246.16
67009.42,64409.492,69243.32,68488.63
67317.4,64465.24,69363.04,68696.43
67114.37,64481.914,69579.27,68887.89
66250.3,64404.023,69533.05,69063.13
66235.28,64474.465,69788.86,69156.05
66321.35,64478.484,70305.47,69193.75
66429.22,64482.016,70420.91,69186.36
66591.95,64415.78,70624.27,69143.36
66388.56,64469.176,69879.81,68958.98
65610.0,64484.47,69865.97,68749.55
64705.01,64489.3,69852.87,68541.97
64121.69,64365.15,69761.05,68358.266
64044.85,64418.98,69972.46,68037.055
63366.11,64451.18,69556.31,67777.555
63014.73,64480.047,69262.61,67553.08
63241.59,64284.887,68745.77,67365.375
63029.44,64330.266,68810.12,67032.47
62534.99,64368.445,68604.14,66756.88
62129.36,64405.234,68431.46,66540.375
62143.34,64161.27,68242.98,66368.09
61504.55,64200.777,68692.9,66090.53
61660.79,64251.258,68169.38,65878.914
61335.62,64292.633,67861.45,65733.734
61583.8,64030.004,67583.21,65644.91
61576.05,64025.93,67634.77,65722.87
62078.33,64025.508,67433.82,65918.95
62044.38,64010.44,67722.6,66416.664
62631.66,63729.594,68466.28,67148.25
62743.42,63555.188,69874.8,68455.13
63678.94,63470.406,70726.29,68903.42
64662.78,63385.164,70825.25,69128.08
65898.61,63109.47,71010.15,69205.0
65868.78,62939.08,70581.09,68905.73
65676.31,62845.52,69851.92,68721.46
65131.87,62791.535,69770.38,68479.29
64441.03,62304.133,69419.85,68161.68
62995.62,62183.836,69034.29,67215.38
61814.77,62119.863,68169.76,66457.266
61089.79,62079.164,67541.41,65590.5
59954.8,61345.67,67114.37,64675.16
59432.27,61196.68,65629.03,63468.645
58359.3,61066.047,64348.23,62516.035
57313.94,60937.496,63460.49,61693.71
56518.11,60060.617,62516.31,60933.04
55697.16,59795.227,61737.6,60068.08
54390.36,59479.832,60919.27,59195.496
53444.32,59097.35,59906.61,58389.477
51713.47,57203.613,59199.81,57590.094
50725.37,56477.9,58821.98,56957.37
49758.51,55472.508,57700.81,55931.09
49166.81,54394.875,56686.21,54875.246
47836.9,53046.188,55449.18,53782.156
47119.8,52167.676,53906.22,52668.617
46692.77,51455.57,53097.09,51656.438
46414.91,50896.246,52112.6,50793.645
45219.78,50262.895,51515.15,50037.54
44923.16,49904.613,50287.17,49278.0
44878.72,49594.566,49594.01,48677.73
44629.14,49339.508,49160.94,48193.367
44066.71,48205.914,48744.28,47779.105
43960.28,47206.527,48028.86,47262.13
44042.53,46880.383,48131.5,46889.72
44088.22,46859.188,47795.37,46581.96
44136.94,47073.176,47546.58,46349.266
44376.25,47414.46,47154.11,46237.68
44762.98,47984.074,47067.38,46159.617
44876.72,48803.637,47258.64,46160.508
45949.93,49965.65,47301.37,46223.92
46496.07,51375.28,47598.61,46376.062
47193.32,52957.832,47710.84,46531.004
48174.67,54553.016,47969.72,46744.938
49104.84,56269.33,48228.56,47035.164
49766.64,57587.656,48360.77,47457.73
50982.02,58573.344,48984.39,47916.637
52365.12,59309.65,49699.21,48452.008
55588.96,60164.62,50148.44,49073.617
57863.01,60695.734,51420.07,49937.895
59717.37,61214.91,52106.02,50980.72
61509.54,61668.492,53358.74,52497.816
63164.83,62480.516,54713.51,54555.47
64346.69,63061.938,58099.54,57010.82
65035.95,63579.844,60655.06,59216.562
65734.12,64066.56,62766.3,61097.094
67051.6,65404.65,64532.44,62623.98
67652.13,65577.62,66548.8,64693.734
67943.96,65701.516,67274.19,65712.74
68120.43,65917.336,67470.41,66401.42
66851.29,66299.27,67885.3,66884.56
67073.55,66450.05,68803.59,67113.055
67766.69,66545.484,69190.77,67320.695
67480.82,66587.73,69604.65,67464.21
67000.12,66620.66,69835.38,67608.78
67406.41,66789.375,69248.88,67691.85
67589.99,66894.22,69429.26,67816.77
67826.94,67014.33,69598.83,67953.13
68342.09,66921.47,69625.85,68154.16
69466.18,67151.64,69651.8,68335.5
69915.33,67318.234,69901.24,68544.56
70054.13,67392.31,70033.94,68764.83
69904.19,67223.47,70248.86,68992.2
69163.41,67335.25,70464.94,69078.83
68977.19,67388.92,71231.31,69112.086
69245.62,67447.86,71391.03,69110.055
69199.3,67252.45,71164.68,69069.69
68838.13,67347.64,70670.09,68899.22
68383.68,67416.56,70568.73,68743.98
67635.7,67415.19,70594.86,68599.47
67079.99,67174.44,70697.49,68488.19
66735.49,67180.88,71038.24,68261.375
66694.64,67190.086,70894.37,68066.0
66539.55,67178.49,70165.88,67919.7
66017.93,66869.766,69578.45,67801.78
65583.15,66869.77,69326.16,67603.51
65173.98,66845.734,69376.54,67392.29
64512.92,66818.38,69357.17,67236.12
64382.67,66497.484,69129.35,67106.266
64320.16,66566.75,69179.33,66945.92
64089.36,66583.65,69076.81,66768.45
63867.81,66573.63,68835.28,66666.65
63755.41,66199.19,68439.46,66623.59
63677.37,66134.79,68258.78,66769.42
64120.65,66012.79,68394.9,67044.28
64284.8,65929.91,69012.44,67532.805
64563.83,65469.5,69800.58,68171.94
64657.93,65364.367,70825.25,69276.41
65379.06,65304.758,71454.19,69732.125
65990.54,65230.895,71919.72,69970.94
66318.5,65009.68,72113.83,70078.28
65979.63,64955.055,71931.94,69664.56
65648.48,64895.586,71480.87,69484.99
65196.45,64870.344,71323.39,69262.56
63595.83,64515.41,70840.42,69005.055
62740.83,64416.3,70563.1,68011.516
61613.99,64309.887,69883.01,67375.92
60420.84,64188.766,69237.35,66628.01
59693.3,63353.965,68528.15,65781.46
58624.37,63097.58,66813.22,64357.555
57586.35,62821.094,65552.43,63367.03
56935.19,62517.312,64472.7,62537.258
56392.43,61344.73,63529.59,61803.945
55540.15,60964.754,62529.84,60821.58
54376.73,60607.484,61646.94,60123.48
53399.71,60260.63,60431.8,59510.47
52549.23,58275.305,59763.65,58862.332
51676.45,56951.53,59190.11,58465.766
50578.45,55644.5,58024.37,57415.83
49657.66,54428.33,56871.04,56360.17
48179.16,53009.86,55848.32,55259.125
47369.33,52111.965,54730.12,53964.523
47470.47,51380.37,53520.32,52938.97
47136.61,50806.39,52421.78,52036.605
46886.99,50216.945,51676.88,51215.4
46410.57,49868.06,50486.99,50311.867
45795.18,49603.92,49764.82,49646.1
45521.58,49367.89,49362.08,49091.188
44861.12,48895.527,49115.41,48627.39
44384.32,48376.227,48636.99,48097.656
44566.7,48320.9,48471.89,47720.297
44640.22,48564.74,48357.2,47399.906
45011.03,49134.957,48328.3,47192.594
45505.54,49714.1,47240.06,47126.887
45710.09,50455.316,47083.42,47087.938
45761.47,51369.645,47236.27,47115.664
46688.65,52613.953,47757.66,47187.566
47248.62,53859.02,47545.91,47353.688
47668.92,55196.113,47582.77,47509.13
48452.99,56419.066,47843.61,47734.01
49867.74,57797.82,48006.77,48038.6
50619.1,58670.137,48989.36,48475.793
51464.92,59348.35,49245.2,48923.35
53081.26,59896.594,49564.57,49451.285
56396.07,60668.965,50277.19,50069.758
58554.22,61066.703,51566.48,50934.5
59972.51,61460.56,52287.76,51999.992
61589.87,61840.41,53690.13,53523.297
63360.16,62550.6,55312.57,55533.727
64263.05,62921.17,58784.38,57903.492
65257.9,63310.63,61180.59,60026.82
65755.47,63682.17,62807.04,61801.07
65642.37,65241.574,64336.21,63229.26
65790.63,66160.14,66540.11,64984.125
65706.64,66758.664,67079.0,65951.11
66082.08,67118.22,67424.82,66611.9
65432.65,67142.41,67962.04,67110.74
65621.52,67312.82,68182.73,67404.0
65644.04,67419.89,68706.6,67621.8
65686.49,67464.74,69127.2,67761.945
65961.55,67239.125,69211.38,67900.47
65745.78,67417.32,69791.35,67872.16
65971.29,67529.61,69947.6,67998.06
66725.61,67617.38,70329.84,68146.51
67046.7,67448.23,70323.67,68333.42
67648.29,67588.15,70220.89,68415.445
68167.63,67645.78,70308.92,68593.66
68615.12,67706.02,70434.81,68751.734
68645.51,67524.42,70493.02,68873.8
68437.3,67581.016,70887.8,68803.84
68174.1,67599.56,71345.64,68743.42
68317.59,67630.305,71620.34,68618.56
68628.77,67513.234,71492.44,68462.93
68741.38,67539.47,71108.01,68144.484
68497.21,67544.36,70575.16,67805.99
67740.32,67575.55,70279.92,67470.56
67951.41,67407.43,70177.45,67161.04
67341.56,67382.266,70162.43,66782.766
67315.42,67362.29,69610.19,66375.76
66483.94,67352.73,69197.35,66039.33
66163.9,67124.055,68463.12,65761.5
65738.59,67132.63,68375.62,65467.9
65271.82,67148.59,67967.43,65148.32
64425.45,67160.59,67878.96,64911.883
63627.86,66900.87,67516.59,64733.9
63071.38,66889.72,66433.28,64555.273
62823.93,66860.5,66078.42,64348.254
62873.04,66748.055,65865.18,64234.29
62882.97,66286.94,65785.89,64202.38
63037.73,66179.766,66032.19,64335.74
63455.29,66054.68,66071.84,64637.96
63852.08,65929.16,66506.35,65224.46
64533.87,65463.633,67143.4,66022.74
64388.84,65348.367,68117.32,67461.28
65008.12,65305.33,68612.1,68117.086
65663.89,65258.62,68993.53,68483.65
66543.29,64836.816,68880.38,68644.54
66174.15,64588.562,68821.54,68304.3
65966.29,64442.074,68340.08,68111.48
65352.21,64291.477,67913.72,67782.805
64089.05,63555.77,67655.12,67332.16
62887.49,63246.59,67062.27,66223.8
62179.94,62961.68,66259.69,65346.08
60760.7,62728.836,65589.53,64421.477
59445.42,61827.2,64657.39,63499.473
58720.97,61749.152,63371.31,62305.496
58056.45,61778.902,62187.75,61307.055
57253.02,61800.094,61182.04,60422.91
56036.29,60990.316,60339.34,59615.297
55331.29,60892.42,59605.84,58785.06
54264.61,60774.9,59036.65,58034.836
53192.39,60706.332,58084.68,57425.758
52434.68,58986.293,57368.84,56872.965
51632.99,58739.227,56829.82,56179.504
51073.3,58499.574,55861.03,55467.12
50169.9,58198.477,54809.91,54667.1
49502.06,57201.582,53750.97,53763.598
48552.7,56718.824,52036.13,52818.71
48544.01,56143.906,51075.86,51885.01
47817.83,55565.668,50442.75,51059.043
47172.76,54428.824,49512.84,50322.99
46455.13,53641.84,48972.32,49623.46
46439.33,52819.766,48296.85,49018.26
46137.5,52049.633,47671.54,48516.93
45671.21,51572.773,47334.38,48076.383
45429.66,50766.832,46309.29,45988.133
45719.0,50511.45,45919.57,45657.562
45776.91,50586.734,45620.03,45316.098
45937.52,50988.094,45167.24,45015.758
45611.77,51371.7,44814.1,44767.547
46152.99,51826.15,44865.14,44572.887
46532.91,52534.848,45026.29,44445.395
47170.0,53602.68,44758.23,44371.965
47069.46,54613.86,44686.25,44356.945
47685.15,55634.258,44664.57,44343.344
48500.72,56589.63,44780.81,44342.984
49157.49,57660.008,44903.9,44349.12
49927.74,58272.965,44979.71,44377.09
51073.39,58784.496,44956.44,44386.727
52629.67,59145.195,44894.73,44399.168
55607.09,59656.902,44974.08,44420.168
57917.09,59897.758,45539.04,44490.9
59433.93,60087.285,45389.5,44564.89
60947.09,60308.414,45161.11,44681.926
62859.41,60581.336,45401.42,44856.395
63694.14,60821.51,46289.48,45153.312
63962.04,61138.42,46885.23,45495.133
64499.41,61446.984,47109.32,45922.984
65733.84,62573.19,47853.48,46421.33
66220.98,63049.062,48596.91,47603.625
66929.46,63662.164,49168.98,48539.336
67321.5,64193.992,49875.01,49464.29
66639.09,65024.86,50988.28,50441.03
67010.69,65577.94,52869.24,51396.453
67440.17,65962.38,53902.08,52330.73
67700.5,66314.32,54818.5,53217.766
67489.56,66789.79,55679.32,54030.88
67540.06,67218.93,56075.1,54688.16
67614.37,67543.17,56452.77,55298.242
68287.27,67723.93,57105.85,55805.812
68808.81,67726.62,57613.95,56228.477
69144.11,67990.29,58386.48,56549.395
69361.79,68162.5,58495.56,56850.406
69196.0,68272.33,58596.9,57137.973
68845.29,68090.03,59039.1,57399.71
68866.66,68247.84,59111.65,57587.902
68828.29,68339.8,59366.15,57659.598
68380.23,68401.35,59574.65,57678.094
69131.97,68169.164,59608.19,57637.996
68527.13,68256.9,59497.27,57578.727
67559.65,68306.734,59179.44,57308.816
67851.46,68326.97,58764.04,57011.836
66888.54,67990.29,58240.04,56686.67
66879.17,68040.71,57599.74,56393.242
66684.35,68030.92,57046.69,55888.86
66670.28,68053.734,56487.45,55466.406
65824.78,67697.49,55897.82,55110.562
65746.58,67687.17,55772.05,54912.434
65537.8,67722.414,55527.31,54535.965
64856.93,67767.29,55061.81,54279.73
64133.65,67393.086,54937.47,54108.418
63479.05,67406.16,55082.74,54158.273
63494.85,67460.13,54840.79,54043.96
63178.42,67501.555,54787.24,54082.695
63992.33,67156.22,54675.33,54245.945
64299.07,67185.16,54818.55,54877.168
63974.79,67125.98,54978.4,55333.273
63849.59,67027.3,55446.07,56002.46
64082.98,66638.03,56496.16,56777.75
63635.51,66400.17,58355.07,58019.086
64171.77,66282.27,59286.64,58713.71
64923.11,66207.97,59997.33,59344.504
65884.9,66238.99,60132.81,59799.35
65909.89,65721.7,59812.78,60154.09
65349.13,65327.613,59469.3,60113.93
64867.29,65060.85,58867.96,59868.426
64163.43,64385.652,58404.98,59429.26
63037.95,64074.918,58098.51,58984.965
62184.09,63927.812,57536.94,58264.74
61371.28,63858.117,57064.78,57481.082
59577.04,62974.52,56310.06,56670.42
59009.66,62834.754,54801.53,55983.35
58266.53,62770.754,53372.37,55129.82
57474.08,62769.586,52538.19,54401.348
57197.91,61864.324,51949.23,53742.664
56376.22,61838.48,51555.73,53254.43
55271.36,61930.156,51049.35,52671.793
54066.27,62046.54,50741.07,52223.367
52812.12,60687.46,50357.52,51845.1
51925.99,60387.62,51033.6,51383.4
51210.0,60103.98,50444.14,50810.426
50563.15,59794.24,49639.15,50140.11
49843.67,58478.63,48857.85,49368.23
49247.05,57952.223,48212.65,48650.855
49099.03,57284.188,47504.27,47907.562
48261.4,56549.035,46614.18,47273.305
47131.65,55109.97,46317.25,46713.855
46773.21,54290.938,45811.67,46225.65
46640.85,53492.496,45629.35,45677.92
46470.64,52761.914,45408.43,45137.594
45850.67,51686.613,44983.85,44585.004
45824.23,51006.008,43976.25,44032.48
45828.54,50738.945,43749.27,43732.645
45971.45,50694.03,43610.11,43528.566
46161.65,50979.54,43413.34,43302.246
46230.65,51292.113,43021.23,43063.29
46316.18,51754.008,42578.35,42815.58
46477.04,52381.766,42584.21,42595.11
46649.08,53365.977,42508.11,42409.94
47000.37,54272.184,42090.27,42250.938
47736.89,55240.062,42086.51,42117.89
48391.68,56196.344,41996.23,42010.15
49650.28,57345.02,42000.84,41922.01
50200.84,58194.766,42075.0,41808.984
51223.39,58757.215,41937.2,41716.164
52630.67,59154.297,42062.96,41646.36
56350.13,59975.023,41728.42,41578.22
58599.99,60305.992,41950.63,41526.285
60638.58,60670.47,42026.44,41469.4
62285.0,61057.324,41970.21,41415.953
64359.58,61889.344,42032.75,41364.25
65249.72,62264.715,41701.55,41331.508
65987.27,62614.445,41649.96,41302.97
66629.51,63024.54,41999.69,41309.906
67306.65,64719.06,42407.3,41361.215
67483.31,64766.77,42914.82,42111.137
67669.63,64821.28,43107.94,42416.066
67890.51,65066.355,43620.62,42858.45
67252.74,65566.41,44558.52,43438.562
67297.17,66014.09,45643.52,44111.707
67987.88,66311.61,46482.17,44975.523
68481.89,66497.984,47284.3,45927.906
67734.29,66577.4,47981.49,46886.918
67659.46,66926.02,48957.0,47723.49
67819.74,67152.37,49701.19,48491.363
68288.63,67346.99,50156.32,49159.76
68350.29,67317.266,50930.09,49757.723
68472.44,67659.24,51408.0,50272.65
68559.01,67871.484,51802.57,50811.246
68262.9,67970.07,52401.46,51425.95
68373.37,67848.83,52861.17,52053.465
67813.1,67943.55,53635.4,52601.246
67353.86,68011.08,54307.78,52966.414
67434.01,68051.914,54463.44,53178.086
67769.58,67826.2,54201.92,53204.824
67059.61,67883.69,53984.52,53084.97
66415.21,67906.94,53673.27,52659.76
65666.67,67881.92,53303.14,52174.34
65527.13,67629.875,53003.59,51676.96
65292.64,67657.87,52895.72,51276.06
65212.55,67678.1,52824.96,50734.473
64959.02,67693.38,52565.86,50277.703
64872.79,67237.37,51481.41,49898.008
64366.89,67259.44,51411.92,49639.055
63532.74,67260.445,50680.19,49324.812
62964.05,67278.4,50786.67,49088.754
62665.48,66768.914,50392.73,48927.066
62309.45,66766.586,50672.64,48816.78
62307.95,66799.664,50477.96,48741.164
62324.48,66876.41,50504.88,48766.51
62933.45,66422.95,50719.5,48919.727
62875.05,66028.05,51558.2,49417.926
63211.08,66538.164,51988.04,50084.793
63261.24,66440.34,52649.57,51060.13
64150.99,65903.695,54107.55,52260.28
64135.13,65941.234,55200.43,54012.855
64856.67,65869.81,56310.79,55108.21
65538.34,65817.664,56767.26,55951.676
66540.11,65443.227,56880.68,56509.72
65782.24,65374.887,57372.68,56928.133
65194.36,65335.617,57414.14,56896.562
64776.64,65326.926,57211.38,56698.777
63017.67,64810.902,56888.86,56339.58
61551.3,64701.06,56053.04,55916.742
60328.49,64609.793,55404.69,55230.11
59315.0,64538.58,54809.69,54593.164
57977.84,63738.39,54434.04,53992.34
57215.17,63616.22,54637.19,53507.28
56267.06,63543.344,54018.51,52957.004
55546.46,63439.195,53284.67,52583.152
55059.89,62364.33,52607.37,52312.97
54455.38,62241.28,52961.19,52172.914
53379.37,62104.133,52709.85,51993.664
52055.52,61966.555,52446.28,51939.863
50862.26,60108.19,52312.01,51917.902
50263.26,59293.42,53117.12,52244.32
49537.82,58475.844,52582.83,51898.62
48495.9,57659.453,52012.14,51507.77
47453.99,55974.22,51302.47,51014.848
46833.62,55073.875,49608.24,50513.254
46751.84,54226.305,48685.82,49952.188
46027.86,53453.473,48027.71,49437.895
45381.27,52166.8,47393.93,48962.477
44919.88,51509.7,46606.6,48524.54
44479.92,50930.36,46002.09,48041.61
44123.81,50443.016,46205.72,47576.17
43635.45,48824.17,45852.99,47114.65
43319.55,48124.36,45157.21,47273.113
43127.07,47511.703,44782.96,46680.973
43098.19,46924.965,44840.96,46255.164
42991.86,46525.19,44733.12,45953.0
42832.16,46056.3,44209.51,45804.92
43028.46,45676.918,44278.64,45688.867
42735.72,45391.805,44439.04,45630.703
42777.7,45233.79,44541.98,45613.375
43005.88,45052.797,44671.75,45665.145
43009.1,44949.05,44745.7,45710.72
43370.82,44876.523,44887.32,45797.164
44064.05,45034.79,45223.64,45949.78
44221.81,45187.13,46019.0,46230.984
44138.69,45328.21,46544.54,46597.863
44504.43,45417.86,47096.34,47113.758
44886.42,45641.29,47599.49,47767.473
45476.76,45739.86,49536.69,48621.047
45653.67,45926.246,50409.71,49671.42
46539.65,46148.57,51487.07,51120.61
47469.01,46583.117,53380.47,53085.473
47974.15,46909.816,56455.74,55556.65
48250.25,47249.06,59010.96,58098.168
49060.58,47624.08,61313.42,60369.453
50452.19,48592.613,63246.31,62209.133
51536.47,49570.336,65771.76,63633.6
52041.57,50452.63,67057.57,64867.703
52629.97,51143.9,67494.83,65935.375
53071.94,51824.266,68045.51,66889.76
53755.62,52460.99,68428.81,67634.22
54355.54,52939.465,68954.72,68111.5
54964.39,53286.043,69676.39,68404.07
55520.1,53554.145,70153.49,68577.73
55586.16,53793.15,69816.27,68620.71
55950.56,53947.39,70472.63,68732.375
55968.54,54065.355,70694.25,68885.2
56412.07,54193.445,71163.31,69130.7
56986.7,54250.703,70956.14,69225.03
57254.01,54298.387,70937.98,69555.32
57199.86,54346.664,71112.13,69869.69
56497.81,54437.367,70892.12,70190.78
56603.42,54388.09,70993.98,70217.61
56306.66,54345.496,71190.07,70396.84
55731.17,54279.223,71234.56,70509.97
55258.49,54327.35,71165.54,70581.42
54633.04,54216.633,71144.42,70397.42
54203.13,54056.46,71128.64,70328.61
53446.8,53883.71,71531.58,70232.05
53228.93,53819.97,71455.4,70127.79
52810.66,53619.258,71396.44,69860.805
52703.77,53428.215,71233.67,69632.54
52039.34,53248.574,70891.43,69424.0
51512.89,53090.984,70374.46,69253.69
50929.39,52884.35,70412.63,69048.19
50392.08,52629.05,70723.66,68827.555
50310.16,52356.145,70597.81,68668.04
50651.82,52076.816,70436.62,68580.67
50457.51,51884.117,70440.56,68483.66
50621.11,51682.316,70274.15,68379.15
50937.2,51501.855,70091.06,68360.91
51595.25,51352.203,69471.95,68398.6
51892.06,51269.38,69325.45,68685.31
52284.32,51200.07,69380.39,69144.484
52508.34,51150.867,69801.68,69750.06
53402.19,51304.395,70881.48,70392.984
53691.98,51319.92,72055.25,71232.51
54069.92,51334.254,72487.83,71661.99
55126.82,51335.758,72642.94,71896.41
55640.15,51447.438,72298.23,71999.67
55329.99,51434.164,72470.62,71757.59
54728.57,51434.773,72105.93,71646.2
53730.01,51432.62,72084.89,71478.6
52804.89,51243.62,71893.72,71277.39
51642.86,51098.316,71583.23,70586.414
50604.29,50922.918,70527.58,70145.99
49761.0,50705.598,70235.73,69585.266
48654.81,50164.54,69747.56,68882.28
47889.86,49789.35,67760.03,67535.96
47201.96,49430.082,66369.52,66439.55
46882.22,49092.176,65623.44,65410.445
46536.92,48506.156,64462.78,64498.918
45921.06,48215.203,62416.75,63352.66
45108.28,47932.723,61624.33,62580.293
44441.7,47653.832,60942.78,61963.914
44074.18,46725.395,59950.91,61414.93
43177.02,46304.258,59106.27,60921.645
42375.47,45992.645,58638.49,60115.773
41770.75,45734.65,57755.62,59200.023
41440.63,45339.254,56812.97,58213.46
40964.01,45187.01,55625.96,57117.484
40610.28,45065.883,54434.82,56123.508
40050.9,44959.598,53694.4,55260.01
39579.44,44718.01,52816.2,54498.65
39092.73,44666.67,51175.23,53689.723
38582.25,44622.24,50783.7,52953.707
38187.59,44575.258,50221.37,52319.797
38197.97,43284.176,49712.01,51751.863
37786.87,42537.92,48980.71,50525.703
37600.1,42022.35,48751.63,50042.21
37752.9,41622.35,48611.69,49696.613
37623.29,41389.07,48386.75,49468.67
37386.85,41203.65,48160.27,49318.64
37507.06,41073.504,47900.3,49206.63
37323.46,41009.17,48072.28,49157.617
37594.62,41011.816,47961.14,49160.9
37653.24,41035.81,48491.31,49239.277
37817.88,41084.004,48640.83,49311.484
38178.04,41150.53,48364.31,49460.71
38055.95,41292.945,48417.82,49689.723
38153.85,41363.1,49318.67,50062.258
38468.65,41422.29,49807.8,50482.605
38678.34,41487.402,50262.18,50964.273
39100.07,41623.36,50952.82,51541.234
39455.55,41723.305,52681.18,52296.14
40053.42,41817.992,53374.73,53182.473
40297.03,41941.277,54552.71,54407.254
40955.05,42152.69,55542.57,56149.297
41301.12,42331.85,59005.63,58442.605
41505.84,42506.914,61389.63,60736.56
41929.71,42716.855,63161.57,62733.3
43335.59,44197.305,64658.27,64353.723
44349.15,44679.797,67107.82,65802.555
44976.95,45250.508,68202.81,66997.21
45815.58,45754.098,68865.07,67918.28
46414.86,46356.812,69237.88,68576.3
47049.56,46814.453,69729.64,68945.53
47924.8,47224.535,70229.89,69180.87
48669.81,47625.01,70496.47,69309.39
48946.66,48081.906,70543.61,69426.57
49565.31,48423.35,70540.29,69386.09
50074.65,48763.094,70810.9,69492.9
50629.03,49074.27,70978.04,69644.07
50846.51,49405.957,71118.87,69875.97
51763.5,49654.2,70918.13,69938.336
52222.45,49924.69,70962.4,70193.28
52234.97,50175.297,71362.47,70469.305
52014.91,50400.566,71607.05,70706.56
52146.18,50539.11,71273.27,70704.305
52040.08,50644.52,71587.23,70792.36
51078.0,50723.445,71677.33,70833.39
50273.56,50775.168,71780.02,70840.53
49979.97,50758.715,71588.76,70706.37
49446.11,50723.18,71417.84,70590.05
49151.71,50690.36,71669.08,70499.49
48856.59,50642.363,71555.25,70354.375
48713.25,50535.223,71179.13,70132.48
48164.49,50459.035,70343.23,69900.91
47859.81,50364.29,70062.89,69678.05
48157.95,50201.832,69155.02,69500.04
47467.96,50135.58,69840.62,69277.11
47091.41,50039.887,69671.44,69018.84
46984.24,49928.117,69306.36,68813.01
47414.7,49775.85,69030.19,68661.75
47239.02,49736.83,69381.57,68477.836
47175.41,49712.008,69209.75,68278.93
47282.27,49693.88,68828.35,68154.89
47645.01,49632.496,68582.04,68094.84
47921.53,49665.547,68541.91,68221.61
48871.36,49706.156,68677.17,68543.78
49428.62,49769.79,69186.6,69086.67
50246.52,49879.246,69906.31,69704.86
50942.11,50015.93,70622.86,70633.9
52070.78,50182.594,71153.73,71090.266
53183.36,50374.68,71322.11,71349.625
54082.93,50562.844,71340.88,71468.55
54081.64,50784.848,72093.97,71173.81
53683.3,50913.27,71730.98,71049.25
52671.09,50973.42,71301.47,70892.42
52427.18,50847.836,71370.27,70713.195
51627.39,50853.78,70541.12,69976.08
51218.32,50840.023,69510.87,69543.414
50383.98,50783.273,69101.21,69020.836
49694.48,50492.105,68610.78,68358.34
49158.85,50337.035,67944.28,67020.11
49084.2,50151.43,66862.08,65977.49
48684.31,49995.61,65714.93,65019.812
48625.97,49602.645,64604.17,64176.008
48296.6,49481.89,63404.38,63078.242
47621.19,49363.754,62664.08,62339.383
46758.77,49222.387,61640.08,61746.848
46123.61,48391.68,60720.19,61183.68
45232.02,47739.098,60337.25,60679.07
44207.48,47215.164,59530.1,59821.766
43880.53,46713.023,58323.43,58916.29
43108.37,46153.203,57802.71,57960.8
42390.34,45778.03,56553.51,56881.15
41976.38,45450.227,55645.08,55923.777
41448.31,45182.047,54615.85,55066.117
41038.59,44866.387,53880.79,54259.95
40619.46,44683.137,52109.59,53391.61
40263.86,44533.086,51629.4,52625.61
40134.02,44410.547,51403.2,51941.67
40114.77,45178.402,50857.93,51301.348
39546.7,44253.582,50565.26,50339.855
39360.62,43770.28,50333.28,49904.547
39208.58,43508.805,50165.69,49586.363
39172.01,43475.758,49978.85,49364.98
39321.39,43418.438,49003.67,49261.52
39330.96,43500.336,48848.36,49174.855
39577.03,43689.797,49137.81,49142.473
40282.11,44091.555,49283.51,49155.29
40529.72,44534.586,49317.88,49271.473
41306.59,44990.035,49574.07,49368.39
42275.38,45558.445,49847.77,49543.79
44169.06,46577.414,50199.69,49808.15
45036.09,47721.742,51393.48,50206.77
46220.47,49030.27,51527.52,50624.555
48467.1,50537.996,51951.26,51120.78
52375.0,52616.72,52546.58,51708.473
54832.5,54336.977,54046.86,52512.992
56352.86,55876.44,54467.86,53448.297
58732.33,57154.574,55301.76,54760.598
61649.46,58710.445,56288.55,56558.312
62531.3,59615.758,58307.06,58787.957
63150.03,60305.906,60617.06,60848.344
63787.0,60857.555,62573.16,62599.13
64651.02,63457.47,64179.28,63979.57
64974.94,63967.25,66547.1,65467.64
65272.16,64225.66,67328.1,66544.89
65202.37,64377.777,67730.32,67392.88
64449.55,64299.76,68051.84,68047.016
64456.15,64358.523,68745.94,68446.43
64965.93,64345.87,69180.07,68655.22
64909.15,64280.305,69353.25,68759.46
64962.23,64187.85,68877.53,68860.0
64808.78,64132.992,68767.35,68822.12
65055.88,64054.54,69091.0,68926.586
65560.43,63967.297,69270.61,69064.87
65826.63,63952.42,69389.59,69310.7
66233.6,63889.445,69503.38,69411.664
66232.39,63823.703,69534.31,69714.195
66387.71,63762.117,69939.47,69986.36
66424.14,63808.434,70091.59,70221.33
66280.29,63772.96,70295.17,70259.35
66270.36,63735.227,70888.0,70333.43
66151.4,63696.41,71048.78,70380.41
66593.22,63756.133,70759.91,70430.37
66279.72,63751.715,70235.38,70348.18
66172.63,63756.684,70100.15,70213.875
65620.75,63770.008,69868.81,70060.13
65370.02,63769.32,70179.82,69958.08
64897.4,63786.086,70140.14,69822.44
64504.05,63811.926,70099.66,69593.05
64317.74,63840.305,69759.64,69375.234
64323.24,63709.637,69122.06,69302.055
63828.69,63752.78,68497.9,69134.336
63537.12,63783.336,68231.28,68952.91
62891.84,63817.01,68056.32,68740.734
62669.22,63532.64,67880.19,68540.234
62470.31,63585.94,68295.08,68347.61
62241.68,63639.01,68094.74,68178.64
62174.45,63708.35,67750.81,68092.5
62602.38,63285.355,67314.11,67992.09
63035.12,63382.285,67374.33,68039.51
63370.62,63454.996,67638.96,68244.21
63595.33,63553.29,68159.46,68750.55
63874.78,63011.625,69036.67,69277.66
64064.78,63165.996,69890.47,70230.57
65206.54,63348.973,70253.83,70662.05
66724.71,63589.09,70374.02,70794.86
67574.25,63328.695,70246.72,70777.78
67299.13,63488.426,70288.87,70247.41
67187.06,63591.633,69899.48,69996.0
66641.64,63655.555,69471.16,69819.95
65112.64,63168.19,69415.39,69680.77
63861.99,63023.27,68912.75,68830.36
62735.66,62812.645,68530.29,68403.6
61825.24,62577.59,68105.19,67772.73
60677.74,61495.58,67304.74,67065.266
59772.12,61021.13,66420.51,65633.055
58877.37,60490.914,65290.83,64701.883
57867.15,59967.64,64340.95,63785.78
56802.15,58453.055,63607.83,63014.203
55930.04,57713.062,62876.19,62011.402
54645.36,57036.9,62105.34,61352.504
53568.52,56445.145,61269.84,60731.066
51904.2,54699.22,60281.86,60100.22
51018.07,53676.44,59611.3,59592.926
50076.93,52910.344,58570.27,58727.89
49332.27,52286.664,57354.99,57877.2
48164.12,51374.91,56574.49,56985.33
47804.52,50949.47,55551.5,56008.97
47523.39,50614.43,54386.32,55120.863
46867.59,50350.305,53561.11,54326.586
46199.7,49826.92,52926.14,53573.69
45839.86,49631.227,51682.22,52786.895
45790.85,49466.21,51017.26,52073.965
45735.8,49343.25,50912.73,51460.438
45252.51,48355.168,50415.35,50902.02
45198.61,47482.89,49826.68,50614.508
45104.4,47024.742,49434.21,50188.504
45026.69,46710.277,49266.78,49897.32
45372.29,46682.992,48899.66,49695.52
45581.45,46848.367,48264.85,49640.4
46052.43,47287.586,48224.52,49561.68
46159.51,48028.69,48242.94,49541.06
46729.96,49168.082,48429.52,49567.676
47228.26,50359.383,48633.35,49722.098
47735.13,51644.613,48696.44,49820.586
48628.42,52895.87,48851.56,49972.88
49703.52,54403.992,48975.8,50199.93
50400.17,55426.53,49970.91,50607.184
51764.15,56235.953,50112.76,50963.664
53485.84,56901.133,50416.74,51369.023
56841.05,57920.66,50952.2,51852.168
58666.87,58419.68,52383.06,52540.426
60335.74,58838.58,53058.98,53236.863
61802.42,59162.18,53879.69,54180.758
63801.05,59956.664,55241.01,55512.52
64685.27,60182.348,58415.16,57384.953
65250.15,60379.652,60823.52,59293.17
65622.54,60554.195,62829.46,61093.293
65943.24,63295.766,64604.97,62619.043
66338.35,63984.285,66486.74,64678.133
66579.98,64392.547,67219.77,65774.125
66962.22,64584.953,67421.1,66661.0
66466.55,64532.688,67882.13,67390.59
66664.98,64674.336,68240.4,67785.9
67047.64,64716.816,68819.66,67959.234
67155.85,64713.297,69260.0,68048.46
67017.23,64571.176,69490.64,68075.99
67247.79,64532.887,68319.89,67855.836
67435.94,64501.566,67988.13,67872.09
67786.82,64461.85,68459.16,67927.56
68116.19,64454.844,68696.42,68042.336
68784.3,64459.945,69412.62,67851.67
69146.41,64421.13,69449.06,68070.94
69479.11,64414.13,69560.36,68315.016
69105.19,64496.04,69560.0,68556.88
68824.59,64505.797,69635.31,68374.38
68573.1,64542.848,69940.28,68450.24
68175.25,64579.27,69921.23,68474.21
67964.31,64542.47,70166.66,68470.875
67552.39,64531.48,70397.97,68174.53
66899.06,64543.13,70093.42,68003.266
66261.51,64568.07,70158.27,67817.72
65848.16,64546.613,70142.39,67657.86
65852.65,64602.297,69681.41,67356.375
65974.71,64608.34,68999.92,67124.445
65532.37,64602.797,68150.38,66942.805
65857.74,64480.88,67416.61,66807.36
65508.38,64518.773,68212.45,66535.945
65102.59,64545.74,68476.02,66362.234
64611.74,64567.574,68006.01,66271.37
64649.24,64263.82,67895.85,66240.16
64533.39,64335.977,67637.85,66187.57
64521.46,64397.566,67189.26,66195.46
64386.31,64441.344,66770.48,66286.055
64748.66,64032.992,66528.15,66426.94
65038.38,64035.92,66094.66,66757.89
65523.6,63957.26,66095.19,67197.45
66081.23,63884.3,66765.06,67803.41
66078.45,63359.44,67890.06,68628.39
66793.35,63239.637,69286.55,70049.266
67909.67,63154.78,69978.12,70737.516
68961.85,63061.633,70338.44,71125.15
69208.71,62662.684,70250.95,71301.8
68667.74,62507.53,70303.08,70885.27
68216.95,62368.58,70152.65,70877.22
67533.18,62239.477,70105.79,70827.555
66159.28,61837.383,69894.66,70729.445
64764.99,61568.105,70089.18,69979.66
63731.45,61313.22,69594.43,69618.7
62653.53,61053.68,69107.59,69161.59
61388.28,60128.12,68341.46,68563.5
60233.12,59624.184,66806.24,67230.805
58936.48,59126.203,65599.49,66156.11
58120.46,58604.56,64803.15,65127.35
57663.41,57257.266,64014.22,64202.848
56719.21,56584.94,62982.06,63031.69
55230.55,55978.027,62159.02,62164.37
54219.01,55395.94,61325.36,61437.94
52561.31,53664.492,60324.63,60758.168
51211.79,52760.316,59937.93,60292.816
50445.0,52100.61,59204.87,59365.73
49642.03,51621.797,58160.48,58471.777
48694.03,50907.23,57433.49,57560.664
48079.51,50578.273,56179.77,56579.527
47801.78,50330.016,55073.16,55686.184
47263.08,50145.055,54477.34,54883.035
46474.12,49706.043,53556.95,54116.047
46208.55,49544.105,51220.8,53287.914
46041.58,49415.043,50511.13,52537.2
45715.03,49320.457,50698.79,51894.1
45173.93,48585.582,50218.35,51315.758
45316.24,47652.88,49463.92,50779.457
45566.96,47336.58,48955.67,50458.95
45560.38,47299.473,48860.37,50188.145
45500.43,47560.383,48940.4,50027.48
45946.47,47847.055,48347.7,49964.36
46368.62,48364.465,48255.97,49922.6
46794.82,49079.984,48079.98,49926.57
47030.43,50191.27,48034.23,49976.28
47235.43,51167.586,48031.2,50082.43
47994.55,52168.207,48425.3,50220.293
48516.87,53267.863,48736.13,50436.516
50082.76,54704.613,48966.09,50746.332
50409.41,55719.52,49669.31,51187.75
51448.89,56540.684,50382.61,51674.016
53058.86,57221.734,50775.12,52245.375
56806.42,58296.176,50711.8,52896.016
59150.99,58713.375,52392.58,53734.58
60647.81,59046.414,53159.66,54748.367
62004.97,59339.52,54082.86,56141.9
64439.83,60178.938,55163.79,58056.367
65611.42,60456.633,57792.3,60488.87
66382.76,60739.605,60255.68,62773.03
67215.15,61003.52,62040.36,64660.895
67903.42,63100.156,63950.27,66092.945
68525.65,63502.54,66124.66,67636.71
68693.7,63866.04,66689.18,68634.98
68830.59,64128.797,67426.2,69387.164
68772.58,64505.453,68235.52,69932.51
69032.53,64742.7,69236.95,70243.555
69341.52,64919.56,70139.65,70446.875
69354.9,65087.1,70411.87,70562.72
69372.38,65234.88,70443.68,70652.8
69752.66,65526.832,69942.35,70578.8
69949.71,65771.15,70229.12,70705.766
70299.06,65947.98,70218.86,70876.53
70380.41,65918.88,70128.04,71097.016
70632.46,66112.734,70125.32,71156.9
70715.03,66269.69,69904.39,71393.01
70477.28,66380.33,70167.13,71589.14
69920.13,66307.36,69586.26,71744.375
69273.21,66411.84,69169.96,71675.44
69695.83,66476.2,69040.51,71703.234
69801.69,66516.08,69616.47,71684.09
69390.03,66327.45,70004.33,71644.375
69490.59,66337.82,70754.49,71411.09
69369.64,66359.4,70529.21,71255.08
68856.33,66328.91,70121.37,71081.91
68545.73,66134.57,69560.97,70891.07
68224.89,66090.805,69448.89,70502.555
67176.77,66053.4,69127.77,70143.47
67277.27,66069.266,68273.79,69808.305
67048.26,65814.5,67142.08,69500.21
66612.16,65825.62,67111.78,69022.08
66013.6,65820.195,67057.53,68602.836
65461.59,65838.13,66756.87,68279.53
65598.93,65602.414,66608.06,68062.09
65647.82,65626.68,66743.88,67793.805
65248.28,65676.07,66420.06,67596.51
65410.53,65730.64,65973.58,67516.22
65490.44,65465.8,65698.17,67522.69
65220.36,65538.48,66045.85,67662.01
65345.25,65601.375,66221.4,68025.1
65768.84,65661.2,66665.93,68569.766
65574.21,65424.547,67594.12,69182.43
66238.49,65407.473,68451.81,70146.46
67413.49,65371.457,68463.44,70445.45
68190.01,65357.91,68474.58,70550.33
68185.8,65075.29,68669.96,70561.055
67786.28,65034.977,68408.18,69891.875
67527.92,64973.3,67819.25,69651.37
67147.66,64930.105,67588.64,69346.48
65903.03,64249.918,67338.58,68933.26
64910.31,64024.633,66573.9,67870.875
64142.6,63772.324,65623.64,67109.21
62814.93,63479.992,64842.21,66272.47
61326.59,62000.637,63917.53,65391.027
60700.71,61381.824,62431.94,63993.71
59702.19,60721.754,61159.12,63032.348
58357.17,60031.914,60069.7,62192.74
57327.18,58339.17,59326.06,61441.4
56709.82,57525.383,58876.87,60393.57
55772.52,56850.375,57809.06,59653.246
54468.95,56298.547,57095.0,59047.32
53065.04,54812.977,56559.7,58487.01
52077.26,53834.42,56730.39,58085.516
51155.34,53118.684,55923.06,57383.33
49809.57,52569.64,54873.12,56689.035
48960.04,51787.22,54201.28,55902.527
48338.22,51415.695,52939.16,54964.344
47982.11,51128.97,51967.9,54085.555
47367.33,50905.29,51298.82,53275.9
46769.77,50437.945,50926.69,52506.066
46307.34,50263.15,48837.96,51701.0
46533.12,50118.598,48184.43,51004.633
46108.11,50012.56,47426.02,50434.133
45903.94,49720.97,46978.5,49933.7
45993.25,49008.266,46666.66,49009.492
45801.19,48840.887,46135.93,48608.734
45648.52,48860.32,45872.92,48232.68
45735.44,49177.176,45638.88,47908.184
45873.43,49558.895,45176.02,47624.83
45950.97,50072.91,45026.64,47375.086
46039.66,50661.918,44998.22,47196.617
47003.4,51552.207,44869.57,47076.023
47276.67,52476.977,45162.04,47016.945
47568.75,53417.902,45294.86,46972.336
48177.91,54357.383,45253.55,46947.324
49674.6,55708.03,45358.2,46929.81
50439.12,56691.496,45201.48,46945.17
51109.29,57507.242,45219.53,46943.277
52717.26,58161.184,45541.62,46944.684
55821.47,59238.867,45536.95,46951.258
57977.52,59677.17,45214.1,47003.98
59695.19,59984.215,44947.88,47063.703
61485.44,60212.816,45165.49,47166.4
63873.94,60941.523,45016.07,47334.12
65115.57,61137.098,45510.42,47590.117
65921.46,61350.484,45786.28,47899.69
66132.9,61517.926,46332.04,48283.14
66579.07,63645.95,46996.76,48731.785
67313.27,64457.387,48145.79,49885.562
67564.15,65054.02,49120.11,50872.965
67630.85,65390.215,49796.77,51849.91
67233.19,65586.5,50494.13,52873.047
67713.56,65864.79,51496.03,53889.117
68098.06,66009.08,52476.67,54862.58
67948.4,66037.89,53067.88,55761.21
68254.04,65915.734,54095.07,56564.785
68395.31,66063.37,55244.59,57097.754
68647.06,66125.375,56118.42,57667.21
68938.11,66140.31,57059.9,58143.883
68691.33,65972.2,57272.35,58546.105
69094.09,66040.98,57319.45,58833.516
69516.89,66061.04,57712.04,59160.297
69451.52,66053.55,57889.37,59491.492
68984.48,65892.12,57836.95,59830.84
68853.24,65907.484,58401.39,60033.664
68870.18,65890.414,58707.3,60156.227
68640.16,65867.72,59157.71,60188.6
68559.73,65728.055,58470.99,60190.016
68237.26,65729.09,58339.62,60113.363
68135.73,65729.73,58224.48,59856.81
67990.86,65737.98,58042.93,59586.215
67512.3,65552.57,57942.11,59274.875
67234.39,65529.766,57125.51,58935.832
66640.01,65498.344,56823.81,58439.387
66565.05,65481.91,56743.91,57996.98
66417.9,65223.957,56586.08,57601.383
66237.88,65230.395,56159.11,57280.457
65515.18,65222.836,55712.55,56859.766
64633.33,65217.008,55984.42,56600.39
64512.19,64843.65,55074.29,56422.926
64104.04,64876.426,55474.15,56458.918
64154.28,64909.203,54978.44,56349.348
63978.96,64937.89,55486.5,56414.65
64293.81,64534.3,55751.92,56637.523
64184.68,64517.19,55729.82,57414.746
64688.04,64463.07,55788.46,57874.594
64988.42,64394.71,56863.85,58512.727
65156.27,63954.79,57920.11,59224.816
65793.57,63843.977,59251.88,60299.688
67055.89,63737.074,59812.95,60920.07
67552.53,63634.805,59991.99,61446.914
67798.39,63118.973,60026.68,61799.14
67096.18,62943.93,59927.15,61959.242
66633.46,62778.457,60047.38,61879.773
66070.38,62636.508,59823.47,61619.707
65045.38,61967.29,59468.08,61171.49
63835.65,61684.13,59572.64,60521.703
63093.61,61387.082,59153.32,59764.746
62133.49,61076.61,58849.18,58943.06
60794.41,59841.57,58567.55,58074.31
60127.82,59108.71,56942.51,57195.72
58972.85,58339.746,55582.83,56258.195
58118.07,57579.45,54656.46,55475.32
57244.55,56108.5,54186.23,54785.535
56277.68,55331.03,53379.0,54192.94
55278.99,54749.688,52690.18,53605.332
54082.75,54318.01,52443.65,53170.71
52612.08,53146.184,52459.17,52811.438
51546.83,52400.125,52035.26,52877.76
51012.16,51903.61,51493.13,52405.867
50330.52,51536.184,50708.46,51915.094
48927.41,50961.03,49676.61,51298.547
48215.36,50709.816,48355.57,50659.074
47918.23,50512.516,47351.9,49948.86
47531.53,50363.22,46731.18,49281.23
46840.29,49974.223,46250.06,48628.03
46299.91,49849.164,45161.07,47944.84
46107.33,49749.445,44553.43,47202.906
45633.23,49675.395,43939.97,46465.887
45208.2,49423.555,43598.97,45730.31
45101.15,48636.844,43071.68,45186.023
45152.68,48367.17,42832.96,44730.273
45028.62,48322.414,42615.96,44394.586
44991.98,48632.746,42308.35,44096.133
45134.4,48960.5,42165.91,43815.37
45173.24,49453.797,41782.96,43539.36
45534.14,50013.848,41837.05,43285.758
46130.67,50969.664,41613.13,43077.047
46475.23,51778.168,41610.13,42932.7
46914.25,52563.324,41626.97,42830.02
47381.92,53336.523,41663.67,42767.03
48703.49,54502.152,41318.21,42726.84
49679.98,55323.473,41988.0,42699.594
50801.56,56048.387,42159.99,42658.805
52391.7,56650.496,42223.3,42605.617
55948.03,57665.22,42132.59,42546.617
58052.86,58079.05,41911.73,42477.55
59922.35,58425.547,41746.7,42412.656
61732.53,58771.74,41710.96,42345.836
63939.13,59603.707,41283.95,42278.605
65211.41,59862.523,40581.14,42193.42
65542.65,60082.19,40793.56,42152.457
65850.87,60323.62,40965.04,42149.703
66629.03,62879.652,41471.9,42197.348
67218.05,63774.93,42655.47,43083.22
67390.74,64510.51,43241.1,43389.023
67891.66,64983.266,43718.66,43899.07
67978.47,65286.656,43870.28,44607.227
68252.03,65638.43,44920.92,45504.03
68940.02,65886.23,45806.06,46585.125
69027.29,66040.61,47106.92,47754.21
68759.29,66065.266,47941.71,48901.016
68717.3,66248.7,48659.03,49836.59
69008.84,66401.5,49563.36,50752.625
69347.04,66521.55,50104.47,51554.355
68935.97,66556.15,50917.63,52257.156
69929.47,66728.88,51313.05,52803.84
70409.47,66878.12,52076.41,53500.57
70572.96,67029.54,52756.45,54259.453
70477.2,67051.195,53178.84,55020.88
70327.73,67174.98,54259.02,55617.777
70051.09,67299.65,54882.27,56030.76
69427.48,67382.875,55320.08,56273.613
69101.48,67286.19,54855.15,56323.074
68480.75,67385.07,54616.85,56167.812
67581.24,67498.664,54338.39,55770.777
66754.82,67581.2,54218.83,55307.246
65772.62,67407.695,54024.47,54820.383
65606.99,67496.37,54002.5,54337.418
65447.57,67566.94,53371.45,53785.477
64821.38,67595.84,53008.92,53322.63
64783.19,67292.625,52664.85,52948.824
64272.72,67335.51,52828.45,52656.94
63932.93,67406.62,52430.91,52365.65
63754.75,67448.21,52217.68,52185.535
63919.0,67104.53,52104.77,52113.387
63203.87,67161.84,52295.01,52170.055
62675.86,67208.91,51663.56,52272.996
62905.0,67280.87,51796.63,52543.387
62892.23,66881.59,51941.1,52982.543
63053.85,66838.555,52266.95,53706.46
63359.48,66752.414,52435.13,54522.715
63765.32,66627.45,53566.44,55485.324
64757.91,66044.28,54510.78,56412.664
65564.82,65933.5,55886.55,57444.082
66527.72,65836.22,56286.94,58028.957
67277.93,65752.375,56709.23,58507.746
67296.2,65134.562,56897.49,58863.016
66386.5,64954.203,57312.46,59169.297
66091.83,64840.574,57301.32,59179.605
65609.01,64696.223,57017.46,59107.785
63331.71,63858.99,56362.95,58914.477
62040.74,63590.285,55553.01,58524.285
60691.62,63296.3,55264.04,57907.234
59716.97,63003.133,54719.13,57320.375
58599.14,61998.727,54329.98,56751.83
57097.82,61465.957,54353.18,56207.727
55681.31,60921.945,53353.93,55590.867
54851.88,60370.223,52502.38,55149.684
53996.75,58904.234,52167.16,54769.33
53274.04,58085.344,52155.95,54478.977
52190.36,57289.21,51725.74,54065.47
51334.88,56542.47,51569.41,53781.992
50575.97,55023.84,51700.93,53533.11
49675.5,53964.504,52045.07,53829.99
48994.08,53154.793,51635.39,53437.156
47992.99,52517.875,50629.44,53013.28
45906.94,51682.098,49927.41,52414.285
45324.74,51218.96,48596.15,51802.86
45073.83,50847.688,47877.58,51034.133
44504.65,50572.98,47625.13,50359.11
43795.75,50112.883,46888.29,49722.457
43339.65,49925.797,45402.91,49146.57
43041.66,49771.863,44880.66,48457.3
42715.37,49631.133,44261.24,47833.406
42319.83,47494.676,43749.47,47234.32
42076.64,46640.723,43293.33,47562.9
41702.87,45945.094,42928.96,47005.617
41745.6,45277.223,42636.08,46533.156
41754.47,44824.22,42831.15,46077.53
41573.12,44443.61,42404.53,45755.625
41627.4,44171.6,42384.5,45529.68
41676.75,44005.35,42415.42,45436.598
42152.92,43979.156,42513.63,45444.66
42624.11,44010.38,42094.2,45602.203
42696.31,44131.35,42091.01,45791.906
42879.05,44259.824,42479.63,46035.164
43101.71,44473.938,42640.66,46376.242
43272.03,44645.188,43486.62,46901.03
43252.68,44831.445,43803.09,47548.98
43831.27,44989.85,44433.44,48305.875
44908.33,45307.266,45048.26,49173.61
45593.13,45646.785,46852.42,50317.645
46225.99,45998.86,47874.84,51702.137
46795.95,46351.273,49404.18,53493.387
48152.91,46814.086,51547.05,55594.562
48879.79,47231.793,55802.92,57597.152
49800.13,47621.367,58675.45,58902.418
50176.67,47994.926,60749.17,59921.938
50347.06,49385.47,62607.88,60866.69
50832.65,49889.08,64050.31,64071.633
51620.71,50377.35,65161.85,65062.234
52230.65,50850.867,65862.81,65877.15
53091.02,51406.383,66365.23,66505.16
53625.48,51951.93,66926.66,67008.34
54298.23,52421.098,67470.52,67494.82
54851.76,52830.875,67671.32,67924.16
55423.1,53296.145,67684.68,68308.81
56032.83,53759.227,67610.28,68542.76
56227.77,54139.51,68425.79,68912.37
56231.97,54478.727,69085.33,69314.945
56047.37,54856.37,69403.22,69743.26
55981.55,55249.152,69548.76,70038.63
56554.31,55544.68,69848.37,70386.164
56395.41,55791.637,70040.49,70670.27
56446.75,56038.523,70291.22,70897.7
55873.14,56272.598,70339.61,70926.734
55294.2,56409.69,70490.57,70963.6
55094.26,56480.285,70504.91,70965.2
54984.91,56577.516,70357.98,70933.125
54694.04,56601.98,70093.83,70741.1
54439.32,56521.11,70028.54,70558.67
53938.03,56381.426,70466.69,70383.42
53723.68,56348.273,70619.98,70222.234
53585.23,56262.305,70595.21,69952.195
53045.0,56150.223,70472.55,69723.48
52686.17,55992.297,70564.09,69545.59
52612.64,55972.105,69855.76,69395.29
52308.23,55849.55,69494.67,69175.38
52333.59,55712.938,69402.62,68966.125
52023.13,55603.85,69081.15,68811.555
52098.77,55614.035,68959.11,68731.86
52045.61,55520.85,68330.88,68616.4
52376.08,55413.176,68342.92,68512.72
52527.04,55302.445,68347.54,68486.66
53160.44,55321.434,68467.06,68505.586
53448.23,55258.63,68352.75,68654.4
53891.8,55206.484,68619.26,68924.77
54466.48,55162.17,69070.22,69436.6
55793.75,55197.223,69604.19,70106.61
56086.63,55170.355,71008.15,70948.91
57197.44,55134.926,71758.34,71419.734
57458.48,55084.215,72038.62,71692.37
56628.1,54863.867,72027.06,71816.64
56313.68,54727.227,72067.34,71341.99
55871.0,54587.934,71907.01,71246.555
55121.87,54413.11,72273.66,71136.37
53920.88,53913.867,72027.87,70978.75
52697.44,53528.098,71277.87,70205.766
51749.61,53104.215,71062.2,69861.555
51034.2,52644.223,70875.64,69417.23
50039.28,51911.754,70448.22,68819.125
49531.79,51296.293,68454.77,67615.625
48730.4,50710.867,67096.88,66621.92
48283.52,50190.047,66344.91,65686.76
48201.64,49576.8,65491.96,64858.504
47587.81,49150.566,63908.43,63850.613
46860.72,48790.3,63202.66,63115.348
46225.79,48459.64,62434.08,62525.367
45370.94,47670.59,61677.55,61975.64
44453.49,47190.273,60837.02,62063.188
43703.18,46808.22,60002.99,61175.195
42707.08,46509.473,59147.11,60092.85
41011.26,46218.47,58234.08,58895.434
40495.82,45990.496,56955.01,57571.04
40166.94,45814.273,55721.31,56379.85
39395.56,45671.89,54598.65,55338.074
39242.94,45494.582,54133.47,54411.95
38830.0,45411.76,52747.42,53462.293
38360.2,45332.9,52033.93,52689.816
37968.61,45270.883,51483.99,52038.227
37961.36,44269.992,51227.36,51462.582
37588.02,43427.03,50869.68,50823.83
37396.17,42856.766,50483.07,50478.887
37534.05,42410.457,50349.7,50251.36
37537.04,42177.34,50217.74,50106.508
37589.32,41994.29,49868.18,50018.355
37528.89,41904.33,49439.98,49966.895
37190.86,41869.293,49527.97,49953.484
37959.77,41946.344,49867.29,49972.6
38437.17,42057.188,50405.5,50052.203
38164.55,42190.742,50141.59,50164.742
37895.44,42289.46,50179.51,50350.848
38576.12,42465.85,50533.18,50631.332
38630.94,42587.16,50930.84,51044.645
38516.52,42683.15,51277.09,51513.227
38423.78,42738.367,51537.91,52076.863
38550.73,42897.65,52235.82,52737.98
38880.43,42970.953,54076.54,53571.785
39182.81,43052.484,54873.01,54523.625
39281.15,43137.375,56028.02,55789.914
40058.04,43350.02,57624.61,57533.723
40568.45,43506.5,61001.42,59819.777
41010.12,43665.957,62938.4,62090.625
41405.83,43834.688,64716.42,64056.625
41976.07,45013.855,66174.87,65607.96
43120.38,45340.96,68082.23,67517.02
43989.27,45776.715,69374.29,68684.74
44674.86,46242.844,70357.23,69531.84
44810.0,46663.848,71198.79,70125.125
45319.09,47168.9,71793.38,70445.2
45826.26,47653.293,72108.67,70609.49
46647.16,48134.7,72508.39,70705.91
47635.52,48702.008,72574.91,70742.69
48524.1,49333.14,72597.17,70651.3
48971.1,49917.78,72252.13,70704.37
49442.77,50417.41,72314.24,70872.11
50612.45,50912.17,72283.25,71110.62
51387.89,51356.715,71504.67,71121.88
51879.65,51698.785,71902.26,71366.19
51671.11,51954.426,71889.74,71557.03
51389.09,52143.043,71838.79,71672.81
51251.37,52258.992,72128.71,71522.164
50644.94,52323.324,72632.88,71574.95
50150.07,52341.56,72681.71,71560.08
49434.62,52339.027,72609.71,71503.94
48455.76,52292.28,72505.24,71185.25
48326.73,52194.844,72000.56,70986.77
47777.94,52101.43,71885.01,70772.37
47358.51,52021.508,71701.92,70598.91
47254.32,51922.85,72097.81,70290.5
47324.65,51816.0,71984.41,70056.47
47057.49,51719.72,71232.32,69824.93
47643.56,51624.637,70488.51,69657.97
47271.67,51556.68,70246.49,69413.766
47064.44,51456.766,69933.81,69158.12
46974.63,51344.773,69489.78,68933.74
47633.61,51211.12,69148.62,68710.3
47449.2,51092.03,69345.63,68507.22
47765.1,50938.117,68527.28,68339.95
48423.13,50783.176,68359.37,68177.125
49030.6,50742.52,67952.41,68035.766
49161.88,50611.117,68299.52,68049.09
49693.79,50477.45,68756.9,68113.97
50674.28,50372.715,69439.91,68409.305
51571.55,50448.492,70021.05,68944.945
52186.34,50335.055,70967.75,69981.61
53390.37,50245.086,71674.35,70378.95
53579.62,50189.906,72041.86,70552.16
54080.28,50036.54,72108.92,70587.28
53580.2,49894.91,70784.89,70171.84
53233.98,49778.062,70302.05,70042.72
52776.28,49672.0,69856.27,69858.31
52319.1,49361.188,69583.77,69626.45
51287.2,49172.86,69422.13,68901.9
50437.01,49012.42,68894.83,68401.61
49592.87,48867.91,68339.12,67753.945
49431.6,48560.89,67314.18,66962.266
49104.84,48370.85,66581.98,65810.28
48648.62,48226.434,65614.19,64829.586
48610.57,48107.797,64533.78,63993.11
48878.51,47878.32,63429.99,63265.445
48244.71,47744.715,62693.17,62436.457
47420.5,47633.426,61703.38,61692.723
46713.4,47524.29,60850.45,61025.32
45246.93,46814.543,59855.38,60349.703
44020.27,46413.234,60038.92,59908.848
43181.65,46085.324,59224.91,59041.168
42564.74,45779.68,58194.25,58206.387
42162.98,45468.99,57273.38,57306.05
41557.45,45258.79,55943.32,56347.04
41342.61,45100.438,55140.86,55413.49
41021.71,44985.234,54354.67,54575.32
40758.61,44840.195,53375.22,53787.312
40482.95,44755.957,52758.65,52979.18
40220.05,44683.797,52278.87,52247.547
40211.82,44629.57,51812.06,51616.312
39901.87,45060.934,51335.45,51043.42
39684.17,44109.617,50731.86,50949.92
39406.8,43568.914,50321.04,50515.094
39672.36,43109.125,49858.63,50175.77
40083.01,42878.117,49802.54,49912.35
40201.42,42725.414,49382.92,49758.63
40228.53,42763.613,49422.75,49642.008
40247.92,42948.543,49416.23,49606.887
41029.33,43349.203,49372.35,49636.125
41713.16,43740.42,49576.12,49761.746
42104.42,44210.98,49517.05,49887.34
42815.6,44721.742,49675.8,50062.055
44789.32,45552.152,49975.06,50306.234
46353.14,46502.938,50320.83,50693.08
47913.46,47685.895,50787.02,51143.066
50013.86,49102.957,50833.13,51689.34
53691.12,51082.453,51514.13,52318.71
56096.26,52822.992,52473.54,53113.547
58289.66,54431.277,53032.54,54022.35
60312.67,55796.55,54175.08,55256.46
62472.78,57441.65,55412.7,56938.88
63491.08,58346.164,58248.31,59057.945
64396.04,59040.375,60243.73,61067.82
65013.77,59480.79,62239.37,62810.28
65700.49,62941.504,63913.29,64226.99
65787.41,63475.688,65851.85,66069.86
66140.3,63849.258,67182.39,67022.36
66768.11,64082.992,67776.16,67745.35
66631.87,64339.746,68440.34,68317.75
66736.65,64530.598,69022.71,68707.734
67155.48,64655.54,69329.11,68985.35
67456.77,64773.293,69781.0,69179.1
67266.42,64955.26,69801.45,69324.27
67654.8,65100.242,69583.39,69332.67
67753.76,65130.8,69741.49,69448.875
68089.8,65146.293,70313.18,69596.945
68034.17,65217.94,70496.84,69780.63
68332.77,65271.734,70605.76,69888.98
68121.07,65324.63,70663.9,70128.91
67895.43,65341.594,71016.95,70361.75
67547.6,65371.04,71291.66,70578.59
67539.07,65412.316,71703.85,70644.49
68161.39,65422.523,71718.42,70736.19
68470.75,65437.754,71815.18,70791.45
68777.19,65428.188,71690.53,70820.58
68458.03,65498.562,71597.41,70682.7
67430.19,65553.64,71306.25,70556.0
67110.34,65609.8,71110.68,70403.55
66671.72,65555.695,71059.78,70243.91
66082.53,65703.78,71189.54,69958.26
65639.63,65822.74,70836.3,69699.05
65251.81,65899.875,70564.92,69484.016
65190.83,65687.055,70040.11,69305.96
65167.4,65769.91,68947.83,69042.03
64890.06,65842.125,68749.55,68797.19
64375.19,65889.09,68858.93,68614.79
64663.78,65526.895,68956.12,68473.83
63867.34,65564.125,68756.66,68287.66
63638.48,65585.03,68600.94,68121.055
63269.0,65591.81,68445.83,68027.055
63481.31,65119.4,68190.17,67991.21
63499.19,65024.355,68877.79,68103.41
63671.42,64893.008,69253.2,68335.945
64101.23,64767.938,69888.16,68864.58
65384.36,64214.91,70567.93,69566.44
66127.51,64046.656,70834.23,70441.945
67056.6,63891.008,71194.13,70717.36
67752.99,63733.9,71120.75,70855.516
66992.55,63034.93,71006.25,70903.78
66255.46,62772.91,71142.84,70510.586
65643.79,62521.586,70907.59,70405.68
65440.35,62262.438,70782.04,70273.8
65070.72,61409.445,70587.14,70095.78
63969.08,61008.45,70140.69,69452.08
62727.75,60620.23,69499.86,69015.266
61675.64,60234.273,68736.11,68407.516
59784.97,59062.46,67909.92,67607.04
59250.6,58444.797,66701.52,66399.195
58125.29,57856.824,65539.53,65343.98
57256.48,57286.863,64513.49,64429.953
57131.85,55963.473,63591.36,63641.688
56308.27,55267.85,62854.79,62779.777
55026.91,54669.62,62353.07,62021.098
54267.42,54169.48,61449.66,61361.965
53205.97,52728.957,60702.47,60704.43
52358.06,52148.746,60251.07,60269.395
51628.77,51720.098,59445.64,59419.992
50491.63,51399.71,58416.92,58607.7
49296.28,50857.258,57751.55,57743.887
48743.76,50595.64,56620.24,56810.125
48395.79,50386.02,55576.14,55921.273
47809.87,50218.87,54692.74,55133.664
46771.4,49857.418,54179.05,54392.086
46404.47,49708.67,53313.14,53610.77
46148.25,49575.0,52743.82,52900.81
45774.01,49462.82,52256.83,52284.63
45473.13,48292.367,51767.75,51716.656
45243.76,47323.535,51237.69,51684.414
45224.99,46851.285,50846.17,51251.76
45103.37,46564.332,50674.98,50918.137
45287.15,46610.457,50386.45,50679.297
45606.02,46763.79,49674.75,50524.867
45680.59,47152.27,49714.48,50423.156
45835.91,47720.723,49907.89,50390.03
46585.03,48690.742,49998.03,50415.742
47167.95,49643.43,50297.95,50503.96
47863.79,50709.242,50519.09,50619.945
48346.73,51834.766,50598.57,50779.848
49629.05,53302.914,50479.77,51006.3
50533.41,54421.7,51100.24,51357.76
51710.29,55399.81,51408.43,51786.375
53288.53,56224.867,51752.13,52300.72
56497.54,57410.09,52275.45,52894.375
58854.78,58053.164,53737.17,53628.07
60596.09,58600.92,54576.33,54488.234
62304.04,59075.875,55361.58,55624.17
64233.41,60033.48,56951.78,57202.195
65417.02,60382.484,59492.55,59279.375
65898.56,60664.293,61628.45,61344.023
66044.51,60899.395,63537.42,63151.02
66549.19,63675.92,65197.26,64602.38
66843.79,64093.902,67043.67,66465.03
67073.89,64424.832,67901.03,67408.16
67001.0,64659.477,68580.66,68117.5
66272.11,64885.01,69033.34,68685.34
66824.69,65067.695,70002.15,69071.98
67268.57,65214.664,70348.92,69360.4
67192.76,65318.03,70524.57,69582.35
66894.52,65413.52,70472.9,69756.66
67061.29,65612.914,70089.77,69786.33
67402.14,65753.18,70291.14,69931.91
67553.86,65843.766,70634.81,70063.26
67839.96,65831.14,70670.31,70227.95
68537.65,65949.164,70890.17,70311.08
68864.18,65988.2,70796.91,70532.42
68862.5,66022.39,70892.46,70737.34
68182.66,65969.445,71130.05,70937.72
67851.64,66029.23,71267.26,70972.23
67829.7,66047.37,71340.01,71025.09
68034.94,66038.96,71422.23,71052.086
68570.14,65946.23,71275.35,71047.9
68434.35,65982.02,71087.13,70830.99
67926.12,65991.81,70770.09,70665.72
67044.79,65995.305,70612.98,70503.07
66344.15,65840.11,70485.76,70361.39
66376.79,65878.25,70780.86,70103.586
66294.05,65901.15,70605.89,69904.586
66113.49,65906.48,70298.18,69707.016
65999.22,65650.67,69715.08,69517.29
65747.08,65711.43,69463.16,69235.03
65483.09,65776.41,69493.93,68979.41
64834.55,65830.164,69227.1,68813.94
64348.67,65478.848,68953.95,68682.95
63816.32,65567.03,68912.79,68520.8
63782.74,65624.93,68837.9,68373.82
63534.48,65677.5,68908.5,68298.04
63439.71,65276.812,68717.87,68251.336
63533.38,65293.773,68767.54,68315.16
63707.39,65266.902,69161.17,68501.234
64178.65,65231.43,69782.36,68925.04
64644.28,64774.2,70758.51,69553.06
65500.57,64694.06,71462.25,70571.7
66791.15,64621.86,71704.62,70948.44
67344.65,64546.016,71769.0,71125.66
67638.7,63883.91,71846.31,71165.7
67238.83,63751.72,71528.43,70642.35
66747.66,63639.297,71327.93,70485.57
66380.1,63552.28,71001.91,70313.22
65846.34,62784.035,70549.7,70126.16
64784.45,62583.7,69570.56,69362.28
63632.3,62391.6,68775.26,68902.04
62500.42,62204.74,68294.9,68360.164
61324.71,61148.414,67919.65,67690.71
60337.5,60670.043,66817.64,66585.516
59082.14,60147.414,65571.75,65606.055
58308.61,59558.61,64344.4,64731.145
57547.98,58043.266,63448.29,63941.965
56511.94,57115.293,62844.21,63048.64
55079.57,56228.24,62350.37,62236.42
53961.13,55419.387,61568.79,61529.656
52734.18,53699.13,60614.44,60827.2
51825.27,52858.266,60261.24,60422.633
50879.55,52234.72,59825.74,59552.438
50052.27,51766.883,58838.17,58784.305
49310.56,51135.22,58062.29,57958.676
48918.21,50821.555,57300.69,57072.785
48216.56,50572.48,56274.62,56168.457
47642.87,50391.336,55277.06,55326.773
46667.2,50017.793,54640.18,54493.043
45994.13,49870.438,53475.86,53623.332
45861.52,49734.79,52865.16,52775.863
45540.26,49636.805,52543.61,52035.305
45066.9,48740.582,52123.45,51347.355
44837.42,47991.336,51533.86,51333.18
44851.33,47753.3,51018.97,50841.344
45059.92,47648.062,50773.3,50408.19
45359.35,47816.625,50422.73,50112.574
45587.26,48035.69,50285.17,49957.94
45500.37,48405.75,50134.3,49854.58
45861.82,48883.316,50106.32,49839.715
46567.03,49721.438,50302.81,49898.453
46758.29,50541.695,50015.21,50065.465
47284.42,51431.117,49983.93,50223.234
47924.47,52394.61,50206.45,50434.93
50073.66,53742.543,50513.18,50713.586
51175.72,54884.04,51187.95,51127.77
52378.99,55925.258,51415.13,51577.457
54042.76,56831.99,52001.9,52112.746
57283.97,58093.734,52691.71,52726.188
59775.96,58781.94,53598.73,53533.195
61755.04,59367.758,54194.36,54443.07
63398.44,59863.46,55159.66,55681.53
65655.91,60814.336,56614.92,57343.0
67047.11,61183.17,59766.05,59487.836
67599.03,61512.863,61916.1,61480.76
67883.03,61757.844,63679.66,63239.727
68154.4,64139.87,65376.0,64668.836
68491.88,64498.48,66955.25,66636.78
68801.52,64787.438,68108.06,67621.0
68771.34,64999.387,68788.78,68347.46
68256.31,65213.39,69190.14,68967.65
68512.4,65395.14,69499.37,69461.44
68754.89,65504.008,69939.13,69818.97
68928.91,65570.48,70041.28,70033.08
69206.62,65544.016,70196.01,70148.79
69196.15,65687.33,69989.97,70154.59
69234.24,65758.305,70378.63,70275.93
69592.73,65798.46,70499.43,70315.04
69948.93,65742.56,70751.89,70401.6
70473.33,65910.87,70885.51,70405.56
70474.9,66054.12,71109.1,70611.61
70295.17,66168.71,71120.2,70792.336
69607.48,66144.625,70890.24,70948.78
69388.12,66297.2,71205.41,70838.34
69597.98,66405.75,71322.76,70882.305
69386.1,66478.445,71423.4,70874.516
69328.79,66383.375,70934.94,70790.83
68751.62,66430.7,70800.62,70422.375
68453.48,66449.305,70713.64,70130.59
67914.04,66450.875,70610.55,69790.164
67404.83,66256.08,70411.46,69467.52
67172.49,66262.06,70595.47,68986.16
67034.21,66248.27,69914.81,68499.44
66738.31,66233.76,69499.65,68070.55
66604.34,65925.28,68890.48,67750.12
65867.7,65919.03,68114.8,67380.65
65774.64,65908.96,68087.78,67040.625
65137.53,65908.23,67887.58,66809.0
65258.1,65504.305,67417.25,66654.61
64803.3,65535.188,66892.26,66494.75
64753.11,65565.33,66470.97,66338.46
64616.9,65598.266,66432.1,66276.92
64665.02,65094.496,66287.43,66298.484
64840.85,65027.414,66803.37,66487.84
65278.0,64921.273,67743.86,66846.734
65683.15,64830.684,68510.96,67411.46
66031.37,64333.934,69678.06,68138.98
66906.58,64230.355,70386.02,69372.016
68218.54,64180.957,70157.93,69945.875
68692.47,64164.438,70141.84,70239.06
68939.09,63540.36,70133.12,70344.13
68318.33,63466.555,70512.96,69800.195
67931.56,63417.277,70023.11,69607.4
67534.76,63398.727,69898.91,69341.45
66369.14,62571.613,69619.47,68993.24
64976.17,62342.22,69072.88,68057.85
63650.28,62079.645,68252.99,67410.16
62917.23,61794.96,67565.72,66704.28
61831.78,60477.06,66533.95,65956.6
60732.83,59783.46,65163.48,64820.42
59993.28,59061.906,63916.14,63897.598
59154.34,58340.605,62859.55,63067.598
58272.64,56844.56,62422.55,62301.49
57326.09,56035.176,61448.08,61370.39
55778.92,55391.98,61036.68,60575.9
54515.65,54880.473,60544.83,59904.297
52658.03,53545.457,59448.56,59259.758
51522.9,52823.8,58737.73,59134.39
50614.79,52320.938,57861.28,58366.598
49538.8,51935.723,57113.75,57633.734
48430.85,51335.96,56165.57,56791.78
48129.69,51058.195,55057.19,55818.773
47681.62,50829.1,53950.98,54822.582
47311.72,50635.242,53066.81,53865.695
46515.99,50222.86,52359.36,52920.312
46158.06,50049.984,51108.77,51939.234
45925.21,49902.035,50613.25,51033.77
45237.88,49781.133,49875.67,50254.0
44883.0,49248.74,49334.35,49566.047
44630.97,48299.85,47947.29,49262.336
44769.79,47932.08,47544.68,48946.137
44752.24,47773.594,47007.05,48602.547
44906.21,47941.945,46961.75,48301.5
45020.27,48200.582,46640.91,48028.875
44808.88,48614.727,46603.26,47826.49
44972.58,49085.582,46384.18,47706.13
45563.92,49899.586,46273.16,47646.62
46241.35,50677.285,46416.04,47603.367
46967.09,51564.613,46335.97,47600.633
47519.68,52494.51,46346.12,47612.35
49245.66,53773.887,46470.93,47632.36
50300.08,54740.746,46567.61,47627.07
51176.57,55583.59,46561.44,47654.33
52756.11,56280.477,46300.84,47688.37
56296.08,57424.273,46042.28,47729.133
58389.84,57902.082,46240.31,47774.78
60579.19,58253.44,46110.87,47867.01
62280.22,58547.7,46156.29,48000.78
64340.92,59448.49,46755.75,48191.42
65558.52,59699.188,47200.84,48455.97
66324.94,59942.69,47722.42,48814.84
67012.43,60149.254,48251.59,49274.156
67431.15,63135.88,48963.99,49831.59
67528.5,63695.89,50715.43,51449.188
67849.0,64137.016,51662.44,52458.76
67858.67,64432.43,52695.95,53538.266
67832.82,64692.812,53038.05,54693.098
68129.77,64920.723,54231.59,55794.723
68749.72,65081.113,54917.32,56799.008
68786.21,65177.203,55983.84,57673.117
68275.72,65254.84,56929.71,58417.023
68543.97,65402.99,57805.42,58874.395
68952.76,65499.79,58118.66,59349.89
69275.29,65563.45,58435.99,59736.168
69244.27,65566.055,58830.32,60078.65
69399.82,65685.39,59222.45,60250.867
69737.6,65758.02,59307.49,60521.703
69835.97,65783.44,59572.15,60797.797
69547.12,65769.125,59598.15,61039.754
69325.42,65835.375,59813.59,60988.867
69275.15,65891.84,59904.58,60979.867
69642.72,65934.805,60113.54,60915.195
69593.95,65919.09,59939.99,60788.477
69397.15,65984.48,59740.58,60372.953
69031.0,66048.02,59592.88,59975.383
68378.38,66113.94,59083.45,59558.883
67742.76,66033.39,58632.75,59113.9
67080.43,66136.21,57749.11,58541.793
66937.12,66218.9,57209.74,57974.33
66458.6,66298.79,56748.62,57505.895
66118.88,66057.04,56012.84,57115.285
65461.03,66137.625,55861.66,56800.01
64984.96,66242.34,55658.76,56412.973
64622.35,66321.34,55541.96,56171.344
65110.95,65899.63,55419.45,56045.05
64751.25,65945.77,55619.9,56115.734
64428.95,65999.95,55582.41,56117.56
64212.87,66059.58,55617.78,56297.297
64535.18,65565.52,56108.47,56625.137
64754.19,65594.89,56656.26,57554.246
65112.36,65586.16,57685.92,58262.09
65589.83,65593.87,58835.04,59149.977
67000.44,65103.973,59630.64,60057.668
68247.78,65152.176,60255.01,61244.465
69764.04,65181.92,60547.32,61791.973
70285.29,65206.418,60913.49,62155.402
70481.99,64472.78,61089.24,62305.254
69632.27,64445.8,61315.6,62148.03
69134.46,64422.324,60990.48,61832.773
68449.79,64438.12,60430.87,61372.473
66657.08,63680.21,59981.13,60782.273
65409.29,63591.996,59491.9,59923.867
64369.4,63456.64,58874.7,59150.832
63497.19,63290.08,58419.74,58407.203
61596.88,62203.836,57573.54,57648.223
60381.2,61692.26,56089.09,56779.285
59553.38,61118.523,55057.02,55924.027
58374.93,60498.598,54219.77,55188.625
57757.12,58956.05,53450.45,54523.273
56330.67,58128.83,52638.05,53839.297
54920.05,57420.785,52325.38,53201.8
54171.73,56847.34,51791.41,52683.94
52878.9,55391.08,51578.69,52216.52
51655.69,54397.02,51871.47,52704.93
50929.93,53688.73,51549.59,52131.297
50171.19,53139.676,50754.51,51521.91
48340.77,52368.496,49954.18,50719.938
47741.48,51992.215,49108.72,49792.387
47188.73,51683.336,48520.95,48795.84
46805.53,51436.53,47919.05,47842.016
46089.45,50968.336,47224.42,46917.367
45619.05,50779.035,46134.03,45961.156
45443.53,50621.17,45337.0,45086.438
45222.59,50503.746,44932.18,44324.836
44878.61,50466.582,44472.51,43676.61
44815.5,49715.91,43874.51,42951.777
44749.87,49425.562,43190.57,42554.07
44608.82,49313.973,42764.78,42220.535
44603.14,49520.195,42842.24,41921.617
44511.52,49720.715,42709.84,41692.02
44427.93,50008.46,42585.1,41486.48
44606.74,50355.38,42283.58,41339.773
44589.81,51062.164,42406.08,41256.79
44803.09,51568.28,42580.56,41252.484
45800.81,52146.87,42261.32,41258.18
46764.33,52940.344,41989.26,41275.258
48120.31,54228.062,42294.68,41296.875
49252.15,55254.684,42733.81,41321.984
50471.32,56238.09,42619.51,41338.34
52199.05,57141.543,42736.45,41351.418
55707.05,58431.133,42749.55,41359.53
58349.88,59090.14,42455.63,41372.477
60594.19,59623.25,42242.44,41371.28
62299.58,60036.688,42147.08,41359.816
64371.73,60901.76,41739.82,41350.5
65930.28,61210.535,41674.02,41374.18
67063.71,61470.402,41802.78,41410.95
67683.52,61724.36,41913.33,41501.156
68451.83,64091.484,42236.36,41647.96
68846.28,64940.09,42889.34,42851.83
69050.2,65611.22,43346.06,43242.316
68846.33,66035.62,43822.19,43803.473
68200.37,66261.43,44321.45,44510.06
68052.26,66557.37,45693.6,45364.96
68375.14,66711.29,47083.4,46338.047
68440.49,66824.47,48067.22,47379.246
67877.21,66772.48,48896.85,48411.688
67826.93,66974.516,49600.48,49192.594
68348.08,67118.29,50594.93,50020.45
68429.43,67231.7,50872.33,50756.26
68452.08,67205.34,51169.39,51423.668
68399.1,67381.234,52309.94,51972.156
69140.78,67505.72,53049.8,52623.465
69335.73,67610.234,53245.52,53346.58
68470.13,67596.52,53621.16,54097.555
67804.54,67694.49,54420.03,54736.727
67626.68,67759.28,55366.44,55190.0
66897.07,67787.17,55444.27,55467.85
66398.88,67662.85,55435.65,55539.184
65727.12,67675.46,55163.41,55310.59
65240.5,67648.69,55051.5,54860.895
64416.8,67604.84,54337.23,54375.277
64185.1,67327.38,53558.34,53891.24
63796.45,67288.94,53079.65,53350.016
63320.08,67229.734,52489.71,52816.508
63057.4,67165.06,52395.89,52390.766
63336.37,66767.53,51847.51,52047.457
62782.2,66675.52,51630.74,51732.258
62528.62,66612.73,51448.25,51421.133
62088.12,66566.31,51253.42,51204.375
62217.68,66141.305,50835.95,51043.13
62130.2,66139.5,51298.33,50968.836
61774.79,66127.45,50773.64,50881.645
61883.29,66110.67,50934.67,50896.71
62047.57,65578.31,50774.42,51018.27
62244.01,65501.438,51937.08,51521.91
62568.63,65384.46,52857.5,52008.613
62958.05,65298.832,54149.62,52726.332
63780.34,64800.137,55189.86,53625.1
64921.35,64698.61,56555.13,54968.8
66021.29,64640.535,57176.49,55913.215
66086.03,64616.883,57801.93,56671.73
66782.43,63954.31,58045.95,57188.56
66143.09,63914.28,58258.18,57708.355
65896.66,63898.41,58060.22,57665.082
64851.17,63895.21,57713.69,57502.94
63711.52,63196.508,57503.22,57210.2
62485.03,63011.684,56275.92,56843.55
61664.7,62830.48,55559.68,56212.688
60174.4,62589.4,55188.64,55590.508
58651.36,61496.617,54701.28,54982.832
57603.25,60976.92,54122.96,54404.773
56296.81,60470.766,53417.55,53779.08
55492.44,59941.78,52599.65,53325.402
55289.19,58574.117,52211.12,52963.668
54342.16,57853.17,51937.21,52706.46
53720.25,57221.336,51480.52,52423.47
53243.2,56681.816,51212.8,52274.055
51451.36,55333.49,51342.98,52172.094
50124.36,54346.97,51654.97,52262.273
49009.44,53595.73,51139.69,51796.656
48465.39,53002.402,50328.53,51299.387
47960.49,52189.94,49431.91,50673.715
47295.94,51802.008,48647.17,50039.984
46794.23,51489.453,48064.63,49306.19
46347.43,51240.723,47608.47,48619.484
45630.83,50761.57,46942.51,47981.023
45092.33,50570.906,46190.34,47411.457
45276.74,50400.883,45839.95,46856.887
44813.14,50276.22,45379.77,46383.535
44107.38,48301.117,44743.83,45963.61
44103.69,47633.71,44852.95,45574.613
43709.93,47087.555,44754.6,45121.645
43795.55,46537.1,44563.28,44807.61
43724.72,46180.637,44341.83,44599.71
43345.28,45839.348,44284.42,44507.684
43381.86,45570.715,44352.5,44458.758
43469.88,45411.26,44428.75,44483.098
43647.2,45431.887,44472.85,44573.605
43829.36,45407.418,44512.59,44743.273
43989.41,45442.254,44530.12,44940.133
44176.64,45520.344,44815.15,45198.555
44581.52,45753.87,45126.89,45543.16
44743.58,45897.105,45636.93,46074.87
44939.71,46053.344,46038.13,46747.09
45374.07,46209.008,46735.11,47571.22
46263.64,46567.715,47380.4,48506.516
46826.48,46823.695,48618.65,49652.17
47413.92,47094.29,49277.26,50993.477
47993.64,47371.484,50637.53,52723.12
48972.62,47796.188,52293.01,54853.83
49583.27,48126.56,55760.26,57314.598
50766.86,48405.574,58385.31,59601.36
51280.99,48706.336,60715.97,61603.29
51990.6,49948.633,62671.23,63261.96
52298.71,50515.652,65208.75,65331.03
53559.03,51095.258,66099.63,66423.555
54346.86,51614.164,67334.0,67301.64
55276.74,52095.504,67671.91,68013.6
55804.28,52683.082,68532.45,68527.0
55952.89,53125.094,68952.21,68898.74
56179.7,53481.45,69362.68,69154.1
55852.76,53790.29,69586.13,69347.44
56054.19,54199.105,69227.68,69391.03
55786.3,54497.71,69400.36,69516.625
55952.45,54727.12,69741.65,69653.18
56458.2,54833.938,69929.1,69844.97
56741.73,55026.15,70413.13,69977.84
56608.99,55159.855,70393.06,70238.516
56674.63,55267.414,70655.7,70496.47
56461.51,55312.18,70737.12,70743.39
56115.46,55340.453,71009.17,70872.06
55946.79,55360.96,71320.33,70996.516
55831.73,55374.8,71501.5,71078.34
55928.35,55405.18,71385.42,71126.914
55628.5,55368.316,71072.53,71041.14
54517.81,55316.883,70980.08,70951.875
54211.91,55251.23,70945.77,70822.77
53899.11,55233.71,70967.04,70681.16
53884.78,55145.348,71259.97,70387.75
53300.57,55084.67,71008.13,70127.39
53159.78,55007.79,70578.91,69889.24
52805.48,54980.562,70128.29,69686.19
52352.16,54897.516,69783.13,69371.64
52220.18,54807.344,69810.39,69088.734
51635.53,54719.297,69589.14,68856.47
51858.24,54691.586,69363.13,68673.47
51929.96,54653.5,69683.75,68426.33
51989.39,54611.98,69466.03,68237.03
52226.94,54564.938,69153.26,68129.195
52097.33,54611.133,68818.82,68089.305
52422.24,54583.28,68853.07,68123.414
52757.69,54556.85,69209.32,68371.89
53677.7,54576.562,69832.55,68912.1
54915.1,54680.12,70187.08,69602.78
56289.19,54713.992,70351.79,70397.44
57297.51,54695.773,70549.62,70656.305
57261.18,54681.254,70780.42,70773.8
57020.95,54489.094,70534.48,70798.05
56102.68,54431.508,70727.67,70397.49
55586.73,54361.707,70440.22,70266.59
55132.17,54295.242,70207.34,70095.22
54126.55,53986.81,69831.33,69859.586
52969.37,53834.977,69707.14,69085.555
52033.68,53646.473,68831.28,68456.914
51110.29,53424.76,68225.73,67641.72
50916.46,52910.72,67866.3,66715.78
50434.81,52583.223,66882.69,65488.094
49751.84,52219.92,65656.04,64493.07
49207.02,51787.363,64693.08,63663.46
49580.52,51066.11,63758.77,62938.53
48844.07,50649.383,62875.5,62118.38
48042.61,50265.09,62150.94,61348.3
47250.06,49929.695,60990.21,60654.25
46608.65,49027.145,60146.51,59959.31
45811.67,48337.65,60077.17,59511.316
45341.61,47779.816,59326.72,58632.56
44591.64,47315.52,58253.1,57791.94
43239.71,46812.72,57239.44,56888.598
42461.9,46453.19,56316.26,55980.453
42212.97,46142.086,55332.75,55062.543
41407.64,45946.312,54104.8,54250.938
40803.51,45695.754,53387.72,53489.207
40365.85,45555.7,52692.16,52738.445
39932.22,45442.543,51910.72,52034.18
39216.08,45358.92,51388.04,51431.65
38193.14,44386.33,50826.29,50877.07
38047.08,44011.195,49829.51,50678.113
37844.7,43747.63,49713.17,50205.32
37811.07,43542.746,49274.76,49810.98
37966.99,43458.18,49167.7,49486.82
37930.85,43310.773,48843.35,49289.33
37753.57,43182.293,48611.19,49159.297
37341.6,43070.625,48516.67,49146.05
37037.8,43116.633,48638.43,49224.047
37094.65,43050.125,48975.5,49396.297
38124.61,43022.062,49256.14,49573.05
38008.1,43075.758,49443.33,49811.56
38401.34,43204.305,49551.61,50126.164
38393.57,43239.29,50294.72,50579.01
38182.29,43252.715,50345.8,51095.24
38179.62,43220.164,50938.2,51707.625
38039.88,43378.633,51321.64,52405.723
38100.55,43364.21,52762.0,53259.418
38889.71,43353.355,53469.72,54224.914
38486.64,43390.74,54353.58,55537.254
39051.39,43542.1,55841.38,57296.79
39500.17,43571.6,58454.25,59412.39
39353.58,43634.285,60672.24,61411.164
39806.74,43639.043,62652.23,63166.074
41001.36,44993.11,64577.18,64636.184
41651.49,45326.938,66692.29,66548.6
42643.53,45738.26,67860.18,67599.03
43252.53,46201.2,68864.52,68396.766
44403.88,46810.61,69504.44,69035.66
44922.59,47363.527,69876.92,69461.76
45980.68,47857.555,69950.04,69775.484
46869.0,48372.785,70007.57,69999.16
47625.13,49054.355,70275.0,70177.24
48432.71,49618.094,69616.29,70194.59
48899.64,50129.324,69752.82,70306.95
48936.32,50588.973,70161.64,70427.1
49852.68,51106.92,70504.18,70581.12
50120.35,51522.992,70606.94,70621.945
50425.17,51870.66,70192.46,70829.03
50822.66,52154.742,70520.15,71056.5
51051.81,52558.527,71090.3,71254.24
51585.56,52808.594,71376.26,71227.89
51982.01,53029.953,71608.75,71291.8
51925.15,53235.41,71562.53,71336.41
52136.53,53556.133,71324.74,71325.85
52073.87,53722.902,71117.82,71032.73
51505.32,53865.0,70964.08,70833.29
50946.93,53956.875,70917.35,70613.34
50396.32,54146.996,70699.86,70430.82
49761.12,54207.145,70300.5,70076.7
49306.32,54226.01,70356.89,69845.74
48660.12,54213.83,70152.74,69616.79
48097.37,54223.14,69530.6,69447.07
47921.39,54151.082,69636.41,69182.266
48033.67,54055.58,69911.04,68951.24
48144.0,53962.938,69632.52,68754.625
48058.33,53877.457,69428.22,68591.07
48014.19,53744.496,69491.94,68374.52
47941.31,53594.82,69194.97,68155.34
47700.49,53418.598,69031.79,68028.34
47903.98,53297.24,68794.32,67965.12
48085.91,53006.355,69231.56,68007.3
48649.41,52743.094,69912.69,68235.56
49552.51,52545.88,70469.14,68690.92
51262.78,52526.582,71171.34,69377.63
53028.84,52287.277,71723.71,70535.664
54653.73,52183.242,72139.12,70983.66
55408.47,52145.72,72347.51,71163.984
56243.62,51942.67,72130.12,71212.35
55987.65,51823.938,72056.35,70779.586
55646.65,51754.0,71765.86,70662.28
54987.22,51699.41,71713.8,70514.98
54545.96,51439.19,71366.6,70309.28
53975.95,51300.316,70770.19,69549.7
53437.24,51182.6,70211.28,69000.414
52603.27,51074.71,69848.09,68307.1
52367.68,50781.44,69587.19,67545.99
51216.38,50626.727,68273.02,66397.07
50133.05,50478.82,66924.95,65457.23
49358.52,50325.117,66262.65,64659.965
48967.17,49985.203,65458.39,63911.594
48753.49,49820.426,64616.89,63007.71
48340.21,49682.117,63620.19,62164.37
48065.82,49565.86,62558.72,61405.406
48321.16,48967.465,61521.43,60643.6
47739.89,48755.17,60533.4,60124.164
46939.97,48354.414,59856.11,59223.145
46175.07,48090.61,58938.31,58364.344
45431.05,47739.137,57677.86,57406.54
44672.35,47551.22,55803.84,56439.37
44085.61,47365.93,54626.23,55402.098
43560.88,47197.387,53472.75,54463.168
43691.99,46921.324,53024.08,53586.367
43811.07,46818.863,51921.75,52781.664
43496.73,46735.23,51229.84,52006.598
43313.47,46670.383,50880.01,51351.863
43068.58,47408.082,50317.95,50757.62
42772.11,46132.023,49221.13,50566.695
42749.16,45456.12,48607.72,50101.645
42656.3,45034.047,48432.46,49716.5
42611.7,44892.03,48744.12,49430.32
42524.39,44778.188,48289.75,49297.336
42660.17,44739.867,48109.86,49196.566
43028.32,44788.85,48130.75,49184.277
43233.03,45041.867,48339.64,49267.418
43456.59,45323.47,48929.44,49472.516
43504.83,45715.363,49085.46,49634.453
43524.4,46208.594,49085.39,49866.336
44215.36,46939.195,49346.92,50153.777
44517.11,47770.645,49896.15,50622.16
45478.7,48723.586,50423.43,51123.754
46308.6,49814.5,50891.64,51725.766
48187.73,51175.438,51406.07,52415.695
49193.22,52413.445,52948.54,53332.984
50476.56,53543.176,53631.91,54408.137
52152.22,54545.31,54592.99,55893.996
55232.14,55711.844,55835.97,57805.72
57858.22,56432.73,59103.07,60109.285
60161.12,57016.2,61426.68,62170.426
61825.22,57524.33,63544.32,63984.453
63208.57,62911.56,65195.38,65518.02
64101.9,63763.7,67353.5,67433.05
64961.01,64345.605,68796.98,68483.46
65733.67,64708.99,69754.71,69324.64
66375.34,65521.016,70316.45,69985.914
66343.44,65530.105,71368.69,70453.766
66207.74,65410.062,71890.33,70808.47
66124.62,65128.74,72424.37,71050.99
65609.51,65625.95,72555.58,71213.055
65826.59,65582.07,72165.48,71216.3
66158.45,65490.79,72572.98,71328.29
66501.43,65321.59,72822.06,71474.72
66915.12,65611.016,72970.91,71679.0
67336.56,65608.52,72892.21,71800.016
67882.14,65597.125,73168.31,72108.37
68535.91,65578.125,73410.01,72419.36
69249.45,65555.875,73458.42,72644.89
69321.46,65648.016,73802.14,72728.19
69643.58,65677.7,74082.55,72847.39
69745.33,65712.19,73930.39,72888.55
69368.43,65721.3,73668.47,72917.48
69169.99,65906.17,73291.78,72757.34
69442.87,66046.57,73180.84,72653.65
69397.2,66132.375,73248.8,72524.05
69332.1,66075.84,73140.96,72363.61
69113.43,66218.33,73500.42,71987.96
68406.4,66257.09,73558.72,71673.03
67771.35,66295.86,73186.91,71404.414
67593.6,66153.6,72747.63,71178.95
67189.41,66203.92,72474.44,70877.625
66945.74,66224.54,72307.19,70645.56
66644.99,66305.21,71649.71,70470.21
66234.93,66081.375,71319.01,70326.66
65840.05,66170.945,71717.58,70165.15
65329.46,66270.82,71541.98,70012.4
64924.92,66341.805,71265.24,69919.31
63924.59,66136.88,71160.27,69888.055
63798.81,66158.055,71356.43,70056.76
63805.56,66052.945,71843.55,70388.72
64299.86,65967.414,72533.54,70981.37
65133.52,65754.984,72972.39,71678.6
66558.29,65678.25,73571.24,72506.01
67959.91,65592.23,73875.65,72832.89
68401.45,65519.047,74237.56,73010.77
68131.66,65176.883,73616.9,73063.78
67636.11,65134.6,73281.28,72570.86
67095.9,65093.562,72963.61,72453.26
66490.74,65029.582,72814.81,72293.32
66620.62,64430.164,72803.68,72151.375
66469.99,64234.38,71801.45,71392.37
65937.66,64126.34,71245.49,70901.7
65191.89,63995.73,70424.3,70216.42
64663.91,62988.184,69733.21,69415.59
63659.2,62665.004,68058.07,68071.42
62585.02,62357.867,67136.08,66986.86
61708.68,61955.543,66280.55,66052.21
60868.39,60680.48,65292.07,65227.4
60077.52,60204.656,64245.28,64230.805
59011.17,59714.875,63413.66,63426.5
57920.06,59230.273,62418.3,62715.43
57486.81,57580.1,61428.99,62010.9
56528.82,56921.156,61060.84,61563.438
55577.61,56271.555,60358.14,60523.633
54370.06,55704.09,59244.43,59442.145
52734.23,54819.38,58193.33,58323.55
51353.24,54380.32,56847.46,57188.836
50354.45,54000.266,55551.94,56128.434
49622.16,53681.75,54744.19,55203.113
49152.01,53106.34,54130.92,54378.348
48422.68,52908.707,52820.71,53570.746
48142.97,52738.312,51785.99,52888.594
47587.64,52589.203,51017.12,52324.09
47222.2,50943.383,50468.52,51837.816
46990.23,49821.332,50133.39,51409.996
46754.06,49127.203,49629.09,51107.348
46408.09,48629.836,49396.54,50864.15
45933.56,48431.74,49059.62,50658.74
45987.27,48201.188,48813.09,50514.695
46312.88,48097.12,48843.43,50405.312
46392.27,48107.746,48829.61,50358.8
46090.13,48376.332,48924.95,50358.133
46511.93,48702.79,49095.19,50392.652
46741.08,49160.855,49313.37,50479.375
47061.72,49756.29,49238.11,50611.004
47654.15,50559.445,49472.95,50810.53
48180.16,51362.816,50093.49,51102.87
48421.38,52159.656,50617.39,51448.402
49102.46,52932.062,51377.05,51872.055
50415.36,53857.656,52222.88,52377.2
51191.45,54522.746,53517.8,52968.375
52228.8,55082.004,54284.24,53663.75
53917.58,55572.652,55586.5,54590.184
57456.77,56345.31,57274.88,55767.094
59964.24,56797.44,59670.58,57581.69
61912.55,57202.223,62393.66,59774.72
63228.75,57557.965,64209.01,62200.164
64445.13,61885.98,65968.92,64468.266
64885.46,62337.33,67265.78,66916.14
65692.82,62647.35,68662.32,68112.49
66465.99,62817.13,69609.82,69104.78
67259.95,63293.223,70078.13,69951.14
67888.89,63434.395,70472.48,70406.35
67864.06,63565.23,70798.33,70872.84
67965.36,63682.977,70966.51,71208.195
68130.14,64638.727,70904.05,71454.195
68206.75,64902.426,70373.06,71359.59
68258.11,65149.008,70559.8,71440.984
68284.71,65374.32,70703.74,71527.45
68420.81,65995.71,70546.27,71658.0
68513.11,66150.67,70798.8,71637.45
68552.64,66275.35,70797.21,71893.47
69141.7,66380.46,71466.05,72153.97
69125.13,66353.266,72231.69,72415.37
69551.16,66505.09,72206.37,72452.06
69530.26,66619.016,72232.83,72586.695
69395.28,66706.25,72861.31,72692.13
68823.44,66604.82,72567.45,72758.836
68541.95,66719.05,71716.61,72643.836
68290.89,66784.125,71714.04,72569.92
68506.03,66838.86,71782.48,72491.336
68696.37,66688.51,72181.99,72446.4
68362.49,66753.43,72299.64,72318.19
67927.76,66796.72,72029.71,72191.24
67411.36,66823.13,71669.66,72116.54
67334.4,66618.52,70900.7,72047.234
67016.49,66664.66,70515.24,71883.2
67105.76,66693.58,71095.03,71721.27
66999.27,66711.85,70912.61,71582.99
66796.62,66491.67,70982.64,71486.555
66476.94,66527.84,70946.93,71333.59
66184.03,66560.875,70275.17,71212.414
66010.41,66583.43,70214.85,71153.62
65778.01,66372.99,70250.67,71167.5
65466.04,66233.625,70572.1,71183.91
65833.07,66110.93,70827.14,71461.01
66314.85,66009.93,71576.25,71943.82
67275.24,65856.5,72243.65,72537.53
68351.31,65658.0,72279.04,73452.54
69618.52,65509.766,72613.74,73832.87
69946.34,65391.375,72325.6,74003.96
69293.35,65195.023,72517.58,74055.71
68931.09,64998.348,72072.39,73626.734
68654.2,64781.816,71792.72,73487.33
68365.28,64469.88,71412.05,73230.01
67870.25,63677.78,71016.01,73163.19
67249.68,63413.746,70623.78,72483.26
66671.49,63144.516,70112.42,72142.75
66034.28,62876.383,69529.78,71626.31
65392.21,61820.035,68710.31,70889.68
64136.65,61480.453,67966.2,69423.86
62898.56,61147.812,66807.68,68167.86
62253.69,60822.887,65848.43,67022.11
61539.42,59807.094,64659.01,66041.62
60759.3,59457.3,63573.87,64913.254
59940.33,59131.11,62909.99,64089.01
58999.27,58830.258,61628.55,63418.914
58718.26,57551.844,60661.89,62801.8
57923.3,57118.395,60389.14,62559.8
56397.53,56722.137,59635.68,61564.992
55645.96,56369.336,58705.19,60463.39
54054.33,55663.37,57815.06,59302.973
52977.75,55395.277,56512.29,58095.387
51996.46,55166.047,55711.04,56993.605
51225.28,54975.25,54984.03,56037.04
49923.93,54445.5,53987.19,55176.04
49200.97,54306.21,52895.24,54347.832
49097.37,54173.754,52331.72,53622.637
48809.03,53975.844,51124.39,53025.547
48346.72,53133.582,50030.19,52483.008
48275.33,52040.9,49267.8,51594.01
48017.58,51305.445,48744.46,51274.805
48063.76,50762.0,48773.93,50934.973
47280.34,50571.258,48811.16,50675.16
47426.97,50355.203,48756.93,50568.996
47399.03,50312.78,48825.91,50437.203
47354.71,50425.01,48776.69,50374.3
47442.39,50820.62,48926.48,50369.777
47655.64,51199.504,48515.59,50527.27
47754.28,51702.543,48631.66,50605.117
48013.37,52310.914,48730.35,50756.043
48633.52,53158.016,49095.27,50988.008
48922.59,53945.156,50173.56,51478.527
49543.13,54740.902,50846.55,51893.19
50048.74,55509.555,51494.78,52428.992
51311.37,56391.344,51780.75,53114.254
52024.79,57039.363,53007.41,54239.438
53059.18,57579.13,53749.79,55383.812
54545.48,58028.805,54938.57,56953.855
57491.71,58650.312,56476.98,59013.22
59887.5,59037.02,59513.24,61590.035
61256.17,59387.82,61791.29,63702.336
62540.14,59666.42,63801.22,65461.3
63932.21,62914.555,65516.29,66842.52
64522.49,63266.453,67531.39,68912.64
65168.09,63523.746,68836.13,69714.766
65848.44,63698.74,70023.64,70332.266
66743.85,64034.46,70692.45,70841.55
67072.64,64223.55,70827.27,71164.87
66784.59,64421.754,70662.54,71432.81
66949.21,64596.555,70923.32,71601.74
66596.95,64933.39,70967.21,71714.75
66718.98,65143.055,70089.9,71670.38
67070.75,65322.23,69620.58,71712.83
66983.3,65471.156,69858.6,71777.305
67446.99,66285.6,70256.83,71896.28
67317.0,66418.18,70285.59,71895.83
67540.8,66488.68,70754.76,72115.945
67791.98,66533.85,70639.74,72373.03
67661.04,66497.82,70948.39,72636.25
67657.74,66601.44,71105.99,72681.85
67824.51,66663.3,71285.1,72793.14
67982.12,66700.234,71496.2,72848.51
67780.26,66555.99,71266.37,72872.35
67695.48,66648.66,70882.42,72689.086
67880.77,66702.52,70605.78,72536.5
67663.26,66737.52,70069.86,72327.125
68238.49,66594.36,69928.87,72140.48
68043.09,66677.87,69799.99,71829.05
67602.39,66728.0,69744.06,71451.87
67105.52,66761.08,69633.08,71127.51
67174.52,66586.27,69248.65,70808.72
66989.69,66638.03,68120.47,70416.38
66726.45,66678.61,67597.37,70063.78
66652.93,66714.29,67120.26,69831.75
66168.4,66516.47,66608.28,69667.37
65775.35,66559.95,66477.95,69463.555
65545.27,66584.32,66038.72,69291.35
65400.75,66594.48,65651.13,69236.66
65053.71,66403.55,65508.61,69307.57
64792.19,66238.05,65952.83,69654.03
65128.91,66086.586,66198.4,70147.34
65680.55,65960.9,66586.02,70824.086
67164.28,65777.52,67887.3,71573.65
68428.3,65598.14,68831.07,72327.2
69136.23,65454.594,68748.13,72572.32
69591.84,65318.18,68263.09,72613.875
68671.56,65181.508,68674.68,72583.05
68158.58,64981.297,68425.06,71990.195
67791.88,64772.0,67841.42,71735.28
67616.26,64563.387,67633.24,71377.48
67988.14,63766.723,67285.8,70968.83
67624.81,63503.93,66920.8,70071.75
67067.85,63240.773,66168.24,69324.48
66505.82,62984.285,65470.79,68506.48
65162.33,61934.414,65017.87,67626.18
64049.74,61618.652,63870.86,66433.15
62948.17,61304.52,62889.24,65415.957
62200.28,60994.242,61843.25,64491.47
61667.68,60035.85,60742.0,63685.22
61360.24,59724.336,59992.87,62782.51
60804.23,59426.83,59233.09,62051.492
59753.95,59143.188,58304.21,61451.188
58530.36,58051.95,57622.36,60904.59
57990.0,57637.88,57378.14,60524.848
56901.61,57254.805,56819.09,59877.02
55756.12,56909.22,55930.28,59251.6
54772.16,56260.812,54899.97,58574.89
54009.73,56008.008,53550.83,57813.375
52956.14,55791.273,52518.22,57074.137
52344.52,55604.4,51753.61,56371.504
50730.56,55112.082,50937.54,55662.34
50051.58,54985.035,50168.57,54879.25
49487.33,54876.723,49434.3,54110.63
49246.73,54792.375,49021.57,53414.938
48124.43,54055.21,48630.33,52758.43
47858.8,53073.746,48196.99,51432.215
47553.49,52394.793,47718.77,51000.207
47256.89,51885.36,47467.88,50548.92
47170.16,51738.3,47199.78,50205.26
47247.45,51574.414,46801.63,49932.31
47208.8,51559.543,46354.38,49671.83
47217.44,51678.324,46280.85,49450.56
47494.28,52074.62,46131.22,49262.746
47614.99,52457.883,46083.34,49155.285
47580.33,52945.047,46019.51,48971.344
47604.57,53522.836,46033.84,48839.84
47907.33,54325.848,45848.89,48707.062
47957.42,55073.8,45850.13,48644.35
48183.43,55824.273,45921.58,48548.125
48708.66,56534.473,46078.15,48438.9
49484.25,57366.61,46025.93,48388.36
49746.34,57961.46,46068.54,48375.414
50340.84,58449.746,45844.21,48291.336
50938.37,58839.133,45906.79,48245.797
53207.95,59383.01,45902.47,48285.484
54795.17,59675.777,45770.94,48466.008
56096.95,59910.66,46182.07,48650.45
57215.93,60091.367,46514.35,48899.215
58681.64,62543.223,47082.48,49255.203
59330.22,62810.645,48536.55,50597.71
59936.24,63009.227,49787.04,51459.504
61025.59,63176.75,50611.32,52423.773
62004.26,63581.5,51310.12,53375.58
62507.46,63705.074,52506.78,54327.67
62582.37,63835.625,53502.44,55272.96
62623.84,63958.01,54397.84,56144.105
62371.02,63994.19,54868.38,56918.85
62908.41,64050.81,55077.32,57452.27
63490.37,64106.105,55675.87,57972.164
63761.81,64159.367,56110.1,58391.88
63203.05,64520.312,56435.3,58747.96
63496.47,64604.562,56722.64,58910.28
63756.43,64668.113,57046.16,59122.04
63760.51,64690.348,57243.69,59283.086
63761.71,65186.43,57127.67,59469.26
63977.98,65226.74,56953.35,59554.574
64134.66,65238.945,57291.2,59519.695
64081.1,65233.223,57028.43,59373.285
63144.6,65165.074,56909.31,59256.47
62738.16,65225.22,56673.62,59155.75
62489.2,65249.176,56553.17,58928.945
62272.36,65264.4,56426.05,58626.938
62505.97,65191.836,55766.88,58337.742
62262.82,65281.875,56091.75,58122.242
61669.32,65345.945,55923.65,57655.188
61312.54,65399.67,55321.78,57256.035
61505.78,65291.86,54773.45,56902.355
61037.77,65387.453,54628.75,56729.098
60766.27,65465.453,54267.42,56316.297
60382.82,65528.098,53931.67,56022.754
60334.02,65385.953,53671.36,55808.75
59802.09,65460.44,53332.23,55859.223
59840.16,65524.08,53434.75,55757.316
59647.03,65586.11,53382.25,55795.957
59433.71,65603.0,53492.53,55926.824
59182.87,65466.008,54758.68,56490.16
59285.03,65351.832,55829.55,56906.45
59737.38,65259.76,57113.73,57522.168
61301.43,65236.203,58220.55,58194.97
62607.79,65114.742,58646.26,59098.816
63388.56,65023.39,58754.78,59671.3
63643.72,64957.594,59053.32,60143.71
63704.3,64796.406,58957.9,60482.99
63577.57,64733.367,58754.91,60638.5
63316.01,64656.137,58545.45,60562.47
63044.4,64603.56,58199.9,60342.62
62884.99,63863.773,57798.37,60004.34
62336.58,63808.316,57649.74,59559.664
62136.22,63757.445,57231.81,58994.844
61894.87,63715.324,56567.06,58325.336
60404.76,62712.562,56095.99,57574.66
59279.32,62613.98,55296.13,56830.293
58462.32,62513.75,54132.59,56080.15
57991.63,62417.434,53183.9,55477.207
57051.77,61447.15,52764.69,54959.117
56618.22,61305.855,52337.98,54530.875
56049.61,61168.4,51965.87,54130.938
55654.25,61023.836,51205.78,53861.906
55060.04,60565.707,51029.71,53651.8
54354.42,60231.293,51341.44,53813.754
53541.59,59890.973,51048.78,53408.617
52245.01,59515.09,50192.25,52809.977
50521.72,58600.79,49611.62,52086.273
49503.82,58235.93,49218.17,51389.58
48788.43,57859.715,48375.55,50663.805
48320.42,57490.082,47683.62,50030.195
47061.48,56679.316,47062.13,49478.49
46513.16,56375.05,46740.33,49040.734
45933.37,56094.2,46027.9,48604.28
45472.94,55834.105,45776.18,48213.496
44748.98,54263.53,45448.86,47845.32
44564.04,53049.63,44697.46,47040.227
44449.54,52226.66,44440.17,46606.688
43898.52,51667.082,43942.34,46290.305
43456.61,51297.95,43750.4,45981.277
43414.59,51009.562,43070.82,45729.086
43377.0,50847.24,43135.81,45468.438
43308.21,50779.938,42882.0,45237.695
43578.66,50810.305,42815.01,45018.465
43675.44,50919.59,42602.3,44874.152
43765.31,51097.35,42611.92,44746.055
43339.28,51330.37,42677.02,44638.008
43992.92,51566.582,42385.85,44543.94
44232.63,51938.87,42380.13,44487.367
44369.25,52373.516,42355.36,44401.008
44503.25,52860.78,42455.03,44330.11
44786.57,53421.188,42269.04,44235.953
44772.02,53998.957,41893.7,44126.684
45103.93,54579.207,41647.45,43981.4
45222.3,55188.742,41763.56,43823.2
45989.96,55904.805,46115.59,43641.523
46744.21,56487.496,46630.3,43469.44
47324.21,57023.543,46856.4,43304.29
47921.93,57494.117,47172.33,43199.156
48847.15,60008.207,47211.72,43082.01
49562.34,60585.066,43274.85,44055.945
50391.78,61023.527,48788.0,44179.996
51278.39,61325.523,48843.41,44458.645
52393.9,61908.44,48892.77,44988.773
53081.48,62071.906,49599.61,45701.43
53590.72,62155.273,50125.06,46517.9
53718.46,62206.11,50709.62,47444.25
53710.08,62301.992,51142.49,48706.984
53994.87,62026.85,51628.59,49374.312
54117.61,62387.297,52034.48,50139.85
54463.03,62431.33,52460.27,50918.125
54702.62,62726.234,52864.4,51580.086
55056.41,62803.78,53561.86,52025.246
55463.19,62867.543,53848.69,52522.14
55920.98,62910.863,53412.22,53070.24
56288.17,63545.594,53655.5,53651.902
56785.29,63649.133,54545.04,54141.76
57154.23,63732.51,55043.44,54569.17
57187.86,63775.66,55418.15,54915.17
57628.92,64525.402,55632.58,55095.703
57498.79,64659.348,55503.42,55148.562
57148.17,64759.46,55645.44,54998.74
57311.97,64849.9,55481.19,54754.8
57088.33,65532.48,54905.36,54443.316
56793.66,65714.086,54359.73,54125.21
56527.2,65835.31,53917.53,53649.344
55886.52,65912.875,53774.07,53214.055
55629.11,66253.766,53255.28,52823.703
55096.77,66352.3,52862.18,52590.938
54957.97,66416.84,52604.39,52242.01
54610.91,66466.32,52658.58,51995.406
55309.49,66394.2,52240.9,51852.504
54959.85,66475.81,52505.94,51979.58
54973.97,66551.85,52582.49,52044.273
54997.59,66624.13,52838.23,52281.406
55063.61,66631.72,52793.2,52675.07
54875.84,66743.7,53284.42,53431.63
55483.65,66831.65,53822.33,54121.242
56082.05,66874.25,54654.9,54926.56
58202.46,67009.95,55803.02,55727.777
59011.1,67029.586,56600.34,56516.266
59342.37,67030.93,56999.43,57065.54
59449.96,67026.07,57142.17,57516.164
59065.74,66253.39,57304.73,57851.21
58644.43,66255.38,57759.97,58008.49
58336.18,66228.64,57762.41,58066.92
57838.19,66185.56,57439.11,58027.08
57705.59,64985.848,57306.47,57873.68
57031.27,64936.336,57522.22,57533.246
56559.98,64894.1,57289.0,57069.52
56214.7,64828.523,56754.04,56584.13
55002.61,63611.562,55871.76,56092.207
53997.84,63498.254,55346.2,55546.07
53177.31,63351.92,54777.04,54974.406
52611.82,63153.21,54006.07,54556.223
51938.57,61990.613,53423.1,54227.215
51509.32,61689.68,53481.49,53844.957
50975.53,61326.02,53262.91,53548.875
50668.01,60877.457,52821.81,53391.223
51000.46,59460.914,53181.11,53291.145
50080.55,58545.777,53343.02,53580.797
49310.83,57655.906,52971.6,53285.523
48467.68,56838.812,52095.09,52841.07
47523.21,55775.742,51428.59,52261.39
46735.54,55152.36,50772.14,51688.43
46090.6,54609.21,50134.01,51069.863
45570.26,54150.273,49521.47,50559.14
44301.78,53522.684,48943.1,50113.28
43758.5,53167.586,46653.63,49736.07
43105.55,52863.78,46151.66,49374.734
42654.37,52593.55,45999.29,49029.176
42000.26,48301.004,45538.3,48680.766
41487.98,47199.695,45320.92,48263.438
41449.22,46305.02,45122.12,47446.613
41215.9,45593.78,45107.06,46764.188
41098.08,45010.117,44736.35,46205.117
40797.06,44598.773,44214.61,45965.855
40661.79,44272.848,44139.46,45705.797
40580.45,44027.03,44261.97,45567.867
40627.64,43809.73,44016.74,45493.08
40598.13,43688.4,43781.17,45523.33
40644.55,43598.76,43795.64,45468.734
40670.45,43539.324,44194.51,45488.52
40897.14,43448.113,44404.01,45578.11
40912.82,43437.76,44476.53,45896.016
41257.65,43440.574,44477.4,46206.34
41490.54,43471.277,45181.81,46675.27
42253.09,43504.88,45865.15,47336.906
42318.11,43625.58,47175.02,48200.465
42424.89,43732.723,47805.25,49218.242
43215.16,43834.008,48938.46,50595.082
43999.98,44021.496,50846.39,52504.18
44518.98,44273.87,54695.22,55053.04
44903.2,44535.2,57584.27,57522.56
45388.6,44789.703,59833.18,59703.953
46677.79,45865.453,62296.55,61434.35
47128.64,46238.996,64038.35,62821.133
47599.69,46627.844,65540.81,64125.977
48721.28,47001.785,66725.51,65257.895
49995.25,47495.98,67290.18,66187.73
50565.0,48057.504,67162.75,66825.55
51341.49,48588.688,67251.0,67285.29
52052.33,49108.05,66917.96,67609.52
52941.41,49643.656,66974.49,67889.05
53474.31,50195.785,66803.5,67920.266
53530.27,50671.547,67359.36,68179.96
53717.97,51052.094,67578.84,68493.34
53925.49,51374.742,67845.02,68855.68
54236.14,51738.227,68389.46,68895.36
54482.87,52013.8,68413.81,69177.26
54733.04,52225.04,68849.58,69419.086
54975.99,52292.055,68909.05,69594.37
55212.83,52458.17,68989.61,69282.016
55645.8,52582.934,69350.02,69335.516
55700.82,52700.7,69657.1,69349.33
55583.57,52676.48,69811.46,69351.68
55615.49,52758.69,69634.36,68795.92
55447.74,52829.48,69591.31,68743.23
55607.39,52889.137,69352.26,68754.82
55369.18,52900.957,69144.4,68638.734
55110.22,52872.043,69153.9,67994.05
55155.11,52840.992,69317.57,67735.664
54278.66,52807.094,69189.35,67605.766
53798.51,52736.156,68427.0,67595.54
53548.53,52667.414,68338.46,67211.56
52995.5,52588.414,68514.54,67064.32
52647.93,52457.87,68447.72,67075.41
52709.34,52353.062,68167.53,67061.93
52581.81,52202.652,67947.37,66920.28
52012.26,52074.37,67769.7,66832.59
51943.27,51949.01,67182.9,66844.52
52315.77,52237.87,66907.19,66968.35
52287.69,52127.875,66980.83,67354.8
52669.53,52047.625,67586.45,67814.38
53599.23,51996.3,67940.44,68253.97
55836.29,52581.73,69031.17,68733.516
56663.87,52383.742,69081.2,69223.625
57889.38,52321.223,69348.38,69373.516
58434.8,52281.508,69234.99,69438.09
58110.42,52725.93,69143.02,69426.72
57510.2,52610.68,68634.79,68661.35
57145.02,52550.375,68377.76,68493.75
57067.07,52508.637,68130.11,68344.41
56225.68,52943.355,67948.01,68188.33
55397.73,52843.254,67827.02,67217.34
54644.11,52805.766,67113.74,66989.91
54145.05,52742.98,66552.4,66727.984
53174.69,52982.04,65868.62,66344.29
51710.99,52812.203,64713.81,65137.46
51109.87,52610.35,63508.52,64380.805
50380.36,52395.18,62898.54,63554.836
49568.59,52312.25,61889.56,62736.586
49066.06,51993.164,62023.77,61499.957
48938.91,51689.0,61438.23,60692.387
48674.93,51413.383,60147.26,59992.133
48684.67,50799.367,59255.55,59338.03
48459.88,50332.8,59563.74,58964.984
47464.42,49963.41,58891.1,58176.777
46613.78,49604.613,57931.07,57281.82
45777.64,49408.14,57128.82,56326.73
45413.61,49105.62,55571.37,55183.766
44683.21,48833.85,54405.15,54239.152
43889.55,48593.03,53236.35,53385.926
42225.24,48441.94,52493.53,52606.207
41498.98,48217.043,54783.86,51749.867
41028.15,48023.312,54027.58,51055.32
40591.82,47866.027,53552.17,50441.72
39835.69,45277.734,52758.84,49881.42
39495.64,44661.074,51962.52,49797.008
38728.51,44196.03,51709.45,49329.766
38551.04,43781.133,51164.28,48942.848
38779.44,43525.633,51123.94,48622.883
38655.34,43308.625,50910.5,48372.332
38059.82,43150.137,50752.19,48186.48
38229.55,43012.246,50760.34,48061.586
38599.94,42964.76,50729.13,47990.156
38522.34,42922.055,50774.71,47971.53
38100.08,42895.742,50654.2,47957.754
38162.79,42834.56,50670.75,47980.938
38526.59,42867.4,51146.34,48071.367
38640.21,42851.082,51618.59,48278.766
38778.07,42829.42,51955.07,48580.777
38635.23,42809.17,52438.43,48987.664
39103.53,42836.887,52862.89,49486.37
39101.49,42836.21,54203.12,50138.78
38425.55,42825.363,54981.67,50916.043
38369.05,42799.758,56037.45,51962.816
38267.36,42880.445,57474.66,53423.555
38335.58,42869.25,59906.85,55376.254
38776.13,42868.46,61909.94,57357.918
38955.15,42888.43,63946.9,59131.83
39423.9,43863.863,65715.34,60617.81
39799.61,43931.766,66804.99,62389.605
40430.34,44028.492,67958.09,63492.59
41069.14,44125.797,68572.31,64371.707
42241.08,44336.516,69085.69,65095.992
43345.93,44583.39,70014.07,65647.59
44366.28,44901.914,70195.4,66026.4
45090.17,45297.34,70326.67,66288.17
45823.21,45967.88,70098.17,66464.05
46390.41,46537.39,69894.05,66387.1
46936.47,47104.934,70038.51,66545.06
47308.95,47645.516,70227.16,66767.016
48081.55,48408.246,70306.78,67056.73
48835.06,48964.855,70822.88,67058.766
48932.47,49487.426,70813.98,67351.22
49694.56,49922.062,70866.28,67674.5
50458.05,50437.2,71128.31,67950.67
51441.56,50840.633,71016.68,67783.49
52019.06,51175.016,71150.61,68020.766
52050.79,51437.477,71248.32,68134.82
51822.46,51609.246,71286.18,68204.64
51532.81,51818.254,71533.2,67642.336
51319.72,51986.375,71306.45,67567.65
50709.94,52120.69,71343.41,67554.91
50151.44,52191.043,71058.76,67474.64
49574.34,52294.445,71166.07,66777.25
49279.47,52358.055,70963.51,66645.64
48673.45,52397.945,70599.23,66514.55
48468.79,52440.652,69791.81,66444.68
48486.93,52437.867,69655.97,65914.836
48234.16,52418.35,69487.93,65843.12
48096.44,52373.6,69520.86,65842.54
48507.04,52442.637,69344.68,65875.33
48346.85,52361.887,69431.58,65781.516
48347.32,52260.22,69235.84,65810.23
48114.51,52146.547,69049.93,65914.7
48280.05,52268.496,68994.12,66030.34
48732.02,52040.02,69599.82,66447.125
49318.79,51866.465,70003.51,66945.89
50364.6,51736.168,70951.61,67586.0
52326.03,51860.004,71832.32,68193.875
53342.49,51696.254,72959.3,68704.34
53959.5,51592.37,73097.02,68811.234
54520.84,51513.645,73280.0,68811.1
54846.69,51591.613,73345.58,68768.36
54455.57,51470.4,72758.37,67879.19
54400.97,51386.48,72149.46,67774.8
53914.3,51321.355,71996.29,67695.65
53293.94,51380.08,71838.6,67616.086
52864.06,51279.98,71594.75,66780.07
52571.8,51192.902,71013.1,66632.625
51884.16,51115.902,70429.7,66409.99
51360.13,51130.258,69907.01,66000.36
50368.22,51025.473,68582.0,64699.67
50049.12,50926.19,67484.01,63853.008
49308.37,50835.254,66605.3,63037.742
48881.63,50770.414,65888.93,62273.953
48141.68,50623.16,64908.59,61132.668
47735.89,50450.145,64376.63,60364.44
47636.01,50268.402,63349.18,59706.918
47827.4,50013.582,62406.63,59037.4
47346.59,49757.082,62411.99,58894.31
46394.48,49486.137,61593.72,58008.28
45844.85,49198.336,60610.53,57160.703
44865.32,49029.766,59566.85,56283.273
44238.11,48771.125,58281.6,55289.625
43670.12,48530.004,56992.06,54430.86
43021.98,48318.04,56254.24,53649.008
42351.11,48221.055,55723.55,52893.83
41875.33,48067.812,54400.78,52080.29
41708.09,47931.18,53810.06,51322.43
41509.18,47824.29,53372.22,50627.926
40980.35,47182.035,52939.16,49971.19
41012.58,45848.062,52499.88,50214.85
40958.69,45010.664,52142.42,49598.094
40884.66,44452.164,51849.39,49149.805
40241.71,44162.453,51452.12,48827.246
40291.53,43947.83,50678.72,48643.34
40564.96,43830.703,50443.26,48478.35
40642.22,43795.965,50667.71,48387.02
40515.8,43876.33,50673.04,48355.395
40887.67,43909.13,50682.59,48430.37
41345.34,43977.426,50541.16,48486.766
41698.89,44106.453,50780.33,48596.496
42384.26,44353.176,50999.85,48772.57
42898.8,44588.164,52106.48,49099.625
43502.83,44858.4,52335.97,49456.094
44153.98,45319.914,52917.79,49825.69
45293.59,46253.086,53292.6,50948.074
46245.27,46933.715,54696.95,51853.523
47777.73,47773.01,55108.24,52682.664
49986.04,48799.555,56290.93,53790.938
53272.91,50375.695,57743.11,55337.797
56133.1,51722.758,60675.21,57543.4
58351.73,53001.598,63138.0,59823.64
60355.64,54163.85,64834.25,61814.99
62672.4,59184.77,66801.41,63385.992
63454.4,60506.97,68840.98,64943.867
63786.05,61513.555,69882.34,66053.67
64665.42,62232.383,70831.85,66962.86
65679.67,63184.098,71145.89,67729.95
65893.81,63703.836,70683.39,68301.28
66304.87,64149.242,70835.93,68637.43
66518.18,64558.59,70903.23,68810.61
65946.44,65065.062,71089.99,68879.05
66201.11,65399.08,70995.8,68713.33
67064.35,65646.15,71083.09,68752.91
67304.23,65861.13,71152.75,68796.266
67441.01,65948.11,71175.14,68929.47
67743.51,66212.07,71128.57,68691.79
68042.6,66398.18,70949.22,68929.01
68100.33,66538.04,70780.26,69234.82
68140.18,66484.34,71091.41,69581.11
68172.35,66649.55,71310.48,69364.48
67853.41,66758.95,71576.89,69575.87
68118.56,66823.72,71455.46,69681.86
67502.66,66753.586,71494.81,69775.016
67501.87,66826.766,70681.53,69300.836
67723.19,66869.67,70507.52,69154.2
68042.58,66883.71,70553.08,68979.08
68592.79,66819.77,70617.81,68882.86
67973.75,66861.63,70764.15,68291.86
67348.29,66882.47,70150.97,68015.27
67095.0,66877.34,69465.53,67775.15
67336.98,66832.336,68876.16,67598.75
67465.15,66857.84,68971.55,67265.74
67203.86,66879.97,68845.61,67143.22
66476.83,66923.54,68747.53,67118.67
66837.1,66985.52,68635.25,67218.78
66408.34,67014.17,69195.68,67511.76
66160.32,67056.69,68899.43,67629.055
65726.94,67087.95,68850.44,67759.375
65529.37,67200.35,68801.99,67891.79
65423.08,67144.32,68703.97,68337.36
65537.99,67118.53,69102.21,68712.11
66288.21,67097.44,70125.41,69327.234
67700.83,67455.32,71465.66,70050.28
68846.53,67342.53,72267.22,71042.91
69299.5,67281.77,72759.26,71382.0
69602.33,67246.734,72885.34,71497.266
68989.28,67261.125,72942.18,71500.06
68511.76,67193.56,72623.87,70868.31
68116.55,67148.22,72518.73,70769.71
67746.33,67108.79,72376.62,70662.875
67415.89,66250.13,72354.92,70567.984
66647.96,66167.55,71949.19,69878.45
66388.6,66085.02,71112.38,69728.64
65706.07,65983.836,70310.75,69543.67
64337.7,64834.805,69770.19,69217.23
63018.65,64677.168,68661.12,68204.02
62173.98,64490.277,67597.91,67425.305
61162.09,64350.766,66526.81,66545.7
59526.67,63332.074,65697.34,65656.83
58408.31,63125.76,64993.36,64501.598
57459.72,62914.016,64522.71,63657.92
56431.24,62658.91,63499.54,62951.53
56064.37,61081.133,62874.33,62288.582
55048.32,60611.992,62544.28,61956.953
53775.3,60005.766,61881.71,61111.297
52595.87,59318.305,60755.06,60262.93
51266.85,58190.824,60188.6,59383.43
50413.21,57381.754,59461.93,58409.13
49725.51,56603.906,58317.08,57570.19
49182.3,55890.82,57158.15,56823.664
47939.73,55089.61,56596.31,56118.684
48005.45,54552.297,55961.54,55379.89
47498.89,54123.438,55175.27,54712.336
46960.15,53745.61,54650.2,54109.98
46204.11,50521.35,54251.79,53513.01
45953.89,49169.0,54044.19,53113.36
45925.62,48411.793,53749.45,52561.28
45323.21,47954.426,53272.39,52100.574
45456.73,47804.78,52905.8,51782.664
45502.62,47677.98,52867.56,51618.797
45629.16,47689.008,52423.43,51465.215
45761.46,47848.305,52531.8,51385.707
46042.29,48321.1,52451.12,51366.137
46100.22,48740.047,52438.19,51449.05
46486.69,49247.92,52433.07,51507.75
46839.01,49847.668,52701.5,51614.83
47375.04,50731.402,52783.88,51775.56
47667.84,51460.02,53126.7,52060.516
48388.88,52181.242,53172.13,52354.277
49017.17,52883.13,53502.58,52729.793
50421.84,53858.934,53758.91,53200.832
51333.13,54502.688,55390.28,53833.695
52154.99,55060.74,56354.99,54532.688
53699.65,55541.562,57683.85,55406.406
56497.49,56381.164,58908.65,56564.586
58473.14,56809.117,61571.84,58279.027
60457.75,57212.125,64249.83,60387.03
62738.85,57583.742,66048.11,62534.31
64412.38,61580.824,67867.77,64262.92
65018.7,62157.504,69613.59,65775.99
65705.65,62625.715,70875.39,66847.6
66464.34,62969.918,71842.56,67706.195
66898.96,63592.742,71977.52,68466.14
67200.89,63809.496,72204.33,69083.88
67629.11,63985.617,72476.89,69492.48
67683.17,64130.004,72678.59,69726.945
67077.73,64594.3,72855.32,69857.99
67309.52,64756.53,72940.11,69840.84
67385.33,64922.633,73013.36,69946.16
67724.13,65081.523,73133.6,70095.91
67758.62,65498.277,73216.31,70313.1
67751.1,65705.695,72981.17,70371.06
68155.28,65871.86,73113.89,70693.81
68557.59,66000.3,72845.83,71024.836
68982.4,66185.11,73119.51,71390.836
69258.03,66364.016,72576.28,71293.56
69074.41,66475.766,72946.88,71501.37
69063.63,66541.36,73335.27,71625.78
68536.07,66555.445,73375.02,71727.86
68259.44,66664.56,72446.47,71370.25
68628.01,66730.555,72539.82,71322.78
68933.57,66796.58,72189.04,71242.734
68868.68,66883.63,72111.7,71192.59
68703.77,66994.09,71818.6,70823.08
68091.04,67065.055,71988.1,70699.016
67495.87,67111.37,71740.66,70654.41
67334.49,67211.86,71247.56,70612.97
66822.1,67268.2,71391.4,70362.32
66683.82,67316.68,71241.44,70278.44
66367.63,67350.59,71149.67,70281.39
66545.29,67421.95,71079.92,70322.625
66312.5,67456.16,71305.96,70410.016
65984.26,67482.18,70803.79,70435.87
65443.45,67522.93,70453.89,70527.6
66003.52,67580.74,70738.73,70678.6
66111.05,67576.66,71299.59,71155.27
66533.94,67567.26,72015.54,71687.39
67351.99,67571.26,72680.19,72335.13
68549.34,67923.42,73956.03,72875.67
69413.31,67859.64,74595.66,73290.94
70020.32,67829.3,74616.54,73456.31
70321.58,67808.81,74996.61,73554.984
69891.07,67856.05,75320.45,73618.61
69461.18,67784.53,75155.74,73187.21
69500.94,67721.17,74725.01,73171.26
69394.49,67662.44,74669.88,73152.91
69108.65,66975.22,74565.7,73129.99
68203.41,66843.44,73648.1,72495.43
67667.82,66709.12,72766.39,72426.4
67087.0,66558.59,72188.26,72306.81
65901.0,65537.625,71626.33,72157.7
64604.99,65275.82,70032.06,71420.84
63377.38,65003.62,68998.27,70961.91
62387.22,64719.61,67945.42,70187.67
61813.37,63665.008,66938.78,69123.266
60808.73,63293.965,66223.97,67608.734
59598.12,62899.55,65377.4,66353.45
58985.58,62481.453,64753.3,65284.387
57886.71,61406.97,63815.4,64381.426
57097.95,60765.54,63825.0,63870.246
55586.54,59979.46,63293.93,62868.67
54631.93,59159.08,62262.16,61877.098
53537.34,58128.17,60881.3,60849.797
52140.52,57364.473,59979.59,59691.91
51389.75,56674.81,58844.3,58679.773
50705.29,56067.04,58149.25,57805.33
49663.68,55443.613,57111.87,57025.02
48947.96,54995.23,56441.82,56208.605
48110.45,54606.8,56127.96,55495.63
47836.54,54273.54,55648.52,54857.703
48056.58,51995.285,55215.69,54244.207
47728.05,50975.2,54696.71,53477.887
47491.68,50367.062,54395.58,52906.95
47072.32,49963.746,53948.77,52456.156
46853.16,49854.215,54099.07,52170.89
46841.89,49776.39,53459.59,51988.934
46875.86,49832.06,53501.74,51842.965
46739.4,50021.812,53408.14,51722.855
47546.24,50432.81,53424.22,51638.816
47794.55,50882.53,53623.37,51600.73
47628.86,51430.395,53520.82,51617.32
47956.58,52029.676,53524.25,51709.5
48847.12,52848.08,53779.57,51874.965
49270.93,53559.867,53951.99,52123.9
49509.41,54255.34,54009.13,52426.15
50320.27,54905.664,54595.14,52793.746
51466.17,55799.44,55157.51,53222.58
52173.2,56361.965,56024.1,53753.766
53132.72,56837.37,56544.27,54390.92
54801.29,57227.684,57558.69,55233.0
58223.86,57942.504,59153.34,56418.01
60537.41,58299.508,62124.86,58212.266
62377.86,58646.46,64290.15,60619.0
64072.14,58936.71,66326.4,63275.63
66087.27,62454.15,68101.31,65577.08
66531.99,62917.93,70651.08,67194.86
66822.33,63239.14,71832.17,68619.53
67552.88,63538.555,72857.95,69771.56
68153.77,64222.895,73232.6,70715.7
68867.84,64451.516,73281.82,71313.92
68743.14,64655.94,73626.6,71755.83
69141.22,64836.926,73832.3,72021.04
68870.66,65380.18,73628.79,72152.375
69042.01,65529.395,73087.95,72028.164
69027.46,65661.336,73187.45,72096.875
69075.73,65779.016,73683.82,72264.86
69243.32,66195.625,73629.64,72456.12
69363.04,66337.29,73215.46,72391.64
69579.27,66455.07,73535.39,72698.95
69533.05,66534.68,73599.8,72963.54
69788.86,66753.66,73877.04,73167.62
70305.47,66856.02,73961.04,72870.31
70420.91,66941.586,74006.83,72889.07
70624.27,67006.125,74035.28,72852.82
69879.81,67107.47,73803.03,72792.68
69865.97,67181.29,72777.95,72244.63
69852.87,67258.84,72086.5,71987.46
69761.05,67336.03,71929.5,71540.79
69972.46,66839.28,72000.61,69365.3
69556.31,66431.234,72440.76,68143.125
69262.61,66458.06,71779.42,67677.75
68745.77,66508.695,71639.11,67353.766
68810.12,66599.74,70844.47,67103.96
68604.14,66644.75,70709.92,66710.05
68431.46,66678.5,70476.47,66413.87
68242.98,66710.445,70477.32,66346.35
68692.9,66688.4,70173.27,66438.195
68169.38,66714.42,70554.45,66662.46
67861.45,66724.59,69968.87,66863.96
67583.21,66722.445,69960.87,67208.78
67634.77,66690.43,69924.83,67658.57
67433.82,66654.734,71010.36,68394.94
67722.6,66610.664,71577.7,69156.75
68466.28,66569.52,72382.41,69989.97
69874.8,66979.34,72903.13,70731.48
70726.29,66887.555,73154.48,71068.48
70825.25,66800.016,73087.71,71285.06
71010.15,66703.36,72819.52,71350.77
70581.09,66531.07,72609.46,71347.56
69851.92,66372.23,72004.41,70443.75
69770.38,66190.26,71564.66,70350.6
69419.85,66002.67,71404.11,70216.31
69034.29,65046.277,71452.09,70022.516
68169.76,64773.387,69994.88,69000.76
67541.41,64487.0,69368.61,68573.77
67114.37,64203.383,68592.0,67989.484
65629.03,62975.54,67744.94,67270.31
64348.23,62603.613,66487.68,65865.58
63460.49,62221.395,65451.49,64829.418
62516.31,61839.516,64615.97,63796.734
61737.6,60796.027,63705.17,62820.914
60919.27,60386.254,62678.35,61496.613
59906.61,59983.59,62147.89,60525.355
59199.81,59593.676,61276.59,59661.023
58821.98,58601.625,60791.51,58865.77
57700.81,58192.562,59703.92,58342.867
56686.21,57732.984,58902.06,57518.605
55449.18,57282.137,58075.77,56660.86
53906.22,56694.613,57190.19,55781.938
53097.09,56302.215,56584.64,54766.27
52112.6,55957.684,55345.61,53881.258
51515.15,55660.35,54898.06,53054.06
50287.17,55285.523,54126.59,52260.203
49594.01,55050.645,53468.44,51422.414
49160.94,54849.094,52825.18,50655.25
48744.28,54679.137,52299.21,49971.98
48028.86,52585.742,51768.06,49360.24
48131.5,51940.383,50803.49,47658.734
47795.37,51586.996,50272.43,47140.633
47546.58,51368.44,50029.21,46716.977
47154.11,51400.613,49670.25,46374.34
47067.38,51379.25,49038.79,45945.008
47258.64,51458.176,48704.03,45658.332
47301.37,51653.07,48586.44,45443.703
47598.61,52048.27,48641.91,45251.848
47710.84,52409.184,48072.38,45066.5
47969.72,52837.293,47851.24,44950.367
48228.56,53344.066,47857.98,44919.12
48360.77,54058.008,47882.88,44860.344
48984.39,54653.35,47646.6,44750.34
49699.21,55270.97,47684.58,44714.85
50148.44,55879.79,48003.8,44714.004
51420.07,56703.297,48315.9,44728.81
52106.02,57244.137,48386.38,44671.03
53358.74,57684.637,48309.25,44761.895
54713.51,58042.176,48082.8,44910.11
58099.54,58672.96,48328.34,45132.22
60655.06,58915.336,48905.51,45437.543
62766.3,59128.906,49418.52,45762.316
64532.44,59307.453,49578.97,46175.51
66548.8,62398.445,50462.16,46665.33
67274.19,62681.62,51939.55,48647.92
67470.41,62900.43,52629.23,49767.902
67885.3,63051.73,53326.64,50953.402
68803.59,63598.656,53994.19,52174.977
69190.77,63741.08,54930.89,53408.473
69604.65,63903.883,55638.17,54467.35
69835.38,64055.445,56131.79,55378.086
69248.88,64503.51,56962.56,56135.117
69429.26,64572.633,57643.36,56686.605
69598.83,64668.15,58173.93,57133.707
69625.85,64714.945,58822.96,57513.508
69651.8,64844.363,59366.96,57888.77
69901.24,64917.387,59653.3,58257.25
70033.94,64994.758,59782.04,58635.375
70248.86,65075.61,60096.67,58988.242
70464.94,65125.86,60664.97,59266.56
71231.31,64939.37,61029.73,59334.695
71391.03,65621.76,60893.68,59451.883
71164.68,65605.0,61272.54,59452.78
70670.09,66042.77,61457.46,59375.883
70568.73,66093.22,60809.1,59224.723
70594.86,65970.9,60514.86,58920.266
70697.49,65846.53,59951.74,58557.91
71038.24,66056.086,60043.26,58112.004
70894.37,66020.016,59911.15,57641.6
70165.88,65975.44,59136.18,57056.688
69578.45,65927.484,58598.59,56561.094
69326.16,66127.086,57938.62,56171.207
69376.54,66128.64,57531.95,55984.33
69357.17,66155.875,56833.84,55668.414
69129.35,66174.82,56751.99,55473.055
69179.33,66235.69,56629.71,55380.195
69076.81,66239.78,57315.06,55526.77
68835.28,66268.2,57209.09,55512.082
68439.46,66174.81,57082.57,55715.77
68258.78,66112.234,57233.85,56056.98
68394.9,66160.03,57999.55,56907.04
69012.44,66195.12,58863.57,57535.453
69800.58,66231.75,59702.79,58265.58
70825.25,66430.4,60448.58,58975.9
71454.19,66411.91,61361.99,59801.68
71919.72,66396.58,61405.46,60143.68
72113.83,66396.516,61940.16,60355.19
71931.94,66213.35,61975.38,60399.816
71480.87,66147.31,61916.58,60159.91
71323.39,66062.58,61644.28,59902.676
70840.42,65968.8,61557.32,59495.242
70563.1,64953.457,61615.81,58965.23
69883.01,64693.797,60671.29,58258.195
69237.35,64425.598,59641.81,57568.72
68528.15,64156.492,59108.85,56890.188
66813.22,62649.625,58610.41,56223.742
65552.43,62182.254,56816.27,55427.152
64472.7,61748.277,55725.23,54664.62
63529.59,61309.05,55017.3,53998.97
62529.84,59973.766,54222.92,53388.68
61646.94,59526.344,53514.83,52774.41
60431.8,59090.863,53431.91,52234.535
59763.65,58651.312,52948.29,51832.83
59190.11,57551.54,52439.6,51480.266
58024.37,56736.504,52493.19,51540.99
56871.04,56055.145,51922.14,51058.496
55848.32,55477.94,51430.16,50545.47
54730.12,54855.586,50459.37,49852.414
53520.32,54413.383,50020.17,49061.78
52421.78,54021.555,49033.18,48188.52
51676.88,53681.41,48753.43,47352.555
50486.99,53359.87,48041.28,46538.688
49764.82,53088.418,46491.76,45716.016
49362.08,52843.473,45176.47,44960.086
49115.41,52629.434,44515.29,44285.312
48636.99,51355.883,44065.97,43670.78
48471.89,50216.086,44038.57,43059.742
48357.2,49570.996,43537.67,42739.22
48328.3,49214.4,43102.01,42434.383
47240.06,49287.99,42538.2,42155.062
47083.42,49229.594,42071.03,41974.438
47236.27,49276.293,42151.97,41800.676
47757.66,49419.914,42033.67,41693.47
47545.91,49902.438,41828.67,41633.875
47582.77,50239.574,42142.06,41643.086
47843.61,50653.477,42031.22,41680.316
48006.77,51135.535,42302.3,41734.133
48989.36,51897.688,42531.23,41794.258
49245.2,52528.066,43423.75,41849.918
49564.57,53147.336,43587.51,41922.562
50277.19,53744.84,43794.77,41963.484
51566.48,54558.477,43435.32,41998.11
52287.76,55080.266,43727.31,41984.312
53690.13,55533.113,43955.78,42027.72
55312.57,55931.414,43979.32,42060.547
58784.38,56614.695,43611.39,42074.72
61180.59,56928.992,43526.27,42052.273
62807.04,57201.633,43804.38,42074.996
64336.21,57460.402,44539.4,42145.29
66540.11,60432.414,44615.9,42252.562
67079.0,60949.582,45582.85,43303.977
67424.82,61336.25,46300.39,43687.695
67962.04,61620.785,46736.22,44298.52
68182.73,62100.258,47364.9,45070.246
68706.6,62178.66,48798.15,45889.64
69127.2,62217.98,49173.81,46813.797
69211.38,62243.07,49812.91,47730.383
69791.35,62056.336,50868.13,48734.17
69947.6,62073.508,52206.1,49681.18
70329.84,62080.18,52759.02,50446.75
70323.67,62098.297,53705.44,51050.49
70220.89,62333.395,54354.03,51646.535
70308.92,62487.332,55448.11,52315.23
70434.81,62585.688,55921.57,52940.72
70493.02,62672.086,56123.5,53644.586
70887.8,63189.094,56656.57,54380.57
71345.64,63305.508,57174.72,55070.6
71620.34,63400.715,57733.89,55496.094
71492.44,63459.367,58234.26,55780.887
71108.01,64022.645,58481.68,55896.01
70575.16,64115.3,58563.76,55988.812
70279.92,64195.223,58485.86,55684.594
70177.45,64270.72,58087.78,55303.316
70162.43,64853.52,57727.58,54887.676
69610.19,64987.645,57330.88,54559.02
69197.35,65109.75,56877.29,54076.543
68463.12,65228.008,56790.27,53659.996
68375.62,65614.086,56497.99,53315.703
67967.43,65776.95,56241.36,53103.016
67878.96,65926.17,55974.72,52759.027
67516.59,66059.55,55344.89,52488.383
66433.28,66107.49,54892.32,52346.203
66078.42,66183.96,54707.53,52412.508
65865.18,66231.76,54198.24,52378.89
65785.89,66256.06,54354.28,52491.562
66032.19,65831.08,54428.02,52749.88
66071.84,65758.25,55059.2,53189.19
66506.35,65672.984,55877.63,53680.62
67143.4,65557.77,56581.77,54371.89
68117.32,65021.305,57767.65,55162.027
68612.1,64815.59,58188.72,56222.74
68993.53,64591.508,58653.92,57033.293
68880.38,64358.35,58647.37,57741.688
68821.54,63562.57,58978.1,58210.91
68340.08,63175.75,59152.8,58595.434
67913.72,62752.766,59069.2,58565.81
67655.12,62329.637,58417.69,58405.42
67062.27,60842.16,58206.13,58125.754
66259.69,60292.633,57910.15,57696.023
65589.53,59769.637,57648.24,57140.85
64657.39,59291.723,57000.06,56603.395
63371.31,57941.652,56650.35,56046.043
62187.75,57490.445,55792.94,55463.96
61182.04,57095.184,55103.83,54825.465
60339.34,56763.688,54210.46,54365.695
59605.84,55876.418,53509.52,53992.53
59036.65,55602.85,53568.64,53699.363
58084.68,55372.15,53392.18,53376.418
57368.84,55189.855,53198.37,53192.4
56829.82,54554.92,53111.16,53045.42
55861.03,54214.875,53658.84,53415.523
54809.91,53967.79,53491.13,52960.844
53750.97,53778.133,52780.79,52486.64
52036.13,53540.316,51747.07,51834.086
51075.86,53390.81,50732.25,51200.938
50442.75,53251.926,49663.8,50383.215
49512.84,53134.504,48874.69,49615.89
48972.32,53041.445,48873.9,48878.19
48296.85,52932.71,48571.93,48202.453
47671.54,52829.77,48241.73,47527.04
47334.38,52734.67,47548.02,46954.223
46309.29,50179.86,47276.76,46447.06
45919.57,49414.023,46614.01,46227.5
45620.03,48760.2,46593.22,45943.21
45167.24,48185.285,46008.62,45733.902
44814.1,47798.086,45875.11,45577.797
44865.14,47453.66,45695.35,45542.18
45026.29,47223.387,45614.46,45540.523
44758.23,47096.01,45775.38,45606.34
44686.25,47108.727,46387.66,45731.785
44664.57,47102.0,46462.3,45937.867
44780.81,47131.7,45997.63,46155.09
44903.9,47191.95,46558.53,46421.953
44979.71,47345.418,47154.52,46750.457
44956.44,47454.246,47881.8,47177.2
44894.73,47556.53,48105.43,47603.664
44974.08,47644.473,48568.26,48067.008
45539.04,47820.08,49412.74,48567.234
45389.5,47959.93,50798.51,49252.742
45161.11,48067.47,52068.0,49980.945
45401.42,48134.938,53230.27,50951.277
46289.48,48310.69,54675.19,52326.297
46885.23,48466.098,57516.93,54292.61
47109.32,48629.6,60144.93,56471.625
47853.48,48770.977,62179.19,58669.895
48596.91,50510.168,63889.39,60579.297
49168.98,50891.1,66741.11,63778.254
49875.01,51226.46,68409.71,65029.695
50988.28,51491.305,69866.32,66152.03
52869.24,51701.438,70384.74,67079.09
53902.08,51907.047,70749.06,67828.625
54818.5,52064.754,71218.91,68435.06
55679.32,52182.266,71324.12,68911.53
56075.1,52260.184,71187.86,69230.48
56452.77,52404.117,70742.55,69152.03
57105.85,52541.734,70943.68,69137.22
57613.95,52670.15,70896.62,69157.15
58386.48,52873.52,71312.77,69259.97
58495.56,53060.87,72027.04,69220.28
58596.9,53219.023,72148.77,69542.09
59039.1,53352.95,72390.5,69873.266
59111.65,53647.305,72429.45,70195.766
59366.15,53822.71,72132.77,70309.75
59574.65,53963.29,72240.53,70483.9
59608.19,54080.055,72359.43,70634.555
59497.27,54431.63,72251.72,70721.25
59179.44,54607.605,72217.29,70693.734
58764.04,54755.953,71600.52,70623.805
58240.04,54879.863,72466.28,70523.06
57599.74,55242.902,71845.49,70342.45
57046.69,55432.33,72421.4,70176.09
56487.45,55597.613,72312.52,69937.9
55897.82,55715.836,71823.7,69767.67
55772.05,55981.723,71045.37,69564.766
55527.31,56104.562,71355.2,69453.79
55061.81,56173.09,71368.56,69211.375
54937.47,56192.41,71185.72,69029.07
55082.74,56358.76,70623.34,68924.83
54840.79,56357.68,70537.74,68928.85
54787.24,56276.617,70162.25,68834.4
54675.33,56134.51,70142.59,68802.7
54818.55,56264.547,70121.62,68937.19
54978.4,56002.6,70322.46,69379.16
55446.07,55746.855,70920.07,70033.38
56496.16,55467.94,71394.39,70828.266
58355.07,55583.957,71968.55,71570.445
59286.64,55293.535,72647.22,72194.25
59997.33,55045.785,72985.1,72421.78
60132.81,54817.832,73098.93,72489.414
59812.78,54986.38,72948.92,72495.08
59469.3,54819.395,72639.87,72005.22
58867.96,54671.42,72378.6,71895.11
58404.98,54546.637,72317.53,71772.94
58098.51,54542.605,71713.65,71617.17
57536.94,54451.867,71228.75,70886.664
57064.78,54344.32,70359.97,70590.4
56310.06,54250.46,69715.46,70131.84
54801.53,53966.344,69113.94,69502.45
53372.37,53866.023,67789.43,68253.97
52538.19,53754.07,66538.34,67235.67
51949.23,53637.832,65822.09,66252.05
51555.73,53274.13,64632.68,65373.055
51049.35,53141.125,63686.15,64424.383
50741.07,53028.02,62522.77,63625.19
50357.52,52940.035,61415.8,62962.42
51033.6,52634.93,60586.73,62345.195
50444.14,52420.887,60358.0,61754.56
49639.15,52245.473,59163.25,60701.43
48857.85,52091.164,57911.77,59434.125
48212.65,51902.004,56825.25,58093.426
47504.27,51767.426,55810.08,56920.434
46614.18,51641.92,54907.09,55746.152
46317.25,51518.36,54207.19,54762.24
45811.67,51320.227,53996.87,53919.85
45629.35,51206.426,53120.73,53216.973
45408.43,51106.016,52909.44,52535.566
44983.85,51013.74,52798.97,51975.57
43976.25,49190.418,51858.74,51485.832
43749.27,48552.555,51011.96,50473.562
43610.11,48051.844,50577.5,50068.094
43413.34,47620.496,50175.84,49729.523
43021.23,47339.188,49771.52,49465.117
42578.35,47104.062,49026.86,49358.31
42584.21,46937.22,48912.23,49234.31
42508.11,46840.24,49048.03,49189.195
42090.27,46804.844,49325.67,49198.613
42086.51,46779.12,49566.8,49350.805
41996.23,46780.523,49431.95,49480.492
42000.84,46790.902,49662.86,49680.254
42075.0,46825.41,49776.01,49957.344
41937.2,46878.184,50805.38,50407.574
42062.96,46919.83,51259.67,50840.125
41728.42,46964.633,51529.16,51355.375
41950.63,47051.78,51840.29,51955.027
42026.44,47114.05,54072.88,52786.316
41970.21,47166.965,54614.76,53630.3
42032.75,47206.438,55276.96,54716.715
41701.55,47322.695,56742.15,56179.938
41649.96,47377.336,60002.1,58310.53
41999.69,47422.54,62139.14,60482.125
42407.3,47477.63,64228.74,62531.55
42914.82,48749.785,65900.32,64111.88
43107.94,49087.94,67438.55,66471.305
43620.62,49407.355,68403.75,67375.31
44558.52,49714.54,69162.24,68164.305
45643.52,50047.64,69603.28,68698.86
46482.17,50312.62,69895.19,69222.96
47284.3,50583.117,70301.2,69502.72
47981.49,50852.62,70215.16,69604.62
48957.0,51056.895,70693.08,69569.2
49701.19,51396.01,70946.87,69222.875
50156.32,51716.42,71166.18,69163.87
50930.09,52016.49,71434.71,69226.695
51408.0,52201.875,71652.81,69375.96
51802.57,52564.266,71708.15,69219.51
52401.46,52892.742,71756.13,69488.13
52861.17,53177.734,71611.22,69777.055
53635.4,53357.355,71460.44,70064.016
54307.78,53651.66,71089.64,69896.44
54463.44,53888.53,71231.88,70069.234
54201.92,54096.15,71501.92,70211.49
53984.52,54284.71,71168.92,70338.94
53673.27,54583.31,71115.65,70048.68
53303.14,54796.57,70863.27,69956.586
53003.59,54963.77,70753.39,69854.77
52895.72,55112.44,70838.53,69731.234
52824.96,55323.4,71017.77,69414.47
52565.86,55440.58,70921.22,69177.28
51481.41,55511.36,70406.43,68988.91
51411.92,55543.3,70277.77,68839.54
50680.19,55598.176,70633.76,68675.34
50786.67,55554.363,70556.56,68471.86
50392.73,55481.375,70168.06,68362.19
50672.64,55458.52,70238.45,68312.65
50477.96,55289.023,69718.14,68591.84
50504.88,55089.05,69584.53,68522.81
50719.5,54888.375,69441.98,68548.945
51558.2,55228.24,69424.55,68629.96
51988.04,54974.68,70134.91,69356.06
52649.57,54715.613,70819.79,69943.305
54107.55,54470.04,72004.43,70770.95
55200.43,54768.43,72991.66,71647.71
56310.79,54527.16,74047.59,72443.63
56767.26,54309.33,74691.03,72755.86
56880.68,54131.727,74691.79,72891.914
57372.68,54340.18,74986.08,72902.93
57414.14,54212.82,74920.95,72277.875
57211.38,54107.16,74652.53,72238.805
56888.86,54013.508,74492.44,72185.46
56053.04,54003.965,74636.45,72122.29
55404.69,53938.46,73910.82,71326.89
54809.69,53874.64,73563.66,71195.66
54434.04,53829.227,73166.35,70946.98
54637.19,53707.734,72257.17,70563.56
54018.51,53641.26,70804.02,69313.55
53284.67,53592.77,69513.33,68365.53
52607.37,53552.31,68480.72,67291.09
52961.19,53348.625,67777.16,66254.9
52709.85,53278.812,66472.99,65019.547
52446.28,53236.9,65634.64,64120.84
52312.01,53189.273,64962.42,63397.48
53117.12,53039.508,64043.59,62778.992
52582.83,52887.18,62720.24,62325.37
52012.14,52772.67,61985.51,61456.652
51302.47,52665.43,60833.25,60438.664
49608.24,52489.746,59884.67,59336.63
48685.82,52364.13,58838.0,58217.863
48027.71,52241.547,57948.38,57192.023
47393.93,52147.613,56955.67,56305.06
46606.6,51928.19,56353.56,55518.453
46002.09,51804.14,55214.45,54725.203
46205.72,51693.188,55049.82,54020.438
45852.99,51608.277,54097.85,53379.746
45157.21,51815.926,53625.61,52781.92
44782.96,50814.445,53110.5,51654.945
44840.96,50188.46,52676.91,51191.383
44733.12,49710.754,52329.71,50782.64
44209.51,49411.945,52158.76,50438.652
44278.64,49205.914,51727.95,50155.516
44439.04,49107.19,51590.12,49946.57
44541.98,49103.4,51757.79,49786.95
44671.75,49236.727,52138.36,49681.72
44745.7,49370.24,52473.97,49641.387
44887.32,49565.797,52526.24,49666.457
45223.64,49816.406,52739.07,49769.39
46019.0,50173.258,53050.28,49956.766
46544.54,50606.26,53390.4,50250.86
47096.34,51093.086,53365.87,50627.117
47599.49,51678.094,54020.68,51087.727
49536.69,52400.965,54493.28,51639.63
50409.71,53285.68,55431.68,52343.492
51487.07,54211.996,55782.69,53125.008
53380.47,55125.953,56652.97,54093.68
56455.74,56092.348,58309.51,55367.5
59010.96,56928.14,61116.28,57211.42
61313.42,57698.94,63075.84,59462.383
63246.31,58377.28,64830.88,61795.875
65771.76,60512.836,66774.48,63767.742
67057.57,61395.957,69496.09,66306.92
67494.83,62117.58,70746.15,67568.5
68045.51,62673.95,71453.56,68542.18
68428.81,63585.44,72112.14,69245.73
68954.72,64014.72,72988.71,69769.86
69676.39,64362.793,72977.51,70043.266
70153.49,64667.582,73142.63,70173.99
69816.27,65353.973,73189.29,70218.87
70472.63,65566.69,72860.93,70129.42
70694.25,65740.414,73041.77,70058.305
71163.31,65887.55,73351.69,70025.71
70956.14,66229.52,73256.21,70056.516
70937.98,66387.77,73346.07,69948.56
71112.13,66488.336,73554.88,70102.76
70892.12,66570.14,73642.07,70340.59
70993.98,66685.03,73810.97,70584.88
71190.07,66838.76,73907.24,70686.97
71234.56,66951.0,73974.43,70844.41
71165.54,67027.28,74029.23,70929.375
71144.42,67127.71,73881.52,71005.664
71128.64,67297.66,73588.68,70929.89
71531.58,67432.74,73347.7,70875.09
71455.4,67556.414,73265.1,70872.34
71396.44,67753.68,73125.25,70835.24
71233.67,67914.52,73563.3,70662.5
70891.43,68011.2,73352.19,70481.16
70374.46,68087.77,72913.85,70329.13
70412.63,68347.09,72234.48,70136.9
70723.66,68508.484,72861.3,70000.62
70597.81,68654.266,72563.39,69707.39
70436.62,68829.91,72496.52,69454.18
70440.56,69179.664,72360.09,69230.64
70274.15,69373.32,72590.12,69006.44
70091.06,69557.4,72350.46,68697.42
69471.95,69694.83,72601.18,68490.58
69325.45,70156.766,72419.38,68385.04
69380.39,70259.4,72759.92,68399.09
69801.68,70294.43,73224.61,68605.414
70881.48,70324.24,73748.6,69122.55
72055.25,70747.13,74022.39,69770.5
72487.83,70772.23,73865.88,70331.44
72642.94,70757.59,73858.22,70554.73
72298.23,70703.42,73915.24,70637.6
72470.62,70527.12,73620.61,70621.12
72105.93,70388.08,73722.06,69811.67
72084.89,70200.516,73318.56,69721.445
71893.72,70002.42,73144.0,69628.0
71583.23,69018.79,73030.75,69497.87
70527.58,68658.55,72412.52,68624.28
70235.73,68272.305,71955.46,68431.625
69747.56,67900.414,71190.91,68145.945
67760.03,66570.43,70442.23,67751.96
66369.52,66066.5,69130.91,66568.92
65623.44,65586.92,68087.4,65726.0
64462.78,65154.14,66979.71,64874.137
62416.75,64111.656,66483.62,64079.03
61624.33,63637.055,65174.87,63050.344
60942.78,63203.64,64180.58,62288.68
59950.91,62807.42,63187.77,61610.707
59106.27,62567.906,62529.57,60920.273
58638.49,61777.016,62492.92,60344.477
57755.62,61066.32,62069.81,59497.66
56812.97,60416.902,60713.3,58702.246
55625.96,59434.29,59353.71,57883.85
54434.82,58837.64,58190.27,57021.48
53694.4,58366.586,57150.35,56219.54
52816.2,57983.473,56322.4,55490.58
51175.23,57314.914,55653.84,54754.855
50783.7,56978.938,54688.46,53925.65
50221.37,56717.22,54259.88,53149.418
49712.01,56508.31,53724.88,52477.434
48980.71,53930.14,52815.95,51875.4
48751.63,52461.414,52391.38,50685.137
48611.69,51543.62,52057.66,50133.43
48386.75,50904.066,52042.37,49648.33
48160.27,50465.953,51560.07,49300.652
47900.3,50164.055,51706.22,49025.066
48072.28,49990.36,51536.6,48860.23
47961.14,49951.805,51300.21,48786.297
48491.31,50046.71,51318.1,48766.11
48640.83,50238.652,50756.62,48821.184
48364.31,50540.53,50836.85,48940.348
48417.82,50918.5,51251.21,49102.055
49318.67,51455.535,51335.16,49333.082
49807.8,52131.344,51329.49,49680.133
50262.18,52907.055,51671.83,50071.133
50952.82,53780.51,52059.74,50520.395
52681.18,54813.332,52641.67,51059.61
53374.73,55844.453,54378.55,51741.426
54552.71,56816.035,55181.71,52439.664
55542.57,57710.605,56127.94,53325.344
59005.63,58703.453,57768.77,54540.53
61389.63,59520.645,60527.89,56331.11
63161.57,60250.566,62931.78,58381.902
64658.27,60887.656,64831.78,60422.3
67107.82,63752.656,66602.96,62201.242
68202.81,64884.055,68696.53,64692.945
68865.07,65723.37,69920.07,65818.266
69237.88,66283.92,70902.85,66742.336
69729.64,67018.71,71675.81,67581.336
70229.89,67329.26,72093.2,68176.195
70496.47,67533.484,72342.69,68456.61
70543.61,67660.65,72645.94,68804.06
70540.29,67940.28,72669.7,69097.51
70810.9,67983.24,72239.3,69071.88
70978.04,67992.234,72545.68,69087.88
71118.87,67984.61,72997.85,69248.09
70918.13,67963.15,73109.79,69495.16
70962.4,67980.62,72800.82,69448.98
71362.47,67997.016,72838.06,69624.79
71607.05,68034.516,73099.72,69820.76
71273.27,68074.2,73228.78,70122.875
71587.23,68177.66,73871.8,70107.83
71677.33,68251.67,74193.25,70248.39
71780.02,68294.26,73794.57,70374.77
71588.76,68413.39,73459.79,70512.19
71417.84,68524.016,73369.91,70410.125
71669.08,68622.78,73575.9,70397.37
71555.25,68659.45,73618.06,70333.75
71179.13,68809.84,73297.53,70191.59
70343.23,68873.4,73332.71,70001.39
70062.89,68857.5,73223.18,69813.93
69155.02,68841.01,72769.74,69643.37
69840.62,69022.984,72387.25,69435.664
69671.44,69062.586,72045.56,69236.766
69306.36,69078.53,71816.09,69016.63
69030.19,69095.92,71619.95,68871.54
69381.57,69357.97,71288.43,68753.35
69209.75,69393.49,71473.21,68745.31
68828.35,69398.31,71143.03,68543.44
68582.04,69383.625,71097.54,68479.07
68541.91,69742.85,70909.36,68469.45
68677.17,69769.42,71375.76,69052.57
69186.6,69814.96,71944.42,69487.91
69906.31,69825.445,72521.93,70248.984
70622.86,70294.84,73459.33,70947.51
71153.73,70304.47,73438.62,71476.17
71322.11,70302.71,73190.55,71687.516
71340.88,70309.234,73251.28,71848.42
72093.97,70170.23,73401.52,71936.56
71730.98,70065.414,73632.15,71291.72
71301.47,69936.36,73539.57,71401.96
71370.27,69787.57,73667.48,71375.836
70541.12,68837.64,73484.0,71292.03
69510.87,68491.65,73572.37,70466.266
69101.21,68135.56,72912.0,70370.375
68610.78,67780.805,72274.33,70241.86
67944.28,66442.09,71378.23,70080.95
66862.08,65972.414,70372.62,69036.445
65714.93,65518.766,69622.29,68415.516
64604.17,65087.945,68700.62,67552.22
63404.38,63972.367,67537.72,66645.914
62664.08,63494.895,66276.7,65386.64
61640.08,63067.0,65594.7,64501.344
60720.19,62657.848,65015.34,63747.71
60337.25,61933.38,64348.47,63042.953
59530.1,61132.883,62987.98,62468.004
58323.43,60429.758,62149.93,61520.086
57802.71,59815.258,61328.17,60563.83
56553.51,58943.492,60559.34,59598.945
55645.08,58476.207,58855.73,58551.742
54615.85,58084.727,57807.29,57660.383
53880.79,57764.914,57029.41,56873.93
52109.59,57219.87,56472.46,56130.01
51629.4,56985.02,54292.08,55270.363
51403.2,56782.31,53862.76,54526.473
50857.93,56606.848,53829.19,53862.977
50565.26,53988.164,52966.92,53222.316
50333.28,52684.906,52182.91,51750.5
50165.69,51896.145,51886.75,51067.516
49978.85,51373.445,51729.4,50413.49
49003.67,51096.35,51569.85,49924.11
48848.36,50875.74,50732.66,49593.727
49137.81,50781.64,50439.41,49338.83
49283.51,50824.98,50731.07,49156.367
49317.88,51060.258,50887.84,49071.125
49574.07,51354.562,51080.69,49083.84
49847.77,51779.047,51120.25,49141.977
50199.69,52326.117,51532.15,49280.3
51393.48,53053.84,51880.54,49506.49
51527.52,53874.734,52294.69,49856.04
51951.26,54712.547,52335.2,50276.21
52546.58,55554.66,52583.16,50782.625
54046.86,56505.254,52610.88,51362.195
54467.86,57313.848,54027.08,52069.562
55301.76,57989.08,54774.59,52874.656
56288.55,58508.18,55530.26,53910.61
58307.06,59204.023,57438.07,55317.156
60617.06,59652.3,59859.89,57385.54
62573.16,60046.66,62351.89,59801.445
64179.28,60358.32,63445.94,62176.156
66547.1,62874.184,65283.59,64075.168
67328.1,63585.97,68383.39,67110.08
67730.32,64134.805,69916.04,68154.33
68051.84,64535.47,70482.59,68996.28
68745.94,65258.92,71178.68,69682.17
69180.07,65451.887,72253.01,70215.02
69353.25,65573.98,72750.87,70536.73
68877.53,65645.195,72858.3,70772.91
68767.35,66050.13,73195.7,70939.734
69091.0,66059.19,72960.05,70895.85
69270.61,66063.68,72841.62,70993.97
69389.59,66093.31,73088.27,71130.84
69503.38,66339.75,73166.65,71310.43
69534.31,66402.86,73619.82,71199.17
69939.47,66431.42,73620.35,71371.836
70091.59,66440.98,73701.86,71559.13
70295.17,66621.08,73606.99,71748.0
70888.0,66673.86,73622.19,71524.6
71048.78,66718.97,73487.24,71554.445
70759.91,66749.79,73426.86,71504.92
70235.38,67030.26,72858.43,71409.96
70100.15,67073.3,72007.9,70904.984
69868.81,67085.734,71615.39,70681.445
70179.82,67098.23,71392.95,70426.734
70140.14,67453.45,71007.34,70192.23
70099.66,67505.234,70803.21,69596.56
69759.64,67523.875,70201.4,69247.1
69122.06,67560.77,70092.05,68915.95
68497.9,67859.02,68992.3,68587.72
68231.28,67939.48,68730.68,68020.22
68056.32,67977.66,68466.38,67599.02
67880.19,67973.266,68273.47,67268.05
68295.08,68150.81,68196.29,67029.04
68094.74,68218.04,67983.24,66788.12
67750.81,68281.51,67605.53,66540.695
67314.11,68291.29,67873.57,66433.39
67374.33,68597.19,67955.8,66422.52
67638.96,68608.41,68324.55,66843.695
68159.46,68636.8,68915.84,67378.445
69036.67,68597.234,69715.82,68086.516
69890.47,68884.82,70338.14,68618.74
70253.83,68883.836,70487.98,68505.984
70374.02,68803.42,70382.83,68525.59
70246.72,68684.24,70069.72,68498.9
70288.87,68236.46,70041.06,68449.43
69899.48,68028.73,69401.39,67522.17
69471.16,67895.03,69037.01,67398.41
69415.39,67816.484,68875.48,67264.97
68912.75,66900.23,68560.68,67086.97
68530.29,66718.21,68103.49,66053.016
68105.19,66469.45,67330.54,65713.44
67304.74,66295.84,66393.5,65316.812
66420.51,65268.75,65914.96,64854.074
65290.83,65081.297,65025.93,63599.25
64340.95,64759.824,63889.67,62885.824
63607.83,64456.133,62871.37,62113.68
62876.19,63464.824,62301.4,61313.004
62105.34,63159.254,61609.54,60075.68
61269.84,62794.816,61162.97,59196.965
60281.86,62409.58,60454.14,58506.965
59611.3,60961.098,59671.62,57854.54
58570.27,60370.598,59055.96,57537.254
57354.99,59796.816,58034.58,56788.047
56574.49,59289.867,57297.58,56128.695
55551.5,58467.91,56163.2,55404.9
54386.32,58065.51,55218.23,54378.973
53561.11,57726.95,54332.45,53573.414
52926.14,57437.445,53736.07,52825.484
51682.22,56862.965,52987.71,52023.742
51017.26,56631.973,51230.88,50902.14
50912.73,56427.617,50330.78,50054.11
50415.35,56265.38,49769.06,49351.203
49826.68,53802.082,49380.97,48715.574
49434.21,52746.133,48489.3,48890.19
49266.78,52042.3,48158.91,48435.43
48899.66,51542.703,47901.93,47954.184
48264.85,51311.77,47582.61,47529.94
48224.52,51130.09,46948.59,47144.297
48242.94,51063.0,46469.86,46898.91
48429.52,51120.883,46568.67,46703.844
48633.35,51371.223,46673.77,46529.44
48696.44,51633.7,46549.94,46445.625
48851.56,51968.426,46310.96,46369.555
48975.8,52392.11,46427.4,46248.11
49970.91,52992.945,46711.69,46235.652
50112.76,53623.875,47303.06,46280.664
50416.74,54252.484,47736.71,46264.28
50952.2,54920.367,47384.51,46249.234
52383.06,55763.535,47440.16,46233.266
53058.98,56485.793,47833.75,46232.65
53879.69,57116.254,47730.35,46248.18
55241.01,57676.21,47632.77,46288.48
58415.16,58401.848,47800.41,46339.0
60823.52,58873.008,47745.28,46347.258
62829.46,59285.098,48210.99,46507.605
64604.97,59639.99,48146.51,46705.062
66486.74,62197.03,48935.78,46983.734
67219.77,62722.805,50630.32,48468.75
67421.1,63134.44,51159.54,49349.543
67882.13,63487.145,52021.92,50352.914
68240.4,64271.562,52964.36,51461.42
68819.66,64554.438,54053.11,52420.156
69260.0,64828.5,55027.62,53494.242
69490.64,65045.367,55686.68,54491.867
68319.89,65533.973,56585.2,55344.19
67988.13,65579.06,57361.01,55701.84
68459.16,65587.8,57860.68,56235.453
68696.42,65596.875,58576.91,56699.793
69412.62,65577.555,59267.51,57158.504
69449.06,65553.29,59827.87,57244.105
69560.36,65525.492,60110.24,57662.02
69560.0,65499.438,60230.67,58206.23
69635.31,65448.56,60478.94,58866.363
69940.28,65464.973,61158.95,59012.44
69921.23,65462.727,61659.67,59123.793
70166.66,65459.14,61872.05,59201.42
70397.97,65571.05,62020.15,59257.062
70093.42,65663.94,61596.7,59140.523
70158.27,65712.445,61516.3,58950.645
70142.39,65761.945,60926.08,58733.453
69681.41,65938.35,60280.39,58486.926
68999.92,66077.766,59824.61,58370.953
68150.38,66176.0,59770.54,58078.293
67416.61,66265.46,60040.17,57734.72
68212.45,66436.125,59607.92,57323.84
68476.02,66562.586,59157.65,57091.434
68006.01,66672.125,58622.42,56652.55
67895.85,66812.48,58418.35,56283.195
67637.85,67111.89,57994.96,55958.805
67189.26,67232.81,57973.67,55869.59
66770.48,67381.68,57862.55,55614.61
66528.15,67550.09,58240.51,55512.594
66094.66,68150.0,58353.54,55584.992
66095.19,68327.46,58689.83,56246.344
66765.06,68467.695,59456.75,56686.477
67890.06,68674.336,60539.86,57295.047
69286.55,69143.06,60905.48,57982.805
69978.12,69308.23,61715.54,59072.285
70338.44,69386.17,62368.13,59567.58
70250.95,69414.81,62501.79,59949.027
70303.08,68969.27,62826.78,60162.453
70152.65,68965.34,62465.5,60185.023
70105.79,68975.6,61825.96,60014.613
69894.66,69041.42,61528.65,59719.13
70089.18,68368.08,61088.53,59304.605
69594.43,68312.37,60531.56,58722.164
69107.59,68170.766,60014.96,58106.11
68341.46,67984.64,59386.41,57481.457
66806.24,66909.69,58524.39,56834.754
65599.49,66615.695,57280.71,56090.273
64803.15,66310.25,56215.53,55287.438
64014.22,66021.305,55024.85,54660.734
62982.06,65038.37,54313.84,54064.883
62159.02,64696.758,53993.0,53423.11
61325.36,64376.402,53458.35,52887.305
60324.63,64059.89,53475.92,52477.34
59937.93,63103.793,53048.94,52143.668
59204.87,62470.613,53602.08,52799.926
58160.48,61901.305,53120.49,52348.227
57433.49,61364.793,52589.4,51857.51
56179.77,60429.0,51730.34,51223.984
55073.16,59980.68,50719.76,50392.297
54477.34,59589.992,49871.4,49565.61
53556.95,59245.023,49743.33,48755.164
51220.8,58590.684,49083.9,47942.18
50511.13,58314.75,47291.07,46953.742
50698.79,58086.58,46404.28,46082.56
50218.35,57903.914,45784.49,45266.47
49463.92,54391.21,45250.67,44478.41
48955.67,53306.637,44552.76,43207.89
48860.37,52646.68,43660.13,42875.2
48940.4,52219.684,43192.9,42569.344
48347.7,52022.07,42819.05,42280.97
48255.97,51883.99,42515.92,42026.117
48079.98,51854.2,42031.0,41797.434
48034.23,51899.28,41746.31,41628.305
48031.2,52050.97,42079.66,41532.094
48425.3,52247.324,42053.03,41488.96
48736.13,52558.918,42320.55,41507.91
48966.09,52969.96,42086.72,41556.78
49669.31,53538.234,42110.58,41606.797
50382.61,54138.97,42229.21,41563.38
50775.12,54811.35,42313.93,41565.08
50711.8,55490.105,42975.1,41565.598
52392.58,56307.816,43610.75,41555.418
53159.66,57079.797,43335.08,41434.28
54082.86,57817.18,42717.64,41409.875
55163.79,58521.1,42568.51,41374.19
57792.3,59410.082,43052.44,41335.9
60255.68,60036.17,43262.33,41203.984
62040.36,60572.785,43595.2,41178.098
63950.27,61016.54,43252.63,41151.363
66124.66,63708.766,43709.11,41169.78
66689.18,64601.227,44899.04,42710.305
67426.2,65232.094,45403.77,42961.285
68235.52,65648.17,46363.66,43459.695
69236.95,66215.78,47070.34,44173.645
70139.65,66433.87,48065.17,45104.39
70411.87,66579.97,48634.84,46092.246
70443.68,66654.86,49444.01,47111.92
69942.35,66757.09,50107.34,48075.85
70229.12,66764.805,51073.44,48854.73
70218.86,66745.836,51406.27,49575.797
70128.04,66733.01,52344.29,50232.977
70125.32,66571.09,52693.36,50832.305
69904.39,66585.97,52844.55,51160.977
70167.13,66553.98,53443.58,51810.87
69586.26,66520.91,54190.9,52546.406
69169.96,66387.57,55076.12,53307.984
69040.51,66412.94,55123.58,53809.797
69616.47,66375.1,55972.11,54228.62
70004.33,66330.9,56409.58,54483.895
70754.49,66398.5,56457.49,54608.156
70529.21,66479.32,56680.83,54544.8
70121.37,66492.28,56060.66,54196.38
69560.97,66428.555,55743.77,53758.04
69448.89,66691.83,55522.63,53240.5
69127.77,66715.9,55000.23,52778.977
68273.79,66697.13,54231.38,52178.53
67142.08,66655.16,54012.57,51626.277
67111.78,67006.43,53588.25,51125.02
67057.53,67014.97,53128.17,50941.832
66756.87,66989.3,52759.46,50515.26
66608.06,66996.18,52882.25,50151.055
66743.88,67288.33,52514.28,49872.65
66420.06,67331.99,52291.16,49983.25
65973.58,67354.97,52155.93,49837.836
65698.17,67361.06,52663.37,49781.047
66045.85,67713.375,53113.06,49854.688
66221.4,67731.54,54040.23,50475.055
66665.93,67725.38,54426.5,50989.547
67594.12,67710.875,55638.93,51740.04
68451.81,67481.56,56884.81,52608.434
68463.44,67446.05,58423.08,54093.562
68474.58,67391.19,58490.71,54885.336
68669.96,67356.734,58459.49,55498.35
68408.18,66436.3,58980.99,55893.195
67819.25,66367.41,59056.72,56428.168
67588.64,66271.195,58763.87,56398.33
67338.58,66121.586,58596.3,56269.367
66573.9,64989.098,58182.43,56035.34
65623.64,64697.73,57789.65,55780.684
64842.21,64395.562,57333.04,55322.88
63917.53,64085.227,56754.36,54876.44
62431.94,63051.96,56476.66,54412.688
61159.12,62698.387,55973.28,53865.68
60069.7,62327.01,55130.87,53280.863
59326.06,61940.285,54495.05,52883.16
58876.87,60968.34,53898.32,52520.14
57809.06,60470.855,53618.46,52029.992
57095.0,59949.906,53075.74,51682.605
56559.7,59418.344,52569.03,51486.723
56730.39,58363.227,52675.39,51330.863
55923.06,57693.8,53256.78,51737.984
54873.12,57102.246,53182.34,51362.81
54201.28,56597.777,52378.16,51036.188
52939.16,55951.082,51364.3,50581.938
51967.9,55584.04,50053.42,49865.656
51298.82,55269.64,49481.44,49238.113
50926.69,55008.555,48523.64,48645.586
48837.96,54605.62,47598.26,48031.0
48184.43,54366.902,46780.84,47164.633
47426.02,54151.477,46347.75,46509.137
46978.5,53945.805,45858.06,45919.785
46666.66,50718.0,44975.51,45362.508
46135.93,49872.477,44254.18,44406.434
45872.92,49050.16,43831.58,44061.844
45638.88,48336.027,43722.95,43770.254
45176.02,47835.32,43570.14,43506.08
45026.64,47430.867,43720.07,43323.35
44998.22,47138.867,43705.5,43209.562
44869.57,46941.28,43672.29,43166.617
45162.04,46830.906,43455.14,43184.992
45294.86,46787.38,43500.12,43241.875
45253.55,46780.79,43624.41,43341.8
45358.2,46794.445,43911.24,43480.164
45201.48,46864.55,44332.68,43710.06
45219.53,46915.062,44946.46,44043.875
45541.62,46964.836,45655.13,44533.812
45536.95,47036.61,46244.01,45165.727
45214.1,47142.266,46895.62,45951.992
44947.88,47198.027,48587.42,46893.58
45165.49,47228.08,49143.49,48063.094
45016.07,47276.38,50380.16,49605.61
45510.42,47365.9,52213.7,51527.223
45786.28,47458.414,56410.63,53631.375
46332.04,47557.81,58976.48,55600.508
46996.76,47668.836,60757.39,57288.145
48145.79,49283.96,62717.78,58721.594
49120.11,49679.926,65062.94,60379.92
49796.77,50088.42,66602.49,61536.695
50494.13,50439.43,67808.69,62536.383
51496.03,50755.812,68722.54,63468.582
52476.67,51022.066,69676.45,64202.0
53067.88,51229.973,69804.86,64901.06
54095.07,51382.715,69840.01,65445.258
55244.59,51307.297,69933.69,65870.55
56118.42,51429.355,69905.24,65847.414
57059.9,51516.28,70209.06,66040.32
57272.35,51584.6,70129.94,66209.65
57319.45,51571.52,69857.8,66474.445
57712.04,51676.094,70584.1,66393.76
57889.37,51771.305,70577.82,66776.67
57836.95,51871.773,70480.76,67182.625
58401.39,51965.58,70541.59,67571.92
58707.3,52110.945,70375.42,67546.16
59157.71,52231.96,70184.84,67705.64
58470.99,52344.406,70205.43,67810.94
58339.62,52634.293,70016.07,67852.17
58224.48,52789.72,69938.08,67592.89
58042.93,52946.9,69801.68,67557.01
57942.11,53082.99,69723.31,67480.91
57125.51,53448.336,69974.28,67328.266
56823.81,53602.676,70305.2,66916.28
56743.91,53723.992,70057.3,66642.97
56586.08,53800.59,69910.54,66400.81
56159.11,54101.824,69087.85,66185.586
55712.55,54153.81,68583.25,65796.66
55984.42,54175.89,68317.2,65528.81
55074.29,54156.805,67946.99,65305.37
55474.15,54474.934,67510.79,65109.543
54978.44,54436.242,67810.82,64888.48
55486.5,54372.332,67621.42,64710.93
55751.92,54317.36,67204.25,64631.633
55729.82,54943.207,67172.34,64666.363
55788.46,54884.395,67718.39,64933.25
56863.85,54824.99,68538.79,65313.824
57920.11,54756.36,69214.21,65838.47
59251.88,55339.582,69704.04,66355.59
59812.95,55298.273,70088.45,66846.43
59991.99,55266.992,70239.04,67021.81
60026.68,55231.797,70202.05,67075.125
59927.15,55812.727,70176.13,67050.984
60047.38,55780.77,70003.15,66522.49
59823.47,55750.547,69672.85,66348.5
59468.08,55711.516,69572.5,66137.75
59572.64,56084.77,69579.05,65912.94
59153.32,56033.3,68762.59,65051.555
58849.18,55980.84,68099.38,64592.203
58567.55,55925.55,67622.04,64041.324
56942.51,55968.71,66972.19,63395.91
55582.83,55883.348,66027.58,62235.08
54656.46,55781.043,64917.62,61437.84
54186.23,55665.78,63663.11,60738.434
53379.0,55462.83,62991.64,60106.59
52690.18,55331.613,62213.6,59152.06
52443.65,55202.504,61229.13,58454.957
52459.17,55076.49,60351.62,57829.688
52035.26,54545.25,59478.58,57199.566
51493.13,54329.582,59345.43,56899.47
50708.46,54106.203,58219.47,56098.746
49676.61,53893.965,56835.43,55298.598
48355.57,53614.734,55804.97,54403.004
47351.9,53387.324,54845.4,53215.934
46731.18,53168.418,53681.57,52205.754
46250.06,52973.406,52966.12,51272.703
45161.07,52675.168,52185.02,50393.836
44553.43,52475.36,50408.03,49336.08
43939.97,52285.78,49554.71,48531.36
43598.97,52100.977,48902.02,47847.637
43071.68,49684.6,48192.57,47224.766
42832.96,48826.93,47864.85,45763.3
42615.96,48158.535,47517.78,45453.496
42308.35,47599.88,47175.58,45168.152
42165.91,47164.297,47006.64,44923.234
41782.96,46849.535,46325.08,44718.137
41837.05,46610.832,46369.51,44584.27
41613.13,46445.355,46418.11,44528.625
41610.13,46341.254,46801.19,44541.688
41626.97,46280.164,47211.49,44617.492
41663.67,46236.445,47530.74,44724.645
41318.21,46212.117,47481.26,44891.383
41988.0,46214.445,47611.98,45138.586
42159.99,46254.027,47858.48,45542.195
42223.3,46292.375,48192.03,46018.26
42132.59,46335.812,48725.78,46620.26
41911.73,46381.13,49570.02,47327.137
41746.7,46434.562,50642.49,48167.96
41710.96,46478.31,51436.95,49083.766
41283.95,46513.555,52418.58,50199.57
40581.14,46503.742,53939.48,51632.664
40793.56,46497.29,57286.84,53505.195
40965.04,46503.188,59383.25,55422.07
41471.9,46509.977,61408.59,57250.62
42655.47,47548.92,63471.14,58933.69
43241.1,47752.168,65060.38,60674.414
43718.66,47974.4,66092.99,62177.18
43870.28,48189.434,67238.63,63444.473
44920.92,48410.93,68268.13,64493.5
45806.06,48682.375,69216.23,65172.793
47106.92,48955.496,68851.34,65611.87
47941.71,49250.52,68865.74,65953.7
48659.03,49502.363,68634.42,66188.95
49563.36,49819.71,67677.24,65808.75
50104.47,50120.07,68464.58,65748.51
50917.63,50387.168,68610.56,65745.5
51313.05,50583.35,68725.93,65818.24
52076.41,50848.242,68904.31,65294.707
52756.45,51080.574,68730.12,65417.785
53178.84,51297.523,68926.05,65616.83
54259.02,51484.54,69189.99,65827.98
54882.27,51715.035,69613.61,65512.875
55320.08,51914.773,69436.89,65524.95
54855.15,52083.695,69605.01,65530.227
54616.85,52314.54,69979.41,65506.117
54338.39,52510.707,69382.1,65141.285
54218.83,52666.676,69182.69,65011.977
54024.47,52801.78,69374.64,64864.418
54002.5,53047.117,69024.7,64719.477
53371.45,53238.43,68601.72,64330.0
53008.92,53373.523,68433.72,64129.457
52664.85,53472.266,68086.51,63981.246
52828.45,53632.168,67703.96,63865.973
52430.91,53748.918,67706.71,63605.676
52217.68,53814.2,67403.37,63379.062
52104.77,53815.75,67043.52,63164.31
52295.01,53881.805,66974.53,62971.125
51663.56,53867.17,67352.38,62829.582
51796.63,53783.582,66954.59,62629.023
51941.1,53657.09,66754.2,62524.008
52266.95,53793.656,66555.24,62521.785
52435.13,53693.75,67015.38,63195.914
53566.44,53602.11,67743.85,63539.3
54510.78,53516.535,68978.57,64008.887
55886.55,53989.254,69898.3,64541.574
56286.94,53955.43,70765.38,65505.17
56709.23,53921.56,71128.28,65755.27
56897.49,53892.8,71540.1,65877.984
57312.46,54396.52,71483.15,65872.98
57301.32,54375.918,70525.35,65495.03
57017.46,54355.867,70231.82,65277.08
56362.95,54340.24,70083.37,65012.45
55553.01,54539.727,70582.34,64719.742
55264.04,54508.758,70245.02,63896.203
54719.13,54446.934,69412.66,63240.03
54329.98,54385.195,68345.5,62417.02
54353.18,54251.812,67480.75,61426.844
53353.93,54185.68,65903.44,60042.297
52502.38,54095.344,64844.99,58814.777
52167.16,53996.543,63697.49,57800.43
52155.95,53718.418,62029.53,56920.348
51725.74,53632.727,60735.7,55969.824
51569.41,53552.97,59735.37,54948.33
51700.93,53462.344,59355.6,54194.305
52045.07,53247.605,58412.45,53343.69
51635.39,53080.484,57767.31,53630.863
50629.44,52891.004,57197.49,52576.965
49927.41,52706.957,56309.8,51504.94
48596.15,52431.32,54954.62,50275.094
47877.58,52259.457,53660.4,48554.523
47625.13,52094.074,53321.99,47304.336
46888.29,51931.387,52436.53,46202.48
45402.91,51659.047,51457.15,45214.4
44880.66,51469.008,50049.68,44214.07
44261.24,51263.0,49611.3,43509.586
43749.47,51060.285,48928.55,42925.855
43293.33,50533.453,48396.62,42434.33
42928.96,49003.664,47503.71,41893.023
42636.08,48075.453,46829.21,41618.47
42831.15,47380.26,46682.43,41328.31
42404.53,46921.05,46531.51,41156.184
42384.5,46586.656,46074.63,41106.562
42415.42,46371.21,46468.77,41100.8
42513.63,46236.87,46419.84,41189.39
42094.2,46219.168,46097.16,41367.742
42091.01,46188.22,46347.6,41616.47
42479.63,46192.086,46384.62,41896.03
42640.66,46260.406,46161.84,42188.758
43486.62,46404.082,46120.1,42520.785
43803.09,46596.645,46376.95,43040.12
44433.44,46810.734,46381.54,43667.117
45048.26,47087.86,47328.0,44395.562
46852.42,47523.887,48022.06,45223.617
47874.84,48074.14,49468.12,46230.44
49404.18,48748.29,49742.52,47243.766
51547.05,49578.023,50673.89,48413.82
55802.92,50711.277,52522.35,49737.473
58675.45,51975.688,56923.28,51243.055
60749.17,53284.22,59316.16,52757.9
62607.88,54521.098,61245.39,54220.71
64050.31,58264.07,62787.4,55706.895
65161.85,59829.04,65031.21,55937.832
65862.81,61081.324,66146.2,57483.277
66365.23,62029.14,66935.03,58784.875
66926.66,63059.613,67615.23,60171.383
67470.52,63616.934,68220.72,60970.508
67671.32,64013.188,68185.76,61890.77
67684.68,64281.754,68219.86,62555.81
67610.28,64758.906,68427.94,63043.414
68425.79,64896.21,68436.62,62639.695
69085.33,64987.82,68365.97,62905.37
69403.22,65035.707,68657.48,63181.457
69548.76,65264.723,69049.16,63461.13
69848.37,65309.434,68770.88,63002.004
70040.49,65323.13,68670.62,63420.21
70291.22,65309.156,68714.93,63878.055
70339.61,65458.496,68896.4,64277.77
70490.57,65441.09,69060.86,63990.203
70504.91,65418.484,69106.13,64238.34
70357.98,65394.332,69190.88,64461.04
70093.83,65668.46,68938.5,64653.945
70028.54,65704.35,68405.69,64273.32
70466.69,65756.73,68089.78,64313.92
70619.98,65819.125,67959.89,64287.45
70595.21,66204.12,67890.11,64159.125
70472.55,66328.266,67543.32,63651.465
70564.09,66445.57,67148.34,63422.3
69855.76,66545.68,66942.16,63223.586
69494.67,66891.586,66345.54,63004.527
69402.62,67040.07,66401.82,62657.957
69081.15,67173.66,66334.58,62357.906
68959.11,67339.22,66206.53,62100.09
68330.88,67663.65,66150.24,61827.574
68342.92,67867.53,65594.78,61827.344
68347.54,68062.22,65254.43,61643.656
68467.06,68218.69,65117.53,61611.33
68352.75,68755.22,64955.63,61661.27
68619.26,68888.2,65093.52,62465.633
69070.22,68987.82,65602.79,62732.56
69604.19,69084.055,66322.35,63208.562
71008.15,69711.945,67452.53,63837.492
71758.34,69945.99,68896.13,65229.45
72038.62,70113.234,69397.17,65515.094
72027.06,70214.72,69770.32,65624.84
72067.34,70075.02,69650.72,65612.555
71907.01,70120.46,69296.06,65237.062
72273.66,70131.16,69226.08,65012.836
72027.87,70067.0,69084.25,64773.29
71277.87,69211.8,68655.79,64470.83
71062.2,69006.27,67922.81,63728.367
70875.64,68746.87,67312.99,63188.445
70448.22,68469.64,66768.47,62529.633
68454.77,67274.49,66438.87,61681.89
67096.88,66868.836,64923.19,60419.984
66344.91,66458.88,64312.38,59306.26
65491.96,66078.49,63573.71,58339.39
63908.43,64992.473,62529.7,57483.684
63202.66,64547.957,61339.51,56366.48
62434.08,64140.65,60491.67,55272.863
61677.55,63790.2,59688.88,54450.02
60837.02,62713.402,58642.25,53623.83
60002.99,61952.598,58075.66,54318.523
59147.11,61278.87,57022.55,53485.527
58234.08,60674.133,56085.12,52817.53
56955.01,59731.727,54998.49,52007.043
55721.31,59180.703,53438.94,50471.895
54598.65,58705.438,52794.94,49352.117
54133.47,58301.793,52190.88,48260.8
52747.42,57629.95,51607.6,47166.58
52033.93,57317.098,50202.94,45891.246
51483.99,57055.62,49373.7,44932.168
51227.36,56832.96,49174.14,44138.055
50869.68,54136.656,48952.26,43445.09
50483.07,52963.23,48397.6,43307.6
50349.7,52202.91,48176.18,42827.207
50217.74,51606.355,47959.27,42460.62
49868.18,51127.96,47669.55,42204.477
49439.98,50799.0,47118.39,42000.934
49527.97,50591.25,47013.13,41899.72
49867.29,50520.297,47256.53,41887.695
50405.5,50580.836,47358.57,41950.652
50141.59,50783.164,47596.09,42071.973
50179.51,51073.11,47551.89,42297.332
50533.18,51461.83,47933.08,42581.1
50930.84,51993.207,48112.15,42962.535
51277.09,52635.133,48473.16,43460.625
51537.91,53378.285,48908.32,44036.93
52235.82,54193.344,49367.15,44692.844
54076.54,55167.176,49826.29,45434.887
54873.01,56157.76,50812.3,46318.01
56028.02,57111.94,51322.47,47278.0
57624.61,58010.836,51975.51,48367.766
61001.42,59046.574,53728.75,49759.92
62938.4,59912.227,56967.61,51590.8
64716.42,60660.176,58545.5,53794.324
66174.87,61288.023,60240.43,56040.19
68082.23,64436.72,62234.1,58123.633
69374.29,65442.04,64383.96,59252.695
70357.23,66177.78,65325.97,61115.21
71198.79,66701.99,66377.72,62764.047
71793.38,67343.47,67158.39,63955.64
72108.67,67580.39,67815.42,64534.844
72508.39,67726.85,67877.62,65139.633
72574.91,67780.2,67801.73,65488.49
72597.17,67963.266,67826.43,65685.44
72252.13,67854.38,68172.69,64967.08
72314.24,67739.03,68338.18,64908.04
72283.25,67649.92,68489.2,64915.01
71504.67,67534.97,68530.45,65034.797
71902.26,67460.375,67820.95,63898.03
71889.74,67377.266,67442.27,64130.996
71838.79,67243.086,67372.43,64445.375
72128.71,67114.04,67488.62,64811.79
72632.88,67151.016,66824.02,63989.758
72681.71,67156.17,66631.13,64127.63
72609.71,67122.37,66714.08,64238.86
72505.24,67159.664,66448.34,64341.836
72000.56,67161.76,66129.49,63526.793
71885.01,67114.59,66003.25,63445.914
71701.92,67082.82,65871.84,63378.68
72097.81,67282.195,65579.15,63367.066
71984.41,67342.164,66282.51,62636.32
71232.32,67332.61,65715.92,62413.63
70488.51,67319.9,65264.41,62209.207
70246.49,67526.984,64922.98,62001.008
69933.81,67533.39,65373.88,61608.266
69489.78,67505.34,65024.27,61348.797
69148.62,67415.92,64619.15,61081.5
69345.63,67486.65,64373.32,60783.668
68527.28,67533.234,64598.78,60753.61
68359.37,67504.86,64326.35,60514.258
67952.41,67428.8,64609.04,60335.97
68299.52,67702.56,64876.82,60271.848
68756.9,67576.164,65330.9,61537.875
69439.91,67439.77,65724.55,61951.758
70021.05,67355.82,66817.96,62681.11
70967.75,67605.8,67725.13,63504.555
71674.35,67518.625,67570.11,64752.734
72041.86,67390.21,67891.33,65122.87
72108.92,67268.18,68085.62,65296.664
70784.89,66866.945,68170.34,65272.473
70302.05,66801.625,67680.98,65105.355
69856.27,66653.41,67448.09,64862.797
69583.77,66498.82,67369.87,64646.13
69422.13,65567.72,67145.36,64376.426
68894.83,65389.266,66763.4,63825.566
68339.12,65153.047,65567.82,63337.19
67314.18,64891.508,65037.39,62704.01
66581.98,63867.45,64718.2,61936.31
65614.19,63518.266,63028.08,60767.83
64533.78,63159.914,61572.79,59561.477
63429.99,62779.695,60714.86,58499.633
62693.17,61788.53,59684.69,57480.207
61703.38,61348.848,58410.51,56540.723
60850.45,60918.73,57673.85,55452.027
59855.38,60507.227,57332.41,54545.89
60038.92,59338.91,56243.76,53755.86
59224.91,58861.43,55640.8,54589.19
58194.25,58429.387,55087.82,53532.562
57273.38,58046.797,53958.26,52687.22
55943.32,57401.75,52934.38,51662.69
55140.86,57112.73,52213.14,50287.41
54354.67,56863.164,51272.48,49152.777
53375.22,56655.64,50086.65,48110.58
52758.65,56194.277,49005.87,47104.973
52278.87,56027.746,47778.64,46092.207
51812.06,55886.32,47340.3,45177.18
51335.45,55767.133,46609.41,44429.56
50731.86,53846.055,46343.78,43780.516
50321.04,53305.824,46164.7,43363.293
49858.63,52963.73,45952.16,42897.03
49802.54,52674.184,45840.27,42500.125
49382.92,52543.5,45315.96,42246.223
49422.75,52407.746,45027.04,42085.32
49416.23,52349.973,44598.63,41969.35
49372.35,52368.582,44551.07,41926.586
49576.12,52531.64,44535.15,41958.516
49517.05,52690.06,45094.5,42075.004
49675.8,52886.574,45115.14,42246.633
49975.06,53115.54,45650.22,42497.92
50320.83,53452.574,45727.98,42829.812
50787.02,53758.51,46072.53,43273.504
50833.13,54084.945,46321.49,43758.68
51514.13,54410.375,46779.89,44295.76
52473.54,54877.36,47440.21,44870.973
53032.54,55306.133,48543.94,45544.81
54175.08,55741.836,49208.86,46221.766
55412.7,56211.426,50083.4,47004.223
58248.31,56911.41,52089.84,48018.7
60243.73,57520.145,54399.38,49433.227
62239.37,58128.637,55849.25,51139.01
63913.29,58714.555,56952.97,52947.266
65851.85,61692.848,58596.66,54651.78
67182.39,62435.016,60473.78,57244.65
67776.16,63026.35,61871.79,58620.3
68440.34,63475.992,62891.25,59762.477
69022.71,64150.945,63504.63,60755.66
69329.11,64433.895,64122.56,61569.59
69781.0,64633.34,64269.57,62163.18
69801.45,64783.453,64304.9,62550.36
69583.39,65110.42,64304.85,62818.434
69741.49,65202.188,64249.04,62844.94
70313.18,65277.758,64396.85,62970.89
70496.84,65328.23,64566.91,63051.477
70605.76,65463.355,65039.12,63190.395
70663.9,65524.09,64767.6,63271.035
71016.95,65568.77,64177.63,63411.78
71291.66,65608.05,64019.41,63608.35
71703.85,65707.56,64017.09,63806.902
71718.42,65786.04,63827.15,63864.5
71815.18,65826.4,63968.65,63842.83
71690.53,65865.23,64053.38,63733.406
71597.41,65983.12,63830.85,63517.484
71306.25,66050.57,64027.18,63021.426
71110.68,66088.06,63928.04,62449.51
71059.78,66108.36,63614.71,61907.992
71189.54,66243.99,63347.67,61455.12
70836.3,66291.79,62931.84,60933.543
70564.92,66317.195,62397.55,60336.418
70040.11,66340.42,61988.89,59831.934
68947.83,66395.305,61639.74,59473.95
68749.55,66406.664,61884.64,59264.78
68858.93,66405.76,61218.91,58850.008
68956.12,66385.51,60892.97,58561.203
68756.66,66426.14,60779.25,58356.668
68600.94,66411.84,61074.74,58416.184
68445.83,66371.086,60239.45,58309.87
68190.17,66314.89,60427.77,58429.81
68877.79,66735.12,60596.26,58757.73
69253.2,66632.14,61198.91,59822.2
69888.16,66492.69,61487.08,60780.97
70567.93,66344.65,62223.82,61690.586
70834.23,66541.836,62761.88,62377.438
71194.13,66340.336,63419.98,62945.586
71120.75,66116.266,62998.99,63154.324
71006.25,65904.78,63003.45,63224.25
71142.84,65292.824,63134.59,63167.074
70907.59,65035.324,62747.96,62761.766
70782.04,64783.312,62221.69,62403.426
70587.14,64545.188,62022.67,62006.88
70140.69,63592.273,61427.37,61545.934
69499.86,63315.547,60733.84,60686.445
68736.11,63036.758,60345.18,60013.613
67909.92,62757.23,59392.96,59303.41
66701.52,61821.406,58839.14,58552.035
65539.53,61491.414,57410.65,57349.062
64513.49,61176.625,56476.98,56313.64
63591.36,60875.117,55559.49,55351.94
62854.79,60069.668,54744.18,54455.355
62353.07,59790.203,54009.36,53393.035
61449.66,59543.746,53424.48,52522.39
60702.47,59327.355,53087.06,51816.49
60251.07,58388.54,52418.23,51174.37
59445.64,58073.535,52152.75,51334.523
58416.92,57821.164,51714.61,50500.082
57751.55,57616.516,50825.55,49709.504
56620.24,57101.22,49959.58,48804.492
55576.14,56941.355,48690.81,47885.234
54692.74,56806.734,47648.44,46898.53
54179.05,56688.13,46729.05,46004.387
53313.14,56252.87,45528.73,45176.637
52743.82,56140.906,44483.64,44384.73
52256.83,56046.207,44073.1,43659.195
51767.75,55965.547,43495.72,43058.47
51237.69,54001.85,43098.13,42537.86
50846.17,53438.445,42650.95,41445.668
50674.98,53075.52,41881.28,41102.594
50386.45,52782.703,41818.43,40741.086
49674.75,52573.27,41708.39,40378.1
49714.48,52443.14,41506.66,40075.836
49907.89,52419.25,40954.79,39829.684
49998.03,52491.535,40824.41,39665.832
50297.95,52644.113,40722.28,39576.438
50519.09,52886.055,40118.51,39591.996
50598.57,53175.22,40278.45,39598.78
50479.77,53499.613,40564.51,39634.83
51100.24,53896.62,40609.34,39688.836
51408.43,54346.25,40991.58,39818.594
51752.13,54806.934,40964.01,39900.27
52275.45,55289.008,40896.74,39987.17
53737.17,55887.89,41459.34,40080.6
54576.33,56507.82,42274.23,40271.297
55361.58,57124.516,42221.6,40434.082
56951.78,57726.145,42739.24,40629.555
59492.55,58507.03,42559.36,40888.664
61628.45,59091.66,43207.09,41323.562
63537.42,59604.227,43627.14,41790.344
65197.26,60028.535,43906.82,42384.48
67043.67,62912.42,44256.53,43105.516
67901.03,63375.42,45334.82,44224.555
68580.66,63727.875,46210.3,45703.723
69033.34,63979.95,47312.93,47098.7
70002.15,64503.094,48087.18,48438.43
70348.92,64643.96,49679.84,49610.094
70524.57,64742.95,50539.4,50660.742
70472.9,64778.27,51414.69,51496.457
70089.77,65047.45,52103.71,52099.48
70291.14,65037.79,53617.07,52081.67
70634.81,64991.28,54067.44,52467.516
70670.31,64939.348,55066.14,52838.2
70890.17,65108.875,55423.55,53204.91
70796.91,65112.4,55374.13,53444.33
70892.46,65101.65,55500.95,53718.215
71130.05,65112.824,55345.02,54015.13
71267.26,65275.79,55281.27,54272.52
71340.01,65287.176,54817.31,54482.555
71422.23,65305.945,55388.0,54612.336
71275.35,65304.72,56231.89,54698.66
71087.13,65467.23,56302.7,54729.715
70770.09,65488.906,56648.77,54694.582
70612.98,65514.086,56364.14,54525.36
70485.76,65533.38,56364.43,54404.117
70780.86,65797.91,56041.8,54270.344
70605.89,65889.41,55592.42,54175.45
70298.18,65917.37,54981.3,53858.207
69715.08,65906.27,54529.99,53535.543
69463.16,66057.8,54284.95,53224.77
69493.93,66129.99,54157.54,53162.97
69227.1,66224.26,53978.97,52823.105
68953.95,66290.11,53503.12,52532.582
68912.79,66421.0,53409.36,52232.203
68837.9,66524.586,54181.37,52577.98
68908.5,66617.1,54295.95,52467.305
68717.87,66665.75,54532.93,52488.637
68767.54,66832.31,54527.63,52645.41
69161.17,66880.266,54919.15,53840.42
69782.36,66897.445,55835.27,54206.004
70758.51,66920.92,56794.23,54702.688
71462.25,66982.89,57719.67,55241.742
71704.62,67036.6,57828.89,56262.535
71769.0,67072.85,58218.45,56753.883
71846.31,67083.39,58710.01,57186.703
71528.43,66589.67,59131.78,57492.266
71327.93,66563.016,58941.51,57819.297
71001.91,66498.49,58586.39,57744.805
70549.7,66460.125,58400.42,57542.305
69570.56,65532.703,57986.19,57212.664
68775.26,65382.88,57253.64,56887.246
68294.9,65220.617,56518.36,56366.414
67919.65,65032.574,56029.99,55810.953
66817.64,63985.96,55533.39,55217.676
65571.75,63698.06,54914.15,54548.418
64344.4,63392.16,53854.58,53749.676
63448.29,63045.29,52877.07,53052.137
62844.21,61972.375,52119.13,52438.383
62350.37,61539.19,51655.29,51662.03
61568.79,61107.062,51211.97,51098.664
60614.44,60675.46,50490.94,50654.336
60261.24,59336.145,49889.09,50203.59
59825.74,58720.816,50170.33,50876.242
58838.17,58200.87,49698.21,50302.574
58062.29,57735.164,48861.63,49676.977
57300.69,57011.586,47943.59,48898.137
56274.62,56660.195,47156.9,47830.062
55277.06,56358.15,46386.49,46891.83
54640.18,56118.13,45827.99,45991.36
53475.86,55642.5,45198.13,45123.184
52865.16,55470.67,44741.25,43985.23
52543.61,55313.65,44043.95,43003.64
52123.45,55183.97,43695.45,42093.65
51533.86,52632.098,43292.75,41257.58
51018.97,51789.75,42646.05,39675.793
50773.3,51206.504,42044.95,39120.625
50422.73,50822.86,41778.32,38786.547
50285.17,50663.895,41483.95,38527.746
50134.3,50596.51,41348.79,38268.223
50106.32,50651.57,41572.01,38028.84
50302.81,50817.086,41615.8,37820.098
50015.21,51172.055,41225.75,37681.78
49983.93,51510.617,40696.38,37605.195
50206.45,51928.062,40484.68,37629.125
50513.18,52419.008,40269.95,37696.9
51187.95,53067.0,40398.89,37796.547
51415.13,53712.67,40677.46,37842.32
52001.9,54354.613,40618.15,37902.58
52691.71,54989.402,40813.62,37957.453
53598.73,55777.93,40771.59,37997.83
54194.36,56355.984,40844.09,38033.945
55159.66,56855.14,40815.02,38051.492
56614.92,57266.938,40642.92,38076.406
59766.05,57936.375,40462.66,38107.938
61916.1,58245.664,39817.73,38169.04
63679.66,58518.82,39976.32,38201.652
65376.0,58743.11,40036.36,38241.055
66955.25,61570.586,40287.29,38295.44
68108.06,62026.62,40649.85,38989.344
68788.78,62355.18,41085.04,39269.816
69190.14,62614.996,41756.02,39779.656
69499.37,63286.56,42584.93,40555.227
69939.13,63473.324,44471.18,41500.47
70041.28,63602.77,45028.11,42669.324
70196.01,63687.312,45452.3,43965.516
69989.97,64053.715,46351.12,45286.89
70378.63,64090.08,47231.34,46341.203
70499.43,64071.406,48018.11,47437.812
70751.89,64043.645,48721.26,48409.11
70885.51,64037.062,49136.72,49243.258
71109.1,64042.75,49247.53,49622.586
71120.2,64050.46,49440.66,50220.215
70890.24,64063.727,49905.59,50840.617
71205.41,64123.355,50590.77,51486.55
71322.76,64218.523,51823.19,51873.76
71423.4,64300.45,52597.96,52219.016
70934.94,64384.11,53022.26,52457.773
70800.62,64752.68,53278.0,52602.465
70713.64,64915.336,54012.19,52675.21
70610.55,65047.688,53885.3,52579.504
70411.46,65141.18,53547.34,52361.086
70595.47,65672.9,53156.8,51985.94
69914.81,65810.73,52676.44,51738.984
69499.65,65900.19,52116.73,51236.918
68890.48,65985.52,51692.22,50798.133
68114.8,66349.33,51362.26,50439.81
68087.78,66459.46,50667.22,50415.22
67887.58,66561.96,50277.21,50089.39
67417.25,66687.38,49970.07,49855.258
66892.26,66945.7,49665.64,49695.56
66470.97,67039.09,49844.29,49921.34
66432.1,67110.39,49553.66,49826.414
66287.43,67190.59,49562.59,49835.75
66803.37,67552.77,50151.86,49954.168
67743.86,67616.76,51414.59,50460.67
68510.96,67662.24,52102.22,50870.71
69678.06,67720.57,52882.47,51449.656
70386.02,67735.7,53572.22,52055.84
70157.93,67813.04,53879.29,53040.555
70141.84,67883.77,53853.86,53501.86
70133.12,67945.53,54325.17,53903.258
70512.96,67152.61,54526.99,54194.62
70023.11,67198.414,54496.97,54716.42
69898.91,67246.445,54462.37,54732.902
69619.47,67261.53,54334.9,54695.715
69072.88,66297.88,54308.31,54550.04
68252.99,66282.93,53966.95,54445.426
67565.72,66218.12,53353.26,53962.53
66533.95,66136.195,53122.09,53472.96
65163.48,65131.73,52552.26,52924.69
63916.14,64983.78,52182.78,52351.21
62859.55,64799.54,51523.34,51651.844
62422.55,64585.91,50628.74,51139.78
61448.08,63514.074,50263.8,50651.402
61036.68,63196.176,49897.0,50092.85
60544.83,62907.926,49509.71,49533.12
59448.56,62600.35,49149.21,49171.414
58737.73,61506.883,49202.79,48829.613
57861.28,60931.875,49904.49,49184.32
57113.75,60417.03,49372.37,48642.75
56165.57,59925.562,48376.52,48050.445
55057.19,59090.742,47863.5,47240.273
53950.98,58669.746,46781.48,46444.543
53066.81,58287.426,45932.38,45555.227
52359.36,57932.715,45012.2,44860.0
51108.77,57294.742,44607.99,44225.367
50613.25,56996.195,43660.75,43682.887
49875.67,56724.81,43079.49,43061.242
49334.35,56497.72,42752.15,42500.97
47947.29,52242.508,42001.34,41987.83
47544.68,51113.258,41090.24,39591.21
47007.05,50180.492,40462.07,39146.02
46961.75,49432.312,40219.82,38889.445
46640.91,48902.71,40152.73,38706.906
46603.26,48526.203,39543.25,38511.652
46384.18,48294.32,39386.47,38421.055
46273.16,48135.125,39334.33,38376.973
46416.04,48025.758,39250.07,38373.918
46335.97,47986.51,39184.24,38361.883
46346.12,47977.88,39395.38,38451.543
46470.93,47987.277,39786.08,38602.49
46567.61,47987.277,39713.98,38832.406
46561.44,48025.67,40260.13,39080.387
46300.84,48069.11,40758.76,39503.406
46042.28,48090.723,41269.16,40031.01
46240.31,48095.508,41693.67,40652.586
46110.87,48120.12,43110.23,41348.11
46156.29,48136.57,43347.97,42154.188
46755.75,48152.582,43787.99,43123.73
47200.84,48244.445,43916.07,44423.43
47722.42,48354.41,45226.24,45872.336
48251.59,48479.367,45887.53,47414.566
48963.99,48619.227,46494.0,49000.406
50715.43,49929.113,47406.75,50559.297
51662.44,50284.41,49017.75,51352.367
52695.95,50662.656,50014.26,52914.957
53038.05,51018.8,51037.01,54253.406
54231.59,51306.914,52098.64,55535.984
54917.32,51590.47,52909.72,56627.613
55983.84,51828.863,53370.43,57660.375
56929.71,52053.79,53878.04,58583.656
57805.42,52212.797,54066.94,59058.2
58118.66,52461.48,54060.55,59400.957
58435.99,52674.63,54361.11,59854.633
58830.32,52861.01,54794.06,60295.945
59222.45,53073.445,55361.9,60840.36
59307.49,53294.844,55454.26,61074.875
59572.15,53467.543,55375.54,61655.83
59598.15,53603.668,55268.12,62187.87
59813.59,53850.492,55604.39,62745.293
59904.58,54089.062,56518.52,62899.51
60113.54,54276.8,57086.43,63156.277
59939.99,54415.156,57648.67,63314.387
59740.58,54756.21,57805.26,63479.758
59592.88,55031.93,57896.23,63172.324
59083.45,55214.152,57707.9,63129.926
58632.75,55331.64,57614.22,63112.645
57749.11,55698.94,57182.92,63125.91
57209.74,55847.5,57042.23,62709.965
56748.62,55909.254,56747.11,62504.523
56012.84,55909.777,56341.04,62280.695
55861.66,56219.105,56148.69,62062.082
55658.76,56159.824,56056.53,61614.78
55541.96,56049.79,55837.67,61294.34
55419.45,55913.316,55624.92,61010.89
55619.9,56200.434,55809.64,60793.32
55582.41,55932.18,55855.79,60585.992
55617.78,55687.348,55446.72,60365.88
56108.47,55452.78,55094.79,60231.863
56656.26,55760.188,55247.23,60184.934
57685.92,55421.145,55545.01,60435.934
58835.04,55197.93,55953.16,60559.3
59630.64,55036.438,57011.75,60759.68
60255.01,55293.07,57994.21,61080.22
60547.32,55151.453,58627.87,61957.004
60913.49,55061.934,58751.75,62246.48
61089.24,54998.4,58799.57,62444.723
61315.6,55330.53,58781.28,62544.457
60990.48,55283.734,58790.23,62858.656
60430.87,55262.004,58646.0,62741.742
59981.13,55255.305,58581.18,62528.543
59491.9,55589.01,58077.8,62262.934
58874.7,55576.79,57133.7,62130.234
58419.74,55564.523,56376.47,61575.234
57573.54,55535.223,55826.48,60875.406
56089.09,55627.363,55185.12,60045.996
55057.02,55578.484,54195.34,59292.895
54219.77,55507.04,53034.62,58071.355
53450.45,55424.562,52322.24,56976.566
52638.05,55162.062,51658.7,56013.08
52325.38,55045.203,51399.75,55427.86
51791.41,54931.97,50663.86,54587.19
51578.69,54824.906,49911.58,53872.676
51871.47,54380.97,49834.54,53230.457
51549.59,54132.9,50050.58,53978.176
50754.51,53908.117,49562.5,53191.105
49954.18,53709.496,48709.35,52308.523
49108.72,53465.457,47687.27,51157.668
48520.95,53309.57,46235.6,49718.164
47919.05,53148.04,44882.59,48553.125
47224.42,52990.9,44102.42,47480.742
46134.03,52764.703,43642.44,46538.273
45337.0,52595.8,41827.01,45555.492
44932.18,52414.145,41119.63,44827.434
44472.51,52231.836,40650.36,44235.57
43874.51,49537.055,39821.91,43720.04
43190.57,48591.875,39025.06,42733.438
42764.78,47906.484,38768.86,42429.3
42842.24,47338.17,38073.58,42204.477
42709.84,46960.574,37990.25,42058.484
42585.1,46656.082,38596.08,41879.54
42283.58,46439.805,38619.68,41716.797
42406.08,46277.97,38535.2,41635.84
42580.56,46205.984,38335.62,41601.176
42261.32,46144.863,38347.72,41610.508
41989.26,46090.48,38237.61,41651.11
42294.68,46047.9,38229.66,41734.86
42733.81,46048.36,38536.42,41917.492
42619.51,46066.438,39492.35,42227.367
42736.45,46080.473,39295.71,42585.023
42749.55,46096.01,39387.66,43029.547
42455.63,46133.977,39520.42,43568.94
42242.44,46149.9,40123.34,44267.062
42147.08,46155.074,39978.46,45018.938
41739.82,46156.305,40147.26,45783.51
41674.02,46174.977,40321.17,46603.645
41802.78,46186.79,40787.04,47894.867
41913.33,46201.438,40625.59,49406.97
42236.36,46218.168,40807.91,51126.164
42889.34,47226.348,41342.34,52987.113
43346.06,47350.105,42510.41,54223.082
43822.19,47485.984,43296.93,56269.266
44321.45,47620.55,43839.28,58011.55
45693.6,47804.484,45005.79,59491.984
47083.4,48023.09,45906.88,60360.535
48067.22,48292.133,46373.48,60920.035
48896.85,48586.406,47362.5,61307.445
49600.48,48875.543,48130.76,61585.203
50594.93,49218.816,48908.68,61395.355
50872.33,49581.363,49485.66,61599.28
51169.39,49924.363,50232.88,61735.555
52309.94,50336.39,51305.53,62007.055
53049.8,50731.88,52513.19,61973.555
53245.52,51115.082,52886.81,62368.785
53621.16,51466.87,53127.32,62782.723
54420.03,52000.027,53573.81,63152.543
55366.44,52375.797,54100.13,63072.637
55444.27,52710.113,54407.73,63272.367
55435.65,53000.61,54211.27,63431.35
55163.41,53572.633,53854.54,63606.79
55051.5,53902.914,53811.7,63360.35
54337.23,54197.34,53554.42,63384.46
53558.34,54455.277,53670.06,63396.305
53079.65,54969.414,53242.54,63345.414
52489.71,55259.2,52965.63,62950.816
52395.89,55458.832,52669.97,62641.523
51847.51,55584.36,52539.2,62419.047
51630.74,55853.65,52415.22,62262.75
51448.25,55908.17,51695.33,61988.492
51253.42,55879.75,50910.76,61766.81
50835.95,55780.58,50740.9,61627.07
51298.33,55952.55,49950.26,61511.98
50773.64,55803.188,49670.15,61438.86
50934.67,55627.812,49278.2,61297.246
50774.42,55428.582,49284.9,61219.1
51937.08,55730.938,49685.89,61233.297
52857.5,55483.637,49774.39,61546.344
54149.62,55249.37,50040.54,61771.0
55189.86,55056.207,50729.67,62191.043
56555.13,55323.03,51309.08,62649.445
57176.49,55132.934,52049.02,63473.754
57801.93,54966.074,52608.11,63702.617
58045.95,54835.723,52493.56,63820.332
58258.18,55186.773,52077.04,63860.83
58060.22,55085.76,52291.6,63901.92
57713.69,55017.59,51666.65,63738.89
57503.22,54954.34,51172.81,63475.766
56275.92,55024.258,50472.45,63127.066
55559.68,54954.703,49766.9,62710.934
55188.64,54867.652,48765.97,62171.41
54701.28,54785.89,48295.94,61499.516
54122.96,54522.62,47797.07,60671.152
53417.55,54416.754,46791.54,59785.98
52599.65,54317.54,46081.54,58511.85
52211.12,54217.117,46007.62,57351.406
51937.21,53935.227,45688.26,56343.44
51480.52,53818.297,45643.17,55668.527
51212.8,53701.75,45588.37,54656.46
51342.98,53597.883,45432.9,53799.047
51654.97,53297.67,45030.04,52993.664
51139.69,53025.56,45090.02,52847.797
50328.53,52807.14,45028.22,51895.656
49431.91,52612.566,44690.81,51006.973
48647.17,52374.344,44275.55,50005.14
48064.63,52204.06,43645.88,48944.953
47608.47,52045.016,43004.2,47842.26
46942.51,51901.51,42326.18,46849.957
46190.34,51686.832,41830.89,45936.152
45839.95,51521.24,41337.23,45140.508
45379.77,51368.566,40826.37,44382.406
44743.83,51219.1,40336.19,43777.023
44852.95,50986.008,39742.75,43261.297
44754.6,50465.26,39074.88,40335.68
44563.28,50182.695,38383.92,40342.62
44341.83,49928.8,37856.74,40306.742
44284.42,49710.35,37574.65,40364.844
44352.5,49527.125,37247.42,40497.414
44428.75,49424.438,37012.17,40514.71
44472.85,49394.58,36747.16,40509.133
44512.59,49441.953,36736.89,40480.71
44530.12,49542.98,36783.95,40485.6
44815.15,49682.734,36643.98,40398.312
45126.89,49853.53,36636.79,40281.15
45636.93,50117.43,36481.64,40149.92
46038.13,50385.92,36384.25,40071.438
46735.11,50668.613,36411.64,39943.39
47380.4,50983.156,36782.67,39830.652
48618.65,51403.746,36876.57,39725.375
49277.26,51829.5,37166.42,39687.1
50637.53,52253.195,36978.69,39613.11
52293.01,52728.484,37075.6,39547.156
55760.26,53406.062,37090.32,39500.797
58385.31,54114.945,37016.75,39568.87
60715.97,54870.543,36891.52,39601.105
62671.23,55666.754,36809.33,39665.33
65208.75,59252.17,37378.42,39767.445
66099.63,60506.125,38047.9,40929.83
67334.0,61587.81,38288.62,41251.414
67671.91,62500.035,38714.0,41620.344
68532.45,63597.12,39485.5,42018.266
68952.21,64247.586,40737.01,42531.84
69362.68,64751.492,41598.77,42996.344
69586.13,65137.227,42229.48,43462.227
69227.68,65640.32,43255.71,43899.527
69400.36,65873.25,44936.81,44363.14
69741.65,66040.25,46133.85,44723.42
69929.1,66170.484,46604.72,45042.46
70413.13,66398.484,47288.15,45319.758
70393.06,66508.41,48033.63,45609.93
70655.7,66583.734,48770.92,45806.05
70737.12,66648.26,49197.05,45975.953
71009.17,66814.04,49641.65,46121.957
71320.33,66892.5,50070.25,46301.71
71501.5,66944.81,50864.69,46418.27
71385.42,66978.49,51117.28,46540.867
71072.53,67155.57,51140.05,46668.86
70980.08,67213.03,51201.71,46843.47
70945.77,67242.984,50740.2,46962.867
70967.04,67265.39,50306.08,47102.016
71259.97,67422.63,49799.26,47225.867
71008.13,67458.74,48317.85,47377.207
70578.91,67466.52,47865.63,47434.664
70128.29,67467.9,47491.49,47460.562
69783.13,67522.71,47291.08,47442.453
69810.39,67521.5,46817.75,47412.76
69589.14,67493.43,46411.68,47275.137
69363.13,67460.57,46166.43,47149.0
69683.75,67416.82,45872.49,46999.965
69466.03,67367.695,45923.08,46915.35
69153.26,67297.48,45839.73,46830.547
68818.82,67216.516,45418.02,46766.324
68853.07,67333.86,45007.66,46782.875
69209.32,67216.25,44822.68,46890.07
69832.55,67081.42,45042.53,47015.668
70187.08,66952.086,45629.34,47181.875
70351.79,67105.37,46447.6,47377.473
70549.62,66923.945,47277.51,47604.73
70780.42,66716.57,47355.37,47790.87
70534.48,66509.12,47834.14,47973.547
70727.67,66180.17,48055.38,48140.92
70440.22,65927.125,48460.07,48286.89
70207.34,65662.64,48278.26,48389.848
69831.33,65412.35,48305.03,48437.266
69707.14,64457.418,48144.71,48469.28
68831.28,64164.69,47887.56,48459.07
68225.73,63873.543,47432.25,48375.78
67866.3,63592.117,47258.04,48240.023
66882.69,62559.562,46859.04,48058.133
65656.04,62228.547,46395.19,47819.92
64693.08,61902.137,45651.2,47512.312
63758.77,61581.562,44925.65,47175.85
62875.5,60679.168,44906.05,46827.297
62150.94,60332.836,44516.15,46490.434
60990.21,60013.594,44507.98,46158.98
60146.51,59725.285,44299.37,45863.582
60077.17,58729.82,43968.03,45605.508
59326.72,58368.344,44451.98,45115.4
58253.1,58048.13,44285.45,44715.14
57239.44,57777.1,43730.24,44258.023
56316.26,57250.69,42986.83,43811.656
55332.75,57063.363,42968.79,43409.68
54104.8,56900.074,42501.2,43017.883
53387.72,56758.703,41616.5,42640.594
52692.16,56349.832,41073.01,42264.17
51910.72,56229.316,39412.22,41899.805
51388.04,56129.37,38800.43,41550.71
50826.29,56036.777,38305.61,41238.79
49829.51,53722.125,37903.65,40961.254
49713.17,52884.227,37512.53,39554.312
49274.76,52275.234,36987.28,39166.758
49167.7,51748.016,36713.51,38847.93
48843.35,51398.78,36423.17,38557.914
48611.19,51145.016,36633.32,38326.086
48516.67,51007.387,36280.2,38068.86
48638.43,50967.39,36244.45,37829.562
48975.5,51060.58,36171.69,37610.36
49256.14,51226.125,36065.86,37456.86
49443.33,51457.5,35896.95,37296.055
49551.61,51737.94,36003.18,37163.54
50294.72,52074.8,36037.75,37056.492
50345.8,52476.664,36787.08,37019.242
50938.2,52915.082,37171.31,36964.45
51321.64,53410.348,37055.51,36933.113
52762.0,54009.094,36871.82,36920.67
53469.72,54667.04,37208.82,36972.934
54353.58,55335.98,36966.71,37018.14
55841.38,56004.098,37003.76,37092.938
58454.25,56817.35,36753.17,37198.08
60672.24,57465.95,36862.53,37388.17
62652.23,58039.867,36859.41,37559.234
64577.18,58525.91,36618.24,37744.438
66692.29,61935.715,37025.32,37939.96
67860.18,62610.027,37772.61,39064.016
68864.52,63165.742,38217.32,39509.906
69504.44,63595.24,38690.44,40045.336
69876.92,64296.29,39420.24,40650.594
69950.04,64548.52,40351.93,41380.31
70007.57,64718.734,40711.8,42069.32
70275.0,64825.965,41205.84,42760.89
69616.29,65242.39,42092.72,43438.72
69752.82,65279.01,43332.02,44134.535
70161.64,65287.203,44077.49,44738.92
70504.18,65276.695,44619.38,45305.07
70606.94,65546.35,45041.1,45827.4
70192.46,65589.63,46020.07,46344.43
70520.15,65620.05,46420.48,46798.95
71090.3,65645.234,47173.57,47238.207
71376.26,65924.13,47617.97,47648.44
71608.75,66037.445,48203.74,48026.402
71562.53,66114.98,48606.36,48307.977
71324.74,66149.305,48946.43,48489.56
71117.82,66510.516,49252.06,48544.0
70964.08,66606.92,49476.44,48492.164
70917.35,66678.7,49205.84,48281.61
70699.86,66742.914,48671.57,47956.92
70300.5,67099.22,48081.66,47551.395
70356.89,67243.59,47822.3,47165.11
70152.74,67317.22,47388.74,46722.44
69530.6,67393.164,46917.4,46331.54
69636.41,67631.66,46517.64,45995.855
69911.04,67768.83,46266.32,45795.67
69632.52,67857.7,45943.67,45587.7
69428.22,67921.52,45763.46,45463.527
69491.94,67966.586,45587.83,45419.703
69194.97,67988.64,46086.42,45507.996
69031.79,68052.11,46073.61,45629.35
68794.32,68114.45,45863.32,45856.2
69231.56,68182.5,45858.23,46179.89
69912.69,68217.5,46634.13,46634.81
70469.14,68187.21,47101.63,47088.273
71171.34,68172.58,47909.8,47580.273
71723.71,68262.8,48622.15,48054.36
72139.12,68262.08,49037.36,48522.633
72347.51,68224.09,49286.12,48859.504
72130.12,68202.96,49444.61,49113.277
72056.35,67991.26,49532.15,49298.44
71765.86,68012.92,49357.43,49448.71
71713.8,68001.12,49220.54,49486.668
71366.6,67970.05,49128.72,49473.566
70770.19,67159.98,48901.35,49426.125
70211.28,67081.07,48891.41,49355.4
69848.09,66938.836,48369.78,49189.723
69587.19,66792.914,47872.44,48979.88
68273.02,65595.29,47524.49,48719.3
66924.95,65270.566,47058.84,48428.906
66262.65,64908.758,46597.86,48059.164
65458.39,64480.43,46182.38,47683.89
64616.89,63178.418,45766.63,47320.707
63620.19,62633.883,46368.09,46978.83
62558.72,62089.4,46243.92,46641.453
61521.43,61548.367,46133.91,46354.18
60533.4,60288.5,45964.6,46114.652
59856.11,59482.56,46775.82,45676.0
58938.31,58788.926,46343.05,45306.36
57677.86,58206.105,45814.85,44857.18
55803.84,57483.926,45038.03,44399.473
54626.23,57072.61,43931.58,43960.473
53472.75,56713.152,43048.16,43551.36
53024.08,56378.633,42179.27,43173.523
51921.75,55901.242,41490.55,42814.14
51229.84,55659.67,40534.41,42441.44
50880.01,55405.992,39934.43,42074.65
50317.95,55162.758,39764.87,41727.74
49221.13,52383.53,39318.03,41407.867
48607.72,51129.555,39047.39,39987.383
48432.46,50334.938,38575.15,39517.305
48744.12,49789.1,38289.57,39220.664
48289.75,49539.746,37989.4,39035.11
48109.86,49289.754,37953.27,38936.47
48130.75,49122.0,37843.88,38905.68
48339.64,49063.188,37696.94,38927.71
48929.44,49176.664,37668.64,38987.344
49085.46,49345.02,37714.58,39086.61
49085.39,49586.07,37720.86,39202.766
49346.92,49860.023,37755.18,39318.777
49896.15,50321.99,38004.37,39442.484
50423.43,50805.47,38342.55,39572.504
50891.64,51382.598,38543.99,39669.5
51406.07,52025.28,38945.71,39733.785
52948.54,52916.29,39149.07,39767.125
53631.91,53802.527,39521.94,39778.438
54592.99,54679.277,39900.39,39770.1
55835.97,55502.098,39990.96,39747.555
59103.07,56602.35,40363.41,39725.492
61426.68,57329.016,41486.41,39706.152
63544.32,57988.03,41865.07,39761.89
65195.38,58599.473,42663.37,39882.156
67353.5,62377.78,43577.93,40056.6
68796.98,63416.836,45186.96,40749.28
69754.71,64376.895,45937.24,41188.367
70316.45,65118.906,47024.59,41811.844
71368.69,66093.31,48146.35,42557.062
71890.33,66601.5,49269.56,43562.07
72424.37,67020.85,49672.07,44402.613
72555.58,67321.24,50302.48,45238.785
72165.48,67845.586,50901.1,46024.344
72572.98,67973.484,51723.11,46851.266
72822.06,68075.38,52444.9,47475.688
72970.91,68221.3,52995.89,48109.984
72892.21,68610.7,53182.6,48775.58
73168.31,68779.13,53730.2,49576.285
73410.01,68966.72,54025.52,50063.37
73458.42,69079.33,54119.62,50531.47
73802.14,69300.74,54126.6,51041.375
74082.55,69437.27,54247.5,51791.727
73930.39,69483.42,54518.38,52129.848
73668.47,69482.266,55038.98,52403.88
73291.78,69594.99,55231.94,52599.67
73180.84,69654.3,55417.82,52968.91
73248.8,69662.23,55362.06,52805.164
73140.96,69639.85,55163.0,52622.035
73500.42,69775.81,55149.52,52448.336
73558.72,69774.61,55427.78,52537.08
73186.91,69734.1,54789.6,52066.383
72747.63,69688.14,54397.17,51654.043
72474.44,69925.79,54053.51,51248.516
72307.19,69984.97,54159.03,51239.562
71649.71,70042.586,53868.5,50758.316
71319.01,70075.586,53869.82,50380.08
71717.58,70295.39,53650.72,50101.52
71541.98,70333.516,53814.42,50213.344
71265.24,70355.78,53540.5,50030.164
71160.27,70366.766,53707.42,49945.203
71356.43,70712.22,53948.06,49983.11
71843.55,70695.875,54044.03,50695.434
72533.54,70739.86,54519.48,51320.22
72972.39,70788.48,55463.53,52294.82
73571.24,71116.695,56495.06,53432.312
73875.65,71126.47,57041.41,55411.53
74237.56,71117.42,57272.78,56254.164
73616.9,71081.766,57399.95,56841.938
73281.28,70740.81,57634.94,57180.773
72963.61,70607.7,57287.88,57770.055
72814.81,70464.96,56922.64,57604.617
72803.68,70330.48,56560.57,57264.64
71801.45,69336.74,56276.1,56759.562
71245.49,69042.7,56140.72,56333.477
70424.3,68715.47,55209.25,55493.57
69733.21,68390.64,54912.13,54686.016
68058.07,67092.2,54484.12,53924.49
67136.08,66669.086,53268.39,53310.234
66280.55,66245.4,52341.06,52482.305
65292.07,65859.67,51342.19,51838.56
64245.28,64751.145,50361.15,51299.277
63413.66,64335.35,50133.12,50892.367
62418.3,63920.176,49769.32,50364.32
61428.99,63538.746,49267.05,49996.848
61060.84,62188.945,48835.02,49674.438
60358.14,61150.5,49073.06,49816.516
59244.43,60257.14,48469.17,49436.984
58193.33,59483.25,47711.7,49075.203
56847.46,58488.113,46893.61,48650.773
55551.94,57954.656,46311.15,48207.258
54744.19,57476.89,45746.09,47630.71
54130.92,57056.58,44803.48,47084.953
52820.71,56380.996,44204.01,46520.625
51785.99,55999.08,43312.45,45925.258
51017.12,55624.707,42692.25,45269.164
50468.52,55251.156,42029.15,44677.01
50133.39,52070.035,41814.44,44121.152
49629.09,51600.39,41198.17,43285.1
49396.54,51363.79,40857.28,42848.71
49059.62,51168.63,40641.19,42691.57
48813.09,51032.418,40557.54,42632.438
48843.43,50915.23,40463.16,42539.445
48829.61,50819.523,40412.87,42439.402
48924.95,50764.36,40375.44,42327.703
49095.19,50821.477,40118.33,42243.523
49313.37,50853.246,40089.52,42144.625
49238.11,50950.72,40121.94,42052.062
49472.95,51056.1,40260.62,41971.555
50093.49,51276.996,40333.98,41880.434
50617.39,51489.15,40725.35,41795.242
51377.05,51759.25,40881.18,41713.508
52222.88,52096.87,40936.67,41680.945
53517.8,52559.58,40988.05,41693.883
54284.24,53031.516,41207.68,41709.062
55586.5,53602.83,41095.14,41773.586
57274.88,54204.617,40996.36,41864.555
59670.58,55202.46,41057.66,41957.562
62393.66,55978.574,41120.94,42115.027
64209.01,56731.367,41347.45,42298.58
65968.92,57494.58,41339.33,42508.094
67265.78,61900.406,41682.62,42746.42
68662.32,63473.582,42831.93,43436.21
69609.82,64688.82,43342.2,44255.51
70078.13,65633.37,43901.47,44960.11
70472.48,66583.75,44929.77,45649.16
70798.33,67026.16,46110.71,46277.09
70966.51,67330.69,46630.66,46946.164
70904.05,67503.03,47198.14,47600.1
70373.06,67787.68,47918.93,48246.273
70559.8,67786.95,49208.98,48670.227
70703.74,67737.055,50020.16,49319.324
70546.27,67721.46,50660.34,49906.33
70798.8,68009.42,50961.82,50414.02
70797.21,68128.26,50403.13,50688.758
71466.05,68203.945,50489.33,51084.37
72231.69,68203.69,50811.43,51422.598
72206.37,68499.96,51023.19,51648.613
72232.83,68605.2,51025.93,51650.688
72861.31,68657.75,51364.71,51745.6
72567.45,68697.19,51719.36,51779.9
71716.61,69077.96,51750.85,51790.79
71714.04,69147.19,51642.3,51749.727
71782.48,69220.38,51526.45,51753.24
72181.99,69271.37,51402.48,51732.95
72299.64,69743.29,50974.4,51598.812
72029.71,69950.31,50834.35,51535.414
71669.66,70180.31,50460.49,51285.535
70900.7,70431.0,50087.41,51099.89
70515.24,70857.66,49899.66,50880.207
71095.03,70990.05,49424.18,50956.406
70912.61,71164.45,48936.79,50748.516
70982.64,71347.5,48784.94,50576.492
70946.93,71676.92,48958.45,50512.656
70275.17,71743.8,49710.91,51140.2
70214.85,71766.7,49686.99,51248.383
70250.67,71780.38,49836.5,51431.47
70572.1,71910.42,50197.9,51546.12
70827.14,71886.7,51081.69,52228.164
71576.25,71833.98,51847.79,52411.484
72243.65,71738.85,52902.97,52683.67
72279.04,71777.76,53989.46,53035.254
72613.74,71642.016,55220.96,53884.25
72325.6,71476.41,55536.68,54224.406
72517.58,71311.65,55865.73,54592.04
72072.39,70947.47,55985.94,54914.4
71792.72,70637.54,56044.04,55534.406
71412.05,70342.17,55794.09,55601.61
71016.01,69992.14,55661.2,55495.727
70623.78,69067.266,55282.58,55137.83
70112.42,68681.555,55067.4,54458.67
69529.78,68341.016,54285.34,53625.395
68710.31,67937.98,53913.91,53009.27
67966.2,66681.875,53283.02,52478.52
66807.68,66098.79,52544.44,52101.215
65848.43,65534.85,51588.6,51635.5
64659.01,65005.438,50757.45,51241.207
63573.87,63865.9,50083.72,50916.203
62909.99,63352.996,49692.84,50640.094
61628.55,62884.277,49299.05,50416.242
60661.89,62473.117,48859.7,50149.84
60389.14,61447.902,48483.17,50053.95
59635.68,60508.895,48739.93,50016.566
58705.19,59744.355,48352.65,49604.684
57815.06,59105.19,47718.32,49195.61
56512.29,58318.113,46862.41,48749.453
55711.04,57888.76,45613.64,48203.047
54984.03,57532.883,44946.6,47688.086
53987.19,57225.582,44327.02,47299.867
52895.24,56789.4,43679.44,46901.39
52331.72,56539.67,42966.35,46529.746
51124.39,56265.465,42367.59,46361.445
50030.19,55984.88,41883.76,46264.266
49267.8,52125.723,41323.17,46092.426
48744.46,51429.535,40490.68,43461.137
48773.93,50946.086,40098.85,42911.523
48811.16,50577.43,40092.35,42435.46
48756.93,50424.152,40126.02,42081.355
48825.91,50251.17,40039.16,41768.25
48776.69,50169.56,40197.36,41522.11
48926.48,50153.83,40107.23,41290.96
48515.59,50342.04,39955.3,41067.438
48631.66,50378.688,39704.18,40890.285
48730.35,50465.836,39544.84,40693.094
49095.27,50585.73,39535.87,40537.89
50173.56,50955.0,39205.18,40410.594
50846.55,51225.246,39181.75,40278.836
51494.78,51551.57,39315.67,40157.344
51780.75,51932.914,39500.73,40055.89
53007.41,52613.094,39300.77,39959.477
53749.79,53103.797,39395.92,39833.906
54938.57,53648.055,39226.99,39661.47
56476.98,54272.11,38963.56,39535.043
59513.24,55328.777,38774.09,39418.938
61791.29,56083.477,38259.45,39290.85
63801.22,56818.05,38168.65,39232.055
65516.29,57526.355,38333.76,39169.234
67531.39,61264.188,38326.75,39177.477
68836.13,62725.215,38634.59,40226.99
70023.64,63904.047,38838.68,40694.91
70692.45,64786.44,39316.78,41148.86
70827.27,65776.98,39833.95,41671.938
70662.54,66191.9,40893.06,42295.254
70923.32,66427.07,41504.95,42903.086
70967.21,66560.26,41982.59,43519.793
70089.9,66835.45,42653.5,44067.3
69620.58,66836.5,43720.45,44567.68
69858.6,66796.68,44557.55,45181.137
70256.83,66771.65,45222.76,45711.51
70285.59,66858.92,45558.7,46265.258
70754.76,66920.62,45443.19,46861.91
70639.74,66973.73,45874.4,47520.17
70948.39,67008.64,46163.09,48119.742
71105.99,67215.78,46647.25,48556.156
71285.1,67309.38,47075.67,48915.844
71496.2,67336.875,47978.08,49173.027
71266.37,67342.77,48817.41,49239.92
70882.42,67706.984,49169.65,49177.3
70605.78,67731.08,49765.27,49195.89
70069.86,67749.05,49658.31,49236.293
69928.87,67707.65,49329.34,49148.844
69799.99,68215.24,48642.2,49017.766
69744.06,68257.14,48207.27,49008.473
69633.08,68258.44,47567.73,48905.957
69248.65,68255.07,47447.83,48631.258
68120.47,68789.94,46942.54,48302.23
67597.37,68700.27,46633.05,48481.582
67120.26,68647.35,46401.26,48252.445
66608.28,68619.78,46195.93,47835.016
66477.95,68886.0,46016.87,47392.996
66038.72,68835.31,46634.49,47723.785
65651.13,68767.31,46541.91,47615.535
65508.61,68681.695,46662.28,47601.76
65952.83,69023.89,46844.31,47750.81
66198.4,68946.99,47934.65,48739.83
66586.02,68881.1,48697.1,49099.434
67887.3,68795.51,49650.16,49514.613
68831.07,68834.234,50695.56,49984.996
68748.13,68804.66,51904.0,51173.133
68263.09,68705.86,52349.78,51640.92
68674.68,68567.98,52426.12,52086.758
68425.06,67768.6,52648.82,52419.066
67841.42,67593.1,53096.34,52898.215
67633.24,67404.17,52981.91,52729.5
67285.8,67195.84,53045.38,52395.562
66920.8,66311.34,52707.03,51916.95
66168.24,66054.75,52605.84,51435.0
65470.79,65792.734,52161.16,50620.27
65017.87,65554.125,51854.46,49918.535
63870.86,64726.87,51149.25,49284.656
62889.24,64486.03,50926.2,48809.438
61843.25,64181.625,50040.41,48171.703
60742.0,63866.27,49330.5,47676.94
59992.87,63029.402,48925.32,47231.508
59233.09,62739.086,48402.12,46910.965
58304.21,62443.586,48262.68,46475.125
57622.36,62124.246,48231.93,46182.797
57378.14,61159.637,48552.59,45953.4
56819.09,60623.086,48836.88,45607.863
55930.28,60126.47,48225.64,45342.977
54899.97,59618.36,47524.35,45071.7
53550.83,58833.633,47211.26,44673.39
52518.22,58373.785,46296.56,44309.633
51753.61,57954.934,45411.16,43792.87
50937.54,57575.285,44909.83,43330.44
50168.57,56987.0,43967.5,42900.15
49434.3,56728.977,43331.98,42566.7
49021.57,56462.348,43487.44,42144.92
48630.33,56239.492,42871.9,41793.062
48196.99,52072.094,42413.72,41456.383
47718.77,51244.73,41684.33,39407.062
47467.88,50444.777,41278.32,39135.793
47199.78,49794.4,40963.07,38963.71
46801.63,49329.277,40626.37,38884.137
46354.38,48983.36,40373.15,38895.594
46280.85,48738.504,40063.59,38933.695
46131.22,48591.883,39808.5,38989.195
46083.34,48537.85,39859.5,39043.5
46019.51,48484.92,40212.26,39147.84
46033.84,48478.67,40318.42,39225.07
45848.89,48483.625,40275.35,39335.04
45850.13,48519.914,39971.13,39483.344
45921.58,48548.85,40629.16,39701.97
46078.15,48572.63,41065.13,39880.984
46025.93,48624.445,41320.28,40073.633
46068.54,48687.707,41440.39,40300.703
45844.21,48720.19,42375.37,40605.0
45906.79,48733.04,42749.95,40892.73
45902.47,48758.82,43018.66,41227.85
45770.94,48819.617,43234.87,41722.266
46182.07,48849.96,43894.42,42557.188
46514.35,48898.31,44596.65,43682.34
47082.48,48968.87,45464.96,44973.98
48536.55,49955.254,46438.86,46304.406
49787.04,50289.43,47795.47,47565.39
50611.32,50669.773,48202.83,49028.836
51310.12,50989.766,49311.39,50401.703
52506.78,51308.22,50002.28,51618.543
53502.44,51613.31,50994.44,52581.29
54397.84,51878.074,51174.89,53307.715
54868.38,52105.97,52028.39,53895.375
55077.32,52273.49,52625.07,54345.188
55675.87,52505.008,53198.0,54634.24
56110.1,52735.95,53840.99,54957.25
56435.3,52976.438,54314.11,55316.71
56722.64,53206.25,54482.36,55689.375
57046.16,53486.6,53647.97,55970.66
57243.69,53743.08,53341.87,56198.02
57127.67,54034.16,53536.53,56367.12
56953.35,54362.83,53373.73,56484.848
57291.2,54644.547,53166.16,56579.523
57028.43,54840.312,53509.58,56604.406
56909.31,55077.73,53799.89,56595.74
56673.62,55426.242,54040.52,56582.848
56553.17,55731.562,54199.29,56633.117
56426.05,55900.41,54277.26,56711.965
55766.88,56060.105,54002.93,56783.5
56091.75,56393.78,54077.67,56877.742
55923.65,56569.46,53388.99,56710.547
55321.78,56696.242,52681.32,56845.785
54773.45,56772.316,52248.34,56882.08
54628.75,57010.48,52291.84,56876.53
54267.42,56995.832,52711.1,56176.94
53931.67,56909.715,52495.28,56023.453
53671.36,56747.76,52220.94,55678.97
53332.23,56810.344,52298.16,55259.03
53434.75,56662.047,52820.61,54188.516
53382.25,56439.176,52612.39,53776.098
53492.53,56143.684,52653.63,53509.266
54758.68,56362.61,52790.47,53481.258
55829.55,56073.582,53410.58,54060.676
57113.73,55775.883,53870.67,54557.68
58220.55,55483.008,54648.57,55198.03
58646.26,55780.16,55897.18,55815.855
58754.78,55573.69,57720.63,56653.9
59053.32,55394.97,58340.33,56994.355
58957.9,55241.973,58514.81,57228.434
58754.91,55526.63,58512.89,57374.152
58545.45,55397.297,58888.11,57645.984
58199.9,55268.734,58674.88,57611.805
57798.37,55168.184,58449.51,57545.637
57649.74,55158.184,58244.14,57394.65
57231.81,55082.758,57671.7,57282.656
56567.06,55022.24,56982.32,56947.812
56095.99,54941.7,56746.04,56523.734
55296.13,54824.56,56307.12,56002.613
54132.59,54765.734,55191.51,55283.344
53183.9,54709.133,54233.36,54411.64
52764.69,54638.008,53473.14,53524.504
52337.98,54499.38,52937.33,52683.2
51965.87,54401.492,52377.87,51865.73
51205.78,54309.812,52039.83,51098.74
51029.71,54222.414,51803.86,50486.812
51341.44,53794.97,51524.9,49965.625
51048.78,53546.754,51596.25,49511.227
50192.25,53355.395,50922.87,48981.363
49611.62,53193.348,50169.18,48298.797
49218.17,53036.46,49606.21,47499.61
48375.55,52904.984,48913.1,46685.758
47683.62,52785.09,47648.84,45816.7
47062.13,52664.844,46750.3,45056.098
46740.33,52512.8,46214.91,44389.07
46740.33,52533.098,46214.91,44404.273
46740.33,52555.68,46214.91,44422.617
46740.33,52579.555,46214.91,44443.195
46740.33,52604.88,46214.91,44464.47
46740.33,52632.09,46214.91,44504.543
46740.33,52661.617,46214.91,44549.32
46740.33,52692.93,46214.91,44598.297
46740.33,52724.344,46214.91,44649.4
46740.33,52648.914,46214.91,44723.547
46740.33,52759.918,46214.91,44514.67
46740.33,52796.836,46214.91,44556.707
46740.33,52829.734,46214.91,44604.152
46740.33,52861.184,46214.91,44652.57
46740.33,52893.273,46214.91,44700.92
46740.33,52926.066,46214.91,44750.582
46740.33,52957.88,46214.91,44798.977
46740.33,52988.34,46214.91,44845.586
46740.33,53019.164,46214.91,44893.0
46740.33,53049.67,46214.91,44940.19
46740.33,53080.168,46214.91,44987.707
46740.33,53111.547,46214.91,45037.086
46740.33,53143.61,46214.91,45087.87
46740.33,53175.96,46214.91,45139.312
46740.33,53209.6,46214.91,45192.76
46740.33,53243.434,46214.91,45246.727
46740.33,53276.895,46214.91,45299.89
46740.33,53310.023,46214.91,45352.117
46740.33,53342.24,46214.91,45402.14
46740.33,53372.86,46214.91,45450.555
46740.33,53402.152,46214.91,45496.695
46740.33,53430.08,46214.91,45540.46
46740.33,53456.535,46214.91,45581.695
46740.33,53478.977,46214.91,45615.797
46740.33,53497.56,46214.91,45643.04
46740.33,53513.473,46214.91,45665.57
46740.33,53527.137,46214.91,45684.223
46740.33,53538.8,46214.91,45699.547
46740.33,53548.016,46214.91,45710.516
46740.33,53556.555,46214.91,45720.207
46740.33,53564.383,46214.91,45728.55
46740.33,53569.26,46214.91,45732.117
46740.33,53572.734,46214.91,45732.78
46740.33,53576.07,46214.91,45732.62
46740.33,53578.637,46214.91,45731.145
46740.33,53577.445,46214.91,45726.266
46740.33,53575.39,46214.91,45718.67
46740.33,53573.645,46214.91,45711.28
46740.33,53569.945,46214.91,45704.707
46740.33,53556.277,46214.91,45696.004
46740.33,53541.67,46214.91,45687.977
46740.33,53526.523,46214.91,45682.5
46740.33,53508.64,46214.91,45680.02
46740.33,53481.094,46214.91,45675.266
46740.33,53453.617,46214.91,45672.617
46740.33,53424.438,46214.91,45670.426
46740.33,53394.945,46214.91,45670.02
46740.33,53368.297,46214.91,45670.24
46740.33,53340.695,46214.91,45670.664
46740.33,53312.49,46214.91,45671.16
46740.33,53286.277,46214.91,45672.477
46740.33,53271.867,46214.91,45674.953
46740.33,53258.71,46214.91,45679.195
46740.33,53244.344,46214.91,45681.977
46740.33,53231.594,46214.91,45684.695
46740.33,53228.844,46214.91,45686.477
46740.33,53223.723,46214.91,45684.68
46740.33,53215.09,46214.91,45678.21
46740.33,53203.875,46214.91,45668.137
46740.33,53193.754,46214.91,45654.65
46740.33,53182.055,46214.91,45639.324
46740.33,53168.684,46214.91,45622.2
46740.33,53154.6,46214.91,45604.266
46740.33,53141.438,46214.91,45585.836
46740.33,53128.39,46214.91,45567.71
46740.33,53115.75,46214.91,45550.273
46740.33,53103.17,46214.91,45533.14
46740.33,53093.46,46214.91,45519.47
46740.33,53084.918,46214.91,45507.78
46740.33,53076.79,46214.91,45497.08
46740.33,53069.324,46214.91,45487.797
46740.33,53062.86,46214.91,45480.453
46740.33,53057.62,46214.91,45475.48
46740.33,53053.94,46214.91,45473.516
46740.33,53050.855,46214.91,45473.086
46740.33,53048.12,46214.91,45473.84
46740.33,53046.254,46214.91,45476.457
46740.33,53044.87,46214.91,45480.086
46740.33,53043.06,46214.91,45482.773
46740.33,53038.96,46214.91,45482.0
46740.33,53035.883,46214.91,45483.242
46740.33,53034.66,46214.91,45487.902
46740.33,53035.656,46214.91,45496.61
46740.33,53038.824,46214.91,45509.094
46740.33,53043.594,46214.91,45524.19
46740.33,53049.676,46214.91,45541.28
46740.33,53057.824,46214.91,45561.656
46740.33,53068.504,46214.91,45586.152
46740.33,53080.35,46214.91,45612.55
46740.33,53093.66,46214.91,45641.82
46740.33,53110.242,46214.91,45677.88
46740.33,53126.42,46214.91,45717.96
46740.33,53142.812,46214.91,45759.336
46740.33,53159.727,46214.91,45802.156
46740.33,53177.35,46214.91,45846.082
46740.33,53195.36,46214.91,45890.586
46740.33,53213.098,46214.91,45934.453
46740.33,53230.543,46214.91,45977.83
46740.33,53247.746,46214.91,46021.0
46740.33,53264.96,46214.91,46063.965
46740.33,53282.156,46214.91,46106.46
46740.33,53298.266,46214.91,46147.336
46740.33,53313.17,46214.91,46186.168
46740.33,53326.277,46214.91,46222.57
46740.33,53337.82,46214.91,46256.71
46740.33,53346.65,46214.91,46286.785
46740.33,53352.973,46214.91,46312.95
46740.33,53354.812,46214.91,46331.816
46740.33,53354.15,46214.91,46346.85
46740.33,53348.57,46214.91,46353.992
46740.33,53337.38,46214.91,46352.16
46740.33,53315.855,46214.91,46334.33
46740.33,53287.28,46214.91,46306.984
46740.33,53252.992,46214.91,46273.055
46740.33,53214.023,46214.91,46235.04
46740.33,53172.68,46214.91,46193.86
46740.33,53129.812,46214.91,46151.96
46740.33,53085.19,46214.91,46109.6
46740.33,53039.848,46214.91,46067.113
46740.33,52993.414,46214.91,46024.71
46740.33,52946.367,46214.91,45982.434
46740.33,52898.74,46214.91,45940.33
46740.33,52850.82,46214.91,45898.36
46740.33,52802.254,46214.91,45856.047
46740.33,52753.348,46214.91,45813.848
46740.33,52704.086,46214.91,45771.918
46740.33,52654.656,46214.91,45730.14
46740.33,52603.867,46214.91,45688.684
46740.33,52552.71,46214.91,45647.016
46740.33,52501.117,46214.91,45605.492
46740.33,52449.293,46214.91,45563.992
46740.33,52395.812,46214.91,45522.68
46740.33,52341.938,46214.91,45481.824
46740.33,52287.766,46214.91,45441.297
46740.33,52233.426,46214.91,45400.633
46740.33,52178.035,46214.91,45359.44
46740.33,52122.45,46214.91,45318.188
46740.33,52066.715,46214.91,45276.95
46740.33,52010.85,46214.91,45235.848
46740.33,51954.406,46214.91,45195.22
46740.33,51897.703,46214.91,45154.28
46740.33,51840.797,46214.91,45112.766
46740.33,51783.84,46214.91,45070.684
46740.33,51727.207,46214.91,45028.188
46740.33,51670.395,46214.91,44985.77
46740.33,51613.45,46214.91,44943.14
46740.33,51556.23,46214.91,44900.23
46740.33,51500.016,46214.91,44857.883
46740.33,51443.75,46214.91,44815.383
46740.33,51387.457,46214.91,44772.633
46740.33,51331.016,46214.91,44729.562
46740.33,51275.76,46214.91,44686.848
46740.33,51220.32,46214.91,44644.6
46740.33,51164.668,46214.91,44603.234
46740.33,51108.86,46214.91,44562.453
46740.33,51053.6,46214.91,44522.266
46740.33,50998.273,46214.91,44482.516
46740.33,50942.98,46214.91,44443.33
46740.33,50887.723,46214.91,44403.824
46740.33,50832.77,46214.91,44364.953
46740.33,50777.89,46214.91,44325.766
46740.33,50723.168,46214.91,44286.414
46740.33,50668.586,46214.91,44246.613
46740.33,50614.34,46214.91,44206.992
46740.33,50560.395,46214.91,44166.43
46740.33,50506.805,46214.91,44125.43
46740.33,50453.457,46214.91,44084.22
46740.33,50401.035,46214.91,44042.863
46740.33,50349.76,46214.91,44001.547
46740.33,50299.617,46214.91,43960.695
46740.33,50250.855,46214.91,43920.703
46740.33,50203.594,46214.91,43881.977
46740.33,50157.65,46214.91,43844.426
46740.33,50113.98,46214.91,43809.14
46740.33,50072.17,46214.91,43775.742
46740.33,50030.21,46214.91,43742.6
46740.33,49990.15,46214.91,43711.68
46740.33,49952.977,46214.91,43684.305
46740.33,49918.656,46214.91,43660.586
46740.33,49887.22,46214.91,43640.777
46740.33,49858.98,46214.91,43625.38
46740.33,49835.0,46214.91,43616.055
46740.33,49813.836,46214.91,43610.758
46740.33,49795.656,46214.91,43609.844
46740.33,49780.86,46214.91,43613.9
46740.33,49768.56,46214.91,43621.613
46740.33,49759.258,46214.91,43633.574
46740.33,49753.723,46214.91,43652.688
46740.33,49749.17,46214.91,43673.15
46740.33,49747.14,46214.91,43697.387
46740.33,49746.188,46214.91,43723.016
46740.33,49747.477,46214.91,43751.625
46740.33,49750.58,46214.91,43782.69
46740.33,49754.777,46214.91,43815.203
46740.33,49759.027,46214.91,43847.508
46740.33,49762.215,46214.91,43877.72
46740.33,49764.617,46214.91,43906.38
46740.33,49766.695,46214.91,43934.234
46740.33,49768.875,46214.91,43961.914
46740.33,49767.86,46214.91,43984.465
46740.33,49767.203,46214.91,44007.23
46740.33,49764.2,46214.91,44026.21
46740.33,49759.9,46214.91,44043.008
46740.33,49749.31,46214.91,44050.566
46740.33,49735.957,46214.91,44054.113
46740.33,49719.176,46214.91,44052.836
46740.33,49696.867,46214.91,44043.938
46740.33,49665.902,46214.91,44023.79
46740.33,49628.977,46214.91,43996.605
46740.33,49587.79,46214.91,43965.027
46740.33,49543.504,46214.91,43930.95
46740.33,49497.21,46214.91,43895.89
46740.33,49450.074,46214.91,43861.35
46740.33,49402.465,46214.91,43827.78
46740.33,49354.645,46214.91,43795.15
46740.33,49306.617,46214.91,43763.223
46740.33,49258.594,46214.91,43731.566
46740.33,49210.56,46214.91,43700.14
46740.33,49162.508,46214.91,43669.344
46740.33,49114.137,46214.91,43637.6
46740.33,49065.883,46214.91,43606.203
46740.33,49017.79,46214.91,43575.63
46740.33,48969.734,46214.91,43545.85
46740.33,48921.184,46214.91,43516.48
46740.33,48872.81,46214.91,43486.445
46740.33,48824.832,46214.91,43457.188
46740.33,48777.27,46214.91,43429.332
46740.33,48728.33,46214.91,43402.414
46740.33,48680.22,46214.91,43376.28
46740.33,48632.69,46214.91,43350.23
46740.33,48585.395,46214.91,43323.766
46740.33,48536.35,46214.91,43297.0
46740.33,48487.598,46214.91,43270.03
46740.33,48439.535,46214.91,43243.133
46740.33,48391.938,46214.91,43215.92
46740.33,48344.42,46214.91,43188.008
46740.33,48297.574,46214.91,43160.414
46740.33,48251.465,46214.91,43132.625
46740.33,48206.07,46214.91,43103.9
46740.33,48161.96,46214.91,43075.6
46740.33,48118.28,46214.91,43048.082
46740.33,48074.777,46214.91,43020.094
46740.33,48031.336,46214.91,42991.65
46740.33,47989.438,46214.91,42963.254
46740.33,47947.594,46214.91,42934.41
46740.33,47905.934,46214.91,42905.363
46740.33,47864.586,46214.91,42876.0
46740.33,47824.965,46214.91,42847.457
46740.33,47785.793,46214.91,42820.336
46740.33,47747.14,46214.91,42794.613
46740.33,47709.273,46214.91,42770.86
46740.33,47672.46,46214.91,42748.92
46740.33,47636.36,46214.91,42728.547
46740.33,47600.797,46214.91,42709.1
46740.33,47565.266,46214.91,42689.14
46740.33,47529.996,46214.91,42669.164
46740.33,47494.684,46214.91,42648.43
46740.33,47459.555,46214.91,42627.72
46740.33,47424.273,46214.91,42606.047
46740.33,47388.81,46214.91,42582.8
46740.33,47353.164,46214.91,42558.215
46740.33,47317.438,46214.91,42532.85
46740.33,47281.63,46214.91,42506.918
46740.33,47245.8,46214.91,42478.67
46740.33,47210.37,46214.91,42448.93
46740.33,47175.344,46214.91,42418.766
46740.33,47140.934,46214.91,42388.383
46740.33,47107.766,46214.91,42358.383
46740.33,47076.016,46214.91,42329.094
46740.33,47046.074,46214.91,42301.17
46740.33,47018.086,46214.91,42275.105
46740.33,46992.535,46214.91,42252.047
46740.33,46968.89,46214.91,42231.043
46740.33,46948.008,46214.91,42213.168
46740.33,46931.418,46214.91,42200.37
46740.33,46922.11,46214.91,42196.742
46740.33,46918.023,46214.91,42199.824
46740.33,46919.574,46214.91,42210.258
46740.33,46923.664,46214.91,42224.008
46740.33,46933.812,46214.91,42245.79
46740.33,46948.266,46214.91,42273.21
46740.33,46965.18,46214.91,42303.773
46740.33,46987.953,46214.91,42339.426
46740.33,47016.938,46214.91,42382.996
46740.33,47050.17,46214.91,42432.7
46740.33,47085.094,46214.91,42484.625
46740.33,47118.57,46214.91,42534.203
46740.33,47155.363,46214.91,42588.67
46740.33,47193.8,46214.91,42645.535
46740.33,47232.6,46214.91,42702.86
46740.33,47270.68,46214.91,42758.78
46740.33,47305.19,46214.91,42809.61
46740.33,47339.105,46214.91,42859.543
46740.33,47373.426,46214.91,42910.04
46740.33,47406.72,46214.91,42958.586
46740.33,47436.895,46214.91,43002.5
46740.33,47464.14,46214.91,43042.13
46740.33,47488.766,46214.91,43078.074
46740.33,47510.56,46214.91,43110.023
46740.33,47523.35,46214.91,43129.97
46740.33,47532.4,46214.91,43145.18
46740.33,47536.367,46214.91,43153.97
46740.33,47534.316,46214.91,43155.117
46740.33,47519.01,46214.91,43139.93
46740.33,47496.64,46214.91,43116.79
46740.33,47469.496,46214.91,43089.06
46740.33,47439.867,46214.91,43059.51
46740.33,47408.547,46214.91,43029.85
46740.33,47376.96,46214.91,43001.58
46740.33,47345.566,46214.91,42974.9
46740.33,47314.46,46214.91,42949.406
46740.33,47284.277,46214.91,42926.68
46740.33,47254.688,46214.91,42905.6
46740.33,47225.824,46214.91,42886.434
46740.33,47197.168,46214.91,42867.85
46740.33,47167.98,46214.91,42847.97
46740.33,47139.453,46214.91,42829.664
46740.33,47111.402,46214.91,42812.426
46740.33,47083.7,46214.91,42795.91
46740.33,47056.008,46214.91,42779.23
46740.33,47028.973,46214.91,42763.836
46740.33,47002.56,46214.91,42749.67
46740.33,46976.36,46214.91,42735.92
46740.33,46951.133,46214.91,42723.97
46740.33,46926.777,46214.91,42713.645
46740.33,46902.25,46214.91,42702.85
46740.33,46877.312,46214.91,42691.03
46740.33,46851.75,46214.91,42677.703
46740.33,46826.145,46214.91,42664.07
46740.33,46800.88,46214.91,42650.992
46740.33,46775.574,46214.91,42637.605
46740.33,46751.3,46214.91,42626.227
46740.33,46727.48,46214.91,42615.43
46740.33,46703.094,46214.91,42603.047
46740.33,46678.035,46214.91,42588.76
46740.33,46652.57,46214.91,42573.453
46740.33,46627.19,46214.91,42557.582
46740.33,46600.918,46214.91,42539.055
46740.33,46574.41,46214.91,42519.344
46740.33,46548.8,46214.91,42501.58
46740.33,46523.344,46214.91,42483.336
46740.33,46497.742,46214.91,42464.195
46740.33,46471.887,46214.91,42444.797
46740.33,46446.055,46214.91,42426.36
46740.33,46421.4,46214.91,42410.297
46740.33,46398.605,46214.91,42397.906
46740.33,46377.137,46214.91,42388.227
46740.33,46357.887,46214.91,42382.617
46740.33,46340.32,46214.91,42379.67
46740.33,46324.92,46214.91,42380.074
46740.33,46307.848,46214.91,42377.15
46740.33,46290.418,46214.91,42372.84
46740.33,46272.605,46214.91,42367.285
46740.33,46255.062,46214.91,42361.53
46740.33,46238.227,46214.91,42356.418
46740.33,46218.566,46214.91,42345.64
46740.33,46197.547,46214.91,42332.113
46740.33,46174.34,46214.91,42314.477
46740.33,46149.24,46214.91,42293.53
46740.33,46120.555,46214.91,42265.79
46740.33,46090.258,46214.91,42235.08
46740.33,46058.656,46214.91,42202.164
46740.33,46026.156,46214.91,42167.29
46740.33,45993.586,46214.91,42131.336
46740.33,45961.086,46214.91,42095.133
46740.33,45928.957,46214.91,42059.402
46740.33,45898.22,46214.91,42024.72
46740.33,45869.81,46214.91,41991.562
46740.33,45843.207,46214.91,41960.234
46740.33,45820.28,46214.91,41932.68
46740.33,45801.59,46214.91,41909.65
46740.33,45789.18,46214.91,41893.938
46740.33,45783.93,46214.91,41886.574
46740.33,45783.816,46214.91,41885.348
46740.33,45788.1,46214.91,41889.367
46740.33,45801.688,46214.91,41904.85
46740.33,45823.727,46214.91,41930.35
46740.33,45852.58,46214.91,41963.805
46740.33,45888.715,46214.91,42003.48
46740.33,45916.9,46214.91,42043.79
46740.33,45949.06,46214.91,42090.25
46740.33,45982.746,46214.91,42140.117
46740.33,46019.125,46214.91,42194.734
46740.33,46057.25,46214.91,42253.137
46740.33,46095.33,46214.91,42312.047
46740.33,46133.9,46214.91,42371.918
46740.33,46172.242,46214.91,42431.406
46740.33,46209.57,46214.91,42489.598
46740.33,46245.645,46214.91,42545.83
46740.33,46283.0,46214.91,42603.74
46740.33,46319.367,46214.91,42659.52
46740.33,46351.3,46214.91,42708.55
46740.33,46379.945,46214.91,42752.14
46740.33,46403.52,46214.91,42787.883
46740.33,46421.734,46214.91,42815.23
46740.33,46430.93,46214.91,42830.324
46740.33,46435.6,46214.91,42838.883
46740.33,46432.81,46214.91,42837.242
46740.33,46421.46,46214.91,42824.164
46740.33,46399.94,46214.91,42798.426
46740.33,46370.453,46214.91,42763.492
46740.33,46337.996,46214.91,42725.477
46740.33,46304.344,46214.91,42686.81
46740.33,46270.2,46214.91,42649.05
46740.33,46236.766,46214.91,42613.844
46740.33,46204.363,46214.91,42581.26
46740.33,46172.586,46214.91,42550.25
46740.33,46141.414,46214.91,42520.75
46740.33,46110.797,46214.91,42492.65
46740.33,46080.367,46214.91,42465.375
46740.33,46049.566,46214.91,42437.938
46740.33,46017.18,46214.91,42408.31
46740.33,45984.96,46214.91,42379.555
46740.33,45952.82,46214.91,42351.555
46740.33,45920.08,46214.91,42322.977
46740.33,45887.887,46214.91,42295.73
46740.33,45855.688,46214.91,42268.67
46740.33,45825.82,46214.91,42245.363
46740.33,45799.547,46214.91,42227.062
46740.33,45774.105,46214.91,42209.36
46740.33,45750.27,46214.91,42192.723
46740.33,45731.91,46214.91,42181.9
46740.33,45714.64,46214.91,42170.703
46740.33,45694.965,46214.91,42154.938
46740.33,45678.703,46214.91,42140.812
46740.33,45667.1,46214.91,42129.08
46740.33,45664.543,46214.91,42122.938
46740.33,45670.617,46214.91,42120.566
46740.33,45682.613,46214.91,42118.61
46740.33,45699.97,46214.91,42116.633
46740.33,45716.9,46214.91,42110.78
46740.33,45737.37,46214.91,42104.742
46740.33,45779.684,46214.91,42109.457
46740.33,45833.93,46214.91,42116.992
46740.33,45908.312,46214.91,42131.43
46740.33,46003.633,46214.91,42152.734
46740.33,46100.92,46214.91,42170.785
46740.33,46218.812,46214.91,42195.72
46740.33,46363.375,46214.91,42230.875
46740.33,46550.67,46214.91,42285.188
46740.33,46785.64,46214.91,42362.41
46740.33,47110.293,46214.91,42485.125
46740.33,47541.9,46214.91,42665.934
46740.33,48043.68,46214.91,42891.812
46740.33,48648.938,46214.91,43180.18
46740.33,49291.883,46214.91,43493.047
46740.33,49990.82,46214.91,43842.453
46740.33,50627.477,46214.91,44172.086
46740.33,51172.56,46214.91,44475.36
46740.33,51597.88,46214.91,44738.156
46740.33,50177.617,46214.91,43955.97
46740.33,50694.062,46214.91,44218.87
46740.33,51115.586,46214.91,44450.56
46740.33,51443.87,46214.91,44645.07
46740.33,51680.273,46214.91,44795.34
46740.33,45254.676,46214.91,41993.29
46740.33,45222.742,46214.91,41962.156
46740.33,45187.613,46214.91,41925.7
46740.33,51732.258,46214.91,44800.617
46740.33,51702.082,46214.91,44768.05
46740.33,51670.316,46214.91,44731.92
46740.33,51645.062,46214.91,44690.65
46740.33,51688.984,46214.91,44647.082
46740.33,51595.484,46214.91,44601.65
46740.33,51503.676,46214.91,44555.01
46740.33,51431.797,46214.91,44507.82
46740.33,44856.926,46214.91,41515.09
46740.33,44833.594,46214.91,41480.363
46740.33,44814.617,46214.91,41450.61
46740.33,44800.145,46214.91,41426.19
46740.33,50846.625,46214.91,44281.547
46740.33,50517.957,46214.91,44180.824
46740.33,50237.89,46214.91,44077.527
46740.33,49850.375,46214.91,43981.35
46740.33,49019.895,46214.91,43898.938
46740.33,49012.664,46214.91,43827.92
46740.33,49028.28,46214.91,43767.04
46740.33,49040.88,46214.91,43705.195
46740.33,49047.32,46214.91,43642.984
46740.33,49274.145,46214.91,43861.023
46740.33,49899.895,46214.91,44516.93
46740.33,49934.242,46214.91,44487.92
46740.33,49966.426,46214.91,44453.945
46740.33,49986.223,46214.91,44430.016
46740.33,49997.38,46214.91,44402.87
46740.33,49999.793,46214.91,44373.164
46740.33,49986.52,46214.91,44333.4
46740.33,49922.48,46214.91,44264.81
46740.33,49834.055,46214.91,44178.688
46740.33,49721.566,46214.91,44076.676
46740.33,49592.945,46214.91,43967.344
46740.33,49427.69,46214.91,43835.223
46740.33,49242.832,46214.91,43692.145
46740.33,49038.742,46214.91,43537.266
46740.33,48824.215,46214.91,43376.492
46740.33,48642.03,46214.91,43233.566
46740.33,48529.562,46214.91,43129.96
46740.33,48516.016,46214.91,43081.25
46740.33,48617.434,46214.91,43098.46
46740.33,48867.28,46214.91,43220.723
46740.33,49224.188,46214.91,43435.32
46740.33,49660.418,46214.91,43742.25
46740.33,50097.008,46214.91,44088.58
46740.33,50455.316,46214.91,44409.91
46740.33,49636.324,46214.91,43740.17
46740.33,50094.42,46214.91,44115.375
46740.33,50452.69,46214.91,44451.863
46740.33,45060.047,46214.91,41803.168
46740.33,44880.137,46214.91,41706.523
46740.33,50695.445,46214.91,44715.746
46740.33,50710.61,46214.91,44751.24
46740.33,50725.715,46214.91,44785.316
46740.33,50738.367,46214.91,44825.664
46740.33,50745.04,46214.91,44862.434
46740.33,50748.082,46214.91,44903.15
46740.33,50750.906,46214.91,44945.547
46740.33,50749.88,46214.91,44990.37
46740.33,50744.215,46214.91,45038.633
46740.33,50732.984,46214.91,45083.203
46740.33,50724.28,46214.91,45121.992
46740.33,50711.348,46214.91,45157.305
46740.33,50700.56,46214.91,45185.336
46740.33,50685.62,46214.91,45212.652
46740.33,50665.21,46214.91,45239.695
46740.33,50644.14,46214.91,45267.844
46740.33,50620.516,46214.91,45296.51
46740.33,50598.547,46214.91,45321.547
46740.33,50575.34,46214.91,45331.938
46740.33,50549.625,46214.91,45337.02
46740.33,50523.195,46214.91,45337.652
46740.33,50498.87,46214.91,45333.734
46740.33,50470.156,46214.91,45331.555
46740.33,51582.67,46214.91,46145.824
46740.33,51722.684,46214.91,46254.664
46740.33,51692.043,46214.91,46243.04
46740.33,51678.2,46214.91,46238.137
46740.33,51660.29,46214.91,46237.816
46740.33,51646.66,46214.91,46244.383
46740.33,51621.258,46214.91,46272.6
46740.33,51600.023,46214.91,46320.89
46740.33,51574.84,46214.91,46372.883
46740.33,51553.414,46214.91,46421.355
46740.33,51538.977,46214.91,46483.883
46740.33,51521.652,46214.91,46548.266
46740.33,51495.758,46214.91,46607.918
46740.33,51475.996,46214.91,46670.715
46740.33,51451.176,46214.91,46733.953
46740.33,51427.68,46214.91,46797.34
46740.33,51407.324,46214.91,46852.63
46740.33,51384.023,46214.91,46900.668
46740.33,51363.867,46214.91,46946.32
46740.33,51332.15,46214.91,46975.047
46740.33,51289.258,46214.91,46990.676
46740.33,51253.656,46214.91,46993.06
46740.33,51226.16,46214.91,46982.375
46740.33,51203.383,46214.91,46963.766
46740.33,51181.54,46214.91,46938.016
46740.33,51169.62,46214.91,46905.062
46740.33,51193.336,46214.91,46868.883
46740.33,51156.2,46214.91,46828.73
46740.33,51121.082,46214.91,46785.984
46740.33,51093.723,46214.91,46740.69
46740.33,51091.094,46214.91,46695.277
46740.33,51095.57,46214.91,46653.32
46740.33,51115.016,46214.91,46618.234
46740.33,51142.656,46214.91,46590.49
46740.33,51190.55,46214.91,46572.984
67456.36,67088.43,64278.1,66233.77
67414.46,67980.31,63587.11,66097.4
66768.6,67954.56,63174.41,65914.81
67044.95,67967.11,63066.62,65673.555
66597.08,67923.58,62808.77,65469.008
66314.51,68553.375,62847.21,65296.582
65684.9,68594.93,62371.07,65016.297
65213.62,68588.14,61519.58,64808.63
65001.39,68585.44,61025.2,64635.766
64588.92,68810.44,61010.03,64489.613
64448.83,68795.875,60950.42,64081.46
64049.76,68746.24,60543.05,63926.938
64140.15,68674.125,60081.94,63812.227
64012.72,68697.375,59703.77,63745.1
63561.72,68590.086,59849.52,63297.457
63849.2,68607.48,59845.76,63302.766
63475.48,68594.32,59621.73,63352.508
63245.47,68476.195,60210.39,63442.84
62965.62,68413.3,60045.06,63105.31
62495.26,68400.625,59900.84,63261.773
62540.17,68389.42,59514.03,63372.305
62501.19,68124.65,59474.16,63438.47
61781.8,68088.0,59190.07,62946.805
61680.73,68103.95,58410.74,62850.414
61362.71,68019.33,58094.93,62690.625
60918.98,66963.24,57773.5,62501.76
59999.32,66589.11,56931.98,61793.43
59348.05,66217.83,55932.99,61508.53
58857.38,65865.96,55407.4,61194.15
58290.01,64722.34,55132.56,60826.957
57384.25,64451.58,54807.16,59954.23
56582.2,64191.348,54724.66,59349.465
55892.86,63939.742,54554.32,58668.43
55489.46,62853.848,54217.97,57922.516
55122.53,62525.9,53472.63,56769.215
54043.91,62179.723,52443.06,55857.156
52810.96,61750.33,51432.01,54957.254
51556.29,58959.78,50615.07,54059.504
51035.57,57797.535,49570.22,52475.83
49916.12,56607.008,48762.81,51463.246
49149.87,55331.43,47934.27,50346.51
48170.15,53920.51,47099.75,49243.008
47457.08,52868.848,46737.36,48049.273
46803.87,51951.945,46139.36,47110.44
46325.56,51152.918,45631.67,46275.41
45934.66,50483.44,45009.92,45512.83
45685.32,50070.195,44190.32,44704.137
45127.71,49691.54,43617.23,44029.68
44835.98,49343.457,43378.98,43403.61
44814.26,49367.742,43131.62,42814.758
44714.81,48504.434,42596.38,41969.195
44802.88,48022.29,42804.27,41868.246
44989.68,47615.887,42657.59,41799.258
44880.38,47361.406,42868.17,41838.414
45051.45,47144.914,42991.99,41996.0
45115.3,47081.83,43132.37,42237.58
45031.45,47168.047,43160.12,42537.73
45454.43,47444.195,43193.38,42884.863
45668.43,47845.938,43907.47,43347.633
45749.44,48349.844,44120.96,43898.2
46256.13,48938.457,44375.58,44657.086
47152.26,49716.79,44792.54,45615.977
47820.19,50475.71,45924.0,46893.555
48556.38,51249.3,46698.24,48268.086
50381.36,52020.875,47170.5,50010.45
53458.14,52941.36,48208.15,52079.652
55421.05,53687.957,50484.87,54375.668
57060.48,54427.035,51955.83,56164.61
58557.74,55111.617,53483.1,57639.617
60159.06,55952.945,54849.24,58876.16
61174.03,56523.188,56600.13,60091.34
62122.57,57024.55,57543.37,60999.71
63000.85,57441.527,58586.25,61787.977
63988.88,60363.99,59478.17,62462.89
64808.01,60782.777,60351.51,63442.582
65563.89,61115.523,60896.44,63736.91
65821.94,61349.836,61242.93,63962.855
65476.41,61843.04,61548.52,64138.824
66189.82,61995.27,61490.58,64409.215
66896.96,62116.434,61879.98,64558.855
67553.41,62196.785,62251.61,64739.203
67695.46,62689.586,62948.99,64960.484
67623.91,62751.176,63125.64,65316.793
68074.79,62814.875,63346.93,65584.64
68875.55,62882.4,63658.79,65877.41
69477.28,63440.05,63881.83,66164.72
69564.33,63505.7,63944.98,66480.71
69833.52,63569.707,64432.73,66634.48
69526.85,63650.617,65046.42,66732.19
68650.88,64316.227,65602.39,66745.05
68006.27,64407.03,65096.1,66707.39
68069.38,64489.656,64793.26,66551.49
68176.78,64578.824,64925.96,66377.19
68228.13,65289.164,64536.89,66199.18
67824.21,65383.223,63850.15,65972.445
67141.08,65446.957,63430.91,65670.945
66502.16,65506.95,62572.79,65381.85
66026.11,66204.055,61939.61,65114.418
65766.84,66262.53,61425.57,64784.535
65339.17,66316.35,60962.22,64484.496
65245.93,66317.93,60383.6,64245.867
64859.15,66832.49,59826.47,64048.562
65073.53,66883.92,60100.77,63712.152
64590.36,66921.22,59623.33,63490.723
63716.29,66933.39,59506.76,63317.074
63524.35,67127.11,59475.5,63178.28
63868.28,67151.7,59460.35,62757.543
63261.1,67197.0,59513.73,62622.08
62818.27,67187.08,59260.56,62535.125
62927.21,67042.086,58893.21,62493.42
63196.59,67024.34,59441.62,62025.047
63355.17,67017.82,59138.51,62039.48
63454.08,67036.39,59204.84,62095.527
62817.31,66829.305,58892.2,62184.402
63044.44,66825.336,58293.64,61781.207
62906.08,66844.09,57795.8,61899.73
62847.74,66852.59,57655.71,61984.76
62386.08,66650.15,57916.56,62027.383
62034.72,66645.44,57514.33,61415.44
61548.13,66609.89,56844.97,61218.617
61104.12,66551.164,56405.04,60951.523
60377.64,65812.04,55985.72,60648.36
59402.76,65619.98,55102.14,59721.484
59338.1,65401.613,54225.32,59336.223
58761.73,65188.965,53600.49,58964.484
57954.05,64154.05,52976.61,58597.348
57302.71,63962.977,52703.68,57528.88
56766.84,63772.4,52749.96,56898.453
56555.09,63597.047,52409.64,56259.664
56346.58,62537.797,51801.3,55595.0
55685.9,62326.223,50965.6,54328.438
54734.29,62097.137,50077.35,53495.477
53827.57,61806.883,48857.69,52682.18
52334.19,59528.234,48040.15,51875.91
51362.3,58575.18,46927.46,50251.992
50367.92,57422.504,46173.21,49343.59
49420.37,56119.09,45525.57,48370.78
48197.58,54390.312,44837.24,47409.727
47572.25,53023.477,43043.84,46230.07
47114.13,51857.9,42395.9,45399.83
46689.72,50894.73,41827.02,44677.844
46458.37,50000.57,41443.36,44028.832
46235.69,49430.523,41006.61,43273.64
46016.65,48959.14,40856.56,42733.367
45535.78,48576.36,40614.26,42247.562
44740.58,48949.855,40177.4,41786.695
44892.27,48243.855,39815.79,39993.82
44960.32,47949.254,39474.12,39615.22
44793.4,47747.36,39072.02,39152.57
44964.74,47596.805,38926.09,38725.906
45143.5,47425.84,38865.72,38395.68
44829.41,47337.63,39127.84,38193.01
44855.65,47217.34,38918.38,38137.242
45340.66,47256.066,38859.03,38178.363
45606.42,47371.25,38861.84,38303.83
45892.77,47570.08,38769.08,38411.36
46293.64,47844.516,38767.1,38535.65
47530.6,48311.195,38713.35,38675.77
48065.8,48847.74,38869.91,38920.375
48681.09,49452.992,39079.81,39191.78
50273.9,50139.918,39132.4,39612.36
53186.1,51160.855,39142.85,40229.61
55207.69,52117.273,39820.73,41119.39
56939.23,53075.332,40117.42,42105.926
58388.81,53962.195,40676.0,43230.29
59996.23,55018.45,41274.01,44435.137
61199.67,55742.14,42423.42,45722.09
62216.45,56370.402,43288.54,46884.53
63346.07,56889.24,44148.12,47953.574
64249.82,60065.01,45149.38,48934.234
64787.29,60584.51,46307.2,49671.414
65337.29,61020.805,46868.98,50605.113
65462.42,61347.523,47512.57,51506.414
65418.5,61945.754,48353.25,52343.777
65832.44,62127.832,49081.28,52929.48
66301.76,62258.445,49578.33,53576.047
66726.43,62354.62,50275.42,54090.87
66498.32,62868.773,51079.22,54479.52
66619.72,62923.734,51415.12,54569.836
67365.46,62966.04,51956.18,54792.676
67728.41,62984.504,52241.14,54969.02
67995.11,63492.13,52562.22,55119.566
68382.73,63511.99,52617.25,55141.56
68563.23,63519.562,52896.95,55212.19
68916.75,63523.57,53371.27,55227.895
68286.5,64075.348,53438.79,55163.69
67960.11,64107.652,53197.51,55004.977
68147.38,64137.664,53227.64,54713.355
68177.45,64158.484,52808.8,54353.816
67906.36,64783.69,52656.81,53931.406
67732.02,64836.746,52131.07,53566.477
67544.86,64871.37,51645.16,53043.344
67088.3,64921.83,50703.87,52560.36
66716.28,65567.36,50337.75,52055.438
66487.47,65629.414,49714.38,51751.836
66426.78,65685.69,49151.88,51324.484
66010.69,65744.51,48864.04,50951.773
65773.27,66274.984,48765.07,50661.484
65348.32,66323.266,48974.86,50594.477
65218.53,66372.29,48826.81,50391.84
65052.41,66410.42,48571.85,50231.72
64974.34,66642.266,47957.21,50153.836
64466.75,66622.25,47813.37,50189.562
64073.28,66625.98,47648.7,50141.86
64008.47,66636.75,47841.07,50146.375
64346.35,66582.72,47815.45,50234.594
64304.83,66564.31,47895.77,50365.96
64171.32,66571.03,48139.35,50474.855
63854.51,66560.49,48387.74,50605.75
63660.49,66409.57,48486.57,50760.594
63390.96,66404.375,48502.0,50841.16
63462.19,66416.27,48314.17,50844.816
63509.33,66425.07,47930.64,50831.445
63389.63,66331.44,48287.71,50750.72
62680.04,66357.89,48491.97,50618.562
62525.49,66382.84,47830.56,50360.293
62103.6,66367.984,47553.33,50126.883
61299.94,65579.2,47167.85,49933.203
60535.47,65409.406,46685.07,49753.83
59775.85,65228.15,45694.85,49473.23
59160.45,65063.168,45245.48,49230.234
58424.53,63937.84,45038.66,48996.594
57917.72,63802.555,45215.26,48695.734
57669.39,63681.6,45581.89,48331.992
57441.57,63566.207,45436.3,47981.33
56848.16,62487.586,44991.44,47615.04
56252.42,62333.67,44453.53,47136.125
55369.92,62167.2,43735.56,46618.883
54405.25,61980.613,43345.82,46104.72
53213.12,60142.93,42821.07,45568.234
52416.04,59401.016,42030.13,44155.727
51420.05,58517.086,41137.79,43056.3
50544.14,57420.12,40388.45,42037.254
49297.71,55705.137,39773.96,41103.15
48786.87,54276.953,38577.85,40230.25
48304.06,53085.023,37885.18,39492.766
47850.05,52081.75,37597.76,38854.78
47272.9,50988.29,37276.73,38303.355
46775.13,50254.336,36965.41,37844.477
46506.29,49630.652,36665.28,37442.918
46220.44,49138.188,36455.34,37113.406
45882.17,48691.85,36235.91,36843.562
46024.84,48354.43,35833.57,35823.15
45794.06,48208.08,35494.74,35544.008
45655.93,48038.65,35539.63,35282.613
45810.44,47959.977,35529.42,35080.414
45822.68,47833.277,35536.74,34943.953
45453.79,47758.668,35349.01,34842.15
45561.76,47653.41,35315.37,34771.336
46035.25,47725.324,35213.99,34729.383
46380.8,47793.844,35220.97,34733.42
46469.3,47956.36,35232.11,34728.6
46860.4,48155.832,35303.73,34727.664
47789.95,48564.027,35295.97,34733.254
48184.33,49004.875,35465.87,34786.113
49080.13,49517.26,35188.88,34816.94
50066.0,50136.484,35415.03,34877.35
53076.37,51030.03,35142.44,34988.89
55403.38,51860.047,35477.9,35237.21
57084.08,52693.645,35482.64,35618.633
58438.58,53462.81,35650.15,36210.395
59982.65,54390.55,35969.49,37069.117
61301.7,54999.367,36688.28,38231.04
62374.89,55541.004,37339.28,39471.93
63098.96,56018.734,37987.58,40671.47
63870.36,59287.188,38658.54,41717.906
64625.31,59901.664,39749.82,42424.9
65127.8,60444.176,40588.82,43208.18
65526.1,60886.746,40907.54,43921.727
65345.07,61730.35,41744.01,44545.723
65998.89,62072.188,42519.8,44970.375
66332.87,62344.72,42983.46,45515.453
66852.63,62575.582,43483.95,46032.523
66516.35,63201.004,44229.38,46531.777
66643.66,63354.324,44420.5,46956.055
66419.97,63490.77,44972.85,47473.875
66662.18,63614.324,45723.98,47994.293
67093.84,64218.05,46308.24,48513.824
67406.89,64307.637,46814.58,48957.605
67615.13,64394.426,47454.44,49368.562
67466.64,64435.418,47770.6,49637.4
67132.75,65057.11,47804.41,49732.51
66964.09,65072.836,47243.91,49640.164
67188.5,65137.082,47080.8,49357.46
67026.69,65152.28,46390.67,48931.805
66770.16,65714.38,46226.64,48417.383
66278.48,65708.2,45967.38,47949.816
66064.29,65749.47,45233.07,47415.29
65062.22,65734.02,45162.55,46892.91
65035.66,66175.695,44945.04,46420.547
64910.9,66185.92,44772.6,46058.547
64588.85,66265.82,44434.49,45671.586
64371.75,66344.055,44225.8,45350.9
64455.53,66602.68,44137.56,45104.594
64162.77,66624.6,44178.41,45000.5
64020.6,66651.99,43896.91,44922.08
63568.54,66608.97,43435.37,44912.695
63665.07,66564.34,43712.25,44986.258
63090.7,66468.055,43718.03,45114.96
63090.69,66411.19,43899.83,45297.805
62792.94,66303.45,43872.51,45566.71
62686.39,65933.7,44016.32,45914.117
62069.78,65814.8,44352.25,46291.785
62417.15,65705.89,44437.45,46772.97
62157.73,65582.61,44143.84,47299.004
62430.25,65013.96,44342.99,47820.36
61933.15,64867.61,44651.7,48314.316
61799.65,64717.066,44634.28,48627.7
61853.17,64566.55,44854.4,48837.676
61362.88,63916.152,45088.26,48934.78
60694.94,63761.062,45365.06,48915.914
60310.93,63581.926,44757.5,48701.883
59776.4,63401.477,44806.3,48493.402
58422.67,62773.94,44706.32,48316.062
57737.74,62590.383,45020.11,48143.79
56688.25,62408.133,44667.75,47981.28
56367.08,62193.477,44653.19,47913.24
55649.99,61311.92,44408.77,47930.86
55304.44,61057.812,44469.31,47954.125
54674.26,60792.348,44926.07,47965.79
54345.04,60475.637,45075.11,47988.188
53954.47,59391.77,44826.6,47994.492
53472.96,58961.777,44944.1,47877.043
52906.57,58455.17,44483.37,47689.094
52046.29,57847.89,43704.56,47464.75
50548.18,54473.79,42989.58,47188.926
49823.39,52964.75,42076.88,46177.918
48979.78,51606.477,41360.74,45195.21
48359.99,50377.156,40651.65,44204.91
47474.02,49407.688,40025.48,43240.66
46758.65,48654.08,39393.71,42310.344
46290.04,48049.035,39164.47,41561.63
45522.79,47589.867,39212.77,40955.03
44639.17,47312.29,38716.4,40447.047
44265.64,47000.703,38131.66,39975.766
43843.67,46710.57,37930.9,39551.277
43536.98,46450.203,37360.06,39170.79
42923.99,44890.953,37147.28,38829.688
42324.68,44332.074,36825.92,38273.89
42185.23,44012.91,36639.24,38069.29
42419.19,43746.508,36682.95,37943.17
42263.83,43597.812,36501.3,37883.5
42193.6,43463.027,36658.38,37860.07
41937.76,43353.91,36511.64,37931.844
41842.69,43242.758,36591.04,38073.06
41873.42,43179.58,36709.65,38286.625
41736.37,43103.46,37400.56,38602.297
42154.25,43020.5,37782.21,39090.727
41730.72,42978.855,38053.0,39846.78
42157.41,42950.594,38626.38,40853.5
41796.63,42925.066,40431.98,42106.992
41766.68,42863.93,40972.91,43487.727
41776.73,42829.41,41917.2,45138.203
42759.33,42805.062,43405.12,47133.94
43544.65,42907.293,46763.34,49576.39
43951.61,43108.57,48587.45,51905.574
44627.36,43379.797,50130.77,54076.137
45617.53,43660.523,51440.23,55910.188
46474.56,44028.355,53002.35,57476.18
47532.3,44434.816,54046.89,58688.766
48620.23,44846.6,55395.85,59726.61
49861.28,46273.305,56558.37,60617.895
50611.48,46680.047,57698.69,61742.906
51381.48,47127.52,58123.85,62172.645
52035.99,47554.76,58786.19,62510.33
52784.08,48105.44,59590.33,62746.02
53629.57,48425.11,59789.98,63049.89
54578.87,48712.29,60372.18,63210.395
54953.45,49012.53,60872.07,63375.75
54700.9,49376.18,61306.06,63560.953
55172.64,49611.46,61724.22,63926.8
55624.92,49860.1,62053.53,64189.977
55765.99,50108.4,62652.15,64497.406
55547.42,50509.598,62513.92,64806.51
55638.45,51019.844,63263.14,65218.402
55710.17,51558.547,64279.89,65469.71
55615.61,51996.992,64103.45,65680.94
55812.68,52343.844,64243.01,65834.32
56130.64,52566.246,63684.56,65997.53
55967.99,52918.137,63034.03,66001.33
55270.86,53296.93,62562.46,65933.445
54660.62,53566.04,62260.91,65803.8
54101.14,53617.562,62593.86,65607.95
54137.57,53723.695,62688.27,65336.254
53854.97,53801.41,62458.43,65070.348
53154.46,54042.758,62301.91,64837.926
52870.17,54054.88,61889.27,64533.44
52455.51,54019.85,62213.62,64257.81
52197.7,54051.453,62044.82,64038.8
52320.19,54241.668,61767.43,63824.81
52008.03,54139.27,61818.48,63400.867
51621.69,54054.816,61247.85,63092.04
51923.11,54022.34,60907.54,62833.316
52425.15,54020.35,60342.12,62607.332
52155.15,53782.492,59798.95,62126.605
51765.98,53606.23,59490.05,61904.64
52121.74,53373.574,58815.48,61730.297
52354.27,53242.18,58885.47,61612.875
52437.99,53085.383,58948.19,61168.516
52355.3,52901.133,59027.2,61099.42
52073.54,52717.51,59253.42,61093.46
52347.6,52577.99,59121.25,61136.156
51902.41,52556.797,59040.1,60810.055
52121.79,52422.734,58824.08,60885.29
52386.22,52282.492,58780.34,60968.38
52281.91,52041.094,58448.53,61024.67
51832.6,51902.2,58306.15,60531.434
51241.18,51716.09,57763.79,60459.113
50681.57,51523.113,57686.09,60306.754
50009.21,51169.633,57326.37,60106.223
49232.06,50851.61,56124.94,59225.402
48630.07,50523.117,55331.9,58873.58
48126.85,50143.395,54845.05,58518.996
47834.47,49581.832,54574.63,58203.215
47654.54,49226.734,54316.49,57497.555
47419.12,48923.234,54092.95,57088.117
47543.2,48597.22,53702.21,56592.695
47747.17,48099.676,52842.32,56014.945
47732.26,47843.64,51994.58,54918.066
46721.99,47608.62,51041.42,54013.598
46223.97,47357.05,49768.59,53050.62
44989.95,46168.64,48802.09,52095.8
44567.46,45857.89,47617.72,50619.094
43862.27,45667.453,46818.72,49627.375
43136.6,45505.637,46157.33,48494.76
42112.64,45342.832,45481.75,47442.785
41518.72,45167.18,44818.25,46198.293
40867.68,44991.387,44357.19,45378.055
40532.97,44810.22,44022.06,44688.78
39900.89,44705.668,43736.84,44101.4
39346.15,44546.758,42762.9,43320.36
38687.76,44406.57,42452.08,42822.676
38238.02,44252.707,42214.59,42362.61
37763.0,42390.742,41935.95,41929.543
37583.15,41877.734,41350.95,41245.758
37530.51,41525.03,41462.74,41140.33
37413.41,41260.348,41293.2,41060.742
37136.56,41113.543,41452.27,41096.94
36833.1,40934.195,41475.25,41184.74
36759.82,40778.37,41551.59,41319.367
36736.44,40637.72,41391.99,41473.793
36661.6,40569.965,41488.62,41654.594
36542.34,40444.65,42184.41,41926.688
37050.71,40332.906,42522.41,42307.883
36805.7,40241.207,42802.59,42917.69
36609.58,40222.504,43136.32,43715.29
36178.31,40153.59,44359.3,44762.22
36214.51,40073.734,45192.85,45922.332
36229.74,40002.27,45897.6,47457.37
36868.04,39973.97,47002.86,49493.492
37342.84,39974.656,50203.55,51965.47
37787.1,40010.203,51947.71,54103.15
38253.2,40048.984,53199.98,55899.64
38401.79,40140.31,54367.07,57379.2
38943.62,40241.086,56179.56,58711.273
39776.02,40344.67,57301.57,59770.35
40570.55,40470.906,58122.04,60647.188
41159.95,42184.01,59455.52,61323.54
41857.77,42419.453,60410.01,62056.2
42509.27,42656.473,60864.68,62261.54
42905.18,42892.06,61433.7,62396.098
44308.86,43428.043,62026.14,62482.39
44861.01,43846.816,61435.68,62719.46
45532.48,44256.363,61468.03,62855.18
46364.76,44688.844,61779.49,63067.33
46919.89,45431.305,62304.17,63320.98
47595.71,45799.76,61831.84,63750.46
48101.63,46218.008,62359.09,64061.805
48528.77,46698.723,63113.62,64374.14
48757.87,47327.664,64090.73,64721.938
49143.84,47766.67,64359.72,65171.37
49642.48,48188.16,64561.81,65410.63
49478.8,48540.64,65580.64,65619.586
50053.07,49029.484,65852.83,65744.46
49942.54,49414.145,65150.66,65904.19
49743.25,49682.676,64862.96,65916.8
49546.79,49811.754,64695.37,65876.42
48916.36,50027.992,64885.37,65784.3
47824.19,50183.3,64652.85,65647.33
47354.3,50296.254,64051.88,65490.83
47468.47,50431.508,63702.9,65350.707
47423.89,50499.47,63337.57,65230.18
47483.37,50085.094,63051.9,64443.508
47282.68,50161.234,62501.42,64251.266
46865.05,50147.523,62246.4,64127.453
46532.61,50055.094,61458.34,63986.93
46615.55,50089.29,61163.04,63518.188
46421.99,50167.5,60838.11,63288.473
46337.43,49562.39,60609.91,62311.75
46709.69,49611.086,60223.45,61278.656
46798.91,49526.94,59849.37,60557.38
46665.17,49934.676,59608.61,61597.78
46923.76,49856.977,59758.05,61301.133
47615.07,49587.71,60126.98,61076.906
47697.93,49553.29,60601.36,60450.195
47585.31,49543.53,60794.81,60301.336
47979.92,49479.312,60541.17,60235.527
48368.56,49010.312,60505.29,60239.023
47997.0,48906.406,59945.39,59832.332
47908.97,48876.758,59367.77,59919.24
48311.08,48831.152,59445.84,60032.934
48703.37,48588.67,59223.86,60115.58
48612.88,48572.91,58786.91,59601.3
48476.07,48459.0,57885.27,59555.434
47911.6,48272.336,57602.11,59426.68
48144.56,47777.258,57018.9,59219.31
47963.37,47442.81,56337.39,58378.406
47416.53,47099.367,55596.34,58045.043
46851.99,46745.062,55253.71,57728.094
46546.09,46247.613,55031.1,57453.61
46539.01,45962.836,54919.21,56846.45
46732.71,45752.74,55107.58,56417.254
47397.84,45618.086,54633.78,55853.3
47717.4,45413.54,53503.63,55184.29
47450.89,45407.688,52286.92,53951.87
46665.39,45378.016,51155.21,52917.6
46052.31,45296.902,50142.87,51848.73
45112.33,44374.586,49303.76,50806.516
44510.9,44145.332,47864.86,49297.926
43888.61,43936.348,46919.02,48261.934
43610.67,43711.438,46508.75,47145.547
43031.1,43502.797,46041.57,46148.05
42236.28,43286.25,44911.41,44929.535
42150.88,43057.613,44288.87,44217.58
42001.79,42875.555,43643.14,43640.426
41406.01,42777.36,43467.18,43161.95
41309.94,42670.973,42815.18,42206.816
41032.26,42388.047,42275.97,42554.96
40747.63,42269.945,41997.02,42219.99
39960.81,42660.1,41838.94,41919.1
39864.38,42794.51,41569.44,41787.03
39802.27,42710.66,41443.56,41760.03
39793.99,42405.875,41918.6,41725.33
39789.15,42327.383,42000.2,41759.582
39923.19,42303.41,41846.3,41848.72
40060.96,42372.047,41645.75,41957.41
40238.27,42495.473,41853.25,42223.438
40758.78,42839.63,42072.23,42399.312
41160.37,43109.137,42684.15,42670.742
41802.05,43482.977,42803.1,43020.86
42105.33,43979.82,43173.95,43519.184
43714.07,44718.117,43924.13,44158.54
44036.76,45543.42,45043.05,45022.24
45151.26,46456.723,45451.94,46005.848
47068.25,47416.613,45895.27,47388.906
50459.6,48637.863,47207.08,49421.05
52850.96,49773.867,50281.05,52098.57
54547.83,50799.367,52061.59,54476.03
56216.19,51732.42,53339.59,56471.73
58184.32,53767.082,54391.49,58121.145
59284.62,54692.24,56012.73,59642.246
60193.32,55465.652,57608.38,60808.82
60825.42,56043.605,58583.76,61786.387
61424.75,59717.08,59085.81,62569.684
62078.78,60105.203,59839.55,63718.75
62552.7,60417.18,60326.3,63979.727
63224.26,60634.766,60567.09,64170.62
63032.08,61139.535,60794.6,64301.88
63581.76,61318.42,60925.21,64520.2
64328.99,61458.11,61037.71,64670.742
65159.2,61579.453,61685.81,64874.273
65853.15,62114.176,62843.18,65142.24
66306.25,62285.39,63326.48,65555.38
66586.73,62427.773,63944.18,65858.664
66997.63,62432.594,64529.6,66096.195
67048.01,62751.973,65021.18,66286.19
67404.11,62907.83,65387.39,66605.2
67626.22,62963.24,66045.0,66792.805
67685.2,63024.645,66061.24,66946.53
67470.77,63436.29,65623.17,67060.86
67398.82,63474.22,64690.24,67107.85
67343.51,63501.574,63788.67,67067.69
67540.07,63444.023,63277.13,66976.266
67319.97,63713.215,63189.74,66833.7
67150.02,63709.625,63131.59,66561.81
67021.33,63724.72,63373.11,66339.07
